account_id,customer_id,branch_id,account_type,account_status,opened_date,current_balance
500001,100717,B014,SALARY,ACTIVE,2021-06-10,42917.94
500002,109178,B007,SAVINGS,ACTIVE,2023-09-18,45632.54
500003,107491,B012,SAVINGS,ACTIVE,2024-10-22,206543.27
500004,109020,B004,SALARY,ACTIVE,2024-11-17,34356.15
500005,107041,B010,SAVINGS,ACTIVE,2021-11-09,23534.57
500006,109586,B011,SAVINGS,CLOSED,2021-02-01,114215.83
500007,109006,B003,SALARY,ACTIVE,2020-01-04,27969.24
500008,101802,B010,SALARY,ACTIVE,2025-12-12,22106.83
500009,105152,B016,SAVINGS,ACTIVE,2024-02-09,66521.96
500010,100189,B007,SAVINGS,ACTIVE,2021-12-16,10814.86
500011,100139,B002,SAVINGS,ACTIVE,2025-12-18,4461.77
500012,107428,B006,SAVINGS,ACTIVE,2019-01-16,71268.76
500013,104767,B016,SAVINGS,ACTIVE,2020-10-29,217243.74
500014,102708,B020,SALARY,ACTIVE,2024-03-27,247634.5
500015,104566,B018,SAVINGS,ACTIVE,2025-11-12,13314.71
500016,106288,B008,SALARY,ACTIVE,2025-05-26,23306.91
500017,108200,B011,CURRENT,ACTIVE,2020-07-10,3489.44
500018,105338,B012,SALARY,ACTIVE,2023-11-21,21920.98
500019,104964,B014,SAVINGS,ACTIVE,2020-06-23,766489.88
500020,105784,B002,SAVINGS,BLOCKED,2023-10-19,14855.04
500021,101410,B010,SALARY,ACTIVE,2021-04-07,240789.59
500022,104961,B010,SAVINGS,ACTIVE,2023-01-08,5924.74
500023,103013,B005,SAVINGS,ACTIVE,2024-04-16,34847.39
500024,100103,B011,SAVINGS,ACTIVE,2022-08-08,32150.5
500025,106902,B002,SAVINGS,BLOCKED,2023-06-26,83981.54
500026,102673,B008,SALARY,ACTIVE,2019-05-28,17165.49
500027,106517,B014,CURRENT,ACTIVE,2025-04-23,3383.53
500028,109222,B001,SAVINGS,ACTIVE,2022-08-06,148723.46
500029,100126,B003,SAVINGS,ACTIVE,2024-02-25,9647.57
500030,104228,B011,CURRENT,ACTIVE,2025-05-02,8905.33
500031,102874,B011,SAVINGS,ACTIVE,2023-08-05,13926.64
500032,103169,B001,SAVINGS,ACTIVE,2020-03-09,7236.89
500033,109760,B005,SAVINGS,ACTIVE,2019-11-09,9190.31
500034,100239,B005,SAVINGS,ACTIVE,2019-07-19,24433.96
500035,105663,B001,SALARY,ACTIVE,2024-03-27,76593.6
500036,103712,B019,SALARY,ACTIVE,2021-02-17,20420.89
500037,100916,B017,SALARY,ACTIVE,2019-12-06,6736.54
500038,102223,B007,SAVINGS,CLOSED,2024-05-08,5180.46
500039,101644,B009,SALARY,ACTIVE,2019-06-18,86091.86
500040,105209,B009,CURRENT,ACTIVE,2025-12-10,9438.36
500041,102064,B001,SALARY,ACTIVE,2026-02-18,47413.18
500042,106925,B011,SALARY,ACTIVE,2020-09-19,17875.99
500043,101758,B006,SAVINGS,ACTIVE,2020-10-23,45370.17
500044,100614,B018,SAVINGS,ACTIVE,2019-12-10,57805.57
500045,107229,B012,SAVINGS,ACTIVE,2019-01-12,40368.81
500046,107120,B006,SALARY,ACTIVE,2025-11-09,15001.73
500047,102361,B013,SAVINGS,ACTIVE,2025-01-14,27704.98
500048,100226,B020,SAVINGS,ACTIVE,2025-08-08,17179.08
500049,104098,B018,SAVINGS,ACTIVE,2020-08-05,93509.65
500050,106837,B015,SAVINGS,ACTIVE,2023-01-25,48176.48
500051,100615,B011,SAVINGS,ACTIVE,2019-02-09,4519.29
500052,101547,B003,SAVINGS,ACTIVE,2023-09-16,71000.07
500053,105890,B007,SALARY,ACTIVE,2026-03-08,40660.47
500054,103482,B016,SAVINGS,ACTIVE,2023-01-09,2344.9
500055,108901,B006,SAVINGS,ACTIVE,2020-06-02,12005.5
500056,101229,B015,SAVINGS,ACTIVE,2019-07-13,91245.02
500057,107406,B016,SAVINGS,ACTIVE,2020-10-13,35167.29
500058,105544,B013,SAVINGS,ACTIVE,2024-02-07,112764.49
500059,102736,B008,SAVINGS,ACTIVE,2019-10-01,50581.64
500060,107918,B008,CURRENT,ACTIVE,2024-01-10,38858.16
500061,102397,B016,SAVINGS,ACTIVE,2020-01-20,50728.16
500062,105604,B016,CURRENT,CLOSED,2025-09-03,17692.68
500063,104509,B002,SAVINGS,ACTIVE,2023-11-23,85100.88
500064,109033,B018,SALARY,ACTIVE,2023-01-19,31019.17
500065,101083,B013,SAVINGS,ACTIVE,2020-08-11,34889.79
500066,100321,B002,SAVINGS,ACTIVE,2024-11-21,121090.54
500067,106411,B003,SAVINGS,ACTIVE,2023-01-24,73134.88
500068,103573,B008,SAVINGS,ACTIVE,2025-07-19,45117.63
500069,109892,B017,SAVINGS,ACTIVE,2021-04-05,13234.99
500070,103798,B011,SAVINGS,ACTIVE,2019-04-27,16945.09
500071,104670,B012,SAVINGS,ACTIVE,2020-12-05,27288.19
500072,103192,B020,SAVINGS,ACTIVE,2020-06-25,4059.04
500073,105444,B001,SAVINGS,ACTIVE,2025-08-15,56599.61
500074,104210,B010,SAVINGS,ACTIVE,2021-08-28,17888.16
500075,100514,B003,CURRENT,ACTIVE,2019-06-09,39077.16
500076,105716,B007,SAVINGS,ACTIVE,2023-02-10,13562.85
500077,104665,B002,SALARY,ACTIVE,2025-02-16,147647.66
500078,101940,B002,SAVINGS,ACTIVE,2022-09-11,6148.31
500079,104494,B019,SAVINGS,ACTIVE,2025-08-13,1679.95
500080,102006,B013,SAVINGS,ACTIVE,2024-05-18,82872.87
500081,100730,B019,SAVINGS,ACTIVE,2022-05-30,4864.95
500082,101418,B017,SAVINGS,ACTIVE,2021-03-30,9097.55
500083,107874,B008,SAVINGS,ACTIVE,2022-01-20,2947.11
500084,102975,B020,SAVINGS,ACTIVE,2024-06-27,90351.58
500085,104786,B002,SAVINGS,ACTIVE,2021-12-24,64485.18
500086,106451,B013,SALARY,ACTIVE,2025-07-11,73348.95
500087,106116,B001,SAVINGS,ACTIVE,2024-05-31,104144.17
500088,105147,B013,SAVINGS,ACTIVE,2025-12-12,64692.71
500089,103037,B014,SAVINGS,ACTIVE,2019-03-02,18029.38
500090,102873,B012,SAVINGS,ACTIVE,2020-08-25,32926.42
500091,104418,B007,SAVINGS,ACTIVE,2023-11-19,65168.31
500092,109599,B016,SAVINGS,ACTIVE,2024-06-14,41804.33
500093,103855,B014,SAVINGS,ACTIVE,2023-01-22,12128.27
500094,106336,B011,CURRENT,ACTIVE,2024-01-08,28406.45
500095,103200,B009,SAVINGS,ACTIVE,2024-09-01,31436.64
500096,102696,B006,SAVINGS,ACTIVE,2025-12-06,75355.92
500097,106398,B009,SAVINGS,CLOSED,2026-05-17,35434.39
500098,100460,B008,SAVINGS,ACTIVE,2023-09-24,36095.24
500099,103034,B014,SAVINGS,ACTIVE,2019-05-20,11704.05
500100,102354,B015,SALARY,ACTIVE,2022-11-10,42880.71
500101,101292,B018,SAVINGS,ACTIVE,2019-07-03,17598.92
500102,104881,B017,SAVINGS,BLOCKED,2022-02-15,49900.46
500103,101966,B010,SAVINGS,ACTIVE,2022-12-20,22936.97
500104,102062,B013,SAVINGS,CLOSED,2025-01-01,11064.51
500105,106240,B020,CURRENT,ACTIVE,2024-01-04,20971.85
500106,103235,B015,SAVINGS,ACTIVE,2020-07-08,14772.18
500107,107040,B004,SAVINGS,ACTIVE,2025-02-17,17070.43
500108,109884,B001,SALARY,CLOSED,2024-08-26,24242.03
500109,104441,B013,SAVINGS,ACTIVE,2022-08-13,25762.94
500110,109357,B020,SAVINGS,ACTIVE,2024-03-05,5046.82
500111,102860,B016,SAVINGS,ACTIVE,2025-05-10,106421.04
500112,105097,B004,SAVINGS,ACTIVE,2025-04-16,15529.26
500113,104847,B001,SALARY,CLOSED,2024-11-01,155821.03
500114,108379,B006,SAVINGS,ACTIVE,2020-03-13,46374.9
500115,102999,B015,SALARY,ACTIVE,2022-04-01,7754.69
500116,102804,B006,SAVINGS,ACTIVE,2022-04-03,10169.91
500117,104860,B008,CURRENT,ACTIVE,2023-01-22,38347.22
500118,107459,B006,SAVINGS,ACTIVE,2024-11-18,9158.67
500119,109188,B015,SAVINGS,ACTIVE,2021-12-24,88690.38
500120,108956,B004,SAVINGS,ACTIVE,2021-08-20,50437.26
500121,100304,B008,SAVINGS,ACTIVE,2022-04-27,326321.21
500122,108332,B001,SAVINGS,ACTIVE,2021-08-03,45985.77
500123,102713,B005,SAVINGS,CLOSED,2020-03-26,9664.06
500124,106329,B019,SALARY,ACTIVE,2022-07-14,60255.91
500125,107534,B003,SAVINGS,ACTIVE,2022-10-05,29968.77
500126,108280,B009,SAVINGS,ACTIVE,2024-08-10,27942.59
500127,102561,B006,SAVINGS,ACTIVE,2023-09-06,46670.62
500128,100071,B003,SAVINGS,ACTIVE,2022-07-01,10616.43
500129,108813,B005,SAVINGS,ACTIVE,2024-08-16,46866.42
500130,103856,B009,CURRENT,ACTIVE,2019-08-20,52372.49
500131,107518,B001,SAVINGS,ACTIVE,2024-10-15,38606.35
500132,107688,B012,SAVINGS,ACTIVE,2022-02-05,3208.36
500133,106446,B009,SAVINGS,ACTIVE,2024-09-18,30073.43
500134,104068,B016,SAVINGS,ACTIVE,2022-10-10,5659.19
500135,101073,B013,SAVINGS,ACTIVE,2020-03-25,6443.36
500136,101869,B011,SAVINGS,ACTIVE,2022-03-11,7847.21
500137,106335,B009,SAVINGS,ACTIVE,2019-08-27,21270.65
500138,107742,B014,SALARY,ACTIVE,2024-03-30,19775.11
500139,104958,B014,SAVINGS,ACTIVE,2020-07-18,145680.36
500140,106105,B004,SAVINGS,ACTIVE,2019-01-20,70480.77
500141,104430,B008,SALARY,ACTIVE,2019-06-29,104599.48
500142,105242,B018,SAVINGS,ACTIVE,2022-02-11,70935.16
500143,109303,B013,SAVINGS,ACTIVE,2022-06-30,7314.71
500144,103389,B018,SAVINGS,ACTIVE,2023-01-27,12141.42
500145,108938,B003,SAVINGS,ACTIVE,2025-11-09,1465.29
500146,100975,B002,SAVINGS,ACTIVE,2024-10-29,26622.81
500147,100225,B015,SAVINGS,ACTIVE,2025-01-30,137322.05
500148,108637,B008,SALARY,CLOSED,2022-02-16,28719.66
500149,105233,B009,SAVINGS,ACTIVE,2026-03-11,7761.05
500150,102007,B017,SAVINGS,ACTIVE,2026-04-07,10950.63
500151,100334,B004,SAVINGS,CLOSED,2023-10-14,45509.61
500152,106345,B006,SAVINGS,ACTIVE,2023-12-23,15806.94
500153,104206,B006,SAVINGS,ACTIVE,2021-09-29,76947.05
500154,102938,B002,SAVINGS,CLOSED,2022-06-02,66135.93
500155,109900,B019,SAVINGS,ACTIVE,2019-07-14,20511.81
500156,102300,B002,CURRENT,ACTIVE,2021-11-01,7833.99
500157,108769,B016,SAVINGS,ACTIVE,2020-07-22,50057.62
500158,104469,B004,SAVINGS,CLOSED,2022-09-29,12974.35
500159,101972,B007,SAVINGS,ACTIVE,2020-05-04,47123.67
500160,107324,B005,CURRENT,ACTIVE,2024-11-21,53287.99
500161,108431,B002,SAVINGS,ACTIVE,2022-07-06,15067.21
500162,102306,B015,SAVINGS,ACTIVE,2026-04-06,156077.19
500163,105750,B003,SAVINGS,ACTIVE,2024-05-17,20121.69
500164,100928,B001,SAVINGS,ACTIVE,2019-10-02,78344.34
500165,106532,B008,SAVINGS,ACTIVE,2019-04-20,65409.13
500166,104851,B012,SAVINGS,ACTIVE,2021-08-15,19645.56
500167,108411,B004,SALARY,ACTIVE,2020-06-03,7426.12
500168,105481,B019,SALARY,ACTIVE,2023-03-23,27901.81
500169,102468,B006,SAVINGS,ACTIVE,2022-08-15,64949.32
500170,106567,B019,SAVINGS,ACTIVE,2022-09-27,21812.85
500171,103785,B005,CURRENT,ACTIVE,2020-05-27,18394.58
500172,104510,B013,SAVINGS,ACTIVE,2021-04-01,44747.55
500173,106073,B003,CURRENT,ACTIVE,2021-03-22,36345.24
500174,103873,B008,SAVINGS,ACTIVE,2021-01-22,11714.42
500175,102239,B017,SAVINGS,ACTIVE,2024-09-05,5531.95
500176,101527,B007,SAVINGS,ACTIVE,2022-11-04,52089.1
500177,109621,B006,SAVINGS,ACTIVE,2024-09-01,11692.72
500178,103003,B011,SAVINGS,ACTIVE,2025-01-05,15884.72
500179,108259,B007,SAVINGS,ACTIVE,2021-07-18,87304.53
500180,102485,B017,SALARY,ACTIVE,2024-08-23,493129.09
500181,107186,B006,CURRENT,ACTIVE,2019-04-05,259379.3
500182,101325,B005,SAVINGS,ACTIVE,2022-01-04,27661.17
500183,102490,B008,SAVINGS,ACTIVE,2021-04-24,139251.51
500184,109549,B004,SAVINGS,ACTIVE,2021-05-24,5786.79
500185,109119,B012,SALARY,ACTIVE,2020-04-05,20369.05
500186,101835,B004,SAVINGS,ACTIVE,2021-06-20,17063.84
500187,104998,B006,SAVINGS,ACTIVE,2021-03-21,14098.46
500188,105721,B010,SAVINGS,ACTIVE,2023-06-01,33657.73
500189,108631,B006,SALARY,ACTIVE,2019-09-04,41357.09
500190,104030,B007,SALARY,ACTIVE,2020-11-16,18164.59
500191,108840,B005,SALARY,ACTIVE,2022-10-14,32687.0
500192,105480,B019,SAVINGS,ACTIVE,2020-08-04,9778.53
500193,102973,B011,SALARY,ACTIVE,2023-09-01,1255.09
500194,105849,B009,SAVINGS,ACTIVE,2019-12-09,31082.8
500195,100835,B005,CURRENT,ACTIVE,2023-11-28,43076.58
500196,105202,B014,SAVINGS,ACTIVE,2023-04-04,74830.81
500197,100789,B011,SAVINGS,ACTIVE,2019-03-04,6561.21
500198,103299,B017,CURRENT,ACTIVE,2023-09-18,5661.36
500199,107076,B001,SAVINGS,ACTIVE,2025-05-30,2689.66
500200,103407,B017,SAVINGS,ACTIVE,2024-07-10,40265.27
500201,109911,B016,SAVINGS,ACTIVE,2019-04-18,11824.65
500202,101705,B004,SALARY,ACTIVE,2019-11-22,13054.88
500203,108942,B011,SAVINGS,ACTIVE,2022-08-11,51621.7
500204,104133,B015,SAVINGS,ACTIVE,2019-04-21,129775.58
500205,106510,B013,SAVINGS,ACTIVE,2023-04-12,15215.75
500206,103621,B013,SAVINGS,ACTIVE,2023-11-04,69124.49
500207,104972,B003,SAVINGS,ACTIVE,2020-03-01,46195.43
500208,109925,B010,SALARY,ACTIVE,2025-03-01,142769.76
500209,101925,B018,SAVINGS,ACTIVE,2026-05-05,40486.93
500210,100934,B017,SAVINGS,ACTIVE,2022-09-19,12807.3
500211,105516,B003,SAVINGS,ACTIVE,2024-08-26,13276.39
500212,105778,B008,SAVINGS,CLOSED,2022-01-22,140900.61
500213,108794,B018,CURRENT,ACTIVE,2020-01-09,229577.79
500214,109896,B002,SAVINGS,ACTIVE,2019-11-22,9973.6
500215,105872,B012,SAVINGS,ACTIVE,2022-09-09,3638.08
500216,109278,B001,SAVINGS,ACTIVE,2020-05-27,42159.6
500217,100949,B019,CURRENT,ACTIVE,2024-09-06,7066.01
500218,106937,B013,SAVINGS,ACTIVE,2024-10-18,6704.94
500219,105293,B017,SALARY,ACTIVE,2023-08-04,10821.49
500220,103970,B010,SALARY,ACTIVE,2021-01-31,14236.37
500221,108513,B001,SAVINGS,ACTIVE,2021-01-14,4422.53
500222,107272,B016,CURRENT,BLOCKED,2024-10-20,62954.57
500223,100697,B020,SAVINGS,ACTIVE,2022-06-27,20617.89
500224,109365,B018,CURRENT,ACTIVE,2021-12-14,44342.25
500225,104965,B004,SAVINGS,ACTIVE,2020-01-19,12765.88
500226,105423,B013,SAVINGS,ACTIVE,2025-11-08,30965.31
500227,101779,B003,SAVINGS,ACTIVE,2019-09-02,23529.11
500228,103432,B012,SAVINGS,ACTIVE,2022-10-19,46953.68
500229,107129,B008,SAVINGS,ACTIVE,2020-06-15,7714.84
500230,100133,B004,SAVINGS,ACTIVE,2020-08-10,70923.65
500231,103918,B012,CURRENT,ACTIVE,2025-10-06,25238.25
500232,105062,B012,SAVINGS,ACTIVE,2019-07-05,11977.96
500233,109147,B011,SAVINGS,ACTIVE,2023-11-23,33053.87
500234,100931,B011,CURRENT,ACTIVE,2023-10-07,92205.58
500235,108836,B007,SAVINGS,ACTIVE,2020-08-26,61032.52
500236,103186,B013,SAVINGS,ACTIVE,2022-03-01,71957.38
500237,102611,B001,SAVINGS,ACTIVE,2022-01-02,28630.02
500238,106227,B010,SAVINGS,ACTIVE,2024-02-09,10299.74
500239,104336,B011,SALARY,ACTIVE,2019-09-06,22026.64
500240,102778,B012,CURRENT,ACTIVE,2023-05-29,28150.49
500241,102153,B019,SAVINGS,BLOCKED,2020-08-26,85410.73
500242,102239,B016,CURRENT,ACTIVE,2022-02-20,11023.81
500243,102284,B016,SAVINGS,ACTIVE,2023-08-27,90228.19
500244,105888,B018,SAVINGS,ACTIVE,2021-11-28,79540.58
500245,104587,B019,SAVINGS,ACTIVE,2021-04-16,114379.48
500246,100733,B011,SAVINGS,ACTIVE,2019-07-30,63523.94
500247,102372,B010,SALARY,ACTIVE,2023-05-09,26055.35
500248,109285,B018,SAVINGS,ACTIVE,2019-07-15,14442.3
500249,108159,B017,SAVINGS,ACTIVE,2020-02-21,125470.2
500250,109834,B012,SAVINGS,ACTIVE,2021-05-14,48120.5
500251,106929,B016,SAVINGS,ACTIVE,2023-11-11,5076.01
500252,109892,B008,SALARY,CLOSED,2026-04-24,104165.36
500253,106863,B005,SALARY,ACTIVE,2019-01-16,27985.95
500254,100067,B008,CURRENT,ACTIVE,2023-05-14,39489.31
500255,105552,B014,SAVINGS,ACTIVE,2021-05-02,214269.3
500256,100024,B016,SAVINGS,ACTIVE,2024-11-18,22268.51
500257,101376,B010,SAVINGS,ACTIVE,2022-06-27,3197.19
500258,101032,B010,SAVINGS,ACTIVE,2022-12-29,34555.63
500259,100496,B017,SAVINGS,ACTIVE,2019-05-21,15146.64
500260,109173,B016,SAVINGS,ACTIVE,2021-02-10,19907.99
500261,101623,B010,SAVINGS,ACTIVE,2024-11-23,12138.04
500262,108694,B012,SALARY,ACTIVE,2022-12-11,4470.78
500263,103128,B013,SAVINGS,ACTIVE,2021-12-21,55928.23
500264,100178,B001,SAVINGS,ACTIVE,2019-05-31,142033.54
500265,103358,B010,SAVINGS,ACTIVE,2021-10-27,46012.54
500266,100717,B010,SAVINGS,ACTIVE,2019-03-26,10965.93
500267,103129,B020,SAVINGS,ACTIVE,2021-11-22,25429.82
500268,103035,B010,SALARY,ACTIVE,2023-06-05,463946.6
500269,100505,B001,SAVINGS,ACTIVE,2022-01-21,57316.81
500270,102794,B015,SAVINGS,ACTIVE,2020-12-04,28993.7
500271,101147,B017,CURRENT,ACTIVE,2024-07-20,7143.94
500272,100016,B016,SAVINGS,ACTIVE,2025-09-26,30668.62
500273,106234,B015,SAVINGS,ACTIVE,2025-10-13,17182.17
500274,100815,B003,SAVINGS,ACTIVE,2020-01-14,61968.57
500275,106925,B011,SALARY,ACTIVE,2023-02-20,24883.87
500276,106782,B013,SAVINGS,ACTIVE,2022-06-18,111207.68
500277,108445,B018,SALARY,ACTIVE,2023-06-04,125883.65
500278,105912,B014,SAVINGS,ACTIVE,2025-06-28,4055.81
500279,104260,B012,SAVINGS,ACTIVE,2019-02-23,44139.87
500280,103539,B017,SAVINGS,ACTIVE,2021-05-18,140763.32
500281,102363,B007,SAVINGS,ACTIVE,2020-01-08,86986.47
500282,102450,B010,SALARY,ACTIVE,2020-03-08,2244.09
500283,101989,B018,SAVINGS,CLOSED,2023-05-28,214398.62
500284,104746,B001,SAVINGS,ACTIVE,2025-05-28,5459.18
500285,106408,B016,SAVINGS,ACTIVE,2020-01-05,3754.92
500286,106386,B002,SAVINGS,ACTIVE,2019-04-17,4145.94
500287,107263,B005,SAVINGS,ACTIVE,2023-06-24,49889.28
500288,103047,B009,SALARY,ACTIVE,2025-12-15,9373.41
500289,109471,B006,SAVINGS,ACTIVE,2019-07-30,11412.38
500290,101330,B015,SAVINGS,ACTIVE,2021-06-10,14343.03
500291,107076,B009,SAVINGS,ACTIVE,2022-04-14,99454.74
500292,109173,B019,SAVINGS,ACTIVE,2019-07-12,58518.75
500293,108365,B014,SAVINGS,ACTIVE,2019-10-25,6289.82
500294,101158,B008,SAVINGS,ACTIVE,2022-06-12,11502.79
500295,106810,B002,SAVINGS,ACTIVE,2022-02-16,4709.63
500296,108386,B013,CURRENT,ACTIVE,2021-04-25,12172.11
500297,103482,B001,CURRENT,ACTIVE,2022-06-10,42641.65
500298,105628,B015,SALARY,ACTIVE,2020-01-22,19265.54
500299,104867,B002,SAVINGS,ACTIVE,2022-02-07,7528.53
500300,104695,B002,SAVINGS,ACTIVE,2020-04-27,70990.44
500301,106611,B014,SAVINGS,ACTIVE,2025-04-23,28022.73
500302,102557,B011,SAVINGS,ACTIVE,2023-02-18,9395.46
500303,103126,B019,SAVINGS,ACTIVE,2022-02-18,141371.81
500304,107000,B002,SALARY,ACTIVE,2024-01-12,38595.41
500305,101018,B007,SAVINGS,ACTIVE,2020-05-08,25131.72
500306,104909,B010,CURRENT,ACTIVE,2026-04-10,42700.55
500307,107485,B019,SAVINGS,ACTIVE,2022-06-11,5381.66
500308,101030,B018,CURRENT,ACTIVE,2025-04-03,5170.32
500309,102557,B020,SAVINGS,ACTIVE,2024-03-11,11623.86
500310,108212,B016,SAVINGS,ACTIVE,2024-07-29,69451.41
500311,105092,B009,CURRENT,ACTIVE,2022-10-31,13315.05
500312,106851,B014,SAVINGS,ACTIVE,2020-01-27,17438.63
500313,108473,B014,SALARY,ACTIVE,2024-01-22,239549.25
500314,107700,B019,SAVINGS,ACTIVE,2019-05-30,4484.39
500315,103541,B001,SAVINGS,ACTIVE,2022-10-22,71213.98
500316,102281,B007,SAVINGS,ACTIVE,2023-01-27,7383.5
500317,106584,B007,SAVINGS,ACTIVE,2023-09-02,75554.03
500318,103216,B010,SAVINGS,ACTIVE,2023-01-01,11660.81
500319,102780,B015,CURRENT,BLOCKED,2020-01-27,22828.02
500320,103285,B006,SAVINGS,ACTIVE,2024-11-03,9897.15
500321,104860,B007,SALARY,ACTIVE,2021-11-10,5775.41
500322,101609,B007,SAVINGS,ACTIVE,2024-09-13,7873.6
500323,102321,B011,SAVINGS,ACTIVE,2020-03-08,22319.02
500324,108822,B014,SAVINGS,ACTIVE,2024-02-25,14790.2
500325,108940,B007,SALARY,ACTIVE,2024-09-15,7172.95
500326,103660,B014,SALARY,ACTIVE,2020-04-03,41462.73
500327,100658,B014,SALARY,ACTIVE,2019-08-20,3193.7
500328,103076,B003,SALARY,ACTIVE,2020-03-29,31263.19
500329,104206,B001,SAVINGS,ACTIVE,2019-06-09,14888.41
500330,104752,B018,SALARY,ACTIVE,2023-01-23,47796.65
500331,103795,B016,CURRENT,ACTIVE,2023-08-10,124299.58
500332,109563,B006,SAVINGS,ACTIVE,2019-12-19,13686.31
500333,107967,B009,SAVINGS,ACTIVE,2025-03-14,17984.79
500334,103657,B005,SAVINGS,ACTIVE,2024-09-08,48622.49
500335,109857,B001,SAVINGS,ACTIVE,2019-11-01,28047.42
500336,109300,B008,SAVINGS,ACTIVE,2026-04-10,61167.7
500337,103345,B005,CURRENT,ACTIVE,2021-01-12,10936.8
500338,109326,B008,SAVINGS,ACTIVE,2019-07-27,48259.37
500339,109296,B020,SAVINGS,ACTIVE,2024-04-10,31239.21
500340,103206,B014,SALARY,ACTIVE,2019-08-05,38178.72
500341,103033,B011,SALARY,ACTIVE,2019-12-26,16033.11
500342,105937,B014,SAVINGS,ACTIVE,2025-11-11,18185.17
500343,108179,B010,SAVINGS,ACTIVE,2022-01-13,8940.68
500344,106424,B014,SAVINGS,ACTIVE,2025-06-02,48097.29
500345,106092,B011,SAVINGS,ACTIVE,2021-08-05,27735.85
500346,102859,B011,SAVINGS,ACTIVE,2019-11-17,27773.57
500347,107095,B019,SAVINGS,ACTIVE,2019-03-10,9541.1
500348,109926,B005,SAVINGS,ACTIVE,2019-11-14,45935.55
500349,108171,B015,SAVINGS,ACTIVE,2019-09-17,7279.58
500350,105968,B005,SAVINGS,ACTIVE,2020-01-27,52592.05
500351,100818,B003,SAVINGS,ACTIVE,2022-11-14,4530.09
500352,107148,B019,SAVINGS,ACTIVE,2020-01-29,213930.52
500353,105597,B015,SAVINGS,ACTIVE,2023-06-07,576513.81
500354,106908,B004,SAVINGS,ACTIVE,2021-06-19,70995.03
500355,106769,B018,SAVINGS,ACTIVE,2023-10-30,25128.24
500356,102235,B010,SAVINGS,ACTIVE,2025-09-07,11141.99
500357,105601,B008,SAVINGS,ACTIVE,2022-11-23,9859.26
500358,105937,B017,SAVINGS,ACTIVE,2021-04-20,20329.81
500359,105152,B013,SAVINGS,ACTIVE,2021-10-31,55524.0
500360,108641,B011,CURRENT,ACTIVE,2020-06-06,25702.96
500361,106200,B010,SALARY,ACTIVE,2024-01-13,836126.11
500362,107624,B020,SAVINGS,ACTIVE,2020-10-23,17002.97
500363,106709,B008,SAVINGS,ACTIVE,2023-03-29,18211.18
500364,104578,B020,SAVINGS,ACTIVE,2024-02-16,22888.91
500365,106665,B010,SALARY,ACTIVE,2025-10-17,36315.48
500366,105430,B017,SALARY,ACTIVE,2023-02-02,12143.07
500367,105926,B002,SALARY,ACTIVE,2022-07-06,68738.74
500368,106414,B009,SALARY,ACTIVE,2024-05-20,4284.53
500369,105742,B010,SALARY,ACTIVE,2020-02-03,122594.7
500370,103715,B018,SAVINGS,ACTIVE,2021-12-19,32933.85
500371,106860,B003,SAVINGS,BLOCKED,2019-07-29,16308.69
500372,103330,B014,SAVINGS,ACTIVE,2020-08-15,108923.07
500373,105615,B019,SAVINGS,ACTIVE,2023-02-07,43442.66
500374,104498,B018,SAVINGS,ACTIVE,2023-07-03,10637.99
500375,105462,B010,SALARY,ACTIVE,2020-06-22,13852.34
500376,109987,B006,SALARY,CLOSED,2023-09-04,14236.6
500377,106102,B017,SAVINGS,ACTIVE,2026-04-26,47146.74
500378,106999,B002,SAVINGS,ACTIVE,2025-08-21,49323.87
500379,103688,B018,SAVINGS,ACTIVE,2021-12-28,17574.41
500380,101334,B012,SAVINGS,ACTIVE,2020-05-06,31401.52
500381,109568,B005,SAVINGS,CLOSED,2019-08-12,909582.6
500382,101247,B010,CURRENT,ACTIVE,2022-09-26,8401.71
500383,106401,B005,SAVINGS,ACTIVE,2024-06-04,20372.49
500384,101366,B012,SAVINGS,ACTIVE,2022-01-04,51197.21
500385,107215,B006,SALARY,ACTIVE,2020-09-21,117340.08
500386,108816,B018,SAVINGS,ACTIVE,2024-04-17,24446.96
500387,100280,B018,SAVINGS,ACTIVE,2021-11-10,3702.64
500388,101452,B017,CURRENT,ACTIVE,2023-11-22,139420.53
500389,104743,B010,CURRENT,ACTIVE,2023-02-06,99550.38
500390,104511,B002,SAVINGS,ACTIVE,2023-02-01,20878.54
500391,101281,B002,SAVINGS,ACTIVE,2022-07-29,44343.09
500392,106435,B004,SAVINGS,ACTIVE,2023-01-10,179216.96
500393,102654,B005,SALARY,ACTIVE,2020-09-23,30160.99
500394,108108,B014,CURRENT,ACTIVE,2024-01-12,41369.57
500395,102945,B004,SAVINGS,ACTIVE,2022-08-03,36627.31
500396,103228,B011,SAVINGS,ACTIVE,2023-03-31,11213.5
500397,106777,B017,SAVINGS,ACTIVE,2024-10-20,18160.81
500398,102314,B004,SAVINGS,ACTIVE,2019-10-14,93806.18
500399,102740,B008,SAVINGS,ACTIVE,2025-07-09,14040.92
500400,101034,B001,SAVINGS,ACTIVE,2021-12-12,79598.12
500401,102129,B018,SAVINGS,ACTIVE,2023-01-30,22783.53
500402,100802,B006,SAVINGS,ACTIVE,2022-08-14,18542.09
500403,101211,B009,SAVINGS,ACTIVE,2020-08-10,198662.58
500404,101516,B006,SAVINGS,ACTIVE,2019-09-17,28071.7
500405,105849,B017,SAVINGS,ACTIVE,2026-03-20,5909.78
500406,106852,B003,SALARY,ACTIVE,2022-12-07,30913.66
500407,105272,B019,SAVINGS,ACTIVE,2021-05-14,3187.62
500408,100695,B020,SALARY,ACTIVE,2019-11-19,89474.64
500409,109946,B020,SAVINGS,ACTIVE,2020-09-22,4465.12
500410,106493,B019,SAVINGS,ACTIVE,2020-03-31,11954.13
500411,108589,B001,SAVINGS,ACTIVE,2021-10-10,197039.22
500412,108587,B004,CURRENT,ACTIVE,2026-05-18,20804.91
500413,103636,B005,SAVINGS,ACTIVE,2023-12-18,63077.76
500414,105180,B014,SAVINGS,ACTIVE,2021-06-04,18712.41
500415,100751,B012,SALARY,ACTIVE,2023-05-24,46119.63
500416,109412,B016,SALARY,ACTIVE,2025-06-06,10308.47
500417,109849,B014,CURRENT,ACTIVE,2025-10-16,21160.63
500418,104648,B011,SAVINGS,ACTIVE,2025-02-05,5939.0
500419,107019,B018,SAVINGS,ACTIVE,2023-10-16,34370.07
500420,104703,B011,SAVINGS,ACTIVE,2024-04-22,66004.9
500421,102035,B010,CURRENT,ACTIVE,2025-01-15,29756.09
500422,101586,B006,SAVINGS,ACTIVE,2022-03-12,36159.3
500423,109001,B018,SAVINGS,ACTIVE,2021-04-02,8165.25
500424,106341,B015,CURRENT,ACTIVE,2025-02-18,84614.79
500425,102060,B015,SAVINGS,ACTIVE,2021-03-15,71536.21
500426,107607,B001,SAVINGS,ACTIVE,2025-02-15,55422.8
500427,109408,B001,SAVINGS,ACTIVE,2019-07-29,6875.14
500428,102015,B011,SAVINGS,ACTIVE,2020-05-18,81872.4
500429,102605,B013,SAVINGS,ACTIVE,2021-10-30,46313.31
500430,106134,B009,SAVINGS,ACTIVE,2021-01-03,18676.66
500431,101729,B016,SAVINGS,ACTIVE,2023-04-16,28868.44
500432,104153,B017,SAVINGS,ACTIVE,2022-04-21,13454.81
500433,106428,B010,SAVINGS,ACTIVE,2024-09-21,27917.43
500434,109821,B017,SAVINGS,ACTIVE,2025-07-30,44725.03
500435,109049,B006,SAVINGS,ACTIVE,2019-01-26,32130.85
500436,100746,B012,SAVINGS,ACTIVE,2020-09-17,262612.47
500437,105856,B006,SAVINGS,ACTIVE,2023-06-15,21768.46
500438,103921,B006,SALARY,ACTIVE,2022-03-05,24878.3
500439,102380,B014,SALARY,ACTIVE,2025-09-07,6445.22
500440,104130,B012,CURRENT,ACTIVE,2021-08-03,30224.55
500441,109776,B010,SAVINGS,ACTIVE,2023-02-13,17562.56
500442,104677,B012,SAVINGS,ACTIVE,2023-10-28,10905.17
500443,105962,B010,SAVINGS,ACTIVE,2022-05-27,70697.99
500444,103025,B012,CURRENT,ACTIVE,2023-05-10,74669.15
500445,109295,B014,SAVINGS,ACTIVE,2023-05-11,34256.33
500446,102830,B010,SAVINGS,CLOSED,2024-01-18,20193.03
500447,102309,B015,CURRENT,ACTIVE,2020-07-10,51135.13
500448,103526,B004,SAVINGS,ACTIVE,2020-07-18,116420.6
500449,102752,B012,CURRENT,ACTIVE,2021-07-26,93716.11
500450,101613,B012,SAVINGS,ACTIVE,2023-03-09,25378.71
500451,106968,B004,SAVINGS,ACTIVE,2024-11-17,64252.16
500452,101301,B008,SAVINGS,BLOCKED,2020-06-27,54630.87
500453,101710,B020,CURRENT,ACTIVE,2023-04-28,179616.56
500454,108924,B010,SAVINGS,ACTIVE,2022-06-02,210520.75
500455,101177,B015,CURRENT,ACTIVE,2024-04-20,19616.0
500456,105052,B016,SAVINGS,ACTIVE,2025-10-25,64234.67
500457,109302,B006,SAVINGS,ACTIVE,2023-12-24,9019.84
500458,107816,B013,SAVINGS,ACTIVE,2022-11-13,37315.13
500459,108736,B008,SAVINGS,ACTIVE,2023-02-01,36888.12
500460,103427,B018,CURRENT,ACTIVE,2021-11-06,27241.02
500461,109848,B020,SAVINGS,ACTIVE,2022-01-30,61579.09
500462,109294,B007,SAVINGS,ACTIVE,2024-01-14,28801.26
500463,103929,B007,SAVINGS,ACTIVE,2024-06-04,23381.99
500464,108121,B008,SALARY,ACTIVE,2022-07-12,7522.01
500465,100696,B015,SAVINGS,ACTIVE,2025-12-10,12296.7
500466,109617,B008,SAVINGS,ACTIVE,2024-07-03,63448.43
500467,103263,B009,CURRENT,CLOSED,2022-12-31,13062.71
500468,107703,B003,SAVINGS,BLOCKED,2024-09-18,41492.69
500469,102411,B009,SAVINGS,ACTIVE,2021-07-28,39281.39
500470,107165,B003,SAVINGS,ACTIVE,2024-06-28,8583.44
500471,107869,B014,SAVINGS,ACTIVE,2023-12-30,113089.51
500472,105929,B018,SAVINGS,ACTIVE,2022-08-14,44863.9
500473,100172,B004,SAVINGS,ACTIVE,2023-10-28,27965.88
500474,107962,B019,SAVINGS,ACTIVE,2021-01-19,26949.42
500475,109417,B019,CURRENT,ACTIVE,2026-05-01,4541.72
500476,103151,B003,CURRENT,ACTIVE,2024-05-01,4188.08
500477,109773,B009,SAVINGS,ACTIVE,2021-04-12,97245.65
500478,100681,B002,SALARY,ACTIVE,2019-03-21,12805.75
500479,103945,B005,SAVINGS,ACTIVE,2020-02-10,12549.08
500480,103594,B006,SAVINGS,ACTIVE,2025-04-13,3963.9
500481,106336,B002,CURRENT,ACTIVE,2021-10-07,61731.02
500482,107733,B017,SAVINGS,ACTIVE,2025-05-29,29949.3
500483,108262,B017,SALARY,ACTIVE,2022-09-08,34962.69
500484,101062,B015,SAVINGS,ACTIVE,2021-11-29,39980.8
500485,108865,B016,SAVINGS,ACTIVE,2021-05-15,43072.11
500486,108917,B020,SAVINGS,ACTIVE,2021-07-12,24189.82
500487,103639,B002,SAVINGS,ACTIVE,2021-11-27,22836.8
500488,105370,B020,SAVINGS,ACTIVE,2020-04-18,17839.77
500489,105888,B006,CURRENT,ACTIVE,2022-09-17,4754.89
500490,107997,B007,SAVINGS,ACTIVE,2025-04-12,6006.94
500491,103604,B009,SAVINGS,ACTIVE,2023-04-05,188814.38
500492,105088,B005,SAVINGS,ACTIVE,2019-04-10,153790.96
500493,106919,B020,SAVINGS,ACTIVE,2020-09-06,2104.07
500494,108416,B003,SAVINGS,ACTIVE,2022-01-24,43380.85
500495,103287,B011,SAVINGS,ACTIVE,2022-02-27,7149.84
500496,109949,B011,SALARY,ACTIVE,2022-12-13,337281.65
500497,108526,B001,SAVINGS,ACTIVE,2023-08-19,8037.58
500498,108084,B017,SAVINGS,ACTIVE,2022-02-01,46686.1
500499,106014,B011,SAVINGS,ACTIVE,2023-04-18,27711.91
500500,108772,B015,SAVINGS,ACTIVE,2025-04-04,52241.24
500501,107820,B017,SAVINGS,ACTIVE,2025-02-22,86646.05
500502,108229,B005,SAVINGS,ACTIVE,2020-02-06,8590.47
500503,100936,B007,SAVINGS,ACTIVE,2019-09-22,141031.02
500504,104502,B009,SAVINGS,ACTIVE,2021-03-28,12520.44
500505,108501,B008,SALARY,ACTIVE,2021-03-24,4008.16
500506,103540,B016,CURRENT,ACTIVE,2024-08-17,15920.45
500507,103838,B005,SAVINGS,ACTIVE,2022-05-09,22728.31
500508,105652,B007,SAVINGS,ACTIVE,2020-07-09,99230.19
500509,107596,B003,SAVINGS,ACTIVE,2022-05-07,53634.46
500510,102053,B007,SAVINGS,CLOSED,2021-02-07,48382.52
500511,106487,B001,SAVINGS,ACTIVE,2022-06-12,12297.96
500512,104410,B016,SAVINGS,ACTIVE,2025-06-05,96563.79
500513,109502,B012,SALARY,ACTIVE,2023-09-20,44086.47
500514,101325,B009,SALARY,ACTIVE,2020-04-30,47944.43
500515,100570,B019,SAVINGS,ACTIVE,2021-12-15,117566.59
500516,103002,B001,SAVINGS,ACTIVE,2019-02-01,15720.26
500517,109501,B010,SALARY,ACTIVE,2026-05-10,188754.47
500518,107047,B018,CURRENT,ACTIVE,2020-03-10,55685.76
500519,104231,B020,CURRENT,ACTIVE,2023-08-23,74878.16
500520,100748,B019,SAVINGS,ACTIVE,2023-05-14,37179.44
500521,106043,B013,SAVINGS,ACTIVE,2023-04-15,18895.58
500522,109209,B017,SAVINGS,ACTIVE,2019-07-15,323009.45
500523,107520,B018,SALARY,ACTIVE,2020-05-13,26023.87
500524,100495,B011,SALARY,ACTIVE,2025-07-30,12857.17
500525,108591,B010,SAVINGS,ACTIVE,2023-11-08,9402.96
500526,102536,B016,SAVINGS,ACTIVE,2021-05-23,212339.76
500527,107919,B010,SAVINGS,ACTIVE,2022-10-08,59566.45
500528,109582,B015,SALARY,ACTIVE,2023-02-18,7158.0
500529,103377,B003,SAVINGS,ACTIVE,2019-07-15,22001.98
500530,108711,B010,SALARY,ACTIVE,2023-05-09,24892.19
500531,106190,B007,SAVINGS,ACTIVE,2022-06-08,12080.11
500532,100967,B007,SAVINGS,ACTIVE,2023-03-27,59613.6
500533,103816,B016,CURRENT,ACTIVE,2023-12-08,23529.14
500534,108722,B020,SALARY,ACTIVE,2025-08-10,28211.98
500535,104001,B013,CURRENT,ACTIVE,2025-05-20,8337.12
500536,108473,B009,SALARY,ACTIVE,2025-05-02,14632.37
500537,104535,B013,SAVINGS,ACTIVE,2025-04-01,9044.8
500538,104810,B003,SAVINGS,ACTIVE,2023-08-28,513481.18
500539,109750,B016,SAVINGS,BLOCKED,2020-11-21,1514.3
500540,108693,B003,SAVINGS,ACTIVE,2019-07-27,13290.36
500541,108579,B019,CURRENT,ACTIVE,2020-03-16,26925.24
500542,104849,B008,SAVINGS,ACTIVE,2019-08-23,15555.77
500543,106293,B009,SAVINGS,ACTIVE,2024-01-15,36157.39
500544,101465,B009,SALARY,ACTIVE,2024-06-30,10694.28
500545,108839,B006,SALARY,ACTIVE,2025-11-14,38697.63
500546,102251,B003,SAVINGS,ACTIVE,2023-06-17,107668.36
500547,100256,B013,SAVINGS,ACTIVE,2022-03-07,3019.51
500548,103324,B009,SAVINGS,ACTIVE,2025-10-22,15104.59
500549,103315,B014,SAVINGS,ACTIVE,2024-09-15,16394.71
500550,103405,B005,SAVINGS,ACTIVE,2019-08-26,147578.72
500551,101841,B019,SAVINGS,ACTIVE,2022-05-31,37219.82
500552,107398,B019,SALARY,ACTIVE,2024-03-09,10395.5
500553,101575,B012,SAVINGS,ACTIVE,2024-03-10,30587.25
500554,102149,B013,SALARY,ACTIVE,2022-04-29,5404.51
500555,107771,B009,SAVINGS,ACTIVE,2024-10-10,149809.83
500556,107476,B009,SAVINGS,ACTIVE,2020-03-31,42034.23
500557,109725,B004,SALARY,ACTIVE,2024-01-30,24507.11
500558,105525,B015,SAVINGS,ACTIVE,2022-03-06,38286.75
500559,102568,B020,SAVINGS,ACTIVE,2025-06-17,20038.58
500560,105955,B019,SALARY,ACTIVE,2019-06-04,8863.11
500561,100977,B016,SAVINGS,ACTIVE,2024-09-01,15715.51
500562,107110,B001,SAVINGS,ACTIVE,2019-09-29,88622.57
500563,104207,B004,SAVINGS,ACTIVE,2024-07-24,27710.46
500564,107889,B014,SAVINGS,ACTIVE,2023-11-04,39677.1
500565,102862,B001,SALARY,CLOSED,2023-04-17,93326.29
500566,103845,B008,SAVINGS,ACTIVE,2022-08-22,67570.96
500567,103597,B013,SALARY,ACTIVE,2021-04-16,15060.1
500568,106829,B013,SAVINGS,ACTIVE,2023-10-10,65438.73
500569,106607,B019,CURRENT,ACTIVE,2023-08-18,32372.91
500570,100449,B012,SAVINGS,ACTIVE,2023-10-31,10299.19
500571,108954,B007,SAVINGS,ACTIVE,2021-01-12,58652.68
500572,107706,B002,SAVINGS,ACTIVE,2025-12-13,76617.96
500573,108073,B011,SAVINGS,ACTIVE,2024-08-16,4623.37
500574,107626,B014,SAVINGS,ACTIVE,2019-03-22,8818.81
500575,103679,B018,SAVINGS,ACTIVE,2024-12-02,9979.37
500576,109717,B004,SAVINGS,ACTIVE,2021-03-20,241713.46
500577,107523,B020,SAVINGS,ACTIVE,2025-04-23,11607.78
500578,101800,B017,SAVINGS,ACTIVE,2023-09-02,3617.33
500579,102820,B013,SAVINGS,ACTIVE,2024-09-04,7031.05
500580,101318,B005,SALARY,ACTIVE,2024-05-26,63914.71
500581,107525,B005,CURRENT,ACTIVE,2019-04-14,13084.34
500582,109219,B008,SAVINGS,ACTIVE,2019-07-25,10561.38
500583,107593,B020,SALARY,ACTIVE,2020-02-07,4139.71
500584,103336,B017,SAVINGS,ACTIVE,2021-07-09,70878.69
500585,108820,B006,SAVINGS,ACTIVE,2020-12-23,70416.86
500586,106065,B005,SAVINGS,ACTIVE,2023-01-22,34413.82
500587,103852,B002,SAVINGS,ACTIVE,2019-11-21,9620.15
500588,109543,B013,SALARY,ACTIVE,2022-10-15,14182.97
500589,105018,B010,SALARY,ACTIVE,2020-04-27,13939.58
500590,106757,B001,SAVINGS,ACTIVE,2025-10-09,20215.19
500591,105802,B015,SAVINGS,ACTIVE,2019-12-05,11395.92
500592,102650,B002,SAVINGS,ACTIVE,2026-03-21,8699.92
500593,107234,B002,SAVINGS,ACTIVE,2022-04-29,26104.37
500594,101254,B019,SAVINGS,ACTIVE,2023-02-02,130899.9
500595,104410,B019,SAVINGS,ACTIVE,2025-01-24,7620.7
500596,103433,B002,SAVINGS,ACTIVE,2020-05-28,33451.22
500597,108555,B018,CURRENT,ACTIVE,2023-02-25,94377.09
500598,106668,B005,SAVINGS,ACTIVE,2022-08-17,31613.2
500599,103793,B011,SAVINGS,ACTIVE,2021-04-02,31047.79
500600,109499,B017,SAVINGS,CLOSED,2025-07-24,11026.51
500601,108722,B013,SAVINGS,ACTIVE,2025-04-14,65291.65
500602,100638,B012,SAVINGS,ACTIVE,2022-09-10,86656.78
500603,106204,B012,SAVINGS,ACTIVE,2024-06-04,117554.37
500604,104334,B006,SAVINGS,ACTIVE,2021-07-28,52260.79
500605,100541,B006,SAVINGS,ACTIVE,2023-01-15,17657.07
500606,108036,B005,SAVINGS,ACTIVE,2020-12-27,25283.81
500607,103141,B017,SALARY,ACTIVE,2023-08-17,9660.64
500608,108740,B006,SAVINGS,ACTIVE,2019-09-06,31961.16
500609,104270,B017,SALARY,ACTIVE,2026-02-10,37887.01
500610,108565,B007,SALARY,ACTIVE,2022-07-31,44327.42
500611,106690,B015,SALARY,ACTIVE,2023-07-29,116416.17
500612,107775,B007,SAVINGS,ACTIVE,2024-02-10,28588.18
500613,106134,B005,SALARY,ACTIVE,2024-07-29,12091.71
500614,101846,B010,SAVINGS,ACTIVE,2019-01-05,22310.55
500615,104883,B016,SAVINGS,ACTIVE,2021-12-30,38209.83
500616,103510,B008,SAVINGS,ACTIVE,2019-04-15,62455.29
500617,101874,B020,CURRENT,ACTIVE,2024-08-15,17597.42
500618,105882,B016,SAVINGS,ACTIVE,2021-09-01,17181.16
500619,106656,B007,CURRENT,ACTIVE,2020-09-30,53605.82
500620,101346,B017,SALARY,CLOSED,2020-12-05,11300.51
500621,109128,B014,SAVINGS,ACTIVE,2020-08-10,44288.43
500622,103918,B011,SAVINGS,ACTIVE,2026-05-09,71573.06
500623,104763,B008,CURRENT,ACTIVE,2022-03-07,27398.01
500624,102113,B001,SAVINGS,ACTIVE,2021-10-22,55754.85
500625,102046,B019,CURRENT,ACTIVE,2023-12-22,8455.64
500626,102966,B012,SAVINGS,ACTIVE,2022-10-08,20489.06
500627,101740,B019,SAVINGS,ACTIVE,2026-01-31,10078.17
500628,107942,B008,SAVINGS,ACTIVE,2025-09-22,48090.97
500629,102257,B018,SALARY,ACTIVE,2023-05-06,1752.67
500630,106850,B005,SALARY,ACTIVE,2024-01-20,64895.02
500631,102346,B015,SAVINGS,ACTIVE,2020-04-01,12981.84
500632,100056,B011,SAVINGS,ACTIVE,2024-04-13,11367.95
500633,104487,B012,SAVINGS,ACTIVE,2022-10-12,105831.49
500634,109351,B020,SALARY,ACTIVE,2022-03-28,22687.51
500635,101411,B007,SALARY,ACTIVE,2025-02-21,16154.92
500636,105257,B007,SAVINGS,ACTIVE,2021-08-04,37240.4
500637,105029,B013,SAVINGS,ACTIVE,2024-01-17,32428.64
500638,106547,B003,SAVINGS,ACTIVE,2025-08-11,23160.74
500639,104351,B016,CURRENT,ACTIVE,2024-07-06,86178.39
500640,106201,B003,SALARY,ACTIVE,2021-12-01,2249.76
500641,101515,B019,SAVINGS,ACTIVE,2023-03-04,8374.06
500642,100714,B007,SAVINGS,ACTIVE,2019-11-09,8628.46
500643,101898,B013,SAVINGS,ACTIVE,2023-01-07,155600.32
500644,108888,B012,SAVINGS,ACTIVE,2019-12-01,120928.36
500645,103450,B012,SAVINGS,ACTIVE,2021-09-21,31333.39
500646,106841,B003,SALARY,ACTIVE,2026-05-12,25364.89
500647,109264,B009,SAVINGS,ACTIVE,2025-07-04,18430.03
500648,102574,B016,SAVINGS,ACTIVE,2024-11-08,84011.27
500649,101522,B010,CURRENT,ACTIVE,2026-05-11,7220.46
500650,100857,B019,SAVINGS,ACTIVE,2023-02-25,71641.5
500651,107016,B013,SAVINGS,ACTIVE,2023-09-27,164327.5
500652,109933,B020,SALARY,ACTIVE,2023-08-18,33894.4
500653,104864,B015,CURRENT,ACTIVE,2020-02-16,37252.42
500654,109358,B012,CURRENT,ACTIVE,2020-08-16,31955.06
500655,105037,B003,SAVINGS,ACTIVE,2026-01-15,17034.7
500656,107229,B002,SAVINGS,CLOSED,2024-04-22,4460.6
500657,102428,B005,SALARY,ACTIVE,2019-06-23,31686.05
500658,105348,B017,SAVINGS,ACTIVE,2025-05-25,13369.45
500659,101317,B009,SAVINGS,ACTIVE,2023-01-04,10190.33
500660,105922,B018,SALARY,ACTIVE,2019-01-23,21432.04
500661,102576,B010,SAVINGS,ACTIVE,2022-12-31,59312.15
500662,104927,B006,SAVINGS,ACTIVE,2020-01-30,42837.72
500663,102959,B017,SAVINGS,ACTIVE,2021-08-25,40078.21
500664,108612,B012,SAVINGS,ACTIVE,2026-03-29,55664.0
500665,107701,B003,CURRENT,ACTIVE,2023-08-22,41581.57
500666,107402,B007,SAVINGS,ACTIVE,2026-02-14,71258.04
500667,107090,B003,SAVINGS,ACTIVE,2019-01-20,88445.42
500668,100695,B014,SAVINGS,ACTIVE,2024-07-23,71628.54
500669,103720,B015,SALARY,ACTIVE,2023-07-08,12400.09
500670,103275,B016,SAVINGS,ACTIVE,2019-05-11,66456.19
500671,101522,B006,CURRENT,ACTIVE,2025-03-26,16457.69
500672,107249,B007,SALARY,ACTIVE,2024-09-17,9332.91
500673,106811,B009,SAVINGS,ACTIVE,2024-04-16,13379.08
500674,109860,B001,SAVINGS,ACTIVE,2019-12-20,9987.08
500675,109617,B019,SAVINGS,ACTIVE,2022-09-10,69066.71
500676,107585,B008,SAVINGS,ACTIVE,2024-02-03,35566.02
500677,108397,B004,SALARY,ACTIVE,2021-05-19,87650.09
500678,104964,B005,SALARY,ACTIVE,2019-05-27,88086.89
500679,101889,B002,SAVINGS,ACTIVE,2022-05-21,23362.18
500680,107690,B009,SALARY,ACTIVE,2019-12-18,57036.62
500681,103970,B020,SAVINGS,ACTIVE,2019-04-22,5708.94
500682,107247,B020,SALARY,ACTIVE,2024-12-10,10383.34
500683,107127,B007,SAVINGS,ACTIVE,2023-10-05,5406.28
500684,107121,B001,CURRENT,ACTIVE,2023-01-07,9880.48
500685,103239,B003,SAVINGS,ACTIVE,2021-03-09,11378.94
500686,109468,B007,SAVINGS,ACTIVE,2020-08-20,15057.22
500687,109082,B013,SAVINGS,ACTIVE,2019-05-06,16214.52
500688,106171,B010,CURRENT,ACTIVE,2021-11-14,12310.51
500689,109794,B015,SAVINGS,ACTIVE,2026-01-28,8105.97
500690,105175,B010,CURRENT,ACTIVE,2023-04-25,78098.75
500691,109740,B012,SALARY,ACTIVE,2022-03-12,22510.47
500692,107430,B005,SAVINGS,ACTIVE,2019-12-02,48838.67
500693,104104,B010,SAVINGS,ACTIVE,2024-06-25,11943.33
500694,108864,B016,CURRENT,ACTIVE,2020-06-16,8487.49
500695,109445,B004,SAVINGS,ACTIVE,2019-08-29,83106.44
500696,106253,B006,SAVINGS,ACTIVE,2024-01-01,97068.3
500697,102944,B013,SAVINGS,ACTIVE,2024-09-04,35404.38
500698,100193,B004,SAVINGS,ACTIVE,2025-05-16,24167.59
500699,101863,B010,SAVINGS,ACTIVE,2020-12-11,156245.56
500700,100725,B018,SAVINGS,CLOSED,2021-11-09,89496.82
500701,108507,B006,SAVINGS,ACTIVE,2024-09-10,20737.02
500702,108319,B017,SAVINGS,ACTIVE,2025-07-04,9195.94
500703,105001,B010,SAVINGS,CLOSED,2025-01-30,130826.98
500704,105050,B012,SAVINGS,ACTIVE,2021-06-14,1811.33
500705,107561,B010,SAVINGS,ACTIVE,2023-05-31,24130.11
500706,109885,B005,SAVINGS,ACTIVE,2025-07-19,16283.26
500707,105908,B017,SAVINGS,ACTIVE,2020-11-10,12649.21
500708,102174,B019,SAVINGS,ACTIVE,2021-09-14,11056.61
500709,105080,B012,SAVINGS,ACTIVE,2026-05-04,23731.29
500710,107075,B006,SALARY,ACTIVE,2022-04-04,87022.3
500711,107012,B008,SALARY,ACTIVE,2019-05-31,10737.2
500712,104181,B010,SAVINGS,ACTIVE,2019-11-12,145693.7
500713,101471,B008,SAVINGS,ACTIVE,2024-03-12,18917.06
500714,100198,B019,SAVINGS,ACTIVE,2022-11-15,6284.78
500715,106723,B005,SAVINGS,ACTIVE,2026-02-28,11074.67
500716,103666,B016,SAVINGS,ACTIVE,2026-02-01,14697.84
500717,109677,B013,SAVINGS,ACTIVE,2022-03-04,15304.83
500718,101939,B010,SAVINGS,ACTIVE,2021-05-12,8019.79
500719,104983,B016,SAVINGS,ACTIVE,2023-05-13,52946.37
500720,105432,B010,SAVINGS,ACTIVE,2024-02-03,51977.05
500721,100218,B004,SAVINGS,ACTIVE,2019-11-06,22191.09
500722,108683,B006,SAVINGS,ACTIVE,2025-11-11,7673.11
500723,103060,B016,SAVINGS,ACTIVE,2024-06-29,13145.42
500724,109923,B016,SAVINGS,ACTIVE,2024-01-03,27343.92
500725,102254,B014,SAVINGS,ACTIVE,2026-04-22,6278.6
500726,105507,B019,SAVINGS,ACTIVE,2022-12-22,6409.69
500727,108099,B015,SALARY,ACTIVE,2022-05-02,19083.75
500728,109296,B018,SALARY,ACTIVE,2026-04-10,4875.15
500729,101479,B006,SAVINGS,ACTIVE,2024-06-17,55835.79
500730,108720,B010,SALARY,ACTIVE,2020-05-19,31011.69
500731,106451,B014,SAVINGS,ACTIVE,2019-10-15,114944.3
500732,101966,B020,SALARY,ACTIVE,2019-03-19,6730.2
500733,104058,B015,SAVINGS,ACTIVE,2019-05-04,12434.49
500734,100270,B001,SAVINGS,CLOSED,2023-02-25,62138.59
500735,109654,B015,CURRENT,ACTIVE,2019-10-12,62007.46
500736,108597,B007,SAVINGS,ACTIVE,2021-01-22,4616.61
500737,102387,B003,SAVINGS,ACTIVE,2023-05-05,142366.07
500738,105736,B016,SALARY,ACTIVE,2023-09-03,11183.0
500739,106054,B015,SAVINGS,ACTIVE,2023-03-06,123711.3
500740,107769,B020,SAVINGS,ACTIVE,2019-03-04,20360.96
500741,104587,B011,SALARY,ACTIVE,2020-01-12,70029.74
500742,106451,B020,SAVINGS,ACTIVE,2020-11-20,2623.22
500743,105728,B015,SAVINGS,ACTIVE,2023-04-05,2141128.05
500744,102269,B011,SALARY,ACTIVE,2024-04-05,26447.09
500745,107741,B020,SAVINGS,ACTIVE,2025-08-20,113788.63
500746,104520,B020,SAVINGS,ACTIVE,2025-11-09,29399.53
500747,102442,B015,SAVINGS,CLOSED,2021-04-12,40707.56
500748,103514,B013,SAVINGS,ACTIVE,2021-07-23,81392.66
500749,107961,B004,SAVINGS,ACTIVE,2024-03-29,185160.3
500750,106948,B015,SALARY,ACTIVE,2020-04-04,26893.16
500751,109521,B009,CURRENT,ACTIVE,2024-02-01,157007.12
500752,100562,B011,SAVINGS,ACTIVE,2023-01-12,27690.66
500753,104445,B005,SALARY,ACTIVE,2023-02-11,52574.59
500754,104470,B006,SAVINGS,ACTIVE,2020-11-26,34711.05
500755,105507,B003,SALARY,ACTIVE,2022-05-11,33789.8
500756,102447,B004,SAVINGS,ACTIVE,2024-04-20,21268.41
500757,106083,B007,SALARY,ACTIVE,2019-08-29,19074.63
500758,107074,B013,SALARY,ACTIVE,2019-08-01,22456.32
500759,100652,B008,SALARY,BLOCKED,2019-04-23,78329.61
500760,104647,B018,SAVINGS,ACTIVE,2020-08-10,101271.76
500761,108809,B014,SAVINGS,ACTIVE,2019-05-26,3047.11
500762,107007,B013,CURRENT,ACTIVE,2023-05-18,17155.29
500763,104535,B011,SAVINGS,ACTIVE,2020-02-29,3986.56
500764,107937,B012,CURRENT,ACTIVE,2020-04-02,33124.61
500765,108458,B012,SAVINGS,ACTIVE,2021-06-03,6463.81
500766,107685,B009,SAVINGS,ACTIVE,2020-11-21,6895.35
500767,109975,B009,SAVINGS,ACTIVE,2021-03-27,18878.89
500768,109237,B008,SALARY,ACTIVE,2023-12-30,5040.02
500769,101806,B013,SAVINGS,ACTIVE,2025-03-08,49982.78
500770,100987,B019,SAVINGS,ACTIVE,2022-07-14,33501.28
500771,102055,B010,CURRENT,ACTIVE,2023-12-26,12038.27
500772,100828,B002,SALARY,ACTIVE,2021-05-20,44927.92
500773,106121,B016,SAVINGS,ACTIVE,2025-05-25,16847.2
500774,102328,B012,SAVINGS,ACTIVE,2019-07-19,29389.38
500775,106000,B002,SAVINGS,ACTIVE,2024-06-25,474786.7
500776,104545,B003,SALARY,ACTIVE,2024-04-22,20353.7
500777,102627,B017,SAVINGS,ACTIVE,2020-10-13,29934.42
500778,104994,B012,SAVINGS,ACTIVE,2024-08-02,61039.4
500779,107226,B009,SAVINGS,BLOCKED,2022-07-24,637746.6
500780,108962,B008,CURRENT,ACTIVE,2019-08-10,13582.5
500781,107945,B018,SAVINGS,ACTIVE,2022-06-28,17439.4
500782,109878,B002,SAVINGS,ACTIVE,2019-10-17,49573.12
500783,104242,B008,SAVINGS,ACTIVE,2021-11-03,16252.38
500784,103385,B002,SAVINGS,ACTIVE,2021-11-05,35342.58
500785,107310,B018,SAVINGS,ACTIVE,2026-03-05,230569.23
500786,109504,B016,SAVINGS,ACTIVE,2021-01-24,20410.02
500787,101210,B006,SAVINGS,ACTIVE,2020-05-15,16357.4
500788,102547,B001,CURRENT,ACTIVE,2025-11-11,195472.77
500789,100457,B004,SAVINGS,ACTIVE,2022-10-16,16038.99
500790,101843,B020,SAVINGS,ACTIVE,2025-01-27,37722.16
500791,103644,B019,SAVINGS,ACTIVE,2019-12-21,3306.6
500792,106915,B007,SAVINGS,ACTIVE,2022-02-23,55261.27
500793,106350,B006,SALARY,ACTIVE,2022-07-22,35602.93
500794,103785,B020,SAVINGS,ACTIVE,2024-08-13,5261.51
500795,103536,B020,SAVINGS,ACTIVE,2025-09-28,25707.91
500796,107988,B009,SALARY,BLOCKED,2021-04-05,76845.2
500797,108157,B020,SALARY,ACTIVE,2024-05-01,14677.42
500798,109062,B016,SAVINGS,ACTIVE,2025-12-08,15168.88
500799,105598,B004,SAVINGS,ACTIVE,2019-10-29,96888.2
500800,105705,B004,SAVINGS,ACTIVE,2020-09-12,24950.62
500801,102202,B005,SAVINGS,ACTIVE,2021-09-11,57211.3
500802,108718,B005,SAVINGS,ACTIVE,2025-03-19,105730.66
500803,109263,B008,SAVINGS,ACTIVE,2023-10-03,10567.39
500804,103157,B013,CURRENT,ACTIVE,2022-03-18,11136.97
500805,102878,B002,SAVINGS,ACTIVE,2024-05-05,39896.25
500806,100660,B019,SALARY,ACTIVE,2021-05-01,11092.65
500807,107546,B005,SAVINGS,ACTIVE,2022-03-19,26685.04
500808,105483,B019,SALARY,ACTIVE,2024-07-07,39561.97
500809,103322,B002,SALARY,ACTIVE,2022-08-01,61588.35
500810,109646,B016,SAVINGS,ACTIVE,2019-03-11,18954.42
500811,102044,B011,SALARY,ACTIVE,2024-03-18,189546.77
500812,106185,B017,SAVINGS,ACTIVE,2025-09-27,475034.93
500813,101056,B007,SAVINGS,ACTIVE,2019-06-02,10923.32
500814,107280,B020,SAVINGS,ACTIVE,2022-09-08,513569.47
500815,100227,B016,SALARY,ACTIVE,2022-06-23,14329.79
500816,109114,B016,SAVINGS,ACTIVE,2023-06-02,5265.35
500817,104653,B006,SAVINGS,ACTIVE,2022-01-12,29660.68
500818,107781,B008,SALARY,ACTIVE,2021-05-11,45873.31
500819,101748,B002,SAVINGS,ACTIVE,2022-05-06,14641.78
500820,106024,B007,CURRENT,ACTIVE,2025-03-29,20611.01
500821,101098,B006,SALARY,ACTIVE,2023-02-28,60216.81
500822,108125,B011,SALARY,ACTIVE,2020-08-17,4065.55
500823,100199,B016,SAVINGS,ACTIVE,2021-09-17,23676.47
500824,103342,B019,SAVINGS,ACTIVE,2020-06-16,7057.27
500825,109565,B010,SALARY,ACTIVE,2021-02-04,15669.57
500826,105824,B001,SALARY,ACTIVE,2025-04-16,157603.28
500827,103961,B011,SAVINGS,ACTIVE,2021-10-04,37608.31
500828,108855,B019,SAVINGS,ACTIVE,2025-11-07,363415.81
500829,101305,B007,SAVINGS,ACTIVE,2019-05-17,15013.44
500830,104194,B019,SAVINGS,ACTIVE,2024-05-16,104500.74
500831,107598,B002,CURRENT,ACTIVE,2021-04-08,73617.4
500832,108227,B003,SAVINGS,ACTIVE,2020-04-13,4143.0
500833,106738,B018,SAVINGS,ACTIVE,2022-11-09,13883.35
500834,107300,B001,SAVINGS,ACTIVE,2019-08-28,128755.74
500835,101292,B011,SALARY,ACTIVE,2020-09-25,43888.12
500836,103313,B013,SAVINGS,ACTIVE,2025-03-07,11291.51
500837,107492,B018,SAVINGS,ACTIVE,2021-06-01,4335.34
500838,106483,B002,SAVINGS,ACTIVE,2021-09-05,3328.61
500839,109561,B005,SAVINGS,ACTIVE,2019-02-09,70667.11
500840,104412,B015,SALARY,ACTIVE,2024-12-12,7529.69
500841,109677,B005,SALARY,ACTIVE,2026-02-06,165590.39
500842,103502,B008,SAVINGS,ACTIVE,2022-11-25,81332.88
500843,101776,B003,SAVINGS,ACTIVE,2022-12-12,1485.56
500844,106971,B006,SAVINGS,ACTIVE,2022-02-10,44871.29
500845,108717,B020,SAVINGS,ACTIVE,2020-06-09,12344.21
500846,101557,B006,CURRENT,ACTIVE,2023-06-01,23167.53
500847,108940,B016,SAVINGS,ACTIVE,2025-12-30,29605.91
500848,106587,B017,SAVINGS,ACTIVE,2022-08-20,20717.71
500849,104634,B009,SALARY,ACTIVE,2025-08-29,38963.23
500850,101539,B019,SAVINGS,ACTIVE,2025-03-18,6929.91
500851,102066,B010,SAVINGS,ACTIVE,2022-08-27,68994.1
500852,104889,B002,SAVINGS,ACTIVE,2020-11-06,4601.94
500853,103623,B019,SALARY,ACTIVE,2024-12-16,18859.08
500854,107603,B003,SAVINGS,ACTIVE,2019-02-15,18963.34
500855,103333,B002,SALARY,ACTIVE,2020-11-23,141664.18
500856,106645,B015,SAVINGS,ACTIVE,2019-01-07,7897.07
500857,104737,B020,SAVINGS,BLOCKED,2022-05-20,38796.58
500858,103803,B019,SAVINGS,ACTIVE,2025-03-10,59862.47
500859,108293,B020,SAVINGS,ACTIVE,2022-12-08,62268.66
500860,104502,B019,SAVINGS,ACTIVE,2024-02-17,19739.26
500861,104632,B006,SAVINGS,ACTIVE,2021-05-28,50580.36
500862,102455,B018,SAVINGS,ACTIVE,2019-03-09,128521.81
500863,106507,B018,SAVINGS,ACTIVE,2019-10-09,11358.59
500864,104143,B008,SALARY,ACTIVE,2025-02-14,18109.11
500865,100204,B015,SAVINGS,ACTIVE,2026-05-05,28812.6
500866,109048,B001,SALARY,ACTIVE,2024-12-28,10717.28
500867,104597,B014,SAVINGS,ACTIVE,2022-10-08,155621.32
500868,108429,B001,SAVINGS,ACTIVE,2022-02-27,20430.84
500869,100459,B007,CURRENT,ACTIVE,2020-03-30,21180.58
500870,100977,B001,SAVINGS,ACTIVE,2021-11-28,8866.66
500871,103758,B012,SAVINGS,ACTIVE,2022-06-23,44653.2
500872,101829,B011,CURRENT,ACTIVE,2019-03-13,60686.24
500873,100310,B017,CURRENT,ACTIVE,2020-06-08,7097.02
500874,100369,B006,SALARY,ACTIVE,2025-11-03,54591.33
500875,106755,B016,SAVINGS,ACTIVE,2022-12-21,67400.94
500876,104159,B020,SAVINGS,ACTIVE,2021-09-06,37440.93
500877,101580,B013,SAVINGS,ACTIVE,2020-12-13,9902.01
500878,108284,B013,SAVINGS,ACTIVE,2025-11-02,18993.08
500879,103982,B018,SALARY,ACTIVE,2022-10-03,4610.5
500880,105785,B017,SAVINGS,ACTIVE,2024-08-16,5799.79
500881,102825,B014,SAVINGS,ACTIVE,2021-12-25,66449.41
500882,102357,B019,SALARY,ACTIVE,2024-01-06,129852.82
500883,109701,B014,SAVINGS,ACTIVE,2020-06-25,18225.24
500884,103939,B008,SALARY,ACTIVE,2020-06-30,50518.37
500885,108371,B003,SAVINGS,ACTIVE,2020-04-14,13965.88
500886,100936,B003,SAVINGS,CLOSED,2023-12-24,24257.34
500887,102485,B020,SALARY,ACTIVE,2021-08-31,42376.16
500888,103840,B001,SALARY,ACTIVE,2020-05-20,47180.86
500889,103865,B017,SAVINGS,ACTIVE,2020-01-02,16574.79
500890,103745,B017,SAVINGS,ACTIVE,2020-07-24,66018.86
500891,104496,B019,SAVINGS,ACTIVE,2020-11-20,7179.26
500892,102675,B001,SAVINGS,ACTIVE,2025-01-10,136863.72
500893,106974,B019,SAVINGS,ACTIVE,2021-07-30,10263.98
500894,102103,B012,SAVINGS,ACTIVE,2019-03-14,49789.58
500895,107312,B019,SAVINGS,ACTIVE,2023-07-22,5027.95
500896,102158,B011,SAVINGS,ACTIVE,2022-09-18,7196.42
500897,105702,B017,SAVINGS,ACTIVE,2020-01-22,4193.08
500898,101439,B010,SAVINGS,ACTIVE,2021-03-19,6282.21
500899,106002,B008,SALARY,BLOCKED,2019-07-25,98467.03
500900,101375,B020,SAVINGS,ACTIVE,2021-01-31,18510.37
500901,103284,B005,SAVINGS,ACTIVE,2021-12-21,52483.99
500902,109790,B002,SALARY,ACTIVE,2020-11-22,50221.58
500903,101721,B008,SAVINGS,ACTIVE,2023-10-29,54194.76
500904,106530,B013,SAVINGS,ACTIVE,2023-01-29,99423.43
500905,109813,B010,CURRENT,ACTIVE,2025-03-01,20875.72
500906,106412,B004,SAVINGS,BLOCKED,2021-07-12,17011.96
500907,104454,B009,SALARY,ACTIVE,2024-04-09,5329.95
500908,103936,B003,SAVINGS,ACTIVE,2020-10-30,29665.89
500909,103734,B001,SALARY,ACTIVE,2022-05-02,25307.75
500910,101674,B013,SAVINGS,ACTIVE,2021-12-10,8641.39
500911,104179,B010,CURRENT,ACTIVE,2022-10-29,12702.08
500912,104879,B009,SAVINGS,ACTIVE,2023-01-19,11035.44
500913,104326,B005,SAVINGS,ACTIVE,2021-12-30,6577.24
500914,103752,B002,SAVINGS,ACTIVE,2023-11-29,144224.24
500915,109700,B003,SAVINGS,ACTIVE,2022-02-07,52102.15
500916,102429,B012,SAVINGS,ACTIVE,2020-01-04,146799.24
500917,108265,B013,SAVINGS,ACTIVE,2022-06-08,72082.02
500918,107600,B020,CURRENT,ACTIVE,2019-08-11,92176.68
500919,107510,B011,SAVINGS,ACTIVE,2021-12-26,3928.49
500920,102336,B001,CURRENT,ACTIVE,2025-06-26,12846.14
500921,109530,B013,SALARY,ACTIVE,2019-09-22,96169.98
500922,107194,B006,SALARY,ACTIVE,2021-05-14,68417.76
500923,100004,B020,SAVINGS,ACTIVE,2024-03-19,70736.68
500924,101264,B014,SALARY,ACTIVE,2022-01-08,9494.49
500925,106437,B019,SAVINGS,ACTIVE,2023-12-18,51809.07
500926,104985,B017,CURRENT,ACTIVE,2025-08-30,6733.36
500927,105490,B015,SAVINGS,ACTIVE,2024-01-11,23091.99
500928,106783,B012,SALARY,ACTIVE,2023-05-22,47259.14
500929,105342,B007,SAVINGS,ACTIVE,2019-02-03,8819.58
500930,106882,B008,SALARY,ACTIVE,2026-01-17,30075.4
500931,101524,B002,SAVINGS,ACTIVE,2022-02-20,19696.1
500932,109798,B004,SAVINGS,ACTIVE,2025-06-08,20134.02
500933,104677,B019,SAVINGS,BLOCKED,2022-04-26,17370.62
500934,104527,B004,SAVINGS,ACTIVE,2022-08-04,8607.93
500935,109633,B003,SALARY,ACTIVE,2026-03-19,10375.35
500936,103778,B019,SAVINGS,ACTIVE,2024-10-02,36547.19
500937,106521,B012,SAVINGS,ACTIVE,2024-01-04,6507.15
500938,107444,B001,SAVINGS,ACTIVE,2019-12-24,14809.18
500939,105590,B009,SAVINGS,BLOCKED,2025-08-27,36746.27
500940,100643,B014,SAVINGS,ACTIVE,2022-03-04,27554.2
500941,102342,B010,SAVINGS,ACTIVE,2024-03-14,11700.22
500942,104918,B012,SAVINGS,ACTIVE,2022-05-04,45186.12
500943,106793,B010,SALARY,ACTIVE,2024-06-06,48306.19
500944,108711,B016,SAVINGS,ACTIVE,2019-12-24,62301.63
500945,101517,B003,CURRENT,ACTIVE,2024-03-28,22508.71
500946,102651,B003,SAVINGS,ACTIVE,2022-09-25,100916.8
500947,105553,B007,CURRENT,ACTIVE,2024-07-11,16816.76
500948,105025,B013,SALARY,CLOSED,2025-11-26,6259.14
500949,100938,B020,SAVINGS,ACTIVE,2023-05-28,7658.14
500950,101621,B013,SAVINGS,ACTIVE,2020-04-27,30339.46
500951,104713,B005,SAVINGS,ACTIVE,2020-09-09,7774.97
500952,109449,B017,SAVINGS,ACTIVE,2023-08-03,74651.69
500953,100761,B018,SAVINGS,ACTIVE,2025-04-16,73228.62
500954,108490,B020,SAVINGS,ACTIVE,2023-08-31,138023.5
500955,108234,B017,SALARY,ACTIVE,2026-05-12,46988.36
500956,107663,B014,SAVINGS,ACTIVE,2023-12-14,4465.54
500957,101553,B008,SAVINGS,ACTIVE,2026-03-26,24286.73
500958,101470,B013,CURRENT,ACTIVE,2020-05-31,23256.42
500959,103475,B014,SAVINGS,ACTIVE,2022-07-14,43710.65
500960,105037,B004,SAVINGS,ACTIVE,2019-07-31,24096.78
500961,106701,B004,SAVINGS,ACTIVE,2024-03-21,83061.24
500962,102139,B010,SAVINGS,ACTIVE,2022-10-08,19898.84
500963,108325,B001,SAVINGS,ACTIVE,2025-02-05,32392.54
500964,109180,B016,CURRENT,CLOSED,2020-09-09,32942.69
500965,108701,B019,CURRENT,ACTIVE,2021-03-11,29423.7
500966,109299,B020,SALARY,ACTIVE,2019-03-03,27407.99
500967,109792,B008,SAVINGS,ACTIVE,2024-11-06,18319.31
500968,107302,B005,SAVINGS,ACTIVE,2020-10-14,28486.69
500969,100886,B005,SAVINGS,ACTIVE,2025-10-13,13994.59
500970,106583,B002,SAVINGS,ACTIVE,2022-04-25,12921.17
500971,107005,B017,SAVINGS,ACTIVE,2025-06-12,11131.21
500972,102437,B016,SAVINGS,ACTIVE,2022-08-17,24337.62
500973,100152,B001,CURRENT,ACTIVE,2025-03-13,13306.2
500974,100733,B004,SALARY,ACTIVE,2022-02-03,4492.05
500975,107881,B004,SAVINGS,ACTIVE,2023-04-24,131071.42
500976,108383,B014,SAVINGS,ACTIVE,2020-08-08,16566.63
500977,100677,B002,SAVINGS,CLOSED,2019-06-06,13573.15
500978,102383,B005,SALARY,ACTIVE,2023-04-26,12870.6
500979,105897,B006,SAVINGS,ACTIVE,2023-06-10,12695.1
500980,102672,B019,SAVINGS,CLOSED,2021-05-16,13088.22
500981,105595,B019,SAVINGS,ACTIVE,2024-12-31,14438.53
500982,102570,B017,CURRENT,ACTIVE,2022-03-19,65277.98
500983,105368,B004,CURRENT,ACTIVE,2023-04-05,19219.14
500984,103482,B012,SAVINGS,ACTIVE,2025-05-07,86194.93
500985,100651,B002,SAVINGS,CLOSED,2023-03-11,82669.4
500986,103245,B003,SALARY,ACTIVE,2022-06-22,2833.83
500987,107054,B011,CURRENT,ACTIVE,2019-02-02,46682.89
500988,102562,B012,SAVINGS,ACTIVE,2020-04-27,9178.16
500989,102774,B016,SAVINGS,ACTIVE,2025-05-14,94747.93
500990,101282,B001,SAVINGS,BLOCKED,2025-07-16,15640.78
500991,101241,B014,SAVINGS,ACTIVE,2026-03-17,16006.17
500992,107762,B002,SALARY,ACTIVE,2023-12-09,25680.16
500993,100129,B015,CURRENT,ACTIVE,2020-04-02,51931.3
500994,109433,B014,SAVINGS,CLOSED,2019-02-12,6278.93
500995,109962,B019,SAVINGS,ACTIVE,2022-07-19,33940.07
500996,101515,B004,SAVINGS,ACTIVE,2024-09-19,103553.55
500997,107471,B019,SAVINGS,ACTIVE,2019-02-06,33714.02
500998,105764,B002,SALARY,ACTIVE,2020-02-14,29187.14
500999,108623,B020,CURRENT,ACTIVE,2019-04-01,9672.92
501000,104397,B009,SAVINGS,ACTIVE,2025-04-02,31597.17
501001,100782,B014,SAVINGS,ACTIVE,2022-09-04,52986.02
501002,104488,B020,CURRENT,ACTIVE,2026-04-09,31923.06
501003,100629,B007,SAVINGS,ACTIVE,2021-10-25,33098.19
501004,107556,B016,SAVINGS,ACTIVE,2025-05-22,56732.48
501005,103377,B016,SAVINGS,ACTIVE,2024-06-10,32806.49
501006,107541,B011,SALARY,ACTIVE,2026-04-27,12993.91
501007,107193,B009,SAVINGS,ACTIVE,2021-07-15,38503.47
501008,100628,B004,SAVINGS,ACTIVE,2024-03-17,10687.52
501009,105866,B012,SAVINGS,ACTIVE,2023-03-18,34303.63
501010,108920,B005,CURRENT,ACTIVE,2020-10-13,12130.77
501011,107250,B005,CURRENT,ACTIVE,2025-07-12,418894.29
501012,100136,B017,SAVINGS,ACTIVE,2020-05-29,125948.33
501013,104740,B014,SAVINGS,ACTIVE,2025-02-08,73059.38
501014,104385,B002,SAVINGS,ACTIVE,2024-04-08,39987.17
501015,100446,B007,SAVINGS,ACTIVE,2020-09-22,27255.07
501016,100938,B012,SAVINGS,ACTIVE,2020-04-20,4600.51
501017,106665,B015,SAVINGS,ACTIVE,2022-11-03,42395.62
501018,106662,B019,SAVINGS,ACTIVE,2021-05-26,9247.55
501019,105382,B009,SAVINGS,ACTIVE,2019-03-04,15535.06
501020,104162,B010,SAVINGS,ACTIVE,2022-01-23,7758.02
501021,102416,B004,SAVINGS,ACTIVE,2023-03-29,2442.21
501022,101400,B019,SAVINGS,ACTIVE,2022-11-16,10379.43
501023,107627,B006,SAVINGS,ACTIVE,2019-09-28,29354.05
501024,103381,B015,SALARY,ACTIVE,2022-10-09,1482.46
501025,106905,B018,SAVINGS,ACTIVE,2025-10-12,27704.86
501026,102597,B015,SAVINGS,ACTIVE,2021-01-08,212989.22
501027,104463,B011,SAVINGS,ACTIVE,2024-12-01,15915.21
501028,106539,B009,CURRENT,ACTIVE,2024-05-24,66473.73
501029,107251,B011,SAVINGS,ACTIVE,2025-10-13,11246.96
501030,106695,B004,SAVINGS,ACTIVE,2026-03-09,552756.83
501031,106488,B017,SAVINGS,ACTIVE,2021-09-05,38848.72
501032,105494,B005,SAVINGS,ACTIVE,2025-11-13,24425.55
501033,108804,B011,SAVINGS,ACTIVE,2021-01-17,9694.39
501034,107790,B004,SAVINGS,ACTIVE,2019-12-22,21031.4
501035,100134,B019,SALARY,ACTIVE,2022-11-27,21691.26
501036,100224,B015,SAVINGS,ACTIVE,2025-09-05,18926.12
501037,107852,B012,SAVINGS,ACTIVE,2020-05-12,5387.36
501038,106559,B012,SAVINGS,ACTIVE,2019-12-07,10818.18
501039,101592,B006,SAVINGS,CLOSED,2024-01-11,68020.97
501040,106532,B012,SAVINGS,ACTIVE,2020-05-26,11138.17
501041,102066,B001,SAVINGS,ACTIVE,2023-01-10,182588.2
501042,104623,B007,SAVINGS,ACTIVE,2020-02-11,173996.04
501043,101153,B016,SAVINGS,ACTIVE,2022-12-23,8026.66
501044,108383,B005,CURRENT,ACTIVE,2019-07-21,7946.96
501045,100019,B016,SAVINGS,ACTIVE,2022-05-12,2437.48
501046,100740,B016,SALARY,ACTIVE,2024-01-20,438830.3
501047,109726,B007,SAVINGS,ACTIVE,2024-09-27,23631.12
501048,107610,B005,SAVINGS,ACTIVE,2020-08-21,19907.86
501049,102697,B015,CURRENT,BLOCKED,2022-05-08,25101.14
501050,103141,B003,SAVINGS,ACTIVE,2021-04-06,47504.12
501051,101216,B005,SAVINGS,ACTIVE,2019-01-07,3880.18
501052,100316,B010,SAVINGS,ACTIVE,2022-03-24,50735.88
501053,100580,B007,SAVINGS,ACTIVE,2023-07-30,107576.99
501054,100235,B015,SAVINGS,ACTIVE,2023-03-08,35605.4
501055,108045,B002,SALARY,ACTIVE,2024-03-28,34718.76
501056,102448,B001,SAVINGS,ACTIVE,2020-10-29,8472.84
501057,104632,B004,SAVINGS,ACTIVE,2024-08-07,120182.74
501058,105866,B006,SAVINGS,ACTIVE,2019-06-19,43171.53
501059,106857,B008,SAVINGS,ACTIVE,2023-08-18,10393.49
501060,106163,B014,CURRENT,ACTIVE,2020-07-10,43572.55
501061,104905,B008,SAVINGS,ACTIVE,2020-11-28,96248.62
501062,101142,B009,SAVINGS,ACTIVE,2023-06-21,5652.14
501063,104527,B018,SALARY,ACTIVE,2021-05-27,109619.61
501064,102901,B001,CURRENT,ACTIVE,2019-07-16,26958.96
501065,102790,B012,SAVINGS,CLOSED,2025-06-30,38156.41
501066,101030,B015,CURRENT,ACTIVE,2025-09-14,9960.06
501067,102065,B012,SAVINGS,ACTIVE,2022-04-14,2683.62
501068,108364,B005,SAVINGS,ACTIVE,2026-02-09,40284.16
501069,105593,B004,SAVINGS,ACTIVE,2025-01-03,7850.56
501070,108531,B006,SALARY,BLOCKED,2021-12-07,4412.66
501071,107840,B014,SAVINGS,ACTIVE,2021-11-03,8331.69
501072,102042,B010,SAVINGS,ACTIVE,2021-04-30,71149.55
501073,109940,B018,SAVINGS,ACTIVE,2024-11-13,94259.27
501074,108987,B019,SAVINGS,ACTIVE,2019-09-20,130140.19
501075,106871,B017,SAVINGS,ACTIVE,2021-09-16,105821.28
501076,100824,B009,SAVINGS,ACTIVE,2023-01-26,11103.41
501077,107506,B006,SAVINGS,ACTIVE,2020-08-23,8162.31
501078,105381,B002,SAVINGS,ACTIVE,2026-01-08,56479.59
501079,109034,B010,SAVINGS,BLOCKED,2020-12-21,45979.64
501080,107174,B009,SAVINGS,ACTIVE,2019-11-08,68849.43
501081,100110,B009,SAVINGS,ACTIVE,2021-01-04,60735.66
501082,104005,B008,SAVINGS,ACTIVE,2019-01-25,28442.25
501083,100683,B013,SAVINGS,ACTIVE,2019-08-17,88348.2
501084,100955,B003,SAVINGS,ACTIVE,2020-02-03,31361.44
501085,100095,B002,SAVINGS,ACTIVE,2022-12-03,109148.93
501086,107647,B004,SAVINGS,ACTIVE,2022-04-01,11564.49
501087,102391,B001,CURRENT,ACTIVE,2026-02-06,4641.27
501088,107872,B012,SAVINGS,ACTIVE,2021-07-10,22096.72
501089,107373,B010,SALARY,ACTIVE,2024-06-19,22947.46
501090,103274,B020,SAVINGS,ACTIVE,2019-09-01,16976.25
501091,106517,B015,SALARY,ACTIVE,2021-08-28,7137.01
501092,100221,B018,SAVINGS,ACTIVE,2025-07-29,21188.28
501093,102006,B002,SAVINGS,ACTIVE,2023-10-22,9213.95
501094,109204,B017,SAVINGS,ACTIVE,2025-01-25,9950.27
501095,100374,B008,SAVINGS,ACTIVE,2019-07-06,11028.42
501096,100814,B005,SALARY,CLOSED,2021-04-19,3309.65
501097,106449,B011,SAVINGS,ACTIVE,2023-04-13,20683.61
501098,102617,B012,SAVINGS,ACTIVE,2026-05-05,46030.84
501099,102738,B002,CURRENT,ACTIVE,2021-11-03,8137.2
501100,104356,B003,SAVINGS,ACTIVE,2020-06-09,105515.91
501101,109568,B018,SAVINGS,ACTIVE,2025-03-02,10749.2
501102,104459,B009,SAVINGS,ACTIVE,2019-07-28,25671.95
501103,103855,B019,SAVINGS,CLOSED,2020-09-18,11953.27
501104,105223,B015,SALARY,ACTIVE,2023-05-02,5999.91
501105,105622,B003,SAVINGS,ACTIVE,2025-05-19,15231.24
501106,102107,B005,CURRENT,ACTIVE,2026-05-12,12231.11
501107,100766,B004,SAVINGS,ACTIVE,2023-05-12,23613.97
501108,103882,B018,SAVINGS,ACTIVE,2022-04-14,37404.49
501109,105254,B007,SAVINGS,ACTIVE,2022-09-06,235060.93
501110,109323,B015,SALARY,CLOSED,2026-01-08,38528.99
501111,102856,B012,SAVINGS,ACTIVE,2025-06-13,31305.47
501112,108861,B014,SAVINGS,ACTIVE,2025-01-20,20968.91
501113,104158,B011,SALARY,ACTIVE,2026-02-09,5589.21
501114,100911,B018,SALARY,ACTIVE,2024-02-03,38527.11
501115,100353,B019,SAVINGS,ACTIVE,2023-08-31,12657.75
501116,107812,B006,SAVINGS,ACTIVE,2025-07-10,27387.7
501117,105284,B001,SALARY,ACTIVE,2023-06-23,17571.59
501118,105509,B019,SALARY,ACTIVE,2025-05-14,1293.7
501119,107827,B010,SAVINGS,ACTIVE,2021-11-12,19357.13
501120,100336,B008,SAVINGS,ACTIVE,2020-03-31,17572.8
501121,100812,B006,SAVINGS,ACTIVE,2022-09-27,55256.83
501122,107884,B009,SAVINGS,ACTIVE,2023-09-05,69803.57
501123,104112,B019,SAVINGS,ACTIVE,2024-08-24,46891.82
501124,101551,B017,SAVINGS,ACTIVE,2023-10-31,16298.21
501125,107325,B018,SAVINGS,ACTIVE,2022-09-02,44740.53
501126,102437,B018,SAVINGS,ACTIVE,2022-07-06,16652.22
501127,105125,B012,SAVINGS,ACTIVE,2025-02-17,30580.9
501128,100756,B015,SAVINGS,ACTIVE,2021-01-20,100010.41
501129,102795,B016,CURRENT,ACTIVE,2021-10-28,36332.35
501130,107660,B008,SAVINGS,ACTIVE,2021-09-01,265229.7
501131,100254,B017,SAVINGS,ACTIVE,2023-03-21,79563.03
501132,107063,B018,SAVINGS,ACTIVE,2020-01-02,10293.19
501133,100374,B006,SAVINGS,ACTIVE,2020-07-12,18625.37
501134,108358,B016,SALARY,ACTIVE,2025-03-26,17574.02
501135,108700,B006,SALARY,ACTIVE,2020-12-15,20128.89
501136,105068,B009,SAVINGS,ACTIVE,2024-09-03,37685.96
501137,108110,B002,SAVINGS,ACTIVE,2019-10-12,8174.75
501138,104312,B008,SAVINGS,ACTIVE,2023-06-21,17652.91
501139,106741,B009,SAVINGS,ACTIVE,2023-12-02,15491.14
501140,105512,B011,SAVINGS,ACTIVE,2020-11-14,21318.1
501141,105421,B012,SAVINGS,ACTIVE,2019-03-26,156970.88
501142,100075,B018,SAVINGS,ACTIVE,2020-05-21,14827.14
501143,106046,B009,SAVINGS,ACTIVE,2025-02-18,7803.13
501144,107776,B017,SAVINGS,ACTIVE,2023-06-13,96925.35
501145,109674,B004,SALARY,ACTIVE,2019-10-18,39624.35
501146,108286,B001,SAVINGS,ACTIVE,2019-12-16,156347.16
501147,103820,B006,SALARY,ACTIVE,2024-05-29,11249.95
501148,100593,B014,SAVINGS,BLOCKED,2023-04-23,27261.59
501149,100452,B011,CURRENT,CLOSED,2020-02-17,33235.51
501150,109099,B010,SALARY,ACTIVE,2019-01-19,53902.19
501151,107002,B002,SAVINGS,ACTIVE,2024-01-15,96548.55
501152,104115,B003,SAVINGS,ACTIVE,2023-08-21,13172.34
501153,100794,B005,SALARY,ACTIVE,2022-02-05,19702.58
501154,102365,B001,SAVINGS,ACTIVE,2021-02-21,6511.56
501155,102058,B007,SAVINGS,ACTIVE,2025-10-04,16981.4
501156,100389,B009,SAVINGS,ACTIVE,2024-09-05,1453090.9
501157,102637,B020,SAVINGS,ACTIVE,2025-11-27,15337.19
501158,109809,B005,SAVINGS,ACTIVE,2022-03-28,16931.54
501159,109124,B011,SAVINGS,ACTIVE,2021-08-21,104741.84
501160,106643,B005,SALARY,ACTIVE,2020-07-14,67117.12
501161,102835,B007,SAVINGS,ACTIVE,2024-03-24,12612.41
501162,106164,B013,SALARY,ACTIVE,2021-06-21,39209.31
501163,102117,B014,SAVINGS,ACTIVE,2024-05-30,166436.74
501164,101467,B010,SALARY,ACTIVE,2026-04-08,240055.3
501165,102416,B005,SALARY,ACTIVE,2025-09-29,70928.7
501166,108029,B005,SAVINGS,ACTIVE,2023-12-09,10359.66
501167,108217,B009,SALARY,ACTIVE,2020-09-29,26034.53
501168,105897,B018,SAVINGS,ACTIVE,2025-04-10,20079.51
501169,108807,B007,SALARY,ACTIVE,2020-11-09,164277.84
501170,103558,B011,SALARY,ACTIVE,2021-03-08,9490.55
501171,100375,B014,SAVINGS,ACTIVE,2025-06-06,8319.88
501172,106259,B003,SAVINGS,ACTIVE,2024-11-08,7334.52
501173,107429,B005,CURRENT,ACTIVE,2020-09-15,5506.9
501174,101390,B004,SALARY,ACTIVE,2024-07-24,26165.58
501175,101139,B002,SAVINGS,ACTIVE,2025-06-13,13435.87
501176,104249,B020,SAVINGS,ACTIVE,2019-07-19,4299.65
501177,106385,B020,SAVINGS,ACTIVE,2024-10-25,10696.89
501178,101573,B010,SAVINGS,ACTIVE,2022-02-09,32549.24
501179,106604,B006,SAVINGS,ACTIVE,2022-07-19,44105.5
501180,101148,B015,SAVINGS,ACTIVE,2023-05-08,9470.03
501181,103118,B015,SAVINGS,ACTIVE,2025-08-15,6240.03
501182,109943,B020,CURRENT,ACTIVE,2020-12-10,97741.18
501183,100522,B018,SALARY,ACTIVE,2019-04-03,13261.42
501184,102858,B007,SAVINGS,ACTIVE,2023-09-18,211765.78
501185,103084,B005,SAVINGS,ACTIVE,2025-12-21,32023.11
501186,100113,B001,SALARY,ACTIVE,2021-07-31,2945.24
501187,106623,B017,SALARY,ACTIVE,2024-04-28,11080.92
501188,102186,B012,CURRENT,ACTIVE,2025-06-17,24083.67
501189,103724,B016,SAVINGS,ACTIVE,2022-02-22,55017.35
501190,103663,B001,SAVINGS,ACTIVE,2024-09-06,6830.05
501191,108232,B005,SALARY,ACTIVE,2025-06-27,21416.73
501192,100133,B008,SAVINGS,ACTIVE,2020-09-13,9919.33
501193,104292,B005,SAVINGS,ACTIVE,2025-02-08,55151.04
501194,106280,B004,SAVINGS,ACTIVE,2024-09-08,6085.81
501195,108634,B019,SAVINGS,ACTIVE,2025-11-20,25816.67
501196,105220,B018,CURRENT,ACTIVE,2022-04-13,15996.67
501197,101503,B010,SAVINGS,ACTIVE,2020-05-31,31462.64
501198,103408,B002,SAVINGS,ACTIVE,2021-01-08,17239.0
501199,102898,B011,CURRENT,ACTIVE,2025-11-15,7006.01
501200,108883,B018,CURRENT,ACTIVE,2020-12-20,17996.98
501201,106691,B007,SAVINGS,ACTIVE,2023-07-23,5719.42
501202,102431,B009,SAVINGS,ACTIVE,2020-07-05,7516.13
501203,106868,B013,SAVINGS,ACTIVE,2019-04-01,21252.82
501204,100915,B010,SALARY,ACTIVE,2025-12-14,3065.93
501205,107776,B020,SAVINGS,ACTIVE,2020-05-16,64799.29
501206,101038,B001,SAVINGS,ACTIVE,2025-02-25,32912.88
501207,100521,B006,SAVINGS,ACTIVE,2025-08-23,202595.67
501208,107921,B015,SAVINGS,ACTIVE,2019-01-20,247665.36
501209,105401,B010,CURRENT,CLOSED,2023-10-21,7002.48
501210,103410,B015,CURRENT,ACTIVE,2019-03-28,52963.03
501211,102043,B020,SAVINGS,ACTIVE,2023-04-28,29557.55
501212,109025,B014,SAVINGS,ACTIVE,2019-09-22,80173.94
501213,106661,B013,SAVINGS,ACTIVE,2026-04-29,16721.08
501214,100808,B004,SAVINGS,ACTIVE,2019-08-24,17288.44
501215,102317,B011,SAVINGS,ACTIVE,2020-06-05,21726.3
501216,105403,B009,SALARY,ACTIVE,2025-08-23,30965.03
501217,106290,B009,SAVINGS,ACTIVE,2020-09-20,22011.86
501218,102910,B017,SALARY,ACTIVE,2019-03-29,44608.16
501219,100797,B005,SAVINGS,ACTIVE,2021-02-08,13020.8
501220,109413,B001,SAVINGS,ACTIVE,2024-08-08,4489.75
501221,108863,B001,SAVINGS,ACTIVE,2022-05-21,14608.47
501222,104770,B016,SALARY,ACTIVE,2020-10-28,13918.33
501223,102761,B013,SAVINGS,ACTIVE,2021-11-09,289137.14
501224,102722,B016,SAVINGS,ACTIVE,2019-08-27,24075.9
501225,101937,B008,SALARY,ACTIVE,2021-03-31,59733.05
501226,100320,B019,SAVINGS,ACTIVE,2022-09-30,20908.79
501227,109989,B003,SAVINGS,ACTIVE,2021-07-06,6886.43
501228,104889,B012,SAVINGS,ACTIVE,2026-02-20,8203.24
501229,102294,B014,CURRENT,ACTIVE,2021-08-13,35931.33
501230,101550,B007,SAVINGS,ACTIVE,2020-01-27,63689.35
501231,104920,B008,SAVINGS,ACTIVE,2023-02-01,52721.08
501232,100748,B002,SAVINGS,ACTIVE,2023-10-19,34415.4
501233,108304,B011,SAVINGS,ACTIVE,2022-12-11,48292.26
501234,101505,B018,SAVINGS,CLOSED,2022-01-05,43265.78
501235,109363,B012,SAVINGS,ACTIVE,2022-12-25,38566.0
501236,105228,B011,SAVINGS,ACTIVE,2022-05-07,45683.14
501237,104381,B016,CURRENT,ACTIVE,2019-12-21,35152.95
501238,102466,B007,SALARY,ACTIVE,2019-04-07,14892.38
501239,106096,B011,SAVINGS,ACTIVE,2020-08-05,26794.36
501240,104229,B018,CURRENT,ACTIVE,2021-06-22,275502.78
501241,102977,B012,SAVINGS,BLOCKED,2019-03-02,42956.96
501242,105234,B015,SAVINGS,ACTIVE,2021-03-20,94570.15
501243,100416,B011,SAVINGS,ACTIVE,2026-01-20,15658.13
501244,100491,B002,SALARY,CLOSED,2023-06-03,22191.54
501245,109903,B013,SAVINGS,ACTIVE,2020-01-16,8900.57
501246,105566,B013,SALARY,ACTIVE,2023-01-27,13038.85
501247,108698,B002,CURRENT,ACTIVE,2025-08-20,54482.35
501248,104494,B017,SALARY,ACTIVE,2025-01-09,7612.62
501249,108889,B017,SAVINGS,ACTIVE,2019-10-12,193172.57
501250,105560,B006,SAVINGS,ACTIVE,2021-06-19,31943.09
501251,106311,B009,SALARY,ACTIVE,2021-03-27,177761.84
501252,106994,B005,SALARY,ACTIVE,2024-11-30,104193.7
501253,102414,B018,SAVINGS,ACTIVE,2021-09-23,33286.47
501254,107106,B019,SAVINGS,ACTIVE,2024-06-04,9912.92
501255,100667,B010,SAVINGS,ACTIVE,2024-04-08,16650.55
501256,106959,B015,CURRENT,ACTIVE,2019-07-27,26152.72
501257,104925,B004,CURRENT,ACTIVE,2019-12-19,23246.58
501258,100756,B018,CURRENT,ACTIVE,2020-09-27,33749.24
501259,102387,B008,SAVINGS,ACTIVE,2022-03-01,222041.3
501260,109048,B008,SAVINGS,ACTIVE,2022-01-18,15224.14
501261,104653,B004,CURRENT,ACTIVE,2020-04-16,9105.73
501262,108103,B019,SAVINGS,ACTIVE,2026-04-06,45021.71
501263,107437,B001,SAVINGS,ACTIVE,2019-06-09,38030.38
501264,108790,B012,SAVINGS,ACTIVE,2023-07-25,8999.05
501265,107342,B009,SAVINGS,ACTIVE,2025-11-11,88143.81
501266,101716,B012,SAVINGS,ACTIVE,2026-05-13,3912.35
501267,106116,B018,SALARY,ACTIVE,2022-03-07,82519.13
501268,105867,B006,SAVINGS,ACTIVE,2025-07-19,96868.36
501269,109964,B011,CURRENT,ACTIVE,2023-03-22,261551.35
501270,109327,B001,SALARY,ACTIVE,2021-11-05,18568.63
501271,105658,B013,SAVINGS,ACTIVE,2022-04-07,30139.64
501272,109329,B011,SAVINGS,BLOCKED,2019-02-21,31893.84
501273,109418,B012,SAVINGS,ACTIVE,2021-08-18,13781.94
501274,103716,B020,SAVINGS,ACTIVE,2024-04-19,33152.35
501275,103327,B008,SAVINGS,ACTIVE,2021-10-06,40667.54
501276,108528,B008,SAVINGS,ACTIVE,2022-05-09,39844.62
501277,106539,B014,SAVINGS,ACTIVE,2023-11-05,70615.89
501278,104626,B019,SAVINGS,ACTIVE,2021-03-24,58331.63
501279,109138,B006,SALARY,ACTIVE,2019-10-11,24638.87
501280,100823,B002,SAVINGS,ACTIVE,2022-04-10,5036.22
501281,106098,B009,SAVINGS,BLOCKED,2021-12-13,155118.95
501282,109733,B005,SAVINGS,ACTIVE,2024-12-10,7420.79
501283,108440,B010,SAVINGS,ACTIVE,2025-03-18,38491.23
501284,103088,B006,SAVINGS,ACTIVE,2023-09-02,5471.27
501285,108559,B008,CURRENT,ACTIVE,2024-06-17,15758.55
501286,102882,B008,SAVINGS,ACTIVE,2023-07-04,31714.6
501287,100103,B005,SAVINGS,ACTIVE,2019-05-02,35800.8
501288,108999,B012,SAVINGS,BLOCKED,2025-06-27,8152.83
501289,108767,B003,SAVINGS,ACTIVE,2019-05-08,151344.63
501290,107438,B017,CURRENT,ACTIVE,2020-02-11,16112.3
501291,108875,B013,SAVINGS,ACTIVE,2022-03-20,90395.28
501292,103637,B012,CURRENT,ACTIVE,2023-12-09,16596.85
501293,101460,B005,SALARY,ACTIVE,2024-07-08,19056.19
501294,107984,B003,CURRENT,ACTIVE,2020-03-25,277662.11
501295,103947,B007,SAVINGS,ACTIVE,2024-08-05,31752.37
501296,100201,B001,SAVINGS,CLOSED,2022-06-07,3500.79
501297,103573,B006,SALARY,ACTIVE,2025-01-30,29790.7
501298,105813,B014,SAVINGS,ACTIVE,2021-11-07,24846.82
501299,106285,B015,SAVINGS,ACTIVE,2022-12-11,16478.07
501300,102707,B015,SALARY,ACTIVE,2022-01-08,6743.97
501301,103526,B008,SAVINGS,ACTIVE,2021-01-19,12684.73
501302,105543,B001,SAVINGS,ACTIVE,2022-01-01,174228.9
501303,108318,B017,SAVINGS,ACTIVE,2026-01-08,13846.46
501304,103298,B002,SALARY,ACTIVE,2025-02-17,36184.18
501305,104041,B009,SAVINGS,ACTIVE,2023-07-21,14201.86
501306,107203,B018,SALARY,ACTIVE,2023-09-12,7279.93
501307,101653,B017,SAVINGS,ACTIVE,2019-12-12,14711.51
501308,106355,B012,CURRENT,ACTIVE,2025-06-30,65825.52
501309,101525,B013,CURRENT,ACTIVE,2025-12-12,86231.29
501310,107190,B010,SAVINGS,ACTIVE,2025-03-12,16556.45
501311,109344,B009,SAVINGS,ACTIVE,2024-03-17,16248.95
501312,107095,B002,SAVINGS,ACTIVE,2024-09-21,324750.46
501313,105737,B018,SAVINGS,ACTIVE,2019-08-03,46641.48
501314,107479,B006,SAVINGS,ACTIVE,2019-05-15,85624.15
501315,105724,B012,CURRENT,ACTIVE,2019-07-26,55441.88
501316,109839,B015,SAVINGS,ACTIVE,2022-07-28,142117.15
501317,101036,B018,SAVINGS,CLOSED,2021-12-27,25564.37
501318,104432,B012,SALARY,ACTIVE,2025-10-19,36152.42
501319,105838,B002,SAVINGS,ACTIVE,2021-09-07,18997.51
501320,107562,B011,SALARY,ACTIVE,2024-06-10,7119.59
501321,103183,B009,SAVINGS,ACTIVE,2024-03-16,17381.72
501322,102215,B016,SAVINGS,ACTIVE,2021-02-11,2774.27
501323,102761,B009,SALARY,ACTIVE,2020-10-13,10654.3
501324,109619,B015,SAVINGS,ACTIVE,2019-06-10,42812.41
501325,106405,B009,SAVINGS,ACTIVE,2022-04-25,115840.0
501326,108508,B006,SAVINGS,CLOSED,2022-07-09,7541.09
501327,106972,B014,SALARY,ACTIVE,2021-07-20,63423.36
501328,100968,B019,SAVINGS,ACTIVE,2023-11-25,20470.42
501329,107102,B007,SAVINGS,ACTIVE,2026-02-27,23266.28
501330,108009,B013,SAVINGS,ACTIVE,2019-10-31,81464.02
501331,109245,B016,SALARY,ACTIVE,2020-02-02,48870.29
501332,105842,B003,SAVINGS,ACTIVE,2021-10-12,6661.99
501333,103287,B001,SAVINGS,ACTIVE,2020-11-17,20871.95
501334,104016,B011,CURRENT,ACTIVE,2022-09-05,17533.88
501335,107229,B019,SAVINGS,ACTIVE,2019-07-30,65488.47
501336,101107,B009,SAVINGS,ACTIVE,2023-05-22,82922.03
501337,108012,B004,SALARY,ACTIVE,2023-10-03,54773.16
501338,106239,B017,SAVINGS,ACTIVE,2024-12-12,24077.38
501339,104504,B017,SAVINGS,ACTIVE,2022-11-15,9502.4
501340,105232,B019,SAVINGS,ACTIVE,2026-03-22,13494.71
501341,100024,B017,CURRENT,ACTIVE,2023-12-30,26297.47
501342,108357,B005,SAVINGS,ACTIVE,2021-08-11,37564.61
501343,109427,B008,SAVINGS,ACTIVE,2019-11-09,20145.41
501344,103966,B015,CURRENT,ACTIVE,2020-05-04,112443.92
501345,106696,B014,SAVINGS,ACTIVE,2022-05-28,68402.29
501346,105209,B011,SAVINGS,ACTIVE,2021-11-07,190530.28
501347,101500,B010,SAVINGS,ACTIVE,2021-01-14,7443.44
501348,104311,B019,SAVINGS,ACTIVE,2021-11-14,67638.64
501349,107992,B017,CURRENT,ACTIVE,2022-07-15,99435.64
501350,100797,B002,SALARY,ACTIVE,2021-09-03,10340.86
501351,105663,B014,SAVINGS,ACTIVE,2019-06-17,38691.03
501352,104621,B015,SAVINGS,ACTIVE,2020-04-17,28353.05
501353,104918,B010,SAVINGS,ACTIVE,2019-12-03,22915.84
501354,109575,B020,SAVINGS,ACTIVE,2021-02-16,8628.97
501355,104067,B007,SAVINGS,ACTIVE,2025-06-22,18041.74
501356,100166,B012,SAVINGS,ACTIVE,2026-04-28,12991.22
501357,105460,B001,SALARY,ACTIVE,2026-01-29,75665.39
501358,107350,B007,SAVINGS,ACTIVE,2025-12-10,138939.01
501359,108239,B020,SALARY,ACTIVE,2021-03-07,9885.12
501360,104234,B014,SAVINGS,ACTIVE,2024-02-03,64774.44
501361,103650,B014,CURRENT,ACTIVE,2021-12-19,31263.89
501362,101781,B001,SAVINGS,CLOSED,2021-06-10,39844.44
501363,102615,B002,SAVINGS,ACTIVE,2019-02-18,17853.86
501364,106819,B012,SAVINGS,ACTIVE,2024-08-29,12156.66
501365,105772,B003,SAVINGS,ACTIVE,2019-01-02,137439.25
501366,103689,B008,SAVINGS,BLOCKED,2024-12-24,16000.72
501367,109146,B008,SALARY,ACTIVE,2020-12-17,68453.11
501368,109917,B003,SAVINGS,ACTIVE,2020-02-08,61667.88
501369,106690,B020,SALARY,ACTIVE,2021-04-02,23355.29
501370,105174,B019,SAVINGS,ACTIVE,2023-08-13,53772.35
501371,107232,B018,SALARY,ACTIVE,2024-06-26,17698.16
501372,104133,B010,SAVINGS,ACTIVE,2026-05-18,45003.57
501373,102051,B003,SAVINGS,ACTIVE,2020-06-01,4072.66
501374,109628,B018,SAVINGS,ACTIVE,2021-06-25,14959.1
501375,108447,B019,SALARY,ACTIVE,2024-06-25,29374.68
501376,102852,B006,SAVINGS,ACTIVE,2019-04-06,4993.46
501377,100417,B015,SAVINGS,ACTIVE,2022-04-29,7754.58
501378,109702,B007,SALARY,ACTIVE,2025-03-20,4952.23
501379,109817,B017,SAVINGS,ACTIVE,2026-03-19,51336.61
501380,107746,B020,CURRENT,ACTIVE,2023-07-11,6508.57
501381,105771,B008,SAVINGS,ACTIVE,2023-12-11,8261.72
501382,105468,B012,SAVINGS,ACTIVE,2025-03-09,15499.19
501383,100702,B013,CURRENT,ACTIVE,2026-04-24,66128.53
501384,103713,B008,SAVINGS,CLOSED,2019-06-11,1192.23
501385,103049,B020,SAVINGS,ACTIVE,2025-09-17,16251.92
501386,100685,B016,SAVINGS,ACTIVE,2022-04-09,88669.4
501387,100791,B009,SAVINGS,ACTIVE,2019-05-07,10054.66
501388,109426,B002,SAVINGS,ACTIVE,2019-10-10,37422.68
501389,100986,B005,SAVINGS,ACTIVE,2024-04-17,47969.64
501390,106374,B016,SALARY,ACTIVE,2023-05-30,4848.15
501391,109590,B001,SAVINGS,ACTIVE,2020-02-02,18763.85
501392,105252,B004,SAVINGS,ACTIVE,2020-12-11,13377.3
501393,102357,B010,SAVINGS,ACTIVE,2019-10-16,32157.14
501394,106535,B001,SAVINGS,ACTIVE,2026-04-23,48120.79
501395,101536,B005,CURRENT,ACTIVE,2020-05-27,37112.57
501396,108877,B020,CURRENT,ACTIVE,2021-12-11,51307.66
501397,102816,B020,SALARY,ACTIVE,2025-07-30,10490.62
501398,102982,B005,SALARY,ACTIVE,2025-07-08,19553.65
501399,105696,B009,CURRENT,ACTIVE,2022-08-21,57783.7
501400,105186,B018,SAVINGS,ACTIVE,2025-01-25,45749.58
501401,109083,B002,SAVINGS,ACTIVE,2022-04-30,4253.52
501402,108179,B011,SAVINGS,ACTIVE,2019-12-28,36529.72
501403,102530,B017,CURRENT,ACTIVE,2022-12-30,5984.77
501404,108846,B004,SAVINGS,ACTIVE,2025-01-19,6995.13
501405,102474,B020,SALARY,BLOCKED,2024-04-18,83155.38
501406,107113,B011,SAVINGS,ACTIVE,2025-04-19,63951.25
501407,108310,B001,SAVINGS,ACTIVE,2025-07-06,12299.35
501408,105881,B004,CURRENT,ACTIVE,2019-08-05,30295.97
501409,102467,B019,SAVINGS,CLOSED,2021-08-23,44017.03
501410,103891,B002,SAVINGS,ACTIVE,2023-04-22,10272.13
501411,108764,B015,SAVINGS,ACTIVE,2021-11-01,2204.37
501412,102438,B007,SAVINGS,ACTIVE,2024-08-07,36622.98
501413,101551,B004,CURRENT,ACTIVE,2019-05-17,135098.92
501414,106439,B010,SAVINGS,ACTIVE,2022-03-03,13047.17
501415,108364,B015,SAVINGS,ACTIVE,2022-11-20,25154.88
501416,107140,B014,SAVINGS,ACTIVE,2020-10-19,84581.04
501417,103171,B007,SAVINGS,ACTIVE,2024-07-07,125137.51
501418,104830,B007,SAVINGS,ACTIVE,2020-06-03,41048.18
501419,103860,B010,SAVINGS,ACTIVE,2022-06-21,15548.56
501420,109461,B006,SAVINGS,ACTIVE,2023-02-04,30871.09
501421,105913,B013,SALARY,ACTIVE,2020-09-08,18212.71
501422,101572,B009,SALARY,ACTIVE,2019-07-17,17783.84
501423,100528,B002,SAVINGS,ACTIVE,2025-11-24,50517.3
501424,105180,B009,SAVINGS,ACTIVE,2021-08-16,41491.45
501425,104419,B003,SAVINGS,ACTIVE,2021-01-21,42561.98
501426,106733,B017,SAVINGS,ACTIVE,2023-03-06,19674.16
501427,105171,B009,CURRENT,ACTIVE,2021-12-12,132599.03
501428,109426,B003,SAVINGS,ACTIVE,2022-05-18,11101.52
501429,107646,B005,SALARY,ACTIVE,2022-09-18,3841.05
501430,102625,B002,SAVINGS,ACTIVE,2025-04-24,13260.48
501431,108468,B004,SAVINGS,ACTIVE,2024-01-19,40626.65
501432,102445,B011,SAVINGS,ACTIVE,2025-04-11,21473.47
501433,107077,B002,SAVINGS,ACTIVE,2023-01-12,8477.85
501434,104840,B012,SAVINGS,ACTIVE,2023-07-28,112485.96
501435,104652,B019,CURRENT,ACTIVE,2021-09-02,2971.19
501436,107032,B006,SAVINGS,ACTIVE,2021-07-25,22320.81
501437,103173,B001,SAVINGS,ACTIVE,2023-10-08,24424.64
501438,103142,B005,SALARY,ACTIVE,2021-03-12,347939.46
501439,100075,B017,SAVINGS,ACTIVE,2021-04-30,73263.52
501440,105087,B018,CURRENT,ACTIVE,2020-12-27,47455.52
501441,109677,B010,SAVINGS,ACTIVE,2021-05-21,305092.18
501442,101279,B005,SAVINGS,ACTIVE,2023-08-07,57573.57
501443,107464,B008,SAVINGS,ACTIVE,2021-03-22,72226.83
501444,109308,B013,SAVINGS,ACTIVE,2024-12-03,15658.6
501445,106905,B007,CURRENT,ACTIVE,2026-05-17,115735.11
501446,101966,B015,SAVINGS,ACTIVE,2022-10-19,9186.94
501447,102759,B015,SAVINGS,ACTIVE,2024-09-04,13601.96
501448,102532,B012,SAVINGS,ACTIVE,2024-02-05,163276.12
501449,100094,B011,SAVINGS,ACTIVE,2019-12-14,25740.55
501450,104242,B008,SAVINGS,ACTIVE,2023-10-03,32945.78
501451,105417,B010,SAVINGS,ACTIVE,2022-03-09,201994.94
501452,101385,B017,SAVINGS,ACTIVE,2019-02-25,12960.81
501453,108911,B003,SAVINGS,ACTIVE,2024-12-05,28785.02
501454,109556,B009,SAVINGS,ACTIVE,2019-02-09,5533.77
501455,100796,B008,SAVINGS,ACTIVE,2025-08-21,65791.85
501456,106550,B002,SAVINGS,ACTIVE,2023-08-12,66421.99
501457,107209,B002,SAVINGS,ACTIVE,2025-06-25,39548.12
501458,106604,B001,SAVINGS,ACTIVE,2023-08-01,11495.78
501459,107278,B014,CURRENT,ACTIVE,2020-05-23,45121.13
501460,102011,B019,CURRENT,ACTIVE,2025-11-10,11915.85
501461,100811,B002,SALARY,ACTIVE,2021-01-23,5824.87
501462,103402,B017,CURRENT,ACTIVE,2020-05-24,80493.85
501463,107749,B006,SAVINGS,ACTIVE,2020-08-30,32527.05
501464,101930,B018,SAVINGS,ACTIVE,2026-02-23,17908.94
501465,106592,B001,SAVINGS,ACTIVE,2023-07-19,53134.78
501466,100795,B006,SALARY,ACTIVE,2023-01-11,6808.52
501467,100891,B009,SAVINGS,ACTIVE,2022-10-29,76214.41
501468,104293,B006,CURRENT,ACTIVE,2023-05-19,53079.43
501469,102680,B020,SALARY,ACTIVE,2022-09-09,5176.08
501470,104589,B012,SAVINGS,ACTIVE,2023-11-23,103080.94
501471,102297,B008,SAVINGS,ACTIVE,2022-08-02,372120.55
501472,106751,B018,SAVINGS,ACTIVE,2025-01-01,131571.92
501473,100981,B020,SAVINGS,ACTIVE,2021-03-18,113661.05
501474,104426,B018,SAVINGS,BLOCKED,2019-09-04,24418.2
501475,106253,B015,SAVINGS,ACTIVE,2026-04-20,3454.05
501476,109892,B007,SAVINGS,ACTIVE,2024-05-09,23736.74
501477,107225,B015,SAVINGS,ACTIVE,2025-11-30,22733.07
501478,104873,B018,SAVINGS,ACTIVE,2024-10-11,21146.66
501479,107633,B009,SAVINGS,ACTIVE,2021-08-14,15937.28
501480,104491,B008,CURRENT,ACTIVE,2022-03-02,38716.64
501481,101165,B017,SALARY,ACTIVE,2019-11-28,13615.53
501482,102665,B004,SAVINGS,ACTIVE,2024-04-20,10929.63
501483,101056,B019,SALARY,ACTIVE,2025-03-05,21333.25
501484,106146,B004,SALARY,ACTIVE,2020-04-21,23971.4
501485,101272,B015,SAVINGS,ACTIVE,2021-12-22,15348.3
501486,108122,B012,SAVINGS,ACTIVE,2019-02-06,117143.12
501487,100569,B003,SAVINGS,ACTIVE,2025-12-17,45554.81
501488,109667,B002,SAVINGS,ACTIVE,2025-03-31,60414.61
501489,108450,B006,SALARY,ACTIVE,2021-08-09,76639.5
501490,101432,B012,CURRENT,ACTIVE,2026-03-30,16797.36
501491,103971,B012,SAVINGS,ACTIVE,2022-11-23,187129.76
501492,100271,B001,SAVINGS,ACTIVE,2026-02-26,61924.95
501493,108357,B012,SAVINGS,ACTIVE,2021-12-24,48003.11
501494,109781,B005,SAVINGS,ACTIVE,2021-08-22,7368.54
501495,105339,B008,CURRENT,ACTIVE,2021-08-14,9766.44
501496,104166,B018,SAVINGS,ACTIVE,2023-11-23,48536.63
501497,106765,B015,SAVINGS,BLOCKED,2024-10-06,8563.16
501498,106737,B019,SAVINGS,ACTIVE,2020-11-24,15904.94
501499,104270,B014,SAVINGS,ACTIVE,2022-01-16,32271.91
501500,109500,B014,SAVINGS,ACTIVE,2020-03-02,18519.79
501501,109622,B018,SAVINGS,ACTIVE,2025-05-09,62738.43
501502,100244,B002,SAVINGS,ACTIVE,2024-02-23,77313.54
501503,108275,B009,SALARY,ACTIVE,2019-10-03,8559.75
501504,101719,B019,SAVINGS,ACTIVE,2020-09-18,17040.14
501505,109468,B012,SAVINGS,ACTIVE,2025-06-15,19597.87
501506,107929,B006,CURRENT,ACTIVE,2020-11-13,21076.8
501507,104185,B014,SAVINGS,ACTIVE,2019-05-03,39350.88
501508,106819,B002,SAVINGS,ACTIVE,2025-07-11,1648.01
501509,103217,B017,CURRENT,ACTIVE,2021-10-18,26045.54
501510,104469,B007,SAVINGS,ACTIVE,2025-06-25,1827.0
501511,103153,B009,SAVINGS,CLOSED,2021-07-09,48576.52
501512,109592,B004,SALARY,ACTIVE,2023-05-05,16070.69
501513,109368,B005,SAVINGS,ACTIVE,2025-09-08,32058.98
501514,106595,B015,SALARY,ACTIVE,2025-06-26,20211.62
501515,103322,B002,SAVINGS,ACTIVE,2024-07-31,74835.0
501516,100292,B007,SAVINGS,ACTIVE,2019-05-15,12179.32
501517,101836,B019,SAVINGS,ACTIVE,2022-03-22,19930.23
501518,101017,B012,SAVINGS,ACTIVE,2020-10-03,51660.69
501519,102775,B020,SAVINGS,BLOCKED,2019-12-26,266284.35
501520,108848,B020,SAVINGS,ACTIVE,2019-06-23,11791.04
501521,106360,B003,SAVINGS,ACTIVE,2021-03-19,91490.87
501522,109586,B009,SAVINGS,BLOCKED,2021-05-18,6943.01
501523,102749,B020,CURRENT,ACTIVE,2026-04-11,11618.3
501524,102453,B007,SALARY,ACTIVE,2026-04-22,161204.22
501525,104813,B001,SAVINGS,ACTIVE,2023-10-24,33077.31
501526,102243,B012,SALARY,ACTIVE,2025-03-22,27630.32
501527,108950,B009,SAVINGS,ACTIVE,2023-12-08,17594.73
501528,100436,B013,SAVINGS,ACTIVE,2019-04-09,14491.84
501529,106494,B009,SAVINGS,ACTIVE,2024-12-14,15603.96
501530,101157,B012,SAVINGS,ACTIVE,2019-02-13,99837.66
501531,106905,B003,SALARY,ACTIVE,2020-08-14,8949.84
501532,102422,B003,CURRENT,ACTIVE,2023-07-19,7572.82
501533,107363,B002,SALARY,ACTIVE,2020-05-27,10343.98
501534,109103,B001,SAVINGS,ACTIVE,2022-08-16,18338.91
501535,102605,B014,SAVINGS,ACTIVE,2026-02-04,3009.55
501536,101350,B018,SALARY,ACTIVE,2023-11-07,8331.5
501537,104964,B008,SALARY,ACTIVE,2020-07-21,37873.46
501538,100768,B004,CURRENT,ACTIVE,2020-12-22,39726.1
501539,108225,B016,SAVINGS,ACTIVE,2021-05-16,109914.25
501540,109795,B001,SAVINGS,ACTIVE,2025-06-02,35479.62
501541,109940,B001,SAVINGS,ACTIVE,2022-02-19,53530.31
501542,101091,B012,SAVINGS,ACTIVE,2022-07-24,106668.74
501543,109974,B001,SAVINGS,ACTIVE,2025-11-20,17685.02
501544,101710,B004,SALARY,ACTIVE,2021-02-09,84514.92
501545,101449,B006,SAVINGS,ACTIVE,2023-10-21,48764.6
501546,105273,B020,SAVINGS,ACTIVE,2024-03-02,21672.53
501547,105661,B010,SAVINGS,ACTIVE,2022-09-22,65413.51
501548,102714,B014,SALARY,ACTIVE,2025-05-25,5506.97
501549,106733,B007,SAVINGS,ACTIVE,2023-12-24,24266.49
501550,104158,B020,SAVINGS,ACTIVE,2021-08-26,23586.6
501551,108171,B018,SAVINGS,ACTIVE,2019-10-27,75316.61
501552,104169,B017,SAVINGS,ACTIVE,2020-07-31,28495.84
501553,106125,B006,SAVINGS,BLOCKED,2024-12-29,42954.27
501554,105748,B007,CURRENT,ACTIVE,2019-04-01,74832.95
501555,108306,B003,SALARY,ACTIVE,2020-06-08,25829.77
501556,100196,B014,SAVINGS,ACTIVE,2021-04-17,4114.17
501557,101615,B016,CURRENT,ACTIVE,2020-08-03,29985.27
501558,108110,B009,SAVINGS,ACTIVE,2025-07-27,7965.31
501559,102281,B001,SAVINGS,ACTIVE,2023-11-17,31200.89
501560,103559,B005,SALARY,ACTIVE,2025-03-23,32608.45
501561,105117,B011,SALARY,ACTIVE,2023-12-25,111695.24
501562,109963,B011,SAVINGS,ACTIVE,2023-10-04,27756.31
501563,108801,B009,SAVINGS,ACTIVE,2020-01-12,21427.76
501564,108556,B019,SAVINGS,ACTIVE,2022-04-28,13728.93
501565,105825,B003,SAVINGS,ACTIVE,2021-04-02,33290.26
501566,100178,B001,SALARY,ACTIVE,2022-02-03,93882.83
501567,101998,B007,SAVINGS,ACTIVE,2020-09-13,7973.38
501568,108395,B019,SALARY,CLOSED,2021-06-26,48807.24
501569,103590,B020,SALARY,ACTIVE,2021-01-28,16930.84
501570,102015,B006,CURRENT,ACTIVE,2024-07-09,21262.64
501571,101901,B011,SALARY,ACTIVE,2024-10-06,11366.76
501572,100002,B002,SAVINGS,ACTIVE,2020-09-10,8656.3
501573,104433,B008,SAVINGS,CLOSED,2021-09-12,33663.86
501574,100451,B020,SAVINGS,ACTIVE,2024-05-29,31512.98
501575,102138,B010,SAVINGS,ACTIVE,2024-03-11,22550.32
501576,108596,B003,SAVINGS,ACTIVE,2021-03-08,42083.91
501577,105926,B015,SAVINGS,ACTIVE,2022-02-10,6280.84
501578,103520,B020,SALARY,ACTIVE,2019-01-07,34632.45
501579,105337,B007,SAVINGS,CLOSED,2024-11-07,48872.28
501580,103298,B013,SAVINGS,ACTIVE,2019-11-15,12141.9
501581,107442,B014,CURRENT,ACTIVE,2023-03-30,31336.04
501582,108034,B018,SAVINGS,ACTIVE,2021-11-10,65899.1
501583,105232,B019,SAVINGS,ACTIVE,2022-05-19,11111.86
501584,109930,B013,CURRENT,ACTIVE,2021-04-18,51746.68
501585,100525,B015,SAVINGS,ACTIVE,2025-12-28,23426.38
501586,108990,B001,SAVINGS,ACTIVE,2023-08-13,48027.82
501587,105773,B007,SAVINGS,ACTIVE,2022-12-12,27208.78
501588,109628,B016,SAVINGS,ACTIVE,2020-03-29,7450.14
501589,105051,B019,SALARY,ACTIVE,2025-04-24,17374.78
501590,100883,B015,SAVINGS,ACTIVE,2020-10-08,25099.22
501591,106502,B007,CURRENT,ACTIVE,2022-08-14,4986.53
501592,104084,B004,SALARY,ACTIVE,2022-11-30,304965.27
501593,109183,B012,SAVINGS,ACTIVE,2021-09-24,19554.59
501594,102439,B002,SAVINGS,ACTIVE,2025-01-25,27627.81
501595,100335,B016,CURRENT,ACTIVE,2020-11-05,19150.79
501596,106180,B008,SAVINGS,ACTIVE,2023-09-29,10054.36
501597,104987,B014,SALARY,ACTIVE,2025-10-28,35565.12
501598,109687,B001,SALARY,ACTIVE,2024-08-25,31375.27
501599,105765,B006,SALARY,ACTIVE,2022-01-03,2087.69
501600,109664,B001,SAVINGS,ACTIVE,2022-09-11,20334.22
501601,108340,B007,SALARY,ACTIVE,2026-04-18,33969.61
501602,106646,B017,SAVINGS,ACTIVE,2020-12-17,10556.36
501603,108474,B007,SAVINGS,ACTIVE,2025-08-04,5188.79
501604,107752,B017,SAVINGS,ACTIVE,2023-02-13,82518.24
501605,105905,B011,SAVINGS,ACTIVE,2025-11-21,22277.53
501606,108734,B010,SALARY,ACTIVE,2021-03-12,3731.34
501607,103872,B014,SAVINGS,CLOSED,2025-06-06,42456.58
501608,104410,B010,CURRENT,ACTIVE,2026-02-25,7601.56
501609,102927,B012,SAVINGS,ACTIVE,2020-02-08,150423.59
501610,105530,B008,SALARY,ACTIVE,2021-03-08,15489.32
501611,105926,B020,SALARY,ACTIVE,2021-05-14,2989.92
501612,108752,B003,SALARY,ACTIVE,2023-11-18,106416.71
501613,100004,B018,CURRENT,ACTIVE,2026-04-19,26311.52
501614,103919,B013,SAVINGS,ACTIVE,2021-10-20,13199.5
501615,102869,B012,SAVINGS,ACTIVE,2021-06-11,31246.39
501616,103754,B007,SAVINGS,ACTIVE,2023-04-16,46524.78
501617,105339,B005,SAVINGS,ACTIVE,2019-11-03,217691.34
501618,108335,B006,SAVINGS,ACTIVE,2019-05-27,13844.75
501619,102919,B008,SALARY,ACTIVE,2021-04-15,10075.66
501620,108731,B002,CURRENT,ACTIVE,2019-09-15,585194.3
501621,109597,B003,SAVINGS,ACTIVE,2020-01-21,6916.01
501622,107607,B011,SAVINGS,ACTIVE,2020-09-06,22536.2
501623,100044,B016,SAVINGS,ACTIVE,2019-06-11,13483.34
501624,104677,B020,SALARY,ACTIVE,2019-07-28,9801.02
501625,104860,B008,SAVINGS,CLOSED,2022-05-09,16422.05
501626,104121,B019,SAVINGS,CLOSED,2023-03-23,10213.44
501627,108953,B016,CURRENT,ACTIVE,2019-04-08,40644.35
501628,101181,B004,SAVINGS,ACTIVE,2023-10-01,26091.26
501629,101046,B005,SAVINGS,ACTIVE,2019-01-17,18424.46
501630,103224,B010,SAVINGS,ACTIVE,2021-01-17,42484.81
501631,102174,B004,SAVINGS,ACTIVE,2023-06-12,3345.17
501632,102323,B010,SAVINGS,ACTIVE,2021-12-15,26302.29
501633,108975,B004,SAVINGS,ACTIVE,2024-03-23,17940.1
501634,101861,B008,SAVINGS,ACTIVE,2021-01-28,24056.96
501635,100537,B008,SAVINGS,ACTIVE,2021-01-02,44799.77
501636,107507,B005,SALARY,ACTIVE,2025-12-13,34326.84
501637,106816,B003,SAVINGS,ACTIVE,2021-02-19,91682.03
501638,106602,B015,SALARY,ACTIVE,2024-11-29,19804.73
501639,106095,B001,SAVINGS,ACTIVE,2020-11-03,24708.66
501640,100685,B008,CURRENT,ACTIVE,2019-01-11,37879.96
501641,109692,B015,SAVINGS,ACTIVE,2023-05-14,4507.53
501642,101632,B016,SAVINGS,ACTIVE,2022-11-25,118060.92
501643,101602,B008,SAVINGS,ACTIVE,2023-04-30,47907.94
501644,103593,B002,SAVINGS,ACTIVE,2022-03-25,14954.55
501645,101772,B016,SAVINGS,ACTIVE,2020-06-29,19302.22
501646,104390,B018,SAVINGS,ACTIVE,2023-02-01,74300.48
501647,103993,B004,SAVINGS,ACTIVE,2024-08-21,13067.26
501648,108501,B016,SAVINGS,BLOCKED,2023-09-30,77573.68
501649,100132,B012,SAVINGS,ACTIVE,2022-04-08,90794.16
501650,100390,B007,SALARY,ACTIVE,2020-05-09,15164.72
501651,104785,B020,CURRENT,ACTIVE,2023-09-06,9898.19
501652,102239,B015,SALARY,ACTIVE,2019-01-09,86579.94
501653,106526,B005,SALARY,ACTIVE,2023-01-27,55430.1
501654,108857,B012,CURRENT,ACTIVE,2023-09-04,28475.69
501655,101855,B005,SAVINGS,ACTIVE,2024-12-13,33802.03
501656,103700,B006,SALARY,ACTIVE,2021-09-06,19050.9
501657,101109,B015,SAVINGS,ACTIVE,2019-02-23,31092.1
501658,102235,B008,SAVINGS,ACTIVE,2020-02-16,75920.61
501659,109149,B007,CURRENT,ACTIVE,2020-05-03,83920.51
501660,105829,B012,SAVINGS,ACTIVE,2022-03-08,74644.45
501661,100455,B005,SAVINGS,ACTIVE,2021-03-27,22284.45
501662,109611,B011,SAVINGS,ACTIVE,2021-01-31,7520.13
501663,107045,B003,CURRENT,ACTIVE,2021-05-15,319732.66
501664,109342,B005,SAVINGS,BLOCKED,2020-05-26,7572.88
501665,104968,B007,CURRENT,ACTIVE,2025-01-10,35275.65
501666,105256,B018,SAVINGS,ACTIVE,2026-04-28,27611.31
501667,100084,B006,SAVINGS,ACTIVE,2022-03-11,203179.24
501668,101038,B019,SAVINGS,ACTIVE,2020-02-17,123594.68
501669,103678,B006,SALARY,ACTIVE,2025-01-21,2356.73
501670,101467,B014,SAVINGS,ACTIVE,2023-01-21,4011.32
501671,100771,B016,SAVINGS,ACTIVE,2019-02-10,121973.94
501672,103137,B013,SAVINGS,BLOCKED,2024-12-27,66396.22
501673,106529,B009,SAVINGS,BLOCKED,2020-05-09,12036.52
501674,108612,B015,CURRENT,ACTIVE,2023-03-07,37152.5
501675,102181,B015,SAVINGS,ACTIVE,2024-02-27,19680.8
501676,107992,B005,SALARY,ACTIVE,2026-03-21,20157.76
501677,100309,B008,SAVINGS,ACTIVE,2020-10-03,46227.32
501678,109764,B006,CURRENT,ACTIVE,2019-07-08,47223.67
501679,104758,B003,SAVINGS,ACTIVE,2023-11-04,19966.31
501680,105063,B001,SALARY,ACTIVE,2021-11-08,16651.58
501681,101929,B007,SAVINGS,ACTIVE,2022-06-28,15513.54
501682,105802,B002,SAVINGS,ACTIVE,2019-10-06,14821.13
501683,107404,B010,SAVINGS,ACTIVE,2022-08-14,7429.86
501684,103163,B006,SALARY,ACTIVE,2020-09-08,81793.3
501685,100058,B003,SALARY,ACTIVE,2025-04-29,541932.18
501686,105114,B003,SAVINGS,ACTIVE,2025-09-06,23881.67
501687,108148,B006,SAVINGS,CLOSED,2021-07-10,24418.56
501688,107237,B008,SAVINGS,ACTIVE,2023-09-02,667617.66
501689,105831,B009,SAVINGS,ACTIVE,2025-09-13,4853.52
501690,100398,B006,CURRENT,ACTIVE,2022-02-05,13311.59
501691,102265,B017,SAVINGS,ACTIVE,2019-07-26,39528.11
501692,108873,B017,SAVINGS,ACTIVE,2022-07-22,22324.68
501693,108630,B006,CURRENT,ACTIVE,2024-02-15,12587.98
501694,106131,B020,SAVINGS,ACTIVE,2024-09-13,257322.06
501695,109967,B006,SALARY,ACTIVE,2020-05-09,76790.61
501696,103130,B006,CURRENT,ACTIVE,2019-12-10,45186.52
501697,108691,B005,SAVINGS,ACTIVE,2021-10-31,81467.62
501698,103228,B004,SAVINGS,ACTIVE,2021-02-04,39399.04
501699,100085,B007,SAVINGS,ACTIVE,2026-01-09,70731.88
501700,109914,B005,SAVINGS,ACTIVE,2026-03-18,64575.73
501701,105487,B001,CURRENT,ACTIVE,2025-04-20,3482.4
501702,102985,B002,CURRENT,ACTIVE,2022-08-20,26400.66
501703,105658,B002,CURRENT,ACTIVE,2025-07-27,26451.38
501704,105590,B011,SAVINGS,ACTIVE,2024-04-21,9264.8
501705,108859,B014,CURRENT,ACTIVE,2022-05-01,13432.05
501706,103597,B017,SAVINGS,ACTIVE,2023-06-24,20839.94
501707,108288,B009,CURRENT,ACTIVE,2020-01-06,24064.74
501708,105540,B007,CURRENT,ACTIVE,2020-06-15,154758.79
501709,108366,B017,SAVINGS,ACTIVE,2025-08-30,78155.24
501710,104236,B016,SAVINGS,ACTIVE,2021-04-24,20161.93
501711,100661,B016,SAVINGS,ACTIVE,2019-01-08,96044.68
501712,104881,B019,SAVINGS,ACTIVE,2025-11-08,19003.54
501713,103067,B016,SAVINGS,ACTIVE,2023-03-05,2603.81
501714,100797,B001,SAVINGS,ACTIVE,2023-08-27,20964.09
501715,105300,B006,SAVINGS,ACTIVE,2023-03-06,100376.88
501716,100636,B012,CURRENT,ACTIVE,2023-02-02,197220.4
501717,105300,B008,SAVINGS,BLOCKED,2025-03-29,32175.27
501718,108534,B006,SAVINGS,CLOSED,2019-09-01,21735.0
501719,106488,B003,SAVINGS,ACTIVE,2023-01-25,25497.79
501720,108496,B013,SAVINGS,ACTIVE,2020-06-22,15846.32
501721,109770,B019,SALARY,ACTIVE,2024-05-20,23026.78
501722,109786,B001,SAVINGS,ACTIVE,2020-07-02,9267.81
501723,108095,B005,SAVINGS,ACTIVE,2019-08-21,6779.45
501724,106137,B001,SAVINGS,ACTIVE,2019-11-16,21428.12
501725,106564,B019,SAVINGS,ACTIVE,2021-10-11,20794.34
501726,103020,B002,SAVINGS,ACTIVE,2023-11-11,7394.96
501727,108498,B007,SAVINGS,ACTIVE,2021-10-21,28736.47
501728,108757,B016,SAVINGS,ACTIVE,2025-02-23,35868.78
501729,105676,B006,SAVINGS,ACTIVE,2024-01-14,56903.21
501730,109478,B008,SAVINGS,ACTIVE,2025-01-21,1974.9
501731,109432,B007,SAVINGS,ACTIVE,2025-08-09,38007.71
501732,102932,B018,CURRENT,ACTIVE,2022-08-10,78061.27
501733,107224,B019,SAVINGS,ACTIVE,2023-08-20,53573.78
501734,104162,B005,SAVINGS,ACTIVE,2026-04-18,48650.39
501735,108612,B008,SAVINGS,ACTIVE,2022-05-10,21433.68
501736,105058,B005,SAVINGS,ACTIVE,2025-04-04,12235.44
501737,108436,B003,SALARY,ACTIVE,2024-04-17,29209.64
501738,104329,B003,SAVINGS,ACTIVE,2020-08-16,46972.43
501739,105858,B019,CURRENT,ACTIVE,2026-02-07,48050.34
501740,105840,B018,SAVINGS,ACTIVE,2022-08-13,133624.84
501741,106541,B013,SALARY,ACTIVE,2025-07-07,14324.91
501742,109033,B016,SAVINGS,ACTIVE,2024-10-22,26281.01
501743,105693,B019,SAVINGS,ACTIVE,2023-09-21,28384.64
501744,109154,B001,SALARY,ACTIVE,2020-12-24,8117.21
501745,101164,B015,SALARY,ACTIVE,2020-07-10,13845.0
501746,101033,B016,SAVINGS,ACTIVE,2019-10-04,20003.24
501747,106254,B011,SAVINGS,ACTIVE,2023-09-14,21748.14
501748,107166,B016,SAVINGS,ACTIVE,2022-07-04,13761.11
501749,104906,B005,SAVINGS,ACTIVE,2021-06-03,92529.97
501750,101283,B002,SAVINGS,ACTIVE,2024-06-04,34992.77
501751,108674,B006,SAVINGS,ACTIVE,2024-06-11,55853.17
501752,103262,B003,SAVINGS,ACTIVE,2020-10-29,17285.86
501753,104642,B019,SAVINGS,ACTIVE,2020-11-02,8484.23
501754,103976,B014,SAVINGS,ACTIVE,2025-09-17,47017.19
501755,102236,B003,SAVINGS,ACTIVE,2019-01-09,987.53
501756,109091,B005,CURRENT,ACTIVE,2025-05-26,36211.01
501757,101671,B002,SAVINGS,ACTIVE,2023-08-20,2106.84
501758,103631,B001,SAVINGS,ACTIVE,2019-06-26,70242.48
501759,107788,B001,SAVINGS,ACTIVE,2024-11-30,3358.39
501760,106015,B015,SAVINGS,ACTIVE,2025-06-10,9646.05
501761,100243,B019,SALARY,ACTIVE,2021-12-13,61660.41
501762,106340,B015,CURRENT,ACTIVE,2025-12-15,6074.79
501763,107904,B002,SALARY,BLOCKED,2024-10-06,27196.95
501764,103607,B002,SAVINGS,ACTIVE,2024-09-21,140978.27
501765,107921,B013,SAVINGS,ACTIVE,2020-07-19,115744.69
501766,106982,B004,CURRENT,ACTIVE,2022-09-04,39928.02
501767,105045,B002,SAVINGS,ACTIVE,2022-02-11,125955.51
501768,105272,B004,SAVINGS,ACTIVE,2022-06-01,40003.49
501769,106306,B015,CURRENT,ACTIVE,2021-11-17,11114.49
501770,103239,B014,SAVINGS,ACTIVE,2024-08-16,4814.67
501771,101768,B013,SAVINGS,ACTIVE,2020-07-20,27398.94
501772,104564,B006,SAVINGS,ACTIVE,2022-03-29,27877.22
501773,100155,B007,SAVINGS,ACTIVE,2021-12-06,148108.49
501774,102038,B006,SAVINGS,ACTIVE,2025-07-30,33167.87
501775,104157,B019,SAVINGS,ACTIVE,2020-05-24,75402.51
501776,100339,B010,SALARY,BLOCKED,2022-03-15,46545.87
501777,108525,B004,CURRENT,ACTIVE,2020-02-02,29049.58
501778,103649,B006,SAVINGS,ACTIVE,2020-10-10,5864.34
501779,103806,B012,SALARY,ACTIVE,2019-06-20,7575.6
501780,109170,B013,CURRENT,ACTIVE,2025-02-25,42037.36
501781,107967,B003,CURRENT,ACTIVE,2022-05-22,34066.3
501782,103800,B001,SAVINGS,ACTIVE,2025-04-27,4697.5
501783,102656,B007,SAVINGS,ACTIVE,2020-02-10,13391.35
501784,108859,B012,CURRENT,ACTIVE,2023-05-06,4715.46
501785,103926,B017,SAVINGS,ACTIVE,2022-07-13,91270.14
501786,100813,B003,SAVINGS,ACTIVE,2024-05-03,28969.05
501787,104408,B016,SAVINGS,ACTIVE,2020-07-21,62123.99
501788,104712,B001,SALARY,ACTIVE,2026-03-30,6600.26
501789,106072,B016,CURRENT,CLOSED,2025-03-02,17809.24
501790,102944,B008,SAVINGS,ACTIVE,2023-10-18,14002.85
501791,108126,B002,SALARY,ACTIVE,2022-06-24,15926.41
501792,104171,B017,SALARY,ACTIVE,2021-07-06,147332.83
501793,105253,B015,SALARY,ACTIVE,2022-04-22,52835.58
501794,106988,B005,SAVINGS,BLOCKED,2024-11-26,48497.77
501795,107956,B014,SAVINGS,ACTIVE,2022-05-28,17918.4
501796,103096,B004,CURRENT,ACTIVE,2025-12-27,16149.2
501797,100204,B019,SAVINGS,ACTIVE,2024-06-05,45608.34
501798,101382,B011,CURRENT,ACTIVE,2021-11-12,268593.67
501799,105558,B020,SAVINGS,ACTIVE,2026-02-21,20670.62
501800,100410,B012,SAVINGS,ACTIVE,2024-06-18,5211.66
501801,104585,B010,SAVINGS,ACTIVE,2024-05-31,18932.15
501802,103010,B012,SAVINGS,ACTIVE,2022-01-16,33806.78
501803,103050,B004,SALARY,ACTIVE,2025-06-13,92028.79
501804,107170,B013,SAVINGS,ACTIVE,2021-03-27,51378.64
501805,106285,B004,SALARY,ACTIVE,2019-07-06,35517.14
501806,104696,B012,SAVINGS,CLOSED,2021-05-08,12725.79
501807,100158,B003,SAVINGS,ACTIVE,2024-02-22,37692.21
501808,109868,B003,SALARY,ACTIVE,2020-12-12,4483.64
501809,109693,B003,SALARY,ACTIVE,2024-12-30,56595.51
501810,102283,B011,SAVINGS,ACTIVE,2025-04-05,5880.68
501811,106575,B005,SAVINGS,ACTIVE,2021-11-28,28112.17
501812,109121,B005,SAVINGS,ACTIVE,2025-04-14,20239.47
501813,105985,B008,SAVINGS,ACTIVE,2025-10-28,83946.51
501814,108234,B010,SAVINGS,ACTIVE,2023-01-06,11367.6
501815,102430,B019,SAVINGS,ACTIVE,2021-03-29,3367.38
501816,107754,B003,SALARY,ACTIVE,2021-01-08,27159.39
501817,104061,B012,SAVINGS,ACTIVE,2024-08-17,59164.36
501818,106961,B012,SAVINGS,ACTIVE,2023-02-17,123195.84
501819,102390,B010,CURRENT,ACTIVE,2019-03-08,18859.76
501820,100208,B016,SAVINGS,ACTIVE,2021-03-21,82208.26
501821,100753,B015,SAVINGS,ACTIVE,2021-09-12,33181.91
501822,107701,B019,SAVINGS,ACTIVE,2020-08-28,46387.06
501823,109662,B020,SAVINGS,ACTIVE,2026-01-16,40715.39
501824,102080,B018,CURRENT,ACTIVE,2020-04-11,4325.63
501825,100049,B008,SAVINGS,ACTIVE,2022-12-28,6721.78
501826,103003,B004,SAVINGS,ACTIVE,2022-04-20,9043.78
501827,108370,B011,SAVINGS,ACTIVE,2024-03-13,13945.17
501828,102205,B010,CURRENT,ACTIVE,2021-09-28,12873.24
501829,104258,B010,SAVINGS,ACTIVE,2019-12-30,21405.07
501830,104297,B001,SAVINGS,ACTIVE,2022-08-25,22932.12
501831,109076,B018,CURRENT,ACTIVE,2023-05-31,18653.38
501832,102144,B008,SALARY,ACTIVE,2025-04-14,121897.06
501833,108747,B011,SAVINGS,ACTIVE,2021-09-15,75302.57
501834,108532,B011,SAVINGS,ACTIVE,2022-04-02,17687.46
501835,100718,B020,SAVINGS,ACTIVE,2025-04-02,94441.25
501836,106800,B015,SAVINGS,ACTIVE,2023-03-06,452841.59
501837,101633,B005,SAVINGS,ACTIVE,2023-09-15,32355.62
501838,106443,B006,SAVINGS,ACTIVE,2024-11-13,9439.97
501839,100638,B006,SAVINGS,ACTIVE,2019-11-22,16268.36
501840,107408,B009,SAVINGS,ACTIVE,2025-03-03,58101.37
501841,100406,B011,SAVINGS,ACTIVE,2020-08-26,12099.19
501842,103170,B018,SAVINGS,ACTIVE,2019-04-16,11738.63
501843,107006,B005,SAVINGS,ACTIVE,2021-10-13,22335.55
501844,105528,B014,SAVINGS,ACTIVE,2025-04-30,76189.51
501845,101662,B008,SALARY,ACTIVE,2026-05-16,48366.62
501846,106433,B012,SAVINGS,ACTIVE,2024-03-26,120684.8
501847,109132,B002,SAVINGS,ACTIVE,2020-10-30,6321.84
501848,105634,B010,SAVINGS,ACTIVE,2024-01-03,16233.57
501849,100516,B014,SALARY,ACTIVE,2022-08-10,10428.27
501850,105789,B011,SAVINGS,ACTIVE,2020-07-30,10462.28
501851,100443,B001,SAVINGS,ACTIVE,2023-09-04,22628.61
501852,100616,B007,SAVINGS,ACTIVE,2023-12-23,42292.58
501853,101797,B007,SAVINGS,ACTIVE,2026-04-23,14200.84
501854,104556,B002,SAVINGS,ACTIVE,2022-05-06,54377.0
501855,100832,B008,SALARY,ACTIVE,2025-04-23,6121.57
501856,105786,B012,SAVINGS,ACTIVE,2026-01-22,73266.9
501857,102329,B009,SAVINGS,ACTIVE,2025-06-29,13773.12
501858,101085,B018,SAVINGS,ACTIVE,2019-11-10,94425.25
501859,106457,B011,SAVINGS,ACTIVE,2026-01-29,94485.3
501860,101824,B020,SAVINGS,ACTIVE,2025-08-25,7693.88
501861,101662,B016,CURRENT,ACTIVE,2019-04-03,23835.31
501862,105686,B002,CURRENT,ACTIVE,2025-05-31,17899.49
501863,105727,B013,SAVINGS,ACTIVE,2023-10-27,15638.07
501864,101745,B005,SAVINGS,ACTIVE,2019-09-10,48011.7
501865,104913,B008,SAVINGS,ACTIVE,2019-11-07,32521.3
501866,105119,B015,CURRENT,ACTIVE,2019-09-21,14412.15
501867,102363,B018,SAVINGS,ACTIVE,2025-03-08,15063.95
501868,102208,B012,SAVINGS,ACTIVE,2020-08-02,88088.01
501869,109602,B010,SAVINGS,ACTIVE,2026-02-25,4932.75
501870,101771,B018,SAVINGS,ACTIVE,2019-01-04,17182.58
501871,109728,B014,SAVINGS,ACTIVE,2025-11-27,71788.16
501872,107929,B008,SAVINGS,ACTIVE,2020-09-20,12193.37
501873,100648,B005,SAVINGS,ACTIVE,2025-01-30,28443.8
501874,108103,B012,SAVINGS,ACTIVE,2024-11-28,27621.54
501875,103978,B001,SAVINGS,ACTIVE,2019-07-14,22950.66
501876,103300,B019,SAVINGS,ACTIVE,2024-11-21,23435.0
501877,105720,B019,SAVINGS,ACTIVE,2024-06-18,5108.99
501878,103233,B014,SAVINGS,ACTIVE,2019-11-09,14917.36
501879,105202,B006,SAVINGS,ACTIVE,2021-11-26,18865.01
501880,104129,B005,CURRENT,ACTIVE,2025-10-12,195697.56
501881,105470,B014,SAVINGS,ACTIVE,2025-10-09,10454.92
501882,101991,B016,SAVINGS,ACTIVE,2026-02-18,1302.2
501883,108715,B013,SAVINGS,ACTIVE,2026-03-10,158897.29
501884,105498,B003,CURRENT,ACTIVE,2020-05-18,44807.24
501885,107942,B019,SAVINGS,ACTIVE,2020-11-10,27135.01
501886,109719,B003,SAVINGS,ACTIVE,2023-06-18,18596.67
501887,106791,B001,SAVINGS,ACTIVE,2021-07-16,5898.57
501888,107619,B007,SAVINGS,ACTIVE,2019-11-18,136359.86
501889,109110,B005,SAVINGS,ACTIVE,2024-03-29,19719.63
501890,102794,B010,SAVINGS,ACTIVE,2022-10-01,11665.08
501891,107869,B012,SAVINGS,ACTIVE,2024-01-21,289945.17
501892,103515,B014,CURRENT,ACTIVE,2022-12-09,25894.88
501893,101178,B005,CURRENT,ACTIVE,2019-05-10,60886.54
501894,101942,B016,SAVINGS,ACTIVE,2020-04-11,254060.47
501895,107759,B005,SAVINGS,ACTIVE,2025-06-24,31357.5
501896,106997,B013,SALARY,ACTIVE,2025-04-04,23505.34
501897,107854,B013,SAVINGS,ACTIVE,2020-01-11,14257.44
501898,103383,B015,SAVINGS,ACTIVE,2021-02-14,24211.77
501899,108564,B015,SAVINGS,ACTIVE,2026-03-15,87898.17
501900,108756,B020,SAVINGS,ACTIVE,2019-09-22,17096.11
501901,100326,B005,SAVINGS,ACTIVE,2021-02-27,63732.11
501902,107220,B001,SAVINGS,BLOCKED,2022-07-21,17914.61
501903,109976,B001,SALARY,BLOCKED,2021-12-26,51288.32
501904,103592,B018,SAVINGS,ACTIVE,2020-01-26,89311.42
501905,107474,B017,SAVINGS,ACTIVE,2023-12-13,19606.92
501906,103847,B012,SAVINGS,ACTIVE,2023-10-08,200454.92
501907,108437,B018,SAVINGS,ACTIVE,2025-01-19,103042.61
501908,101335,B008,CURRENT,ACTIVE,2022-04-09,22555.81
501909,107652,B007,SALARY,ACTIVE,2021-03-21,13762.39
501910,104702,B004,SAVINGS,ACTIVE,2024-09-26,2042.44
501911,109368,B008,SAVINGS,ACTIVE,2022-04-28,75460.61
501912,109332,B020,SAVINGS,ACTIVE,2023-10-24,55606.3
501913,107690,B017,SAVINGS,ACTIVE,2023-09-08,21509.63
501914,106382,B013,CURRENT,ACTIVE,2020-07-03,2207.62
501915,103266,B014,SAVINGS,ACTIVE,2023-04-21,4312.82
501916,104828,B013,SALARY,ACTIVE,2023-11-27,5175.92
501917,106630,B003,SALARY,ACTIVE,2024-01-02,40285.3
501918,104079,B004,SAVINGS,ACTIVE,2020-09-29,19349.05
501919,109084,B001,SAVINGS,ACTIVE,2022-12-05,53538.55
501920,106126,B017,SAVINGS,ACTIVE,2022-01-14,7263.17
501921,104964,B013,SAVINGS,ACTIVE,2023-03-10,23000.88
501922,109067,B010,SAVINGS,ACTIVE,2023-12-09,37156.42
501923,101437,B007,SAVINGS,CLOSED,2023-04-02,134936.89
501924,103959,B003,CURRENT,ACTIVE,2025-12-16,21505.23
501925,100617,B003,SALARY,ACTIVE,2025-01-27,35884.25
501926,106142,B002,SAVINGS,ACTIVE,2023-10-04,5412.58
501927,109811,B018,SAVINGS,ACTIVE,2019-01-12,8611.17
501928,109815,B020,SALARY,ACTIVE,2020-08-10,31632.73
501929,107853,B002,CURRENT,ACTIVE,2024-05-01,94845.55
501930,105958,B001,SAVINGS,ACTIVE,2021-03-23,12289.31
501931,100078,B001,SAVINGS,ACTIVE,2025-03-18,11811.19
501932,106922,B018,SAVINGS,ACTIVE,2020-05-06,3866.78
501933,104270,B020,SAVINGS,ACTIVE,2025-10-10,3147.79
501934,108792,B003,SAVINGS,ACTIVE,2022-02-13,1809.74
501935,109215,B017,SAVINGS,ACTIVE,2019-12-10,64503.87
501936,104561,B014,SALARY,ACTIVE,2025-02-21,17923.97
501937,109757,B013,SAVINGS,ACTIVE,2022-08-24,34924.77
501938,100604,B005,CURRENT,ACTIVE,2022-02-26,15311.5
501939,107510,B014,CURRENT,ACTIVE,2020-03-15,52728.57
501940,104379,B011,SAVINGS,ACTIVE,2024-05-18,51472.1
501941,105862,B009,CURRENT,ACTIVE,2020-04-08,22386.67
501942,101323,B001,SAVINGS,ACTIVE,2022-02-03,6152.56
501943,104179,B006,SAVINGS,BLOCKED,2019-07-15,122232.02
501944,108886,B017,SAVINGS,ACTIVE,2019-02-25,6194.15
501945,108407,B007,SAVINGS,ACTIVE,2020-07-02,11971.19
501946,107935,B006,CURRENT,ACTIVE,2020-07-03,24243.48
501947,103357,B019,SAVINGS,ACTIVE,2025-03-04,8295.94
501948,107638,B016,SAVINGS,ACTIVE,2023-05-04,58830.63
501949,101816,B019,SAVINGS,ACTIVE,2025-07-23,24529.33
501950,104158,B018,SAVINGS,ACTIVE,2023-01-16,47629.43
501951,103239,B002,CURRENT,ACTIVE,2024-06-06,6544.28
501952,107529,B010,SAVINGS,ACTIVE,2021-12-20,87194.36
501953,104702,B004,SAVINGS,ACTIVE,2019-07-08,29852.77
501954,105781,B020,SAVINGS,ACTIVE,2020-09-23,61302.28
501955,101304,B011,CURRENT,ACTIVE,2023-06-25,54268.0
501956,101059,B013,SAVINGS,ACTIVE,2023-01-03,13469.52
501957,109575,B018,SALARY,ACTIVE,2019-11-26,108254.9
501958,101548,B005,SAVINGS,ACTIVE,2022-01-09,15903.93
501959,100686,B006,SAVINGS,ACTIVE,2019-07-07,28930.55
501960,108265,B009,SALARY,ACTIVE,2025-07-13,77907.84
501961,103205,B015,SALARY,ACTIVE,2022-12-19,1913.61
501962,108770,B006,SALARY,ACTIVE,2023-06-11,46778.63
501963,103567,B006,CURRENT,ACTIVE,2026-04-16,63800.22
501964,106436,B015,SAVINGS,ACTIVE,2021-03-01,13968.58
501965,103176,B002,SAVINGS,ACTIVE,2024-09-20,42725.71
501966,102479,B017,SAVINGS,ACTIVE,2024-12-25,220597.95
501967,107734,B018,SAVINGS,ACTIVE,2026-03-04,18530.47
501968,109045,B003,SALARY,ACTIVE,2023-12-24,40060.92
501969,100423,B013,SALARY,ACTIVE,2026-03-24,6410.5
501970,108756,B005,SAVINGS,ACTIVE,2024-12-07,57902.58
501971,102349,B005,CURRENT,ACTIVE,2020-11-06,51843.91
501972,107076,B001,CURRENT,ACTIVE,2022-02-14,89590.28
501973,106201,B015,SAVINGS,BLOCKED,2023-06-01,4337.76
501974,107633,B014,CURRENT,BLOCKED,2023-03-28,50207.85
501975,102433,B006,SALARY,ACTIVE,2020-12-31,104388.0
501976,101092,B013,SAVINGS,ACTIVE,2026-02-25,49220.2
501977,103349,B001,SAVINGS,ACTIVE,2023-09-03,27666.12
501978,107560,B005,SAVINGS,ACTIVE,2024-11-12,3047.56
501979,100964,B008,CURRENT,ACTIVE,2024-02-12,9582.65
501980,108760,B013,SAVINGS,ACTIVE,2023-09-28,10765.1
501981,100536,B014,SAVINGS,ACTIVE,2025-02-07,97940.72
501982,106786,B009,SAVINGS,BLOCKED,2020-05-30,4293.3
501983,107796,B007,CURRENT,BLOCKED,2022-04-13,338734.26
501984,109330,B014,SAVINGS,ACTIVE,2021-09-05,14939.08
501985,107187,B010,SALARY,ACTIVE,2020-03-18,38400.59
501986,100907,B017,SAVINGS,ACTIVE,2023-10-03,41109.9
501987,101295,B011,SAVINGS,ACTIVE,2021-10-25,10665.53
501988,101575,B004,SAVINGS,ACTIVE,2025-12-25,18097.8
501989,103895,B017,CURRENT,BLOCKED,2024-04-16,3579.2
501990,109890,B014,SAVINGS,ACTIVE,2025-06-08,85525.13
501991,103339,B017,SAVINGS,ACTIVE,2023-05-17,58079.71
501992,108789,B012,SAVINGS,ACTIVE,2022-08-08,12979.17
501993,100985,B017,SAVINGS,ACTIVE,2025-05-11,71147.6
501994,102593,B009,SAVINGS,ACTIVE,2021-04-05,26587.63
501995,108407,B007,SAVINGS,BLOCKED,2020-05-27,3109.08
501996,109299,B008,SAVINGS,BLOCKED,2020-09-24,92374.5
501997,107067,B017,CURRENT,ACTIVE,2022-07-13,33936.34
501998,100516,B020,SAVINGS,ACTIVE,2025-04-09,69768.23
501999,105102,B006,SALARY,ACTIVE,2023-02-21,30482.26
502000,104530,B001,SAVINGS,BLOCKED,2023-05-30,18463.37
502001,108457,B002,SAVINGS,ACTIVE,2024-08-31,22417.21
502002,101936,B014,SAVINGS,ACTIVE,2023-10-24,7110.47
502003,109998,B012,CURRENT,ACTIVE,2025-10-21,45708.28
502004,109242,B018,SAVINGS,ACTIVE,2019-05-28,35042.35
502005,108668,B020,CURRENT,ACTIVE,2019-08-07,23961.92
502006,109963,B019,SAVINGS,ACTIVE,2026-04-19,12073.88
502007,106822,B016,SAVINGS,ACTIVE,2024-01-11,6500.16
502008,101109,B015,SAVINGS,ACTIVE,2020-05-06,69012.93
502009,101371,B012,SAVINGS,ACTIVE,2023-03-26,4041.12
502010,108831,B009,SAVINGS,ACTIVE,2025-12-10,66670.03
502011,108496,B002,SAVINGS,ACTIVE,2020-05-29,2752.89
502012,100657,B002,SAVINGS,ACTIVE,2024-09-06,14322.21
502013,105984,B002,SALARY,ACTIVE,2025-11-15,50236.3
502014,109385,B014,SAVINGS,ACTIVE,2025-07-27,73060.07
502015,104053,B014,SALARY,ACTIVE,2023-02-04,18666.46
502016,109210,B016,SAVINGS,ACTIVE,2021-03-19,58428.84
502017,102754,B009,SAVINGS,ACTIVE,2019-11-25,7106.92
502018,108002,B007,CURRENT,CLOSED,2022-04-28,10854.03
502019,104058,B014,SAVINGS,ACTIVE,2022-07-10,43437.87
502020,100267,B010,SAVINGS,ACTIVE,2020-07-25,17177.66
502021,103274,B019,SALARY,ACTIVE,2024-11-14,12583.0
502022,102678,B004,SAVINGS,ACTIVE,2025-03-03,20317.84
502023,105301,B001,SALARY,ACTIVE,2020-04-29,17669.59
502024,105355,B004,SAVINGS,ACTIVE,2024-03-23,20429.16
502025,109616,B015,SAVINGS,ACTIVE,2026-05-01,142444.04
502026,104480,B016,CURRENT,ACTIVE,2019-08-20,94211.45
502027,100568,B006,CURRENT,ACTIVE,2023-04-03,72602.14
502028,104411,B006,CURRENT,ACTIVE,2024-11-21,27283.1
502029,108326,B007,SAVINGS,ACTIVE,2022-12-09,37481.61
502030,106902,B013,SALARY,ACTIVE,2020-10-24,9150.06
502031,109182,B006,SAVINGS,ACTIVE,2026-03-06,218461.64
502032,101461,B007,SAVINGS,ACTIVE,2020-01-24,11744.9
502033,109849,B007,SALARY,ACTIVE,2026-02-18,127152.06
502034,106326,B010,SALARY,ACTIVE,2025-08-27,22364.05
502035,105743,B003,SAVINGS,ACTIVE,2020-05-26,112729.62
502036,101493,B012,SAVINGS,ACTIVE,2019-02-14,15814.54
502037,101237,B020,SALARY,ACTIVE,2022-04-17,56983.64
502038,102647,B016,CURRENT,ACTIVE,2024-07-05,127597.85
502039,107443,B013,SAVINGS,ACTIVE,2019-07-11,124736.99
502040,105915,B007,SAVINGS,ACTIVE,2019-02-03,35016.12
502041,106233,B017,CURRENT,BLOCKED,2021-01-27,27071.29
502042,106902,B004,SALARY,ACTIVE,2019-11-02,48378.36
502043,107050,B002,SAVINGS,ACTIVE,2024-08-23,94344.85
502044,102306,B008,SAVINGS,ACTIVE,2019-08-25,65823.27
502045,108300,B012,CURRENT,ACTIVE,2024-03-07,39275.76
502046,103104,B015,SALARY,ACTIVE,2026-02-27,108004.88
502047,109182,B014,SAVINGS,ACTIVE,2020-12-26,6480.33
502048,107623,B004,SAVINGS,ACTIVE,2021-02-04,51277.7
502049,100708,B013,SAVINGS,ACTIVE,2023-07-08,12696.09
502050,105779,B001,CURRENT,ACTIVE,2021-11-15,197076.88
502051,105788,B006,CURRENT,ACTIVE,2026-01-11,72955.21
502052,103109,B004,SAVINGS,ACTIVE,2020-01-21,5501.62
502053,105617,B015,CURRENT,ACTIVE,2020-06-29,6361.3
502054,105483,B020,SAVINGS,ACTIVE,2022-02-17,5920.05
502055,106825,B001,SAVINGS,ACTIVE,2022-06-12,47685.98
502056,101304,B006,SALARY,ACTIVE,2022-05-05,66885.83
502057,103021,B014,SALARY,ACTIVE,2024-01-22,3268.66
502058,104209,B015,SAVINGS,ACTIVE,2019-06-24,14051.88
502059,104922,B006,SALARY,ACTIVE,2026-03-01,16256.73
502060,107877,B020,SAVINGS,ACTIVE,2025-05-08,37980.85
502061,107731,B002,SAVINGS,ACTIVE,2021-04-04,18945.67
502062,108801,B009,SAVINGS,ACTIVE,2024-11-25,34598.57
502063,102563,B001,SAVINGS,ACTIVE,2025-05-24,7921.1
502064,100075,B007,SAVINGS,ACTIVE,2025-09-29,5662.62
502065,103553,B007,SAVINGS,ACTIVE,2025-03-30,11378.12
502066,107016,B011,SAVINGS,ACTIVE,2023-08-06,24876.51
502067,107549,B013,SAVINGS,ACTIVE,2024-12-12,29516.06
502068,100110,B019,SAVINGS,BLOCKED,2021-08-14,4145.58
502069,107783,B016,SAVINGS,ACTIVE,2023-03-13,10486.69
502070,107444,B006,SAVINGS,ACTIVE,2022-11-18,40793.45
502071,108307,B013,SAVINGS,CLOSED,2019-02-01,124038.77
502072,108496,B015,SAVINGS,ACTIVE,2026-01-25,9156.55
502073,106599,B002,SAVINGS,ACTIVE,2022-12-09,70952.73
502074,109230,B008,SAVINGS,ACTIVE,2023-06-30,7139.47
502075,101189,B016,SAVINGS,ACTIVE,2022-01-27,159312.73
502076,100938,B008,SAVINGS,ACTIVE,2022-08-11,5060.95
502077,104615,B018,SALARY,ACTIVE,2021-06-14,3356.33
502078,100119,B003,SAVINGS,ACTIVE,2020-06-04,21758.59
502079,105973,B001,SALARY,ACTIVE,2024-07-28,5446.29
502080,103686,B012,CURRENT,ACTIVE,2023-02-24,30963.72
502081,103416,B017,SALARY,ACTIVE,2024-06-01,9560.79
502082,102544,B002,SALARY,ACTIVE,2024-05-29,56805.89
502083,109891,B011,CURRENT,ACTIVE,2023-02-10,21590.3
502084,104114,B014,SAVINGS,ACTIVE,2019-08-10,10238.83
502085,108632,B016,SAVINGS,ACTIVE,2020-03-21,37576.17
502086,101661,B018,SAVINGS,ACTIVE,2026-03-30,9962.94
502087,101054,B001,SAVINGS,ACTIVE,2025-03-07,24281.0
502088,107706,B006,SAVINGS,ACTIVE,2025-03-02,13342.42
502089,107681,B020,SAVINGS,ACTIVE,2022-09-28,59559.6
502090,106550,B010,SAVINGS,ACTIVE,2025-10-25,6701.47
502091,103523,B012,CURRENT,ACTIVE,2019-05-23,4515.09
502092,103947,B009,CURRENT,ACTIVE,2021-05-24,51087.91
502093,100090,B015,SAVINGS,ACTIVE,2023-11-28,5879.2
502094,107028,B015,CURRENT,ACTIVE,2019-07-22,30976.72
502095,108951,B008,SAVINGS,ACTIVE,2021-07-06,85178.53
502096,103442,B017,SAVINGS,ACTIVE,2019-10-18,58432.56
502097,106736,B010,SAVINGS,ACTIVE,2024-02-15,20589.07
502098,105708,B008,SAVINGS,CLOSED,2025-09-29,80407.21
502099,102330,B019,SAVINGS,ACTIVE,2021-04-28,26125.96
502100,104522,B014,CURRENT,ACTIVE,2021-06-11,7623.52
502101,101980,B013,SAVINGS,ACTIVE,2021-12-09,228733.06
502102,103323,B002,SAVINGS,ACTIVE,2026-03-24,12723.92
502103,103169,B020,SAVINGS,ACTIVE,2021-12-25,36040.61
502104,100582,B012,CURRENT,ACTIVE,2020-08-15,28380.35
502105,107025,B013,SAVINGS,ACTIVE,2022-03-19,5980.28
502106,103156,B010,SAVINGS,ACTIVE,2021-05-07,72807.49
502107,105660,B010,SAVINGS,ACTIVE,2019-03-01,18335.62
502108,104666,B001,SAVINGS,ACTIVE,2022-04-20,70978.24
502109,104306,B016,SAVINGS,ACTIVE,2019-02-26,8627.88
502110,103026,B018,SALARY,ACTIVE,2021-07-25,10997.01
502111,108294,B009,SAVINGS,ACTIVE,2019-02-25,40691.5
502112,109715,B009,CURRENT,ACTIVE,2023-03-06,88105.31
502113,101715,B003,CURRENT,BLOCKED,2024-10-14,52776.01
502114,101865,B017,SAVINGS,ACTIVE,2025-06-27,3759.46
502115,109176,B015,SALARY,ACTIVE,2019-05-11,70999.93
502116,103871,B009,SAVINGS,ACTIVE,2025-01-26,15363.24
502117,107989,B020,SAVINGS,ACTIVE,2024-03-06,6397.29
502118,106852,B007,SAVINGS,ACTIVE,2025-01-20,88149.68
502119,109365,B003,SAVINGS,ACTIVE,2025-10-22,14193.29
502120,102696,B010,SAVINGS,ACTIVE,2025-12-07,79853.07
502121,107160,B016,SAVINGS,ACTIVE,2025-05-22,34650.59
502122,105060,B007,CURRENT,ACTIVE,2025-08-06,30981.93
502123,105708,B018,SAVINGS,ACTIVE,2020-02-02,82274.91
502124,107192,B003,SAVINGS,ACTIVE,2024-11-20,9569.71
502125,107671,B010,CURRENT,ACTIVE,2024-05-08,91216.39
502126,109612,B012,SAVINGS,ACTIVE,2025-09-24,4543.02
502127,102215,B019,SALARY,ACTIVE,2022-03-11,33200.75
502128,105416,B001,SALARY,ACTIVE,2021-12-01,157901.38
502129,104091,B020,SAVINGS,ACTIVE,2022-02-24,74735.87
502130,107295,B001,SAVINGS,ACTIVE,2024-01-27,27428.19
502131,107523,B009,SAVINGS,ACTIVE,2022-12-19,149466.96
502132,108081,B010,SAVINGS,ACTIVE,2020-08-21,12229.27
502133,106859,B012,SALARY,ACTIVE,2024-10-30,38763.51
502134,103481,B014,SAVINGS,ACTIVE,2019-07-20,21233.81
502135,104309,B005,SAVINGS,ACTIVE,2020-11-22,29588.83
502136,104584,B018,SALARY,ACTIVE,2024-09-15,67037.25
502137,104972,B010,SAVINGS,ACTIVE,2024-04-21,32376.62
502138,108659,B006,SAVINGS,ACTIVE,2020-02-05,11075.39
502139,103351,B018,SAVINGS,ACTIVE,2019-08-20,1651.0
502140,106391,B011,SAVINGS,ACTIVE,2022-10-11,102744.62
502141,105812,B006,SALARY,ACTIVE,2019-03-13,62729.38
502142,100177,B019,SAVINGS,ACTIVE,2021-08-12,49454.82
502143,102837,B007,SAVINGS,ACTIVE,2024-10-13,41830.62
502144,108977,B002,SAVINGS,ACTIVE,2023-02-27,22645.31
502145,105210,B010,SALARY,ACTIVE,2023-07-10,7405.28
502146,104042,B007,CURRENT,CLOSED,2024-07-28,35869.21
502147,104442,B005,SAVINGS,ACTIVE,2022-04-16,26875.71
502148,107180,B004,CURRENT,ACTIVE,2025-05-15,109660.56
502149,105924,B015,SAVINGS,ACTIVE,2025-08-17,23865.18
502150,103424,B013,SALARY,ACTIVE,2019-01-06,66095.75
502151,105585,B007,SALARY,ACTIVE,2020-08-01,21676.38
502152,105268,B020,SALARY,ACTIVE,2025-11-17,37922.57
502153,101252,B019,SAVINGS,ACTIVE,2019-09-11,7771.31
502154,104859,B014,CURRENT,ACTIVE,2023-12-21,4384.22
502155,102023,B005,SAVINGS,ACTIVE,2021-10-29,19430.67
502156,100681,B018,SALARY,ACTIVE,2019-07-20,64674.45
502157,109184,B018,SAVINGS,ACTIVE,2020-04-12,32097.65
502158,103938,B015,SAVINGS,ACTIVE,2020-06-08,17416.23
502159,108043,B016,SALARY,ACTIVE,2020-10-17,12308.66
502160,102485,B013,SALARY,ACTIVE,2023-09-04,4223.63
502161,101599,B013,SALARY,ACTIVE,2019-11-08,47516.8
502162,105987,B007,SAVINGS,ACTIVE,2019-11-28,13481.06
502163,102189,B016,SAVINGS,ACTIVE,2019-01-28,1872.82
502164,109593,B015,SAVINGS,ACTIVE,2024-09-01,23826.29
502165,102244,B020,SAVINGS,ACTIVE,2023-05-29,59244.9
502166,107795,B003,SAVINGS,ACTIVE,2019-10-18,413661.83
502167,102056,B004,SAVINGS,ACTIVE,2026-05-17,112609.12
502168,109129,B001,SAVINGS,ACTIVE,2022-07-16,40304.52
502169,106696,B002,SAVINGS,ACTIVE,2021-07-26,22616.16
502170,104926,B014,CURRENT,ACTIVE,2022-05-03,43110.75
502171,102942,B005,SAVINGS,ACTIVE,2024-12-26,19481.58
502172,100507,B019,SAVINGS,ACTIVE,2022-03-21,10680.06
502173,105191,B012,SAVINGS,ACTIVE,2022-10-16,7781.34
502174,102449,B015,SAVINGS,ACTIVE,2020-10-06,2459.74
502175,104127,B005,SALARY,ACTIVE,2019-11-24,33066.37
502176,104811,B005,SALARY,ACTIVE,2021-08-02,34463.24
502177,101446,B018,SAVINGS,ACTIVE,2022-06-09,106856.85
502178,103594,B017,SAVINGS,ACTIVE,2024-01-07,1919.73
502179,101819,B003,SALARY,ACTIVE,2020-05-02,85157.03
502180,104603,B011,SAVINGS,ACTIVE,2020-06-20,35782.02
502181,105900,B010,CURRENT,ACTIVE,2025-08-28,105236.19
502182,108716,B004,SAVINGS,ACTIVE,2025-10-31,143852.98
502183,102043,B016,SAVINGS,ACTIVE,2019-06-28,3603.51
502184,100130,B013,SAVINGS,ACTIVE,2022-11-24,45839.43
502185,106027,B009,SAVINGS,ACTIVE,2023-08-29,35034.34
502186,102115,B003,SAVINGS,ACTIVE,2026-02-25,61379.68
502187,105149,B017,SAVINGS,ACTIVE,2021-06-15,158382.4
502188,109681,B005,SAVINGS,ACTIVE,2019-11-26,22497.78
502189,103938,B018,SAVINGS,ACTIVE,2021-01-30,13276.34
502190,106040,B015,SAVINGS,ACTIVE,2021-03-11,17769.52
502191,108973,B002,SAVINGS,ACTIVE,2025-07-03,4394.59
502192,103679,B020,CURRENT,ACTIVE,2025-12-24,301517.72
502193,101517,B011,SAVINGS,ACTIVE,2019-11-19,166152.53
502194,102021,B008,CURRENT,ACTIVE,2023-12-28,20713.12
502195,100106,B019,CURRENT,ACTIVE,2023-10-27,34205.31
502196,104291,B004,SALARY,ACTIVE,2023-12-28,8497.74
502197,108141,B013,SAVINGS,ACTIVE,2023-08-12,12992.85
502198,108090,B004,CURRENT,ACTIVE,2019-09-27,70564.38
502199,102090,B014,SAVINGS,ACTIVE,2022-02-11,40966.77
502200,109806,B012,SAVINGS,ACTIVE,2022-08-29,39511.36
502201,104558,B020,SAVINGS,ACTIVE,2020-09-02,23411.69
502202,102636,B001,SAVINGS,ACTIVE,2024-12-06,59666.23
502203,101295,B010,SAVINGS,ACTIVE,2025-06-06,3147.09
502204,108056,B015,SAVINGS,ACTIVE,2019-01-28,37808.38
502205,108706,B010,SAVINGS,ACTIVE,2021-03-05,210459.22
502206,100387,B013,SAVINGS,ACTIVE,2021-03-13,67398.48
502207,106248,B008,SAVINGS,ACTIVE,2025-10-08,5189.36
502208,107516,B014,SALARY,ACTIVE,2020-04-26,38673.72
502209,109730,B001,CURRENT,ACTIVE,2022-01-24,16846.95
502210,108426,B008,CURRENT,ACTIVE,2020-02-01,140745.32
502211,104998,B012,CURRENT,ACTIVE,2024-03-07,28606.78
502212,103053,B003,SAVINGS,ACTIVE,2022-08-05,290672.42
502213,109776,B019,SAVINGS,ACTIVE,2019-05-14,295215.78
502214,107060,B020,SAVINGS,ACTIVE,2021-04-17,45458.25
502215,102599,B006,SAVINGS,ACTIVE,2021-12-23,32736.32
502216,109626,B017,SALARY,ACTIVE,2019-02-10,119540.75
502217,104653,B017,SAVINGS,ACTIVE,2019-02-08,12495.53
502218,106641,B011,SAVINGS,ACTIVE,2022-02-05,41365.47
502219,104968,B016,SAVINGS,ACTIVE,2021-11-26,20208.22
502220,105928,B004,CURRENT,ACTIVE,2019-11-07,15052.18
502221,104740,B015,SALARY,ACTIVE,2025-02-11,72644.61
502222,100828,B020,SALARY,CLOSED,2022-08-05,29598.29
502223,105810,B013,CURRENT,CLOSED,2025-09-13,273969.0
502224,102174,B007,CURRENT,ACTIVE,2024-06-16,13746.58
502225,100642,B010,SAVINGS,ACTIVE,2026-01-31,8782.75
502226,102722,B018,SAVINGS,ACTIVE,2023-12-11,26028.5
502227,108643,B009,SAVINGS,ACTIVE,2024-02-23,48212.51
502228,101659,B005,CURRENT,ACTIVE,2023-12-28,22193.46
502229,107103,B015,SAVINGS,ACTIVE,2019-11-29,55228.75
502230,100923,B006,SAVINGS,ACTIVE,2026-02-04,10437.0
502231,105766,B005,SAVINGS,ACTIVE,2026-05-14,64477.53
502232,108806,B007,SAVINGS,ACTIVE,2020-06-19,9188.74
502233,103890,B004,SALARY,ACTIVE,2020-08-07,5145.79
502234,101960,B009,SAVINGS,ACTIVE,2021-09-09,3859.82
502235,103313,B019,SAVINGS,ACTIVE,2025-12-23,133373.12
502236,108634,B019,SAVINGS,ACTIVE,2022-07-09,52791.08
502237,109061,B008,SALARY,CLOSED,2022-08-20,51774.23
502238,109373,B019,SAVINGS,ACTIVE,2023-04-24,18677.96
502239,101849,B004,SAVINGS,ACTIVE,2022-11-19,65304.79
502240,104157,B002,SALARY,ACTIVE,2025-09-29,11450.45
502241,103499,B016,CURRENT,ACTIVE,2020-07-08,10722.51
502242,102825,B017,SAVINGS,ACTIVE,2024-07-02,31384.6
502243,102527,B004,SAVINGS,ACTIVE,2024-11-29,42762.6
502244,107996,B008,CURRENT,ACTIVE,2023-04-22,11243.25
502245,100443,B009,SALARY,CLOSED,2022-04-30,84247.11
502246,109787,B013,CURRENT,ACTIVE,2025-10-24,8282.77
502247,107770,B005,SAVINGS,ACTIVE,2019-10-25,27694.75
502248,101466,B004,SALARY,ACTIVE,2023-08-30,54716.01
502249,105702,B003,SALARY,ACTIVE,2019-07-19,3460.66
502250,103378,B003,SAVINGS,ACTIVE,2023-03-08,21546.07
502251,102224,B017,SALARY,ACTIVE,2020-08-23,54690.22
502252,107696,B010,SAVINGS,ACTIVE,2020-01-27,37082.17
502253,104086,B020,SAVINGS,ACTIVE,2019-02-03,39531.2
502254,100053,B014,SALARY,ACTIVE,2025-10-23,9385.12
502255,103720,B011,SAVINGS,ACTIVE,2021-03-27,16334.66
502256,103789,B019,SALARY,ACTIVE,2024-07-06,73529.63
502257,103177,B009,SAVINGS,ACTIVE,2025-01-25,161620.31
502258,101231,B020,SAVINGS,ACTIVE,2019-02-01,7461.82
502259,106980,B010,SALARY,ACTIVE,2022-03-09,19770.33
502260,108148,B017,SAVINGS,ACTIVE,2024-02-06,4160.09
502261,108993,B011,SALARY,ACTIVE,2023-02-14,29912.23
502262,102587,B017,SALARY,ACTIVE,2020-10-19,35975.2
502263,105333,B002,SAVINGS,ACTIVE,2025-07-07,25011.84
502264,106188,B003,SALARY,ACTIVE,2019-12-19,60454.83
502265,101853,B011,CURRENT,ACTIVE,2026-05-05,2988.79
502266,105746,B009,SAVINGS,ACTIVE,2020-07-19,23482.46
502267,103560,B017,SAVINGS,ACTIVE,2023-07-21,54423.96
502268,109291,B015,SAVINGS,ACTIVE,2020-07-15,209460.2
502269,107389,B018,SAVINGS,ACTIVE,2023-07-10,31870.38
502270,100782,B011,SAVINGS,ACTIVE,2024-12-15,46338.2
502271,102706,B002,CURRENT,ACTIVE,2025-01-24,4532.86
502272,104809,B005,SAVINGS,ACTIVE,2025-11-02,7117.69
502273,100441,B002,SALARY,ACTIVE,2023-07-24,166704.26
502274,108949,B005,SAVINGS,ACTIVE,2022-05-21,36523.63
502275,109156,B002,SAVINGS,ACTIVE,2025-05-18,27279.28
502276,105293,B011,CURRENT,ACTIVE,2020-02-15,19459.87
502277,103238,B002,SAVINGS,ACTIVE,2022-08-09,36584.32
502278,109608,B018,SAVINGS,ACTIVE,2026-01-30,5628.43
502279,101287,B001,SALARY,ACTIVE,2020-05-12,97894.13
502280,102412,B006,SALARY,ACTIVE,2025-03-25,32924.35
502281,106040,B017,SAVINGS,ACTIVE,2022-09-07,4160.12
502282,104800,B006,SALARY,ACTIVE,2024-12-17,35573.55
502283,101876,B010,SAVINGS,ACTIVE,2023-01-07,10824.14
502284,108031,B019,SAVINGS,ACTIVE,2021-06-22,124961.07
502285,104992,B003,SAVINGS,ACTIVE,2024-07-29,12059.2
502286,104470,B006,SAVINGS,ACTIVE,2022-08-12,22912.69
502287,102532,B014,SAVINGS,ACTIVE,2023-02-13,27039.22
502288,102506,B002,SAVINGS,ACTIVE,2026-05-17,59716.38
502289,109054,B017,SAVINGS,ACTIVE,2025-02-23,171526.76
502290,101103,B009,SAVINGS,CLOSED,2020-12-18,31302.38
502291,103574,B001,SALARY,ACTIVE,2021-10-12,55623.07
502292,108478,B015,SALARY,BLOCKED,2025-09-13,11448.4
502293,108761,B011,SAVINGS,ACTIVE,2024-10-30,22653.24
502294,101421,B020,SALARY,ACTIVE,2021-12-24,38320.55
502295,105108,B013,SAVINGS,ACTIVE,2020-10-29,22706.4
502296,101339,B008,SALARY,ACTIVE,2022-11-24,68982.62
502297,109464,B014,SAVINGS,ACTIVE,2023-08-10,12768.64
502298,103869,B001,SAVINGS,ACTIVE,2021-01-31,23746.15
502299,107737,B015,SAVINGS,ACTIVE,2019-05-07,9632.57
502300,109294,B008,SAVINGS,ACTIVE,2021-09-04,67360.6
502301,108356,B010,SAVINGS,ACTIVE,2023-01-24,38860.98
502302,105782,B012,SAVINGS,ACTIVE,2026-01-02,91137.25
502303,101964,B014,CURRENT,ACTIVE,2019-08-13,15916.1
502304,103635,B005,SAVINGS,ACTIVE,2024-01-07,515010.46
502305,108932,B004,SAVINGS,ACTIVE,2023-12-08,38015.48
502306,109181,B013,SAVINGS,ACTIVE,2019-08-18,55361.27
502307,103458,B016,SAVINGS,ACTIVE,2019-10-01,77075.0
502308,102828,B004,SALARY,ACTIVE,2019-12-10,27054.82
502309,105416,B005,SALARY,ACTIVE,2025-01-08,27924.38
502310,100256,B020,SAVINGS,ACTIVE,2025-01-06,24301.48
502311,106521,B006,SAVINGS,ACTIVE,2021-12-03,66288.0
502312,103583,B004,SAVINGS,ACTIVE,2025-07-03,17841.92
502313,109006,B013,SAVINGS,ACTIVE,2025-09-08,36199.2
502314,106301,B015,SAVINGS,ACTIVE,2025-10-09,67875.05
502315,102935,B009,SAVINGS,ACTIVE,2025-11-20,55001.01
502316,108929,B015,SAVINGS,ACTIVE,2021-07-27,1928.26
502317,107430,B005,SALARY,ACTIVE,2025-01-31,29017.18
502318,106232,B011,SAVINGS,ACTIVE,2024-08-25,11262.88
502319,105659,B011,SAVINGS,ACTIVE,2020-12-20,21050.18
502320,105848,B006,SAVINGS,ACTIVE,2019-07-14,79797.43
502321,101867,B001,SAVINGS,ACTIVE,2023-02-11,363955.52
502322,107207,B009,SAVINGS,ACTIVE,2020-04-03,10125.65
502323,102889,B009,SALARY,ACTIVE,2023-11-19,12467.92
502324,102089,B016,SAVINGS,ACTIVE,2019-03-15,32144.89
502325,109132,B005,SAVINGS,ACTIVE,2019-02-19,34493.15
502326,108881,B008,SAVINGS,ACTIVE,2022-08-29,9337.07
502327,100469,B009,SALARY,ACTIVE,2023-07-27,60857.6
502328,105897,B009,SAVINGS,ACTIVE,2019-11-22,10448.91
502329,103423,B004,CURRENT,ACTIVE,2025-06-05,5027.41
502330,105311,B011,SAVINGS,ACTIVE,2022-10-10,8134.29
502331,108718,B020,SAVINGS,ACTIVE,2022-03-19,65137.84
502332,106405,B013,CURRENT,ACTIVE,2019-09-29,21668.62
502333,104803,B020,SALARY,ACTIVE,2025-12-23,2502.88
502334,100966,B017,SAVINGS,CLOSED,2020-06-06,44432.76
502335,102000,B018,SALARY,ACTIVE,2024-02-06,30431.45
502336,106311,B019,SAVINGS,ACTIVE,2019-05-28,97002.27
502337,104575,B016,SAVINGS,ACTIVE,2023-07-16,31016.54
502338,101192,B001,SALARY,ACTIVE,2019-06-25,34789.68
502339,100987,B006,SAVINGS,ACTIVE,2026-01-25,18959.1
502340,105009,B016,SALARY,ACTIVE,2025-06-10,15510.22
502341,106881,B005,SALARY,ACTIVE,2024-08-15,9161.39
502342,108227,B014,SAVINGS,ACTIVE,2023-09-01,7495.57
502343,108378,B017,SAVINGS,ACTIVE,2023-01-20,40317.09
502344,101466,B019,SAVINGS,ACTIVE,2020-04-28,8940.06
502345,100266,B012,SAVINGS,ACTIVE,2019-09-22,20748.53
502346,104022,B008,SAVINGS,ACTIVE,2023-01-31,161831.63
502347,101460,B019,SAVINGS,ACTIVE,2026-02-21,65189.33
502348,106312,B019,SAVINGS,ACTIVE,2024-04-07,40042.75
502349,106285,B009,SAVINGS,CLOSED,2022-03-05,42173.64
502350,106477,B003,SAVINGS,ACTIVE,2020-06-26,13425.87
502351,104519,B020,SAVINGS,ACTIVE,2024-11-27,10776.62
502352,101631,B009,SALARY,ACTIVE,2022-03-07,67130.61
502353,104943,B010,SAVINGS,ACTIVE,2019-12-09,62138.36
502354,103328,B009,SAVINGS,ACTIVE,2023-12-18,3777.23
502355,108172,B002,SAVINGS,ACTIVE,2021-06-06,26105.8
502356,100170,B002,SAVINGS,ACTIVE,2023-05-15,11907.32
502357,106510,B003,SAVINGS,ACTIVE,2022-10-28,15233.94
502358,107962,B008,SAVINGS,ACTIVE,2023-03-16,8901.49
502359,106396,B012,SAVINGS,ACTIVE,2024-01-31,75302.79
502360,108134,B007,SAVINGS,ACTIVE,2025-12-28,6472.03
502361,108502,B005,SAVINGS,BLOCKED,2022-06-23,3580.53
502362,105334,B017,CURRENT,CLOSED,2025-06-04,14813.09
502363,102121,B014,CURRENT,ACTIVE,2022-08-19,224146.53
502364,109779,B011,SAVINGS,ACTIVE,2025-11-01,86850.87
502365,100386,B008,SAVINGS,ACTIVE,2024-11-27,138824.24
502366,101103,B002,SALARY,ACTIVE,2024-03-31,92512.17
502367,106001,B003,CURRENT,ACTIVE,2023-02-06,20272.02
502368,106386,B009,SAVINGS,ACTIVE,2023-07-15,24913.25
502369,100969,B015,CURRENT,BLOCKED,2025-06-06,19588.51
502370,102008,B006,SAVINGS,ACTIVE,2020-09-09,6370.35
502371,102967,B016,SAVINGS,ACTIVE,2019-08-15,8008.08
502372,103488,B004,SAVINGS,ACTIVE,2025-08-30,58263.81
502373,109975,B016,SAVINGS,ACTIVE,2023-05-21,12341.8
502374,100445,B010,SAVINGS,ACTIVE,2022-03-18,29149.58
502375,107581,B006,CURRENT,ACTIVE,2026-01-20,8358.59
502376,101383,B007,SAVINGS,ACTIVE,2020-11-25,18099.79
502377,100712,B006,SAVINGS,ACTIVE,2021-04-12,48432.9
502378,103653,B010,SAVINGS,ACTIVE,2022-10-01,4299.81
502379,100292,B012,SALARY,ACTIVE,2022-04-02,26052.66
502380,105710,B010,SAVINGS,ACTIVE,2023-04-26,51703.25
502381,102048,B002,SAVINGS,ACTIVE,2020-02-25,26008.51
502382,104862,B006,CURRENT,ACTIVE,2022-05-10,9366.42
502383,102859,B002,SAVINGS,ACTIVE,2024-07-20,28179.03
502384,109767,B004,SAVINGS,ACTIVE,2020-09-29,6000.07
502385,108767,B020,SAVINGS,ACTIVE,2024-11-01,22134.55
502386,107997,B013,SALARY,ACTIVE,2019-10-18,9420.11
502387,109421,B012,SALARY,ACTIVE,2020-10-14,12175.7
502388,100528,B013,CURRENT,ACTIVE,2026-05-09,210748.43
502389,101647,B003,SAVINGS,ACTIVE,2020-07-23,96414.5
502390,100273,B005,SAVINGS,ACTIVE,2019-08-07,44520.83
502391,101954,B012,SAVINGS,ACTIVE,2021-10-21,40905.34
502392,109068,B003,SAVINGS,ACTIVE,2022-08-24,43374.45
502393,108360,B003,CURRENT,ACTIVE,2022-03-25,26111.73
502394,105277,B016,CURRENT,ACTIVE,2020-10-28,20973.6
502395,106004,B010,SALARY,ACTIVE,2021-05-09,13963.01
502396,109863,B016,SALARY,ACTIVE,2021-05-29,28909.51
502397,103670,B017,CURRENT,ACTIVE,2021-08-30,7123.4
502398,100385,B011,SAVINGS,ACTIVE,2019-05-07,31060.92
502399,104188,B019,SAVINGS,ACTIVE,2023-05-04,102194.01
502400,109189,B011,SAVINGS,ACTIVE,2022-11-11,53260.41
502401,105287,B003,SAVINGS,ACTIVE,2024-11-07,31359.55
502402,106696,B003,SAVINGS,ACTIVE,2024-05-25,4728.29
502403,105724,B020,SAVINGS,ACTIVE,2022-09-06,15643.26
502404,104780,B017,SAVINGS,ACTIVE,2020-06-23,359333.1
502405,103710,B014,SALARY,ACTIVE,2020-08-07,33123.44
502406,102684,B008,CURRENT,ACTIVE,2023-05-07,9855.92
502407,105274,B019,SAVINGS,ACTIVE,2021-09-24,30006.98
502408,105104,B005,SAVINGS,ACTIVE,2023-03-23,37882.54
502409,107147,B010,CURRENT,ACTIVE,2023-12-15,26926.09
502410,106982,B009,SAVINGS,ACTIVE,2022-02-13,34628.52
502411,106004,B004,SALARY,ACTIVE,2021-05-09,11425.24
502412,102240,B003,SALARY,ACTIVE,2025-06-05,185785.48
502413,104153,B014,CURRENT,ACTIVE,2025-03-26,21363.0
502414,108294,B006,SAVINGS,ACTIVE,2024-06-25,25809.34
502415,103491,B016,SALARY,ACTIVE,2019-04-12,18127.11
502416,108513,B009,SAVINGS,ACTIVE,2026-03-15,148418.95
502417,105584,B019,SAVINGS,ACTIVE,2025-02-22,18610.4
502418,106398,B005,SAVINGS,ACTIVE,2020-05-12,11088.24
502419,105491,B008,SAVINGS,ACTIVE,2024-03-04,59171.11
502420,105144,B006,SAVINGS,ACTIVE,2023-01-13,9337.23
502421,103439,B008,CURRENT,ACTIVE,2023-01-21,5690.28
502422,109056,B010,SAVINGS,ACTIVE,2020-03-22,19274.57
502423,104571,B016,SAVINGS,ACTIVE,2024-04-02,21540.45
502424,103611,B015,SAVINGS,ACTIVE,2024-12-30,119514.26
502425,103046,B003,SAVINGS,ACTIVE,2026-05-16,6983.33
502426,106212,B010,SAVINGS,ACTIVE,2021-09-22,21305.62
502427,100084,B004,SAVINGS,ACTIVE,2023-05-28,15439.0
502428,104458,B020,SAVINGS,ACTIVE,2024-01-28,7058.06
502429,109945,B002,SAVINGS,ACTIVE,2019-09-07,10225.18
502430,103131,B002,SAVINGS,ACTIVE,2019-03-13,46785.37
502431,100539,B006,CURRENT,ACTIVE,2022-08-28,175318.88
502432,109265,B011,SALARY,ACTIVE,2020-02-16,58111.53
502433,108635,B012,SAVINGS,CLOSED,2023-01-27,126265.14
502434,102546,B009,SAVINGS,ACTIVE,2020-08-16,1100.69
502435,107884,B015,SAVINGS,ACTIVE,2026-04-17,20848.15
502436,106369,B004,SAVINGS,ACTIVE,2024-08-13,24269.48
502437,103370,B006,SAVINGS,ACTIVE,2024-01-29,86453.69
502438,102776,B001,SAVINGS,ACTIVE,2019-11-16,348786.62
502439,108455,B012,SAVINGS,ACTIVE,2021-02-28,43534.22
502440,106038,B001,SAVINGS,ACTIVE,2025-07-27,20425.78
502441,107928,B016,SAVINGS,ACTIVE,2023-03-22,13479.98
502442,107596,B015,SAVINGS,ACTIVE,2023-04-11,21424.17
502443,100381,B015,SAVINGS,ACTIVE,2021-10-26,6043.69
502444,104519,B012,SAVINGS,ACTIVE,2019-10-04,5442.75
502445,108782,B019,SALARY,ACTIVE,2020-09-15,36280.72
502446,104343,B013,SAVINGS,ACTIVE,2025-04-02,20105.77
502447,103035,B017,SAVINGS,ACTIVE,2026-02-23,14684.6
502448,104924,B006,SAVINGS,ACTIVE,2022-07-14,106096.81
502449,109953,B006,SAVINGS,ACTIVE,2024-06-28,964946.63
502450,105358,B012,SAVINGS,ACTIVE,2021-07-16,15277.32
502451,106436,B015,SAVINGS,ACTIVE,2022-09-21,9431.14
502452,105112,B007,SALARY,ACTIVE,2023-05-03,103591.62
502453,100291,B010,SAVINGS,ACTIVE,2019-03-09,7879.5
502454,101596,B019,SAVINGS,ACTIVE,2019-04-02,9507.46
502455,109825,B013,CURRENT,ACTIVE,2024-05-14,50323.64
502456,105980,B001,SAVINGS,ACTIVE,2023-10-24,56815.49
502457,101458,B002,CURRENT,ACTIVE,2019-01-09,25582.35
502458,107601,B020,SAVINGS,ACTIVE,2025-10-27,24878.01
502459,102808,B016,SAVINGS,ACTIVE,2026-05-06,201619.14
502460,107323,B020,SAVINGS,ACTIVE,2023-11-13,21293.93
502461,109250,B018,SALARY,ACTIVE,2020-02-19,104097.22
502462,106618,B020,SALARY,ACTIVE,2022-01-11,40233.35
502463,108622,B012,SAVINGS,ACTIVE,2019-08-11,157302.81
502464,103944,B018,SAVINGS,ACTIVE,2019-02-19,9854.16
502465,108923,B006,SAVINGS,ACTIVE,2019-01-12,22792.17
502466,105331,B008,SAVINGS,ACTIVE,2022-06-21,11817.67
502467,108647,B012,SAVINGS,ACTIVE,2019-07-03,7701.07
502468,107886,B018,SALARY,ACTIVE,2022-06-28,140370.85
502469,109422,B004,SALARY,ACTIVE,2024-12-23,27401.87
502470,101388,B005,SALARY,ACTIVE,2023-05-13,9252.41
502471,104939,B007,SAVINGS,ACTIVE,2023-09-15,21889.56
502472,104802,B007,SAVINGS,ACTIVE,2024-07-20,3604.45
502473,104192,B014,SAVINGS,ACTIVE,2023-04-18,22979.6
502474,104667,B020,SALARY,ACTIVE,2020-06-20,57874.09
502475,103575,B011,SAVINGS,ACTIVE,2021-11-18,151881.76
502476,106323,B005,SAVINGS,ACTIVE,2024-09-26,1086.04
502477,104464,B003,SAVINGS,ACTIVE,2019-01-19,13962.64
502478,107216,B007,SALARY,ACTIVE,2019-10-14,48018.0
502479,100653,B001,SAVINGS,ACTIVE,2023-09-02,43535.22
502480,102178,B016,SAVINGS,ACTIVE,2025-09-30,13483.68
502481,108607,B003,SAVINGS,ACTIVE,2019-03-12,30580.03
502482,101852,B016,SAVINGS,ACTIVE,2024-02-02,17298.36
502483,107318,B011,SALARY,ACTIVE,2024-03-12,28261.35
502484,101521,B007,SAVINGS,ACTIVE,2025-10-19,125700.67
502485,104784,B014,SAVINGS,ACTIVE,2023-08-09,70950.99
502486,106382,B017,CURRENT,ACTIVE,2022-03-23,8043.16
502487,107130,B011,SAVINGS,ACTIVE,2023-07-03,9728.38
502488,105975,B011,SAVINGS,ACTIVE,2024-01-25,55456.56
502489,108281,B001,SAVINGS,ACTIVE,2020-12-18,5577.1
502490,101790,B013,SAVINGS,ACTIVE,2025-04-04,38631.78
502491,101415,B020,SAVINGS,ACTIVE,2019-11-30,59829.63
502492,105992,B018,CURRENT,ACTIVE,2020-02-29,15260.97
502493,106068,B007,SALARY,ACTIVE,2023-02-21,24002.42
502494,107840,B009,SAVINGS,ACTIVE,2024-10-28,73714.71
502495,103249,B018,SAVINGS,ACTIVE,2025-02-14,442552.6
502496,101493,B003,SAVINGS,ACTIVE,2025-04-08,54708.69
502497,102761,B003,SALARY,ACTIVE,2024-12-12,31822.4
502498,102073,B018,SAVINGS,CLOSED,2025-07-24,6580.91
502499,104545,B005,CURRENT,ACTIVE,2019-07-12,2587.58
502500,102210,B012,SAVINGS,ACTIVE,2021-01-23,17975.43
502501,101297,B014,SAVINGS,ACTIVE,2019-01-22,85414.52
502502,106636,B019,SAVINGS,ACTIVE,2019-03-28,41992.67
502503,101015,B019,SAVINGS,ACTIVE,2023-05-18,64761.24
502504,108959,B013,SAVINGS,ACTIVE,2020-12-06,38344.93
502505,106435,B019,SAVINGS,ACTIVE,2025-11-13,49528.56
502506,100529,B002,SAVINGS,ACTIVE,2024-02-04,19250.06
502507,101419,B009,SAVINGS,ACTIVE,2022-10-27,74124.2
502508,108591,B007,SAVINGS,ACTIVE,2020-06-14,93780.15
502509,109292,B019,SAVINGS,ACTIVE,2023-02-11,39430.67
502510,104130,B016,SALARY,ACTIVE,2022-05-21,30201.45
502511,109186,B007,SAVINGS,ACTIVE,2026-01-26,2770.03
502512,108333,B006,SAVINGS,ACTIVE,2022-02-12,23623.27
502513,106583,B017,SAVINGS,ACTIVE,2022-12-18,23564.88
502514,108324,B017,SAVINGS,ACTIVE,2023-02-05,33844.29
502515,108987,B011,SAVINGS,BLOCKED,2019-03-28,132310.64
502516,106448,B019,SAVINGS,ACTIVE,2019-01-12,24256.84
502517,102509,B009,SAVINGS,ACTIVE,2022-09-06,553148.26
502518,102429,B009,SAVINGS,ACTIVE,2023-12-27,26856.83
502519,102576,B013,SAVINGS,ACTIVE,2023-02-17,68063.43
502520,100292,B017,SAVINGS,ACTIVE,2024-06-09,26677.31
502521,107404,B010,SAVINGS,ACTIVE,2023-11-16,5266.93
502522,101699,B005,SAVINGS,ACTIVE,2019-01-07,28796.71
502523,105209,B019,SAVINGS,ACTIVE,2025-08-06,11179.48
502524,103215,B009,SALARY,ACTIVE,2025-07-13,91262.32
502525,108113,B020,SAVINGS,ACTIVE,2024-05-15,21477.72
502526,107714,B016,SALARY,ACTIVE,2022-11-05,8557.7
502527,104478,B001,SAVINGS,ACTIVE,2019-02-18,91327.08
502528,107134,B004,SAVINGS,ACTIVE,2025-03-16,66420.72
502529,100923,B001,SAVINGS,ACTIVE,2022-06-23,155580.96
502530,105233,B007,SAVINGS,ACTIVE,2023-09-17,72541.54
502531,101219,B008,SAVINGS,ACTIVE,2022-11-13,39400.06
502532,100323,B007,SAVINGS,ACTIVE,2024-07-31,36171.14
502533,102905,B009,SAVINGS,ACTIVE,2020-11-29,44849.58
502534,101176,B020,SAVINGS,ACTIVE,2023-01-31,4231.44
502535,103058,B006,SALARY,ACTIVE,2022-05-04,8446.52
502536,109281,B010,SALARY,ACTIVE,2024-06-08,23132.34
502537,107983,B015,SALARY,BLOCKED,2023-08-01,21830.11
502538,107190,B007,SAVINGS,ACTIVE,2020-03-10,7984.06
502539,105140,B017,SAVINGS,ACTIVE,2020-11-15,1179.77
502540,109145,B007,SAVINGS,ACTIVE,2019-09-10,26810.16
502541,106941,B016,SAVINGS,ACTIVE,2023-06-30,20347.34
502542,105400,B008,SALARY,ACTIVE,2025-04-30,7563.02
502543,101937,B004,SAVINGS,ACTIVE,2020-10-17,8783.25
502544,100554,B006,CURRENT,ACTIVE,2023-12-27,14637.93
502545,109209,B010,SALARY,ACTIVE,2020-01-13,4099.3
502546,107812,B007,SAVINGS,ACTIVE,2019-08-17,327910.0
502547,100914,B001,SALARY,ACTIVE,2023-01-09,29099.89
502548,109898,B009,SALARY,ACTIVE,2022-06-30,10324.18
502549,105828,B007,SALARY,ACTIVE,2019-11-22,184074.74
502550,105106,B014,CURRENT,ACTIVE,2020-12-11,30443.23
502551,103344,B017,SAVINGS,ACTIVE,2023-11-17,5758.5
502552,100876,B005,SAVINGS,ACTIVE,2022-08-31,4588.55
502553,107270,B018,SALARY,ACTIVE,2024-05-08,106119.98
502554,106393,B012,SAVINGS,ACTIVE,2020-10-23,16577.87
502555,101878,B009,SAVINGS,ACTIVE,2023-05-20,6411.61
502556,107574,B015,CURRENT,ACTIVE,2024-11-13,9535.49
502557,105988,B004,SAVINGS,ACTIVE,2021-06-27,7637.54
502558,108311,B004,CURRENT,ACTIVE,2025-10-25,72023.11
502559,108284,B008,SAVINGS,ACTIVE,2026-05-06,21980.55
502560,107517,B015,SAVINGS,ACTIVE,2024-08-11,19191.88
502561,106282,B013,SAVINGS,ACTIVE,2021-07-27,77456.24
502562,109790,B013,SAVINGS,ACTIVE,2019-10-17,10085.17
502563,102831,B007,SAVINGS,ACTIVE,2020-03-15,24417.63
502564,103835,B007,SAVINGS,ACTIVE,2022-06-13,97654.07
502565,109195,B001,SAVINGS,ACTIVE,2020-12-27,17806.58
502566,107406,B012,SAVINGS,ACTIVE,2023-09-15,9035.11
502567,107627,B008,SAVINGS,ACTIVE,2025-04-09,5017.75
502568,107220,B020,SAVINGS,ACTIVE,2024-07-21,18147.99
502569,103019,B013,SAVINGS,ACTIVE,2023-12-22,121614.43
502570,103830,B011,SAVINGS,ACTIVE,2023-11-10,5783.25
502571,100280,B016,CURRENT,ACTIVE,2026-04-08,24684.97
502572,108925,B017,SAVINGS,ACTIVE,2021-01-09,2479.44
502573,103491,B004,SAVINGS,ACTIVE,2021-04-27,53998.59
502574,102386,B014,SALARY,ACTIVE,2021-10-23,10496.12
502575,105795,B001,SAVINGS,ACTIVE,2021-09-11,62543.76
502576,106785,B016,SALARY,CLOSED,2019-08-20,49502.67
502577,104730,B003,SAVINGS,ACTIVE,2024-08-10,11895.02
502578,104064,B002,SAVINGS,ACTIVE,2021-09-11,12713.79
502579,102530,B008,SALARY,ACTIVE,2019-06-11,34997.14
502580,102798,B019,SALARY,ACTIVE,2024-12-25,12503.36
502581,109130,B006,SAVINGS,ACTIVE,2019-11-18,21258.21
502582,101136,B004,SALARY,ACTIVE,2020-12-11,315871.94
502583,105598,B006,SALARY,ACTIVE,2019-08-19,6996.22
502584,100076,B007,SAVINGS,ACTIVE,2022-10-10,285968.21
502585,104938,B004,SAVINGS,ACTIVE,2026-04-07,91855.22
502586,102237,B014,CURRENT,ACTIVE,2021-03-06,19035.99
502587,109201,B005,SAVINGS,ACTIVE,2020-08-11,12777.29
502588,107186,B007,SAVINGS,ACTIVE,2022-04-14,13892.09
502589,109147,B012,SAVINGS,ACTIVE,2020-08-30,323385.35
502590,104702,B010,SAVINGS,ACTIVE,2023-07-15,10315.31
502591,104293,B005,SAVINGS,ACTIVE,2024-06-04,8214.75
502592,107645,B008,SAVINGS,ACTIVE,2019-01-22,15206.07
502593,102737,B019,SAVINGS,ACTIVE,2020-12-18,8742.17
502594,109702,B019,SAVINGS,ACTIVE,2022-12-27,24455.66
502595,105677,B007,SAVINGS,ACTIVE,2021-03-16,19880.31
502596,101522,B007,SAVINGS,ACTIVE,2024-04-09,12905.62
502597,105583,B004,CURRENT,ACTIVE,2020-11-01,14651.29
502598,103468,B004,SAVINGS,ACTIVE,2021-08-07,27977.1
502599,108314,B012,SAVINGS,ACTIVE,2022-04-04,96632.27
502600,102065,B003,SAVINGS,ACTIVE,2020-07-11,8024.71
502601,106675,B017,SALARY,ACTIVE,2019-11-04,81856.01
502602,105857,B002,SALARY,ACTIVE,2026-05-22,112586.31
502603,101303,B005,SAVINGS,ACTIVE,2025-11-05,53597.43
502604,107663,B019,CURRENT,ACTIVE,2022-04-11,154384.75
502605,101034,B017,SAVINGS,ACTIVE,2025-10-13,92420.21
502606,102141,B015,SAVINGS,CLOSED,2022-10-13,5434.48
502607,103218,B018,SAVINGS,ACTIVE,2022-04-19,3711.54
502608,107992,B013,SAVINGS,ACTIVE,2020-09-25,7824.0
502609,101782,B014,SALARY,ACTIVE,2021-03-29,47872.73
502610,100391,B016,SAVINGS,ACTIVE,2025-01-05,25912.26
502611,101512,B012,SAVINGS,ACTIVE,2022-06-20,30315.68
502612,106486,B012,SAVINGS,ACTIVE,2024-11-08,60708.29
502613,105667,B011,SAVINGS,ACTIVE,2019-05-22,7107.06
502614,108476,B018,SAVINGS,BLOCKED,2020-02-18,10269.98
502615,100191,B013,SAVINGS,ACTIVE,2021-04-02,3276.83
502616,109179,B006,SAVINGS,ACTIVE,2022-12-12,207998.29
502617,106942,B011,SAVINGS,ACTIVE,2025-07-14,36956.63
502618,103556,B013,SAVINGS,ACTIVE,2024-08-29,66380.44
502619,105440,B006,SAVINGS,ACTIVE,2023-12-18,18346.15
502620,101075,B017,SAVINGS,CLOSED,2021-08-31,74929.69
502621,106139,B002,SALARY,ACTIVE,2023-11-18,6076.7
502622,105010,B001,CURRENT,ACTIVE,2020-02-25,46005.51
502623,108707,B011,SAVINGS,ACTIVE,2022-02-22,21650.89
502624,104656,B004,SAVINGS,ACTIVE,2023-05-22,38278.1
502625,108424,B009,SAVINGS,ACTIVE,2019-09-10,24363.88
502626,106254,B017,SAVINGS,ACTIVE,2024-05-19,40880.36
502627,109109,B016,SAVINGS,ACTIVE,2019-04-30,3301.98
502628,105804,B001,CURRENT,ACTIVE,2022-02-15,11637.71
502629,100328,B016,SALARY,ACTIVE,2022-11-30,54546.46
502630,101988,B017,SAVINGS,ACTIVE,2024-05-24,199166.21
502631,100377,B008,SALARY,ACTIVE,2019-05-28,11043.4
502632,100456,B012,SAVINGS,ACTIVE,2023-12-02,55088.4
502633,101435,B001,SAVINGS,ACTIVE,2019-08-20,50707.76
502634,109704,B012,SALARY,ACTIVE,2020-09-01,35725.83
502635,101454,B002,SAVINGS,ACTIVE,2019-09-04,139943.04
502636,104123,B012,SAVINGS,BLOCKED,2025-09-21,15366.64
502637,109676,B004,SAVINGS,ACTIVE,2022-12-27,72891.55
502638,105749,B016,SAVINGS,ACTIVE,2023-10-06,22004.11
502639,104302,B005,SAVINGS,ACTIVE,2022-04-18,144535.56
502640,100368,B014,CURRENT,ACTIVE,2025-12-26,13569.13
502641,101682,B009,SAVINGS,ACTIVE,2024-03-28,33726.9
502642,101739,B005,SALARY,ACTIVE,2024-06-06,5883.3
502643,106450,B001,SALARY,ACTIVE,2024-04-29,12141.86
502644,104924,B016,SAVINGS,ACTIVE,2025-05-11,151482.28
502645,106443,B015,SAVINGS,ACTIVE,2020-10-07,16350.02
502646,104529,B014,SAVINGS,ACTIVE,2023-06-18,19042.88
502647,105448,B001,SAVINGS,ACTIVE,2019-03-09,75542.16
502648,102475,B018,SALARY,ACTIVE,2026-01-21,11240.56
502649,100339,B013,SAVINGS,ACTIVE,2022-12-15,26295.4
502650,108027,B017,SAVINGS,ACTIVE,2021-05-03,18577.02
502651,104160,B015,SAVINGS,ACTIVE,2025-01-22,38051.7
502652,109069,B007,SALARY,ACTIVE,2024-07-19,53863.76
502653,102261,B010,SAVINGS,ACTIVE,2021-05-13,31095.97
502654,102908,B012,SALARY,ACTIVE,2025-11-13,2874.3
502655,103940,B001,SALARY,ACTIVE,2025-04-10,23909.72
502656,106908,B016,SAVINGS,ACTIVE,2021-10-16,13447.24
502657,101009,B010,SAVINGS,ACTIVE,2019-07-24,6144.28
502658,101603,B008,CURRENT,ACTIVE,2024-11-11,1013.76
502659,101581,B010,CURRENT,ACTIVE,2024-01-02,10754.09
502660,101042,B020,SAVINGS,ACTIVE,2021-06-05,130949.87
502661,103623,B009,SALARY,ACTIVE,2025-03-08,39645.17
502662,101790,B013,SAVINGS,ACTIVE,2025-10-27,65965.28
502663,107305,B007,SAVINGS,ACTIVE,2026-03-24,29098.14
502664,101481,B018,SAVINGS,ACTIVE,2026-01-08,123276.82
502665,100102,B016,SAVINGS,ACTIVE,2024-06-30,32615.0
502666,104887,B013,SAVINGS,ACTIVE,2023-04-22,44034.1
502667,101548,B019,SALARY,ACTIVE,2021-01-19,21097.17
502668,102095,B002,SAVINGS,ACTIVE,2025-07-16,26623.5
502669,105352,B005,SAVINGS,ACTIVE,2020-02-10,20456.48
502670,102562,B016,SAVINGS,ACTIVE,2022-07-16,65004.34
502671,100783,B001,SAVINGS,ACTIVE,2022-06-08,74934.56
502672,102231,B005,SAVINGS,ACTIVE,2026-04-08,35787.27
502673,108919,B002,SAVINGS,ACTIVE,2023-03-02,57086.14
502674,106424,B016,SALARY,ACTIVE,2023-08-04,24679.56
502675,103579,B002,SAVINGS,BLOCKED,2022-02-28,44583.86
502676,109221,B005,SAVINGS,ACTIVE,2022-07-30,43358.31
502677,106031,B004,SAVINGS,ACTIVE,2024-12-15,7821.63
502678,102775,B003,SAVINGS,ACTIVE,2021-05-05,2773.55
502679,101233,B002,SAVINGS,ACTIVE,2025-08-05,86908.41
502680,102446,B014,CURRENT,ACTIVE,2022-04-29,26239.22
502681,109799,B016,SAVINGS,ACTIVE,2020-11-25,22873.47
502682,101239,B009,SAVINGS,BLOCKED,2020-07-12,17134.56
502683,106267,B012,SAVINGS,ACTIVE,2023-07-05,20181.0
502684,109850,B001,SAVINGS,ACTIVE,2019-07-07,67169.01
502685,106015,B006,SAVINGS,ACTIVE,2024-05-02,14716.47
502686,108240,B019,SALARY,ACTIVE,2023-08-06,22841.03
502687,104884,B015,SAVINGS,ACTIVE,2023-03-20,14491.5
502688,103655,B012,SAVINGS,ACTIVE,2020-05-24,125227.55
502689,102250,B019,SALARY,ACTIVE,2019-08-17,65792.45
502690,100219,B012,SAVINGS,ACTIVE,2019-07-04,327749.27
502691,105606,B019,SALARY,ACTIVE,2019-12-10,26777.34
502692,105294,B008,SAVINGS,ACTIVE,2024-12-17,24077.78
502693,108241,B014,SAVINGS,ACTIVE,2022-08-04,57903.82
502694,101943,B008,SALARY,ACTIVE,2020-01-06,9891.65
502695,102555,B004,SAVINGS,ACTIVE,2020-10-23,76920.47
502696,100140,B004,SAVINGS,ACTIVE,2020-08-08,32323.36
502697,104703,B003,SAVINGS,ACTIVE,2022-07-20,73923.63
502698,103923,B002,SALARY,ACTIVE,2020-07-01,13283.75
502699,100593,B010,SALARY,BLOCKED,2024-02-20,20904.41
502700,106614,B011,SAVINGS,ACTIVE,2024-12-08,38199.91
502701,102171,B016,SAVINGS,ACTIVE,2019-10-15,39558.06
502702,107854,B014,SAVINGS,ACTIVE,2019-05-05,17645.18
502703,106666,B003,SAVINGS,ACTIVE,2019-12-05,79915.05
502704,102585,B012,SAVINGS,ACTIVE,2025-09-06,37665.73
502705,101928,B013,SAVINGS,CLOSED,2023-05-28,49578.81
502706,104840,B020,SAVINGS,ACTIVE,2025-12-27,6002.27
502707,108238,B002,SAVINGS,ACTIVE,2020-02-09,4503.89
502708,107279,B015,SALARY,ACTIVE,2022-04-03,11857.0
502709,102598,B010,SAVINGS,ACTIVE,2020-05-06,53793.15
502710,109896,B018,SAVINGS,ACTIVE,2021-04-02,40635.73
502711,101568,B007,SAVINGS,ACTIVE,2020-07-01,146170.13
502712,109216,B001,SAVINGS,ACTIVE,2024-01-07,15984.65
502713,101709,B013,SAVINGS,BLOCKED,2023-07-30,32913.87
502714,103137,B002,SAVINGS,ACTIVE,2025-08-10,9213.14
502715,105621,B010,SAVINGS,ACTIVE,2021-02-24,95852.95
502716,104127,B003,SAVINGS,ACTIVE,2020-04-23,15373.34
502717,100977,B002,SAVINGS,ACTIVE,2019-11-09,70566.54
502718,109279,B014,CURRENT,ACTIVE,2021-03-01,30656.15
502719,104491,B005,SAVINGS,ACTIVE,2020-06-18,15463.34
502720,105634,B019,CURRENT,ACTIVE,2020-04-24,8770.38
502721,108919,B020,SAVINGS,ACTIVE,2019-08-18,50105.47
502722,100111,B005,CURRENT,ACTIVE,2020-03-15,18028.64
502723,104851,B005,SAVINGS,CLOSED,2025-08-21,2799.48
502724,107166,B018,CURRENT,ACTIVE,2021-08-20,276472.3
502725,107846,B005,SAVINGS,ACTIVE,2023-10-11,46084.53
502726,104634,B005,SAVINGS,ACTIVE,2020-02-15,63011.35
502727,106077,B006,SAVINGS,BLOCKED,2021-06-10,14204.44
502728,107604,B014,SAVINGS,ACTIVE,2025-07-19,7581.91
502729,102065,B020,CURRENT,BLOCKED,2025-12-16,17579.4
502730,109140,B002,SAVINGS,ACTIVE,2025-12-15,111472.55
502731,107025,B004,CURRENT,ACTIVE,2023-07-20,9436.42
502732,103707,B007,SALARY,ACTIVE,2022-01-18,31776.8
502733,101511,B013,SAVINGS,ACTIVE,2020-11-16,12158.4
502734,104648,B011,SAVINGS,ACTIVE,2023-09-07,17864.54
502735,104727,B020,CURRENT,ACTIVE,2021-09-29,114710.45
502736,104395,B012,SAVINGS,ACTIVE,2024-04-13,70651.17
502737,105433,B010,SAVINGS,ACTIVE,2021-02-19,48239.18
502738,103861,B007,SAVINGS,ACTIVE,2024-03-18,51171.4
502739,105912,B007,SAVINGS,ACTIVE,2024-02-15,10852.67
502740,104831,B010,SAVINGS,ACTIVE,2024-01-08,159657.48
502741,108779,B003,SAVINGS,ACTIVE,2019-07-30,19094.65
502742,106217,B002,SAVINGS,ACTIVE,2021-07-09,75939.13
502743,106079,B014,SAVINGS,ACTIVE,2026-02-08,214093.58
502744,100083,B008,SALARY,ACTIVE,2022-03-18,12377.76
502745,102891,B001,SAVINGS,ACTIVE,2020-02-03,6957.89
502746,108670,B008,CURRENT,ACTIVE,2019-07-01,38920.8
502747,103395,B019,CURRENT,ACTIVE,2025-06-05,29405.69
502748,108707,B001,SALARY,ACTIVE,2021-11-23,44082.43
502749,101214,B019,SAVINGS,ACTIVE,2021-04-22,13494.13
502750,101846,B011,CURRENT,ACTIVE,2021-04-19,16966.43
502751,100517,B001,SAVINGS,ACTIVE,2021-11-01,17919.42
502752,101193,B020,SAVINGS,ACTIVE,2023-06-20,72991.19
502753,100761,B015,SAVINGS,ACTIVE,2021-05-06,61332.2
502754,107082,B011,SAVINGS,ACTIVE,2025-07-16,30924.57
502755,106628,B010,SAVINGS,ACTIVE,2019-12-27,584311.24
502756,109523,B001,SAVINGS,ACTIVE,2021-02-07,116081.06
502757,100869,B016,SAVINGS,ACTIVE,2025-04-04,11688.77
502758,101486,B002,SAVINGS,ACTIVE,2023-05-07,22347.81
502759,106019,B010,SAVINGS,ACTIVE,2023-03-15,215423.33
502760,108210,B016,SAVINGS,ACTIVE,2026-02-17,15947.53
502761,106323,B003,SAVINGS,CLOSED,2024-05-27,623455.79
502762,109502,B013,SAVINGS,ACTIVE,2022-07-08,36007.41
502763,107079,B004,SAVINGS,ACTIVE,2024-12-04,66033.84
502764,108197,B013,SAVINGS,ACTIVE,2021-12-17,28916.16
502765,102030,B018,SALARY,ACTIVE,2024-01-28,5383.25
502766,105501,B017,SAVINGS,ACTIVE,2023-02-03,73554.17
502767,103304,B015,SALARY,ACTIVE,2019-09-23,13919.16
502768,109218,B003,SAVINGS,ACTIVE,2025-09-13,39937.9
502769,107974,B012,SAVINGS,ACTIVE,2023-06-26,108700.89
502770,100128,B020,SAVINGS,ACTIVE,2019-06-26,39958.69
502771,102416,B018,SAVINGS,ACTIVE,2020-11-24,7786.77
502772,108625,B013,SAVINGS,ACTIVE,2023-02-11,18468.27
502773,109960,B015,SAVINGS,ACTIVE,2023-06-26,3296.17
502774,106930,B020,SAVINGS,ACTIVE,2021-01-08,15162.7
502775,107498,B019,SAVINGS,ACTIVE,2019-06-15,32723.17
502776,103896,B012,SAVINGS,ACTIVE,2025-08-31,31753.37
502777,109179,B007,SAVINGS,CLOSED,2023-06-13,31282.84
502778,108607,B017,SAVINGS,ACTIVE,2020-05-11,22109.05
502779,107040,B009,SAVINGS,BLOCKED,2024-11-30,33208.4
502780,107375,B011,SALARY,ACTIVE,2021-08-27,10685.74
502781,101159,B001,SALARY,ACTIVE,2020-04-15,12103.78
502782,107963,B005,SALARY,CLOSED,2020-05-23,12907.95
502783,109069,B001,SAVINGS,ACTIVE,2020-03-26,911064.11
502784,102851,B019,SAVINGS,ACTIVE,2020-12-22,67545.68
502785,108553,B015,SAVINGS,ACTIVE,2019-09-20,273175.0
502786,105754,B010,CURRENT,ACTIVE,2026-01-31,13722.68
502787,109941,B011,SAVINGS,ACTIVE,2019-01-01,10042.04
502788,103589,B007,SAVINGS,ACTIVE,2019-08-18,7174.48
502789,108618,B014,SAVINGS,ACTIVE,2020-11-04,11807.56
502790,106556,B018,CURRENT,ACTIVE,2023-03-06,12468.41
502791,104592,B016,SAVINGS,ACTIVE,2022-01-22,15578.36
502792,107400,B009,SALARY,ACTIVE,2019-01-18,18329.58
502793,104027,B015,SAVINGS,ACTIVE,2021-11-12,41736.09
502794,106468,B007,SAVINGS,ACTIVE,2022-04-01,59786.2
502795,104985,B005,SAVINGS,ACTIVE,2024-07-30,59150.24
502796,108789,B016,SAVINGS,ACTIVE,2020-08-04,618293.15
502797,105482,B013,SAVINGS,ACTIVE,2022-11-13,21134.25
502798,101283,B008,CURRENT,BLOCKED,2025-06-08,226051.69
502799,106708,B003,SAVINGS,ACTIVE,2026-03-07,82620.01
502800,105523,B008,SAVINGS,ACTIVE,2020-04-14,85611.4
502801,106160,B005,SAVINGS,ACTIVE,2022-01-12,39895.5
502802,105366,B018,SAVINGS,ACTIVE,2022-02-09,30580.02
502803,107965,B014,CURRENT,ACTIVE,2025-10-21,214715.89
502804,107489,B015,CURRENT,ACTIVE,2025-09-01,293227.56
502805,107153,B017,SAVINGS,ACTIVE,2024-12-10,33948.81
502806,104838,B005,CURRENT,ACTIVE,2022-05-07,22838.48
502807,102725,B004,SAVINGS,ACTIVE,2022-05-05,19361.7
502808,102539,B002,SALARY,ACTIVE,2024-07-10,38954.82
502809,103006,B007,SAVINGS,ACTIVE,2020-12-09,7504.31
502810,102541,B009,SAVINGS,ACTIVE,2020-11-19,3811.68
502811,107314,B008,SAVINGS,CLOSED,2021-12-02,18002.72
502812,103349,B010,SAVINGS,ACTIVE,2024-09-01,15380.43
502813,109067,B006,CURRENT,ACTIVE,2019-02-10,13419.41
502814,104151,B005,SAVINGS,ACTIVE,2023-08-18,33644.31
502815,108077,B007,SALARY,ACTIVE,2019-07-19,75849.96
502816,106851,B020,SAVINGS,ACTIVE,2022-11-01,43447.68
502817,109953,B005,SAVINGS,ACTIVE,2020-02-19,63002.9
502818,104201,B006,SAVINGS,ACTIVE,2022-05-03,22499.85
502819,100985,B005,SAVINGS,ACTIVE,2023-03-04,35345.13
502820,102201,B003,SAVINGS,ACTIVE,2024-04-10,106416.6
502821,101172,B008,SALARY,ACTIVE,2024-04-26,9339.69
502822,101362,B003,SAVINGS,ACTIVE,2019-09-02,32769.52
502823,108156,B013,SAVINGS,ACTIVE,2019-01-13,34019.64
502824,107045,B003,SAVINGS,ACTIVE,2021-01-27,18207.14
502825,103677,B017,SAVINGS,ACTIVE,2023-03-29,32485.8
502826,101115,B007,CURRENT,ACTIVE,2021-01-31,72127.44
502827,108947,B007,SAVINGS,ACTIVE,2023-04-22,10856.78
502828,102968,B004,CURRENT,ACTIVE,2021-07-16,74812.52
502829,105459,B011,SALARY,ACTIVE,2026-02-16,61402.62
502830,102126,B014,SALARY,ACTIVE,2025-04-18,3557.85
502831,106700,B005,SAVINGS,ACTIVE,2021-03-24,9883.23
502832,100843,B013,SAVINGS,ACTIVE,2023-11-14,64561.6
502833,103181,B018,SAVINGS,ACTIVE,2020-01-12,169010.39
502834,108846,B003,CURRENT,ACTIVE,2026-03-01,35711.37
502835,100186,B015,SAVINGS,ACTIVE,2023-12-20,28389.63
502836,100719,B017,SALARY,ACTIVE,2020-12-15,22894.09
502837,105893,B020,SAVINGS,ACTIVE,2024-04-05,63840.82
502838,102368,B016,CURRENT,ACTIVE,2025-12-29,11157.77
502839,103432,B012,SAVINGS,ACTIVE,2024-07-11,50338.75
502840,101705,B009,SAVINGS,ACTIVE,2021-04-06,18273.31
502841,101236,B020,SAVINGS,ACTIVE,2022-05-03,4927.2
502842,108529,B008,SAVINGS,ACTIVE,2020-12-08,11846.07
502843,106560,B018,SAVINGS,ACTIVE,2021-12-08,17100.17
502844,108953,B004,SAVINGS,ACTIVE,2022-02-07,9475.09
502845,109352,B005,SAVINGS,ACTIVE,2024-11-04,204917.71
502846,105541,B009,SAVINGS,ACTIVE,2020-12-09,18862.24
502847,100536,B010,SAVINGS,ACTIVE,2022-02-23,7804.4
502848,107009,B010,SAVINGS,ACTIVE,2023-11-04,96303.36
502849,108221,B008,SALARY,ACTIVE,2024-11-26,7927.97
502850,108437,B009,SALARY,ACTIVE,2021-10-18,5139.62
502851,107614,B020,SAVINGS,ACTIVE,2021-01-07,138804.38
502852,103086,B004,SALARY,ACTIVE,2024-06-21,14288.96
502853,100355,B018,SAVINGS,ACTIVE,2025-05-07,70321.47
502854,105179,B003,SAVINGS,ACTIVE,2022-03-23,164399.36
502855,107419,B012,SAVINGS,ACTIVE,2023-09-06,4513.64
502856,100075,B017,SAVINGS,ACTIVE,2025-04-09,10596.96
502857,107127,B008,SAVINGS,ACTIVE,2026-04-12,24810.83
502858,102492,B003,SAVINGS,BLOCKED,2023-09-05,100886.72
502859,101053,B013,CURRENT,ACTIVE,2023-11-14,53075.34
502860,105236,B018,SAVINGS,ACTIVE,2019-08-26,35339.89
502861,109375,B002,SAVINGS,ACTIVE,2020-06-16,49093.72
502862,103346,B013,SAVINGS,ACTIVE,2019-04-08,12720.54
502863,105359,B020,CURRENT,ACTIVE,2021-03-31,55152.05
502864,101426,B014,SAVINGS,ACTIVE,2021-06-19,22315.04
502865,105479,B012,SALARY,ACTIVE,2019-12-21,53851.6
502866,100929,B008,CURRENT,ACTIVE,2019-10-13,14454.69
502867,109290,B013,SAVINGS,ACTIVE,2020-10-12,27642.7
502868,108507,B003,CURRENT,ACTIVE,2025-05-02,10769.18
502869,103098,B012,SAVINGS,ACTIVE,2022-02-01,34323.22
502870,107515,B009,SAVINGS,ACTIVE,2024-01-02,19936.66
502871,105520,B016,SALARY,ACTIVE,2024-06-26,16218.69
502872,107860,B013,SAVINGS,ACTIVE,2021-06-07,28838.34
502873,102277,B008,SAVINGS,ACTIVE,2025-11-14,3754.83
502874,106812,B010,SAVINGS,ACTIVE,2023-12-13,85282.37
502875,109285,B005,SAVINGS,ACTIVE,2022-12-28,8001.44
502876,101745,B018,SALARY,ACTIVE,2025-06-24,13796.22
502877,105425,B014,SAVINGS,ACTIVE,2021-04-13,12470.79
502878,107364,B003,SAVINGS,ACTIVE,2021-08-07,3455.87
502879,107468,B009,SAVINGS,BLOCKED,2019-04-22,69827.01
502880,105564,B015,SALARY,ACTIVE,2024-07-27,28603.05
502881,105707,B011,SALARY,ACTIVE,2020-05-02,28751.49
502882,100153,B011,SAVINGS,ACTIVE,2020-09-17,221017.42
502883,105875,B006,SAVINGS,ACTIVE,2019-07-11,13450.44
502884,100505,B012,SAVINGS,ACTIVE,2022-12-31,3848.06
502885,102016,B010,SAVINGS,ACTIVE,2020-08-17,44966.23
502886,102195,B004,SAVINGS,ACTIVE,2021-10-02,53086.7
502887,105682,B011,SAVINGS,ACTIVE,2024-02-21,2192.53
502888,107880,B014,SAVINGS,ACTIVE,2022-11-03,4613.52
502889,103470,B015,SAVINGS,ACTIVE,2022-04-09,50986.77
502890,106003,B011,SAVINGS,ACTIVE,2019-08-15,22593.16
502891,104259,B009,SALARY,ACTIVE,2025-12-31,66371.68
502892,105978,B020,SAVINGS,ACTIVE,2025-08-26,29164.63
502893,101138,B004,CURRENT,ACTIVE,2021-08-09,36839.19
502894,109873,B013,SAVINGS,ACTIVE,2025-04-27,44190.54
502895,103366,B011,SAVINGS,ACTIVE,2022-12-21,29759.27
502896,104957,B011,SAVINGS,BLOCKED,2022-09-05,19583.93
502897,105573,B008,SAVINGS,ACTIVE,2024-07-12,12359.88
502898,104600,B004,SAVINGS,ACTIVE,2020-06-07,78133.92
502899,104484,B005,SAVINGS,ACTIVE,2025-04-04,226233.46
502900,104625,B004,SAVINGS,ACTIVE,2019-05-18,71021.7
502901,108527,B001,SAVINGS,ACTIVE,2023-11-26,11869.09
502902,103116,B010,SAVINGS,ACTIVE,2023-08-17,8481.88
502903,104412,B007,SAVINGS,ACTIVE,2022-08-09,5820.68
502904,102189,B014,SALARY,ACTIVE,2022-11-05,23285.42
502905,106997,B015,SAVINGS,ACTIVE,2026-04-25,29667.76
502906,100712,B003,SAVINGS,ACTIVE,2020-01-17,16366.18
502907,105493,B013,SALARY,ACTIVE,2020-08-06,79793.0
502908,103129,B018,SAVINGS,ACTIVE,2021-01-09,21619.67
502909,104321,B019,SAVINGS,ACTIVE,2019-02-07,25477.53
502910,101173,B018,SAVINGS,ACTIVE,2022-02-25,9832.06
502911,104158,B012,SAVINGS,ACTIVE,2022-10-27,60843.03
502912,101491,B001,SAVINGS,ACTIVE,2024-08-10,17344.09
502913,108804,B013,SAVINGS,CLOSED,2024-02-02,1644.72
502914,105809,B016,SAVINGS,ACTIVE,2019-05-10,81889.34
502915,108940,B014,SAVINGS,ACTIVE,2024-09-19,6408.61
502916,102232,B019,CURRENT,ACTIVE,2023-02-02,6630.22
502917,103793,B009,SAVINGS,CLOSED,2019-12-18,5550.44
502918,101674,B013,SAVINGS,ACTIVE,2022-01-22,44033.32
502919,104501,B010,SAVINGS,ACTIVE,2026-04-12,7742.93
502920,105266,B014,SAVINGS,ACTIVE,2026-01-28,33966.62
502921,100808,B010,SAVINGS,ACTIVE,2022-05-04,21413.14
502922,100090,B004,CURRENT,ACTIVE,2020-10-27,36090.65
502923,100168,B005,SALARY,ACTIVE,2021-07-07,139008.73
502924,105749,B011,SAVINGS,ACTIVE,2023-09-10,108567.75
502925,105816,B001,SAVINGS,ACTIVE,2024-06-16,25464.63
502926,103850,B009,CURRENT,ACTIVE,2019-11-28,301221.69
502927,100024,B003,SAVINGS,ACTIVE,2021-05-23,19095.0
502928,102868,B007,SAVINGS,ACTIVE,2025-02-17,7238.61
502929,101251,B001,SALARY,ACTIVE,2022-03-24,6081.3
502930,100633,B010,CURRENT,ACTIVE,2019-10-05,48125.09
502931,102170,B018,SAVINGS,ACTIVE,2024-03-14,7093.34
502932,102397,B001,SAVINGS,ACTIVE,2025-06-18,41671.89
502933,101307,B017,SAVINGS,ACTIVE,2019-12-15,63124.55
502934,107576,B005,SALARY,ACTIVE,2021-01-12,34012.0
502935,109510,B015,SAVINGS,ACTIVE,2024-02-06,28254.02
502936,104222,B007,SAVINGS,ACTIVE,2022-04-17,29233.95
502937,102906,B006,SAVINGS,ACTIVE,2022-02-10,17039.42
502938,106427,B004,SALARY,ACTIVE,2020-04-08,93826.41
502939,104047,B012,SAVINGS,ACTIVE,2024-09-11,49684.19
502940,108461,B004,SAVINGS,ACTIVE,2021-07-22,9423.2
502941,107741,B009,SALARY,ACTIVE,2019-09-22,2074.57
502942,108432,B011,SAVINGS,ACTIVE,2021-06-15,160440.31
502943,102108,B001,SAVINGS,ACTIVE,2020-06-04,72342.83
502944,108102,B019,SALARY,ACTIVE,2022-07-04,77751.54
502945,103757,B020,CURRENT,ACTIVE,2026-01-14,6479.69
502946,101405,B011,SALARY,ACTIVE,2021-03-07,8845.75
502947,105060,B003,SAVINGS,ACTIVE,2022-09-12,54829.74
502948,106992,B015,CURRENT,ACTIVE,2020-01-09,19307.64
502949,107707,B016,SAVINGS,ACTIVE,2024-03-20,22604.95
502950,101826,B007,SAVINGS,ACTIVE,2022-05-15,113246.18
502951,107221,B019,SAVINGS,ACTIVE,2023-03-05,29605.57
502952,106441,B020,SAVINGS,ACTIVE,2019-03-21,34146.41
502953,109570,B001,SAVINGS,ACTIVE,2024-09-15,76646.07
502954,104317,B008,SALARY,ACTIVE,2019-02-03,9272.32
502955,107168,B009,SAVINGS,ACTIVE,2023-01-05,36402.36
502956,109358,B019,SAVINGS,ACTIVE,2024-02-24,229234.19
502957,106736,B003,SAVINGS,ACTIVE,2021-12-09,96988.26
502958,103804,B018,CURRENT,ACTIVE,2023-06-28,17191.13
502959,109194,B006,SAVINGS,ACTIVE,2026-01-04,33308.67
502960,108141,B017,SAVINGS,BLOCKED,2021-08-13,12105.94
502961,100300,B005,SALARY,ACTIVE,2019-09-24,23181.84
502962,102240,B020,SAVINGS,ACTIVE,2022-06-08,15081.42
502963,105803,B017,SAVINGS,ACTIVE,2023-05-26,22811.5
502964,100251,B018,SAVINGS,ACTIVE,2023-01-31,70042.95
502965,102286,B004,SAVINGS,ACTIVE,2023-07-31,11174.58
502966,107584,B019,CURRENT,ACTIVE,2020-07-25,97012.67
502967,104271,B007,CURRENT,ACTIVE,2024-02-03,183410.92
502968,107073,B010,SAVINGS,ACTIVE,2025-03-27,5090.76
502969,104820,B004,SAVINGS,ACTIVE,2021-09-08,31876.22
502970,101912,B005,SAVINGS,ACTIVE,2023-06-30,31934.38
502971,109778,B008,SAVINGS,ACTIVE,2024-08-11,56205.16
502972,102123,B014,SAVINGS,ACTIVE,2022-12-10,30592.75
502973,103309,B007,CURRENT,ACTIVE,2026-03-03,24365.03
502974,108972,B010,SALARY,BLOCKED,2022-04-17,174599.15
502975,103421,B003,SAVINGS,ACTIVE,2021-03-03,119430.84
502976,104344,B002,SAVINGS,ACTIVE,2019-05-30,19357.72
502977,104360,B018,SAVINGS,ACTIVE,2020-12-07,32390.11
502978,105687,B018,SAVINGS,ACTIVE,2025-05-14,52447.98
502979,107560,B001,SAVINGS,ACTIVE,2023-08-23,6721.75
502980,101134,B001,SAVINGS,ACTIVE,2021-09-22,66292.42
502981,104051,B015,SALARY,ACTIVE,2026-01-12,5128.0
502982,101077,B007,SALARY,ACTIVE,2024-05-24,71799.62
502983,105585,B015,SAVINGS,ACTIVE,2021-07-31,17231.08
502984,107552,B001,SAVINGS,ACTIVE,2024-09-20,8651.52
502985,104429,B019,SAVINGS,ACTIVE,2026-03-15,37274.09
502986,103127,B008,SAVINGS,ACTIVE,2020-08-26,33069.75
502987,103266,B020,SAVINGS,ACTIVE,2024-03-13,3510.34
502988,107336,B003,SAVINGS,ACTIVE,2023-09-03,3579.65
502989,109545,B011,SAVINGS,ACTIVE,2025-10-12,21937.95
502990,101004,B015,SAVINGS,ACTIVE,2019-11-16,3405.2
502991,103456,B015,SALARY,CLOSED,2025-08-29,15223.87
502992,100139,B014,SAVINGS,ACTIVE,2020-09-15,67089.44
502993,109408,B018,SAVINGS,ACTIVE,2022-10-27,43974.99
502994,104160,B001,SAVINGS,ACTIVE,2023-05-25,14806.24
502995,107654,B007,SAVINGS,ACTIVE,2020-09-02,16996.98
502996,103918,B004,SAVINGS,BLOCKED,2024-06-03,45062.2
502997,104718,B010,SAVINGS,ACTIVE,2021-10-01,13288.64
502998,109655,B003,SAVINGS,ACTIVE,2020-08-08,3875.22
502999,100873,B016,SAVINGS,ACTIVE,2023-03-22,12891.71
503000,100306,B016,SAVINGS,ACTIVE,2020-06-19,42495.07
503001,108799,B009,SAVINGS,ACTIVE,2024-12-16,5921.27
503002,106180,B012,SAVINGS,ACTIVE,2025-05-18,78246.49
503003,108564,B003,SAVINGS,ACTIVE,2019-03-28,12046.22
503004,108207,B010,SAVINGS,ACTIVE,2024-02-07,247668.43
503005,106070,B008,SAVINGS,ACTIVE,2022-05-08,16440.42
503006,103484,B018,SAVINGS,ACTIVE,2022-01-03,106867.25
503007,103466,B005,SAVINGS,ACTIVE,2019-05-16,27280.89
503008,106860,B006,SAVINGS,ACTIVE,2023-08-27,5243.79
503009,100753,B008,SAVINGS,ACTIVE,2026-02-10,34321.85
503010,107893,B006,CURRENT,ACTIVE,2025-11-30,5940.31
503011,106076,B007,SAVINGS,ACTIVE,2020-11-29,4994.72
503012,102906,B016,SAVINGS,ACTIVE,2026-01-26,64042.25
503013,104353,B013,SAVINGS,ACTIVE,2019-09-14,40172.05
503014,107992,B001,SAVINGS,ACTIVE,2020-04-09,12776.4
503015,100050,B008,CURRENT,ACTIVE,2019-07-28,22967.57
503016,109692,B014,SALARY,ACTIVE,2021-07-12,18677.58
503017,104090,B015,SAVINGS,ACTIVE,2022-04-04,13368.79
503018,103130,B011,SAVINGS,CLOSED,2022-07-22,13885.14
503019,102429,B004,SAVINGS,BLOCKED,2021-11-22,22459.51
503020,101947,B010,SAVINGS,ACTIVE,2025-06-09,19561.92
503021,103840,B002,SAVINGS,ACTIVE,2025-03-06,19469.72
503022,109158,B001,CURRENT,ACTIVE,2020-08-17,33830.66
503023,109714,B019,SAVINGS,ACTIVE,2021-08-14,97596.72
503024,100209,B004,SALARY,ACTIVE,2022-05-01,114775.05
503025,101770,B007,CURRENT,ACTIVE,2021-10-14,59973.52
503026,101336,B007,SAVINGS,ACTIVE,2019-06-30,49416.94
503027,107037,B012,CURRENT,BLOCKED,2025-10-22,15777.9
503028,103879,B013,SAVINGS,ACTIVE,2021-06-14,9171.46
503029,105993,B020,SAVINGS,ACTIVE,2019-03-24,22591.55
503030,106835,B005,SAVINGS,ACTIVE,2024-09-07,35382.74
503031,109724,B003,SAVINGS,ACTIVE,2022-07-08,13925.52
503032,109301,B020,SALARY,ACTIVE,2025-07-09,4861.23
503033,108687,B001,SAVINGS,ACTIVE,2019-02-23,99969.8
503034,105369,B019,SALARY,ACTIVE,2020-09-11,22612.25
503035,102964,B017,SAVINGS,ACTIVE,2020-10-06,91494.26
503036,107825,B016,SAVINGS,ACTIVE,2022-04-17,23112.99
503037,109399,B007,SAVINGS,ACTIVE,2021-03-13,78713.86
503038,102699,B014,CURRENT,ACTIVE,2022-10-13,44356.73
503039,103592,B008,SALARY,ACTIVE,2024-04-30,88994.28
503040,106879,B016,SAVINGS,ACTIVE,2019-02-23,57946.03
503041,106783,B016,SAVINGS,ACTIVE,2023-06-03,22734.29
503042,102531,B015,SALARY,ACTIVE,2023-09-15,26734.47
503043,100568,B010,SAVINGS,ACTIVE,2020-09-04,178072.52
503044,108603,B010,CURRENT,ACTIVE,2020-10-06,19775.3
503045,107401,B002,SAVINGS,ACTIVE,2021-07-09,43783.82
503046,103585,B003,SAVINGS,ACTIVE,2023-04-05,47663.38
503047,101349,B018,SAVINGS,ACTIVE,2023-07-23,57273.51
503048,107271,B004,SAVINGS,ACTIVE,2024-04-09,21766.02
503049,101517,B018,SAVINGS,ACTIVE,2021-03-15,84084.0
503050,103867,B018,SAVINGS,ACTIVE,2022-12-19,28511.13
503051,103452,B001,SAVINGS,ACTIVE,2023-10-21,4082.55
503052,105783,B019,SAVINGS,ACTIVE,2020-03-04,29293.55
503053,106320,B014,CURRENT,BLOCKED,2026-01-28,39722.81
503054,106313,B009,SALARY,ACTIVE,2019-04-24,19073.45
503055,108657,B002,SAVINGS,ACTIVE,2022-05-03,27468.38
503056,102317,B015,SAVINGS,ACTIVE,2021-09-02,30983.55
503057,103574,B010,SAVINGS,ACTIVE,2023-10-24,90376.59
503058,102986,B016,CURRENT,CLOSED,2020-07-24,42769.68
503059,106858,B010,SALARY,ACTIVE,2022-12-19,157305.16
503060,102596,B012,SAVINGS,ACTIVE,2020-07-09,9803.84
503061,107067,B006,SAVINGS,ACTIVE,2022-07-29,12869.38
503062,104365,B002,CURRENT,ACTIVE,2025-05-20,54906.39
503063,106441,B019,SALARY,ACTIVE,2019-09-16,55350.3
503064,100486,B001,SAVINGS,ACTIVE,2023-05-24,76751.93
503065,106098,B004,SAVINGS,ACTIVE,2020-03-11,18909.58
503066,109918,B005,SAVINGS,ACTIVE,2022-04-12,10979.78
503067,107915,B009,SALARY,ACTIVE,2026-02-11,19104.94
503068,102903,B006,SAVINGS,ACTIVE,2023-06-29,2108.44
503069,104114,B001,CURRENT,ACTIVE,2025-12-11,72757.35
503070,104364,B004,SAVINGS,ACTIVE,2021-10-19,14243.48
503071,101415,B020,SALARY,ACTIVE,2019-07-31,10552.52
503072,102741,B009,SAVINGS,ACTIVE,2021-12-20,31127.59
503073,100775,B005,SAVINGS,ACTIVE,2024-01-10,115830.65
503074,103907,B012,SAVINGS,ACTIVE,2020-04-12,52395.96
503075,107381,B003,SAVINGS,ACTIVE,2024-02-22,19706.12
503076,109054,B004,SALARY,ACTIVE,2023-08-07,52831.49
503077,105690,B007,SAVINGS,ACTIVE,2024-01-22,44180.11
503078,106946,B014,SAVINGS,ACTIVE,2021-05-31,159132.49
503079,108807,B006,SAVINGS,ACTIVE,2024-09-14,88708.95
503080,104980,B016,SAVINGS,ACTIVE,2019-12-06,19018.35
503081,105615,B008,SAVINGS,ACTIVE,2024-06-19,28187.45
503082,106827,B020,CURRENT,ACTIVE,2020-06-02,33963.79
503083,101221,B017,SAVINGS,BLOCKED,2020-06-17,3326.17
503084,104961,B016,SAVINGS,ACTIVE,2023-02-20,947.78
503085,105271,B009,SAVINGS,ACTIVE,2023-07-11,31256.88
503086,102046,B015,SAVINGS,ACTIVE,2022-09-23,63379.91
503087,104621,B003,SAVINGS,BLOCKED,2025-05-01,574545.12
503088,102952,B003,SAVINGS,ACTIVE,2019-09-11,23138.54
503089,106794,B002,SAVINGS,ACTIVE,2023-07-12,20352.13
503090,104884,B015,SAVINGS,ACTIVE,2022-06-09,101156.12
503091,103246,B007,SALARY,ACTIVE,2024-02-24,8477.93
503092,107370,B014,SAVINGS,ACTIVE,2022-01-12,213443.83
503093,107605,B007,SAVINGS,ACTIVE,2023-09-17,9911.51
503094,100537,B009,SAVINGS,ACTIVE,2025-07-20,43240.7
503095,106213,B003,SAVINGS,ACTIVE,2021-11-16,30218.59
503096,103699,B020,SAVINGS,ACTIVE,2024-08-07,6286.73
503097,100473,B004,CURRENT,ACTIVE,2024-10-28,17205.24
503098,101311,B005,CURRENT,ACTIVE,2021-06-03,9063.67
503099,102496,B019,SAVINGS,ACTIVE,2022-03-30,15874.94
503100,106567,B017,SALARY,ACTIVE,2019-04-25,91054.06
503101,104442,B018,SAVINGS,ACTIVE,2025-02-08,3498.17
503102,102182,B013,SALARY,ACTIVE,2023-07-15,2889.61
503103,108545,B006,SAVINGS,ACTIVE,2023-02-19,24228.31
503104,103492,B007,SAVINGS,ACTIVE,2024-08-23,6566.35
503105,109272,B013,SAVINGS,ACTIVE,2020-11-23,61369.6
503106,104099,B019,SAVINGS,ACTIVE,2025-06-15,26091.4
503107,105959,B020,SAVINGS,ACTIVE,2020-10-14,72904.89
503108,104233,B006,SAVINGS,ACTIVE,2024-05-10,3718.07
503109,103584,B001,SAVINGS,ACTIVE,2019-02-07,33220.74
503110,105506,B003,SAVINGS,ACTIVE,2026-02-12,496026.08
503111,105484,B007,SAVINGS,ACTIVE,2022-02-21,56751.05
503112,101086,B019,SAVINGS,ACTIVE,2024-11-02,53705.53
503113,109895,B014,SALARY,ACTIVE,2019-05-23,80618.47
503114,108087,B008,SAVINGS,ACTIVE,2022-01-18,15165.2
503115,104570,B015,SAVINGS,ACTIVE,2021-12-10,16118.04
503116,105464,B005,SAVINGS,ACTIVE,2022-02-02,6952.88
503117,105978,B001,SAVINGS,ACTIVE,2025-12-21,33333.91
503118,105366,B006,SAVINGS,CLOSED,2021-11-27,471991.33
503119,104147,B016,SAVINGS,ACTIVE,2020-03-18,54809.2
503120,102805,B003,SAVINGS,ACTIVE,2024-08-11,4830.94
503121,101663,B016,SAVINGS,BLOCKED,2026-04-13,13157.89
503122,100053,B016,SAVINGS,ACTIVE,2022-11-08,58536.87
503123,100851,B014,SAVINGS,ACTIVE,2021-03-05,36650.6
503124,106090,B006,SAVINGS,ACTIVE,2021-01-11,21890.08
503125,104716,B016,SAVINGS,ACTIVE,2022-02-14,11787.88
503126,104775,B001,CURRENT,ACTIVE,2025-01-27,7640.84
503127,107545,B003,SAVINGS,ACTIVE,2021-06-02,5693.67
503128,103991,B020,SAVINGS,ACTIVE,2020-12-31,139746.59
503129,103561,B019,SAVINGS,ACTIVE,2021-08-07,35733.27
503130,105446,B015,SALARY,ACTIVE,2020-12-21,84699.49
503131,105252,B009,SAVINGS,ACTIVE,2020-04-08,32727.77
503132,107081,B001,SAVINGS,ACTIVE,2020-06-04,33884.38
503133,109761,B012,SALARY,ACTIVE,2022-03-07,22590.31
503134,105469,B020,SALARY,ACTIVE,2026-01-04,17551.61
503135,100595,B020,SAVINGS,ACTIVE,2025-10-12,6802.02
503136,104316,B018,CURRENT,ACTIVE,2023-08-02,12304.89
503137,101923,B020,SAVINGS,ACTIVE,2024-04-12,4357.64
503138,109911,B012,SAVINGS,ACTIVE,2019-07-02,7473.54
503139,104900,B001,SAVINGS,ACTIVE,2019-11-09,27870.43
503140,105880,B011,SAVINGS,ACTIVE,2024-11-19,16410.06
503141,105072,B002,SAVINGS,CLOSED,2019-08-20,24668.22
503142,102726,B009,SAVINGS,ACTIVE,2023-01-18,101562.04
503143,102206,B013,SAVINGS,ACTIVE,2020-11-30,58596.76
503144,102254,B013,SAVINGS,ACTIVE,2020-12-21,34872.72
503145,105240,B013,SAVINGS,BLOCKED,2024-06-08,6442.03
503146,104744,B002,SAVINGS,ACTIVE,2021-12-27,7774.43
503147,103803,B003,SAVINGS,ACTIVE,2021-05-27,12927.22
503148,101327,B019,SAVINGS,ACTIVE,2025-10-19,11671.43
503149,100697,B002,SAVINGS,ACTIVE,2023-09-27,2813.63
503150,100285,B001,SAVINGS,ACTIVE,2022-06-01,143876.55
503151,100417,B005,SAVINGS,ACTIVE,2020-02-28,34775.02
503152,105591,B002,SAVINGS,ACTIVE,2024-09-07,52131.56
503153,102635,B003,SAVINGS,ACTIVE,2024-05-06,17884.96
503154,104090,B017,SAVINGS,ACTIVE,2023-09-15,36979.59
503155,103490,B015,SAVINGS,ACTIVE,2025-08-06,23922.08
503156,108108,B014,SAVINGS,ACTIVE,2023-01-14,82252.21
503157,100982,B009,SAVINGS,ACTIVE,2022-08-28,59736.89
503158,100052,B009,SAVINGS,ACTIVE,2022-12-27,20153.26
503159,105887,B007,SALARY,ACTIVE,2023-10-24,5647.57
503160,107149,B005,CURRENT,ACTIVE,2023-11-18,7119.31
503161,103214,B010,SAVINGS,ACTIVE,2021-05-16,15231.68
503162,107140,B011,SALARY,ACTIVE,2025-10-04,29838.69
503163,100427,B008,CURRENT,ACTIVE,2023-02-04,7244.38
503164,108361,B014,SAVINGS,CLOSED,2020-04-29,19384.28
503165,104143,B019,SALARY,ACTIVE,2021-07-27,79587.04
503166,108141,B004,SAVINGS,ACTIVE,2020-08-02,69356.18
503167,108182,B009,SAVINGS,ACTIVE,2022-11-01,17998.82
503168,109720,B017,SAVINGS,ACTIVE,2020-09-19,26430.03
503169,104705,B019,SALARY,ACTIVE,2022-11-05,99848.89
503170,101285,B002,SALARY,ACTIVE,2023-03-31,124674.26
503171,106645,B012,SAVINGS,ACTIVE,2023-08-09,37831.11
503172,103364,B017,SALARY,ACTIVE,2025-05-09,69054.19
503173,107346,B017,SAVINGS,ACTIVE,2022-07-28,71990.75
503174,109557,B013,SAVINGS,ACTIVE,2023-11-17,20902.35
503175,100020,B007,CURRENT,ACTIVE,2019-07-29,14132.97
503176,108305,B005,SAVINGS,ACTIVE,2021-12-13,70133.41
503177,100113,B001,CURRENT,ACTIVE,2025-03-05,119541.73
503178,108106,B008,SAVINGS,ACTIVE,2019-03-30,13801.22
503179,109513,B001,SAVINGS,CLOSED,2022-10-15,12489.91
503180,105692,B013,SALARY,ACTIVE,2022-12-03,15180.86
503181,100231,B001,SAVINGS,ACTIVE,2026-02-23,3726.92
503182,109500,B006,SAVINGS,ACTIVE,2022-10-22,4162.56
503183,102248,B011,SALARY,ACTIVE,2021-09-28,5243.93
503184,104332,B007,SALARY,ACTIVE,2022-03-11,21078.44
503185,109063,B006,SAVINGS,ACTIVE,2020-06-01,14535.5
503186,103443,B016,SAVINGS,ACTIVE,2023-10-31,13056.8
503187,101019,B009,SAVINGS,ACTIVE,2023-05-30,20363.95
503188,109875,B002,SAVINGS,ACTIVE,2019-11-05,118629.75
503189,108645,B003,SAVINGS,ACTIVE,2023-11-11,34365.36
503190,103423,B014,SAVINGS,ACTIVE,2024-03-31,23983.45
503191,103002,B007,SAVINGS,ACTIVE,2025-08-03,48430.91
503192,109043,B008,SAVINGS,ACTIVE,2021-02-02,11383.19
503193,109626,B013,SAVINGS,ACTIVE,2019-08-21,25411.54
503194,103848,B006,SAVINGS,ACTIVE,2023-06-25,10476.99
503195,102664,B001,SAVINGS,ACTIVE,2019-02-11,3390.9
503196,107271,B006,SAVINGS,ACTIVE,2025-02-02,19440.76
503197,105546,B013,CURRENT,ACTIVE,2024-02-17,24214.84
503198,104856,B018,SAVINGS,ACTIVE,2020-05-14,15595.08
503199,100983,B018,SALARY,ACTIVE,2022-08-08,91333.18
503200,105930,B018,SAVINGS,ACTIVE,2022-01-09,28189.06
503201,100643,B001,SALARY,ACTIVE,2020-07-18,50342.96
503202,109028,B011,SAVINGS,ACTIVE,2023-09-23,6216.26
503203,102729,B010,CURRENT,ACTIVE,2025-09-16,94426.79
503204,107222,B005,SALARY,ACTIVE,2023-09-24,43339.92
503205,101459,B016,SAVINGS,ACTIVE,2022-05-18,158130.32
503206,108009,B018,CURRENT,ACTIVE,2025-03-21,93173.22
503207,104330,B005,SALARY,ACTIVE,2024-12-26,3311.03
503208,104522,B005,SAVINGS,ACTIVE,2022-11-18,7419.15
503209,101109,B007,SAVINGS,ACTIVE,2020-04-24,8146.19
503210,101013,B010,CURRENT,ACTIVE,2024-03-09,31653.66
503211,108260,B018,SAVINGS,ACTIVE,2023-06-08,78396.23
503212,109210,B010,SAVINGS,ACTIVE,2019-03-28,20287.25
503213,105711,B016,SAVINGS,ACTIVE,2023-09-14,37319.57
503214,109772,B013,SAVINGS,ACTIVE,2020-03-27,9644.52
503215,103663,B008,SAVINGS,ACTIVE,2022-08-29,12692.09
503216,102855,B013,SAVINGS,ACTIVE,2026-04-21,42551.06
503217,107800,B002,SAVINGS,ACTIVE,2023-02-04,74139.48
503218,108735,B014,SAVINGS,ACTIVE,2022-08-12,47843.27
503219,100765,B005,SALARY,ACTIVE,2025-01-03,12674.75
503220,105586,B016,SAVINGS,ACTIVE,2019-03-26,11700.61
503221,107733,B009,SAVINGS,ACTIVE,2020-04-30,12925.56
503222,103601,B007,SAVINGS,ACTIVE,2019-04-20,32130.62
503223,104172,B005,SAVINGS,ACTIVE,2026-05-10,161880.59
503224,100259,B017,SAVINGS,ACTIVE,2024-08-13,21911.05
503225,102950,B008,SAVINGS,ACTIVE,2025-12-30,29283.12
503226,108007,B013,SAVINGS,ACTIVE,2021-04-26,82016.34
503227,109646,B016,SAVINGS,ACTIVE,2019-12-18,49806.72
503228,109836,B020,SAVINGS,ACTIVE,2021-01-05,56326.11
503229,104914,B009,SAVINGS,ACTIVE,2022-04-13,27215.36
503230,102078,B012,SAVINGS,ACTIVE,2025-04-21,41889.79
503231,109882,B012,SAVINGS,ACTIVE,2024-08-23,32920.87
503232,100071,B017,CURRENT,ACTIVE,2024-08-10,5199.71
503233,107548,B007,SALARY,ACTIVE,2023-06-24,8967.8
503234,103267,B003,CURRENT,ACTIVE,2021-12-26,16955.84
503235,102968,B012,SAVINGS,ACTIVE,2024-10-18,12473.8
503236,109128,B001,SAVINGS,ACTIVE,2019-02-23,12472.96
503237,108992,B011,SAVINGS,ACTIVE,2019-06-06,248627.88
503238,108675,B004,SAVINGS,ACTIVE,2026-01-29,38133.5
503239,107228,B003,SAVINGS,ACTIVE,2021-04-19,100925.53
503240,104386,B005,SAVINGS,ACTIVE,2025-09-14,2246.85
503241,104884,B003,SAVINGS,ACTIVE,2024-04-06,181788.93
503242,108171,B017,SALARY,ACTIVE,2025-05-03,8092.15
503243,109374,B007,SAVINGS,ACTIVE,2020-10-25,155279.5
503244,102928,B006,SAVINGS,ACTIVE,2024-04-01,14110.57
503245,105882,B012,SAVINGS,ACTIVE,2020-08-23,7738.6
503246,105752,B003,SAVINGS,ACTIVE,2023-04-01,51473.37
503247,101440,B012,SALARY,ACTIVE,2021-07-11,6029.15
503248,106716,B002,SAVINGS,ACTIVE,2025-02-24,20921.95
503249,102115,B001,SAVINGS,CLOSED,2026-05-23,5082.21
503250,101126,B003,SAVINGS,ACTIVE,2022-01-22,386790.94
503251,105841,B013,SAVINGS,ACTIVE,2023-11-20,9689.41
503252,101559,B014,SAVINGS,ACTIVE,2023-11-13,55394.28
503253,109223,B003,SAVINGS,ACTIVE,2019-01-13,36771.18
503254,100834,B008,SALARY,ACTIVE,2021-01-08,51579.88
503255,109597,B017,SALARY,ACTIVE,2019-08-13,16659.71
503256,109959,B004,SAVINGS,ACTIVE,2026-04-03,40028.43
503257,109795,B003,SAVINGS,ACTIVE,2023-09-12,260723.65
503258,103889,B001,SAVINGS,ACTIVE,2019-08-10,24961.39
503259,104984,B005,SALARY,ACTIVE,2020-04-18,14116.38
503260,103161,B019,SAVINGS,ACTIVE,2024-09-27,10147.05
503261,109592,B016,CURRENT,ACTIVE,2020-01-03,34385.73
503262,103455,B003,SAVINGS,ACTIVE,2020-12-27,17328.19
503263,105841,B019,SAVINGS,ACTIVE,2024-12-22,15044.79
503264,109681,B011,SALARY,ACTIVE,2024-07-27,27338.29
503265,101079,B019,SAVINGS,ACTIVE,2019-11-09,11152.96
503266,100255,B011,CURRENT,ACTIVE,2021-05-27,26076.87
503267,103477,B015,CURRENT,ACTIVE,2023-08-14,10052.07
503268,109276,B009,SAVINGS,ACTIVE,2021-01-23,88266.95
503269,101274,B001,CURRENT,BLOCKED,2025-12-17,6310.48
503270,105740,B013,CURRENT,ACTIVE,2025-03-23,13570.43
503271,106854,B003,SAVINGS,ACTIVE,2021-12-29,190232.33
503272,105383,B007,SAVINGS,ACTIVE,2021-07-23,13464.99
503273,103713,B001,SAVINGS,ACTIVE,2026-04-09,14203.17
503274,103463,B003,SAVINGS,ACTIVE,2021-07-21,20294.64
503275,102971,B005,SAVINGS,ACTIVE,2021-12-02,63745.18
503276,100288,B006,SAVINGS,ACTIVE,2020-06-23,4603.01
503277,109050,B020,SAVINGS,ACTIVE,2022-01-01,41047.71
503278,108471,B020,CURRENT,ACTIVE,2021-02-08,4929.57
503279,108352,B008,SAVINGS,ACTIVE,2025-10-30,162138.9
503280,105266,B014,SALARY,ACTIVE,2022-11-23,15553.04
503281,103082,B020,CURRENT,ACTIVE,2023-02-09,1131.21
503282,100052,B007,SAVINGS,ACTIVE,2023-09-21,155181.99
503283,107078,B003,SAVINGS,ACTIVE,2019-03-27,80010.87
503284,107036,B004,SAVINGS,ACTIVE,2024-12-10,11888.57
503285,108792,B012,SALARY,ACTIVE,2022-07-21,7836.69
503286,104232,B013,SAVINGS,ACTIVE,2020-09-18,7766.31
503287,106572,B001,SAVINGS,ACTIVE,2025-09-15,8907.62
503288,103943,B008,SAVINGS,ACTIVE,2021-04-05,44353.73
503289,109527,B004,SAVINGS,ACTIVE,2021-09-28,61709.19
503290,100615,B005,SAVINGS,ACTIVE,2023-06-11,2135.3
503291,105678,B012,SAVINGS,ACTIVE,2022-03-24,19910.0
503292,106727,B009,CURRENT,BLOCKED,2024-05-24,34916.71
503293,100494,B018,SAVINGS,ACTIVE,2023-07-12,6958.48
503294,106481,B006,SAVINGS,ACTIVE,2024-06-18,69038.59
503295,109589,B012,CURRENT,ACTIVE,2025-03-19,2565.18
503296,109688,B007,SAVINGS,ACTIVE,2021-05-29,13333.36
503297,100780,B006,CURRENT,ACTIVE,2019-02-25,63578.99
503298,101081,B006,SALARY,ACTIVE,2025-05-17,20989.96
503299,104695,B016,SAVINGS,ACTIVE,2023-12-13,8288.37
503300,109454,B013,CURRENT,ACTIVE,2024-01-27,38723.33
503301,104255,B018,SAVINGS,ACTIVE,2019-06-21,7058.96
503302,104783,B017,SAVINGS,ACTIVE,2019-12-24,69982.07
503303,107020,B011,SAVINGS,CLOSED,2023-09-18,6383.51
503304,100537,B012,SAVINGS,ACTIVE,2024-03-25,95762.71
503305,108496,B018,SAVINGS,ACTIVE,2023-05-10,79240.59
503306,107555,B017,SAVINGS,ACTIVE,2024-06-14,263285.18
503307,109992,B010,SAVINGS,ACTIVE,2024-05-23,14772.09
503308,104133,B013,SAVINGS,ACTIVE,2024-04-19,34143.16
503309,107643,B009,SAVINGS,ACTIVE,2020-05-18,6479.35
503310,100901,B012,SAVINGS,ACTIVE,2022-01-05,127761.85
503311,102922,B016,SAVINGS,ACTIVE,2024-01-31,21080.89
503312,101267,B020,SAVINGS,ACTIVE,2023-05-05,130086.95
503313,106129,B004,SALARY,ACTIVE,2019-11-20,89109.76
503314,109634,B016,SAVINGS,ACTIVE,2023-03-16,21858.68
503315,107693,B002,SAVINGS,ACTIVE,2021-04-17,26777.28
503316,106542,B004,SAVINGS,ACTIVE,2019-02-06,24360.48
503317,107077,B019,SAVINGS,ACTIVE,2019-04-04,26071.37
503318,109529,B012,SAVINGS,ACTIVE,2023-03-11,26885.03
503319,106947,B017,SALARY,ACTIVE,2023-11-25,8170.45
503320,107762,B003,SAVINGS,ACTIVE,2021-12-06,32764.9
503321,102644,B012,SAVINGS,ACTIVE,2020-09-26,39912.13
503322,106261,B001,SAVINGS,ACTIVE,2025-03-29,5014.46
503323,106867,B013,CURRENT,ACTIVE,2025-04-21,141126.3
503324,101188,B009,SALARY,ACTIVE,2024-03-23,2462.99
503325,107024,B003,SAVINGS,ACTIVE,2022-02-25,40176.81
503326,104503,B006,SAVINGS,CLOSED,2020-05-16,13418.67
503327,109832,B003,SAVINGS,ACTIVE,2021-09-30,8480.9
503328,102407,B019,SAVINGS,ACTIVE,2020-02-14,18369.49
503329,104789,B009,SAVINGS,ACTIVE,2020-07-23,12230.54
503330,101600,B018,CURRENT,ACTIVE,2026-02-01,86415.67
503331,100590,B003,SAVINGS,ACTIVE,2025-06-03,2851.89
503332,104939,B014,SALARY,BLOCKED,2020-12-15,8839.64
503333,109624,B014,SALARY,ACTIVE,2021-09-26,27895.67
503334,103134,B001,SAVINGS,ACTIVE,2022-11-25,7378.38
503335,108823,B016,CURRENT,ACTIVE,2019-04-01,21835.93
503336,109533,B003,SAVINGS,ACTIVE,2022-12-15,44750.5
503337,108124,B018,SAVINGS,ACTIVE,2025-08-13,7541.73
503338,100291,B006,SALARY,ACTIVE,2025-09-15,7615.47
503339,107230,B013,SAVINGS,ACTIVE,2024-09-14,5326.52
503340,100284,B013,SAVINGS,ACTIVE,2021-01-07,6773.49
503341,102668,B019,SAVINGS,ACTIVE,2021-12-18,56313.32
503342,106242,B011,SAVINGS,ACTIVE,2022-10-24,19948.15
503343,109491,B016,SALARY,ACTIVE,2024-09-04,10108.05
503344,100931,B002,SAVINGS,ACTIVE,2021-02-08,4805.63
503345,109549,B020,SAVINGS,ACTIVE,2022-08-22,12479.69
503346,105541,B015,SAVINGS,ACTIVE,2024-05-17,14848.36
503347,107423,B015,SALARY,ACTIVE,2022-09-23,2911.88
503348,108158,B001,SAVINGS,ACTIVE,2021-02-23,33174.2
503349,105074,B005,SAVINGS,ACTIVE,2019-07-31,8856.46
503350,101255,B015,SAVINGS,ACTIVE,2024-08-13,9681.33
503351,107803,B018,SALARY,ACTIVE,2019-12-28,20559.82
503352,100704,B019,SAVINGS,ACTIVE,2019-08-05,42798.87
503353,101392,B020,SAVINGS,ACTIVE,2020-02-09,3725.47
503354,109516,B008,SAVINGS,ACTIVE,2021-06-04,9837.62
503355,109131,B002,SAVINGS,ACTIVE,2024-12-06,10671.22
503356,108599,B017,CURRENT,ACTIVE,2022-06-22,4323.03
503357,109399,B011,SAVINGS,ACTIVE,2023-09-19,65256.44
503358,102466,B020,SALARY,ACTIVE,2022-10-29,49048.92
503359,109795,B002,SALARY,ACTIVE,2022-06-12,15064.92
503360,104825,B002,SAVINGS,ACTIVE,2021-07-31,16714.4
503361,100976,B020,SAVINGS,BLOCKED,2025-10-14,118611.41
503362,101545,B002,SAVINGS,CLOSED,2023-03-11,8165.01
503363,107037,B016,SALARY,ACTIVE,2022-07-28,7151.44
503364,108385,B010,SAVINGS,ACTIVE,2020-10-11,43316.17
503365,103912,B003,SAVINGS,ACTIVE,2020-11-11,7785.1
503366,101922,B020,SAVINGS,ACTIVE,2020-12-27,28490.47
503367,102202,B011,SAVINGS,CLOSED,2020-02-08,10169.07
503368,108301,B014,CURRENT,CLOSED,2021-04-16,13562.86
503369,108193,B003,SAVINGS,ACTIVE,2023-11-12,20595.7
503370,102479,B005,SAVINGS,ACTIVE,2022-12-11,4019.56
503371,100455,B019,SAVINGS,ACTIVE,2023-04-30,120114.17
503372,101102,B007,SAVINGS,ACTIVE,2020-06-23,34545.9
503373,104021,B008,SAVINGS,ACTIVE,2020-02-07,13049.49
503374,102133,B001,SAVINGS,ACTIVE,2022-12-10,6701.71
503375,104547,B016,SAVINGS,ACTIVE,2025-10-04,2763.03
503376,105406,B004,SALARY,ACTIVE,2022-05-18,66029.72
503377,100866,B012,SAVINGS,ACTIVE,2023-05-27,24093.63
503378,108851,B016,SALARY,ACTIVE,2022-06-04,1983.39
503379,107866,B013,SAVINGS,ACTIVE,2025-06-13,39583.11
503380,100387,B020,CURRENT,ACTIVE,2022-01-25,31284.85
503381,104415,B014,SALARY,ACTIVE,2021-03-13,192165.97
503382,101432,B019,SALARY,ACTIVE,2020-08-04,390995.42
503383,108239,B010,SAVINGS,ACTIVE,2022-01-26,37150.45
503384,105532,B006,CURRENT,ACTIVE,2023-10-29,153678.88
503385,101895,B020,SALARY,ACTIVE,2022-03-29,46252.09
503386,100908,B019,SAVINGS,ACTIVE,2024-09-16,30328.5
503387,103202,B006,SAVINGS,ACTIVE,2025-11-13,9383.71
503388,103476,B005,SAVINGS,ACTIVE,2023-12-19,56456.67
503389,103025,B018,CURRENT,ACTIVE,2023-07-26,30086.27
503390,103738,B005,SALARY,ACTIVE,2020-11-10,23223.05
503391,101337,B005,SAVINGS,ACTIVE,2024-07-13,49180.95
503392,104879,B003,SALARY,ACTIVE,2023-12-04,18499.53
503393,102891,B013,SAVINGS,ACTIVE,2021-08-26,5309.98
503394,107184,B015,SAVINGS,ACTIVE,2019-01-25,8711.91
503395,107733,B001,SAVINGS,ACTIVE,2023-08-07,19320.87
503396,102462,B006,SAVINGS,CLOSED,2019-12-09,22109.12
503397,101306,B015,CURRENT,ACTIVE,2019-05-18,41344.59
503398,103277,B010,SAVINGS,ACTIVE,2021-01-30,20834.26
503399,101333,B002,SALARY,ACTIVE,2020-09-18,53103.53
503400,104329,B007,SAVINGS,ACTIVE,2023-06-11,47078.76
503401,109296,B018,SAVINGS,ACTIVE,2024-07-23,69354.69
503402,103924,B003,SAVINGS,ACTIVE,2023-08-10,2263.92
503403,108614,B007,SAVINGS,ACTIVE,2020-03-24,40004.03
503404,107164,B004,SALARY,ACTIVE,2020-05-20,133088.99
503405,108705,B016,SAVINGS,ACTIVE,2023-12-27,37699.66
503406,100459,B004,SALARY,ACTIVE,2024-08-14,14710.84
503407,107069,B006,CURRENT,ACTIVE,2022-04-12,67397.21
503408,101480,B005,SAVINGS,ACTIVE,2024-06-25,135928.58
503409,106084,B012,CURRENT,ACTIVE,2025-11-27,64749.5
503410,101382,B007,SAVINGS,ACTIVE,2022-07-20,2193.36
503411,108717,B004,SAVINGS,ACTIVE,2025-04-30,58631.63
503412,105356,B011,SAVINGS,BLOCKED,2024-11-18,36247.08
503413,105802,B011,SAVINGS,ACTIVE,2025-03-19,12892.55
503414,100850,B005,SAVINGS,ACTIVE,2024-07-30,130840.0
503415,103108,B012,SAVINGS,ACTIVE,2022-07-27,5778.38
503416,100748,B014,SAVINGS,ACTIVE,2024-02-10,50450.77
503417,108595,B004,SALARY,ACTIVE,2021-11-17,50734.83
503418,107813,B006,SAVINGS,ACTIVE,2025-08-31,18918.81
503419,106293,B002,SAVINGS,ACTIVE,2020-11-03,41139.26
503420,109804,B005,SAVINGS,ACTIVE,2019-09-12,226339.88
503421,108576,B002,SAVINGS,ACTIVE,2024-12-10,26298.89
503422,100364,B018,SAVINGS,ACTIVE,2020-03-04,23322.15
503423,108790,B005,SAVINGS,ACTIVE,2021-09-19,21558.15
503424,101719,B005,CURRENT,ACTIVE,2022-05-23,8317.5
503425,101278,B001,SALARY,ACTIVE,2021-08-31,29834.22
503426,105091,B007,SALARY,ACTIVE,2021-02-06,7336.45
503427,106312,B014,SAVINGS,ACTIVE,2019-11-24,19744.74
503428,109001,B010,SAVINGS,ACTIVE,2025-05-24,50506.67
503429,105202,B019,SAVINGS,ACTIVE,2020-12-07,28332.89
503430,105042,B018,SAVINGS,ACTIVE,2023-05-04,5512.22
503431,100928,B016,SAVINGS,ACTIVE,2024-02-18,21651.8
503432,103796,B017,SAVINGS,CLOSED,2024-01-10,57007.63
503433,102016,B009,SAVINGS,ACTIVE,2021-03-31,12528.89
503434,108393,B005,CURRENT,ACTIVE,2025-11-14,48783.02
503435,103662,B008,SALARY,ACTIVE,2025-06-14,12262.29
503436,107706,B001,SAVINGS,ACTIVE,2024-03-30,124603.75
503437,100597,B006,SAVINGS,ACTIVE,2025-07-28,24881.57
503438,108002,B008,SAVINGS,ACTIVE,2026-05-19,75683.58
503439,106274,B020,SAVINGS,ACTIVE,2021-09-22,50131.14
503440,102342,B008,SAVINGS,ACTIVE,2024-09-19,182832.29
503441,107711,B003,SAVINGS,ACTIVE,2021-05-22,88456.77
503442,106503,B005,SAVINGS,ACTIVE,2023-12-02,37283.66
503443,106498,B013,SAVINGS,ACTIVE,2025-10-19,21282.56
503444,101832,B012,SAVINGS,ACTIVE,2021-04-21,8066.73
503445,104711,B010,SALARY,ACTIVE,2024-07-23,6793.3
503446,104563,B019,SAVINGS,ACTIVE,2024-07-20,11148.55
503447,102031,B017,SAVINGS,ACTIVE,2021-11-02,5960.85
503448,108390,B002,SAVINGS,ACTIVE,2022-03-13,13568.09
503449,106064,B016,SAVINGS,ACTIVE,2024-01-17,12473.45
503450,107953,B016,SAVINGS,ACTIVE,2025-12-29,62161.65
503451,109541,B014,SAVINGS,ACTIVE,2022-09-04,67440.35
503452,105552,B003,SAVINGS,ACTIVE,2025-06-01,6778.96
503453,103024,B003,SAVINGS,ACTIVE,2019-10-16,3959.44
503454,107700,B017,SAVINGS,ACTIVE,2019-08-04,13435.48
503455,105767,B016,SAVINGS,ACTIVE,2024-12-04,37287.04
503456,100675,B016,SALARY,ACTIVE,2026-03-29,2923.89
503457,103472,B015,SAVINGS,ACTIVE,2023-01-15,279955.83
503458,108300,B013,SAVINGS,ACTIVE,2022-01-23,40197.38
503459,105695,B018,SAVINGS,ACTIVE,2023-08-17,20668.55
503460,107943,B018,SAVINGS,ACTIVE,2021-04-29,7074.51
503461,109685,B009,SAVINGS,ACTIVE,2019-08-28,65817.74
503462,107417,B015,SAVINGS,ACTIVE,2021-07-24,14415.75
503463,103069,B006,SALARY,ACTIVE,2025-06-07,4558.5
503464,101442,B018,SAVINGS,ACTIVE,2020-07-03,15745.06
503465,102140,B001,SAVINGS,ACTIVE,2021-07-06,43462.95
503466,102135,B012,CURRENT,ACTIVE,2021-11-24,37048.42
503467,104387,B003,SALARY,ACTIVE,2019-10-09,100868.73
503468,102194,B004,SAVINGS,ACTIVE,2025-10-01,14635.13
503469,107378,B007,SAVINGS,BLOCKED,2024-09-19,13731.21
503470,106842,B010,SAVINGS,ACTIVE,2021-12-10,21400.19
503471,101024,B015,SALARY,ACTIVE,2022-08-27,13442.87
503472,102804,B006,SAVINGS,ACTIVE,2026-05-09,39727.92
503473,100989,B010,SAVINGS,ACTIVE,2022-04-30,11192.76
503474,101319,B019,SAVINGS,ACTIVE,2024-07-29,10185.63
503475,106174,B014,SAVINGS,CLOSED,2019-07-14,27906.02
503476,105628,B007,SAVINGS,ACTIVE,2023-06-18,37926.4
503477,102239,B003,SAVINGS,ACTIVE,2026-01-25,8435.71
503478,103569,B012,SAVINGS,ACTIVE,2020-10-15,22913.06
503479,109184,B001,SALARY,ACTIVE,2021-08-24,91808.45
503480,104807,B009,CURRENT,ACTIVE,2020-08-24,357141.15
503481,108114,B016,SAVINGS,BLOCKED,2020-06-06,85342.86
503482,107306,B002,SAVINGS,ACTIVE,2022-05-21,20966.31
503483,103002,B013,SAVINGS,ACTIVE,2025-11-04,19506.23
503484,102319,B005,SAVINGS,ACTIVE,2022-12-22,61185.32
503485,109189,B012,SAVINGS,ACTIVE,2025-08-23,41166.86
503486,109065,B004,SALARY,ACTIVE,2020-11-24,25821.18
503487,101743,B005,SALARY,BLOCKED,2026-04-23,4422.33
503488,107186,B009,SAVINGS,ACTIVE,2024-03-19,38884.78
503489,101707,B007,SAVINGS,ACTIVE,2023-07-03,33413.25
503490,108183,B010,SAVINGS,ACTIVE,2023-02-21,16555.69
503491,100240,B003,SAVINGS,ACTIVE,2024-03-05,57964.0
503492,104131,B006,CURRENT,ACTIVE,2021-09-19,63440.57
503493,103563,B020,CURRENT,ACTIVE,2022-01-28,7503.76
503494,105865,B018,SAVINGS,ACTIVE,2020-09-10,47640.3
503495,107764,B013,SAVINGS,ACTIVE,2025-07-18,106417.18
503496,107847,B002,SALARY,ACTIVE,2022-07-24,45225.9
503497,103633,B002,SAVINGS,ACTIVE,2022-12-30,58301.95
503498,100472,B009,SAVINGS,ACTIVE,2025-12-21,12816.93
503499,109290,B017,SAVINGS,ACTIVE,2020-11-02,17791.09
503500,103665,B002,SAVINGS,ACTIVE,2023-04-28,37243.86
503501,109345,B002,SAVINGS,ACTIVE,2022-12-29,35802.4
503502,101149,B014,CURRENT,ACTIVE,2022-05-22,7920.63
503503,107389,B005,SAVINGS,ACTIVE,2026-03-17,36513.71
503504,108010,B008,SAVINGS,ACTIVE,2024-08-02,33802.56
503505,101949,B002,SAVINGS,ACTIVE,2021-12-13,8629.77
503506,109717,B017,CURRENT,ACTIVE,2026-01-16,49811.32
503507,100794,B012,SAVINGS,ACTIVE,2019-11-18,11569.82
503508,109034,B015,SAVINGS,ACTIVE,2022-08-21,33293.71
503509,102382,B001,SAVINGS,ACTIVE,2023-08-07,11439.56
503510,109189,B008,SALARY,ACTIVE,2025-01-28,18797.04
503511,103154,B020,CURRENT,ACTIVE,2026-01-21,19995.78
503512,103751,B020,SAVINGS,ACTIVE,2019-11-20,28033.72
503513,105948,B010,SAVINGS,ACTIVE,2022-05-09,3748.36
503514,105206,B012,SAVINGS,ACTIVE,2022-09-07,46713.63
503515,108889,B017,SAVINGS,BLOCKED,2023-12-22,77784.97
503516,103895,B007,SAVINGS,ACTIVE,2025-09-21,5150.7
503517,103596,B013,SAVINGS,ACTIVE,2025-01-16,114381.0
503518,103657,B008,SALARY,ACTIVE,2025-04-20,164060.75
503519,105437,B012,SAVINGS,ACTIVE,2023-07-29,1639.02
503520,100147,B014,SAVINGS,ACTIVE,2025-06-22,4966.77
503521,105341,B001,SAVINGS,ACTIVE,2021-10-05,160422.4
503522,105908,B009,SALARY,ACTIVE,2019-01-31,13986.18
503523,103846,B012,SALARY,ACTIVE,2023-11-19,7843.11
503524,108132,B013,SAVINGS,ACTIVE,2021-06-17,49777.86
503525,100279,B010,SAVINGS,ACTIVE,2020-10-17,8820.02
503526,103973,B006,CURRENT,ACTIVE,2019-02-23,33493.1
503527,103164,B002,CURRENT,ACTIVE,2019-10-21,156973.7
503528,108508,B005,SAVINGS,CLOSED,2025-03-27,4219.09
503529,107093,B017,SAVINGS,ACTIVE,2024-10-24,31551.26
503530,104466,B012,SAVINGS,ACTIVE,2022-08-12,7391.65
503531,103164,B018,SAVINGS,ACTIVE,2022-03-10,90108.22
503532,106395,B007,SAVINGS,ACTIVE,2019-03-31,29082.02
503533,107317,B003,SAVINGS,ACTIVE,2026-02-26,47717.8
503534,100119,B017,SAVINGS,ACTIVE,2020-01-20,18433.94
503535,109873,B014,SAVINGS,ACTIVE,2025-01-27,107300.51
503536,106207,B018,SALARY,ACTIVE,2025-10-11,6669.09
503537,104038,B001,SAVINGS,ACTIVE,2026-02-28,70992.74
503538,102942,B007,SAVINGS,ACTIVE,2021-11-20,157228.29
503539,106378,B008,SALARY,ACTIVE,2024-05-23,112163.44
503540,108017,B002,SAVINGS,ACTIVE,2020-10-09,123301.06
503541,108547,B018,SALARY,ACTIVE,2021-08-02,14565.16
503542,100014,B008,SAVINGS,ACTIVE,2020-08-18,40622.8
503543,106135,B019,SALARY,ACTIVE,2024-07-07,263171.71
503544,101095,B003,CURRENT,ACTIVE,2022-02-01,112718.77
503545,102567,B002,SAVINGS,ACTIVE,2025-02-22,83101.48
503546,108178,B019,SAVINGS,ACTIVE,2021-11-13,44049.76
503547,101274,B005,SAVINGS,ACTIVE,2024-03-25,5314.83
503548,104462,B016,SAVINGS,ACTIVE,2019-07-15,2675.19
503549,100152,B016,SALARY,ACTIVE,2025-08-30,78968.25
503550,102682,B005,CURRENT,ACTIVE,2021-04-13,16829.65
503551,105394,B011,SALARY,ACTIVE,2019-04-04,72078.33
503552,100191,B012,SAVINGS,BLOCKED,2024-08-20,20016.09
503553,109108,B006,CURRENT,ACTIVE,2021-09-08,19913.17
503554,103591,B007,SAVINGS,ACTIVE,2025-05-19,8544.13
503555,100610,B011,SAVINGS,ACTIVE,2024-11-13,5598.93
503556,107943,B017,SAVINGS,ACTIVE,2022-05-31,396434.07
503557,100346,B018,SALARY,ACTIVE,2024-09-04,20333.02
503558,105299,B020,SALARY,ACTIVE,2020-03-23,33631.36
503559,103125,B008,SAVINGS,CLOSED,2021-06-13,136961.36
503560,101177,B013,SAVINGS,ACTIVE,2022-05-11,123717.05
503561,103425,B004,SAVINGS,ACTIVE,2025-05-30,16580.79
503562,103725,B004,SAVINGS,ACTIVE,2020-11-08,22236.48
503563,103647,B001,CURRENT,ACTIVE,2022-11-17,16749.1
503564,103451,B004,SAVINGS,ACTIVE,2021-03-02,21138.25
503565,101284,B011,SAVINGS,ACTIVE,2019-09-06,34355.97
503566,101058,B012,SAVINGS,ACTIVE,2019-01-06,35649.0
503567,109674,B006,SAVINGS,ACTIVE,2024-11-14,80427.13
503568,103688,B014,SAVINGS,ACTIVE,2026-03-15,13463.53
503569,109724,B013,SALARY,ACTIVE,2022-11-21,12443.12
503570,101386,B020,SAVINGS,ACTIVE,2019-06-11,12769.87
503571,107384,B006,CURRENT,ACTIVE,2026-02-08,88967.42
503572,107120,B006,SAVINGS,ACTIVE,2019-11-28,29337.69
503573,105467,B012,SALARY,ACTIVE,2019-01-31,162905.73
503574,102266,B005,SAVINGS,ACTIVE,2022-07-14,35250.6
503575,102285,B007,SAVINGS,ACTIVE,2024-04-18,84465.74
503576,102884,B013,SAVINGS,ACTIVE,2022-01-10,91162.9
503577,106977,B018,SAVINGS,ACTIVE,2019-03-30,23405.44
503578,101516,B013,SALARY,CLOSED,2019-03-24,32483.85
503579,101805,B018,SALARY,ACTIVE,2024-10-21,13264.4
503580,107948,B012,SAVINGS,ACTIVE,2024-07-13,13284.35
503581,100054,B011,SAVINGS,ACTIVE,2025-07-01,23228.96
503582,109296,B015,SAVINGS,ACTIVE,2026-04-27,45333.83
503583,107961,B011,SALARY,ACTIVE,2025-05-29,17841.89
503584,101931,B011,SAVINGS,ACTIVE,2019-07-10,25586.74
503585,101731,B004,SAVINGS,ACTIVE,2021-07-13,10041.47
503586,105274,B001,SAVINGS,ACTIVE,2025-08-01,66867.77
503587,104340,B016,SALARY,ACTIVE,2024-01-15,9858.51
503588,109101,B006,SAVINGS,ACTIVE,2023-07-25,108738.17
503589,103241,B020,SAVINGS,ACTIVE,2020-09-12,13052.21
503590,109433,B018,SALARY,ACTIVE,2022-12-23,49387.05
503591,105680,B002,SAVINGS,ACTIVE,2022-09-28,22987.0
503592,101386,B014,SAVINGS,ACTIVE,2025-09-11,17828.38
503593,104007,B017,SAVINGS,ACTIVE,2020-07-22,21186.92
503594,105993,B015,SAVINGS,ACTIVE,2023-03-24,52835.77
503595,102861,B015,SAVINGS,ACTIVE,2021-02-09,9623.94
503596,105050,B010,SAVINGS,CLOSED,2024-04-01,16718.51
503597,106520,B014,SAVINGS,ACTIVE,2024-10-12,307554.45
503598,104091,B009,SAVINGS,ACTIVE,2023-10-22,254050.35
503599,108038,B013,SALARY,ACTIVE,2019-03-25,49731.84
503600,108148,B017,CURRENT,ACTIVE,2023-09-01,23488.38
503601,109662,B002,CURRENT,ACTIVE,2019-05-10,76072.92
503602,100259,B019,SAVINGS,ACTIVE,2024-11-15,13094.68
503603,101559,B019,SAVINGS,ACTIVE,2020-08-13,171007.54
503604,108419,B003,CURRENT,ACTIVE,2025-02-10,227709.65
503605,108418,B005,SAVINGS,ACTIVE,2023-01-03,82799.2
503606,102349,B003,CURRENT,ACTIVE,2019-12-28,26780.67
503607,109844,B016,SALARY,ACTIVE,2023-02-20,9822.01
503608,101440,B001,CURRENT,ACTIVE,2021-08-28,7497.13
503609,109112,B005,SALARY,ACTIVE,2024-12-26,66075.72
503610,106305,B005,SAVINGS,ACTIVE,2023-06-25,40279.87
503611,109182,B014,SALARY,BLOCKED,2022-06-14,82296.03
503612,109415,B017,SAVINGS,ACTIVE,2022-11-02,48469.56
503613,101499,B004,SALARY,ACTIVE,2022-02-10,253352.89
503614,105186,B012,SAVINGS,ACTIVE,2022-09-11,56846.66
503615,103671,B017,SAVINGS,ACTIVE,2020-08-27,10603.13
503616,109639,B009,CURRENT,ACTIVE,2019-02-06,15157.23
503617,109630,B003,SAVINGS,ACTIVE,2021-09-18,149124.98
503618,106141,B010,SAVINGS,ACTIVE,2023-09-22,35731.24
503619,102710,B015,SAVINGS,ACTIVE,2025-07-31,38315.29
503620,105961,B018,SAVINGS,ACTIVE,2020-07-09,6566.7
503621,105945,B005,SAVINGS,ACTIVE,2022-05-17,14108.68
503622,101860,B017,SALARY,ACTIVE,2019-07-08,257563.11
503623,106941,B007,SAVINGS,ACTIVE,2022-01-04,62273.36
503624,101484,B016,SALARY,ACTIVE,2024-12-02,68470.12
503625,100709,B013,SAVINGS,ACTIVE,2019-07-07,12822.37
503626,106302,B004,SAVINGS,ACTIVE,2020-05-21,9881.86
503627,108163,B015,SAVINGS,ACTIVE,2023-10-02,21598.1
503628,100624,B014,SALARY,ACTIVE,2025-02-25,41732.08
503629,106053,B018,SAVINGS,ACTIVE,2021-10-27,12667.69
503630,109735,B007,SAVINGS,ACTIVE,2025-01-24,23103.16
503631,109638,B003,SAVINGS,ACTIVE,2024-01-17,34054.64
503632,102783,B010,CURRENT,ACTIVE,2025-01-27,4103.97
503633,109836,B019,SAVINGS,BLOCKED,2019-05-02,55583.41
503634,104634,B003,SAVINGS,ACTIVE,2019-09-08,8522.88
503635,101089,B006,SAVINGS,ACTIVE,2019-11-14,86650.71
503636,101823,B010,SAVINGS,ACTIVE,2019-11-01,13592.35
503637,105120,B017,SAVINGS,ACTIVE,2024-09-01,5946.51
503638,104503,B019,SAVINGS,CLOSED,2020-10-18,5973.74
503639,101225,B020,SALARY,ACTIVE,2026-03-16,4978.14
503640,102312,B014,SAVINGS,ACTIVE,2022-04-25,7143.21
503641,106500,B001,SAVINGS,ACTIVE,2023-12-14,14811.89
503642,108384,B001,SAVINGS,ACTIVE,2024-02-04,75945.09
503643,104039,B020,SAVINGS,ACTIVE,2020-11-04,1619.69
503644,100634,B017,CURRENT,BLOCKED,2023-11-21,8775.02
503645,105240,B013,SAVINGS,ACTIVE,2022-10-06,284834.54
503646,104162,B014,CURRENT,ACTIVE,2019-07-15,15704.82
503647,105708,B007,SALARY,ACTIVE,2024-12-30,48021.97
503648,107676,B009,CURRENT,ACTIVE,2019-01-13,47240.12
503649,107252,B017,SAVINGS,ACTIVE,2021-01-11,12367.2
503650,108844,B009,SAVINGS,ACTIVE,2025-09-29,15838.81
503651,107910,B004,SAVINGS,ACTIVE,2021-11-23,84483.71
503652,109675,B016,SAVINGS,ACTIVE,2022-12-18,140733.82
503653,104296,B008,SAVINGS,ACTIVE,2023-07-31,4728.69
503654,100574,B006,SALARY,ACTIVE,2024-04-28,96344.34
503655,105434,B007,CURRENT,ACTIVE,2019-04-11,3505.3
503656,101315,B008,SAVINGS,ACTIVE,2020-08-10,78479.79
503657,101083,B015,SAVINGS,ACTIVE,2019-11-14,91023.62
503658,102479,B016,SAVINGS,ACTIVE,2025-06-23,38171.73
503659,101339,B016,SALARY,ACTIVE,2026-03-28,23797.53
503660,109552,B018,SAVINGS,ACTIVE,2025-10-20,143658.15
503661,105620,B006,SAVINGS,BLOCKED,2024-02-02,16085.86
503662,109687,B017,SAVINGS,ACTIVE,2023-04-19,37639.54
503663,105731,B014,SAVINGS,ACTIVE,2024-12-21,13011.97
503664,105754,B012,SAVINGS,CLOSED,2025-07-13,128655.43
503665,100764,B003,SAVINGS,ACTIVE,2025-10-16,27300.67
503666,107337,B018,SALARY,ACTIVE,2019-12-12,56680.66
503667,104823,B019,SAVINGS,BLOCKED,2025-02-18,2215.56
503668,104691,B015,SAVINGS,ACTIVE,2025-03-26,16085.51
503669,109389,B006,SAVINGS,ACTIVE,2023-07-15,10680.64
503670,109043,B017,SAVINGS,ACTIVE,2020-09-05,9931.28
503671,105343,B020,CURRENT,ACTIVE,2022-12-29,62249.9
503672,101092,B006,SAVINGS,CLOSED,2024-08-10,8789.28
503673,107707,B011,SAVINGS,ACTIVE,2020-10-13,27115.73
503674,108025,B002,SAVINGS,ACTIVE,2024-09-11,287929.55
503675,100761,B017,SAVINGS,ACTIVE,2025-07-19,24151.93
503676,104777,B020,SAVINGS,ACTIVE,2023-09-04,5721.55
503677,102774,B010,SAVINGS,ACTIVE,2022-11-04,92419.61
503678,104549,B015,CURRENT,ACTIVE,2019-01-02,15990.39
503679,108038,B019,SALARY,ACTIVE,2025-10-03,22221.67
503680,105686,B018,CURRENT,ACTIVE,2019-07-05,5834.14
503681,101918,B002,SAVINGS,ACTIVE,2022-03-16,128066.49
503682,104748,B013,SAVINGS,ACTIVE,2021-01-13,100035.16
503683,106764,B006,CURRENT,ACTIVE,2023-10-21,63943.5
503684,108538,B008,SAVINGS,ACTIVE,2023-07-31,134057.44
503685,101253,B014,SAVINGS,ACTIVE,2019-06-10,46304.35
503686,102404,B010,SAVINGS,ACTIVE,2020-01-09,9416.36
503687,102785,B001,SALARY,ACTIVE,2025-09-15,8851.44
503688,101267,B015,SAVINGS,ACTIVE,2019-07-14,26208.71
503689,103951,B019,SAVINGS,ACTIVE,2023-04-23,29398.2
503690,106401,B013,SALARY,ACTIVE,2019-07-03,24768.38
503691,106091,B015,SALARY,ACTIVE,2019-07-05,2854.68
503692,107513,B001,SAVINGS,ACTIVE,2024-03-08,37754.6
503693,103302,B002,SAVINGS,ACTIVE,2023-05-31,5647.76
503694,104953,B014,SAVINGS,ACTIVE,2024-08-13,69574.29
503695,109209,B019,CURRENT,ACTIVE,2024-05-24,6667.32
503696,106512,B009,SAVINGS,ACTIVE,2021-06-16,80147.48
503697,104335,B002,SAVINGS,ACTIVE,2019-06-18,33602.89
503698,104813,B017,SAVINGS,BLOCKED,2025-02-09,10152.97
503699,102632,B007,SALARY,ACTIVE,2023-02-13,45200.33
503700,108327,B017,SALARY,ACTIVE,2023-05-21,125775.68
503701,103922,B016,SAVINGS,ACTIVE,2023-04-24,38276.46
503702,107111,B014,SAVINGS,ACTIVE,2020-03-29,8396.0
503703,105693,B002,SAVINGS,ACTIVE,2019-02-07,16327.14
503704,109602,B008,SAVINGS,ACTIVE,2023-05-01,17511.3
503705,102997,B001,SAVINGS,ACTIVE,2021-09-13,11463.34
503706,106056,B016,SAVINGS,ACTIVE,2019-09-26,3993.16
503707,107112,B017,CURRENT,BLOCKED,2022-08-17,216357.43
503708,106749,B019,SAVINGS,ACTIVE,2025-02-24,11941.04
503709,109198,B008,CURRENT,CLOSED,2025-05-24,4033.01
503710,105318,B005,SAVINGS,ACTIVE,2022-06-01,6488.65
503711,104179,B016,SAVINGS,ACTIVE,2026-04-09,10851.71
503712,105441,B017,SAVINGS,ACTIVE,2025-03-25,762.02
503713,102971,B020,SALARY,ACTIVE,2020-01-26,62467.81
503714,100782,B001,CURRENT,ACTIVE,2025-01-10,50109.64
503715,108964,B001,SAVINGS,ACTIVE,2022-02-25,33502.59
503716,104461,B005,SAVINGS,ACTIVE,2021-02-12,6736.3
503717,107302,B004,SAVINGS,ACTIVE,2023-09-06,64501.51
503718,102369,B018,SALARY,ACTIVE,2026-02-09,18985.72
503719,101800,B005,SAVINGS,ACTIVE,2023-03-05,119913.13
503720,109679,B002,SAVINGS,ACTIVE,2020-08-23,2523.81
503721,101821,B005,SAVINGS,ACTIVE,2025-11-12,9585.02
503722,108973,B002,SALARY,BLOCKED,2023-02-14,8049.45
503723,106350,B005,SAVINGS,ACTIVE,2019-04-10,6656.95
503724,104096,B005,CURRENT,ACTIVE,2024-11-15,47171.12
503725,103588,B003,SAVINGS,ACTIVE,2022-08-16,99426.15
503726,101084,B012,SAVINGS,ACTIVE,2022-01-11,61573.36
503727,103437,B019,SAVINGS,ACTIVE,2020-01-29,27087.24
503728,103848,B012,SAVINGS,ACTIVE,2023-02-15,35787.99
503729,101176,B008,SAVINGS,ACTIVE,2023-11-11,49005.1
503730,109939,B010,SAVINGS,ACTIVE,2019-02-08,9939.7
503731,109117,B017,SALARY,ACTIVE,2019-12-05,33220.8
503732,100682,B019,SAVINGS,ACTIVE,2025-07-30,22821.37
503733,105999,B010,SAVINGS,ACTIVE,2022-12-12,3968.56
503734,109012,B002,SAVINGS,ACTIVE,2020-12-26,303047.85
503735,100795,B015,SALARY,ACTIVE,2020-11-04,40541.2
503736,101063,B019,CURRENT,ACTIVE,2024-06-30,8737.03
503737,102788,B008,SAVINGS,ACTIVE,2020-03-24,16114.55
503738,105572,B001,SALARY,ACTIVE,2020-05-27,47108.8
503739,105773,B020,SAVINGS,ACTIVE,2026-05-04,35658.45
503740,108683,B002,SALARY,ACTIVE,2019-08-07,22269.47
503741,109039,B016,SAVINGS,ACTIVE,2023-05-24,138445.29
503742,106183,B002,SAVINGS,ACTIVE,2023-11-29,18827.92
503743,100557,B008,SAVINGS,ACTIVE,2021-06-08,63428.6
503744,101742,B017,SAVINGS,ACTIVE,2024-08-29,83929.09
503745,107805,B002,SAVINGS,ACTIVE,2021-01-13,73308.22
503746,109957,B011,SAVINGS,ACTIVE,2022-04-24,18873.15
503747,101053,B001,SAVINGS,ACTIVE,2026-01-04,6415.11
503748,108611,B012,SAVINGS,ACTIVE,2020-05-22,2333.72
503749,104010,B004,SALARY,ACTIVE,2020-01-22,27472.12
503750,101512,B010,CURRENT,ACTIVE,2021-02-28,34940.44
503751,107323,B005,SALARY,ACTIVE,2020-09-29,11729.51
503752,105175,B011,CURRENT,ACTIVE,2019-01-17,30210.33
503753,102146,B018,SAVINGS,CLOSED,2024-02-25,78799.79
503754,106492,B003,SAVINGS,ACTIVE,2023-02-10,8343.59
503755,101644,B013,SALARY,ACTIVE,2025-09-21,11819.35
503756,105901,B018,SAVINGS,ACTIVE,2025-09-30,4416.2
503757,107865,B018,SAVINGS,ACTIVE,2020-04-23,15727.79
503758,103541,B012,SALARY,ACTIVE,2019-07-24,51968.87
503759,101543,B012,SALARY,ACTIVE,2020-05-25,16110.42
503760,108177,B009,SAVINGS,BLOCKED,2026-02-25,23155.95
503761,101188,B019,SAVINGS,ACTIVE,2024-01-05,7094.01
503762,102790,B010,SALARY,ACTIVE,2026-01-07,119959.11
503763,100418,B011,SAVINGS,ACTIVE,2023-08-08,69266.86
503764,103036,B020,SALARY,ACTIVE,2021-04-11,8563.51
503765,100516,B018,SALARY,ACTIVE,2024-09-03,31022.79
503766,105471,B015,SAVINGS,ACTIVE,2019-01-08,45330.17
503767,101244,B018,SAVINGS,ACTIVE,2025-11-13,237467.62
503768,100634,B015,SAVINGS,ACTIVE,2026-04-18,68846.58
503769,108077,B008,SALARY,ACTIVE,2022-01-29,95449.1
503770,100781,B018,SAVINGS,ACTIVE,2020-05-29,24622.95
503771,103795,B020,SAVINGS,CLOSED,2022-11-23,27615.93
503772,109666,B019,SAVINGS,ACTIVE,2025-05-06,37210.13
503773,104138,B008,SAVINGS,ACTIVE,2019-02-04,17081.37
503774,104339,B004,SALARY,ACTIVE,2025-09-21,89070.24
503775,106864,B016,SAVINGS,ACTIVE,2019-05-24,19551.26
503776,105640,B019,SAVINGS,ACTIVE,2019-07-28,43183.14
503777,108013,B001,SAVINGS,ACTIVE,2024-12-05,6428.06
503778,109905,B018,SAVINGS,ACTIVE,2025-08-28,9442.8
503779,105911,B007,SALARY,ACTIVE,2024-02-16,13328.31
503780,109755,B018,SAVINGS,ACTIVE,2026-05-17,41758.94
503781,101224,B020,SAVINGS,ACTIVE,2022-07-05,95188.58
503782,107711,B012,SAVINGS,ACTIVE,2023-03-04,6824.67
503783,105323,B002,SAVINGS,ACTIVE,2021-09-11,14166.61
503784,105859,B003,SAVINGS,ACTIVE,2021-04-14,37258.62
503785,108233,B020,SALARY,ACTIVE,2021-05-14,38306.65
503786,102487,B014,SAVINGS,ACTIVE,2022-01-12,137000.6
503787,105771,B008,SALARY,ACTIVE,2025-01-18,51298.47
503788,101819,B015,SAVINGS,ACTIVE,2026-05-22,31006.91
503789,108108,B010,SAVINGS,ACTIVE,2021-11-16,29478.14
503790,101194,B001,SAVINGS,ACTIVE,2023-10-21,62047.37
503791,101899,B018,SAVINGS,ACTIVE,2022-12-17,773985.5
503792,103741,B017,SAVINGS,ACTIVE,2025-05-10,66049.64
503793,105200,B006,SAVINGS,ACTIVE,2022-07-27,119441.74
503794,102642,B015,SALARY,ACTIVE,2024-04-03,86191.83
503795,105483,B018,SAVINGS,ACTIVE,2021-01-02,29285.03
503796,108444,B003,SAVINGS,ACTIVE,2021-09-12,3542.8
503797,101237,B006,SAVINGS,ACTIVE,2022-01-03,17303.15
503798,109198,B007,SAVINGS,ACTIVE,2023-08-30,29673.71
503799,106823,B005,SAVINGS,ACTIVE,2021-08-12,50079.94
503800,106050,B014,SAVINGS,ACTIVE,2019-08-07,62842.71
503801,105861,B020,SAVINGS,ACTIVE,2026-01-06,58841.38
503802,106526,B001,SAVINGS,ACTIVE,2024-06-30,1797.15
503803,103826,B004,SALARY,ACTIVE,2022-12-30,25125.87
503804,105351,B014,SALARY,ACTIVE,2021-04-21,20222.85
503805,100439,B018,SAVINGS,ACTIVE,2023-02-14,8061.04
503806,101108,B010,SAVINGS,ACTIVE,2021-06-24,36719.39
503807,105452,B007,SALARY,ACTIVE,2024-09-24,44879.23
503808,108573,B015,SAVINGS,ACTIVE,2025-03-19,10853.98
503809,100049,B004,SAVINGS,ACTIVE,2020-09-10,71703.17
503810,100389,B019,SAVINGS,ACTIVE,2021-07-21,4733.95
503811,104957,B009,SALARY,ACTIVE,2025-12-11,10392.87
503812,106750,B020,SALARY,BLOCKED,2020-12-15,70593.93
503813,108345,B013,SALARY,ACTIVE,2021-08-15,58557.19
503814,101667,B013,SAVINGS,ACTIVE,2019-09-17,68340.79
503815,109286,B007,CURRENT,ACTIVE,2021-01-13,44624.63
503816,107801,B020,SAVINGS,ACTIVE,2019-11-04,24995.23
503817,106939,B005,SAVINGS,ACTIVE,2023-10-20,12021.38
503818,106511,B007,SAVINGS,ACTIVE,2025-06-03,20736.53
503819,109887,B003,SAVINGS,ACTIVE,2020-05-21,197739.01
503820,102464,B019,SAVINGS,ACTIVE,2023-01-04,217657.86
503821,109283,B002,SALARY,BLOCKED,2022-05-30,19248.73
503822,107775,B010,SALARY,ACTIVE,2025-10-14,194245.34
503823,107679,B010,SAVINGS,ACTIVE,2022-09-22,516210.48
503824,107842,B018,SAVINGS,ACTIVE,2026-01-21,6253.61
503825,100083,B008,CURRENT,ACTIVE,2019-10-04,25070.45
503826,104995,B013,SAVINGS,ACTIVE,2020-11-19,9201.09
503827,106367,B003,SAVINGS,ACTIVE,2022-11-09,197229.47
503828,105494,B016,CURRENT,ACTIVE,2025-05-19,9059.99
503829,109419,B012,SAVINGS,ACTIVE,2024-09-04,19751.9
503830,101063,B013,CURRENT,ACTIVE,2022-04-23,38883.88
503831,109299,B009,SAVINGS,ACTIVE,2023-07-12,25343.23
503832,104269,B018,SAVINGS,ACTIVE,2024-01-23,8193.47
503833,104533,B020,SAVINGS,ACTIVE,2025-04-11,11465.13
503834,106601,B018,SALARY,ACTIVE,2023-06-22,12916.69
503835,108059,B006,CURRENT,ACTIVE,2023-09-20,7346.43
503836,100689,B004,SAVINGS,ACTIVE,2021-03-28,55527.8
503837,107357,B020,SAVINGS,ACTIVE,2023-05-24,50083.33
503838,103592,B011,SAVINGS,BLOCKED,2020-01-19,17337.92
503839,106608,B014,SAVINGS,ACTIVE,2023-06-27,19657.5
503840,104507,B010,SALARY,ACTIVE,2022-01-15,16118.79
503841,101731,B006,SAVINGS,ACTIVE,2024-06-12,5916.63
503842,107111,B005,CURRENT,ACTIVE,2020-06-12,27291.09
503843,107230,B016,SAVINGS,ACTIVE,2019-01-06,45752.44
503844,103695,B005,SALARY,ACTIVE,2019-10-16,5725.98
503845,101160,B014,CURRENT,BLOCKED,2024-06-20,11195.33
503846,109260,B020,CURRENT,ACTIVE,2021-10-20,134762.3
503847,103271,B004,SAVINGS,ACTIVE,2021-09-09,57398.97
503848,108033,B017,SAVINGS,ACTIVE,2019-06-08,26778.74
503849,103513,B003,SAVINGS,ACTIVE,2019-06-27,29628.69
503850,105017,B008,CURRENT,ACTIVE,2020-04-11,22102.85
503851,108367,B001,SAVINGS,CLOSED,2019-12-26,81699.23
503852,107120,B005,SAVINGS,ACTIVE,2019-11-15,13351.24
503853,106502,B014,SAVINGS,ACTIVE,2024-01-29,14783.66
503854,103115,B007,SAVINGS,CLOSED,2024-02-20,19356.9
503855,101117,B018,SALARY,ACTIVE,2025-10-28,38333.24
503856,104929,B007,SAVINGS,ACTIVE,2019-08-17,140672.07
503857,103945,B012,SAVINGS,ACTIVE,2023-12-29,3782.7
503858,105717,B018,SAVINGS,ACTIVE,2020-07-23,24964.21
503859,104941,B017,SAVINGS,ACTIVE,2025-11-06,8813.65
503860,102833,B007,SAVINGS,ACTIVE,2025-12-09,74150.07
503861,100642,B020,SAVINGS,CLOSED,2021-12-14,8582.7
503862,108456,B012,SAVINGS,CLOSED,2021-08-03,140202.8
503863,100820,B010,SAVINGS,ACTIVE,2025-11-01,47168.88
503864,105525,B018,SAVINGS,ACTIVE,2025-10-24,142336.69
503865,105594,B017,CURRENT,ACTIVE,2023-09-15,25795.96
503866,104617,B013,SAVINGS,ACTIVE,2020-08-30,15384.69
503867,100947,B003,SAVINGS,ACTIVE,2024-12-18,44730.24
503868,103154,B020,SAVINGS,ACTIVE,2022-05-06,24711.41
503869,104673,B009,SALARY,ACTIVE,2024-11-18,25906.62
503870,108882,B001,SAVINGS,ACTIVE,2023-09-16,120730.06
503871,109673,B012,SAVINGS,ACTIVE,2021-08-14,9235.92
503872,103087,B020,SAVINGS,ACTIVE,2022-03-28,47880.26
503873,106746,B006,SAVINGS,ACTIVE,2025-01-02,94513.53
503874,101239,B020,SAVINGS,ACTIVE,2019-12-29,18209.78
503875,104707,B005,CURRENT,ACTIVE,2026-04-08,200879.31
503876,100866,B011,SALARY,ACTIVE,2019-02-06,4474.26
503877,104201,B003,SAVINGS,ACTIVE,2020-08-27,18366.29
503878,108609,B018,SAVINGS,ACTIVE,2022-10-19,11420.06
503879,100978,B009,SAVINGS,ACTIVE,2020-02-05,3352.95
503880,103194,B019,SAVINGS,ACTIVE,2020-08-31,68005.39
503881,104480,B009,CURRENT,ACTIVE,2023-03-30,125286.73
503882,106473,B019,SAVINGS,ACTIVE,2026-01-08,52909.9
503883,106796,B003,SAVINGS,ACTIVE,2022-06-17,77600.68
503884,109938,B014,SAVINGS,ACTIVE,2020-08-17,29908.93
503885,106168,B005,SALARY,ACTIVE,2021-04-01,5356.93
503886,102631,B019,SAVINGS,ACTIVE,2020-03-31,14884.64
503887,107739,B008,SAVINGS,ACTIVE,2024-01-23,26575.72
503888,106326,B004,SALARY,ACTIVE,2020-01-30,16966.9
503889,104996,B017,SAVINGS,ACTIVE,2025-06-21,64309.98
503890,105463,B012,SAVINGS,ACTIVE,2023-12-02,2359.73
503891,104851,B008,SAVINGS,ACTIVE,2026-02-18,592342.99
503892,100674,B019,SALARY,ACTIVE,2022-02-07,13084.93
503893,100345,B017,CURRENT,ACTIVE,2023-11-20,82966.47
503894,103457,B020,SAVINGS,ACTIVE,2019-12-28,26551.29
503895,106877,B019,CURRENT,ACTIVE,2025-02-12,10152.49
503896,101275,B018,SAVINGS,ACTIVE,2019-07-10,22782.42
503897,104507,B018,SAVINGS,ACTIVE,2022-11-24,34625.74
503898,102420,B001,SALARY,ACTIVE,2024-11-28,486148.73
503899,107538,B012,SAVINGS,ACTIVE,2024-09-07,12389.94
503900,108591,B020,SAVINGS,ACTIVE,2021-12-17,30746.09
503901,108473,B011,SAVINGS,ACTIVE,2022-02-20,11778.59
503902,103309,B016,SAVINGS,BLOCKED,2022-08-17,53225.01
503903,107794,B014,CURRENT,ACTIVE,2021-01-02,9624.71
503904,100276,B020,SAVINGS,ACTIVE,2020-11-09,40530.78
503905,102943,B001,SAVINGS,ACTIVE,2021-09-11,9939.8
503906,108868,B015,SALARY,ACTIVE,2020-05-14,30808.76
503907,105109,B007,SAVINGS,ACTIVE,2020-03-25,10290.37
503908,109227,B003,SAVINGS,ACTIVE,2019-07-22,34780.36
503909,106693,B015,SAVINGS,ACTIVE,2024-05-28,8094.11
503910,105431,B017,SAVINGS,BLOCKED,2019-01-26,284687.63
503911,103249,B007,SAVINGS,ACTIVE,2023-08-03,26497.3
503912,103533,B011,SAVINGS,ACTIVE,2023-08-29,2737.75
503913,100671,B009,SAVINGS,ACTIVE,2020-08-07,140017.83
503914,108132,B007,SAVINGS,ACTIVE,2020-03-18,12757.77
503915,103102,B009,CURRENT,ACTIVE,2024-06-05,148512.04
503916,100990,B001,SALARY,ACTIVE,2024-10-19,13211.42
503917,106750,B019,SAVINGS,ACTIVE,2019-04-26,5136.59
503918,106131,B004,CURRENT,ACTIVE,2019-01-16,16998.9
503919,109466,B015,SAVINGS,ACTIVE,2024-05-07,32088.53
503920,101476,B004,SAVINGS,ACTIVE,2020-06-11,4967.62
503921,107828,B003,SAVINGS,ACTIVE,2022-05-31,29414.28
503922,108599,B001,CURRENT,ACTIVE,2024-01-07,27965.24
503923,101808,B014,SAVINGS,ACTIVE,2022-11-10,7427.13
503924,107673,B010,CURRENT,ACTIVE,2024-04-16,4948.87
503925,105240,B002,SALARY,ACTIVE,2020-06-30,26731.89
503926,108998,B004,SAVINGS,ACTIVE,2020-08-14,100810.45
503927,101336,B018,SAVINGS,CLOSED,2021-09-24,18496.31
503928,109670,B007,SAVINGS,ACTIVE,2019-12-08,51540.73
503929,105875,B012,CURRENT,ACTIVE,2022-09-18,21929.8
503930,107970,B015,SAVINGS,ACTIVE,2025-11-19,33169.4
503931,104004,B014,SALARY,ACTIVE,2022-06-16,116459.59
503932,102674,B004,SALARY,ACTIVE,2022-12-12,27263.23
503933,106581,B018,SAVINGS,ACTIVE,2022-12-28,41627.24
503934,106184,B007,SAVINGS,ACTIVE,2019-11-13,3918.13
503935,108279,B020,SALARY,ACTIVE,2020-09-17,8883.15
503936,109367,B007,SAVINGS,ACTIVE,2021-11-27,5727.76
503937,104106,B015,SAVINGS,ACTIVE,2019-01-24,40316.05
503938,101905,B013,SAVINGS,ACTIVE,2025-03-16,11481.56
503939,108226,B011,CURRENT,ACTIVE,2019-12-29,55888.11
503940,101914,B020,SAVINGS,ACTIVE,2021-08-24,9561.62
503941,108961,B002,SAVINGS,ACTIVE,2024-07-26,12947.49
503942,107474,B017,SAVINGS,ACTIVE,2020-03-24,65604.78
503943,108658,B020,SAVINGS,ACTIVE,2022-01-17,28317.97
503944,106285,B004,SAVINGS,ACTIVE,2021-10-01,17744.02
503945,103270,B012,SAVINGS,ACTIVE,2026-04-09,31743.36
503946,104518,B012,CURRENT,BLOCKED,2025-08-29,56326.7
503947,107643,B012,SAVINGS,ACTIVE,2020-07-01,8351.38
503948,100906,B014,CURRENT,ACTIVE,2024-04-29,12709.68
503949,100424,B016,SAVINGS,ACTIVE,2023-06-01,56981.31
503950,107617,B006,SAVINGS,ACTIVE,2022-10-30,7252.69
503951,107183,B016,SAVINGS,ACTIVE,2025-03-13,110149.91
503952,103385,B001,SAVINGS,ACTIVE,2026-04-11,24913.33
503953,106461,B011,SAVINGS,ACTIVE,2020-12-26,28958.41
503954,109098,B011,CURRENT,ACTIVE,2021-05-19,65507.34
503955,105335,B015,SAVINGS,ACTIVE,2025-02-07,29513.95
503956,105955,B018,SAVINGS,BLOCKED,2023-03-14,5121.3
503957,108656,B002,SAVINGS,ACTIVE,2020-12-05,21428.22
503958,107546,B002,SAVINGS,ACTIVE,2022-08-04,34438.29
503959,102891,B003,SAVINGS,ACTIVE,2021-11-07,66188.58
503960,101812,B007,SAVINGS,ACTIVE,2023-07-29,7053.61
503961,100318,B011,SALARY,CLOSED,2024-12-20,9775.59
503962,106760,B007,SAVINGS,ACTIVE,2019-05-22,6020.3
503963,109143,B006,SALARY,ACTIVE,2023-04-03,22843.41
503964,109682,B012,SAVINGS,ACTIVE,2025-03-14,20259.01
503965,102960,B011,SAVINGS,ACTIVE,2023-06-27,10079.58
503966,102239,B006,SAVINGS,ACTIVE,2019-01-28,32089.75
503967,108811,B010,SAVINGS,ACTIVE,2024-12-04,2711.75
503968,107409,B016,SAVINGS,ACTIVE,2022-04-27,18059.27
503969,102794,B006,SAVINGS,ACTIVE,2024-06-30,58838.57
503970,104074,B009,SAVINGS,ACTIVE,2019-06-21,54028.5
503971,101702,B004,SAVINGS,ACTIVE,2019-01-01,119518.03
503972,101005,B017,CURRENT,ACTIVE,2020-07-16,78947.77
503973,102876,B018,SAVINGS,ACTIVE,2019-11-02,33819.38
503974,108948,B015,SALARY,ACTIVE,2024-01-21,6573.52
503975,105744,B004,SAVINGS,ACTIVE,2024-10-19,15647.88
503976,104348,B010,SALARY,ACTIVE,2024-08-26,16096.88
503977,107471,B004,SAVINGS,ACTIVE,2020-05-20,107924.03
503978,103467,B012,SAVINGS,ACTIVE,2021-08-17,79059.08
503979,102093,B016,CURRENT,ACTIVE,2024-06-29,8868.03
503980,107919,B012,SALARY,ACTIVE,2026-01-21,342171.62
503981,103443,B005,SALARY,ACTIVE,2020-08-27,22474.92
503982,100129,B015,SALARY,ACTIVE,2025-01-30,13724.12
503983,100509,B012,SAVINGS,ACTIVE,2025-04-18,14389.95
503984,105899,B018,SAVINGS,ACTIVE,2023-01-12,5521.83
503985,100147,B001,SALARY,ACTIVE,2020-12-02,11540.27
503986,100529,B018,SALARY,ACTIVE,2025-05-16,197130.13
503987,102493,B001,SAVINGS,ACTIVE,2020-05-11,86864.74
503988,109419,B016,SAVINGS,ACTIVE,2023-09-17,33639.01
503989,102759,B012,SAVINGS,BLOCKED,2021-07-04,102596.22
503990,108995,B008,CURRENT,ACTIVE,2024-03-09,18313.88
503991,104840,B012,SAVINGS,ACTIVE,2024-01-31,46604.65
503992,106480,B017,SAVINGS,ACTIVE,2025-10-30,55117.14
503993,103031,B006,SAVINGS,CLOSED,2025-03-06,163407.5
503994,105272,B020,SAVINGS,ACTIVE,2025-09-16,64737.88
503995,102801,B015,CURRENT,ACTIVE,2020-12-07,5666.71
503996,107795,B007,SALARY,ACTIVE,2025-09-21,119248.88
503997,108989,B017,SAVINGS,ACTIVE,2020-06-26,21515.35
503998,107051,B014,SAVINGS,ACTIVE,2025-04-24,13458.32
503999,101114,B018,SAVINGS,BLOCKED,2024-11-29,1480.86
504000,104282,B015,SAVINGS,BLOCKED,2025-09-12,4183.67
504001,101786,B015,SAVINGS,ACTIVE,2022-10-01,39086.21
504002,101615,B016,SAVINGS,ACTIVE,2023-01-17,13499.19
504003,100261,B019,SALARY,ACTIVE,2020-02-25,8537.84
504004,108423,B014,CURRENT,ACTIVE,2024-02-26,35923.26
504005,106308,B020,SAVINGS,ACTIVE,2019-08-16,26968.3
504006,106910,B008,SAVINGS,ACTIVE,2021-12-08,18478.47
504007,102767,B008,SAVINGS,ACTIVE,2025-07-07,2855.79
504008,103141,B013,SAVINGS,ACTIVE,2021-08-27,14047.2
504009,106313,B002,SAVINGS,ACTIVE,2025-11-30,6554.37
504010,104338,B008,SALARY,ACTIVE,2019-04-30,39913.27
504011,102207,B020,SAVINGS,ACTIVE,2019-08-03,13051.02
504012,107294,B019,SAVINGS,ACTIVE,2024-07-05,10906.89
504013,107123,B010,CURRENT,ACTIVE,2023-07-18,257848.84
504014,106347,B017,SAVINGS,ACTIVE,2024-07-25,11093.26
504015,102199,B019,SALARY,ACTIVE,2025-05-26,45552.95
504016,109191,B001,SALARY,ACTIVE,2024-01-09,3342.02
504017,108664,B002,SAVINGS,ACTIVE,2024-09-11,31614.27
504018,100296,B008,SAVINGS,ACTIVE,2019-09-23,47996.13
504019,106306,B009,SALARY,ACTIVE,2025-09-26,10505.12
504020,106283,B011,SAVINGS,ACTIVE,2024-08-18,23178.33
504021,107223,B007,SALARY,ACTIVE,2023-06-08,25744.42
504022,103845,B015,SAVINGS,ACTIVE,2025-05-27,46230.4
504023,103303,B009,SAVINGS,ACTIVE,2024-03-28,52850.34
504024,102891,B013,SAVINGS,ACTIVE,2025-07-06,44193.78
504025,108825,B018,SAVINGS,ACTIVE,2019-11-16,30980.7
504026,108999,B019,SAVINGS,ACTIVE,2020-12-15,11639.38
504027,103492,B013,CURRENT,CLOSED,2019-01-10,5678.45
504028,104292,B015,SAVINGS,ACTIVE,2020-12-15,256621.04
504029,107158,B016,SAVINGS,ACTIVE,2025-01-06,40390.52
504030,104237,B013,CURRENT,ACTIVE,2026-01-20,7815.27
504031,105974,B016,SAVINGS,ACTIVE,2019-04-04,177141.42
504032,102779,B014,SAVINGS,ACTIVE,2020-05-03,6455.99
504033,106276,B013,CURRENT,BLOCKED,2023-07-17,25692.66
504034,107446,B019,CURRENT,ACTIVE,2023-12-27,18419.85
504035,103839,B002,SAVINGS,ACTIVE,2021-09-11,61425.3
504036,104415,B011,SAVINGS,ACTIVE,2022-10-05,22497.4
504037,108882,B012,SAVINGS,ACTIVE,2022-10-08,17128.95
504038,103938,B011,SAVINGS,ACTIVE,2021-02-12,69151.61
504039,102268,B005,SAVINGS,ACTIVE,2022-01-02,8947.8
504040,106922,B017,SALARY,ACTIVE,2024-04-18,11958.18
504041,105256,B001,SAVINGS,ACTIVE,2023-10-07,16236.22
504042,106188,B005,SAVINGS,ACTIVE,2021-04-28,21596.29
504043,108110,B007,SAVINGS,ACTIVE,2022-11-03,2456.72
504044,109940,B010,SAVINGS,ACTIVE,2025-07-31,35564.16
504045,103741,B012,SAVINGS,BLOCKED,2023-10-12,15937.82
504046,103107,B016,SAVINGS,ACTIVE,2025-11-17,287336.67
504047,101551,B015,SAVINGS,ACTIVE,2022-02-14,4057.09
504048,109339,B015,CURRENT,ACTIVE,2025-05-23,12546.91
504049,106736,B017,SAVINGS,ACTIVE,2020-08-11,4423.17
504050,105039,B019,SAVINGS,ACTIVE,2020-06-20,33844.94
504051,108626,B014,SAVINGS,ACTIVE,2024-07-20,71603.35
504052,100277,B017,SAVINGS,ACTIVE,2026-03-14,114033.89
504053,109829,B020,SAVINGS,ACTIVE,2021-03-04,86206.29
504054,107173,B004,CURRENT,ACTIVE,2021-06-12,14143.96
504055,103114,B018,SAVINGS,ACTIVE,2025-06-07,30028.86
504056,103854,B018,CURRENT,ACTIVE,2022-12-03,9244.84
504057,108081,B013,SALARY,CLOSED,2024-07-24,117403.1
504058,108786,B014,SAVINGS,ACTIVE,2025-05-26,22616.84
504059,101291,B016,SAVINGS,ACTIVE,2020-06-06,132496.47
504060,104115,B004,SAVINGS,CLOSED,2022-11-17,23695.86
504061,105172,B006,SAVINGS,ACTIVE,2019-03-19,44298.36
504062,101186,B007,SAVINGS,ACTIVE,2021-03-05,14268.74
504063,103226,B015,SAVINGS,ACTIVE,2021-02-17,34698.89
504064,106758,B003,CURRENT,ACTIVE,2021-01-09,63380.6
504065,102933,B011,SALARY,ACTIVE,2023-02-10,19370.95
504066,103430,B020,SAVINGS,ACTIVE,2022-09-07,13529.87
504067,101419,B011,SALARY,ACTIVE,2021-08-26,21961.31
504068,106200,B011,SAVINGS,ACTIVE,2023-11-12,15781.21
504069,100328,B015,SAVINGS,ACTIVE,2023-09-22,42191.78
504070,102916,B011,SAVINGS,ACTIVE,2023-08-31,215941.25
504071,109608,B008,SALARY,ACTIVE,2024-03-21,3448.45
504072,103369,B003,SAVINGS,ACTIVE,2019-01-04,6120.01
504073,107580,B005,SAVINGS,ACTIVE,2019-10-13,27527.16
504074,105228,B010,SAVINGS,BLOCKED,2024-07-08,47423.99
504075,101920,B018,SALARY,ACTIVE,2024-04-11,5904.02
504076,105137,B018,CURRENT,ACTIVE,2021-09-13,85298.45
504077,104782,B002,SAVINGS,ACTIVE,2023-01-03,73879.78
504078,109948,B017,CURRENT,ACTIVE,2026-05-19,136793.91
504079,109566,B002,SAVINGS,ACTIVE,2022-04-15,40678.69
504080,105395,B016,SAVINGS,ACTIVE,2020-07-21,108462.48
504081,109337,B002,SAVINGS,ACTIVE,2019-11-24,67913.53
504082,106041,B015,CURRENT,ACTIVE,2025-02-02,144337.98
504083,100978,B004,SALARY,ACTIVE,2026-04-30,15033.93
504084,108560,B016,SALARY,ACTIVE,2021-10-24,63583.95
504085,107332,B001,SAVINGS,ACTIVE,2021-03-15,16312.13
504086,100080,B017,SAVINGS,ACTIVE,2022-03-06,25415.81
504087,100120,B012,SALARY,ACTIVE,2019-01-14,1117.36
504088,109417,B014,SAVINGS,ACTIVE,2024-06-03,18931.3
504089,103156,B012,SAVINGS,ACTIVE,2021-12-22,35362.22
504090,103354,B003,SAVINGS,ACTIVE,2024-05-29,29469.6
504091,105703,B019,SAVINGS,ACTIVE,2020-03-15,47884.52
504092,108257,B011,CURRENT,ACTIVE,2022-10-09,62103.71
504093,105598,B014,SAVINGS,ACTIVE,2019-09-02,12118.47
504094,105929,B002,CURRENT,ACTIVE,2020-08-13,146228.01
504095,100625,B009,SAVINGS,ACTIVE,2019-08-29,4233.11
504096,108534,B014,SAVINGS,ACTIVE,2025-03-07,37946.5
504097,101715,B012,SAVINGS,ACTIVE,2019-06-11,1283.64
504098,103834,B019,SAVINGS,ACTIVE,2024-03-07,128214.05
504099,105815,B001,SAVINGS,ACTIVE,2020-01-17,12346.42
504100,108537,B011,SALARY,ACTIVE,2025-11-29,170627.9
504101,105156,B016,SAVINGS,ACTIVE,2022-11-18,3300.79
504102,109317,B007,SALARY,ACTIVE,2023-04-04,206450.14
504103,101944,B013,SAVINGS,ACTIVE,2024-11-03,22687.76
504104,102984,B009,SAVINGS,ACTIVE,2021-04-19,15794.17
504105,107423,B016,SAVINGS,ACTIVE,2019-02-22,18902.49
504106,106208,B017,SAVINGS,ACTIVE,2025-05-18,122473.71
504107,102342,B001,SAVINGS,ACTIVE,2020-12-28,4415.84
504108,102087,B011,SAVINGS,BLOCKED,2019-02-06,56733.38
504109,103520,B010,SAVINGS,ACTIVE,2022-08-25,79264.22
504110,106600,B018,SAVINGS,ACTIVE,2022-09-30,25394.13
504111,107437,B010,SAVINGS,ACTIVE,2019-06-01,17663.87
504112,109291,B016,SAVINGS,ACTIVE,2023-10-29,24492.33
504113,106861,B012,SAVINGS,ACTIVE,2022-11-28,16768.18
504114,106479,B008,SALARY,ACTIVE,2026-02-16,8094.82
504115,103399,B001,SAVINGS,ACTIVE,2019-02-18,50182.64
504116,107349,B014,SAVINGS,ACTIVE,2023-02-06,58880.81
504117,105922,B008,SAVINGS,ACTIVE,2024-12-21,21570.46
504118,108774,B005,CURRENT,ACTIVE,2023-01-03,19364.44
504119,100996,B015,SAVINGS,ACTIVE,2019-11-23,44627.34
504120,106791,B005,SAVINGS,ACTIVE,2023-11-09,30446.59
504121,102674,B017,SAVINGS,CLOSED,2024-02-10,9834.9
504122,102520,B002,SALARY,ACTIVE,2022-12-21,2855.01
504123,100095,B019,SAVINGS,ACTIVE,2022-06-11,21435.5
504124,106621,B005,SAVINGS,ACTIVE,2021-11-09,15185.36
504125,102573,B015,CURRENT,ACTIVE,2025-06-20,6898.01
504126,109276,B016,SAVINGS,ACTIVE,2022-01-24,86516.92
504127,104953,B019,SAVINGS,ACTIVE,2024-01-24,5875.15
504128,107232,B002,SAVINGS,ACTIVE,2019-06-08,11230.88
504129,104640,B015,SAVINGS,ACTIVE,2021-12-23,73797.69
504130,102681,B014,SAVINGS,ACTIVE,2022-01-23,70575.2
504131,106749,B015,SAVINGS,ACTIVE,2019-07-04,3447.61
504132,108997,B008,SAVINGS,ACTIVE,2020-03-26,23852.84
504133,106315,B020,SAVINGS,ACTIVE,2023-04-06,12150.08
504134,109250,B020,SAVINGS,ACTIVE,2023-11-06,205647.08
504135,103010,B007,CURRENT,CLOSED,2019-02-12,196465.45
504136,102369,B012,SAVINGS,ACTIVE,2022-08-13,12534.17
504137,101526,B008,SAVINGS,CLOSED,2025-08-21,13459.11
504138,103670,B016,SALARY,ACTIVE,2020-01-31,28998.46
504139,109495,B015,SALARY,ACTIVE,2023-03-14,85995.54
504140,101122,B016,SALARY,ACTIVE,2021-01-18,53188.12
504141,105958,B010,SALARY,ACTIVE,2019-10-06,8011.71
504142,109270,B009,SAVINGS,ACTIVE,2019-10-07,88554.19
504143,105521,B005,CURRENT,ACTIVE,2023-11-18,18690.5
504144,105780,B002,SAVINGS,ACTIVE,2021-11-22,6890.63
504145,107458,B009,SAVINGS,ACTIVE,2023-09-13,151272.99
504146,103250,B003,SAVINGS,ACTIVE,2025-03-28,112025.49
504147,106207,B005,SALARY,ACTIVE,2019-02-04,7787.63
504148,102725,B009,SAVINGS,ACTIVE,2025-09-05,58050.41
504149,109025,B020,SAVINGS,ACTIVE,2020-05-10,112684.87
504150,105659,B013,SAVINGS,ACTIVE,2024-08-04,82807.14
504151,104035,B020,SALARY,BLOCKED,2026-01-24,13928.16
504152,109691,B011,CURRENT,ACTIVE,2025-01-21,8600.42
504153,104955,B018,SAVINGS,ACTIVE,2024-12-02,16010.05
504154,104646,B016,SAVINGS,ACTIVE,2026-05-02,13740.36
504155,102452,B009,SAVINGS,ACTIVE,2024-10-13,1292.65
504156,109808,B018,SAVINGS,ACTIVE,2023-12-26,41257.66
504157,106613,B012,SALARY,ACTIVE,2021-05-24,6557.28
504158,107417,B005,SAVINGS,ACTIVE,2019-05-08,17736.03
504159,108990,B016,SAVINGS,ACTIVE,2021-11-15,67192.43
504160,107046,B008,SAVINGS,ACTIVE,2020-10-22,72450.16
504161,109564,B001,SAVINGS,ACTIVE,2022-06-22,59042.75
504162,101535,B007,SAVINGS,ACTIVE,2021-11-17,75051.05
504163,104687,B010,SALARY,CLOSED,2019-10-24,70999.08
504164,101952,B004,CURRENT,ACTIVE,2021-02-16,86125.09
504165,103133,B009,SAVINGS,ACTIVE,2025-02-16,20878.68
504166,107389,B012,SALARY,ACTIVE,2020-10-23,20777.33
504167,105488,B002,SAVINGS,ACTIVE,2021-01-25,4102.36
504168,101654,B003,SAVINGS,ACTIVE,2023-05-19,20846.4
504169,107050,B017,SAVINGS,ACTIVE,2023-10-17,4502.47
504170,105504,B001,SAVINGS,ACTIVE,2019-02-22,9167.55
504171,103602,B009,SAVINGS,ACTIVE,2022-10-05,147808.89
504172,105128,B002,SAVINGS,ACTIVE,2021-01-15,8452.6
504173,107798,B019,SAVINGS,ACTIVE,2023-08-05,39472.1
504174,107242,B016,SAVINGS,ACTIVE,2021-09-19,3707.33
504175,101893,B005,CURRENT,ACTIVE,2023-07-10,136884.36
504176,105507,B012,SAVINGS,ACTIVE,2023-07-14,132147.56
504177,103705,B010,SALARY,ACTIVE,2020-11-30,4716.17
504178,102182,B019,SAVINGS,ACTIVE,2019-09-22,92905.66
504179,109520,B019,SAVINGS,ACTIVE,2020-07-15,12076.33
504180,107810,B019,SAVINGS,ACTIVE,2020-09-04,7908.6
504181,108761,B018,CURRENT,ACTIVE,2020-12-25,17242.43
504182,107845,B015,SAVINGS,ACTIVE,2026-01-04,23492.57
504183,107935,B011,SAVINGS,ACTIVE,2021-01-12,122692.27
504184,100396,B018,SAVINGS,ACTIVE,2020-09-05,19591.34
504185,109942,B008,SAVINGS,BLOCKED,2026-05-13,47260.45
504186,105421,B003,SAVINGS,ACTIVE,2024-03-31,34235.66
504187,103207,B008,SALARY,ACTIVE,2021-03-22,12819.64
504188,100819,B017,SALARY,ACTIVE,2025-01-07,8495.14
504189,100162,B010,CURRENT,ACTIVE,2020-01-09,73545.62
504190,101162,B014,SAVINGS,ACTIVE,2024-06-13,370324.48
504191,103218,B005,SAVINGS,ACTIVE,2024-04-22,18616.84
504192,100567,B018,SAVINGS,ACTIVE,2020-08-27,9206.01
504193,102559,B019,SAVINGS,ACTIVE,2020-07-05,23203.63
504194,107596,B006,SAVINGS,ACTIVE,2019-11-08,88255.65
504195,103361,B014,SAVINGS,ACTIVE,2020-12-13,16169.35
504196,105672,B016,SAVINGS,ACTIVE,2025-11-24,9289.55
504197,107292,B009,SALARY,ACTIVE,2022-05-16,18632.1
504198,105063,B002,SAVINGS,ACTIVE,2020-05-12,22915.06
504199,104942,B018,SAVINGS,ACTIVE,2022-04-13,23566.26
504200,102130,B015,SALARY,ACTIVE,2019-01-02,88005.65
504201,102100,B003,SALARY,ACTIVE,2020-01-26,62760.02
504202,100229,B004,SAVINGS,ACTIVE,2019-03-31,30850.91
504203,100220,B012,CURRENT,BLOCKED,2019-05-14,3695.92
504204,102230,B020,SAVINGS,ACTIVE,2025-11-14,2174.45
504205,100712,B015,SAVINGS,ACTIVE,2020-11-07,23127.47
504206,103199,B020,SAVINGS,ACTIVE,2025-04-22,24967.96
504207,100068,B015,SAVINGS,ACTIVE,2020-05-06,62891.15
504208,108644,B009,SAVINGS,ACTIVE,2019-10-10,187742.27
504209,106811,B019,SAVINGS,ACTIVE,2020-05-29,19773.11
504210,101470,B019,SAVINGS,ACTIVE,2026-04-15,13736.63
504211,101756,B014,SAVINGS,ACTIVE,2026-04-15,5737.07
504212,102099,B006,SAVINGS,ACTIVE,2020-08-19,97489.53
504213,101896,B007,SALARY,ACTIVE,2024-04-30,15569.87
504214,101380,B013,SAVINGS,ACTIVE,2022-12-11,21834.87
504215,102289,B008,CURRENT,ACTIVE,2025-07-03,59783.39
504216,107826,B018,CURRENT,ACTIVE,2024-04-26,6725.74
504217,105474,B004,SAVINGS,CLOSED,2025-08-15,9226.0
504218,101442,B017,SALARY,ACTIVE,2022-09-18,14926.9
504219,101699,B017,SAVINGS,ACTIVE,2019-06-24,7362.9
504220,101010,B008,SALARY,ACTIVE,2022-12-24,5055.47
504221,108347,B014,SAVINGS,ACTIVE,2026-02-21,32351.29
504222,105101,B004,SAVINGS,ACTIVE,2025-05-19,41817.65
504223,104588,B010,SAVINGS,ACTIVE,2019-12-09,49843.98
504224,105064,B006,SAVINGS,ACTIVE,2022-12-08,83704.93
504225,104728,B006,SALARY,ACTIVE,2020-06-24,93562.42
504226,104437,B001,SALARY,ACTIVE,2021-01-08,21943.53
504227,104147,B007,SAVINGS,ACTIVE,2023-04-19,36067.46
504228,108552,B007,SAVINGS,ACTIVE,2025-08-07,62874.87
504229,108211,B007,SAVINGS,ACTIVE,2023-02-05,32426.59
504230,105568,B015,SAVINGS,ACTIVE,2025-08-02,79858.62
504231,108085,B020,SAVINGS,ACTIVE,2025-07-28,10476.9
504232,100238,B010,SAVINGS,ACTIVE,2020-02-27,31967.08
504233,107196,B012,SALARY,ACTIVE,2019-07-07,211164.0
504234,103162,B003,SAVINGS,ACTIVE,2019-05-31,10746.34
504235,101066,B007,SALARY,ACTIVE,2024-10-11,9974.84
504236,107753,B007,SAVINGS,ACTIVE,2026-01-10,21398.01
504237,108221,B007,SAVINGS,ACTIVE,2023-03-15,53983.38
504238,101414,B006,SAVINGS,ACTIVE,2020-09-29,2407.65
504239,105832,B005,CURRENT,ACTIVE,2022-08-18,5331.52
504240,108460,B012,SALARY,ACTIVE,2024-10-31,202135.22
504241,106569,B012,SAVINGS,ACTIVE,2019-08-03,159525.21
504242,105145,B002,SAVINGS,ACTIVE,2025-07-08,59149.6
504243,102564,B003,SAVINGS,ACTIVE,2020-08-07,71507.23
504244,103296,B015,SAVINGS,ACTIVE,2023-10-23,22109.66
504245,108485,B003,SAVINGS,ACTIVE,2022-05-24,23530.23
504246,102201,B003,SAVINGS,CLOSED,2019-01-12,20757.13
504247,101016,B010,SAVINGS,ACTIVE,2020-07-09,10027.8
504248,103222,B020,SALARY,ACTIVE,2019-03-01,7504.3
504249,103539,B001,SAVINGS,ACTIVE,2024-12-09,38262.67
504250,100541,B016,CURRENT,ACTIVE,2021-11-14,8114.64
504251,105261,B020,SAVINGS,ACTIVE,2022-01-19,15425.84
504252,105587,B008,SALARY,ACTIVE,2021-01-22,30188.13
504253,109016,B005,SAVINGS,ACTIVE,2021-03-19,6175.2
504254,102562,B004,SALARY,ACTIVE,2019-08-13,138337.61
504255,102895,B020,SAVINGS,ACTIVE,2019-05-10,12678.41
504256,108749,B013,SAVINGS,ACTIVE,2019-07-14,29080.11
504257,104352,B016,SAVINGS,ACTIVE,2025-10-20,45000.33
504258,101427,B020,SAVINGS,ACTIVE,2023-07-12,110968.21
504259,105806,B010,SAVINGS,ACTIVE,2022-10-30,100560.61
504260,104641,B010,SAVINGS,ACTIVE,2023-07-10,84036.95
504261,105481,B020,SAVINGS,ACTIVE,2019-03-09,9950.45
504262,107243,B011,SAVINGS,ACTIVE,2024-01-21,13349.48
504263,109193,B010,SALARY,BLOCKED,2026-01-23,7337.75
504264,107526,B008,SAVINGS,ACTIVE,2026-04-23,50158.59
504265,107801,B020,SAVINGS,ACTIVE,2023-01-30,12934.12
504266,102209,B012,SALARY,CLOSED,2019-01-15,5801.04
504267,108810,B020,SAVINGS,ACTIVE,2023-12-27,4308.1
504268,109520,B020,SAVINGS,ACTIVE,2022-02-27,111365.64
504269,101090,B016,SALARY,ACTIVE,2019-11-24,1659.13
504270,109488,B010,SAVINGS,ACTIVE,2023-03-25,311097.59
504271,103988,B001,SAVINGS,ACTIVE,2024-10-06,80122.88
504272,104156,B002,SAVINGS,ACTIVE,2021-05-02,10407.05
504273,106198,B020,SAVINGS,ACTIVE,2026-02-26,19416.05
504274,104590,B011,SAVINGS,ACTIVE,2025-05-07,29887.36
504275,104789,B012,SAVINGS,ACTIVE,2023-05-07,27221.07
504276,103343,B016,SAVINGS,ACTIVE,2019-08-21,18073.28
504277,103435,B010,SAVINGS,ACTIVE,2022-06-29,21900.59
504278,103961,B019,SAVINGS,ACTIVE,2025-12-17,115515.61
504279,105978,B018,SAVINGS,ACTIVE,2022-09-15,100111.47
504280,107909,B015,SAVINGS,ACTIVE,2024-06-20,86606.84
504281,101390,B011,SAVINGS,ACTIVE,2025-01-21,77001.93
504282,105100,B017,SAVINGS,ACTIVE,2020-09-09,10341.78
504283,104931,B016,SALARY,ACTIVE,2022-09-02,11041.88
504284,108945,B010,SAVINGS,ACTIVE,2020-11-24,22883.82
504285,101155,B017,SAVINGS,ACTIVE,2022-10-21,23778.49
504286,104108,B002,SAVINGS,ACTIVE,2019-01-19,13144.19
504287,102992,B015,SAVINGS,ACTIVE,2019-07-08,49819.63
504288,106936,B002,SAVINGS,ACTIVE,2025-10-14,56147.29
504289,101141,B004,SAVINGS,ACTIVE,2024-08-18,6719.88
504290,107344,B004,SAVINGS,ACTIVE,2021-12-07,80811.18
504291,109790,B018,SAVINGS,ACTIVE,2022-07-17,29464.65
504292,103345,B009,CURRENT,ACTIVE,2020-12-12,48704.76
504293,103132,B009,SAVINGS,ACTIVE,2019-02-04,97727.83
504294,109116,B017,SALARY,ACTIVE,2025-08-11,70089.53
504295,102511,B009,SAVINGS,ACTIVE,2020-11-19,54132.78
504296,105091,B010,SALARY,ACTIVE,2021-11-25,82565.73
504297,101300,B003,SAVINGS,ACTIVE,2020-09-20,17719.7
504298,105072,B007,SAVINGS,ACTIVE,2022-07-02,79885.91
504299,108182,B012,SALARY,ACTIVE,2020-07-18,8826.3
504300,100498,B009,SAVINGS,ACTIVE,2020-04-29,16767.38
504301,107534,B019,SAVINGS,ACTIVE,2024-11-08,3701.24
504302,108497,B020,SAVINGS,ACTIVE,2025-03-26,121935.01
504303,101260,B001,SALARY,ACTIVE,2019-08-30,22238.09
504304,106103,B009,SAVINGS,ACTIVE,2020-07-24,14208.11
504305,105916,B019,SAVINGS,BLOCKED,2024-08-10,32225.1
504306,102293,B014,SAVINGS,ACTIVE,2022-08-28,29515.98
504307,100387,B015,SALARY,ACTIVE,2023-08-03,2777.72
504308,103148,B020,SAVINGS,ACTIVE,2025-06-14,36738.71
504309,105764,B013,SAVINGS,ACTIVE,2024-12-18,127071.14
504310,103670,B014,SAVINGS,ACTIVE,2024-04-11,36331.87
504311,100535,B013,SAVINGS,ACTIVE,2019-02-08,16634.34
504312,108345,B012,SAVINGS,ACTIVE,2024-10-08,21728.18
504313,107612,B020,SAVINGS,ACTIVE,2026-02-15,30429.92
504314,108060,B011,SAVINGS,ACTIVE,2022-11-20,53767.93
504315,108787,B003,CURRENT,ACTIVE,2023-05-05,35997.68
504316,105407,B014,SAVINGS,ACTIVE,2022-01-17,6185.44
504317,104609,B019,SALARY,ACTIVE,2022-09-28,25202.25
504318,107846,B012,SALARY,ACTIVE,2025-08-01,71997.79
504319,109006,B005,SAVINGS,ACTIVE,2020-09-12,33477.67
504320,105675,B014,SALARY,ACTIVE,2021-06-12,4649.5
504321,101755,B013,SAVINGS,ACTIVE,2025-07-23,19593.63
504322,101483,B012,SAVINGS,ACTIVE,2021-10-22,11780.3
504323,107872,B013,SALARY,ACTIVE,2023-09-29,26192.05
504324,102217,B020,SAVINGS,ACTIVE,2023-10-29,35522.71
504325,104728,B012,SALARY,ACTIVE,2022-09-27,21485.9
504326,103242,B018,SAVINGS,ACTIVE,2020-11-19,16151.54
504327,108011,B018,SALARY,ACTIVE,2021-03-29,120635.53
504328,102276,B002,SALARY,ACTIVE,2023-02-24,14797.42
504329,104893,B004,SAVINGS,ACTIVE,2025-03-04,26426.45
504330,108998,B017,SAVINGS,CLOSED,2023-06-04,3705.01
504331,104720,B012,SAVINGS,ACTIVE,2022-02-14,80082.88
504332,101953,B004,SAVINGS,ACTIVE,2022-10-16,17968.25
504333,103189,B015,SAVINGS,ACTIVE,2023-04-21,10938.46
504334,100965,B006,SAVINGS,CLOSED,2023-03-20,5823.59
504335,108234,B009,SAVINGS,ACTIVE,2025-07-12,22147.6
504336,108352,B005,SAVINGS,ACTIVE,2024-07-19,121457.7
504337,109831,B010,SAVINGS,ACTIVE,2022-07-25,60814.2
504338,101410,B008,SALARY,ACTIVE,2022-10-22,21382.3
504339,102563,B010,CURRENT,ACTIVE,2019-09-09,13632.28
504340,100046,B008,SAVINGS,ACTIVE,2022-05-15,124391.29
504341,104824,B003,SAVINGS,ACTIVE,2024-05-19,10420.86
504342,106790,B019,SAVINGS,ACTIVE,2025-11-13,32085.89
504343,102914,B003,SAVINGS,ACTIVE,2025-06-30,23071.53
504344,101504,B011,SALARY,ACTIVE,2020-09-23,150960.88
504345,101033,B015,CURRENT,ACTIVE,2022-03-21,22934.48
504346,103973,B007,SALARY,ACTIVE,2019-07-04,367256.84
504347,107933,B012,SAVINGS,ACTIVE,2026-03-14,36632.51
504348,103249,B012,SAVINGS,ACTIVE,2020-08-03,6567.68
504349,106654,B017,SAVINGS,ACTIVE,2022-11-18,83270.79
504350,109622,B011,CURRENT,ACTIVE,2025-04-20,139962.62
504351,100750,B008,SAVINGS,ACTIVE,2021-12-03,34330.82
504352,100986,B020,SAVINGS,ACTIVE,2020-11-26,70098.16
504353,107375,B014,SAVINGS,ACTIVE,2021-04-08,263969.01
504354,100573,B005,SAVINGS,ACTIVE,2020-11-07,55915.2
504355,104775,B005,SALARY,ACTIVE,2024-10-10,4880.62
504356,107777,B016,SAVINGS,ACTIVE,2021-07-23,9429.96
504357,107727,B009,SAVINGS,ACTIVE,2023-10-30,26874.26
504358,103333,B002,SAVINGS,ACTIVE,2024-05-10,20767.43
504359,101138,B015,SAVINGS,ACTIVE,2024-08-05,11080.15
504360,105629,B008,SAVINGS,ACTIVE,2019-12-21,105996.79
504361,103780,B004,SALARY,ACTIVE,2022-05-28,18657.16
504362,100100,B009,SAVINGS,ACTIVE,2024-01-13,276490.54
504363,108671,B018,SALARY,ACTIVE,2026-03-07,19820.49
504364,109893,B019,SAVINGS,ACTIVE,2019-12-15,58228.58
504365,100292,B012,SAVINGS,ACTIVE,2025-11-25,165942.62
504366,106518,B003,CURRENT,ACTIVE,2019-09-27,64983.41
504367,102594,B009,SAVINGS,ACTIVE,2025-10-17,44708.44
504368,106557,B010,SAVINGS,ACTIVE,2021-12-05,82668.97
504369,101025,B012,CURRENT,ACTIVE,2022-03-10,93377.8
504370,107498,B006,SAVINGS,ACTIVE,2026-03-16,44024.39
504371,101011,B006,SALARY,ACTIVE,2023-10-07,47639.44
504372,103633,B001,SALARY,ACTIVE,2019-12-10,89063.52
504373,103250,B002,SAVINGS,ACTIVE,2023-06-29,23417.08
504374,104017,B002,SALARY,ACTIVE,2020-04-05,11070.55
504375,104709,B005,SAVINGS,ACTIVE,2023-05-25,233014.64
504376,104377,B008,SAVINGS,ACTIVE,2022-10-20,27450.47
504377,101920,B019,SAVINGS,ACTIVE,2023-05-04,10404.88
504378,107938,B016,SALARY,ACTIVE,2024-04-11,47434.68
504379,109616,B004,SAVINGS,ACTIVE,2025-02-21,4337.14
504380,100839,B020,SAVINGS,ACTIVE,2019-05-29,52300.84
504381,105840,B012,SAVINGS,ACTIVE,2021-03-22,20944.84
504382,102888,B010,SAVINGS,ACTIVE,2020-08-21,3180.4
504383,109530,B015,SAVINGS,ACTIVE,2020-05-13,29173.22
504384,107811,B020,SAVINGS,ACTIVE,2025-03-27,9669.2
504385,106383,B013,SAVINGS,ACTIVE,2019-11-15,34568.23
504386,100688,B001,SAVINGS,ACTIVE,2023-04-16,19220.1
504387,107981,B008,SAVINGS,BLOCKED,2024-07-31,10052.23
504388,109482,B001,SAVINGS,ACTIVE,2019-02-10,46245.71
504389,109350,B007,SAVINGS,ACTIVE,2020-08-29,5281.08
504390,105528,B008,SAVINGS,ACTIVE,2024-11-05,10572.14
504391,106225,B016,CURRENT,ACTIVE,2022-04-26,29375.71
504392,101220,B007,SALARY,ACTIVE,2019-08-30,25665.63
504393,100554,B004,SAVINGS,ACTIVE,2020-09-30,15627.98
504394,101969,B006,CURRENT,ACTIVE,2023-10-21,10261.18
504395,103409,B014,SALARY,ACTIVE,2023-10-04,9982.68
504396,102058,B018,SALARY,ACTIVE,2022-10-29,52619.56
504397,104792,B008,SAVINGS,ACTIVE,2026-04-30,31939.98
504398,101863,B012,SAVINGS,ACTIVE,2023-10-10,77177.6
504399,108135,B020,SAVINGS,ACTIVE,2026-04-26,5641.47
504400,105191,B008,SAVINGS,ACTIVE,2023-08-09,53452.09
504401,101047,B006,SALARY,ACTIVE,2025-08-16,26217.2
504402,108090,B001,SALARY,ACTIVE,2022-06-11,19234.89
504403,100346,B011,SALARY,ACTIVE,2024-03-10,30911.34
504404,101628,B001,SAVINGS,ACTIVE,2023-10-29,34134.52
504405,106670,B005,CURRENT,ACTIVE,2025-12-10,27782.56
504406,100504,B003,SAVINGS,ACTIVE,2024-11-22,7292.47
504407,102535,B003,CURRENT,ACTIVE,2023-08-15,12664.65
504408,100342,B006,SAVINGS,ACTIVE,2024-01-21,37376.3
504409,100476,B008,SALARY,ACTIVE,2022-03-05,29627.89
504410,101253,B001,SAVINGS,ACTIVE,2020-05-15,10981.64
504411,101368,B014,SAVINGS,ACTIVE,2019-03-28,70602.88
504412,102016,B004,SALARY,ACTIVE,2025-07-26,28020.62
504413,108743,B013,SALARY,ACTIVE,2019-08-24,40927.57
504414,104098,B002,SAVINGS,ACTIVE,2024-09-24,129699.12
504415,100180,B005,SAVINGS,ACTIVE,2026-02-01,38062.23
504416,107424,B018,SAVINGS,ACTIVE,2020-03-22,17063.21
504417,100724,B012,SALARY,ACTIVE,2022-09-07,3846.72
504418,100244,B012,SAVINGS,ACTIVE,2019-03-13,7197.65
504419,106541,B011,SAVINGS,ACTIVE,2025-10-20,6145.8
504420,102829,B009,SAVINGS,ACTIVE,2019-02-19,4821.79
504421,109250,B001,SAVINGS,ACTIVE,2022-02-28,24727.52
504422,100257,B007,SAVINGS,ACTIVE,2020-06-14,2104.15
504423,102682,B020,SAVINGS,ACTIVE,2021-09-13,22124.26
504424,109916,B018,SALARY,ACTIVE,2023-09-02,25691.81
504425,107403,B016,SAVINGS,ACTIVE,2025-11-02,34674.19
504426,106936,B008,SAVINGS,ACTIVE,2019-07-08,48017.57
504427,100813,B008,SAVINGS,ACTIVE,2020-12-13,38538.02
504428,101990,B009,SAVINGS,ACTIVE,2023-06-11,52210.63
504429,105919,B009,SALARY,ACTIVE,2022-11-22,10554.2
504430,101020,B002,SAVINGS,CLOSED,2023-08-11,14048.09
504431,107277,B005,SAVINGS,ACTIVE,2020-12-03,686671.19
504432,102831,B017,CURRENT,ACTIVE,2019-09-13,73079.06
504433,104896,B007,CURRENT,ACTIVE,2024-03-27,83363.5
504434,107364,B006,SAVINGS,ACTIVE,2020-09-19,4735.5
504435,100518,B001,SAVINGS,ACTIVE,2024-10-17,98761.52
504436,109975,B014,SALARY,ACTIVE,2024-03-24,3327.41
504437,108715,B014,SAVINGS,ACTIVE,2023-05-20,3981.81
504438,102660,B002,SAVINGS,ACTIVE,2021-08-17,66350.71
504439,102696,B012,SALARY,ACTIVE,2025-10-11,149777.38
504440,108119,B007,CURRENT,BLOCKED,2021-04-05,6897.19
504441,106836,B008,SAVINGS,ACTIVE,2019-07-22,7248.78
504442,108310,B003,SAVINGS,ACTIVE,2023-07-10,14670.5
504443,105361,B019,SAVINGS,ACTIVE,2024-09-02,1691.41
504444,106767,B015,CURRENT,ACTIVE,2020-06-05,33106.46
504445,109794,B001,SALARY,ACTIVE,2025-03-04,48092.75
504446,105138,B015,SAVINGS,ACTIVE,2021-07-19,12016.48
504447,104125,B009,SALARY,ACTIVE,2019-06-05,2056.77
504448,109285,B015,SAVINGS,ACTIVE,2020-05-30,11490.37
504449,108402,B019,SAVINGS,ACTIVE,2026-03-28,114780.15
504450,106569,B005,SAVINGS,ACTIVE,2024-06-29,63964.78
504451,103941,B007,CURRENT,ACTIVE,2024-09-13,25258.41
504452,105206,B013,SAVINGS,ACTIVE,2019-01-26,23570.36
504453,106965,B010,SALARY,ACTIVE,2024-08-12,18168.9
504454,106106,B002,SAVINGS,ACTIVE,2022-07-03,67191.06
504455,104566,B001,SALARY,ACTIVE,2022-02-22,60842.47
504456,107727,B004,CURRENT,ACTIVE,2025-11-12,5865.48
504457,106048,B008,SALARY,ACTIVE,2020-08-08,19589.6
504458,101315,B020,SALARY,ACTIVE,2023-12-19,16085.14
504459,101518,B007,SAVINGS,ACTIVE,2020-11-24,93102.47
504460,108330,B011,CURRENT,CLOSED,2022-10-05,88308.19
504461,105343,B016,SAVINGS,ACTIVE,2024-04-08,11061.49
504462,108486,B013,SALARY,ACTIVE,2020-08-10,47250.71
504463,104467,B010,CURRENT,ACTIVE,2024-06-09,55697.81
504464,103522,B002,SAVINGS,ACTIVE,2023-02-15,23978.48
504465,102692,B018,SALARY,CLOSED,2019-02-14,28005.45
504466,100646,B005,SAVINGS,ACTIVE,2020-08-02,118522.79
504467,106608,B018,SAVINGS,ACTIVE,2025-04-09,15276.52
504468,107791,B019,SAVINGS,ACTIVE,2025-06-21,101847.41
504469,107397,B016,SAVINGS,ACTIVE,2026-02-27,89163.18
504470,108753,B002,SALARY,ACTIVE,2025-06-23,34893.39
504471,108188,B014,SALARY,BLOCKED,2024-06-05,10881.81
504472,105786,B011,SAVINGS,ACTIVE,2024-05-07,46978.09
504473,101091,B013,SAVINGS,ACTIVE,2023-04-19,36769.69
504474,107481,B017,SAVINGS,ACTIVE,2019-03-27,4267.09
504475,105933,B014,SALARY,ACTIVE,2023-03-04,51670.94
504476,107640,B018,SAVINGS,CLOSED,2026-04-24,12883.46
504477,105755,B012,SAVINGS,ACTIVE,2019-08-31,46154.51
504478,102901,B006,SALARY,ACTIVE,2023-05-09,120136.6
504479,102283,B012,SAVINGS,ACTIVE,2019-08-25,3528.85
504480,101132,B002,CURRENT,ACTIVE,2025-10-25,8223.9
504481,103770,B009,SAVINGS,ACTIVE,2023-04-22,6998.71
504482,108786,B006,SAVINGS,ACTIVE,2024-01-28,8992.7
504483,101852,B020,SAVINGS,BLOCKED,2022-11-14,30784.11
504484,102505,B012,SAVINGS,ACTIVE,2020-05-27,16561.84
504485,101787,B001,CURRENT,ACTIVE,2024-01-31,4824.35
504486,104339,B013,SALARY,ACTIVE,2020-08-24,4346.33
504487,101519,B007,SAVINGS,ACTIVE,2022-08-26,1769.37
504488,108752,B014,SAVINGS,ACTIVE,2020-02-22,51694.14
504489,108899,B004,SALARY,ACTIVE,2021-08-27,11979.74
504490,103206,B007,SAVINGS,ACTIVE,2023-03-17,6388.78
504491,100911,B012,SAVINGS,ACTIVE,2026-02-13,11458.53
504492,104165,B011,SAVINGS,ACTIVE,2020-08-18,25423.35
504493,100307,B009,SAVINGS,BLOCKED,2022-03-27,13581.41
504494,100289,B007,SALARY,ACTIVE,2019-05-08,67283.55
504495,104888,B015,SAVINGS,ACTIVE,2025-10-13,37318.22
504496,100765,B018,SAVINGS,ACTIVE,2026-03-02,18493.76
504497,104875,B005,SAVINGS,ACTIVE,2023-02-05,7216.21
504498,106600,B001,CURRENT,ACTIVE,2023-09-29,84185.84
504499,103494,B017,SAVINGS,ACTIVE,2025-10-01,55305.51
504500,109452,B007,SAVINGS,ACTIVE,2022-12-12,2730.9
504501,106713,B011,SAVINGS,ACTIVE,2023-12-28,66813.03
504502,101217,B016,SAVINGS,ACTIVE,2020-04-26,47026.58
504503,109904,B005,SAVINGS,ACTIVE,2023-10-31,43141.16
504504,109098,B020,SAVINGS,BLOCKED,2025-05-19,56685.75
504505,102357,B001,SAVINGS,ACTIVE,2025-01-04,35058.71
504506,101136,B008,SALARY,ACTIVE,2023-11-12,135398.82
504507,104374,B002,SALARY,ACTIVE,2020-06-23,20448.61
504508,108825,B007,SAVINGS,ACTIVE,2026-01-31,935.19
504509,106377,B009,SAVINGS,ACTIVE,2019-10-05,44547.12
504510,108886,B015,SAVINGS,ACTIVE,2021-03-22,76469.25
504511,108389,B016,SAVINGS,ACTIVE,2024-02-10,26356.75
504512,100307,B018,SAVINGS,ACTIVE,2024-04-20,13420.36
504513,106973,B002,SAVINGS,ACTIVE,2024-10-17,80199.64
504514,103464,B011,SAVINGS,ACTIVE,2019-02-02,34668.39
504515,109885,B006,SALARY,ACTIVE,2023-03-08,2939.0
504516,102151,B017,SAVINGS,ACTIVE,2024-02-13,17953.42
504517,106487,B003,CURRENT,CLOSED,2026-02-01,6621.18
504518,109835,B018,SAVINGS,ACTIVE,2019-06-09,28297.21
504519,107620,B016,CURRENT,ACTIVE,2023-09-14,9504.58
504520,102954,B007,SAVINGS,ACTIVE,2026-01-26,155707.53
504521,109626,B012,SAVINGS,BLOCKED,2025-08-23,3019.7
504522,105486,B006,SAVINGS,ACTIVE,2021-10-10,296994.23
504523,108197,B020,SAVINGS,ACTIVE,2021-03-10,348311.52
504524,104238,B003,SALARY,ACTIVE,2025-10-10,12152.47
504525,106517,B018,SALARY,ACTIVE,2019-07-29,12360.77
504526,105257,B003,SALARY,ACTIVE,2022-08-27,56277.68
504527,106165,B019,CURRENT,ACTIVE,2023-08-30,107921.58
504528,106750,B011,SALARY,ACTIVE,2024-11-09,9822.32
504529,108434,B020,SALARY,ACTIVE,2020-07-08,15251.38
504530,103594,B003,CURRENT,ACTIVE,2022-07-27,148223.76
504531,106313,B001,SAVINGS,ACTIVE,2026-02-06,55543.34
504532,108962,B015,SALARY,ACTIVE,2023-02-13,22215.27
504533,108078,B016,SAVINGS,ACTIVE,2026-04-27,20492.09
504534,102311,B010,SAVINGS,ACTIVE,2023-11-12,185504.2
504535,102961,B018,SAVINGS,ACTIVE,2020-08-13,19737.41
504536,108638,B018,SAVINGS,ACTIVE,2025-08-27,10535.83
504537,109532,B013,CURRENT,ACTIVE,2025-03-06,35791.75
504538,105641,B014,SAVINGS,ACTIVE,2020-08-28,56692.26
504539,104063,B002,SAVINGS,ACTIVE,2025-08-23,8880.7
504540,109257,B008,SAVINGS,ACTIVE,2023-09-21,32906.33
504541,100984,B012,SAVINGS,ACTIVE,2020-08-23,25390.66
504542,108385,B005,SAVINGS,ACTIVE,2024-02-06,43217.27
504543,109654,B011,SAVINGS,ACTIVE,2019-08-04,99598.59
504544,107555,B008,SAVINGS,ACTIVE,2021-05-28,36769.7
504545,103734,B020,SAVINGS,ACTIVE,2025-08-31,68264.11
504546,103372,B010,SAVINGS,ACTIVE,2021-04-29,12105.4
504547,103534,B012,SAVINGS,ACTIVE,2023-10-07,30370.09
504548,102190,B016,SALARY,ACTIVE,2019-11-19,8714.97
504549,102695,B019,SAVINGS,ACTIVE,2021-06-10,7657.29
504550,109048,B007,SAVINGS,BLOCKED,2021-08-19,63438.65
504551,105867,B001,SAVINGS,ACTIVE,2019-05-20,24455.25
504552,101486,B004,CURRENT,CLOSED,2021-12-26,50174.81
504553,102198,B014,SAVINGS,BLOCKED,2021-09-11,20565.0
504554,100287,B012,SALARY,ACTIVE,2022-07-04,9763.37
504555,108075,B016,SAVINGS,ACTIVE,2024-08-06,326745.1
504556,108380,B008,SAVINGS,ACTIVE,2023-10-05,9625.02
504557,106650,B018,SAVINGS,ACTIVE,2025-02-22,18491.4
504558,108188,B008,SAVINGS,ACTIVE,2019-07-02,293072.82
504559,103207,B013,SAVINGS,ACTIVE,2025-06-07,21344.81
504560,109175,B008,SAVINGS,ACTIVE,2019-02-08,19352.15
504561,109113,B010,SAVINGS,ACTIVE,2025-01-07,19219.81
504562,107440,B011,SAVINGS,ACTIVE,2020-06-15,3550.97
504563,101625,B011,SAVINGS,ACTIVE,2023-04-15,10778.61
504564,108383,B010,SAVINGS,ACTIVE,2026-03-18,62076.28
504565,103728,B017,SAVINGS,ACTIVE,2021-05-28,12822.03
504566,101293,B019,SAVINGS,ACTIVE,2026-05-14,2547.98
504567,109180,B005,SAVINGS,CLOSED,2024-04-26,5774.47
504568,106084,B006,SAVINGS,ACTIVE,2024-10-16,46985.76
504569,105184,B006,SAVINGS,CLOSED,2020-06-11,22483.44
504570,109153,B007,SAVINGS,ACTIVE,2022-01-10,294466.34
504571,101538,B015,SAVINGS,ACTIVE,2026-04-29,5623.99
504572,109045,B007,SAVINGS,ACTIVE,2026-01-16,27037.66
504573,103542,B016,SAVINGS,ACTIVE,2025-08-23,14526.72
504574,108987,B019,SAVINGS,ACTIVE,2024-11-03,20620.7
504575,100167,B003,SAVINGS,ACTIVE,2024-02-03,4908.94
504576,107119,B001,SAVINGS,ACTIVE,2026-02-17,10093.69
504577,103366,B009,SAVINGS,ACTIVE,2020-03-24,93221.76
504578,103646,B002,SAVINGS,ACTIVE,2022-10-08,20140.54
504579,109622,B019,SAVINGS,ACTIVE,2022-02-27,93394.5
504580,101936,B018,SAVINGS,ACTIVE,2025-09-22,17848.27
504581,101618,B014,CURRENT,ACTIVE,2021-05-22,44738.24
504582,100793,B005,SAVINGS,ACTIVE,2025-02-27,15283.36
504583,107005,B008,SAVINGS,ACTIVE,2019-05-28,21068.14
504584,100968,B013,SAVINGS,ACTIVE,2024-03-11,8978.53
504585,109912,B016,SAVINGS,ACTIVE,2021-09-05,30188.92
504586,101578,B009,SALARY,ACTIVE,2025-06-01,186465.42
504587,105942,B007,CURRENT,ACTIVE,2024-06-27,31953.17
504588,105629,B004,SAVINGS,ACTIVE,2019-08-15,155723.47
504589,103924,B007,SAVINGS,ACTIVE,2019-02-09,54491.87
504590,100296,B018,SALARY,ACTIVE,2023-02-27,30508.13
504591,107217,B012,CURRENT,ACTIVE,2022-05-08,8247.86
504592,101760,B011,SAVINGS,ACTIVE,2019-11-30,15888.15
504593,102543,B010,SAVINGS,ACTIVE,2019-06-25,70092.09
504594,103576,B012,SAVINGS,ACTIVE,2024-04-18,6278.99
504595,105766,B019,SAVINGS,ACTIVE,2023-06-13,18877.98
504596,106434,B001,SALARY,ACTIVE,2020-07-14,56356.39
504597,109242,B016,SAVINGS,ACTIVE,2022-02-10,33231.67
504598,108530,B012,SALARY,ACTIVE,2021-08-11,657211.57
504599,105749,B013,SAVINGS,ACTIVE,2026-01-06,51482.59
504600,104081,B003,SAVINGS,ACTIVE,2020-01-23,27490.99
504601,109226,B017,SAVINGS,ACTIVE,2019-09-25,14843.16
504602,103513,B019,SALARY,ACTIVE,2023-05-30,14648.49
504603,105035,B016,SALARY,ACTIVE,2020-09-30,16204.54
504604,105188,B010,SAVINGS,ACTIVE,2019-02-21,40785.18
504605,102957,B008,SAVINGS,ACTIVE,2021-06-09,568175.15
504606,105963,B020,SAVINGS,ACTIVE,2025-02-17,21365.12
504607,106916,B014,CURRENT,ACTIVE,2026-03-05,28395.02
504608,103584,B008,SAVINGS,ACTIVE,2022-09-17,20205.55
504609,100184,B018,SAVINGS,ACTIVE,2022-12-18,18390.64
504610,106459,B010,SAVINGS,ACTIVE,2020-04-15,4813.18
504611,101759,B019,SAVINGS,ACTIVE,2020-12-19,11821.41
504612,103999,B001,SALARY,ACTIVE,2022-11-02,14148.21
504613,109148,B011,CURRENT,CLOSED,2019-01-05,154983.15
504614,101956,B001,SAVINGS,ACTIVE,2024-03-05,6542.86
504615,100716,B015,CURRENT,ACTIVE,2021-02-07,29233.53
504616,108471,B014,SAVINGS,ACTIVE,2023-12-12,55798.94
504617,108640,B010,SAVINGS,ACTIVE,2020-09-13,33669.31
504618,102071,B001,CURRENT,ACTIVE,2023-11-20,7964.22
504619,101949,B015,SALARY,ACTIVE,2024-03-24,23285.08
504620,107905,B020,SAVINGS,ACTIVE,2023-10-21,1310.93
504621,105907,B016,CURRENT,ACTIVE,2022-09-08,83569.31
504622,105865,B020,SAVINGS,ACTIVE,2023-02-08,43644.58
504623,108255,B009,SAVINGS,ACTIVE,2025-07-15,7938.18
504624,107556,B005,SAVINGS,CLOSED,2021-05-07,84191.01
504625,103363,B001,SALARY,ACTIVE,2020-12-20,21110.58
504626,100083,B017,SAVINGS,ACTIVE,2022-07-18,38829.43
504627,102819,B020,SAVINGS,ACTIVE,2021-01-17,27561.12
504628,102166,B017,SAVINGS,ACTIVE,2024-12-26,17115.45
504629,106628,B002,SAVINGS,ACTIVE,2022-10-30,12528.7
504630,104416,B003,SAVINGS,ACTIVE,2025-02-01,107120.77
504631,100606,B002,SALARY,ACTIVE,2021-05-05,23383.57
504632,108673,B017,SAVINGS,ACTIVE,2024-12-23,13681.26
504633,100986,B013,SAVINGS,ACTIVE,2020-12-12,19397.04
504634,101019,B018,SAVINGS,ACTIVE,2021-02-17,38196.6
504635,109240,B018,SAVINGS,ACTIVE,2019-12-02,32592.52
504636,105664,B008,SAVINGS,ACTIVE,2025-08-25,72784.8
504637,108296,B020,CURRENT,ACTIVE,2022-06-13,42227.14
504638,108407,B014,SAVINGS,ACTIVE,2022-01-31,32486.28
504639,101382,B020,CURRENT,ACTIVE,2021-04-22,41488.62
504640,100159,B006,SAVINGS,ACTIVE,2021-11-02,56237.33
504641,104054,B011,SAVINGS,ACTIVE,2024-03-06,5483.99
504642,100371,B012,SAVINGS,ACTIVE,2025-11-13,18028.98
504643,102991,B017,SAVINGS,ACTIVE,2022-02-17,5931.12
504644,103966,B012,SAVINGS,CLOSED,2023-10-21,11054.66
504645,104440,B007,SAVINGS,ACTIVE,2024-07-18,21971.44
504646,100918,B003,SAVINGS,BLOCKED,2026-01-01,20888.82
504647,102153,B019,SAVINGS,ACTIVE,2020-12-28,16825.74
504648,100856,B019,CURRENT,ACTIVE,2019-09-21,16040.9
504649,106398,B020,CURRENT,BLOCKED,2024-03-27,6848.39
504650,102134,B019,SAVINGS,ACTIVE,2021-08-27,9654.78
504651,105869,B020,CURRENT,ACTIVE,2024-01-15,2959.0
504652,104776,B019,SAVINGS,ACTIVE,2022-11-23,12811.94
504653,107295,B018,SAVINGS,ACTIVE,2021-06-09,20683.86
504654,103333,B011,SALARY,ACTIVE,2022-12-23,20758.12
504655,100006,B015,SAVINGS,ACTIVE,2021-10-13,62720.09
504656,109725,B006,SAVINGS,BLOCKED,2024-09-14,72698.39
504657,109336,B014,SAVINGS,ACTIVE,2019-05-24,18139.43
504658,104475,B015,CURRENT,ACTIVE,2023-10-02,16105.57
504659,100608,B009,SAVINGS,ACTIVE,2025-03-04,148626.64
504660,105758,B014,SAVINGS,ACTIVE,2020-07-08,24386.72
504661,105900,B009,SAVINGS,ACTIVE,2023-11-02,17183.55
504662,103759,B018,SAVINGS,CLOSED,2024-10-24,34305.59
504663,102547,B004,SALARY,ACTIVE,2019-01-16,76899.45
504664,101040,B018,CURRENT,ACTIVE,2024-07-02,50602.25
504665,104884,B016,SAVINGS,ACTIVE,2023-06-16,42198.68
504666,104195,B006,SAVINGS,ACTIVE,2020-10-24,24487.34
504667,105479,B004,SAVINGS,ACTIVE,2021-05-29,16869.22
504668,104509,B012,SAVINGS,ACTIVE,2020-04-11,390118.28
504669,109714,B019,SAVINGS,ACTIVE,2026-02-28,2026.26
504670,109517,B009,SAVINGS,ACTIVE,2019-04-19,17835.62
504671,109933,B006,SAVINGS,ACTIVE,2021-12-10,31571.18
504672,108936,B019,CURRENT,ACTIVE,2023-10-19,15377.9
504673,109077,B013,SAVINGS,ACTIVE,2020-10-06,8828.84
504674,100046,B009,SALARY,ACTIVE,2025-06-25,12057.77
504675,108961,B009,SAVINGS,ACTIVE,2023-08-18,13505.22
504676,102767,B002,SALARY,ACTIVE,2023-10-01,57803.62
504677,102380,B017,SAVINGS,ACTIVE,2025-09-23,23312.44
504678,105765,B010,CURRENT,ACTIVE,2019-12-21,17171.01
504679,105419,B017,SAVINGS,ACTIVE,2024-03-29,37513.36
504680,107066,B005,CURRENT,ACTIVE,2025-10-29,3823.96
504681,108587,B002,SAVINGS,ACTIVE,2019-12-31,15684.48
504682,104472,B001,SAVINGS,ACTIVE,2025-01-14,10192.26
504683,108310,B013,SAVINGS,ACTIVE,2022-05-14,17876.55
504684,107121,B019,SAVINGS,ACTIVE,2024-08-27,6796.83
504685,106933,B015,SAVINGS,ACTIVE,2019-03-18,64328.55
504686,107189,B014,SAVINGS,ACTIVE,2025-07-09,9350.83
504687,104797,B011,SAVINGS,ACTIVE,2023-05-16,5539.74
504688,107109,B003,SAVINGS,ACTIVE,2021-11-13,15553.82
504689,106093,B012,SAVINGS,ACTIVE,2020-02-29,16195.08
504690,102521,B008,SAVINGS,ACTIVE,2020-03-26,35658.13
504691,106778,B003,SALARY,ACTIVE,2025-05-22,114408.05
504692,100091,B006,SAVINGS,ACTIVE,2023-11-21,26240.88
504693,108684,B014,SAVINGS,ACTIVE,2024-08-28,46175.2
504694,101939,B017,SAVINGS,ACTIVE,2025-10-15,12327.36
504695,108219,B007,SAVINGS,ACTIVE,2020-09-22,6056.99
504696,103516,B014,SAVINGS,ACTIVE,2020-08-16,44499.99
504697,107332,B020,SAVINGS,ACTIVE,2022-09-22,153826.65
504698,104480,B003,SAVINGS,ACTIVE,2022-10-31,15937.05
504699,107009,B008,SAVINGS,ACTIVE,2021-09-03,18805.73
504700,100895,B001,SAVINGS,ACTIVE,2025-05-05,66462.29
504701,107374,B004,SAVINGS,ACTIVE,2022-12-25,53945.3
504702,106948,B017,SALARY,ACTIVE,2020-03-08,15570.66
504703,109081,B017,SAVINGS,ACTIVE,2022-07-23,97180.61
504704,101436,B019,SAVINGS,ACTIVE,2021-08-12,9792.62
504705,104556,B013,SAVINGS,ACTIVE,2024-01-13,29491.57
504706,102874,B020,SALARY,ACTIVE,2025-01-07,7378.7
504707,109898,B015,SAVINGS,ACTIVE,2021-04-17,25895.37
504708,103228,B003,SAVINGS,ACTIVE,2023-10-03,44139.81
504709,106445,B010,SAVINGS,ACTIVE,2023-07-30,14968.29
504710,105878,B008,CURRENT,ACTIVE,2019-11-25,21458.18
504711,105307,B002,SALARY,ACTIVE,2025-02-13,30542.17
504712,107340,B003,SAVINGS,ACTIVE,2023-01-26,35182.42
504713,100901,B020,CURRENT,ACTIVE,2024-10-10,13423.24
504714,103092,B019,SAVINGS,ACTIVE,2021-09-03,161629.29
504715,106708,B020,SALARY,ACTIVE,2024-11-20,27277.53
504716,108380,B010,SAVINGS,ACTIVE,2026-03-24,43425.58
504717,105667,B008,SALARY,ACTIVE,2020-01-15,6261.03
504718,103553,B019,CURRENT,ACTIVE,2021-10-02,36538.03
504719,106205,B004,SAVINGS,ACTIVE,2022-08-02,7608.41
504720,108066,B010,SAVINGS,ACTIVE,2023-12-20,78408.6
504721,102701,B016,SAVINGS,ACTIVE,2022-02-15,34045.09
504722,101595,B002,SAVINGS,ACTIVE,2022-06-30,12975.16
504723,108499,B006,SAVINGS,ACTIVE,2020-02-25,23509.32
504724,103588,B008,SAVINGS,ACTIVE,2020-01-27,60800.18
504725,109666,B020,SAVINGS,ACTIVE,2024-02-24,23498.42
504726,105831,B020,SAVINGS,ACTIVE,2021-08-15,15886.82
504727,107726,B005,SAVINGS,ACTIVE,2022-09-08,44590.9
504728,105041,B018,SAVINGS,ACTIVE,2025-10-05,26400.72
504729,101689,B013,SAVINGS,ACTIVE,2019-10-06,113392.87
504730,103615,B011,SAVINGS,ACTIVE,2020-04-09,143018.6
504731,100058,B005,SAVINGS,ACTIVE,2022-07-16,5410.81
504732,102120,B007,SAVINGS,ACTIVE,2021-04-13,18728.15
504733,106986,B011,SAVINGS,ACTIVE,2020-06-06,394923.04
504734,105043,B004,SAVINGS,BLOCKED,2022-07-20,49240.68
504735,109611,B010,SAVINGS,ACTIVE,2020-02-01,67018.21
504736,100925,B003,SAVINGS,BLOCKED,2020-05-11,37255.55
504737,101050,B002,CURRENT,ACTIVE,2024-03-10,36727.91
504738,103957,B004,SAVINGS,ACTIVE,2022-09-29,2026.67
504739,108615,B016,SAVINGS,ACTIVE,2025-12-05,50225.09
504740,100707,B011,SAVINGS,ACTIVE,2019-07-14,149678.73
504741,105378,B017,SAVINGS,ACTIVE,2021-02-21,7674.55
504742,104329,B014,SAVINGS,ACTIVE,2023-10-26,11300.58
504743,107799,B001,SAVINGS,ACTIVE,2025-01-02,23716.24
504744,109628,B006,SALARY,ACTIVE,2025-04-01,4284.07
504745,105262,B007,CURRENT,ACTIVE,2024-07-12,17071.25
504746,104855,B020,SAVINGS,ACTIVE,2025-08-22,7164.17
504747,102765,B012,SAVINGS,ACTIVE,2021-10-13,44574.24
504748,105873,B010,SAVINGS,ACTIVE,2020-09-03,32792.89
504749,101462,B019,CURRENT,ACTIVE,2025-10-08,18497.98
504750,105021,B012,SAVINGS,ACTIVE,2023-11-05,16096.93
504751,100603,B015,SALARY,ACTIVE,2023-04-09,29324.36
504752,102179,B011,SAVINGS,ACTIVE,2019-02-03,85175.56
504753,101710,B009,SAVINGS,ACTIVE,2020-09-18,14358.03
504754,101082,B016,SAVINGS,ACTIVE,2023-10-05,28210.55
504755,100660,B008,SALARY,ACTIVE,2022-04-30,123022.8
504756,103337,B019,SALARY,ACTIVE,2024-09-06,10843.93
504757,102937,B007,CURRENT,ACTIVE,2021-10-08,84155.39
504758,105144,B017,SAVINGS,ACTIVE,2022-07-31,19904.28
504759,104143,B002,CURRENT,ACTIVE,2020-10-26,200289.29
504760,106970,B011,SAVINGS,ACTIVE,2024-06-09,1471.94
504761,106685,B010,CURRENT,ACTIVE,2020-11-28,11933.78
504762,106475,B019,CURRENT,ACTIVE,2020-08-10,34248.73
504763,109347,B008,SAVINGS,ACTIVE,2025-08-08,34267.97
504764,105278,B009,SAVINGS,ACTIVE,2021-03-04,65061.22
504765,105158,B002,SAVINGS,ACTIVE,2023-02-17,22881.02
504766,103554,B002,CURRENT,ACTIVE,2025-05-06,112202.36
504767,105061,B012,SALARY,ACTIVE,2019-01-02,63490.11
504768,102597,B003,SALARY,ACTIVE,2019-07-07,9020.48
504769,109904,B007,SAVINGS,ACTIVE,2023-02-28,97908.61
504770,107433,B020,SAVINGS,ACTIVE,2024-03-04,39785.64
504771,104238,B006,CURRENT,ACTIVE,2025-09-05,56796.52
504772,108907,B019,SAVINGS,ACTIVE,2024-08-27,125087.82
504773,108362,B009,CURRENT,ACTIVE,2020-10-03,3850.14
504774,106319,B019,SAVINGS,ACTIVE,2021-10-14,4347.49
504775,102940,B007,SAVINGS,ACTIVE,2022-12-27,48163.66
504776,101004,B016,CURRENT,ACTIVE,2022-10-21,1822.82
504777,101093,B003,SAVINGS,ACTIVE,2025-08-08,22411.38
504778,107951,B014,SALARY,ACTIVE,2023-10-16,32882.34
504779,101314,B007,SAVINGS,ACTIVE,2022-01-03,17424.13
504780,105903,B017,SAVINGS,CLOSED,2019-10-10,98873.18
504781,104785,B010,SAVINGS,ACTIVE,2020-10-26,33283.73
504782,106539,B009,SAVINGS,ACTIVE,2024-06-06,389944.08
504783,100606,B014,SAVINGS,CLOSED,2021-01-16,7691.23
504784,106918,B011,SALARY,ACTIVE,2022-04-07,61638.27
504785,101093,B012,SAVINGS,ACTIVE,2021-04-26,58352.99
504786,104623,B018,SAVINGS,ACTIVE,2025-01-11,22191.1
504787,104269,B015,SAVINGS,ACTIVE,2019-05-25,45506.29
504788,105103,B002,CURRENT,ACTIVE,2021-05-02,25745.61
504789,100539,B020,SAVINGS,ACTIVE,2021-07-24,5705.87
504790,103121,B012,SAVINGS,ACTIVE,2020-12-27,33220.96
504791,103982,B002,SALARY,ACTIVE,2023-05-12,175228.04
504792,106260,B008,SAVINGS,ACTIVE,2024-05-04,166565.0
504793,102601,B001,SALARY,ACTIVE,2022-01-25,9327.53
504794,104945,B012,SAVINGS,ACTIVE,2024-01-30,29806.91
504795,105259,B013,CURRENT,ACTIVE,2024-12-07,131817.07
504796,103426,B020,SALARY,ACTIVE,2024-05-25,6983.3
504797,100417,B014,SALARY,ACTIVE,2025-10-29,31870.97
504798,102304,B016,SAVINGS,ACTIVE,2021-05-09,10087.74
504799,104205,B017,SAVINGS,ACTIVE,2021-08-17,80971.12
504800,106279,B010,CURRENT,ACTIVE,2026-02-20,36088.64
504801,100955,B008,SAVINGS,ACTIVE,2022-11-18,11454.71
504802,104487,B014,SAVINGS,ACTIVE,2021-04-11,16743.59
504803,103524,B002,SAVINGS,ACTIVE,2022-05-10,88006.34
504804,102037,B012,CURRENT,ACTIVE,2021-02-03,21827.74
504805,106742,B004,SALARY,ACTIVE,2024-12-29,10167.33
504806,107793,B004,CURRENT,ACTIVE,2021-10-15,56935.67
504807,105567,B018,SALARY,ACTIVE,2023-03-19,36663.72
504808,105402,B010,SAVINGS,ACTIVE,2019-04-21,25423.4
504809,105500,B012,SAVINGS,ACTIVE,2019-11-04,17494.72
504810,106321,B003,SAVINGS,ACTIVE,2022-02-19,37078.36
504811,107651,B006,SALARY,ACTIVE,2024-10-24,63613.9
504812,105627,B010,SAVINGS,ACTIVE,2019-09-10,10470.64
504813,108576,B019,SAVINGS,ACTIVE,2024-07-02,12330.85
504814,106257,B009,SAVINGS,ACTIVE,2020-10-11,38257.99
504815,104627,B013,CURRENT,ACTIVE,2022-10-23,24835.66
504816,100890,B014,SAVINGS,ACTIVE,2021-01-06,26647.95
504817,102208,B004,SAVINGS,ACTIVE,2022-09-20,11899.94
504818,102859,B006,SALARY,ACTIVE,2020-05-14,53910.86
504819,105231,B011,SAVINGS,ACTIVE,2022-02-03,10436.95
504820,107735,B008,SAVINGS,ACTIVE,2023-12-04,91966.24
504821,105100,B017,SAVINGS,ACTIVE,2021-01-15,106079.06
504822,107983,B009,SAVINGS,ACTIVE,2024-01-26,128165.61
504823,108510,B009,SAVINGS,ACTIVE,2023-05-30,262561.62
504824,100509,B004,SAVINGS,ACTIVE,2021-11-29,17023.29
504825,106019,B015,SAVINGS,ACTIVE,2026-03-01,108084.74
504826,107331,B015,SAVINGS,ACTIVE,2019-11-07,13665.89
504827,109576,B010,SALARY,ACTIVE,2021-07-23,5705.54
504828,102272,B014,SAVINGS,ACTIVE,2024-12-31,7377.78
504829,106862,B020,SAVINGS,ACTIVE,2024-05-14,10960.4
504830,108345,B009,SAVINGS,ACTIVE,2025-03-29,4523.65
504831,104955,B001,SAVINGS,ACTIVE,2022-02-17,247084.98
504832,103872,B004,SAVINGS,ACTIVE,2026-04-16,21311.99
504833,103299,B013,SAVINGS,ACTIVE,2021-12-31,103911.19
504834,102990,B016,SAVINGS,ACTIVE,2025-08-18,111883.93
504835,105895,B011,SALARY,ACTIVE,2024-06-28,11764.61
504836,102913,B014,CURRENT,ACTIVE,2023-04-01,30436.24
504837,109918,B001,SALARY,ACTIVE,2023-09-16,5842.27
504838,106842,B014,SAVINGS,ACTIVE,2021-08-17,41900.87
504839,104580,B013,SALARY,ACTIVE,2023-04-30,50470.31
504840,106808,B019,CURRENT,ACTIVE,2025-01-08,171061.27
504841,104245,B008,SAVINGS,ACTIVE,2024-12-05,23818.36
504842,106009,B017,SAVINGS,ACTIVE,2023-03-21,68047.16
504843,104774,B005,SAVINGS,ACTIVE,2026-02-12,13447.81
504844,109512,B018,SAVINGS,ACTIVE,2025-12-06,155723.18
504845,102141,B012,SAVINGS,ACTIVE,2022-08-11,56709.0
504846,103081,B016,SAVINGS,ACTIVE,2024-04-12,5802.09
504847,107163,B011,SALARY,ACTIVE,2025-04-27,8063.32
504848,106137,B015,CURRENT,ACTIVE,2020-11-26,29824.47
504849,102486,B017,SAVINGS,ACTIVE,2019-04-27,34501.39
504850,104409,B016,CURRENT,ACTIVE,2021-08-01,15746.79
504851,106658,B020,SAVINGS,ACTIVE,2019-02-03,33635.29
504852,105672,B019,SALARY,ACTIVE,2025-01-11,2506.68
504853,109331,B016,SAVINGS,ACTIVE,2019-12-08,9872.72
504854,101467,B011,SAVINGS,ACTIVE,2026-03-22,10497.9
504855,102834,B002,SAVINGS,ACTIVE,2025-01-25,90883.37
504856,109151,B009,SAVINGS,ACTIVE,2022-07-17,10605.17
504857,106825,B013,SAVINGS,ACTIVE,2019-05-29,3206.23
504858,108725,B020,SALARY,ACTIVE,2022-03-19,62910.34
504859,102843,B007,SAVINGS,ACTIVE,2023-01-12,75185.47
504860,109562,B020,SAVINGS,ACTIVE,2020-04-24,4938.06
504861,104321,B012,SAVINGS,ACTIVE,2020-10-22,23341.68
504862,107376,B018,SAVINGS,ACTIVE,2023-09-25,5192.05
504863,104016,B015,SAVINGS,BLOCKED,2021-09-11,19427.84
504864,107030,B012,SAVINGS,ACTIVE,2019-06-05,17833.71
504865,108927,B017,SALARY,ACTIVE,2020-08-30,124410.07
504866,100531,B013,SAVINGS,ACTIVE,2022-07-04,96006.29
504867,109387,B017,SAVINGS,ACTIVE,2023-07-18,14306.57
504868,104417,B009,SAVINGS,ACTIVE,2023-04-14,42752.32
504869,105325,B001,SAVINGS,ACTIVE,2019-05-28,16032.56
504870,100360,B005,SAVINGS,ACTIVE,2020-08-10,47916.37
504871,100485,B011,CURRENT,ACTIVE,2021-11-12,27121.11
504872,109280,B003,SAVINGS,ACTIVE,2022-06-27,16545.19
504873,109413,B010,SAVINGS,ACTIVE,2024-06-13,88965.66
504874,105902,B001,SAVINGS,ACTIVE,2024-04-29,23054.06
504875,106332,B011,SAVINGS,ACTIVE,2022-08-05,194852.45
504876,100611,B005,SAVINGS,ACTIVE,2023-08-02,14757.8
504877,106692,B015,SAVINGS,ACTIVE,2023-03-16,54950.72
504878,105986,B011,SAVINGS,ACTIVE,2020-08-26,9433.44
504879,109261,B019,SAVINGS,ACTIVE,2021-06-27,54208.27
504880,106458,B019,SAVINGS,ACTIVE,2020-01-20,167767.21
504881,108788,B008,SALARY,ACTIVE,2023-10-18,60802.58
504882,109808,B009,SAVINGS,ACTIVE,2024-04-19,180145.44
504883,109373,B011,SAVINGS,ACTIVE,2025-09-19,8852.05
504884,106568,B013,SAVINGS,BLOCKED,2023-01-15,55229.5
504885,109060,B014,SAVINGS,ACTIVE,2024-02-04,22537.97
504886,108080,B010,SAVINGS,ACTIVE,2020-08-24,7791.91
504887,101630,B011,SALARY,ACTIVE,2021-11-29,25164.46
504888,107757,B001,SAVINGS,ACTIVE,2021-05-23,108755.07
504889,105187,B002,SAVINGS,ACTIVE,2019-06-04,25192.56
504890,107217,B009,SAVINGS,ACTIVE,2024-06-21,53049.2
504891,106111,B019,CURRENT,ACTIVE,2022-03-24,10569.82
504892,101082,B008,SAVINGS,CLOSED,2020-09-02,71226.49
504893,106136,B020,SAVINGS,ACTIVE,2023-12-24,28296.98
504894,103344,B007,CURRENT,ACTIVE,2023-07-01,25223.56
504895,107951,B002,SALARY,ACTIVE,2025-11-05,36438.4
504896,107535,B007,SAVINGS,ACTIVE,2021-09-15,316122.44
504897,108933,B008,SAVINGS,ACTIVE,2020-09-04,129099.18
504898,108934,B004,SAVINGS,ACTIVE,2020-04-03,9405.54
504899,108627,B008,CURRENT,ACTIVE,2024-10-21,39020.83
504900,101634,B012,SALARY,ACTIVE,2019-03-26,18160.73
504901,105624,B004,SAVINGS,ACTIVE,2023-08-22,28188.01
504902,100002,B017,SAVINGS,ACTIVE,2023-06-11,16509.22
504903,103147,B004,SAVINGS,BLOCKED,2019-05-08,35336.71
504904,108507,B017,SAVINGS,ACTIVE,2022-11-05,143390.85
504905,106776,B003,SAVINGS,ACTIVE,2022-01-03,6302.88
504906,102362,B006,CURRENT,ACTIVE,2024-03-19,18670.83
504907,108264,B008,SAVINGS,CLOSED,2020-04-24,21201.04
504908,105264,B006,SALARY,ACTIVE,2020-12-24,11661.91
504909,107775,B014,SAVINGS,ACTIVE,2024-10-02,16110.37
504910,109915,B006,SAVINGS,ACTIVE,2023-05-18,7486.95
504911,104803,B003,SAVINGS,ACTIVE,2023-06-20,74071.51
504912,107464,B004,CURRENT,ACTIVE,2019-03-12,5481.02
504913,105148,B018,CURRENT,ACTIVE,2019-05-10,302437.78
504914,101625,B013,SALARY,ACTIVE,2025-06-03,21258.6
504915,106725,B019,CURRENT,ACTIVE,2020-01-02,9956.67
504916,109269,B003,SAVINGS,ACTIVE,2023-10-13,8421.89
504917,108464,B014,CURRENT,ACTIVE,2020-11-05,51770.97
504918,102157,B008,SAVINGS,ACTIVE,2023-11-30,19205.16
504919,108790,B018,SAVINGS,ACTIVE,2021-08-25,259741.63
504920,108260,B011,SALARY,ACTIVE,2021-11-28,17524.69
504921,102080,B004,SAVINGS,ACTIVE,2025-09-03,83371.87
504922,100111,B014,SAVINGS,ACTIVE,2024-05-29,20380.85
504923,109059,B012,SAVINGS,ACTIVE,2022-12-08,11059.21
504924,102353,B020,SAVINGS,ACTIVE,2020-05-26,62526.87
504925,100166,B017,SAVINGS,ACTIVE,2024-05-12,132870.41
504926,101107,B017,CURRENT,ACTIVE,2021-03-07,7848.01
504927,109863,B008,SAVINGS,ACTIVE,2023-04-12,5276.96
504928,105575,B008,SAVINGS,ACTIVE,2019-12-03,19609.41
504929,104000,B013,SAVINGS,ACTIVE,2024-07-02,929.9
504930,106032,B017,SAVINGS,ACTIVE,2023-10-10,30299.82
504931,102421,B005,SALARY,ACTIVE,2020-03-19,7935.18
504932,107068,B006,SAVINGS,ACTIVE,2021-03-18,15216.15
504933,100447,B020,SAVINGS,ACTIVE,2020-06-06,26428.99
504934,102932,B014,SAVINGS,ACTIVE,2021-05-24,165268.02
504935,103103,B010,SAVINGS,ACTIVE,2024-06-24,35660.25
504936,109490,B005,SALARY,ACTIVE,2023-01-01,262102.04
504937,106502,B007,SAVINGS,ACTIVE,2021-10-13,82042.09
504938,100137,B009,SAVINGS,ACTIVE,2025-01-09,41401.49
504939,102556,B017,SAVINGS,BLOCKED,2025-04-08,281792.66
504940,103194,B013,SALARY,ACTIVE,2025-11-11,45756.38
504941,107972,B007,SAVINGS,ACTIVE,2021-08-17,37638.17
504942,100587,B017,SAVINGS,ACTIVE,2025-01-29,57879.9
504943,108905,B014,SAVINGS,ACTIVE,2025-09-04,416856.65
504944,103672,B019,SALARY,ACTIVE,2023-01-05,40391.38
504945,103487,B011,SAVINGS,ACTIVE,2019-12-20,26042.73
504946,109461,B020,SALARY,ACTIVE,2025-12-09,3776.14
504947,101408,B015,SAVINGS,ACTIVE,2019-05-06,41383.69
504948,103016,B017,SALARY,ACTIVE,2022-05-04,9044.65
504949,105486,B010,SAVINGS,ACTIVE,2019-11-20,4060.22
504950,103053,B004,SAVINGS,ACTIVE,2021-05-20,20859.4
504951,106006,B010,SAVINGS,BLOCKED,2024-07-12,143931.69
504952,102930,B018,SAVINGS,ACTIVE,2021-01-24,81062.88
504953,101987,B016,SALARY,ACTIVE,2026-03-02,61978.81
504954,108261,B012,SALARY,ACTIVE,2021-01-09,95181.65
504955,108667,B001,SALARY,ACTIVE,2024-10-12,3880.24
504956,105894,B008,SAVINGS,ACTIVE,2026-03-31,12288.46
504957,107440,B003,CURRENT,ACTIVE,2026-01-04,36696.02
504958,104169,B007,SAVINGS,ACTIVE,2025-01-28,7799.39
504959,107143,B020,SAVINGS,BLOCKED,2023-12-22,40717.5
504960,103673,B015,SAVINGS,ACTIVE,2020-02-22,16578.13
504961,103374,B002,SAVINGS,ACTIVE,2024-06-21,149915.46
504962,106832,B009,SAVINGS,ACTIVE,2024-01-30,4424.81
504963,106846,B012,CURRENT,ACTIVE,2023-04-27,3380.55
504964,109824,B018,CURRENT,ACTIVE,2020-11-07,84664.29
504965,100570,B007,SAVINGS,ACTIVE,2019-12-06,32456.26
504966,104501,B019,SAVINGS,ACTIVE,2020-04-28,99504.97
504967,103369,B019,SAVINGS,ACTIVE,2025-08-03,9529.99
504968,102248,B018,SAVINGS,ACTIVE,2023-05-09,254871.45
504969,103368,B007,SAVINGS,ACTIVE,2021-12-29,65419.43
504970,103972,B010,CURRENT,ACTIVE,2021-02-07,21314.61
504971,108018,B008,SAVINGS,ACTIVE,2023-01-04,26883.88
504972,101797,B018,SAVINGS,BLOCKED,2024-12-27,19065.73
504973,108185,B002,SAVINGS,ACTIVE,2024-05-19,10909.13
504974,106615,B012,SAVINGS,ACTIVE,2019-06-17,19612.22
504975,109882,B001,SAVINGS,ACTIVE,2023-04-11,34023.68
504976,100220,B004,SALARY,ACTIVE,2022-09-04,22519.71
504977,108666,B001,SAVINGS,ACTIVE,2020-01-29,4349.94
504978,104407,B002,SAVINGS,ACTIVE,2024-08-19,73639.42
504979,101271,B020,SAVINGS,ACTIVE,2020-04-12,1612.14
504980,100292,B001,SAVINGS,ACTIVE,2022-11-03,3447.65
504981,100893,B019,SAVINGS,ACTIVE,2025-11-27,46485.77
504982,100346,B001,SAVINGS,ACTIVE,2025-03-03,19779.0
504983,105782,B012,SALARY,ACTIVE,2020-03-06,60999.32
504984,103791,B017,CURRENT,ACTIVE,2019-11-03,21207.8
504985,104988,B017,SAVINGS,ACTIVE,2023-12-27,135269.59
504986,107552,B003,SALARY,ACTIVE,2020-09-10,9512.29
504987,107106,B013,CURRENT,ACTIVE,2022-10-24,45207.58
504988,106678,B018,SALARY,ACTIVE,2019-02-04,126717.76
504989,104775,B015,CURRENT,ACTIVE,2025-05-22,42738.01
504990,108994,B006,SALARY,ACTIVE,2025-05-08,73531.74
504991,106112,B010,SAVINGS,ACTIVE,2019-09-25,39621.66
504992,104285,B020,SAVINGS,ACTIVE,2021-04-12,66647.73
504993,107783,B002,CURRENT,ACTIVE,2025-02-01,7690.35
504994,101623,B009,SAVINGS,ACTIVE,2024-12-12,36802.69
504995,109402,B007,SAVINGS,ACTIVE,2019-11-24,21003.37
504996,100759,B004,SAVINGS,CLOSED,2020-01-07,18934.45
504997,105162,B009,SAVINGS,ACTIVE,2022-11-24,3152.21
504998,102458,B005,CURRENT,ACTIVE,2022-02-26,64264.17
504999,107624,B013,SAVINGS,ACTIVE,2021-02-09,63111.84
505000,105026,B005,SAVINGS,ACTIVE,2021-04-17,90702.15
505001,107725,B007,SAVINGS,CLOSED,2019-04-28,16506.66
505002,102783,B004,SALARY,BLOCKED,2023-07-12,8904.1
505003,107835,B010,SAVINGS,ACTIVE,2020-06-30,76183.22
505004,107590,B016,SAVINGS,ACTIVE,2025-05-09,13819.24
505005,108224,B014,SAVINGS,ACTIVE,2024-01-02,15443.56
505006,106596,B003,SALARY,ACTIVE,2023-06-24,37245.39
505007,107894,B011,SAVINGS,ACTIVE,2020-12-22,9176.63
505008,104283,B010,SALARY,BLOCKED,2026-04-21,12615.41
505009,106268,B007,SAVINGS,ACTIVE,2024-12-13,24249.23
505010,107137,B017,SAVINGS,ACTIVE,2020-08-08,107072.3
505011,107617,B013,SAVINGS,ACTIVE,2019-09-12,12253.83
505012,104610,B013,SAVINGS,ACTIVE,2023-03-12,18818.45
505013,107169,B008,SALARY,ACTIVE,2019-03-01,140224.08
505014,100437,B016,SAVINGS,ACTIVE,2020-09-28,29803.53
505015,101119,B016,SAVINGS,CLOSED,2019-12-28,38253.15
505016,107374,B003,SAVINGS,ACTIVE,2019-11-02,54011.23
505017,100191,B015,SAVINGS,ACTIVE,2023-04-16,14262.76
505018,106611,B017,SAVINGS,ACTIVE,2022-03-03,123125.75
505019,107212,B009,SAVINGS,ACTIVE,2020-09-02,48533.3
505020,105214,B012,SALARY,ACTIVE,2020-04-25,27027.69
505021,105658,B019,SAVINGS,ACTIVE,2025-01-22,19353.98
505022,101463,B001,SAVINGS,ACTIVE,2022-06-30,9583.72
505023,103249,B013,SAVINGS,ACTIVE,2020-03-25,27337.71
505024,105147,B017,SAVINGS,ACTIVE,2020-08-20,29413.83
505025,108188,B006,SAVINGS,ACTIVE,2021-06-02,17669.96
505026,102602,B014,SAVINGS,BLOCKED,2022-01-11,81503.32
505027,108975,B012,SAVINGS,ACTIVE,2019-07-10,29043.36
505028,109718,B001,SAVINGS,ACTIVE,2022-01-09,52839.36
505029,105773,B002,SAVINGS,ACTIVE,2022-06-30,24047.51
505030,104652,B016,SAVINGS,ACTIVE,2020-08-18,64624.99
505031,107908,B009,SALARY,ACTIVE,2020-12-07,24660.93
505032,107850,B020,SAVINGS,ACTIVE,2022-05-23,48486.56
505033,106160,B017,SAVINGS,ACTIVE,2020-05-13,4321.72
505034,105717,B013,SAVINGS,ACTIVE,2026-02-27,17277.52
505035,106606,B009,SAVINGS,ACTIVE,2025-07-15,23886.97
505036,108207,B017,SALARY,ACTIVE,2022-11-05,59389.66
505037,103825,B005,CURRENT,ACTIVE,2024-10-15,22558.28
505038,104641,B018,SAVINGS,ACTIVE,2020-07-28,16035.96
505039,105548,B009,SAVINGS,ACTIVE,2020-01-29,43226.52
505040,105773,B020,SALARY,ACTIVE,2020-02-01,19568.62
505041,101966,B013,SAVINGS,ACTIVE,2020-06-19,108332.29
505042,104827,B006,SAVINGS,ACTIVE,2024-12-24,43136.07
505043,107106,B012,SAVINGS,ACTIVE,2019-05-04,28120.21
505044,109433,B010,CURRENT,ACTIVE,2019-06-21,11643.28
505045,100164,B007,SAVINGS,ACTIVE,2022-06-20,6968.07
505046,101288,B008,CURRENT,ACTIVE,2019-10-20,17184.92
505047,104281,B012,SAVINGS,ACTIVE,2021-06-25,49737.59
505048,103493,B014,CURRENT,CLOSED,2019-07-21,48604.77
505049,108301,B004,CURRENT,ACTIVE,2022-04-15,44484.16
505050,105511,B013,SALARY,ACTIVE,2021-04-02,21478.56
505051,104513,B007,SAVINGS,ACTIVE,2019-07-07,74717.21
505052,100896,B010,SAVINGS,ACTIVE,2024-11-13,16942.75
505053,100354,B003,SAVINGS,ACTIVE,2019-06-06,8366.3
505054,108406,B019,SAVINGS,ACTIVE,2024-03-07,12186.97
505055,105690,B018,SAVINGS,ACTIVE,2025-11-23,32756.53
505056,108716,B019,SAVINGS,CLOSED,2025-08-20,28336.03
505057,104548,B009,SALARY,ACTIVE,2023-10-16,124807.26
505058,102078,B003,SAVINGS,ACTIVE,2023-07-27,82920.28
505059,106087,B007,SALARY,ACTIVE,2024-02-28,8093.9
505060,109404,B010,SALARY,ACTIVE,2019-04-25,14209.7
505061,101137,B003,SAVINGS,ACTIVE,2023-06-09,26598.23
505062,106142,B001,SAVINGS,ACTIVE,2020-08-18,6750.5
505063,102895,B017,CURRENT,ACTIVE,2025-07-05,15918.28
505064,105931,B012,SAVINGS,ACTIVE,2019-06-30,45519.7
505065,105160,B007,SAVINGS,ACTIVE,2025-07-04,43521.0
505066,103486,B018,SAVINGS,ACTIVE,2020-12-20,42931.54
505067,103076,B008,SAVINGS,ACTIVE,2024-02-18,27680.64
505068,105697,B013,SAVINGS,ACTIVE,2025-11-03,123103.9
505069,105466,B020,CURRENT,ACTIVE,2021-07-21,6193.86
505070,102581,B007,SAVINGS,ACTIVE,2022-05-11,76518.68
505071,103135,B011,SAVINGS,ACTIVE,2024-08-03,44429.44
505072,100348,B019,SAVINGS,ACTIVE,2019-11-06,33571.61
505073,103616,B002,SAVINGS,ACTIVE,2020-05-14,27381.56
505074,107356,B018,CURRENT,ACTIVE,2022-12-15,29471.83
505075,108133,B006,SAVINGS,ACTIVE,2026-03-19,3128.73
505076,109578,B018,SALARY,ACTIVE,2022-03-22,19046.82
505077,105985,B013,SAVINGS,ACTIVE,2023-06-24,59786.78
505078,100895,B015,SALARY,ACTIVE,2026-03-10,5564.61
505079,100990,B004,SAVINGS,ACTIVE,2019-11-29,88990.1
505080,105960,B002,SAVINGS,ACTIVE,2024-12-12,44671.73
505081,101828,B011,CURRENT,ACTIVE,2020-05-24,172006.19
505082,102558,B012,SAVINGS,ACTIVE,2023-10-08,20229.91
505083,103847,B005,SAVINGS,ACTIVE,2021-12-11,27348.76
505084,103749,B012,SALARY,ACTIVE,2026-01-19,19912.83
505085,106290,B007,SAVINGS,ACTIVE,2021-11-29,6436.17
505086,102821,B019,SALARY,ACTIVE,2020-12-10,33658.3
505087,106250,B009,SALARY,ACTIVE,2025-11-03,53383.65
505088,100679,B017,SAVINGS,CLOSED,2021-11-15,253401.23
505089,107837,B004,SAVINGS,ACTIVE,2024-09-01,23816.16
505090,109867,B005,SAVINGS,ACTIVE,2022-11-13,9705.71
505091,101304,B015,CURRENT,ACTIVE,2025-02-18,20478.83
505092,105739,B016,CURRENT,ACTIVE,2025-10-17,17332.87
505093,108549,B014,SAVINGS,ACTIVE,2020-03-12,183164.12
505094,105626,B008,CURRENT,ACTIVE,2019-03-11,12895.13
505095,108943,B020,SAVINGS,ACTIVE,2022-03-21,77899.57
505096,105778,B008,SALARY,ACTIVE,2026-03-21,37906.57
505097,100430,B003,SALARY,ACTIVE,2020-06-11,97285.3
505098,100832,B019,SAVINGS,ACTIVE,2023-12-11,18104.25
505099,107359,B011,SALARY,ACTIVE,2019-05-01,7391.81
505100,103957,B002,SAVINGS,ACTIVE,2023-05-20,233525.57
505101,108688,B002,SALARY,ACTIVE,2024-08-10,46037.93
505102,109246,B004,SAVINGS,ACTIVE,2020-06-14,165152.75
505103,101912,B015,SAVINGS,ACTIVE,2025-04-16,179036.48
505104,105508,B009,SAVINGS,ACTIVE,2022-06-10,14870.81
505105,106962,B005,SAVINGS,ACTIVE,2026-03-30,52077.62
505106,103982,B009,SAVINGS,ACTIVE,2020-11-24,61392.88
505107,108821,B013,SALARY,ACTIVE,2023-10-12,28092.21
505108,102129,B019,SALARY,ACTIVE,2022-11-01,70552.71
505109,102874,B017,SAVINGS,ACTIVE,2022-02-12,105301.3
505110,102476,B013,SAVINGS,ACTIVE,2024-06-14,12470.75
505111,101825,B003,SALARY,ACTIVE,2019-06-07,184702.09
505112,108047,B012,SAVINGS,ACTIVE,2025-05-28,34144.18
505113,108274,B017,SALARY,ACTIVE,2026-05-22,24476.53
505114,106403,B015,SAVINGS,ACTIVE,2022-01-04,19506.54
505115,102020,B008,SAVINGS,ACTIVE,2021-09-10,7107.0
505116,103285,B002,CURRENT,ACTIVE,2019-05-19,147792.67
505117,101202,B020,SALARY,ACTIVE,2021-09-01,24311.44
505118,108978,B011,CURRENT,ACTIVE,2023-08-22,7880.41
505119,105155,B004,CURRENT,BLOCKED,2023-04-13,73517.57
505120,100200,B014,SAVINGS,ACTIVE,2021-05-25,8306.64
505121,109278,B013,SAVINGS,ACTIVE,2024-08-08,16995.78
505122,107625,B018,SALARY,CLOSED,2025-05-10,30289.46
505123,106565,B004,SAVINGS,ACTIVE,2026-02-03,2520.19
505124,105302,B001,SAVINGS,ACTIVE,2023-04-13,59173.57
505125,100759,B016,CURRENT,ACTIVE,2020-02-04,37402.73
505126,108947,B006,SAVINGS,ACTIVE,2022-09-27,8033.98
505127,100872,B012,SAVINGS,ACTIVE,2024-08-13,332608.97
505128,108758,B005,CURRENT,ACTIVE,2019-10-21,12781.67
505129,100824,B007,SALARY,ACTIVE,2023-05-13,2702.63
505130,103192,B018,SALARY,ACTIVE,2023-08-29,19118.81
505131,109999,B001,SAVINGS,ACTIVE,2024-09-17,13677.9
505132,100348,B008,SAVINGS,ACTIVE,2019-08-04,38039.8
505133,104218,B007,SAVINGS,ACTIVE,2022-09-08,12808.54
505134,108719,B019,SAVINGS,CLOSED,2024-07-25,25242.66
505135,100036,B017,SAVINGS,ACTIVE,2026-03-10,60679.74
505136,108267,B016,SAVINGS,ACTIVE,2023-02-02,23086.75
505137,102890,B008,SALARY,ACTIVE,2022-11-23,10675.4
505138,101601,B018,SAVINGS,ACTIVE,2024-03-29,32427.06
505139,109649,B005,SALARY,CLOSED,2021-07-12,16801.64
505140,105333,B017,SALARY,ACTIVE,2020-04-11,51653.4
505141,105097,B013,SALARY,CLOSED,2021-12-22,8862.12
505142,103755,B004,CURRENT,ACTIVE,2025-05-10,18111.54
505143,108907,B004,CURRENT,ACTIVE,2025-05-26,40628.91
505144,107272,B001,SAVINGS,ACTIVE,2023-12-08,41797.57
505145,107162,B020,SAVINGS,ACTIVE,2024-02-20,76072.85
505146,108702,B012,SALARY,ACTIVE,2021-12-13,12943.93
505147,103501,B003,SAVINGS,ACTIVE,2025-10-30,6469.63
505148,106246,B002,SAVINGS,ACTIVE,2019-12-17,175253.87
505149,101051,B003,SAVINGS,ACTIVE,2020-07-31,9465.04
505150,109497,B012,SAVINGS,BLOCKED,2022-09-01,14888.06
505151,103863,B001,SAVINGS,ACTIVE,2021-09-13,45768.12
505152,100517,B005,CURRENT,ACTIVE,2020-03-02,32180.87
505153,102587,B020,SAVINGS,ACTIVE,2019-09-12,34217.72
505154,103973,B019,SAVINGS,ACTIVE,2023-06-22,9714.28
505155,100629,B017,SAVINGS,ACTIVE,2024-11-07,12709.04
505156,103491,B009,SAVINGS,ACTIVE,2021-08-01,34055.74
505157,104826,B008,CURRENT,ACTIVE,2023-10-13,61157.02
505158,102544,B013,SAVINGS,ACTIVE,2025-10-20,10868.15
505159,107732,B003,SAVINGS,ACTIVE,2019-11-12,20980.4
505160,103618,B012,SAVINGS,ACTIVE,2026-02-02,22680.02
505161,109042,B003,SAVINGS,ACTIVE,2022-09-04,17742.14
505162,101272,B019,SAVINGS,ACTIVE,2019-11-16,7425.62
505163,107826,B005,SAVINGS,ACTIVE,2021-05-30,42616.33
505164,105019,B017,SAVINGS,CLOSED,2020-12-22,9216.27
505165,108005,B002,SAVINGS,ACTIVE,2022-10-22,70581.49
505166,103210,B016,SAVINGS,ACTIVE,2020-10-09,11447.66
505167,108283,B019,SALARY,ACTIVE,2023-03-27,197200.69
505168,105896,B007,CURRENT,ACTIVE,2025-06-07,44410.57
505169,102673,B004,SAVINGS,ACTIVE,2019-09-01,5784.69
505170,104264,B007,SAVINGS,ACTIVE,2021-10-04,24984.0
505171,101739,B011,SALARY,ACTIVE,2023-06-11,23069.27
505172,100046,B008,SAVINGS,ACTIVE,2021-07-14,21714.97
505173,104006,B003,CURRENT,ACTIVE,2022-09-07,156783.98
505174,105286,B008,SAVINGS,ACTIVE,2025-11-16,176681.85
505175,107116,B016,SAVINGS,CLOSED,2025-05-07,18413.65
505176,105514,B018,SALARY,ACTIVE,2019-09-28,143364.75
505177,102864,B019,SALARY,ACTIVE,2022-01-20,14505.64
505178,108446,B010,SAVINGS,ACTIVE,2024-10-31,7950.24
505179,109893,B009,SAVINGS,ACTIVE,2026-02-21,77944.51
505180,102890,B014,SAVINGS,ACTIVE,2025-04-16,15343.46
505181,106482,B011,SAVINGS,ACTIVE,2021-12-20,52957.09
505182,107420,B005,SALARY,ACTIVE,2021-12-20,41900.75
505183,100341,B019,CURRENT,ACTIVE,2021-11-26,14516.19
505184,108760,B020,SALARY,ACTIVE,2019-05-22,47201.65
505185,107780,B012,SAVINGS,ACTIVE,2024-04-06,145876.98
505186,106911,B020,SAVINGS,ACTIVE,2025-01-29,21700.99
505187,101429,B006,SAVINGS,BLOCKED,2019-10-22,40863.52
505188,101114,B013,SAVINGS,ACTIVE,2020-04-02,13538.95
505189,105767,B017,SALARY,ACTIVE,2022-01-07,59786.98
505190,104202,B019,SALARY,ACTIVE,2022-08-22,7931.7
505191,100620,B012,SALARY,ACTIVE,2023-12-20,37837.96
505192,104003,B017,SALARY,ACTIVE,2021-10-27,11766.51
505193,101210,B012,CURRENT,ACTIVE,2026-02-06,18088.13
505194,102498,B002,SAVINGS,ACTIVE,2026-04-02,3527.25
505195,105825,B015,SAVINGS,ACTIVE,2026-01-21,8684.18
505196,103394,B020,SAVINGS,ACTIVE,2023-07-14,5137.2
505197,100633,B011,SAVINGS,ACTIVE,2025-07-28,14795.17
505198,107009,B007,SALARY,ACTIVE,2025-07-30,37918.78
505199,100068,B001,SAVINGS,ACTIVE,2024-10-25,10001.56
505200,103778,B005,SAVINGS,ACTIVE,2023-07-20,7399.17
505201,100756,B009,SAVINGS,ACTIVE,2022-03-01,12929.09
505202,102008,B020,SALARY,ACTIVE,2023-09-02,35933.86
505203,108194,B008,SAVINGS,ACTIVE,2023-07-29,6018.82
505204,107979,B003,SAVINGS,ACTIVE,2022-08-05,17956.17
505205,105914,B018,SAVINGS,ACTIVE,2026-02-18,124155.88
505206,103877,B013,SAVINGS,ACTIVE,2022-11-08,17969.37
505207,103600,B015,SAVINGS,ACTIVE,2019-12-18,64743.19
505208,104259,B019,SAVINGS,ACTIVE,2023-03-22,7874.67
505209,105547,B020,SALARY,ACTIVE,2024-02-16,141311.0
505210,100840,B020,SAVINGS,ACTIVE,2025-01-27,2283.1
505211,104016,B016,SAVINGS,ACTIVE,2022-08-05,1838.04
505212,107876,B018,SAVINGS,ACTIVE,2025-01-20,42410.04
505213,104672,B011,SAVINGS,ACTIVE,2020-07-27,20100.35
505214,100846,B019,CURRENT,ACTIVE,2025-02-06,28008.3
505215,104371,B020,SAVINGS,ACTIVE,2019-02-12,12277.72
505216,105718,B010,SAVINGS,ACTIVE,2023-10-12,53752.73
505217,106435,B006,CURRENT,ACTIVE,2023-07-14,5284.65
505218,107597,B020,SAVINGS,ACTIVE,2020-05-18,85315.15
505219,101650,B017,SAVINGS,ACTIVE,2024-02-12,254684.53
505220,101250,B004,SAVINGS,ACTIVE,2026-02-27,3122.49
505221,105523,B005,SALARY,ACTIVE,2023-07-01,54401.79
505222,103027,B006,SAVINGS,ACTIVE,2021-04-28,208740.0
505223,109719,B016,CURRENT,ACTIVE,2021-04-15,39528.52
505224,109890,B005,SALARY,ACTIVE,2025-09-09,15896.49
505225,105551,B008,SAVINGS,ACTIVE,2023-04-03,9862.31
505226,104462,B014,SAVINGS,ACTIVE,2020-01-17,38941.62
505227,105110,B006,SAVINGS,ACTIVE,2022-12-17,52129.53
505228,105788,B001,SAVINGS,ACTIVE,2024-12-19,8581.12
505229,109204,B018,SAVINGS,ACTIVE,2024-05-03,68293.19
505230,108640,B005,SAVINGS,ACTIVE,2026-04-21,33023.03
505231,100076,B019,SAVINGS,ACTIVE,2020-05-14,2193.8
505232,109000,B010,SAVINGS,ACTIVE,2023-07-06,47002.96
505233,102300,B009,SAVINGS,ACTIVE,2021-08-17,3000.85
505234,103410,B008,SAVINGS,ACTIVE,2019-08-04,15294.58
505235,104696,B001,SALARY,ACTIVE,2024-03-31,101958.33
505236,108424,B001,SAVINGS,ACTIVE,2021-10-11,36772.75
505237,109262,B012,SAVINGS,ACTIVE,2020-10-07,11541.24
505238,103248,B005,SAVINGS,ACTIVE,2025-02-18,55923.12
505239,106266,B007,CURRENT,ACTIVE,2020-02-29,15792.24
505240,108079,B002,SAVINGS,ACTIVE,2019-10-18,82672.1
505241,109855,B014,SAVINGS,ACTIVE,2021-04-27,12258.31
505242,107954,B005,SAVINGS,ACTIVE,2025-10-18,15804.19
505243,109616,B001,SAVINGS,ACTIVE,2021-01-26,37818.23
505244,105804,B011,SAVINGS,ACTIVE,2022-08-13,123299.46
505245,100709,B006,SAVINGS,ACTIVE,2021-12-10,30064.65
505246,106497,B008,SAVINGS,ACTIVE,2023-10-16,43029.5
505247,106884,B015,SAVINGS,ACTIVE,2020-07-08,26156.53
505248,105696,B017,SALARY,ACTIVE,2021-06-10,119679.17
505249,102386,B016,SAVINGS,ACTIVE,2021-05-01,3942.61
505250,101098,B008,SALARY,ACTIVE,2019-05-19,5075.55
505251,100656,B003,SAVINGS,ACTIVE,2020-07-02,9469.02
505252,104388,B008,SAVINGS,ACTIVE,2020-01-18,73181.87
505253,104508,B004,CURRENT,BLOCKED,2020-09-29,43555.69
505254,101202,B007,SAVINGS,ACTIVE,2026-04-03,89186.66
505255,104018,B020,SALARY,ACTIVE,2023-02-25,40178.67
505256,100538,B004,SAVINGS,ACTIVE,2025-12-17,86051.84
505257,102623,B003,CURRENT,ACTIVE,2024-04-20,45631.07
505258,104928,B005,SAVINGS,ACTIVE,2025-11-26,52965.21
505259,102272,B008,CURRENT,ACTIVE,2019-10-19,4127.72
505260,102647,B019,SALARY,ACTIVE,2025-03-13,119296.31
505261,100621,B010,CURRENT,ACTIVE,2020-11-26,30642.68
505262,103502,B011,SAVINGS,ACTIVE,2026-03-12,112071.26
505263,109094,B003,SALARY,ACTIVE,2023-11-18,106840.19
505264,106271,B019,SAVINGS,ACTIVE,2021-06-11,33430.68
505265,101482,B017,SAVINGS,ACTIVE,2023-08-30,13802.48
505266,104659,B012,SAVINGS,ACTIVE,2026-04-18,90141.76
505267,109209,B005,SAVINGS,ACTIVE,2019-06-22,9846.15
505268,105668,B007,SAVINGS,ACTIVE,2025-06-16,38652.85
505269,105173,B012,CURRENT,ACTIVE,2020-07-19,2822.25
505270,106732,B020,SAVINGS,ACTIVE,2019-04-21,39567.44
505271,109379,B012,SALARY,ACTIVE,2021-03-22,69457.11
505272,106694,B002,SAVINGS,ACTIVE,2023-08-05,56953.16
505273,106677,B002,SAVINGS,ACTIVE,2020-06-05,17540.95
505274,106898,B019,SALARY,ACTIVE,2025-01-09,12997.67
505275,108193,B015,SAVINGS,ACTIVE,2022-12-25,59419.1
505276,104553,B009,SAVINGS,ACTIVE,2024-04-28,105479.2
505277,101086,B020,SAVINGS,ACTIVE,2024-02-16,3186.76
505278,107079,B016,SAVINGS,BLOCKED,2023-05-12,20737.24
505279,104791,B010,SAVINGS,ACTIVE,2022-01-30,28100.09
505280,102676,B017,SAVINGS,ACTIVE,2022-10-20,11136.31
505281,106510,B001,CURRENT,ACTIVE,2024-05-24,92664.48
505282,107636,B007,SAVINGS,ACTIVE,2019-12-22,36386.65
505283,101714,B016,CURRENT,ACTIVE,2021-07-28,28270.44
505284,107944,B002,SAVINGS,ACTIVE,2024-01-23,17627.53
505285,105325,B002,CURRENT,ACTIVE,2019-11-21,39159.59
505286,108966,B016,SAVINGS,ACTIVE,2026-04-05,18363.53
505287,107942,B014,SAVINGS,ACTIVE,2019-08-26,10235.45
505288,109436,B015,SALARY,ACTIVE,2024-08-27,14862.4
505289,108709,B020,SAVINGS,ACTIVE,2025-11-24,10828.69
505290,105207,B006,CURRENT,ACTIVE,2024-12-12,24287.36
505291,103884,B001,SALARY,ACTIVE,2025-01-20,69667.98
505292,105328,B017,SAVINGS,ACTIVE,2022-12-08,5136.25
505293,102811,B011,SAVINGS,ACTIVE,2026-01-10,31577.02
505294,103790,B012,SAVINGS,ACTIVE,2022-12-26,325040.21
505295,109028,B017,SAVINGS,ACTIVE,2024-09-13,45035.45
505296,107774,B016,SAVINGS,ACTIVE,2023-08-30,33671.77
505297,100365,B014,SAVINGS,ACTIVE,2022-01-07,158020.42
505298,102694,B010,SAVINGS,ACTIVE,2021-06-09,2460.81
505299,106032,B009,SAVINGS,ACTIVE,2022-08-17,165946.48
505300,106395,B002,SAVINGS,ACTIVE,2024-12-30,10889.14
505301,100288,B019,SAVINGS,ACTIVE,2020-03-23,38978.03
505302,105615,B002,SALARY,ACTIVE,2024-04-21,6188.34
505303,106250,B018,SAVINGS,BLOCKED,2019-11-09,5347.48
505304,102800,B014,CURRENT,ACTIVE,2022-10-20,19186.85
505305,104615,B007,SAVINGS,ACTIVE,2024-10-04,30124.14
505306,102588,B020,SAVINGS,ACTIVE,2021-11-02,34569.43
505307,103450,B009,SALARY,ACTIVE,2023-05-06,114564.53
505308,101609,B016,SAVINGS,ACTIVE,2020-11-09,2997.63
505309,109053,B009,SAVINGS,ACTIVE,2020-11-29,20054.54
505310,107335,B010,SAVINGS,ACTIVE,2020-11-29,4402.61
505311,100982,B019,SAVINGS,ACTIVE,2025-09-26,27055.51
505312,108227,B018,CURRENT,ACTIVE,2024-05-28,297465.06
505313,106427,B009,SALARY,ACTIVE,2020-09-13,115545.45
505314,101818,B010,SAVINGS,ACTIVE,2019-09-27,8075.75
505315,101332,B002,SALARY,ACTIVE,2021-06-30,31071.2
505316,109080,B012,SAVINGS,ACTIVE,2024-03-13,14214.04
505317,102904,B020,SAVINGS,ACTIVE,2021-09-27,160777.21
505318,102062,B007,SAVINGS,ACTIVE,2019-09-29,56022.6
505319,102569,B007,SAVINGS,ACTIVE,2019-04-06,6945.78
505320,101069,B014,SALARY,ACTIVE,2021-07-08,38137.1
505321,105019,B010,SAVINGS,ACTIVE,2023-12-16,34748.33
505322,108781,B012,SAVINGS,ACTIVE,2024-01-01,37641.38
505323,105698,B007,SAVINGS,ACTIVE,2019-09-24,31336.56
505324,109231,B019,SALARY,ACTIVE,2023-08-31,88053.58
505325,109136,B008,SAVINGS,ACTIVE,2021-10-03,58840.33
505326,101642,B008,SALARY,ACTIVE,2019-12-30,33662.72
505327,104621,B020,SALARY,ACTIVE,2022-02-04,17747.29
505328,101782,B010,SALARY,ACTIVE,2023-07-30,25321.37
505329,106294,B015,SAVINGS,ACTIVE,2020-05-02,16955.75
505330,102929,B004,SAVINGS,ACTIVE,2024-12-30,11075.9
505331,100513,B006,SAVINGS,ACTIVE,2022-06-11,7319.88
505332,100604,B016,SAVINGS,ACTIVE,2025-10-31,42257.77
505333,105330,B006,SAVINGS,ACTIVE,2022-03-14,117883.87
505334,104194,B020,SAVINGS,ACTIVE,2024-02-01,42405.64
505335,108099,B002,SAVINGS,ACTIVE,2022-12-27,8769.56
505336,107186,B020,SAVINGS,ACTIVE,2026-02-05,9724.02
505337,109625,B014,CURRENT,ACTIVE,2026-01-10,61517.66
505338,100842,B010,SALARY,ACTIVE,2023-08-20,13294.02
505339,107596,B004,SAVINGS,ACTIVE,2022-05-11,24107.35
505340,103010,B011,SAVINGS,ACTIVE,2020-02-05,18822.78
505341,107090,B008,SAVINGS,ACTIVE,2020-04-27,5721.97
505342,103573,B006,SALARY,ACTIVE,2025-02-10,47217.82
505343,107926,B012,SAVINGS,ACTIVE,2026-05-03,15088.61
505344,109417,B020,SAVINGS,ACTIVE,2025-07-15,5201.52
505345,101595,B014,SAVINGS,ACTIVE,2025-11-03,30678.6
505346,107450,B003,SALARY,ACTIVE,2023-05-01,27245.66
505347,101299,B020,CURRENT,ACTIVE,2019-04-12,165175.52
505348,103689,B016,SAVINGS,ACTIVE,2022-10-30,25011.59
505349,106323,B016,SALARY,ACTIVE,2024-03-30,2638.95
505350,102064,B012,SAVINGS,CLOSED,2023-12-09,117104.39
505351,108509,B002,SAVINGS,ACTIVE,2022-10-22,51599.56
505352,108692,B013,CURRENT,ACTIVE,2024-07-13,12018.7
505353,107325,B013,SAVINGS,ACTIVE,2024-07-19,362180.67
505354,102850,B013,SALARY,ACTIVE,2020-04-11,16678.31
505355,108822,B008,SAVINGS,ACTIVE,2022-01-14,134126.32
505356,106248,B009,SAVINGS,ACTIVE,2025-10-04,33187.31
505357,107187,B012,SAVINGS,ACTIVE,2024-06-17,139556.14
505358,106914,B011,SAVINGS,ACTIVE,2023-03-05,12303.25
505359,101011,B017,CURRENT,ACTIVE,2019-10-28,21276.83
505360,107893,B014,SALARY,ACTIVE,2020-02-18,17774.75
505361,109139,B011,SAVINGS,ACTIVE,2021-01-08,6981.93
505362,106176,B020,SAVINGS,BLOCKED,2022-03-11,8507.45
505363,103756,B004,SALARY,ACTIVE,2023-11-14,3565.97
505364,104019,B009,CURRENT,ACTIVE,2026-01-15,64219.76
505365,107987,B006,SAVINGS,ACTIVE,2021-04-20,73804.11
505366,101488,B009,SAVINGS,ACTIVE,2024-07-06,92000.62
505367,107989,B004,SAVINGS,ACTIVE,2026-04-30,14345.65
505368,101998,B004,SAVINGS,ACTIVE,2019-02-27,5446.14
505369,105143,B013,SAVINGS,ACTIVE,2024-04-18,8064.11
505370,105869,B014,SAVINGS,ACTIVE,2021-09-07,41397.79
505371,109520,B010,SAVINGS,ACTIVE,2019-04-20,15483.49
505372,104856,B019,SAVINGS,ACTIVE,2022-03-13,6829.74
505373,105889,B010,SAVINGS,ACTIVE,2020-12-27,144145.51
505374,103823,B011,SAVINGS,ACTIVE,2019-02-12,11329.37
505375,108210,B005,SAVINGS,CLOSED,2024-07-20,135405.73
505376,105324,B005,SAVINGS,ACTIVE,2023-02-18,13398.16
505377,101434,B011,SAVINGS,ACTIVE,2026-03-01,14957.46
505378,108589,B010,CURRENT,ACTIVE,2025-10-03,23862.41
505379,109725,B006,SAVINGS,ACTIVE,2023-07-30,24143.73
505380,100425,B010,SAVINGS,ACTIVE,2026-01-02,48697.03
505381,104084,B006,SAVINGS,ACTIVE,2022-10-12,37701.01
505382,101374,B005,CURRENT,CLOSED,2021-07-03,83195.49
505383,105100,B007,SAVINGS,ACTIVE,2019-06-19,6527.39
505384,100013,B012,SALARY,ACTIVE,2022-05-13,9167.32
505385,101976,B013,CURRENT,ACTIVE,2024-07-05,72688.48
505386,103198,B013,SAVINGS,ACTIVE,2024-07-06,8913.54
505387,100609,B012,SAVINGS,ACTIVE,2020-04-18,22792.69
505388,101667,B006,SALARY,ACTIVE,2019-02-03,6593.72
505389,105791,B011,SALARY,ACTIVE,2024-06-18,69738.23
505390,102788,B010,SAVINGS,ACTIVE,2019-11-02,5154.13
505391,105449,B018,CURRENT,ACTIVE,2021-02-05,17021.78
505392,100754,B014,SAVINGS,ACTIVE,2024-03-16,8549.33
505393,108702,B009,SAVINGS,ACTIVE,2020-03-21,38600.68
505394,103446,B019,SAVINGS,ACTIVE,2022-04-05,40217.74
505395,101356,B015,SALARY,ACTIVE,2023-06-09,117130.95
505396,104000,B002,SAVINGS,ACTIVE,2019-12-26,36150.26
505397,103631,B001,SAVINGS,ACTIVE,2023-04-25,11568.58
505398,109261,B018,SAVINGS,ACTIVE,2021-11-13,30013.32
505399,101957,B011,SALARY,ACTIVE,2019-10-23,48674.24
505400,105711,B003,SALARY,ACTIVE,2024-11-16,67720.67
505401,101486,B003,SAVINGS,ACTIVE,2019-06-06,26324.66
505402,108453,B010,SAVINGS,ACTIVE,2022-07-06,75884.33
505403,108470,B008,CURRENT,ACTIVE,2023-08-20,24725.85
505404,106241,B018,SAVINGS,ACTIVE,2019-04-16,8077.34
505405,105282,B011,SAVINGS,ACTIVE,2022-09-27,9291.91
505406,104469,B019,SAVINGS,ACTIVE,2024-08-16,21860.67
505407,109899,B004,SAVINGS,ACTIVE,2020-11-30,21091.78
505408,108915,B016,SAVINGS,BLOCKED,2020-06-25,25624.83
505409,106210,B002,CURRENT,ACTIVE,2020-07-29,152835.91
505410,107728,B002,SAVINGS,ACTIVE,2024-02-26,30410.08
505411,106411,B004,SALARY,ACTIVE,2023-07-02,67775.17
505412,100275,B007,SAVINGS,ACTIVE,2019-10-16,44011.12
505413,105567,B008,SAVINGS,ACTIVE,2026-01-28,56933.26
505414,102202,B004,SAVINGS,ACTIVE,2024-04-24,9163.19
505415,105800,B002,SAVINGS,ACTIVE,2025-02-05,40213.75
505416,109989,B011,SAVINGS,ACTIVE,2021-08-18,133746.13
505417,103988,B002,SAVINGS,ACTIVE,2023-02-18,13503.3
505418,107696,B008,SAVINGS,ACTIVE,2020-03-19,14242.79
505419,109781,B007,SAVINGS,BLOCKED,2023-05-01,16109.71
505420,104129,B019,SAVINGS,ACTIVE,2024-01-11,66693.36
505421,107152,B003,SAVINGS,ACTIVE,2020-01-05,11259.97
505422,105916,B005,SAVINGS,ACTIVE,2024-10-21,16131.41
505423,102430,B019,SAVINGS,ACTIVE,2020-01-01,14305.02
505424,107716,B017,SAVINGS,ACTIVE,2019-12-06,9635.48
505425,103776,B017,SAVINGS,BLOCKED,2019-01-27,5937.13
505426,103920,B008,SAVINGS,ACTIVE,2025-12-05,24626.83
505427,100921,B009,SALARY,ACTIVE,2020-04-03,72134.48
505428,100445,B018,SAVINGS,ACTIVE,2024-02-17,5158.21
505429,102779,B004,CURRENT,ACTIVE,2022-05-17,32285.39
505430,106175,B006,SAVINGS,BLOCKED,2021-06-02,260934.27
505431,109333,B004,SAVINGS,ACTIVE,2025-05-10,14684.01
505432,101164,B009,SAVINGS,CLOSED,2020-10-05,40456.33
505433,103579,B003,CURRENT,ACTIVE,2019-12-04,40304.64
505434,102424,B008,SALARY,ACTIVE,2020-05-20,9755.67
505435,105112,B008,SAVINGS,ACTIVE,2023-11-22,29170.32
505436,105193,B016,SAVINGS,ACTIVE,2020-03-06,5644.47
505437,108670,B006,SAVINGS,ACTIVE,2022-11-19,25283.97
505438,107969,B013,SALARY,ACTIVE,2024-07-05,229653.5
505439,104616,B012,SAVINGS,ACTIVE,2022-07-10,315742.86
505440,102247,B019,SAVINGS,ACTIVE,2020-04-22,5327.41
505441,105820,B007,SALARY,ACTIVE,2023-01-12,6786.13
505442,101924,B004,SAVINGS,ACTIVE,2019-01-14,75734.64
505443,109972,B002,SAVINGS,ACTIVE,2025-08-15,25507.96
505444,104248,B020,SAVINGS,ACTIVE,2020-09-03,58402.94
505445,104267,B007,CURRENT,ACTIVE,2021-02-09,38287.94
505446,101366,B002,SAVINGS,ACTIVE,2023-06-17,12547.65
505447,106717,B004,SAVINGS,ACTIVE,2023-12-17,130081.56
505448,102500,B011,SAVINGS,ACTIVE,2024-02-17,4704.83
505449,102932,B011,SAVINGS,ACTIVE,2024-04-18,19409.82
505450,103006,B005,SAVINGS,ACTIVE,2023-01-04,22046.15
505451,102390,B011,SAVINGS,ACTIVE,2023-01-27,9341.33
505452,107806,B010,SALARY,ACTIVE,2023-01-21,16950.89
505453,108839,B003,SAVINGS,ACTIVE,2019-06-28,34043.49
505454,106633,B016,SAVINGS,ACTIVE,2019-10-13,34197.02
505455,109485,B002,SAVINGS,ACTIVE,2024-12-29,64458.76
505456,103621,B010,SALARY,ACTIVE,2025-01-08,237059.45
505457,108870,B013,SALARY,ACTIVE,2024-06-30,31822.69
505458,109465,B018,CURRENT,ACTIVE,2022-07-16,22341.47
505459,100907,B005,SAVINGS,ACTIVE,2022-01-01,22755.75
505460,102761,B015,SAVINGS,ACTIVE,2022-11-23,6014.08
505461,105179,B012,CURRENT,ACTIVE,2023-04-19,54743.01
505462,105081,B011,SAVINGS,ACTIVE,2019-07-02,15074.18
505463,106038,B015,SAVINGS,ACTIVE,2025-05-05,143689.24
505464,106192,B019,SALARY,ACTIVE,2022-07-20,12027.62
505465,101178,B012,CURRENT,BLOCKED,2022-03-16,32612.2
505466,109557,B017,SALARY,ACTIVE,2025-05-24,95947.44
505467,100107,B016,SAVINGS,ACTIVE,2024-05-12,31891.13
505468,108552,B020,SAVINGS,ACTIVE,2024-04-23,43042.69
505469,105005,B015,SAVINGS,ACTIVE,2024-01-22,60859.47
505470,103738,B011,SAVINGS,ACTIVE,2021-01-31,13421.24
505471,104426,B011,SAVINGS,ACTIVE,2025-01-02,235865.83
505472,105015,B019,CURRENT,ACTIVE,2020-06-15,3994.03
505473,100066,B001,SALARY,ACTIVE,2024-10-31,23325.04
505474,104569,B003,SAVINGS,ACTIVE,2026-03-05,23142.94
505475,109664,B008,SALARY,ACTIVE,2025-04-17,83941.68
505476,103051,B019,SAVINGS,ACTIVE,2025-08-14,20278.58
505477,103442,B020,SAVINGS,ACTIVE,2022-03-16,6094.69
505478,104810,B011,SAVINGS,ACTIVE,2020-12-19,28337.72
505479,109482,B015,SAVINGS,ACTIVE,2025-11-22,44081.28
505480,100890,B001,SALARY,BLOCKED,2025-07-17,12596.42
505481,102977,B004,SAVINGS,CLOSED,2019-11-20,10435.09
505482,100546,B017,SALARY,ACTIVE,2026-05-17,24177.64
505483,100965,B014,SAVINGS,ACTIVE,2021-04-21,6706.77
505484,100691,B018,SAVINGS,ACTIVE,2025-06-10,41308.02
505485,103318,B018,CURRENT,ACTIVE,2023-03-24,19986.8
505486,101357,B012,SAVINGS,ACTIVE,2024-06-02,15153.49
505487,107755,B020,SAVINGS,ACTIVE,2025-05-08,91785.31
505488,102840,B009,SAVINGS,ACTIVE,2020-07-23,63105.23
505489,104316,B013,CURRENT,ACTIVE,2022-02-27,7570.61
505490,106394,B018,SAVINGS,CLOSED,2020-11-30,19564.63
505491,103427,B016,SAVINGS,CLOSED,2020-03-30,20851.56
505492,108413,B002,SAVINGS,ACTIVE,2022-11-15,78487.63
505493,106562,B020,SAVINGS,ACTIVE,2022-12-13,27438.89
505494,107811,B017,SAVINGS,ACTIVE,2022-12-28,31594.19
505495,106777,B015,SAVINGS,ACTIVE,2020-07-30,25702.49
505496,103265,B015,SAVINGS,CLOSED,2021-10-26,49915.45
505497,105863,B004,SAVINGS,ACTIVE,2025-07-13,4577.43
505498,100435,B013,SAVINGS,ACTIVE,2020-12-25,102884.3
505499,101884,B001,SAVINGS,ACTIVE,2024-10-08,32959.88
505500,100544,B012,SAVINGS,BLOCKED,2019-09-26,6842.93
505501,100750,B012,CURRENT,CLOSED,2025-08-28,5575.09
505502,107979,B006,SAVINGS,ACTIVE,2019-08-22,29828.57
505503,102019,B004,SAVINGS,ACTIVE,2022-04-02,20594.15
505504,108718,B004,SAVINGS,ACTIVE,2023-11-18,19628.91
505505,109511,B013,SAVINGS,ACTIVE,2022-04-07,31092.9
505506,109318,B012,SAVINGS,ACTIVE,2023-04-06,63178.18
505507,105945,B006,CURRENT,ACTIVE,2023-12-10,12114.31
505508,109665,B008,SALARY,ACTIVE,2026-01-26,2738.25
505509,101138,B010,SAVINGS,ACTIVE,2020-01-19,28224.7
505510,108488,B006,SAVINGS,ACTIVE,2021-06-17,27913.97
505511,101113,B013,SAVINGS,ACTIVE,2022-04-01,31566.03
505512,103550,B012,SAVINGS,ACTIVE,2024-02-27,14007.96
505513,103226,B009,SALARY,ACTIVE,2022-10-08,29343.26
505514,104747,B011,SAVINGS,ACTIVE,2019-01-09,115049.99
505515,106626,B014,SALARY,ACTIVE,2022-06-19,15524.68
505516,108325,B007,SAVINGS,ACTIVE,2024-12-08,15276.43
505517,105916,B007,SAVINGS,ACTIVE,2025-05-14,30332.94
505518,108982,B013,SAVINGS,ACTIVE,2020-11-15,83783.73
505519,105982,B011,SAVINGS,ACTIVE,2023-12-12,10918.93
505520,103611,B001,SAVINGS,ACTIVE,2026-01-03,34451.97
505521,105608,B019,SAVINGS,ACTIVE,2019-12-30,7702.58
505522,106284,B019,SAVINGS,ACTIVE,2019-01-08,99367.73
505523,104925,B012,SALARY,ACTIVE,2021-08-06,7751.61
505524,101789,B003,SAVINGS,ACTIVE,2019-04-21,9620.55
505525,102892,B020,SAVINGS,ACTIVE,2021-09-09,12286.81
505526,100019,B018,SAVINGS,ACTIVE,2025-10-23,22849.24
505527,105919,B012,SAVINGS,ACTIVE,2021-12-28,5170.23
505528,103554,B010,CURRENT,ACTIVE,2025-12-31,105678.1
505529,107867,B015,SAVINGS,ACTIVE,2022-12-16,23750.44
505530,109212,B016,SAVINGS,ACTIVE,2020-01-20,16748.95
505531,109895,B011,SAVINGS,ACTIVE,2022-08-24,30436.73
505532,106558,B013,SAVINGS,ACTIVE,2019-03-08,53392.66
505533,109512,B014,CURRENT,ACTIVE,2021-11-06,11747.86
505534,108947,B011,SAVINGS,ACTIVE,2026-01-29,104621.99
505535,109532,B012,SAVINGS,ACTIVE,2023-04-28,23895.99
505536,103589,B018,SAVINGS,ACTIVE,2022-11-13,9278.78
505537,102970,B005,SAVINGS,ACTIVE,2024-10-03,4770.87
505538,100474,B004,SALARY,ACTIVE,2023-12-11,13615.27
505539,105691,B005,SAVINGS,ACTIVE,2021-01-06,4365.72
505540,103590,B020,SAVINGS,ACTIVE,2023-09-18,5589.54
505541,108419,B017,SALARY,ACTIVE,2022-09-27,9298.52
505542,104287,B017,SALARY,ACTIVE,2019-12-09,129015.24
505543,101948,B016,SAVINGS,ACTIVE,2025-10-25,112716.62
505544,106719,B019,SAVINGS,ACTIVE,2021-09-14,29302.66
505545,102669,B012,SALARY,ACTIVE,2021-11-07,12953.82
505546,109670,B020,SAVINGS,ACTIVE,2020-02-22,65757.7
505547,105603,B001,CURRENT,ACTIVE,2023-03-26,37389.17
505548,103106,B004,SAVINGS,ACTIVE,2024-09-03,38970.04
505549,106073,B014,SAVINGS,ACTIVE,2026-05-13,35097.78
505550,107571,B020,SAVINGS,ACTIVE,2020-09-13,81126.8
505551,103544,B006,SAVINGS,ACTIVE,2021-03-17,15035.92
505552,108866,B012,SAVINGS,ACTIVE,2024-07-11,31208.62
505553,101011,B003,SAVINGS,ACTIVE,2022-04-21,44196.47
505554,102481,B012,CURRENT,ACTIVE,2023-11-20,9656.93
505555,101691,B017,CURRENT,ACTIVE,2020-05-29,134301.26
505556,107806,B006,SAVINGS,ACTIVE,2020-09-13,11321.93
505557,104238,B012,SAVINGS,ACTIVE,2023-04-07,21037.8
505558,109545,B004,SAVINGS,ACTIVE,2025-11-18,30937.82
505559,102607,B008,SAVINGS,ACTIVE,2021-06-05,23003.32
505560,107774,B004,SALARY,ACTIVE,2020-10-29,7863.7
505561,106868,B007,SAVINGS,ACTIVE,2023-04-21,40739.74
505562,103974,B001,SAVINGS,ACTIVE,2022-12-31,7241.22
505563,109214,B002,SALARY,ACTIVE,2025-03-01,53391.37
505564,105831,B008,SAVINGS,ACTIVE,2021-03-23,193087.73
505565,104604,B002,SAVINGS,ACTIVE,2024-05-23,50845.57
505566,107456,B017,SAVINGS,ACTIVE,2025-08-10,17072.12
505567,109046,B001,CURRENT,ACTIVE,2025-03-13,139563.45
505568,108080,B015,SAVINGS,ACTIVE,2019-10-14,7331.75
505569,101430,B009,SALARY,ACTIVE,2025-06-21,14690.57
505570,107085,B001,SAVINGS,ACTIVE,2020-05-16,74511.01
505571,105400,B003,SAVINGS,ACTIVE,2022-03-11,35367.66
505572,109778,B017,SALARY,ACTIVE,2025-09-02,53164.22
505573,108864,B019,SAVINGS,ACTIVE,2022-10-25,11123.97
505574,108617,B012,SAVINGS,ACTIVE,2025-04-09,6443.35
505575,101316,B003,SAVINGS,ACTIVE,2024-01-27,20867.74
505576,102151,B006,SAVINGS,ACTIVE,2024-07-16,17185.43
505577,108891,B006,SAVINGS,ACTIVE,2024-12-08,32090.1
505578,109995,B010,SAVINGS,ACTIVE,2026-04-14,72593.17
505579,107572,B006,SAVINGS,ACTIVE,2022-09-28,13131.1
505580,107044,B001,SAVINGS,ACTIVE,2019-10-21,19873.33
505581,105075,B007,SAVINGS,ACTIVE,2020-05-22,40746.19
505582,109132,B009,SALARY,ACTIVE,2020-01-18,2772.15
505583,100849,B016,SAVINGS,ACTIVE,2020-03-14,61548.57
505584,104974,B006,SAVINGS,ACTIVE,2019-05-17,3396.19
505585,101065,B003,SALARY,ACTIVE,2020-05-26,8677.43
505586,108936,B013,SAVINGS,ACTIVE,2022-05-30,160766.53
505587,104015,B017,SAVINGS,ACTIVE,2024-02-21,44367.37
505588,109847,B016,SAVINGS,ACTIVE,2023-10-07,63830.8
505589,100652,B006,CURRENT,ACTIVE,2023-07-25,10044.94
505590,108225,B011,SAVINGS,ACTIVE,2022-12-28,14505.1
505591,102211,B005,SALARY,ACTIVE,2020-05-06,18031.18
505592,107979,B013,SAVINGS,ACTIVE,2019-01-31,42012.09
505593,107998,B019,SALARY,ACTIVE,2022-12-08,58152.66
505594,102160,B020,SAVINGS,ACTIVE,2025-05-28,50404.94
505595,104075,B002,SALARY,ACTIVE,2020-12-18,31162.44
505596,101353,B015,SAVINGS,ACTIVE,2023-01-11,28761.57
505597,106303,B015,SAVINGS,ACTIVE,2021-06-03,24160.89
505598,107695,B004,SAVINGS,ACTIVE,2020-01-06,16863.51
505599,100445,B014,CURRENT,ACTIVE,2021-05-15,5239.38
505600,107065,B020,SAVINGS,ACTIVE,2020-08-07,15702.1
505601,102809,B009,CURRENT,ACTIVE,2019-11-23,168060.51
505602,106244,B005,SAVINGS,ACTIVE,2022-04-25,19475.8
505603,109356,B012,SAVINGS,ACTIVE,2019-09-23,18584.69
505604,104465,B010,SAVINGS,ACTIVE,2022-08-08,20082.32
505605,107123,B006,SAVINGS,ACTIVE,2023-05-17,15609.58
505606,100650,B017,SAVINGS,ACTIVE,2023-11-21,19651.03
505607,100497,B013,SAVINGS,ACTIVE,2024-08-13,10391.16
505608,105709,B011,SAVINGS,ACTIVE,2022-01-19,30857.17
505609,106321,B009,SALARY,ACTIVE,2021-09-26,55554.57
505610,105324,B017,SAVINGS,ACTIVE,2025-05-19,9457.14
505611,107049,B010,SAVINGS,ACTIVE,2024-02-18,62631.09
505612,107174,B013,SAVINGS,ACTIVE,2024-06-20,39550.87
505613,109637,B007,SAVINGS,ACTIVE,2025-09-15,6779.94
505614,100893,B016,SAVINGS,ACTIVE,2023-12-09,71700.01
505615,104095,B005,SAVINGS,CLOSED,2021-05-08,37064.72
505616,104026,B008,SAVINGS,ACTIVE,2025-07-18,8951.58
505617,105417,B005,SAVINGS,ACTIVE,2020-04-24,19827.46
505618,104206,B020,SAVINGS,ACTIVE,2025-09-05,78276.64
505619,107467,B008,SAVINGS,ACTIVE,2025-09-01,30705.73
505620,104645,B010,SAVINGS,ACTIVE,2024-10-11,15291.74
505621,103813,B019,SAVINGS,ACTIVE,2022-07-15,33930.71
505622,100342,B011,SAVINGS,ACTIVE,2020-10-31,13645.85
505623,103540,B012,SAVINGS,ACTIVE,2024-12-26,19942.65
505624,105853,B010,SALARY,ACTIVE,2020-07-08,25481.62
505625,109877,B005,SALARY,ACTIVE,2025-04-23,156572.84
505626,101930,B003,CURRENT,ACTIVE,2020-02-14,11623.15
505627,107519,B015,CURRENT,ACTIVE,2021-03-25,98262.78
505628,109122,B003,SALARY,ACTIVE,2020-10-27,1373.9
505629,105080,B009,SAVINGS,ACTIVE,2024-02-19,22514.11
505630,106320,B001,SALARY,ACTIVE,2026-02-23,37715.69
505631,101990,B009,SAVINGS,ACTIVE,2020-05-10,66491.49
505632,108311,B016,SAVINGS,ACTIVE,2023-12-16,46294.72
505633,106606,B008,SAVINGS,ACTIVE,2020-02-21,1308.44
505634,104919,B004,CURRENT,ACTIVE,2021-04-06,104228.69
505635,106606,B015,CURRENT,ACTIVE,2019-03-25,8904.27
505636,103710,B016,SAVINGS,ACTIVE,2023-03-05,10305.41
505637,101933,B020,SAVINGS,ACTIVE,2023-08-26,4765.84
505638,102582,B019,SAVINGS,ACTIVE,2022-04-26,48872.86
505639,100300,B015,SAVINGS,ACTIVE,2026-05-13,43781.88
505640,103963,B005,SALARY,ACTIVE,2023-03-12,17423.75
505641,104521,B017,SAVINGS,CLOSED,2023-04-29,8034.82
505642,109208,B004,SAVINGS,ACTIVE,2022-02-01,34188.29
505643,104248,B006,SAVINGS,ACTIVE,2021-03-06,4003.05
505644,109252,B018,SAVINGS,ACTIVE,2023-12-11,624309.73
505645,101257,B006,SAVINGS,ACTIVE,2021-08-02,29885.29
505646,109394,B020,SAVINGS,ACTIVE,2025-07-03,122502.0
505647,104180,B010,SAVINGS,ACTIVE,2020-06-21,58534.58
505648,107661,B017,SAVINGS,ACTIVE,2025-08-03,21393.02
505649,102378,B006,SAVINGS,ACTIVE,2022-03-19,12329.68
505650,101788,B007,SAVINGS,ACTIVE,2025-04-08,77571.74
505651,105688,B014,CURRENT,ACTIVE,2022-11-12,27496.77
505652,107177,B011,SAVINGS,ACTIVE,2021-03-31,83369.78
505653,102635,B006,SAVINGS,ACTIVE,2023-06-15,23964.85
505654,103354,B006,SAVINGS,ACTIVE,2026-05-11,182581.82
505655,104243,B005,SAVINGS,ACTIVE,2025-03-31,44314.86
505656,104252,B011,SAVINGS,ACTIVE,2024-10-04,11524.19
505657,109888,B004,CURRENT,BLOCKED,2022-10-22,79733.8
505658,104615,B009,SALARY,ACTIVE,2025-01-17,37778.58
505659,107635,B012,SAVINGS,ACTIVE,2026-02-26,14742.96
505660,102561,B017,SAVINGS,ACTIVE,2022-10-19,18782.97
505661,106775,B004,SAVINGS,ACTIVE,2021-08-23,11336.55
505662,102083,B019,SAVINGS,CLOSED,2023-05-30,11649.49
505663,107153,B019,SALARY,ACTIVE,2019-11-08,55855.23
505664,101037,B007,SAVINGS,ACTIVE,2025-03-05,134915.98
505665,103008,B013,SALARY,ACTIVE,2025-08-30,42725.17
505666,104412,B020,SAVINGS,ACTIVE,2020-01-30,22933.79
505667,109302,B016,SAVINGS,ACTIVE,2025-11-05,21265.14
505668,105920,B018,SAVINGS,ACTIVE,2022-04-18,35009.09
505669,101941,B020,SAVINGS,ACTIVE,2019-12-22,41761.84
505670,108824,B017,CURRENT,ACTIVE,2024-01-11,8611.88
505671,107935,B017,SAVINGS,ACTIVE,2025-08-08,20623.97
505672,100177,B020,SAVINGS,ACTIVE,2021-11-29,40751.44
505673,101333,B014,SAVINGS,ACTIVE,2025-09-29,9634.63
505674,100454,B005,CURRENT,CLOSED,2025-05-14,142021.43
505675,102321,B006,SALARY,ACTIVE,2023-05-03,514846.61
505676,107435,B011,SAVINGS,ACTIVE,2023-12-04,88096.44
505677,101750,B020,SALARY,ACTIVE,2026-04-07,9875.66
505678,107905,B020,SAVINGS,ACTIVE,2025-02-16,50552.41
505679,104044,B015,CURRENT,ACTIVE,2020-07-16,53930.87
505680,100344,B012,SAVINGS,ACTIVE,2025-01-27,12144.83
505681,105545,B001,SAVINGS,ACTIVE,2024-01-17,13607.38
505682,107617,B001,SALARY,ACTIVE,2023-05-16,10971.21
505683,103511,B004,SAVINGS,ACTIVE,2024-12-16,17314.26
505684,105593,B016,SAVINGS,ACTIVE,2024-10-18,7232.74
505685,108110,B020,SAVINGS,ACTIVE,2021-07-27,15121.19
505686,103196,B019,SALARY,ACTIVE,2025-06-13,55398.4
505687,103740,B018,SAVINGS,ACTIVE,2024-08-04,10730.02
505688,106528,B011,SAVINGS,ACTIVE,2026-05-02,76240.46
505689,109288,B001,SAVINGS,ACTIVE,2019-09-29,8443.36
505690,103071,B016,SAVINGS,ACTIVE,2024-08-12,57097.51
505691,102201,B020,SAVINGS,ACTIVE,2022-12-07,49084.14
505692,104403,B008,SAVINGS,ACTIVE,2023-04-17,26317.96
505693,100654,B018,SALARY,ACTIVE,2019-03-07,19243.2
505694,104876,B019,CURRENT,ACTIVE,2024-02-02,29152.75
505695,103401,B020,SALARY,ACTIVE,2025-03-09,65356.32
505696,102940,B001,SAVINGS,ACTIVE,2023-03-22,9306.27
505697,102761,B017,SAVINGS,ACTIVE,2022-04-23,27332.41
505698,103283,B008,SAVINGS,ACTIVE,2020-08-17,16667.75
505699,103169,B011,SAVINGS,ACTIVE,2021-09-04,29730.23
505700,108910,B010,SAVINGS,ACTIVE,2019-09-18,18681.62
505701,101474,B013,SALARY,ACTIVE,2022-10-18,67046.32
505702,104080,B015,SAVINGS,ACTIVE,2026-05-07,5758.19
505703,103527,B016,CURRENT,ACTIVE,2019-03-28,20717.58
505704,102772,B005,SAVINGS,ACTIVE,2026-03-03,28038.26
505705,101580,B005,SAVINGS,ACTIVE,2021-04-16,9903.36
505706,105064,B002,SALARY,ACTIVE,2021-04-04,4804.92
505707,105186,B012,SALARY,ACTIVE,2021-12-28,72847.61
505708,101341,B018,SAVINGS,ACTIVE,2024-01-25,17354.24
505709,109870,B018,SAVINGS,ACTIVE,2025-02-21,10154.68
505710,105646,B006,SAVINGS,ACTIVE,2022-03-31,30959.4
505711,107644,B011,SAVINGS,ACTIVE,2022-08-06,13555.27
505712,108408,B014,SAVINGS,ACTIVE,2019-11-20,12638.92
505713,102648,B018,SALARY,ACTIVE,2021-03-07,22187.95
505714,104809,B014,SAVINGS,ACTIVE,2025-06-17,17785.99
505715,108031,B008,SAVINGS,ACTIVE,2025-04-30,110340.47
505716,100157,B020,SALARY,ACTIVE,2021-07-15,39983.89
505717,102837,B009,SAVINGS,ACTIVE,2023-09-07,10514.86
505718,109033,B020,SALARY,ACTIVE,2024-09-30,112145.32
505719,106631,B002,SALARY,ACTIVE,2022-08-28,19770.53
505720,107510,B001,SAVINGS,ACTIVE,2026-02-05,161305.07
505721,104989,B020,SAVINGS,ACTIVE,2022-02-21,9455.17
505722,109685,B003,SAVINGS,ACTIVE,2024-06-03,14029.94
505723,106609,B016,SAVINGS,ACTIVE,2020-10-09,4993.02
505724,108058,B004,CURRENT,ACTIVE,2021-01-06,14047.52
505725,105582,B007,SAVINGS,ACTIVE,2025-10-21,1343599.04
505726,108605,B016,SAVINGS,ACTIVE,2020-10-07,20571.91
505727,106965,B006,CURRENT,ACTIVE,2025-02-09,49170.53
505728,109152,B014,SAVINGS,ACTIVE,2024-04-23,13043.3
505729,100635,B001,SAVINGS,ACTIVE,2024-07-07,22452.02
505730,102542,B006,SAVINGS,CLOSED,2021-08-04,30067.54
505731,103860,B008,SAVINGS,ACTIVE,2020-03-03,68411.03
505732,109854,B011,SALARY,ACTIVE,2024-12-17,19148.2
505733,102764,B005,SALARY,ACTIVE,2024-10-07,85245.28
505734,102538,B014,CURRENT,ACTIVE,2025-11-16,12008.89
505735,105939,B003,SAVINGS,ACTIVE,2022-08-19,23339.74
505736,109763,B007,SAVINGS,BLOCKED,2024-05-21,17944.71
505737,109871,B002,SAVINGS,ACTIVE,2019-12-06,41184.56
505738,107951,B013,SALARY,ACTIVE,2025-04-17,37600.84
505739,108061,B020,SAVINGS,ACTIVE,2020-07-29,154791.81
505740,107328,B004,SAVINGS,ACTIVE,2026-04-24,76928.25
505741,104052,B011,SAVINGS,ACTIVE,2020-05-07,28752.29
505742,102301,B013,SAVINGS,ACTIVE,2025-05-18,15481.46
505743,106386,B003,CURRENT,ACTIVE,2026-02-09,19300.49
505744,103067,B016,SAVINGS,ACTIVE,2023-05-25,13948.44
505745,109098,B012,CURRENT,ACTIVE,2022-12-07,24563.14
505746,101549,B015,SAVINGS,ACTIVE,2020-01-26,113031.03
505747,108495,B016,SAVINGS,ACTIVE,2023-06-01,91302.4
505748,102954,B002,SAVINGS,ACTIVE,2021-06-05,134259.95
505749,105997,B013,SALARY,ACTIVE,2023-06-13,8667.99
505750,109199,B006,CURRENT,ACTIVE,2021-03-23,74964.57
505751,102120,B006,SAVINGS,ACTIVE,2025-08-07,10596.99
505752,104591,B020,CURRENT,ACTIVE,2021-04-15,42353.72
505753,105628,B014,SAVINGS,ACTIVE,2023-10-07,19847.15
505754,109573,B006,SAVINGS,ACTIVE,2024-05-06,46081.59
505755,100336,B005,SAVINGS,ACTIVE,2024-02-21,109014.02
505756,105917,B002,SALARY,ACTIVE,2020-06-13,21307.9
505757,109773,B003,SAVINGS,ACTIVE,2025-03-26,12900.18
505758,100163,B006,SAVINGS,BLOCKED,2026-04-23,14156.97
505759,103683,B010,SALARY,ACTIVE,2022-12-05,99596.88
505760,103377,B014,SAVINGS,ACTIVE,2024-03-02,39311.13
505761,100760,B006,CURRENT,ACTIVE,2024-01-14,9458.5
505762,103414,B020,SAVINGS,ACTIVE,2020-04-04,41259.58
505763,104844,B005,SALARY,ACTIVE,2023-09-12,63956.33
505764,104259,B017,SAVINGS,ACTIVE,2022-03-21,558340.05
505765,105580,B004,SAVINGS,ACTIVE,2026-02-04,8017.77
505766,106701,B013,SAVINGS,ACTIVE,2021-03-13,30452.63
505767,104306,B003,SAVINGS,ACTIVE,2023-12-29,12405.51
505768,102682,B011,SAVINGS,ACTIVE,2019-11-21,106381.32
505769,109146,B011,SAVINGS,CLOSED,2019-11-10,14072.98
505770,104067,B001,SAVINGS,ACTIVE,2022-06-30,14686.38
505771,109473,B004,SALARY,ACTIVE,2025-05-29,40617.52
505772,109978,B009,SAVINGS,ACTIVE,2022-08-28,16539.75
505773,106326,B014,SALARY,CLOSED,2020-09-23,119228.26
505774,103625,B006,SAVINGS,ACTIVE,2024-10-16,258156.03
505775,109777,B013,SAVINGS,ACTIVE,2023-09-16,7762.44
505776,105048,B006,SAVINGS,ACTIVE,2020-11-11,64678.46
505777,103559,B003,SAVINGS,ACTIVE,2025-11-19,94492.53
505778,105135,B008,SALARY,ACTIVE,2023-12-08,14706.73
505779,107119,B005,SAVINGS,ACTIVE,2024-03-29,58422.46
505780,101952,B019,SAVINGS,ACTIVE,2023-06-05,104383.86
505781,101975,B006,SAVINGS,ACTIVE,2020-09-20,12272.86
505782,104956,B009,SAVINGS,ACTIVE,2022-04-27,12376.73
505783,106314,B016,SAVINGS,ACTIVE,2024-08-13,20941.95
505784,102213,B006,SAVINGS,ACTIVE,2026-01-08,26481.1
505785,100851,B010,SAVINGS,ACTIVE,2022-10-24,15535.19
505786,101078,B013,SAVINGS,ACTIVE,2025-12-13,240984.46
505787,100473,B017,SAVINGS,ACTIVE,2020-05-03,34345.41
505788,108081,B016,SAVINGS,ACTIVE,2023-04-30,14775.73
505789,106035,B017,SALARY,ACTIVE,2022-08-04,54705.65
505790,107146,B003,SAVINGS,ACTIVE,2019-09-04,14506.62
505791,105111,B015,SAVINGS,CLOSED,2022-12-22,11231.81
505792,102703,B011,SAVINGS,ACTIVE,2025-10-25,39643.79
505793,104140,B011,SALARY,ACTIVE,2026-02-10,5214.94
505794,101346,B016,SAVINGS,ACTIVE,2021-11-28,21576.51
505795,103715,B009,CURRENT,ACTIVE,2022-03-25,8576.36
505796,109831,B005,SAVINGS,CLOSED,2025-03-08,44424.49
505797,109368,B019,SAVINGS,ACTIVE,2022-09-02,22075.05
505798,109167,B012,SALARY,ACTIVE,2024-04-20,22300.88
505799,107279,B009,SAVINGS,ACTIVE,2023-01-31,5780.4
505800,103619,B001,SALARY,ACTIVE,2019-10-25,92303.13
505801,107672,B016,SALARY,BLOCKED,2022-12-23,19530.45
505802,106449,B007,CURRENT,ACTIVE,2025-01-26,19272.65
505803,107315,B017,SAVINGS,ACTIVE,2021-05-30,4107.83
505804,102874,B010,CURRENT,ACTIVE,2021-05-18,106542.79
505805,108099,B017,SALARY,ACTIVE,2021-04-09,19353.21
505806,103760,B011,SAVINGS,ACTIVE,2025-05-09,18787.43
505807,106362,B011,SALARY,ACTIVE,2026-05-06,150429.44
505808,105389,B014,SALARY,ACTIVE,2024-08-31,10674.27
505809,102792,B016,SAVINGS,ACTIVE,2024-09-19,28985.01
505810,102691,B017,SAVINGS,ACTIVE,2022-09-29,76070.59
505811,104605,B020,CURRENT,ACTIVE,2023-11-14,31939.49
505812,100867,B015,SAVINGS,ACTIVE,2019-05-07,26306.82
505813,100164,B002,SAVINGS,ACTIVE,2022-02-08,43233.05
505814,107200,B001,SALARY,ACTIVE,2025-10-05,42888.29
505815,108967,B005,SAVINGS,ACTIVE,2020-02-29,21569.26
505816,101912,B006,SAVINGS,ACTIVE,2025-10-05,51380.09
505817,100209,B012,SALARY,ACTIVE,2025-03-04,80976.04
505818,103005,B018,SAVINGS,ACTIVE,2026-03-22,20493.72
505819,107501,B008,SAVINGS,ACTIVE,2019-09-08,60830.76
505820,109557,B016,CURRENT,ACTIVE,2025-10-22,294456.87
505821,103684,B008,SAVINGS,ACTIVE,2023-08-30,68258.87
505822,106028,B019,SAVINGS,ACTIVE,2022-07-05,25444.81
505823,109663,B012,SAVINGS,ACTIVE,2024-11-23,9539.67
505824,102280,B008,SALARY,BLOCKED,2025-04-16,15961.91
505825,101618,B018,SAVINGS,ACTIVE,2020-05-19,11250.38
505826,102855,B017,CURRENT,ACTIVE,2023-03-30,17911.39
505827,107633,B006,SAVINGS,ACTIVE,2020-07-18,113712.85
505828,102238,B012,SAVINGS,ACTIVE,2024-05-25,106494.34
505829,100453,B012,SALARY,ACTIVE,2023-01-28,216704.25
505830,108698,B011,SALARY,ACTIVE,2019-10-03,11753.6
505831,107986,B011,SALARY,ACTIVE,2025-11-09,22512.14
505832,108005,B020,SALARY,ACTIVE,2024-03-22,4113.34
505833,106286,B013,SAVINGS,ACTIVE,2022-01-18,80581.26
505834,105482,B010,CURRENT,ACTIVE,2020-01-16,202937.51
505835,102179,B018,SAVINGS,ACTIVE,2021-07-06,8861.47
505836,101290,B012,SALARY,CLOSED,2020-11-28,265853.79
505837,106255,B019,SAVINGS,ACTIVE,2023-12-28,37630.7
505838,107386,B015,SAVINGS,ACTIVE,2021-01-24,68363.32
505839,108334,B006,SAVINGS,ACTIVE,2022-10-01,7715.33
505840,108489,B014,SAVINGS,ACTIVE,2020-12-02,55559.16
505841,107000,B015,CURRENT,ACTIVE,2019-05-10,107122.9
505842,105276,B005,SAVINGS,ACTIVE,2019-09-12,12670.73
505843,104586,B011,SAVINGS,ACTIVE,2021-04-07,44836.14
505844,102111,B006,SAVINGS,ACTIVE,2022-05-31,38396.61
505845,102841,B013,SALARY,ACTIVE,2021-08-21,29131.22
505846,106946,B001,SAVINGS,ACTIVE,2024-10-07,130915.15
505847,106073,B003,SAVINGS,ACTIVE,2024-03-01,28059.76
505848,103267,B009,SALARY,ACTIVE,2024-07-02,67143.34
505849,103637,B014,SAVINGS,BLOCKED,2021-01-06,93743.32
505850,109167,B012,CURRENT,ACTIVE,2020-09-27,3725.93
505851,104090,B013,SAVINGS,ACTIVE,2022-07-30,25983.41
505852,108303,B008,SAVINGS,CLOSED,2021-09-29,15250.53
505853,104399,B003,SALARY,ACTIVE,2020-10-22,17964.5
505854,104063,B012,SAVINGS,ACTIVE,2023-08-13,12779.83
505855,105937,B010,SAVINGS,ACTIVE,2025-10-05,16101.78
505856,100402,B002,CURRENT,ACTIVE,2023-05-15,3681.52
505857,103332,B009,SAVINGS,ACTIVE,2022-09-23,13761.7
505858,109479,B010,SAVINGS,ACTIVE,2019-07-24,7670.95
505859,108001,B009,SAVINGS,ACTIVE,2026-05-20,11515.64
505860,109546,B013,SAVINGS,ACTIVE,2020-02-02,58975.42
505861,108393,B002,CURRENT,ACTIVE,2021-03-03,115110.74
505862,104857,B015,SAVINGS,CLOSED,2023-02-23,44443.1
505863,109058,B007,SAVINGS,ACTIVE,2025-08-17,46518.66
505864,100062,B013,SAVINGS,ACTIVE,2019-03-30,11132.13
505865,102407,B015,CURRENT,ACTIVE,2025-03-18,11600.29
505866,107228,B008,SAVINGS,ACTIVE,2025-12-10,25768.04
505867,101852,B017,CURRENT,ACTIVE,2021-08-16,25893.41
505868,102808,B018,SAVINGS,ACTIVE,2020-08-30,52692.54
505869,102206,B008,SAVINGS,CLOSED,2026-02-15,44011.26
505870,107494,B017,CURRENT,ACTIVE,2021-11-01,42912.71
505871,107889,B009,SAVINGS,ACTIVE,2019-07-31,206825.17
505872,100292,B020,SAVINGS,ACTIVE,2024-08-09,27499.71
505873,102061,B015,SALARY,ACTIVE,2020-07-11,55670.17
505874,106169,B001,CURRENT,ACTIVE,2021-10-08,149116.91
505875,109021,B005,SAVINGS,ACTIVE,2023-03-30,37163.66
505876,109395,B002,SAVINGS,ACTIVE,2021-05-13,23131.67
505877,108091,B018,SALARY,ACTIVE,2021-02-14,7506.5
505878,105194,B014,SAVINGS,ACTIVE,2019-02-07,7026.98
505879,100516,B018,SAVINGS,ACTIVE,2020-11-24,64966.31
505880,109461,B012,SAVINGS,ACTIVE,2019-03-28,35001.62
505881,107533,B004,SAVINGS,ACTIVE,2022-01-21,64507.04
505882,107218,B007,SAVINGS,ACTIVE,2020-04-04,22355.85
505883,108558,B005,SALARY,ACTIVE,2022-04-23,13006.23
505884,105965,B002,SAVINGS,ACTIVE,2019-03-12,8521.4
505885,107321,B009,SAVINGS,ACTIVE,2019-12-27,33973.11
505886,108462,B002,SAVINGS,ACTIVE,2025-11-30,15594.33
505887,108140,B006,SAVINGS,ACTIVE,2022-01-08,14918.66
505888,109205,B016,SAVINGS,ACTIVE,2025-07-14,244896.2
505889,101919,B020,SAVINGS,ACTIVE,2020-08-25,104883.22
505890,108588,B010,CURRENT,ACTIVE,2026-01-23,15540.26
505891,104950,B016,SAVINGS,ACTIVE,2022-07-14,84470.84
505892,109182,B012,SAVINGS,ACTIVE,2025-11-01,16386.28
505893,109778,B012,SAVINGS,ACTIVE,2020-07-20,63866.58
505894,100638,B006,SALARY,ACTIVE,2025-08-13,64084.59
505895,108788,B019,SALARY,ACTIVE,2022-08-18,2234.59
505896,102126,B005,SAVINGS,ACTIVE,2023-07-24,22788.22
505897,109001,B018,SAVINGS,ACTIVE,2021-08-02,35209.82
505898,102673,B014,SAVINGS,ACTIVE,2024-05-03,14462.56
505899,106830,B018,SAVINGS,ACTIVE,2019-05-23,16725.56
505900,109601,B003,CURRENT,ACTIVE,2021-06-21,21267.26
505901,100925,B010,SALARY,ACTIVE,2022-06-25,21447.44
505902,109120,B020,SAVINGS,ACTIVE,2019-05-31,8864.97
505903,108166,B006,SALARY,ACTIVE,2022-03-02,22022.72
505904,108106,B007,SAVINGS,ACTIVE,2021-08-27,8883.89
505905,109130,B015,SAVINGS,ACTIVE,2023-10-08,36711.56
505906,107971,B018,SAVINGS,ACTIVE,2024-03-29,6319.78
505907,102778,B008,CURRENT,ACTIVE,2025-12-27,6741.07
505908,104460,B011,SALARY,ACTIVE,2023-04-17,160579.19
505909,105604,B016,CURRENT,ACTIVE,2019-03-23,110884.43
505910,100996,B017,SALARY,ACTIVE,2023-02-18,117349.82
505911,108487,B015,SAVINGS,ACTIVE,2020-11-19,45978.28
505912,106661,B017,SALARY,ACTIVE,2025-02-03,62224.84
505913,109335,B006,SALARY,ACTIVE,2020-12-06,447694.08
505914,105221,B017,CURRENT,ACTIVE,2021-01-07,3373.84
505915,100165,B008,SALARY,ACTIVE,2026-02-27,44753.67
505916,104039,B006,SAVINGS,ACTIVE,2020-04-09,134381.26
505917,102126,B005,SAVINGS,ACTIVE,2025-04-14,7929.22
505918,103632,B004,SAVINGS,ACTIVE,2024-03-05,17102.1
505919,105765,B009,SAVINGS,ACTIVE,2020-02-06,9538.88
505920,101615,B014,SAVINGS,ACTIVE,2022-04-05,7800.88
505921,106179,B020,SAVINGS,ACTIVE,2021-03-01,4115.64
505922,104054,B007,SAVINGS,ACTIVE,2025-11-12,38969.36
505923,108086,B014,SAVINGS,ACTIVE,2021-05-30,84817.7
505924,109236,B007,SAVINGS,ACTIVE,2022-03-26,41385.88
505925,103579,B005,SALARY,ACTIVE,2020-12-20,19590.73
505926,101972,B005,SALARY,ACTIVE,2021-04-30,26809.2
505927,100260,B008,SAVINGS,BLOCKED,2022-07-21,23538.89
505928,105989,B016,SAVINGS,ACTIVE,2024-10-04,134024.3
505929,104347,B006,SAVINGS,ACTIVE,2020-06-05,16533.17
505930,106241,B017,SAVINGS,ACTIVE,2021-01-04,63035.88
505931,102643,B014,SALARY,ACTIVE,2021-07-19,1322798.99
505932,103821,B001,SAVINGS,ACTIVE,2023-12-31,32948.22
505933,109336,B014,SALARY,ACTIVE,2020-05-01,4616.3
505934,102697,B019,SAVINGS,ACTIVE,2022-12-12,383062.86
505935,105589,B006,SAVINGS,ACTIVE,2024-03-11,7875.65
505936,101559,B015,SAVINGS,ACTIVE,2024-06-03,90997.21
505937,100869,B016,SAVINGS,ACTIVE,2019-01-19,68997.12
505938,104162,B005,SAVINGS,BLOCKED,2025-07-27,18000.55
505939,100915,B009,SAVINGS,ACTIVE,2022-11-29,9196.39
505940,105035,B014,SAVINGS,ACTIVE,2020-12-08,146954.31
505941,101383,B008,SALARY,ACTIVE,2023-04-17,20922.72
505942,100365,B012,SAVINGS,ACTIVE,2024-06-28,6208.07
505943,106226,B017,SALARY,ACTIVE,2021-05-23,76546.51
505944,109240,B019,SAVINGS,ACTIVE,2024-11-17,46353.22
505945,109894,B017,SAVINGS,ACTIVE,2021-07-21,3914.11
505946,100017,B014,SAVINGS,ACTIVE,2024-09-24,72561.93
505947,106101,B018,CURRENT,ACTIVE,2022-03-15,36493.89
505948,100482,B009,SALARY,ACTIVE,2022-03-10,65615.01
505949,106323,B004,SAVINGS,ACTIVE,2020-07-28,396149.51
505950,106687,B004,SAVINGS,ACTIVE,2020-05-27,9029.66
505951,101375,B018,SAVINGS,ACTIVE,2020-10-22,35616.67
505952,107882,B016,SAVINGS,ACTIVE,2025-09-06,25771.36
505953,108831,B011,SAVINGS,ACTIVE,2020-02-19,63822.8
505954,104576,B020,SALARY,ACTIVE,2023-06-06,13857.86
505955,105287,B015,SAVINGS,ACTIVE,2021-10-16,42057.3
505956,103223,B016,SAVINGS,ACTIVE,2020-04-02,127351.54
505957,109691,B008,CURRENT,ACTIVE,2023-04-29,229583.51
505958,107150,B015,SAVINGS,ACTIVE,2024-01-20,47027.01
505959,104504,B016,CURRENT,ACTIVE,2020-07-06,7339.46
505960,108706,B018,SAVINGS,ACTIVE,2023-03-24,92578.8
505961,108201,B005,SAVINGS,ACTIVE,2021-12-20,4496.25
505962,103144,B015,SALARY,ACTIVE,2024-08-30,3077.88
505963,109979,B009,SAVINGS,ACTIVE,2026-04-25,11902.97
505964,106148,B020,SALARY,ACTIVE,2025-04-09,9317.02
505965,100439,B020,SAVINGS,ACTIVE,2021-06-16,35021.68
505966,108984,B010,SAVINGS,ACTIVE,2022-11-02,84872.2
505967,102901,B009,SAVINGS,ACTIVE,2023-02-13,45706.5
505968,106635,B015,SAVINGS,ACTIVE,2019-12-10,3704.2
505969,108028,B009,SAVINGS,ACTIVE,2021-02-14,5337.73
505970,100818,B012,SAVINGS,ACTIVE,2024-02-28,22443.29
505971,108300,B012,SALARY,ACTIVE,2020-04-22,25649.86
505972,101602,B003,SALARY,BLOCKED,2021-10-28,68439.63
505973,101844,B010,SAVINGS,ACTIVE,2019-02-09,65336.88
505974,108037,B006,SAVINGS,ACTIVE,2021-08-31,47646.31
505975,105128,B001,SAVINGS,ACTIVE,2020-01-10,9609.96
505976,104772,B008,SAVINGS,ACTIVE,2019-08-10,1213.19
505977,105485,B006,SAVINGS,ACTIVE,2026-01-16,6892.09
505978,102322,B005,SAVINGS,ACTIVE,2024-12-30,110795.83
505979,109999,B012,SAVINGS,ACTIVE,2020-09-28,470414.56
505980,100836,B002,SAVINGS,ACTIVE,2019-12-25,3644.52
505981,101862,B006,SAVINGS,ACTIVE,2024-01-03,5706.55
505982,100773,B001,SAVINGS,ACTIVE,2023-08-18,154519.11
505983,100355,B018,SAVINGS,ACTIVE,2019-07-05,29076.74
505984,105145,B008,SAVINGS,ACTIVE,2019-11-15,72380.19
505985,101114,B003,SAVINGS,ACTIVE,2025-12-11,6852.92
505986,107357,B004,SAVINGS,ACTIVE,2019-09-14,25054.98
505987,109749,B012,SAVINGS,ACTIVE,2024-03-10,206059.14
505988,104155,B020,SAVINGS,ACTIVE,2019-05-01,22691.24
505989,101655,B005,SAVINGS,CLOSED,2021-10-07,25374.92
505990,103987,B010,SAVINGS,ACTIVE,2023-11-13,63457.51
505991,104020,B018,SAVINGS,ACTIVE,2022-06-30,150758.26
505992,100029,B017,SALARY,ACTIVE,2026-02-25,49077.82
505993,107065,B006,SAVINGS,ACTIVE,2019-09-13,43936.4
505994,103653,B010,SAVINGS,ACTIVE,2022-01-23,12812.22
505995,107569,B020,CURRENT,ACTIVE,2023-07-13,63220.75
505996,101872,B010,SAVINGS,ACTIVE,2025-01-14,52547.22
505997,100233,B002,SAVINGS,ACTIVE,2022-05-09,66230.21
505998,103976,B015,SAVINGS,ACTIVE,2024-10-23,84769.76
505999,104958,B013,SAVINGS,BLOCKED,2025-05-05,88727.22
506000,100441,B018,SAVINGS,ACTIVE,2021-12-10,48162.32
506001,105460,B018,SAVINGS,ACTIVE,2020-06-13,12697.35
506002,105566,B007,CURRENT,ACTIVE,2021-06-07,68780.93
506003,109826,B020,SAVINGS,ACTIVE,2024-09-05,96253.44
506004,105787,B007,SAVINGS,ACTIVE,2024-11-03,39977.23
506005,101547,B006,SAVINGS,ACTIVE,2022-05-10,18477.64
506006,108437,B016,SALARY,ACTIVE,2026-04-26,45850.49
506007,109495,B012,SAVINGS,ACTIVE,2022-06-20,14576.1
506008,101664,B005,SAVINGS,ACTIVE,2024-06-23,11609.05
506009,103426,B003,SALARY,ACTIVE,2022-08-28,31356.78
506010,106080,B020,CURRENT,ACTIVE,2025-09-04,30540.94
506011,100457,B015,SAVINGS,ACTIVE,2026-03-16,11396.37
506012,108450,B016,SAVINGS,ACTIVE,2022-10-03,54655.03
506013,107282,B006,CURRENT,ACTIVE,2019-03-06,43214.83
506014,109164,B008,SAVINGS,ACTIVE,2024-06-30,9341.97
506015,107574,B001,SAVINGS,ACTIVE,2024-03-21,54224.71
506016,101755,B003,SAVINGS,ACTIVE,2026-04-15,17365.8
506017,107177,B008,SAVINGS,ACTIVE,2021-08-01,101841.42
506018,106285,B015,SALARY,ACTIVE,2023-02-02,8523.44
506019,102727,B003,SALARY,ACTIVE,2021-07-10,25801.53
506020,101523,B009,SAVINGS,ACTIVE,2021-02-12,30458.5
506021,109023,B017,SALARY,ACTIVE,2023-03-18,30340.11
506022,101944,B013,SALARY,ACTIVE,2024-05-15,223727.09
506023,101492,B009,SAVINGS,ACTIVE,2025-08-01,74706.63
506024,107164,B003,SAVINGS,ACTIVE,2023-02-20,39714.67
506025,107706,B004,CURRENT,ACTIVE,2022-12-01,30364.96
506026,108391,B002,SAVINGS,ACTIVE,2020-02-27,82856.17
506027,105170,B017,SAVINGS,ACTIVE,2022-06-18,6635.81
506028,103628,B005,SAVINGS,ACTIVE,2025-09-27,75302.54
506029,107080,B019,SALARY,ACTIVE,2020-02-12,17847.26
506030,107965,B008,SAVINGS,ACTIVE,2022-05-22,8120.85
506031,101630,B006,CURRENT,ACTIVE,2019-05-16,33847.04
506032,106839,B005,CURRENT,CLOSED,2019-07-11,18953.34
506033,102065,B015,SAVINGS,ACTIVE,2024-06-11,74480.83
506034,103601,B007,SAVINGS,ACTIVE,2023-01-02,21923.46
506035,109137,B016,SALARY,ACTIVE,2024-06-10,76202.39
506036,102798,B017,SAVINGS,ACTIVE,2022-04-12,52457.11
506037,107331,B001,SAVINGS,ACTIVE,2023-07-04,16569.3
506038,107286,B002,SAVINGS,ACTIVE,2024-12-10,12265.42
506039,102147,B020,SAVINGS,ACTIVE,2020-11-19,65249.99
506040,108417,B011,SAVINGS,ACTIVE,2022-06-22,45863.55
506041,106922,B014,SAVINGS,ACTIVE,2019-04-08,19718.12
506042,100904,B008,SAVINGS,ACTIVE,2019-05-29,68981.19
506043,108262,B010,SALARY,ACTIVE,2022-10-23,13478.02
506044,104710,B007,SAVINGS,ACTIVE,2022-09-17,28572.86
506045,105369,B012,SAVINGS,ACTIVE,2023-07-16,11500.02
506046,102742,B010,SAVINGS,ACTIVE,2020-04-19,20429.7
506047,101842,B018,SAVINGS,ACTIVE,2022-02-22,42529.8
506048,101138,B019,SAVINGS,ACTIVE,2022-02-26,6434.63
506049,100114,B010,SAVINGS,ACTIVE,2020-02-05,53222.5
506050,101820,B015,SAVINGS,ACTIVE,2025-01-03,49847.11
506051,102313,B019,SALARY,ACTIVE,2022-05-01,88614.55
506052,108124,B013,SALARY,ACTIVE,2020-03-13,112579.72
506053,101633,B006,CURRENT,ACTIVE,2022-11-19,61717.73
506054,106822,B020,SAVINGS,ACTIVE,2020-03-03,65037.52
506055,106570,B014,SAVINGS,BLOCKED,2024-02-05,7479.38
506056,109678,B008,SAVINGS,ACTIVE,2023-09-19,59346.26
506057,109550,B020,SAVINGS,ACTIVE,2023-03-26,120495.76
506058,103316,B015,SAVINGS,ACTIVE,2022-04-09,113415.19
506059,102595,B020,CURRENT,ACTIVE,2025-08-08,48319.12
506060,109125,B004,SAVINGS,ACTIVE,2019-01-14,98817.69
506061,103146,B005,SAVINGS,ACTIVE,2019-09-13,255679.55
506062,100878,B002,SALARY,ACTIVE,2022-03-31,18664.04
506063,109971,B003,SALARY,ACTIVE,2023-10-14,100582.05
506064,108734,B011,SAVINGS,ACTIVE,2025-12-30,75853.03
506065,108547,B002,SAVINGS,ACTIVE,2021-05-07,11838.16
506066,100502,B016,SAVINGS,ACTIVE,2022-07-09,49141.58
506067,102367,B014,SAVINGS,ACTIVE,2020-09-24,60864.02
506068,101776,B014,SAVINGS,ACTIVE,2019-10-29,15358.09
506069,104407,B010,SAVINGS,ACTIVE,2019-08-19,9890.39
506070,108035,B008,SAVINGS,ACTIVE,2024-02-18,60941.15
506071,107612,B007,SAVINGS,ACTIVE,2020-10-06,31929.68
506072,109353,B019,SAVINGS,ACTIVE,2022-06-16,16909.63
506073,105070,B009,CURRENT,ACTIVE,2024-08-22,5390.74
506074,105912,B008,SALARY,ACTIVE,2024-09-08,34634.88
506075,108369,B006,SAVINGS,ACTIVE,2025-08-08,18041.77
506076,108605,B008,SAVINGS,ACTIVE,2020-06-13,7532.2
506077,109286,B005,SAVINGS,ACTIVE,2024-03-29,49863.12
506078,101230,B003,SAVINGS,BLOCKED,2026-01-30,45480.0
506079,100459,B006,SAVINGS,ACTIVE,2024-05-05,9941.88
506080,108641,B019,SALARY,ACTIVE,2019-01-06,9763.26
506081,107187,B003,SAVINGS,ACTIVE,2021-05-11,9581.7
506082,102845,B002,CURRENT,ACTIVE,2025-07-06,44599.32
506083,109033,B004,SAVINGS,ACTIVE,2021-06-23,67210.54
506084,109398,B015,CURRENT,ACTIVE,2019-06-17,2643.63
506085,109247,B015,SALARY,ACTIVE,2024-08-04,17728.47
506086,104270,B006,CURRENT,CLOSED,2021-04-11,25161.07
506087,107048,B008,SAVINGS,ACTIVE,2020-08-17,1228600.58
506088,107804,B008,SAVINGS,ACTIVE,2021-08-01,27544.48
506089,101452,B001,SAVINGS,ACTIVE,2020-09-07,14574.52
506090,106972,B005,SAVINGS,ACTIVE,2025-05-06,98090.14
506091,102663,B016,SAVINGS,ACTIVE,2025-09-05,7144.44
506092,100168,B008,SALARY,ACTIVE,2023-12-10,5351.58
506093,109060,B002,SAVINGS,ACTIVE,2023-11-10,59573.79
506094,102155,B008,CURRENT,ACTIVE,2019-09-08,47390.51
506095,104670,B018,SAVINGS,ACTIVE,2024-06-07,10584.76
506096,105676,B017,SALARY,ACTIVE,2019-02-17,50541.4
506097,107042,B017,CURRENT,CLOSED,2021-06-23,19973.26
506098,102235,B020,SALARY,ACTIVE,2019-12-07,9487.32
506099,103702,B005,SALARY,ACTIVE,2022-12-13,118053.29
506100,107900,B002,SAVINGS,ACTIVE,2023-05-30,13787.68
506101,107879,B005,SAVINGS,ACTIVE,2020-03-21,35737.21
506102,108203,B004,SAVINGS,ACTIVE,2021-05-06,143700.41
506103,105312,B001,SAVINGS,ACTIVE,2020-10-13,74587.68
506104,100212,B017,SAVINGS,ACTIVE,2026-04-20,12710.62
506105,108947,B015,SAVINGS,ACTIVE,2020-01-13,131301.07
506106,106032,B016,SALARY,ACTIVE,2024-11-17,19881.17
506107,103954,B005,SAVINGS,ACTIVE,2020-12-18,10503.53
506108,109919,B013,SAVINGS,ACTIVE,2019-12-16,28076.72
506109,109130,B020,SAVINGS,ACTIVE,2020-06-11,11084.44
506110,105322,B006,SAVINGS,ACTIVE,2019-02-24,9386.61
506111,106674,B009,SALARY,ACTIVE,2020-08-14,11240.09
506112,108466,B005,SAVINGS,CLOSED,2021-10-03,467757.37
506113,100819,B020,SAVINGS,ACTIVE,2023-07-01,63517.36
506114,101108,B019,CURRENT,ACTIVE,2024-02-23,4469.51
506115,101454,B012,SALARY,ACTIVE,2026-01-27,72416.71
506116,107293,B005,SAVINGS,ACTIVE,2022-05-06,82476.22
506117,106524,B005,CURRENT,ACTIVE,2019-05-01,9141.53
506118,102065,B006,SAVINGS,ACTIVE,2019-03-09,17862.17
506119,106239,B014,SALARY,ACTIVE,2025-03-20,2709.24
506120,102824,B007,SAVINGS,ACTIVE,2020-07-21,18273.56
506121,106615,B013,SALARY,ACTIVE,2020-01-20,3506.59
506122,104957,B014,SAVINGS,ACTIVE,2021-02-03,33464.8
506123,104760,B011,SALARY,ACTIVE,2022-02-27,148395.78
506124,109395,B012,SALARY,ACTIVE,2024-08-03,73388.33
506125,107782,B008,SAVINGS,ACTIVE,2022-08-28,48117.28
506126,106812,B015,SAVINGS,ACTIVE,2020-02-25,41000.75
506127,108059,B012,SAVINGS,ACTIVE,2020-06-11,178723.73
506128,109232,B013,SAVINGS,CLOSED,2021-04-03,93247.28
506129,104027,B019,SAVINGS,ACTIVE,2022-08-07,3654.32
506130,107385,B015,SALARY,BLOCKED,2023-01-22,25340.5
506131,105930,B012,CURRENT,ACTIVE,2025-06-19,8464.38
506132,107531,B018,SAVINGS,ACTIVE,2023-04-15,100320.72
506133,108632,B002,SALARY,ACTIVE,2025-05-29,51562.13
506134,108568,B011,SAVINGS,ACTIVE,2019-10-05,11298.37
506135,105396,B020,SALARY,ACTIVE,2021-04-18,140448.01
506136,103277,B006,SAVINGS,ACTIVE,2019-04-10,51820.73
506137,102662,B013,SAVINGS,ACTIVE,2021-11-29,543749.17
506138,107909,B009,SAVINGS,ACTIVE,2024-04-21,12314.37
506139,105621,B003,SAVINGS,ACTIVE,2025-12-02,22066.58
506140,108432,B004,SAVINGS,ACTIVE,2021-11-28,6160.67
506141,104668,B001,SAVINGS,ACTIVE,2021-12-23,15780.41
506142,107407,B019,SALARY,ACTIVE,2019-01-08,13675.84
506143,102720,B005,SAVINGS,ACTIVE,2021-07-26,42153.63
506144,106822,B009,SAVINGS,ACTIVE,2025-05-24,13325.76
506145,101560,B011,SAVINGS,ACTIVE,2024-08-28,19083.65
506146,101884,B017,SAVINGS,ACTIVE,2019-03-09,15690.25
506147,108472,B015,SALARY,ACTIVE,2022-01-03,21197.79
506148,109582,B019,SAVINGS,ACTIVE,2021-08-21,51624.04
506149,104317,B018,CURRENT,ACTIVE,2025-08-17,2375.1
506150,102843,B008,SALARY,ACTIVE,2025-11-12,53824.11
506151,108733,B005,SAVINGS,ACTIVE,2023-01-24,28165.28
506152,104159,B003,SAVINGS,ACTIVE,2021-07-08,14951.98
506153,106813,B003,SAVINGS,CLOSED,2025-11-06,25355.8
506154,100698,B016,SAVINGS,ACTIVE,2023-10-02,42572.27
506155,108137,B001,SAVINGS,ACTIVE,2023-07-31,79453.65
506156,100217,B012,SAVINGS,ACTIVE,2026-05-05,20388.72
506157,107548,B014,SAVINGS,ACTIVE,2022-03-27,129783.04
506158,101691,B015,SAVINGS,ACTIVE,2019-10-22,169991.97
506159,109155,B001,CURRENT,ACTIVE,2025-02-25,30818.33
506160,106215,B008,CURRENT,ACTIVE,2021-11-29,227886.11
506161,105139,B018,SAVINGS,ACTIVE,2020-08-05,6245.85
506162,102946,B001,SAVINGS,ACTIVE,2021-09-28,8914.11
506163,102394,B018,CURRENT,BLOCKED,2024-02-12,84591.07
506164,108793,B016,SAVINGS,ACTIVE,2019-09-14,194805.76
506165,103784,B013,SALARY,ACTIVE,2021-04-05,8819.71
506166,100202,B019,SAVINGS,ACTIVE,2021-07-03,72347.66
506167,100878,B002,SAVINGS,ACTIVE,2026-02-26,145889.58
506168,101959,B018,SAVINGS,ACTIVE,2021-09-29,13011.48
506169,109238,B002,SAVINGS,BLOCKED,2020-04-15,8690.91
506170,100816,B016,SAVINGS,ACTIVE,2026-02-14,33394.15
506171,107146,B014,SAVINGS,ACTIVE,2022-09-08,11738.96
506172,101024,B007,SAVINGS,ACTIVE,2019-08-25,2303.45
506173,100316,B009,CURRENT,CLOSED,2023-05-24,71877.87
506174,102381,B006,SAVINGS,ACTIVE,2025-05-07,27294.31
506175,100841,B005,CURRENT,ACTIVE,2025-10-05,15136.01
506176,108650,B007,SAVINGS,ACTIVE,2022-02-19,63520.87
506177,109277,B012,SAVINGS,ACTIVE,2024-10-13,25466.74
506178,108557,B013,SAVINGS,ACTIVE,2019-01-17,94318.62
506179,105491,B010,SAVINGS,ACTIVE,2024-09-04,50947.23
506180,103273,B015,SAVINGS,ACTIVE,2021-07-25,8591.77
506181,109883,B016,SALARY,ACTIVE,2023-12-24,87745.62
506182,100757,B009,SAVINGS,ACTIVE,2020-04-20,89524.46
506183,103288,B002,SAVINGS,ACTIVE,2023-05-06,23754.22
506184,106829,B010,CURRENT,ACTIVE,2021-09-12,183577.03
506185,103126,B014,SAVINGS,ACTIVE,2019-11-08,37878.82
506186,106964,B012,SALARY,ACTIVE,2024-09-28,55189.12
506187,108729,B007,SAVINGS,ACTIVE,2025-02-03,26990.9
506188,109243,B005,SAVINGS,ACTIVE,2025-07-26,4004.52
506189,101190,B019,SAVINGS,CLOSED,2021-04-12,80991.96
506190,109191,B020,CURRENT,ACTIVE,2020-02-08,30559.35
506191,109704,B004,SAVINGS,ACTIVE,2021-02-12,7009.52
506192,102587,B006,SAVINGS,ACTIVE,2025-03-04,47518.66
506193,100279,B003,SAVINGS,ACTIVE,2024-12-31,45257.63
506194,108848,B020,SAVINGS,ACTIVE,2023-11-04,33128.73
506195,109105,B005,SAVINGS,ACTIVE,2021-05-15,23299.52
506196,105313,B003,SAVINGS,ACTIVE,2019-01-22,30584.36
506197,102819,B003,SAVINGS,ACTIVE,2020-10-22,18310.55
506198,109148,B012,SAVINGS,ACTIVE,2022-06-09,34008.37
506199,107875,B005,CURRENT,ACTIVE,2024-01-26,16465.49
506200,106755,B018,SAVINGS,BLOCKED,2024-11-18,13673.96
506201,104819,B017,CURRENT,ACTIVE,2021-02-10,16867.13
506202,104644,B003,SAVINGS,ACTIVE,2023-10-02,78730.98
506203,109141,B018,CURRENT,ACTIVE,2025-09-21,17970.34
506204,105782,B013,SALARY,ACTIVE,2019-08-13,29704.99
506205,103659,B003,SAVINGS,ACTIVE,2021-12-10,5272.44
506206,102351,B003,SAVINGS,ACTIVE,2024-03-02,37413.64
506207,105428,B003,SAVINGS,ACTIVE,2022-08-03,71766.05
506208,105691,B005,SAVINGS,ACTIVE,2020-09-22,48662.94
506209,107652,B006,SAVINGS,ACTIVE,2019-11-04,13063.52
506210,102709,B003,SALARY,ACTIVE,2025-08-25,36735.48
506211,108244,B014,SAVINGS,ACTIVE,2019-09-23,15059.42
506212,104418,B008,SAVINGS,BLOCKED,2025-02-09,40012.66
506213,106574,B009,SAVINGS,ACTIVE,2021-04-09,11072.37
506214,102973,B006,SAVINGS,ACTIVE,2020-08-05,94045.75
506215,104926,B013,SALARY,ACTIVE,2024-11-20,112511.88
506216,104434,B019,SAVINGS,ACTIVE,2026-01-22,22749.3
506217,107137,B017,SALARY,ACTIVE,2019-04-19,13717.63
506218,108595,B020,SALARY,BLOCKED,2024-07-21,5263.58
506219,104916,B010,SAVINGS,ACTIVE,2025-07-11,367109.51
506220,105671,B006,SAVINGS,ACTIVE,2023-08-07,44632.68
506221,107086,B002,SAVINGS,ACTIVE,2019-10-02,20494.34
506222,100491,B016,CURRENT,ACTIVE,2025-01-13,16249.73
506223,105820,B007,SALARY,ACTIVE,2025-08-26,8457.71
506224,106977,B016,SAVINGS,ACTIVE,2019-04-30,69951.38
506225,102710,B016,SAVINGS,ACTIVE,2021-02-22,43957.24
506226,106615,B007,SAVINGS,ACTIVE,2019-07-28,15518.03
506227,100819,B018,SAVINGS,ACTIVE,2025-02-12,42706.2
506228,100895,B005,SAVINGS,ACTIVE,2024-04-26,54384.87
506229,102004,B020,SAVINGS,ACTIVE,2020-05-22,38270.63
506230,103121,B016,CURRENT,ACTIVE,2019-11-25,200459.71
506231,107699,B010,SAVINGS,ACTIVE,2024-06-26,19173.19
506232,102536,B007,SAVINGS,ACTIVE,2024-01-27,5425.35
506233,105401,B008,CURRENT,ACTIVE,2019-10-14,42935.89
506234,104604,B001,SAVINGS,ACTIVE,2022-07-25,20337.91
506235,101024,B015,SALARY,ACTIVE,2021-07-26,27038.07
506236,103821,B007,SAVINGS,ACTIVE,2020-03-16,51462.96
506237,107186,B011,SALARY,ACTIVE,2021-09-20,8594.56
506238,108279,B014,SAVINGS,CLOSED,2019-01-28,5314.32
506239,105539,B018,SAVINGS,ACTIVE,2023-05-17,66621.98
506240,103908,B006,SALARY,ACTIVE,2021-03-28,33992.65
506241,102827,B016,SALARY,ACTIVE,2019-01-11,153728.03
506242,101183,B007,SAVINGS,ACTIVE,2019-08-02,72172.79
506243,100351,B002,SAVINGS,ACTIVE,2024-04-22,35634.05
506244,102840,B004,SAVINGS,ACTIVE,2022-03-31,6956.84
506245,106693,B002,CURRENT,ACTIVE,2022-11-27,229932.99
506246,101399,B005,SAVINGS,ACTIVE,2023-02-02,2953.04
506247,104624,B020,SAVINGS,ACTIVE,2023-08-02,25323.29
506248,103254,B015,SAVINGS,CLOSED,2025-09-10,8290.13
506249,103475,B012,SAVINGS,ACTIVE,2019-06-17,28117.21
506250,108514,B015,SALARY,ACTIVE,2026-03-18,33453.51
506251,103265,B013,SAVINGS,ACTIVE,2023-03-01,11126.2
506252,105329,B018,SAVINGS,ACTIVE,2020-02-05,8287.35
506253,105159,B013,SAVINGS,ACTIVE,2025-01-14,17293.73
506254,103585,B010,CURRENT,ACTIVE,2019-03-08,28736.38
506255,106412,B002,SAVINGS,ACTIVE,2025-08-17,49247.85
506256,108966,B010,SAVINGS,ACTIVE,2019-12-11,45231.94
506257,104320,B008,SAVINGS,ACTIVE,2022-06-22,15950.25
506258,104587,B010,SAVINGS,ACTIVE,2026-02-21,11910.48
506259,108585,B020,SALARY,ACTIVE,2025-12-24,128551.88
506260,107321,B007,SAVINGS,ACTIVE,2020-11-06,5337.51
506261,104540,B018,SAVINGS,ACTIVE,2024-07-21,60808.81
506262,102025,B020,SAVINGS,ACTIVE,2021-11-17,12108.71
506263,107485,B010,SAVINGS,ACTIVE,2022-04-17,35870.1
506264,103686,B002,SALARY,BLOCKED,2020-07-11,116978.16
506265,106337,B004,SAVINGS,ACTIVE,2024-03-10,26477.5
506266,105071,B015,SALARY,ACTIVE,2022-12-05,50455.92
506267,105537,B017,SAVINGS,ACTIVE,2020-02-15,32249.06
506268,105126,B010,SAVINGS,ACTIVE,2021-01-24,35759.52
506269,106741,B002,SALARY,ACTIVE,2019-11-04,29031.42
506270,108016,B019,SAVINGS,ACTIVE,2025-01-31,44305.39
506271,107736,B016,SAVINGS,ACTIVE,2023-11-15,15251.02
506272,105795,B001,CURRENT,ACTIVE,2022-07-19,17075.49
506273,101601,B015,SAVINGS,ACTIVE,2020-09-02,12316.75
506274,108976,B014,SAVINGS,ACTIVE,2022-05-29,68941.15
506275,105665,B003,SALARY,ACTIVE,2019-03-18,359820.57
506276,109171,B009,SAVINGS,ACTIVE,2020-01-02,88957.95
506277,109313,B020,SAVINGS,ACTIVE,2021-08-23,63735.22
506278,104335,B001,SAVINGS,ACTIVE,2024-09-02,13581.25
506279,103879,B012,SALARY,ACTIVE,2025-08-02,3562.98
506280,106832,B009,SAVINGS,ACTIVE,2025-08-14,2288.73
506281,101517,B012,SAVINGS,ACTIVE,2026-04-02,1417.72
506282,107846,B010,SAVINGS,ACTIVE,2019-12-30,27979.96
506283,108123,B001,SAVINGS,ACTIVE,2020-07-28,11832.55
506284,103645,B015,SAVINGS,ACTIVE,2024-12-04,37175.87
506285,103563,B020,CURRENT,ACTIVE,2025-07-31,52540.66
506286,102833,B014,SALARY,ACTIVE,2020-04-15,17106.27
506287,102532,B020,SALARY,ACTIVE,2026-01-05,11810.64
506288,108787,B015,SAVINGS,ACTIVE,2022-11-24,112543.95
506289,109119,B017,SAVINGS,ACTIVE,2022-02-12,49407.33
506290,105936,B015,SAVINGS,ACTIVE,2023-08-30,29775.15
506291,103963,B002,SALARY,ACTIVE,2022-05-13,33705.21
506292,101890,B012,SAVINGS,ACTIVE,2023-08-03,74601.22
506293,100771,B002,SAVINGS,ACTIVE,2022-10-02,16428.5
506294,105783,B014,CURRENT,ACTIVE,2020-02-20,83611.36
506295,104773,B006,SAVINGS,BLOCKED,2023-10-18,56847.8
506296,102222,B011,SAVINGS,ACTIVE,2023-08-08,148633.66
506297,100703,B019,SAVINGS,ACTIVE,2022-04-04,158938.4
506298,104638,B011,SAVINGS,ACTIVE,2024-05-14,59825.06
506299,102560,B004,SAVINGS,ACTIVE,2020-01-23,101105.05
506300,106798,B018,SAVINGS,CLOSED,2024-12-21,28620.01
506301,100084,B017,SALARY,ACTIVE,2025-12-16,65887.61
506302,108304,B001,SAVINGS,ACTIVE,2024-01-03,6661.85
506303,105272,B010,SAVINGS,ACTIVE,2020-09-11,118850.98
506304,104031,B019,SAVINGS,ACTIVE,2019-12-11,34227.69
506305,107465,B011,SALARY,ACTIVE,2025-05-03,8498.09
506306,100993,B018,SAVINGS,ACTIVE,2020-04-26,72367.0
506307,101129,B007,SAVINGS,ACTIVE,2020-02-13,102520.81
506308,107752,B015,SAVINGS,ACTIVE,2020-03-27,36005.37
506309,103747,B013,SAVINGS,ACTIVE,2020-01-17,21428.92
506310,106647,B017,SAVINGS,ACTIVE,2026-04-16,3300.82
506311,107959,B014,SAVINGS,ACTIVE,2025-11-09,26361.37
506312,106216,B001,SAVINGS,ACTIVE,2021-10-14,166809.04
506313,101504,B011,SAVINGS,ACTIVE,2025-08-07,15418.55
506314,103086,B012,CURRENT,ACTIVE,2024-09-06,15692.64
506315,101519,B016,SAVINGS,ACTIVE,2024-09-23,98175.08
506316,100444,B008,SAVINGS,ACTIVE,2023-02-18,5518.35
506317,109492,B015,SAVINGS,ACTIVE,2025-02-15,15507.89
506318,105959,B013,SAVINGS,ACTIVE,2021-04-21,61132.07
506319,102205,B012,SAVINGS,ACTIVE,2021-04-10,66833.52
506320,107773,B007,SALARY,ACTIVE,2019-01-21,7721.41
506321,100834,B008,CURRENT,ACTIVE,2024-01-10,71839.9
506322,103037,B015,SAVINGS,ACTIVE,2025-09-16,70012.56
506323,103188,B001,SAVINGS,ACTIVE,2024-06-12,13704.59
506324,106842,B011,SAVINGS,ACTIVE,2024-10-25,28529.58
506325,107105,B019,CURRENT,BLOCKED,2020-05-22,77727.78
506326,101290,B002,SALARY,ACTIVE,2025-11-21,21640.12
506327,101808,B019,SALARY,ACTIVE,2019-09-21,4993.01
506328,107301,B015,SAVINGS,ACTIVE,2022-06-03,63040.16
506329,108881,B015,CURRENT,ACTIVE,2021-01-14,111628.99
506330,108542,B007,SAVINGS,ACTIVE,2023-07-19,38533.63
506331,105218,B013,SALARY,CLOSED,2023-08-26,17951.53
506332,103894,B016,SAVINGS,ACTIVE,2024-10-07,28567.59
506333,104212,B013,SAVINGS,ACTIVE,2025-06-24,10025.77
506334,101355,B014,SAVINGS,ACTIVE,2024-11-25,3539.15
506335,106443,B005,SAVINGS,ACTIVE,2020-09-17,69330.87
506336,104856,B019,SAVINGS,ACTIVE,2022-11-07,81608.67
506337,101606,B007,CURRENT,ACTIVE,2022-12-20,70752.48
506338,105845,B015,SAVINGS,ACTIVE,2019-07-13,30722.88
506339,107815,B017,SAVINGS,CLOSED,2023-07-23,136524.53
506340,101158,B005,SAVINGS,ACTIVE,2020-03-16,31051.77
506341,103941,B011,SAVINGS,ACTIVE,2020-03-12,31338.79
506342,101949,B006,SAVINGS,ACTIVE,2025-10-03,780.49
506343,108517,B002,SAVINGS,ACTIVE,2021-02-04,20291.33
506344,100645,B019,CURRENT,ACTIVE,2019-07-31,3043.6
506345,100755,B014,SAVINGS,ACTIVE,2026-03-24,123914.73
506346,108465,B005,SAVINGS,ACTIVE,2019-01-27,29017.07
506347,105208,B009,SALARY,ACTIVE,2025-06-25,118309.65
506348,103800,B012,SAVINGS,ACTIVE,2024-07-16,7757.61
506349,107449,B004,SAVINGS,ACTIVE,2021-05-11,28136.99
506350,105571,B014,SAVINGS,ACTIVE,2019-01-05,17061.88
506351,107076,B010,SAVINGS,ACTIVE,2024-05-12,2233.85
506352,106915,B003,SAVINGS,ACTIVE,2020-05-22,117098.03
506353,102378,B011,SAVINGS,ACTIVE,2026-03-17,79233.85
506354,102533,B004,SAVINGS,ACTIVE,2020-07-27,36223.45
506355,108218,B013,CURRENT,ACTIVE,2019-07-31,58113.97
506356,107657,B013,SAVINGS,ACTIVE,2024-03-02,11421.88
506357,107973,B019,SAVINGS,ACTIVE,2023-09-21,7159.74
506358,101649,B011,SAVINGS,ACTIVE,2019-05-18,11859.1
506359,103364,B009,SALARY,ACTIVE,2023-04-13,11149.38
506360,109890,B001,SALARY,ACTIVE,2019-12-10,20081.63
506361,103589,B011,SALARY,ACTIVE,2023-06-05,35221.91
506362,104684,B015,SAVINGS,ACTIVE,2020-05-17,20749.72
506363,109074,B019,SAVINGS,ACTIVE,2026-05-08,172413.35
506364,104944,B002,SALARY,ACTIVE,2023-09-17,4545.76
506365,108854,B007,SAVINGS,ACTIVE,2021-05-25,57362.35
506366,105559,B015,SAVINGS,ACTIVE,2020-08-27,11314.57
506367,109402,B002,SALARY,ACTIVE,2022-04-08,18170.64
506368,102908,B004,SAVINGS,ACTIVE,2025-04-12,168468.06
506369,109541,B012,CURRENT,ACTIVE,2020-10-09,15183.49
506370,104551,B011,SAVINGS,ACTIVE,2021-11-10,13925.71
506371,102657,B004,SAVINGS,ACTIVE,2023-07-31,14870.34
506372,100404,B013,SALARY,ACTIVE,2022-07-22,20852.04
506373,108515,B012,SAVINGS,ACTIVE,2021-05-23,27898.22
506374,108350,B006,SAVINGS,ACTIVE,2021-10-12,22739.25
506375,103371,B007,SAVINGS,ACTIVE,2024-02-13,3642.68
506376,109415,B008,SALARY,ACTIVE,2021-12-20,9619.89
506377,101209,B009,SAVINGS,ACTIVE,2021-01-27,82250.84
506378,103739,B012,SAVINGS,ACTIVE,2022-05-09,71822.92
506379,109294,B004,SAVINGS,ACTIVE,2020-10-02,34828.4
506380,108444,B017,SAVINGS,ACTIVE,2021-01-30,16295.99
506381,106525,B005,SAVINGS,ACTIVE,2025-10-22,28206.77
506382,106461,B013,SAVINGS,ACTIVE,2022-09-04,11409.87
506383,103197,B015,SAVINGS,ACTIVE,2025-01-05,104323.39
506384,103012,B007,SAVINGS,ACTIVE,2021-11-23,86021.41
506385,109324,B002,CURRENT,ACTIVE,2025-11-18,32829.46
506386,102206,B008,SAVINGS,ACTIVE,2020-08-07,13609.85
506387,102867,B013,SALARY,ACTIVE,2026-05-11,42427.55
506388,105683,B012,SAVINGS,ACTIVE,2025-07-06,52240.55
506389,107471,B002,SAVINGS,ACTIVE,2022-07-28,29900.53
506390,102650,B011,SAVINGS,ACTIVE,2019-11-11,10128.73
506391,102308,B009,SAVINGS,ACTIVE,2019-11-18,82798.61
506392,106839,B020,SAVINGS,ACTIVE,2019-06-20,53382.91
506393,101244,B015,SALARY,ACTIVE,2020-08-31,8573.69
506394,102614,B011,SAVINGS,ACTIVE,2020-04-21,30468.78
506395,105593,B004,SAVINGS,ACTIVE,2019-12-19,10222.94
506396,108565,B007,SAVINGS,ACTIVE,2022-08-01,19457.66
506397,105267,B009,SAVINGS,ACTIVE,2022-11-15,20305.81
506398,108704,B020,SAVINGS,ACTIVE,2021-03-01,7148.06
506399,104420,B002,SAVINGS,ACTIVE,2023-11-28,10193.47
506400,104918,B020,SAVINGS,ACTIVE,2026-03-25,102120.28
506401,106158,B015,SAVINGS,ACTIVE,2022-08-02,3691.33
506402,105832,B006,SAVINGS,ACTIVE,2026-05-23,52714.73
506403,103971,B012,SAVINGS,ACTIVE,2023-02-18,33470.23
506404,103596,B014,SAVINGS,ACTIVE,2023-12-02,80407.06
506405,106077,B001,SAVINGS,ACTIVE,2021-06-08,6300.05
506406,108770,B001,SAVINGS,ACTIVE,2023-12-12,42864.96
506407,108072,B011,SAVINGS,ACTIVE,2022-04-03,90531.72
506408,108883,B020,SALARY,ACTIVE,2025-05-10,527904.68
506409,108756,B007,SAVINGS,ACTIVE,2021-05-02,41416.03
506410,106222,B018,SAVINGS,ACTIVE,2019-09-29,40342.53
506411,100570,B002,SAVINGS,ACTIVE,2024-06-10,19010.84
506412,101203,B006,SAVINGS,ACTIVE,2026-04-01,128709.4
506413,107383,B014,CURRENT,ACTIVE,2023-01-07,11790.23
506414,105158,B001,SAVINGS,BLOCKED,2023-11-30,21916.39
506415,101518,B016,SAVINGS,ACTIVE,2019-03-01,4073.45
506416,106889,B004,SAVINGS,ACTIVE,2023-08-26,4093.9
506417,100131,B005,SALARY,ACTIVE,2025-10-05,13677.39
506418,109335,B018,SAVINGS,ACTIVE,2024-08-25,22626.24
506419,109097,B001,SAVINGS,ACTIVE,2024-05-19,29241.24
506420,109339,B012,SALARY,ACTIVE,2020-01-30,2032.15
506421,103234,B005,SAVINGS,ACTIVE,2024-08-27,65947.65
506422,107800,B010,SAVINGS,ACTIVE,2019-11-10,3008.88
506423,103079,B018,SAVINGS,ACTIVE,2022-06-16,7776.67
506424,100127,B016,SAVINGS,ACTIVE,2024-09-04,20287.47
506425,104270,B014,SAVINGS,ACTIVE,2022-09-30,36201.71
506426,104092,B011,SAVINGS,ACTIVE,2019-12-18,18747.79
506427,102969,B007,SAVINGS,ACTIVE,2023-02-10,23496.19
506428,109334,B016,CURRENT,ACTIVE,2024-04-25,2214.12
506429,103543,B010,SAVINGS,ACTIVE,2019-02-12,59981.47
506430,103765,B017,SALARY,ACTIVE,2025-04-23,7317.08
506431,109227,B007,SAVINGS,ACTIVE,2022-11-30,38189.78
506432,106054,B006,SAVINGS,ACTIVE,2020-12-11,88271.73
506433,109509,B011,SAVINGS,ACTIVE,2021-11-02,11987.35
506434,108321,B011,SAVINGS,ACTIVE,2023-05-30,14164.64
506435,101271,B017,SALARY,ACTIVE,2021-03-22,71161.6
506436,102020,B010,SALARY,ACTIVE,2022-07-08,29971.73
506437,105182,B013,SAVINGS,ACTIVE,2021-07-23,53050.41
506438,101970,B014,SAVINGS,ACTIVE,2024-10-12,42463.57
506439,105438,B014,SAVINGS,ACTIVE,2023-07-20,29004.21
506440,109251,B009,SAVINGS,ACTIVE,2023-08-26,20410.22
506441,105727,B003,CURRENT,ACTIVE,2023-08-17,28880.78
506442,108373,B008,SALARY,ACTIVE,2024-09-24,95163.53
506443,100565,B002,SALARY,CLOSED,2025-05-24,50618.36
506444,104361,B018,SAVINGS,ACTIVE,2024-06-28,7234.45
506445,102973,B019,CURRENT,ACTIVE,2024-12-30,5217.14
506446,109174,B017,SALARY,ACTIVE,2023-09-12,47584.85
506447,107950,B017,SAVINGS,BLOCKED,2021-10-02,1416.93
506448,105628,B020,SAVINGS,ACTIVE,2021-08-24,5139.54
506449,109747,B014,SAVINGS,ACTIVE,2024-12-24,8850.14
506450,102189,B003,SAVINGS,BLOCKED,2023-01-24,53642.8
506451,102310,B003,SAVINGS,ACTIVE,2023-12-28,83842.51
506452,103532,B009,SAVINGS,ACTIVE,2025-05-11,22917.32
506453,109427,B017,SALARY,ACTIVE,2021-08-17,12079.3
506454,108143,B017,SAVINGS,ACTIVE,2025-03-27,22162.95
506455,101153,B019,SAVINGS,ACTIVE,2020-03-18,783375.6
506456,105477,B016,CURRENT,CLOSED,2023-01-22,68371.06
506457,105825,B012,SAVINGS,ACTIVE,2023-12-21,11310.76
506458,100262,B009,SAVINGS,ACTIVE,2019-10-06,19969.53
506459,102738,B014,SAVINGS,ACTIVE,2025-05-27,5177.12
506460,105103,B009,SAVINGS,ACTIVE,2019-07-07,26988.85
506461,104196,B013,SAVINGS,ACTIVE,2024-01-30,14631.84
506462,100135,B014,SALARY,ACTIVE,2020-12-09,22607.01
506463,107144,B015,SAVINGS,ACTIVE,2023-07-06,5692.11
506464,101654,B015,SALARY,ACTIVE,2026-03-20,41462.9
506465,106877,B007,SAVINGS,ACTIVE,2022-04-05,36861.04
506466,106531,B016,SAVINGS,ACTIVE,2019-02-12,91730.11
506467,104513,B013,SAVINGS,ACTIVE,2021-06-18,6877.9
506468,106229,B004,SALARY,ACTIVE,2025-06-08,12414.99
506469,102721,B011,SAVINGS,ACTIVE,2023-09-02,74479.54
506470,105418,B009,SAVINGS,BLOCKED,2026-03-09,46656.72
506471,109651,B002,SAVINGS,ACTIVE,2023-05-25,42185.77
506472,106201,B013,SALARY,ACTIVE,2020-04-28,47113.62
506473,100623,B008,SAVINGS,ACTIVE,2025-01-20,61132.7
506474,104127,B016,SAVINGS,ACTIVE,2021-07-14,207949.65
506475,106085,B007,SAVINGS,ACTIVE,2019-11-18,182467.11
506476,100063,B002,SALARY,ACTIVE,2025-11-22,16615.97
506477,105777,B018,SAVINGS,CLOSED,2019-09-10,63079.5
506478,106588,B014,SAVINGS,ACTIVE,2020-01-20,4012.5
506479,104642,B019,SAVINGS,ACTIVE,2024-11-28,42921.27
506480,107217,B003,SAVINGS,ACTIVE,2024-12-21,39880.52
506481,109630,B013,SALARY,ACTIVE,2026-02-01,39242.54
506482,105614,B008,SALARY,ACTIVE,2023-09-05,479141.63
506483,109161,B002,SAVINGS,ACTIVE,2025-12-25,76439.34
506484,106073,B005,SALARY,ACTIVE,2025-05-16,29297.66
506485,108002,B016,SAVINGS,ACTIVE,2019-03-10,3595.89
506486,101861,B002,SAVINGS,ACTIVE,2021-08-26,39076.08
506487,109401,B003,SAVINGS,ACTIVE,2019-07-13,194905.09
506488,102528,B004,SAVINGS,ACTIVE,2019-10-29,2090.95
506489,100227,B006,SAVINGS,ACTIVE,2023-09-27,54283.41
506490,105406,B012,SAVINGS,ACTIVE,2023-07-08,17739.45
506491,109822,B010,SAVINGS,ACTIVE,2023-12-05,69726.36
506492,102884,B011,SAVINGS,ACTIVE,2024-05-20,12021.38
506493,100618,B001,SAVINGS,ACTIVE,2019-02-09,16559.65
506494,102250,B018,SAVINGS,ACTIVE,2020-01-15,67986.79
506495,105758,B007,SAVINGS,ACTIVE,2022-10-20,29820.45
506496,107807,B005,SAVINGS,ACTIVE,2020-10-05,59401.69
506497,109868,B014,SAVINGS,ACTIVE,2020-10-10,63647.63
506498,106161,B002,SAVINGS,ACTIVE,2022-04-11,28454.35
506499,107092,B016,SAVINGS,ACTIVE,2020-06-19,416191.63
506500,101024,B009,CURRENT,ACTIVE,2023-02-26,14669.35
506501,108086,B003,CURRENT,BLOCKED,2020-05-04,48036.16
506502,108389,B016,SAVINGS,ACTIVE,2021-12-01,250469.24
506503,101768,B010,SAVINGS,ACTIVE,2024-06-21,8643.0
506504,105333,B003,SALARY,ACTIVE,2023-05-20,25077.36
506505,108278,B003,SALARY,ACTIVE,2019-08-05,50306.24
506506,107514,B001,SAVINGS,ACTIVE,2023-03-08,2654.9
506507,104410,B005,SAVINGS,ACTIVE,2019-08-25,15369.45
506508,105479,B015,SAVINGS,ACTIVE,2019-07-23,56631.02
506509,103459,B001,SAVINGS,BLOCKED,2024-02-01,88978.48
506510,104746,B002,SAVINGS,ACTIVE,2021-04-02,28820.09
506511,103027,B013,SAVINGS,ACTIVE,2019-04-08,74744.79
506512,107111,B008,SALARY,ACTIVE,2021-11-14,28944.99
506513,107651,B004,SAVINGS,ACTIVE,2021-11-29,11917.27
506514,104735,B007,CURRENT,ACTIVE,2023-01-20,19535.63
506515,101722,B019,SAVINGS,ACTIVE,2021-05-11,20433.32
506516,106417,B001,SAVINGS,ACTIVE,2025-03-04,40407.84
506517,101569,B006,SAVINGS,ACTIVE,2019-05-28,35830.39
506518,105676,B020,SALARY,ACTIVE,2024-11-05,16760.54
506519,101764,B018,SAVINGS,ACTIVE,2022-10-28,6062.87
506520,107164,B013,SAVINGS,BLOCKED,2024-12-14,153768.65
506521,104865,B020,SAVINGS,ACTIVE,2023-08-28,59340.4
506522,107838,B005,SAVINGS,ACTIVE,2023-04-30,32904.94
506523,106923,B004,SAVINGS,ACTIVE,2020-08-08,69720.84
506524,107074,B008,SAVINGS,BLOCKED,2023-04-07,75924.22
506525,103199,B005,SAVINGS,BLOCKED,2024-12-04,40307.03
506526,109221,B014,SAVINGS,ACTIVE,2025-01-10,11066.24
506527,105301,B009,SAVINGS,ACTIVE,2020-07-03,15276.09
506528,109395,B016,SAVINGS,ACTIVE,2020-06-17,124340.46
506529,106859,B002,SAVINGS,ACTIVE,2019-01-17,7149.34
506530,101086,B009,SAVINGS,ACTIVE,2020-02-12,18954.42
506531,102817,B007,SAVINGS,ACTIVE,2022-02-05,79802.91
506532,106103,B012,SAVINGS,ACTIVE,2019-09-12,12018.16
506533,100397,B009,CURRENT,ACTIVE,2023-01-13,26496.84
506534,105825,B007,SAVINGS,ACTIVE,2026-02-10,14204.57
506535,108448,B017,SAVINGS,ACTIVE,2020-02-26,43433.86
506536,100470,B001,SAVINGS,ACTIVE,2025-05-26,6715.76
506537,100477,B007,SAVINGS,ACTIVE,2020-02-27,68205.03
506538,103843,B005,CURRENT,ACTIVE,2023-10-18,37304.39
506539,109442,B006,SAVINGS,CLOSED,2025-10-20,10185.34
506540,102654,B011,SAVINGS,ACTIVE,2020-03-31,5813.03
506541,103047,B004,SAVINGS,ACTIVE,2022-10-30,83537.99
506542,104200,B006,SAVINGS,ACTIVE,2019-01-22,22048.26
506543,102167,B015,SAVINGS,CLOSED,2020-06-11,2254.76
506544,107716,B003,SAVINGS,ACTIVE,2023-09-23,14573.48
506545,106255,B007,SAVINGS,ACTIVE,2025-11-07,223808.53
506546,102898,B018,SAVINGS,ACTIVE,2024-04-03,6122.0
506547,105551,B009,SALARY,ACTIVE,2019-11-27,28083.63
506548,109246,B015,SALARY,ACTIVE,2024-04-01,66500.66
506549,109457,B005,SALARY,ACTIVE,2023-03-19,14105.5
506550,108800,B018,SAVINGS,ACTIVE,2023-02-10,5814.11
506551,104691,B007,SAVINGS,ACTIVE,2019-12-01,30120.41
506552,106329,B008,SAVINGS,ACTIVE,2019-04-01,19843.03
506553,102085,B020,CURRENT,ACTIVE,2021-08-08,13409.18
506554,109866,B015,SAVINGS,ACTIVE,2022-05-08,41159.56
506555,106904,B008,SAVINGS,ACTIVE,2021-08-01,153499.07
506556,100145,B013,SALARY,ACTIVE,2020-04-09,10207.11
506557,109471,B008,SAVINGS,ACTIVE,2019-02-11,27845.62
506558,103510,B007,SAVINGS,ACTIVE,2021-05-24,48212.73
506559,102478,B008,SAVINGS,ACTIVE,2025-05-30,31783.66
506560,102483,B007,SAVINGS,ACTIVE,2025-10-30,5003.0
506561,101638,B003,SAVINGS,ACTIVE,2024-02-12,13815.11
506562,101424,B012,SAVINGS,ACTIVE,2021-10-26,18517.33
506563,103627,B003,SAVINGS,ACTIVE,2023-07-03,19845.41
506564,107677,B001,SAVINGS,ACTIVE,2025-10-04,156750.97
506565,105615,B020,SAVINGS,ACTIVE,2020-05-13,2964.84
506566,105106,B002,SAVINGS,ACTIVE,2021-01-28,159151.59
506567,104724,B002,CURRENT,BLOCKED,2020-09-09,8322.34
506568,109231,B014,SAVINGS,ACTIVE,2020-12-17,8214.25
506569,108158,B017,SALARY,ACTIVE,2022-10-10,13096.96
506570,103962,B016,SAVINGS,ACTIVE,2024-11-08,79754.67
506571,109273,B019,CURRENT,ACTIVE,2019-08-20,72822.48
506572,109592,B002,SAVINGS,ACTIVE,2021-03-04,19041.5
506573,108930,B018,SAVINGS,ACTIVE,2025-01-04,17773.24
506574,106385,B010,SAVINGS,ACTIVE,2020-10-28,21995.59
506575,104374,B008,SALARY,ACTIVE,2021-12-23,24518.0
506576,103677,B015,SAVINGS,ACTIVE,2023-12-11,24252.31
506577,107142,B007,CURRENT,ACTIVE,2024-12-27,91178.03
506578,106496,B009,SAVINGS,ACTIVE,2020-07-30,37351.36
506579,100326,B014,SALARY,ACTIVE,2025-02-10,66479.97
506580,108884,B003,SAVINGS,ACTIVE,2025-02-20,10730.02
506581,101692,B007,SAVINGS,ACTIVE,2020-03-09,5332.62
506582,100561,B013,SAVINGS,BLOCKED,2024-02-19,24035.39
506583,107503,B009,SAVINGS,CLOSED,2022-09-06,75683.84
506584,104359,B019,SAVINGS,ACTIVE,2021-06-09,32196.47
506585,107801,B008,SAVINGS,ACTIVE,2023-05-24,31040.68
506586,100527,B019,SAVINGS,ACTIVE,2022-06-20,27748.83
506587,109490,B012,SAVINGS,ACTIVE,2024-04-19,15024.37
506588,106244,B018,SALARY,ACTIVE,2023-10-01,98123.21
506589,100666,B014,SAVINGS,ACTIVE,2025-08-22,46756.51
506590,100128,B020,SAVINGS,ACTIVE,2024-03-26,15671.92
506591,104287,B011,SAVINGS,ACTIVE,2024-04-24,90195.59
506592,105138,B017,SALARY,ACTIVE,2019-12-06,12998.39
506593,101863,B012,CURRENT,ACTIVE,2024-06-20,22236.44
506594,101966,B006,SAVINGS,ACTIVE,2020-09-11,4261.64
506595,100262,B007,SAVINGS,ACTIVE,2025-08-02,48583.78
506596,101968,B017,SAVINGS,ACTIVE,2026-04-02,25146.84
506597,103484,B010,SALARY,ACTIVE,2020-09-11,10717.85
506598,107417,B016,CURRENT,ACTIVE,2020-09-15,525567.58
506599,106723,B011,SAVINGS,ACTIVE,2020-05-31,52117.33
506600,101705,B015,SALARY,ACTIVE,2020-03-21,183746.96
506601,103100,B019,SAVINGS,ACTIVE,2021-01-23,48454.23
506602,100576,B018,SAVINGS,ACTIVE,2021-11-16,23465.86
506603,109353,B016,SAVINGS,ACTIVE,2024-07-13,6881.1
506604,103874,B001,SAVINGS,BLOCKED,2024-07-26,22710.96
506605,107594,B019,SAVINGS,ACTIVE,2022-03-31,228059.17
506606,104484,B011,SALARY,ACTIVE,2019-10-01,24421.92
506607,102630,B018,SALARY,ACTIVE,2026-02-05,26462.64
506608,103505,B016,SAVINGS,ACTIVE,2021-07-15,32086.7
506609,109546,B002,SAVINGS,ACTIVE,2020-03-16,313440.85
506610,105172,B007,SALARY,ACTIVE,2019-07-02,8587.98
506611,107063,B007,SAVINGS,ACTIVE,2024-03-20,23854.84
506612,103648,B004,SAVINGS,ACTIVE,2020-05-08,46534.28
506613,101201,B004,SALARY,ACTIVE,2025-08-01,75917.08
506614,102951,B003,SALARY,ACTIVE,2026-02-22,29512.59
506615,106630,B012,SAVINGS,ACTIVE,2019-05-26,4648.38
506616,105057,B012,SAVINGS,ACTIVE,2022-11-04,84771.86
506617,107581,B010,SAVINGS,ACTIVE,2024-07-05,33985.0
506618,100314,B011,SALARY,ACTIVE,2026-01-25,62567.56
506619,103313,B014,SAVINGS,ACTIVE,2019-09-25,15353.12
506620,100212,B008,SALARY,ACTIVE,2025-03-08,136980.9
506621,102025,B014,SAVINGS,ACTIVE,2021-11-19,31187.55
506622,108733,B019,SAVINGS,ACTIVE,2026-04-14,13432.59
506623,103062,B010,SALARY,ACTIVE,2025-05-12,218939.46
506624,106644,B015,CURRENT,ACTIVE,2021-02-08,19066.53
506625,100223,B006,SAVINGS,ACTIVE,2023-12-17,37324.09
506626,103438,B011,SALARY,ACTIVE,2022-11-10,46091.21
506627,103269,B009,SALARY,ACTIVE,2026-02-05,58714.4
506628,103517,B016,SAVINGS,ACTIVE,2022-10-30,6822.55
506629,106478,B017,SAVINGS,ACTIVE,2023-08-23,501907.83
506630,103566,B008,SALARY,ACTIVE,2022-11-06,56485.32
506631,100181,B001,SAVINGS,ACTIVE,2025-01-24,140289.78
506632,108651,B010,SAVINGS,ACTIVE,2019-04-17,8764.72
506633,106594,B008,SAVINGS,ACTIVE,2025-12-25,24067.78
506634,109720,B018,SAVINGS,ACTIVE,2023-07-02,29216.94
506635,107668,B008,SAVINGS,ACTIVE,2021-04-19,35283.99
506636,103002,B017,SAVINGS,ACTIVE,2024-03-18,222335.79
506637,108662,B017,SAVINGS,ACTIVE,2022-07-17,104831.17
506638,106984,B014,SAVINGS,ACTIVE,2025-08-06,10632.19
506639,102904,B015,SAVINGS,ACTIVE,2020-10-06,221193.8
506640,102488,B009,SAVINGS,ACTIVE,2024-11-20,6540.73
506641,100299,B007,SAVINGS,ACTIVE,2020-09-21,28498.52
506642,107370,B016,SAVINGS,ACTIVE,2021-09-27,8122.29
506643,101123,B011,SAVINGS,BLOCKED,2021-01-10,95139.08
506644,109509,B015,CURRENT,ACTIVE,2021-01-09,16088.37
506645,102588,B011,SAVINGS,ACTIVE,2019-03-05,13140.21
506646,100369,B008,SAVINGS,BLOCKED,2023-04-16,67428.43
506647,108800,B014,SALARY,ACTIVE,2020-05-29,48213.52
506648,100640,B007,SAVINGS,ACTIVE,2025-12-09,16741.7
506649,103737,B008,SAVINGS,ACTIVE,2025-01-20,38503.05
506650,107964,B017,SAVINGS,ACTIVE,2019-08-11,26632.9
506651,103842,B015,SAVINGS,ACTIVE,2019-10-10,54159.28
506652,104526,B017,SAVINGS,ACTIVE,2021-09-29,16499.13
506653,107217,B019,CURRENT,ACTIVE,2024-03-05,55479.2
506654,105552,B004,CURRENT,ACTIVE,2023-06-10,20153.31
506655,102094,B018,SAVINGS,ACTIVE,2020-04-25,53432.81
506656,103897,B017,SAVINGS,ACTIVE,2019-12-12,3391.77
506657,103658,B014,SAVINGS,ACTIVE,2026-03-17,15995.36
506658,100542,B010,SALARY,ACTIVE,2024-06-07,7442.98
506659,108317,B020,SAVINGS,ACTIVE,2024-05-24,6271.1
506660,104026,B009,SAVINGS,ACTIVE,2024-07-25,31480.67
506661,103148,B010,SAVINGS,ACTIVE,2025-02-22,45501.04
506662,101488,B007,SALARY,ACTIVE,2023-03-17,88588.58
506663,104656,B012,SAVINGS,ACTIVE,2019-09-20,62392.57
506664,103246,B008,SAVINGS,ACTIVE,2019-12-06,8995.71
506665,101866,B018,SALARY,ACTIVE,2021-01-13,33629.41
506666,101725,B016,SAVINGS,ACTIVE,2025-03-12,26912.85
506667,109343,B003,SAVINGS,ACTIVE,2019-09-26,10174.42
506668,108561,B013,SAVINGS,ACTIVE,2019-06-30,17364.13
506669,106362,B016,SAVINGS,ACTIVE,2026-01-19,69275.19
506670,102503,B008,SALARY,ACTIVE,2026-04-24,41874.9
506671,100917,B001,SAVINGS,ACTIVE,2025-03-26,8537.15
506672,105845,B014,SAVINGS,ACTIVE,2022-12-12,13051.71
506673,100892,B019,CURRENT,ACTIVE,2023-08-14,31941.88
506674,109855,B010,SAVINGS,ACTIVE,2022-09-19,2688.08
506675,106028,B008,SAVINGS,ACTIVE,2023-04-17,13024.91
506676,109901,B010,SAVINGS,ACTIVE,2021-07-10,40510.22
506677,105751,B013,SAVINGS,ACTIVE,2024-05-09,11935.87
506678,106547,B019,SAVINGS,ACTIVE,2023-01-17,39010.9
506679,104718,B017,SALARY,ACTIVE,2020-08-05,2303.8
506680,103086,B011,SAVINGS,ACTIVE,2025-06-26,54153.24
506681,100101,B001,CURRENT,ACTIVE,2020-10-12,10212.77
506682,105046,B015,SAVINGS,ACTIVE,2021-11-20,50297.27
506683,108988,B020,CURRENT,ACTIVE,2020-01-30,104692.44
506684,105072,B013,SAVINGS,ACTIVE,2021-09-30,40201.91
506685,107204,B007,SAVINGS,ACTIVE,2023-12-06,15000.98
506686,108767,B014,SAVINGS,ACTIVE,2025-07-28,115088.58
506687,103716,B006,SAVINGS,CLOSED,2019-01-14,17575.26
506688,107181,B013,SAVINGS,ACTIVE,2021-01-14,16696.62
506689,105507,B015,SAVINGS,ACTIVE,2019-09-26,15393.73
506690,108829,B006,SAVINGS,ACTIVE,2021-09-14,17306.04
506691,106805,B001,SAVINGS,ACTIVE,2020-08-16,7415.04
506692,100160,B019,SAVINGS,ACTIVE,2019-06-30,9497.09
506693,100383,B015,SAVINGS,ACTIVE,2023-01-11,111344.7
506694,109736,B006,SAVINGS,ACTIVE,2020-07-07,164533.13
506695,103977,B014,SAVINGS,CLOSED,2022-06-25,14512.76
506696,106830,B014,SAVINGS,ACTIVE,2020-06-30,59894.73
506697,108957,B001,CURRENT,ACTIVE,2024-06-02,28257.09
506698,109306,B012,SAVINGS,ACTIVE,2025-01-24,12932.19
506699,107361,B002,SAVINGS,ACTIVE,2024-07-10,67927.81
506700,107913,B010,SAVINGS,ACTIVE,2026-03-21,18063.23
506701,107701,B014,SAVINGS,ACTIVE,2024-09-30,88027.22
506702,107043,B005,CURRENT,ACTIVE,2019-09-14,19764.0
506703,109620,B016,SALARY,BLOCKED,2020-11-29,53319.57
506704,100729,B015,SALARY,ACTIVE,2021-04-06,20398.59
506705,102765,B014,SAVINGS,ACTIVE,2023-11-30,54468.77
506706,101445,B002,SAVINGS,ACTIVE,2020-01-17,7185.56
506707,107836,B011,SAVINGS,ACTIVE,2019-12-10,6973.81
506708,102096,B018,CURRENT,ACTIVE,2024-05-05,65316.19
506709,101541,B018,SALARY,ACTIVE,2021-06-03,31861.39
506710,104908,B016,SAVINGS,ACTIVE,2022-04-26,17553.95
506711,101892,B015,SAVINGS,ACTIVE,2023-03-05,37718.53
506712,107738,B016,SAVINGS,ACTIVE,2021-11-04,6838.03
506713,104239,B006,SAVINGS,ACTIVE,2022-11-04,87205.17
506714,102356,B001,SALARY,ACTIVE,2024-12-11,10829.65
506715,105755,B016,CURRENT,ACTIVE,2021-02-12,24481.9
506716,109805,B020,SAVINGS,ACTIVE,2023-09-05,21264.33
506717,107415,B008,SAVINGS,ACTIVE,2022-04-17,134148.93
506718,106648,B003,SAVINGS,ACTIVE,2022-08-31,3783.27
506719,106927,B010,CURRENT,ACTIVE,2023-04-28,4776.67
506720,107396,B008,SAVINGS,ACTIVE,2019-12-02,3250.16
506721,106251,B007,CURRENT,ACTIVE,2021-09-29,34200.93
506722,109014,B010,SAVINGS,BLOCKED,2021-09-28,18258.25
506723,102664,B020,SAVINGS,ACTIVE,2022-01-27,166504.63
506724,105136,B019,SAVINGS,ACTIVE,2019-04-05,45851.15
506725,107228,B008,SAVINGS,ACTIVE,2021-01-23,5357.88
506726,101452,B015,SAVINGS,ACTIVE,2020-12-21,20715.45
506727,104776,B006,SAVINGS,ACTIVE,2025-12-02,57051.88
506728,104278,B006,SAVINGS,ACTIVE,2025-10-08,25046.8
506729,103065,B017,SAVINGS,ACTIVE,2021-04-15,18846.23
506730,105302,B015,SAVINGS,ACTIVE,2021-03-24,14990.73
506731,107037,B015,SAVINGS,ACTIVE,2020-07-02,25400.5
506732,109711,B004,SAVINGS,ACTIVE,2023-07-29,8352.55
506733,104449,B002,SAVINGS,ACTIVE,2020-03-24,27933.06
506734,100718,B010,CURRENT,ACTIVE,2024-09-24,41337.61
506735,109837,B015,SAVINGS,ACTIVE,2025-09-04,18900.97
506736,103288,B003,SALARY,ACTIVE,2021-07-03,29880.71
506737,103940,B020,CURRENT,ACTIVE,2022-07-30,28128.47
506738,107457,B003,SALARY,ACTIVE,2020-01-29,18127.21
506739,103251,B008,SALARY,ACTIVE,2019-12-09,85978.82
506740,107055,B019,CURRENT,ACTIVE,2020-07-04,2345.46
506741,100098,B016,CURRENT,ACTIVE,2025-04-15,5401.05
506742,108355,B014,SAVINGS,ACTIVE,2023-01-22,47681.36
506743,105216,B004,SAVINGS,ACTIVE,2021-06-28,67584.15
506744,109576,B003,SALARY,ACTIVE,2019-06-10,17378.8
506745,106045,B002,SAVINGS,BLOCKED,2020-04-13,71357.11
506746,105641,B008,SAVINGS,ACTIVE,2019-11-18,13159.16
506747,104937,B016,SAVINGS,ACTIVE,2019-03-12,12656.1
506748,108547,B018,SAVINGS,ACTIVE,2026-02-11,39916.01
506749,101794,B014,SAVINGS,ACTIVE,2025-01-08,53406.8
506750,109627,B006,SAVINGS,ACTIVE,2023-02-25,26737.13
506751,103661,B003,SAVINGS,ACTIVE,2025-10-20,161976.4
506752,101301,B017,CURRENT,ACTIVE,2020-10-09,55064.45
506753,101532,B019,SAVINGS,ACTIVE,2024-08-19,1548.61
506754,105879,B002,SALARY,ACTIVE,2020-12-30,28907.12
506755,109221,B017,SAVINGS,CLOSED,2021-10-22,50585.48
506756,104541,B006,SALARY,ACTIVE,2026-05-13,87022.49
506757,101867,B009,SAVINGS,ACTIVE,2019-07-27,115832.96
506758,107714,B012,SAVINGS,ACTIVE,2022-11-23,47028.2
506759,102971,B013,SAVINGS,ACTIVE,2021-01-14,31456.13
506760,101996,B009,SAVINGS,ACTIVE,2019-11-15,40530.27
506761,106515,B013,SAVINGS,ACTIVE,2020-02-26,35472.75
506762,108585,B016,SAVINGS,ACTIVE,2020-07-13,1493.58
506763,109486,B009,SAVINGS,ACTIVE,2025-05-28,50063.7
506764,104471,B017,CURRENT,ACTIVE,2024-08-18,5603.66
506765,109453,B009,SALARY,ACTIVE,2025-09-20,277002.52
506766,103654,B002,CURRENT,ACTIVE,2023-12-18,19728.56
506767,104928,B001,SALARY,ACTIVE,2020-10-15,46555.9
506768,107166,B007,SAVINGS,ACTIVE,2022-06-21,60313.85
506769,109149,B005,SAVINGS,ACTIVE,2025-05-07,70979.57
506770,103313,B018,SAVINGS,ACTIVE,2021-04-25,47321.34
506771,102428,B004,SAVINGS,ACTIVE,2020-11-11,32824.38
506772,108902,B013,SAVINGS,CLOSED,2024-05-07,410398.98
506773,101375,B014,SAVINGS,ACTIVE,2021-12-23,108019.91
506774,108757,B007,SALARY,ACTIVE,2020-10-01,9385.69
506775,104880,B006,SAVINGS,ACTIVE,2026-05-07,20170.09
506776,100324,B012,SAVINGS,ACTIVE,2021-09-26,494943.58
506777,107340,B007,SAVINGS,ACTIVE,2022-02-04,2032.36
506778,101835,B004,SAVINGS,ACTIVE,2025-08-16,18295.27
506779,104608,B006,SALARY,ACTIVE,2025-07-11,8093.73
506780,107362,B020,SAVINGS,ACTIVE,2021-02-17,10476.39
506781,104580,B017,SAVINGS,ACTIVE,2024-08-08,4101.41
506782,105399,B016,SAVINGS,ACTIVE,2022-09-09,53295.9
506783,102060,B002,SAVINGS,ACTIVE,2024-12-26,78166.67
506784,100819,B007,SAVINGS,ACTIVE,2020-03-26,32605.83
506785,102095,B014,SAVINGS,ACTIVE,2020-10-28,26312.17
506786,104102,B008,SAVINGS,ACTIVE,2019-02-01,14072.35
506787,102913,B005,SAVINGS,ACTIVE,2022-06-10,87268.81
506788,100356,B016,SAVINGS,ACTIVE,2022-01-31,90695.16
506789,104496,B004,CURRENT,ACTIVE,2023-02-06,154263.37
506790,102594,B013,SAVINGS,ACTIVE,2020-02-24,6719.17
506791,108165,B012,SAVINGS,ACTIVE,2023-05-21,14435.89
506792,101761,B011,SAVINGS,ACTIVE,2024-10-13,24816.39
506793,105787,B003,SALARY,ACTIVE,2025-02-14,64220.27
506794,108262,B004,SALARY,ACTIVE,2019-11-01,19469.81
506795,104725,B007,SALARY,ACTIVE,2024-08-28,57710.83
506796,108569,B012,SAVINGS,ACTIVE,2025-08-24,3935.16
506797,107415,B018,SAVINGS,ACTIVE,2020-10-15,55335.24
506798,108258,B019,SAVINGS,ACTIVE,2024-01-17,12983.29
506799,103287,B006,SAVINGS,ACTIVE,2025-12-10,7287.37
506800,100267,B008,SAVINGS,ACTIVE,2019-06-05,25898.9
506801,107473,B005,SALARY,ACTIVE,2025-01-09,52090.63
506802,107478,B015,SAVINGS,ACTIVE,2021-03-23,7047.2
506803,109137,B005,SAVINGS,ACTIVE,2025-11-26,137099.94
506804,106054,B001,SAVINGS,ACTIVE,2020-08-16,12255.37
506805,105428,B004,SAVINGS,ACTIVE,2022-02-22,389484.2
506806,106871,B016,SAVINGS,ACTIVE,2026-05-12,8172.87
506807,107343,B009,CURRENT,ACTIVE,2023-06-18,10078.12
506808,100480,B015,SAVINGS,ACTIVE,2021-10-16,9221.92
506809,106926,B010,SALARY,ACTIVE,2023-10-10,25423.16
506810,102065,B002,SAVINGS,ACTIVE,2019-10-07,99598.41
506811,105444,B018,SAVINGS,ACTIVE,2020-06-22,13824.85
506812,102091,B019,SAVINGS,ACTIVE,2024-10-05,22905.57
506813,104552,B017,SAVINGS,ACTIVE,2019-10-05,14757.12
506814,101619,B020,SALARY,ACTIVE,2020-12-08,50765.17
506815,108808,B012,CURRENT,ACTIVE,2020-01-19,35299.96
506816,105732,B014,SAVINGS,ACTIVE,2020-08-28,604447.55
506817,100287,B015,SAVINGS,ACTIVE,2021-03-08,38685.82
506818,103346,B015,SALARY,ACTIVE,2019-11-07,46512.1
506819,100801,B016,SAVINGS,ACTIVE,2021-07-26,64469.7
506820,104579,B010,SAVINGS,ACTIVE,2025-04-04,3808.99
506821,102402,B007,SAVINGS,ACTIVE,2024-02-11,9966.13
506822,107192,B001,SALARY,ACTIVE,2021-12-14,42332.3
506823,109586,B020,SAVINGS,ACTIVE,2022-02-18,137510.38
506824,105450,B011,SAVINGS,ACTIVE,2026-04-11,18184.83
506825,100068,B004,SAVINGS,ACTIVE,2022-06-17,21661.1
506826,104551,B018,SALARY,ACTIVE,2021-04-29,16213.2
506827,109609,B018,SAVINGS,CLOSED,2023-01-09,36938.27
506828,109088,B013,SALARY,ACTIVE,2019-10-31,161483.25
506829,105327,B011,SAVINGS,ACTIVE,2022-02-14,16854.58
506830,106379,B020,CURRENT,ACTIVE,2020-11-28,118319.14
506831,103465,B004,SAVINGS,ACTIVE,2024-06-12,2653.15
506832,106866,B019,SAVINGS,BLOCKED,2020-02-17,77996.52
506833,108765,B018,SAVINGS,ACTIVE,2020-04-03,36219.68
506834,101797,B006,CURRENT,ACTIVE,2021-06-01,21828.83
506835,109281,B005,SAVINGS,ACTIVE,2022-12-13,69939.84
506836,106030,B015,CURRENT,ACTIVE,2024-09-08,26671.81
506837,100650,B014,SALARY,ACTIVE,2024-07-06,3030.13
506838,105156,B014,CURRENT,ACTIVE,2025-01-20,22174.44
506839,101446,B003,SAVINGS,ACTIVE,2022-05-27,26800.37
506840,109433,B020,SAVINGS,ACTIVE,2024-01-14,20122.17
506841,109327,B019,SAVINGS,ACTIVE,2021-12-10,17851.69
506842,107408,B007,SAVINGS,ACTIVE,2024-10-31,16810.42
506843,101901,B003,SAVINGS,ACTIVE,2024-10-07,18327.57
506844,108388,B002,SAVINGS,ACTIVE,2022-04-22,12108.85
506845,109728,B003,SAVINGS,ACTIVE,2020-01-10,19257.39
506846,106581,B002,SAVINGS,ACTIVE,2020-07-01,46316.82
506847,105215,B003,SALARY,ACTIVE,2023-05-31,2859.75
506848,103267,B011,SAVINGS,CLOSED,2021-07-11,19294.8
506849,105674,B010,SAVINGS,ACTIVE,2019-06-04,25335.85
506850,106614,B017,SAVINGS,ACTIVE,2023-08-12,27744.09
506851,102215,B016,SALARY,ACTIVE,2024-11-16,7559.31
506852,109689,B011,SAVINGS,ACTIVE,2025-11-03,38550.97
506853,105985,B014,SALARY,ACTIVE,2020-07-21,26049.67
506854,103226,B020,SAVINGS,ACTIVE,2020-06-18,14041.65
506855,100550,B008,SAVINGS,ACTIVE,2020-03-29,11187.7
506856,101710,B017,CURRENT,ACTIVE,2023-11-11,39379.54
506857,107246,B002,SAVINGS,ACTIVE,2021-10-06,4927.01
506858,103123,B020,SAVINGS,ACTIVE,2025-12-21,37871.71
506859,101809,B010,SAVINGS,ACTIVE,2024-05-18,38328.77
506860,107798,B002,SALARY,ACTIVE,2020-05-11,3976.51
506861,107835,B001,SAVINGS,ACTIVE,2020-01-14,28198.11
506862,100859,B002,SAVINGS,ACTIVE,2019-05-20,7839.42
506863,103330,B001,SAVINGS,ACTIVE,2020-04-19,184970.36
506864,109298,B019,SALARY,CLOSED,2022-02-21,6889.31
506865,101225,B006,SAVINGS,BLOCKED,2019-01-07,137202.04
506866,107148,B008,SAVINGS,ACTIVE,2019-07-31,20083.93
506867,103673,B008,SAVINGS,ACTIVE,2024-09-21,37261.16
506868,106080,B002,SAVINGS,ACTIVE,2023-03-07,37687.98
506869,106076,B001,SAVINGS,ACTIVE,2022-05-31,4744.12
506870,101764,B006,SAVINGS,ACTIVE,2023-06-07,14544.9
506871,106960,B020,SAVINGS,ACTIVE,2025-12-25,16842.24
506872,105442,B003,SALARY,ACTIVE,2025-07-12,4593.57
506873,103352,B019,SAVINGS,CLOSED,2024-09-19,20830.32
506874,100160,B017,SAVINGS,ACTIVE,2020-05-17,27861.34
506875,109979,B002,SAVINGS,ACTIVE,2024-01-25,6509.12
506876,105681,B019,SALARY,ACTIVE,2025-01-16,120208.79
506877,103294,B012,SAVINGS,ACTIVE,2025-04-09,10301.35
506878,102991,B016,SAVINGS,ACTIVE,2020-12-07,5715.27
506879,103410,B010,SAVINGS,ACTIVE,2021-02-04,83231.31
506880,105365,B003,SAVINGS,ACTIVE,2024-09-29,7861.43
506881,109397,B013,SALARY,ACTIVE,2024-10-03,11610.06
506882,103621,B015,SAVINGS,ACTIVE,2021-06-14,72564.5
506883,108310,B010,SAVINGS,ACTIVE,2022-07-09,12121.07
506884,104418,B001,SALARY,ACTIVE,2026-05-02,85344.53
506885,105337,B005,SAVINGS,ACTIVE,2022-07-07,26433.78
506886,105581,B006,SAVINGS,ACTIVE,2024-02-08,13062.66
506887,108974,B002,SAVINGS,ACTIVE,2024-06-29,40595.81
506888,109537,B003,SAVINGS,ACTIVE,2026-04-02,12572.8
506889,105783,B006,CURRENT,ACTIVE,2025-01-06,93832.8
506890,109831,B018,SALARY,ACTIVE,2025-01-30,25773.58
506891,104354,B008,SAVINGS,ACTIVE,2023-05-03,55185.95
506892,106128,B006,SAVINGS,ACTIVE,2024-02-16,5345.22
506893,108695,B015,SAVINGS,ACTIVE,2024-02-05,11250.07
506894,101407,B019,SALARY,ACTIVE,2025-04-21,5602.36
506895,107709,B004,SAVINGS,ACTIVE,2020-06-24,123527.21
506896,100458,B001,SAVINGS,CLOSED,2023-01-29,17993.54
506897,100622,B007,SAVINGS,ACTIVE,2024-06-17,8774.21
506898,109931,B010,CURRENT,ACTIVE,2021-02-07,14271.32
506899,100864,B012,SAVINGS,ACTIVE,2019-07-16,11089.65
506900,106314,B019,SAVINGS,ACTIVE,2023-08-23,179583.94
506901,106400,B015,SAVINGS,ACTIVE,2021-09-21,44508.68
506902,105980,B006,SAVINGS,ACTIVE,2019-12-04,6596.62
506903,100916,B006,SAVINGS,ACTIVE,2019-07-11,15139.19
506904,100418,B012,SALARY,ACTIVE,2021-09-23,31432.24
506905,100264,B012,SAVINGS,ACTIVE,2023-04-22,39561.54
506906,109407,B006,SAVINGS,ACTIVE,2025-06-06,26277.92
506907,107497,B017,SALARY,ACTIVE,2025-11-20,8261.49
506908,101589,B003,SAVINGS,ACTIVE,2023-05-16,49501.87
506909,104741,B007,SALARY,ACTIVE,2019-07-02,26415.86
506910,105402,B018,SAVINGS,ACTIVE,2025-02-26,43162.07
506911,103906,B009,SAVINGS,ACTIVE,2021-02-04,2420.31
506912,103021,B004,SAVINGS,ACTIVE,2025-09-26,33081.72
506913,101187,B009,SALARY,ACTIVE,2019-04-16,100061.91
506914,103834,B011,SAVINGS,ACTIVE,2019-09-28,24413.0
506915,100326,B008,SALARY,ACTIVE,2022-05-25,19844.96
506916,103300,B011,SAVINGS,ACTIVE,2021-12-28,10332.02
506917,107001,B008,SAVINGS,ACTIVE,2022-12-18,2616.19
506918,102616,B001,SAVINGS,CLOSED,2021-05-27,24686.19
506919,109757,B018,SALARY,ACTIVE,2019-08-19,13711.6
506920,102603,B018,SALARY,ACTIVE,2024-01-18,102809.31
506921,108714,B020,CURRENT,ACTIVE,2020-05-16,6744.81
506922,100825,B002,SAVINGS,ACTIVE,2021-07-04,27541.97
506923,105674,B020,SAVINGS,ACTIVE,2024-12-04,38532.41
506924,100218,B008,SALARY,ACTIVE,2023-03-10,36511.66
506925,104596,B005,SAVINGS,ACTIVE,2020-08-10,9964.58
506926,104047,B005,SAVINGS,ACTIVE,2024-12-22,16704.2
506927,100983,B012,CURRENT,CLOSED,2020-10-26,37934.74
506928,100821,B003,SAVINGS,ACTIVE,2023-03-03,20036.81
506929,107106,B008,SAVINGS,ACTIVE,2025-11-27,35675.44
506930,103457,B010,SAVINGS,ACTIVE,2022-05-06,4305.69
506931,102405,B014,SAVINGS,ACTIVE,2019-02-06,18124.91
506932,102407,B017,SAVINGS,ACTIVE,2020-05-06,52102.18
506933,104847,B003,SAVINGS,ACTIVE,2025-10-31,20630.31
506934,104977,B019,SALARY,ACTIVE,2024-02-04,2560.33
506935,107825,B010,SAVINGS,ACTIVE,2025-05-19,30125.87
506936,106308,B001,SAVINGS,ACTIVE,2021-01-03,20270.93
506937,106857,B008,SAVINGS,ACTIVE,2025-05-31,9897.48
506938,103891,B020,SALARY,ACTIVE,2023-08-04,72508.87
506939,109254,B010,SAVINGS,ACTIVE,2024-02-26,64113.43
506940,104585,B014,SAVINGS,ACTIVE,2022-09-10,13819.65
506941,108259,B007,SAVINGS,ACTIVE,2021-11-10,32973.53
506942,109893,B009,SAVINGS,ACTIVE,2026-01-14,24745.13
506943,107469,B010,SAVINGS,ACTIVE,2019-03-11,11699.45
506944,104385,B011,SALARY,ACTIVE,2019-09-23,98930.09
506945,109598,B020,SAVINGS,ACTIVE,2024-07-17,14012.57
506946,104154,B009,SAVINGS,BLOCKED,2021-02-20,21287.99
506947,100656,B005,SAVINGS,CLOSED,2020-10-02,17362.48
506948,105681,B005,SAVINGS,ACTIVE,2022-04-29,34639.97
506949,105591,B010,SAVINGS,ACTIVE,2023-06-08,155018.21
506950,100302,B019,CURRENT,ACTIVE,2022-11-27,81856.78
506951,108604,B011,SALARY,ACTIVE,2021-07-25,233796.56
506952,104912,B002,SAVINGS,ACTIVE,2020-05-08,67121.48
506953,108403,B018,SALARY,ACTIVE,2023-07-04,47706.49
506954,100416,B010,SAVINGS,ACTIVE,2022-03-21,1594.65
506955,102652,B003,SAVINGS,ACTIVE,2020-01-28,41513.94
506956,102769,B018,SAVINGS,ACTIVE,2025-10-28,14840.13
506957,108076,B014,SAVINGS,ACTIVE,2023-07-08,8548.99
506958,107794,B009,CURRENT,CLOSED,2025-03-27,16009.93
506959,100462,B009,SAVINGS,ACTIVE,2022-03-21,17402.31
506960,102071,B006,SAVINGS,ACTIVE,2020-07-09,7050.56
506961,101833,B018,SALARY,ACTIVE,2021-01-09,17993.4
506962,104912,B009,SALARY,ACTIVE,2021-01-13,288845.36
506963,107422,B011,SAVINGS,ACTIVE,2019-04-03,5329.47
506964,106937,B019,SAVINGS,ACTIVE,2019-08-29,38311.2
506965,100718,B005,SAVINGS,ACTIVE,2022-03-02,38572.04
506966,109780,B013,SAVINGS,ACTIVE,2019-08-02,40852.84
506967,109122,B007,SAVINGS,ACTIVE,2022-10-21,27021.99
506968,106417,B003,SAVINGS,ACTIVE,2020-10-15,45418.48
506969,109067,B019,SAVINGS,ACTIVE,2025-07-06,5827.61
506970,108833,B016,SALARY,ACTIVE,2020-05-04,15699.77
506971,108995,B017,SAVINGS,ACTIVE,2021-07-03,21081.51
506972,102044,B001,CURRENT,ACTIVE,2024-07-08,235077.16
506973,106436,B012,SAVINGS,ACTIVE,2020-12-04,17054.7
506974,100761,B004,SALARY,ACTIVE,2025-04-14,9321.49
506975,100161,B007,SAVINGS,ACTIVE,2020-07-27,62458.53
506976,104925,B013,SALARY,ACTIVE,2024-05-26,81290.78
506977,109528,B005,SAVINGS,ACTIVE,2022-05-05,27889.85
506978,105704,B002,SALARY,BLOCKED,2022-04-11,3812.59
506979,109367,B017,SAVINGS,ACTIVE,2022-04-26,27868.21
506980,103215,B001,SAVINGS,CLOSED,2023-06-02,13191.25
506981,106580,B009,SAVINGS,ACTIVE,2023-12-22,32375.98
506982,107192,B013,CURRENT,ACTIVE,2026-03-12,11789.82
506983,100604,B019,SAVINGS,ACTIVE,2019-05-14,24354.94
506984,105506,B020,SALARY,ACTIVE,2022-04-04,13352.67
506985,108086,B003,SAVINGS,ACTIVE,2023-07-27,3115.49
506986,105892,B003,SALARY,ACTIVE,2020-10-17,85313.82
506987,108677,B020,SAVINGS,ACTIVE,2022-06-20,8527.82
506988,108973,B020,SAVINGS,ACTIVE,2019-03-14,29740.53
506989,109996,B005,SAVINGS,ACTIVE,2023-12-23,158574.31
506990,101660,B011,SAVINGS,ACTIVE,2021-09-12,11124.79
506991,106448,B010,SAVINGS,ACTIVE,2025-07-14,47351.75
506992,103259,B017,SAVINGS,ACTIVE,2019-07-18,8831.15
506993,101779,B017,SALARY,ACTIVE,2023-08-29,46821.66
506994,107602,B013,CURRENT,ACTIVE,2021-01-17,15027.11
506995,109678,B016,SAVINGS,ACTIVE,2021-10-17,2893.97
506996,104961,B008,SAVINGS,ACTIVE,2025-12-06,55051.95
506997,103335,B012,CURRENT,ACTIVE,2019-06-02,20987.69
506998,108870,B003,SAVINGS,ACTIVE,2024-03-18,38905.19
506999,100184,B004,SAVINGS,ACTIVE,2026-03-24,29185.62
507000,101577,B013,SAVINGS,ACTIVE,2021-10-25,11374.91
507001,106339,B002,SALARY,ACTIVE,2022-10-27,78908.77
507002,104562,B020,CURRENT,ACTIVE,2020-05-24,37644.74
507003,100134,B002,SAVINGS,ACTIVE,2019-07-02,12695.45
507004,107692,B007,CURRENT,ACTIVE,2021-09-09,24785.09
507005,108426,B010,SALARY,ACTIVE,2024-12-14,142021.01
507006,106271,B009,SAVINGS,ACTIVE,2026-04-10,20037.64
507007,107107,B014,CURRENT,ACTIVE,2019-04-11,20614.48
507008,101459,B010,SAVINGS,ACTIVE,2026-03-10,122114.75
507009,101247,B010,CURRENT,ACTIVE,2023-05-19,359886.9
507010,106992,B003,SAVINGS,ACTIVE,2022-02-25,9748.33
507011,103811,B005,SAVINGS,ACTIVE,2020-09-25,23600.88
507012,105454,B001,SALARY,ACTIVE,2024-10-05,23716.74
507013,108484,B014,SAVINGS,ACTIVE,2020-10-15,77350.23
507014,109726,B019,SALARY,ACTIVE,2020-01-10,167187.55
507015,100484,B010,SAVINGS,ACTIVE,2025-07-16,20579.62
507016,106344,B015,CURRENT,ACTIVE,2023-04-03,3630.12
507017,108928,B019,SAVINGS,ACTIVE,2022-03-06,25439.31
507018,103199,B020,SAVINGS,ACTIVE,2020-08-10,24149.0
507019,105621,B001,SAVINGS,ACTIVE,2026-02-02,79311.68
507020,105409,B019,SAVINGS,ACTIVE,2019-04-20,6458.39
507021,107535,B011,SAVINGS,ACTIVE,2025-01-29,15191.15
507022,101335,B019,SALARY,ACTIVE,2023-07-31,92531.87
507023,103939,B016,CURRENT,ACTIVE,2019-02-20,42387.6
507024,107477,B004,SAVINGS,ACTIVE,2022-01-27,31202.17
507025,104556,B019,SALARY,ACTIVE,2022-02-03,43363.69
507026,108583,B011,CURRENT,ACTIVE,2024-11-24,23107.91
507027,102701,B012,SALARY,ACTIVE,2026-02-07,7408.63
507028,105864,B009,SAVINGS,ACTIVE,2022-01-25,25877.83
507029,109035,B017,SAVINGS,ACTIVE,2022-06-11,29822.82
507030,105671,B013,SAVINGS,ACTIVE,2019-01-07,228282.6
507031,107095,B013,SALARY,ACTIVE,2023-07-20,19391.83
507032,101094,B017,SAVINGS,BLOCKED,2021-03-30,47874.27
507033,102505,B012,SAVINGS,ACTIVE,2019-08-28,39638.58
507034,101803,B020,SAVINGS,ACTIVE,2025-03-02,86693.18
507035,108279,B012,CURRENT,ACTIVE,2023-05-27,25966.61
507036,109595,B002,SAVINGS,ACTIVE,2023-07-10,10296.75
507037,109967,B004,SALARY,ACTIVE,2020-03-20,1101787.27
507038,103974,B015,SAVINGS,ACTIVE,2021-07-29,4811.88
507039,102320,B018,SAVINGS,ACTIVE,2022-11-15,12412.71
507040,107756,B016,SAVINGS,ACTIVE,2020-12-16,20740.25
507041,103865,B007,CURRENT,ACTIVE,2024-02-15,194462.49
507042,108922,B016,SAVINGS,ACTIVE,2023-09-06,14483.15
507043,102622,B005,SAVINGS,ACTIVE,2020-12-14,8220.15
507044,100913,B006,SAVINGS,ACTIVE,2020-09-12,39525.06
507045,102600,B014,SAVINGS,CLOSED,2021-12-05,106730.89
507046,108900,B003,SALARY,ACTIVE,2024-07-07,6144.13
507047,102989,B016,SAVINGS,ACTIVE,2025-05-18,48071.3
507048,101714,B008,SAVINGS,ACTIVE,2019-04-10,38858.48
507049,106246,B011,SAVINGS,ACTIVE,2020-09-03,9976.17
507050,107714,B009,SAVINGS,ACTIVE,2025-08-28,6895.66
507051,105162,B017,CURRENT,ACTIVE,2023-03-18,33834.61
507052,102691,B017,SAVINGS,ACTIVE,2019-01-11,10158.86
507053,109105,B007,SAVINGS,ACTIVE,2024-11-19,20194.67
507054,108479,B020,CURRENT,ACTIVE,2022-06-19,107221.44
507055,106137,B009,SAVINGS,ACTIVE,2021-11-04,33891.84
507056,104580,B018,SALARY,ACTIVE,2024-04-15,18409.09
507057,108036,B008,SAVINGS,ACTIVE,2021-09-21,270435.74
507058,104646,B005,SAVINGS,ACTIVE,2024-02-10,41925.78
507059,105985,B018,SAVINGS,ACTIVE,2024-02-20,13348.34
507060,105814,B009,SAVINGS,ACTIVE,2021-07-23,49886.91
507061,105327,B013,SALARY,ACTIVE,2023-07-15,83163.06
507062,108518,B017,SAVINGS,ACTIVE,2023-01-21,53134.81
507063,104164,B009,SAVINGS,ACTIVE,2023-02-01,76998.01
507064,102990,B009,SAVINGS,ACTIVE,2022-08-27,97849.81
507065,105055,B020,SAVINGS,ACTIVE,2020-02-14,22182.36
507066,109786,B003,SAVINGS,ACTIVE,2025-05-18,116568.63
507067,104893,B001,CURRENT,ACTIVE,2021-01-02,146396.12
507068,108346,B010,CURRENT,ACTIVE,2019-04-28,33372.9
507069,108806,B020,CURRENT,ACTIVE,2020-03-13,314131.37
507070,103862,B015,SAVINGS,ACTIVE,2024-08-12,16910.04
507071,105252,B002,SALARY,ACTIVE,2023-09-02,18421.09
507072,100271,B016,SAVINGS,ACTIVE,2021-10-29,6426.51
507073,103966,B002,SAVINGS,ACTIVE,2023-07-27,29468.63
507074,101756,B016,CURRENT,ACTIVE,2024-02-18,15095.41
507075,101245,B001,SALARY,ACTIVE,2026-02-25,15532.28
507076,105565,B005,SALARY,ACTIVE,2025-08-12,50864.08
507077,106288,B011,SAVINGS,ACTIVE,2020-09-28,13250.66
507078,108304,B011,SAVINGS,ACTIVE,2026-02-24,16515.54
507079,105706,B009,SAVINGS,ACTIVE,2025-02-01,113893.92
507080,109435,B003,SAVINGS,ACTIVE,2020-11-23,7618.28
507081,102341,B017,SAVINGS,ACTIVE,2024-02-15,89832.23
507082,103805,B003,CURRENT,ACTIVE,2019-02-07,281421.82
507083,108925,B018,SAVINGS,CLOSED,2024-03-21,145935.67
507084,100413,B018,SAVINGS,ACTIVE,2019-03-14,12350.34
507085,106842,B010,SAVINGS,ACTIVE,2024-07-03,4366.39
507086,107055,B006,SAVINGS,ACTIVE,2023-05-20,17920.92
507087,102964,B009,SALARY,ACTIVE,2022-03-17,15357.95
507088,103118,B015,SAVINGS,BLOCKED,2022-04-05,3367.48
507089,105461,B015,SAVINGS,ACTIVE,2019-01-31,9485.92
507090,105942,B015,SAVINGS,ACTIVE,2024-10-08,19492.12
507091,101405,B003,SAVINGS,ACTIVE,2021-09-25,56255.63
507092,104014,B005,SAVINGS,ACTIVE,2025-05-27,36198.87
507093,108196,B011,SAVINGS,ACTIVE,2025-09-10,24104.18
507094,106315,B001,SAVINGS,CLOSED,2020-04-18,53035.37
507095,101338,B011,CURRENT,ACTIVE,2025-08-17,30368.31
507096,102492,B007,SAVINGS,ACTIVE,2019-09-23,22428.25
507097,100359,B009,SALARY,ACTIVE,2021-08-08,3334.69
507098,101566,B011,SAVINGS,ACTIVE,2024-12-03,11472.68
507099,100568,B008,SAVINGS,ACTIVE,2022-09-20,32916.58
507100,101708,B008,SAVINGS,ACTIVE,2025-01-24,4890.22
507101,107800,B009,CURRENT,ACTIVE,2022-10-17,90236.02
507102,109180,B007,SAVINGS,ACTIVE,2021-07-14,30036.26
507103,109154,B012,CURRENT,ACTIVE,2026-04-21,219917.23
507104,108672,B001,SAVINGS,ACTIVE,2020-10-09,32721.76
507105,100279,B001,SAVINGS,ACTIVE,2020-04-11,43199.25
507106,108523,B012,SAVINGS,ACTIVE,2019-03-11,8213.62
507107,106506,B007,SAVINGS,ACTIVE,2023-01-25,135578.73
507108,106128,B010,SAVINGS,ACTIVE,2022-12-05,49010.83
507109,100881,B008,SAVINGS,ACTIVE,2025-06-25,27236.64
507110,104090,B018,SALARY,ACTIVE,2023-09-02,53395.11
507111,102919,B010,SAVINGS,ACTIVE,2025-06-15,25614.84
507112,102247,B003,SAVINGS,ACTIVE,2023-05-22,10249.84
507113,106351,B008,CURRENT,ACTIVE,2020-04-09,14055.98
507114,106522,B011,SAVINGS,ACTIVE,2022-05-04,36311.58
507115,101167,B006,SAVINGS,ACTIVE,2025-06-22,172888.64
507116,103199,B011,CURRENT,ACTIVE,2019-09-09,15188.34
507117,105207,B019,SAVINGS,ACTIVE,2023-02-20,58756.52
507118,105960,B011,CURRENT,ACTIVE,2022-12-10,9041.68
507119,102529,B001,SAVINGS,ACTIVE,2020-09-18,49290.37
507120,103579,B002,SAVINGS,ACTIVE,2021-09-05,45611.36
507121,103844,B015,SAVINGS,ACTIVE,2022-12-09,11827.63
507122,100141,B004,SAVINGS,ACTIVE,2024-03-28,50500.28
507123,107013,B013,SAVINGS,ACTIVE,2020-10-07,6227.9
507124,106207,B001,SAVINGS,ACTIVE,2026-04-16,26460.02
507125,108724,B007,SAVINGS,ACTIVE,2025-12-05,19815.21
507126,109887,B005,SAVINGS,ACTIVE,2023-06-15,111094.14
507127,107029,B012,SAVINGS,ACTIVE,2019-01-10,19548.44
507128,104736,B010,SAVINGS,ACTIVE,2022-09-20,107206.42
507129,101345,B011,SAVINGS,ACTIVE,2021-08-28,104700.45
507130,101520,B016,SAVINGS,ACTIVE,2021-04-02,253281.71
507131,101010,B004,SALARY,CLOSED,2022-11-19,1731.88
507132,107470,B008,SALARY,ACTIVE,2020-02-21,37005.52
507133,104404,B013,SAVINGS,ACTIVE,2021-07-25,121091.89
507134,105047,B007,SAVINGS,ACTIVE,2020-04-24,42181.2
507135,108413,B003,SALARY,ACTIVE,2023-03-12,27602.4
507136,107113,B010,SAVINGS,ACTIVE,2019-11-30,44701.67
507137,105437,B011,SAVINGS,ACTIVE,2021-01-10,12382.48
507138,108812,B013,CURRENT,ACTIVE,2023-09-25,159762.5
507139,106114,B018,CURRENT,ACTIVE,2019-03-23,24413.9
507140,102779,B014,SAVINGS,ACTIVE,2025-07-25,18686.93
507141,108450,B016,SAVINGS,ACTIVE,2025-11-02,2117.33
507142,102576,B008,SAVINGS,ACTIVE,2020-10-18,62759.16
507143,100131,B018,SAVINGS,ACTIVE,2019-11-25,6413.26
507144,104684,B005,SAVINGS,ACTIVE,2021-05-06,132745.34
507145,108279,B002,SAVINGS,BLOCKED,2021-11-15,86689.26
507146,100870,B011,SAVINGS,ACTIVE,2024-12-17,21401.51
507147,108321,B012,SAVINGS,ACTIVE,2025-07-25,3006.61
507148,101013,B013,SAVINGS,ACTIVE,2025-06-12,11816.45
507149,107965,B012,SALARY,ACTIVE,2023-04-29,31743.68
507150,105086,B006,SAVINGS,ACTIVE,2022-10-19,29427.91
507151,105367,B005,SAVINGS,ACTIVE,2023-04-08,12397.16
507152,103954,B002,SAVINGS,ACTIVE,2022-07-24,153556.49
507153,108307,B011,SAVINGS,ACTIVE,2020-05-01,9742.04
507154,103999,B017,SAVINGS,ACTIVE,2019-12-11,2959.78
507155,105700,B014,SAVINGS,ACTIVE,2020-05-11,62051.88
507156,106438,B018,SAVINGS,ACTIVE,2025-01-20,59019.1
507157,101271,B008,CURRENT,ACTIVE,2025-11-27,20073.41
507158,109302,B015,CURRENT,ACTIVE,2020-12-24,20702.98
507159,102076,B010,SAVINGS,ACTIVE,2024-03-23,21566.12
507160,109364,B016,SAVINGS,ACTIVE,2023-03-09,17734.08
507161,106496,B004,SAVINGS,ACTIVE,2023-01-12,65681.46
507162,104027,B020,SAVINGS,ACTIVE,2024-07-18,31914.76
507163,109129,B015,SAVINGS,BLOCKED,2019-01-29,11593.6
507164,106492,B004,SAVINGS,ACTIVE,2024-11-09,73970.08
507165,104792,B019,SAVINGS,ACTIVE,2025-01-27,109032.07
507166,103990,B004,SAVINGS,ACTIVE,2022-07-27,29962.48
507167,101839,B019,SAVINGS,ACTIVE,2023-08-23,26331.53
507168,107447,B013,CURRENT,ACTIVE,2020-08-02,82733.74
507169,103611,B010,SAVINGS,ACTIVE,2019-07-29,186925.51
507170,105050,B020,SAVINGS,ACTIVE,2020-11-02,16967.38
507171,100003,B007,SALARY,ACTIVE,2022-03-03,28341.14
507172,101258,B012,SAVINGS,ACTIVE,2020-06-19,31016.4
507173,101178,B008,SALARY,ACTIVE,2019-11-11,22245.12
507174,105469,B019,SAVINGS,ACTIVE,2022-10-29,31495.6
507175,105089,B002,SAVINGS,ACTIVE,2022-11-23,850884.19
507176,109926,B020,SAVINGS,ACTIVE,2022-08-29,18513.14
507177,103373,B016,SAVINGS,ACTIVE,2023-01-03,92152.32
507178,102717,B017,SALARY,ACTIVE,2024-08-24,11139.0
507179,105207,B009,SAVINGS,ACTIVE,2021-10-31,17302.47
507180,107681,B012,SAVINGS,ACTIVE,2021-10-15,896.17
507181,105352,B016,SAVINGS,ACTIVE,2025-04-22,26234.64
507182,102862,B015,SAVINGS,ACTIVE,2023-05-16,6220.82
507183,103542,B011,SALARY,ACTIVE,2023-12-20,35025.47
507184,107261,B014,SAVINGS,ACTIVE,2021-06-10,18288.37
507185,107963,B009,SALARY,ACTIVE,2023-08-11,4571.13
507186,104746,B010,SAVINGS,ACTIVE,2021-11-20,23681.29
507187,105815,B007,SAVINGS,ACTIVE,2025-07-13,19146.27
507188,107144,B003,SALARY,ACTIVE,2023-04-18,260830.58
507189,100083,B012,SAVINGS,ACTIVE,2022-12-18,34679.59
507190,108336,B002,SALARY,ACTIVE,2024-04-21,6404.77
507191,104281,B005,CURRENT,ACTIVE,2021-04-06,39593.91
507192,100190,B001,SAVINGS,ACTIVE,2023-08-31,44146.14
507193,108662,B013,SAVINGS,ACTIVE,2019-05-08,16853.57
507194,106421,B012,SALARY,ACTIVE,2023-08-13,20587.38
507195,107797,B008,SALARY,ACTIVE,2023-03-18,57720.41
507196,100673,B008,SAVINGS,ACTIVE,2025-07-29,8628.48
507197,104713,B020,SALARY,ACTIVE,2024-12-28,196884.69
507198,109487,B003,SAVINGS,ACTIVE,2019-05-15,89032.5
507199,103739,B017,SAVINGS,ACTIVE,2022-02-19,43679.76
507200,105165,B015,SAVINGS,ACTIVE,2019-02-14,7081.88
507201,103911,B004,SAVINGS,ACTIVE,2024-01-29,107461.34
507202,102916,B013,SAVINGS,ACTIVE,2024-02-11,7342.28
507203,108589,B018,SAVINGS,ACTIVE,2021-03-12,33937.63
507204,106748,B010,SAVINGS,ACTIVE,2020-08-15,21309.61
507205,105022,B017,CURRENT,ACTIVE,2019-01-09,56380.49
507206,106824,B019,SAVINGS,ACTIVE,2024-11-30,19677.07
507207,104710,B001,SAVINGS,ACTIVE,2023-09-19,7811.1
507208,104582,B009,SAVINGS,ACTIVE,2024-01-27,13526.25
507209,105536,B017,SAVINGS,CLOSED,2019-05-17,18041.24
507210,109004,B011,SAVINGS,ACTIVE,2022-08-17,89895.62
507211,106771,B008,SALARY,ACTIVE,2026-05-17,27911.47
507212,109641,B018,CURRENT,ACTIVE,2022-01-27,7796.11
507213,109294,B020,SAVINGS,ACTIVE,2021-03-12,63576.37
507214,104586,B019,SAVINGS,ACTIVE,2020-08-14,50320.52
507215,100859,B014,SAVINGS,ACTIVE,2024-03-01,11433.11
507216,107137,B012,SALARY,ACTIVE,2021-10-28,10268.24
507217,104919,B011,SALARY,ACTIVE,2022-01-24,19867.17
507218,100069,B011,SAVINGS,ACTIVE,2020-07-15,14346.3
507219,100613,B015,SAVINGS,ACTIVE,2023-01-08,66806.41
507220,103062,B004,SALARY,ACTIVE,2021-09-04,28912.15
507221,103356,B009,SAVINGS,ACTIVE,2020-08-22,8850.08
507222,108353,B001,CURRENT,ACTIVE,2021-01-07,29390.38
507223,105760,B001,SAVINGS,ACTIVE,2023-12-06,28930.0
507224,101239,B017,SAVINGS,ACTIVE,2026-03-07,9286.43
507225,105280,B019,SALARY,ACTIVE,2023-05-17,16357.51
507226,100343,B007,SAVINGS,ACTIVE,2023-08-26,38333.85
507227,104798,B015,CURRENT,ACTIVE,2023-02-28,109823.24
507228,106848,B019,SAVINGS,ACTIVE,2024-01-07,58681.06
507229,103915,B001,CURRENT,ACTIVE,2019-07-23,11650.66
507230,103747,B011,SAVINGS,ACTIVE,2019-07-28,130127.65
507231,109294,B008,SAVINGS,BLOCKED,2022-04-09,16214.54
507232,108877,B006,SAVINGS,ACTIVE,2023-07-18,50450.23
507233,105112,B008,SALARY,ACTIVE,2023-12-14,101817.56
507234,109646,B002,SAVINGS,ACTIVE,2023-07-18,46039.04
507235,106215,B012,SALARY,ACTIVE,2025-05-15,14857.2
507236,103456,B010,CURRENT,ACTIVE,2021-08-22,37608.46
507237,101415,B005,SAVINGS,ACTIVE,2026-01-02,38347.32
507238,109725,B020,SALARY,ACTIVE,2023-12-19,8170.69
507239,100619,B019,SAVINGS,ACTIVE,2019-02-08,18545.99
507240,106950,B015,SALARY,ACTIVE,2019-04-15,59153.05
507241,106768,B017,SAVINGS,ACTIVE,2019-08-16,16353.43
507242,104452,B010,SAVINGS,ACTIVE,2025-02-16,11919.65
507243,108031,B015,SALARY,ACTIVE,2019-06-18,3233.95
507244,105475,B002,SAVINGS,ACTIVE,2021-05-29,4430.64
507245,104426,B007,CURRENT,ACTIVE,2024-04-18,288754.57
507246,109024,B010,SAVINGS,ACTIVE,2021-09-04,9769.6
507247,101300,B019,SAVINGS,ACTIVE,2023-07-25,12590.09
507248,100987,B004,CURRENT,ACTIVE,2023-11-10,92596.71
507249,101015,B012,SAVINGS,ACTIVE,2025-02-18,9154.29
507250,103512,B010,SAVINGS,ACTIVE,2021-07-12,16008.28
507251,107861,B001,SAVINGS,ACTIVE,2021-04-09,75059.35
507252,103827,B004,SAVINGS,ACTIVE,2022-07-27,29842.55
507253,102082,B007,SALARY,ACTIVE,2020-12-25,6026.55
507254,104089,B001,SAVINGS,ACTIVE,2026-03-12,14188.48
507255,102451,B018,SAVINGS,ACTIVE,2020-11-29,76450.64
507256,106082,B019,SAVINGS,ACTIVE,2021-07-31,18847.4
507257,104649,B017,SAVINGS,ACTIVE,2024-09-09,26344.63
507258,101940,B015,SAVINGS,ACTIVE,2022-02-22,25865.17
507259,106683,B015,SAVINGS,ACTIVE,2025-08-22,101493.6
507260,105809,B019,SAVINGS,ACTIVE,2020-01-09,10492.08
507261,109561,B009,SAVINGS,ACTIVE,2022-01-15,4727.52
507262,109382,B006,SAVINGS,ACTIVE,2026-01-12,69008.48
507263,104276,B007,CURRENT,ACTIVE,2020-06-18,5809.78
507264,104781,B011,SAVINGS,ACTIVE,2024-02-22,5885.25
507265,107401,B006,SAVINGS,ACTIVE,2019-04-19,75866.02
507266,104168,B009,SAVINGS,ACTIVE,2022-04-09,16573.87
507267,105939,B005,SAVINGS,ACTIVE,2019-08-30,29745.43
507268,101176,B006,SALARY,ACTIVE,2023-02-05,2606.57
507269,103868,B014,CURRENT,ACTIVE,2023-02-03,52573.1
507270,107356,B011,SAVINGS,ACTIVE,2024-05-15,8674.94
507271,109631,B010,SALARY,ACTIVE,2025-02-07,84659.76
507272,106952,B020,SALARY,ACTIVE,2021-09-18,25299.97
507273,100987,B016,CURRENT,ACTIVE,2020-02-18,62590.9
507274,106505,B008,SAVINGS,ACTIVE,2025-10-19,42482.79
507275,101833,B005,SAVINGS,ACTIVE,2019-12-24,22588.1
507276,109581,B006,SAVINGS,ACTIVE,2019-09-20,13427.2
507277,104496,B002,SAVINGS,ACTIVE,2025-05-28,11483.25
507278,103918,B001,SAVINGS,ACTIVE,2024-12-03,93053.49
507279,106998,B004,SAVINGS,ACTIVE,2026-05-08,3893.35
507280,105669,B001,SAVINGS,ACTIVE,2021-02-01,6078.16
507281,103636,B016,CURRENT,BLOCKED,2022-04-10,19148.52
507282,109055,B010,SAVINGS,ACTIVE,2019-01-24,2415.16
507283,106333,B012,SAVINGS,ACTIVE,2025-09-09,17669.72
507284,107304,B013,SAVINGS,ACTIVE,2024-10-28,26592.09
507285,104941,B008,SAVINGS,ACTIVE,2019-02-26,70825.72
507286,106441,B017,SAVINGS,ACTIVE,2019-08-29,125061.08
507287,109836,B002,SALARY,ACTIVE,2022-11-16,4659.3
507288,106585,B007,SAVINGS,ACTIVE,2021-12-17,31325.16
507289,103800,B011,SALARY,ACTIVE,2024-10-13,71022.2
507290,102742,B014,SALARY,ACTIVE,2025-09-22,40026.22
507291,108818,B012,SAVINGS,ACTIVE,2021-07-28,47065.62
507292,100984,B001,SALARY,ACTIVE,2024-09-05,16091.48
507293,107495,B005,SAVINGS,ACTIVE,2023-09-16,16979.64
507294,100409,B001,CURRENT,ACTIVE,2022-07-23,11636.02
507295,100976,B004,SAVINGS,ACTIVE,2021-05-22,42186.7
507296,106637,B017,CURRENT,ACTIVE,2021-08-23,104959.14
507297,103808,B007,SALARY,ACTIVE,2024-05-03,47373.62
507298,104848,B004,SAVINGS,CLOSED,2020-10-12,8843.15
507299,107425,B001,SAVINGS,ACTIVE,2023-02-08,9715.4
507300,108864,B015,SAVINGS,ACTIVE,2019-05-01,7109.05
507301,106619,B013,SAVINGS,ACTIVE,2026-03-08,7336.42
507302,100267,B017,SAVINGS,ACTIVE,2021-11-15,31012.13
507303,102868,B017,SAVINGS,ACTIVE,2019-06-27,7552.55
507304,106336,B020,SAVINGS,ACTIVE,2022-08-10,12290.64
507305,104895,B006,SALARY,ACTIVE,2023-12-30,71350.58
507306,101749,B004,SAVINGS,ACTIVE,2020-08-30,17804.3
507307,108932,B005,SAVINGS,ACTIVE,2023-03-23,20048.67
507308,104475,B017,SAVINGS,ACTIVE,2021-04-13,23456.84
507309,108130,B016,SAVINGS,ACTIVE,2022-03-05,41977.13
507310,108472,B005,SAVINGS,BLOCKED,2023-06-23,17686.32
507311,103079,B014,SAVINGS,ACTIVE,2021-08-04,2741.97
507312,103952,B004,SAVINGS,ACTIVE,2022-04-29,24306.68
507313,106977,B008,SALARY,ACTIVE,2019-11-22,13448.17
507314,105118,B013,SAVINGS,ACTIVE,2026-02-16,182810.06
507315,107659,B020,SAVINGS,CLOSED,2022-03-04,6406.16
507316,107739,B003,SAVINGS,ACTIVE,2019-09-17,50816.41
507317,102051,B004,CURRENT,ACTIVE,2026-01-07,19975.63
507318,100185,B014,SAVINGS,CLOSED,2022-12-06,362269.83
507319,105394,B009,SAVINGS,ACTIVE,2019-02-27,49017.39
507320,100067,B016,SAVINGS,ACTIVE,2022-06-30,164061.98
507321,108122,B004,SAVINGS,ACTIVE,2020-02-07,1421.45
507322,107718,B018,SAVINGS,CLOSED,2024-11-02,22658.37
507323,107447,B009,SAVINGS,ACTIVE,2022-09-19,12174.96
507324,104030,B003,SALARY,ACTIVE,2025-10-18,61570.26
507325,103074,B019,SAVINGS,ACTIVE,2021-10-28,39760.99
507326,108467,B003,SAVINGS,ACTIVE,2021-06-26,52541.25
507327,108651,B009,SAVINGS,ACTIVE,2021-12-09,26353.43
507328,108114,B012,SALARY,ACTIVE,2024-12-23,76304.61
507329,104369,B013,SAVINGS,ACTIVE,2019-03-03,27615.79
507330,107535,B014,SAVINGS,ACTIVE,2025-06-27,13797.06
507331,100169,B019,SALARY,ACTIVE,2021-06-13,29382.29
507332,109702,B015,SALARY,ACTIVE,2023-02-03,102484.87
507333,100398,B003,CURRENT,BLOCKED,2023-03-04,46918.25
507334,105220,B003,SAVINGS,ACTIVE,2024-09-22,40118.53
507335,109922,B017,SAVINGS,ACTIVE,2021-02-13,49298.74
507336,101596,B014,SAVINGS,ACTIVE,2019-09-23,34759.61
507337,108157,B009,SAVINGS,ACTIVE,2023-01-30,16453.15
507338,103723,B012,SAVINGS,ACTIVE,2025-06-18,30318.85
507339,103358,B020,SAVINGS,ACTIVE,2020-11-17,2265.65
507340,108853,B005,SALARY,ACTIVE,2026-02-07,1844.68
507341,109122,B018,SAVINGS,ACTIVE,2021-03-06,58314.97
507342,106612,B005,SAVINGS,CLOSED,2025-02-22,7986.68
507343,102056,B010,SAVINGS,ACTIVE,2019-03-06,7298.05
507344,106002,B020,SAVINGS,ACTIVE,2019-11-13,32947.74
507345,105283,B005,CURRENT,ACTIVE,2025-05-21,22721.53
507346,100575,B016,SAVINGS,ACTIVE,2019-01-07,33920.23
507347,105939,B002,SAVINGS,ACTIVE,2021-08-22,8387.86
507348,107035,B005,SAVINGS,ACTIVE,2021-07-22,42324.76
507349,103370,B005,SALARY,ACTIVE,2022-08-23,15247.02
507350,106732,B003,SAVINGS,ACTIVE,2021-01-20,100569.25
507351,100196,B003,SAVINGS,ACTIVE,2022-04-21,15507.77
507352,107872,B016,SAVINGS,ACTIVE,2023-03-30,42916.31
507353,108863,B014,CURRENT,ACTIVE,2022-04-01,11185.96
507354,107588,B007,SAVINGS,ACTIVE,2019-01-09,220000.44
507355,109186,B016,SAVINGS,ACTIVE,2023-09-24,22417.94
507356,104181,B001,SAVINGS,ACTIVE,2022-12-08,35419.65
507357,109801,B005,SAVINGS,ACTIVE,2023-10-11,67583.99
507358,101179,B013,SAVINGS,ACTIVE,2025-09-19,19263.91
507359,105143,B017,SAVINGS,ACTIVE,2020-06-05,334942.26
507360,102540,B011,SALARY,ACTIVE,2022-10-26,74761.83
507361,100040,B007,SAVINGS,ACTIVE,2024-01-11,5893.24
507362,102829,B005,SAVINGS,ACTIVE,2019-04-28,41097.72
507363,100918,B011,SAVINGS,ACTIVE,2021-01-21,55180.1
507364,109555,B019,CURRENT,ACTIVE,2022-08-12,56876.95
507365,103287,B020,SAVINGS,ACTIVE,2022-11-21,8348.6
507366,103437,B015,SAVINGS,ACTIVE,2023-12-12,20167.92
507367,109301,B001,SALARY,ACTIVE,2025-08-10,76327.92
507368,101227,B005,SAVINGS,ACTIVE,2021-04-15,14433.97
507369,104128,B009,SAVINGS,BLOCKED,2020-01-18,9427.96
507370,109633,B020,SALARY,ACTIVE,2025-10-18,9709.04
507371,109941,B015,SAVINGS,ACTIVE,2019-03-15,12340.39
507372,107413,B007,SAVINGS,BLOCKED,2026-01-11,3168.11
507373,103181,B011,SAVINGS,ACTIVE,2024-01-21,9321.36
507374,103524,B006,SAVINGS,ACTIVE,2024-03-26,39199.46
507375,100441,B015,SAVINGS,ACTIVE,2025-02-08,87865.59
507376,100066,B002,SAVINGS,ACTIVE,2023-01-27,16841.54
507377,100261,B002,SAVINGS,ACTIVE,2019-03-14,29640.47
507378,100041,B014,SAVINGS,ACTIVE,2021-11-07,24200.77
507379,106691,B011,SALARY,ACTIVE,2023-09-12,19563.28
507380,104580,B012,SALARY,ACTIVE,2022-08-17,7350.27
507381,103286,B006,CURRENT,ACTIVE,2024-10-04,6155.78
507382,108640,B009,SAVINGS,ACTIVE,2021-10-06,97230.68
507383,100655,B013,SAVINGS,ACTIVE,2023-07-13,23116.06
507384,106514,B009,SAVINGS,ACTIVE,2023-04-26,52972.54
507385,102339,B017,SAVINGS,ACTIVE,2021-11-30,26821.47
507386,100430,B011,SAVINGS,ACTIVE,2020-08-15,107877.55
507387,105096,B005,SAVINGS,ACTIVE,2023-05-29,6211.06
507388,101584,B002,SAVINGS,ACTIVE,2019-11-14,19556.0
507389,104393,B001,SALARY,ACTIVE,2021-11-26,15863.39
507390,107261,B010,SAVINGS,ACTIVE,2026-03-23,10854.96
507391,105913,B018,SAVINGS,ACTIVE,2025-02-21,2074.18
507392,104437,B019,SAVINGS,ACTIVE,2020-12-14,26734.76
507393,102174,B016,SALARY,ACTIVE,2025-05-21,44756.41
507394,107134,B017,SALARY,ACTIVE,2023-05-13,128546.35
507395,103635,B007,SALARY,ACTIVE,2021-03-28,16638.33
507396,109024,B013,SALARY,ACTIVE,2024-03-05,7154.32
507397,107804,B011,SAVINGS,ACTIVE,2025-05-08,7923.14
507398,107333,B019,SAVINGS,ACTIVE,2023-04-20,11267.19
507399,106077,B001,SAVINGS,ACTIVE,2023-12-11,30089.44
507400,106560,B020,SALARY,ACTIVE,2024-04-08,8573.12
507401,105045,B008,SAVINGS,ACTIVE,2023-09-05,25583.5
507402,108444,B015,CURRENT,ACTIVE,2020-11-25,7502.51
507403,108016,B009,SAVINGS,ACTIVE,2021-05-22,20880.13
507404,104415,B003,SAVINGS,ACTIVE,2025-07-28,232580.55
507405,105272,B018,CURRENT,ACTIVE,2025-10-29,33559.34
507406,106469,B002,CURRENT,ACTIVE,2021-12-15,8497.66
507407,105230,B003,SALARY,ACTIVE,2022-01-28,552346.19
507408,108150,B016,SALARY,ACTIVE,2023-03-07,82540.26
507409,106903,B018,SAVINGS,ACTIVE,2019-09-01,54179.66
507410,108631,B012,SALARY,ACTIVE,2020-04-10,19452.66
507411,105977,B004,SALARY,CLOSED,2020-11-24,61388.33
507412,103726,B012,SAVINGS,ACTIVE,2021-12-31,55169.7
507413,101384,B011,SAVINGS,ACTIVE,2024-11-18,8889.58
507414,103362,B011,SALARY,ACTIVE,2023-12-23,83842.39
507415,108441,B003,CURRENT,ACTIVE,2026-03-31,66362.8
507416,102146,B001,SAVINGS,ACTIVE,2023-06-05,24475.22
507417,101405,B011,CURRENT,ACTIVE,2024-01-15,13670.88
507418,108669,B002,SAVINGS,ACTIVE,2022-04-14,114621.86
507419,107226,B020,SALARY,ACTIVE,2024-08-27,16406.7
507420,105780,B005,SAVINGS,ACTIVE,2020-01-02,26653.24
507421,108420,B017,SAVINGS,ACTIVE,2019-05-04,7660.34
507422,105709,B013,SALARY,ACTIVE,2020-06-25,7709.53
507423,102552,B010,SAVINGS,BLOCKED,2022-01-07,192023.51
507424,102416,B012,SAVINGS,ACTIVE,2025-12-16,127595.91
507425,103819,B002,SAVINGS,ACTIVE,2021-04-09,93681.55
507426,103537,B001,CURRENT,ACTIVE,2024-11-12,36546.91
507427,102396,B008,SAVINGS,ACTIVE,2025-02-12,5572.04
507428,100788,B008,SAVINGS,ACTIVE,2022-02-27,40248.27
507429,100119,B008,SAVINGS,ACTIVE,2022-07-05,42968.42
507430,103168,B003,SAVINGS,ACTIVE,2025-08-29,24860.18
507431,107042,B004,SAVINGS,ACTIVE,2025-01-21,54218.77
507432,109731,B008,SALARY,ACTIVE,2020-05-26,210546.6
507433,101620,B017,CURRENT,ACTIVE,2021-09-19,14109.29
507434,106101,B010,SALARY,ACTIVE,2019-07-31,35431.66
507435,107910,B008,SAVINGS,ACTIVE,2022-04-16,8433.01
507436,106792,B010,CURRENT,ACTIVE,2026-05-20,48322.84
507437,106695,B006,SAVINGS,ACTIVE,2021-02-08,20152.39
507438,106139,B017,SAVINGS,ACTIVE,2022-11-30,29988.1
507439,108539,B016,SAVINGS,ACTIVE,2019-12-20,10835.1
507440,106552,B002,SAVINGS,ACTIVE,2026-01-06,12295.62
507441,109948,B006,SAVINGS,ACTIVE,2025-12-27,1577.33
507442,109094,B005,SAVINGS,ACTIVE,2023-01-01,26163.12
507443,108287,B020,SAVINGS,ACTIVE,2024-11-08,17571.85
507444,109265,B010,SAVINGS,ACTIVE,2022-07-29,30637.47
507445,103139,B008,SALARY,ACTIVE,2022-02-14,25102.29
507446,100425,B015,SAVINGS,ACTIVE,2024-05-09,52737.3
507447,102436,B008,SAVINGS,ACTIVE,2024-09-14,166190.0
507448,102682,B018,SAVINGS,ACTIVE,2022-07-15,9806.49
507449,107114,B006,SAVINGS,ACTIVE,2019-06-22,56085.85
507450,101740,B010,SAVINGS,ACTIVE,2022-05-30,8494.18
507451,108892,B001,SAVINGS,BLOCKED,2025-01-02,15892.62
507452,109086,B019,SALARY,ACTIVE,2023-01-13,22108.69
507453,104018,B014,SAVINGS,ACTIVE,2023-08-31,59104.54
507454,107951,B012,SALARY,ACTIVE,2020-08-10,6290.21
507455,104370,B013,SAVINGS,ACTIVE,2019-03-14,5730.47
507456,109289,B017,SAVINGS,ACTIVE,2022-02-19,25638.21
507457,103727,B012,SAVINGS,ACTIVE,2020-10-20,814.88
507458,100384,B008,CURRENT,ACTIVE,2024-04-23,74674.03
507459,100318,B015,SAVINGS,ACTIVE,2024-02-16,51613.44
507460,106056,B007,SAVINGS,ACTIVE,2022-07-07,23298.86
507461,105963,B017,CURRENT,ACTIVE,2023-06-21,54126.88
507462,100485,B016,SALARY,ACTIVE,2023-10-26,3008.52
507463,107739,B005,SAVINGS,ACTIVE,2019-10-15,49773.52
507464,101724,B011,SALARY,ACTIVE,2026-03-17,49134.81
507465,109081,B007,SALARY,ACTIVE,2022-04-10,3316.96
507466,108195,B012,SAVINGS,ACTIVE,2023-12-12,27632.83
507467,106909,B002,SAVINGS,ACTIVE,2025-05-11,16040.36
507468,106263,B016,CURRENT,ACTIVE,2022-09-07,2784.06
507469,106116,B019,SALARY,ACTIVE,2025-07-17,18712.36
507470,105341,B014,SAVINGS,ACTIVE,2025-09-30,42745.12
507471,101103,B012,SAVINGS,ACTIVE,2021-03-22,2187.02
507472,100275,B005,SAVINGS,ACTIVE,2024-12-19,48132.68
507473,108034,B017,SAVINGS,ACTIVE,2021-07-10,91046.07
507474,102826,B003,SAVINGS,ACTIVE,2022-01-02,6086.2
507475,109721,B011,SALARY,ACTIVE,2020-06-18,4808.24
507476,103564,B001,CURRENT,ACTIVE,2024-03-12,77728.49
507477,105111,B017,SALARY,ACTIVE,2025-07-27,15469.57
507478,104266,B015,SAVINGS,ACTIVE,2022-10-06,87727.73
507479,104973,B012,SAVINGS,ACTIVE,2023-10-02,25269.98
507480,101256,B012,SAVINGS,ACTIVE,2023-07-18,5660.03
507481,100985,B001,CURRENT,ACTIVE,2021-04-22,6381.35
507482,102449,B008,CURRENT,ACTIVE,2023-09-06,239265.34
507483,103215,B009,SAVINGS,ACTIVE,2026-03-31,3609.46
507484,106712,B003,SAVINGS,ACTIVE,2022-11-14,16041.11
507485,108987,B008,SAVINGS,ACTIVE,2020-05-24,9585.47
507486,106286,B004,SAVINGS,ACTIVE,2022-03-09,2699.05
507487,107663,B011,SAVINGS,ACTIVE,2023-06-11,45393.25
507488,103534,B013,CURRENT,ACTIVE,2021-03-25,9028.13
507489,106011,B010,SAVINGS,ACTIVE,2022-10-18,47379.44
507490,103528,B004,SAVINGS,ACTIVE,2021-03-15,22159.14
507491,100830,B004,SAVINGS,ACTIVE,2024-03-22,49176.58
507492,108204,B011,SAVINGS,ACTIVE,2025-10-03,1937.83
507493,109267,B005,SAVINGS,ACTIVE,2022-02-13,17236.85
507494,102798,B009,SAVINGS,ACTIVE,2021-07-12,68812.42
507495,104676,B015,SAVINGS,ACTIVE,2019-07-15,13860.44
507496,100656,B014,SAVINGS,ACTIVE,2022-12-20,17676.47
507497,101689,B007,SAVINGS,ACTIVE,2024-01-03,6666.04
507498,103203,B017,CURRENT,ACTIVE,2019-01-31,20358.48
507499,105587,B015,CURRENT,ACTIVE,2023-10-12,7205.88
507500,101532,B019,SAVINGS,ACTIVE,2025-02-05,18178.53
507501,107948,B010,SAVINGS,ACTIVE,2023-09-21,8841.12
507502,102806,B019,SALARY,ACTIVE,2026-03-19,83353.21
507503,108463,B014,SAVINGS,ACTIVE,2020-02-16,69809.29
507504,103164,B010,CURRENT,ACTIVE,2021-04-17,7035.34
507505,105313,B007,SAVINGS,ACTIVE,2019-12-19,373449.95
507506,101992,B015,CURRENT,ACTIVE,2024-07-17,35198.47
507507,109817,B014,CURRENT,ACTIVE,2022-11-27,36601.63
507508,102960,B013,SAVINGS,ACTIVE,2025-01-29,130497.22
507509,100549,B008,SAVINGS,ACTIVE,2022-02-16,42637.15
507510,106301,B011,SAVINGS,ACTIVE,2024-11-30,10031.06
507511,103812,B013,SAVINGS,ACTIVE,2024-08-21,3846.03
507512,105688,B012,SAVINGS,ACTIVE,2024-11-05,423.63
507513,108185,B015,SALARY,ACTIVE,2021-12-04,263421.74
507514,100636,B016,SAVINGS,ACTIVE,2021-11-06,33009.49
507515,108336,B020,SAVINGS,ACTIVE,2021-11-12,37853.94
507516,102928,B018,SAVINGS,ACTIVE,2020-08-16,49457.7
507517,102512,B004,SAVINGS,BLOCKED,2025-07-03,13746.22
507518,104529,B005,SAVINGS,ACTIVE,2022-12-19,44727.05
507519,104446,B001,SAVINGS,ACTIVE,2026-05-21,5427.7
507520,100272,B002,SALARY,ACTIVE,2025-05-26,30518.36
507521,108344,B001,SAVINGS,ACTIVE,2025-10-18,63156.03
507522,109644,B005,SAVINGS,ACTIVE,2022-10-23,9224.18
507523,104010,B004,SAVINGS,ACTIVE,2021-09-07,676625.13
507524,102360,B016,SAVINGS,ACTIVE,2025-12-04,5589.86
507525,102009,B013,SAVINGS,ACTIVE,2022-04-17,49834.04
507526,106427,B012,SALARY,ACTIVE,2019-12-03,25524.23
507527,103866,B004,SALARY,ACTIVE,2022-03-16,128224.46
507528,101143,B013,SAVINGS,ACTIVE,2021-03-08,19156.93
507529,109469,B020,SALARY,ACTIVE,2021-12-18,8832.39
507530,103811,B016,SAVINGS,ACTIVE,2025-06-02,71315.86
507531,109194,B002,SAVINGS,ACTIVE,2025-05-10,10724.23
507532,100212,B005,SALARY,ACTIVE,2026-03-06,67827.29
507533,106212,B001,SAVINGS,ACTIVE,2021-04-20,6114.9
507534,101349,B014,SAVINGS,ACTIVE,2023-08-24,11956.58
507535,101125,B020,SAVINGS,ACTIVE,2023-03-06,9432.57
507536,101261,B004,SAVINGS,ACTIVE,2023-01-18,5246.46
507537,103978,B019,SALARY,ACTIVE,2023-05-05,6161.31
507538,106274,B012,SAVINGS,ACTIVE,2022-08-31,143057.24
507539,107839,B011,SAVINGS,ACTIVE,2024-10-11,299471.28
507540,100230,B003,SAVINGS,ACTIVE,2019-09-09,3217.85
507541,106133,B001,SALARY,CLOSED,2025-01-29,110014.77
507542,103279,B005,SAVINGS,BLOCKED,2024-06-29,43970.49
507543,100156,B011,SAVINGS,ACTIVE,2024-04-14,27100.83
507544,101858,B012,SAVINGS,ACTIVE,2019-07-30,5457.6
507545,109453,B003,SAVINGS,ACTIVE,2020-07-16,91529.26
507546,106706,B020,SALARY,ACTIVE,2021-03-07,3351.44
507547,107426,B004,SAVINGS,ACTIVE,2019-09-24,21688.32
507548,100399,B008,SALARY,ACTIVE,2019-04-14,11139.92
507549,109969,B009,SAVINGS,ACTIVE,2019-05-03,20303.89
507550,106233,B013,CURRENT,ACTIVE,2026-02-27,123891.23
507551,106224,B018,SAVINGS,ACTIVE,2020-10-19,2841.35
507552,105890,B018,SALARY,ACTIVE,2022-11-13,5932.43
507553,106124,B018,CURRENT,ACTIVE,2020-09-22,16497.57
507554,101123,B006,SAVINGS,ACTIVE,2024-05-04,85102.01
507555,108725,B011,CURRENT,ACTIVE,2022-03-11,50389.79
507556,106979,B018,SAVINGS,ACTIVE,2021-10-28,200207.88
507557,101549,B014,SAVINGS,BLOCKED,2022-01-21,32277.94
507558,102119,B014,SALARY,ACTIVE,2022-08-07,39032.87
507559,106006,B010,SALARY,ACTIVE,2023-05-22,13137.64
507560,100932,B005,SAVINGS,ACTIVE,2026-02-20,1076.62
507561,108601,B003,SAVINGS,ACTIVE,2025-09-14,160284.77
507562,100671,B010,CURRENT,ACTIVE,2025-01-30,37408.28
507563,107805,B015,SAVINGS,ACTIVE,2020-03-11,24523.53
507564,109707,B017,SAVINGS,ACTIVE,2020-02-24,10561.45
507565,103707,B019,SAVINGS,ACTIVE,2022-07-23,156994.91
507566,102809,B010,SAVINGS,ACTIVE,2020-05-04,4811.47
507567,109623,B019,SAVINGS,ACTIVE,2024-08-19,7110.55
507568,108525,B015,SAVINGS,ACTIVE,2024-07-17,15598.7
507569,101560,B017,SAVINGS,ACTIVE,2024-02-26,50172.17
507570,105255,B006,SAVINGS,ACTIVE,2019-03-14,20336.67
507571,104074,B004,SAVINGS,CLOSED,2020-11-18,56105.05
507572,108559,B006,SAVINGS,ACTIVE,2021-10-07,66630.42
507573,107509,B004,SALARY,ACTIVE,2022-12-31,20216.02
507574,108006,B016,CURRENT,ACTIVE,2024-09-12,110357.12
507575,104208,B014,SAVINGS,ACTIVE,2023-09-04,6146.71
507576,102613,B009,SAVINGS,ACTIVE,2019-07-10,16174.86
507577,104613,B005,SALARY,ACTIVE,2026-02-11,26318.58
507578,104858,B014,SAVINGS,ACTIVE,2021-08-26,67308.98
507579,108469,B010,SALARY,ACTIVE,2020-10-08,131007.08
507580,102243,B020,SAVINGS,ACTIVE,2025-12-04,11840.87
507581,106904,B007,SAVINGS,ACTIVE,2020-03-01,36319.02
507582,103610,B020,SAVINGS,ACTIVE,2019-11-20,8562.08
507583,109381,B011,CURRENT,ACTIVE,2021-07-11,19132.89
507584,109701,B010,SAVINGS,ACTIVE,2020-09-21,45874.84
507585,100774,B016,SAVINGS,ACTIVE,2019-08-23,50112.34
507586,103928,B012,SALARY,ACTIVE,2019-12-13,35103.41
507587,107755,B001,SAVINGS,ACTIVE,2022-01-31,13428.27
507588,101226,B007,SAVINGS,ACTIVE,2020-01-10,24149.82
507589,102413,B003,SAVINGS,ACTIVE,2019-01-20,16162.76
507590,105292,B012,SAVINGS,ACTIVE,2020-05-15,29835.37
507591,105163,B013,SAVINGS,ACTIVE,2024-06-15,15591.37
507592,107141,B017,SALARY,ACTIVE,2025-12-03,12611.71
507593,109128,B017,SAVINGS,ACTIVE,2020-12-03,14089.87
507594,103311,B004,SAVINGS,ACTIVE,2024-03-02,34562.27
507595,103669,B010,SAVINGS,ACTIVE,2019-03-05,12605.77
507596,104620,B002,SAVINGS,ACTIVE,2025-03-22,6903.57
507597,108670,B011,SALARY,ACTIVE,2022-04-27,65953.02
507598,108153,B009,SAVINGS,CLOSED,2019-02-21,10423.09
507599,101082,B011,CURRENT,ACTIVE,2021-01-02,14423.09
507600,103091,B011,CURRENT,ACTIVE,2020-02-04,11804.26
507601,108950,B020,SAVINGS,BLOCKED,2020-07-30,23911.14
507602,108685,B001,CURRENT,ACTIVE,2025-04-19,36895.96
507603,107168,B014,SAVINGS,ACTIVE,2025-04-25,15731.8
507604,107702,B008,SAVINGS,ACTIVE,2020-07-08,46474.26
507605,102800,B016,SALARY,ACTIVE,2026-05-02,17444.7
507606,107588,B003,SALARY,ACTIVE,2019-08-16,36187.88
507607,106101,B020,SALARY,ACTIVE,2019-02-25,120502.66
507608,108774,B020,SAVINGS,ACTIVE,2021-06-01,16379.36
507609,101077,B018,SAVINGS,BLOCKED,2021-11-09,36964.27
507610,106148,B013,SALARY,ACTIVE,2021-08-19,104647.98
507611,106206,B014,SAVINGS,ACTIVE,2023-11-16,11500.62
507612,104403,B013,SALARY,ACTIVE,2023-06-11,5014.29
507613,103322,B013,SAVINGS,ACTIVE,2022-08-13,25749.06
507614,108639,B001,CURRENT,ACTIVE,2022-03-12,43551.1
507615,109801,B005,SAVINGS,ACTIVE,2024-01-11,51446.93
507616,105938,B002,SAVINGS,ACTIVE,2020-11-29,22558.06
507617,107349,B005,SAVINGS,ACTIVE,2020-03-02,29356.72
507618,103081,B007,CURRENT,ACTIVE,2022-07-17,18070.42
507619,101506,B017,SAVINGS,ACTIVE,2022-12-01,47156.11
507620,102240,B003,SAVINGS,ACTIVE,2022-06-14,31518.02
507621,101967,B007,SAVINGS,ACTIVE,2025-10-13,11135.41
507622,103604,B002,SAVINGS,ACTIVE,2021-07-14,129344.61
507623,108888,B007,SALARY,CLOSED,2025-02-26,57466.61
507624,107539,B007,SAVINGS,ACTIVE,2024-05-13,9023.52
507625,104581,B013,SAVINGS,ACTIVE,2021-08-21,10472.31
507626,102137,B019,CURRENT,ACTIVE,2021-07-31,15298.8
507627,109600,B020,SAVINGS,ACTIVE,2023-08-02,521545.63
507628,106698,B019,SAVINGS,ACTIVE,2022-03-07,2621.98
507629,109461,B003,SAVINGS,ACTIVE,2020-03-21,441968.22
507630,104254,B012,SAVINGS,ACTIVE,2020-12-20,19826.16
507631,105670,B008,SAVINGS,ACTIVE,2024-03-08,10833.14
507632,101612,B010,CURRENT,ACTIVE,2022-06-11,111225.34
507633,102054,B010,CURRENT,ACTIVE,2020-05-08,19613.11
507634,106430,B008,SAVINGS,ACTIVE,2021-06-19,211323.75
507635,106156,B013,SALARY,ACTIVE,2021-08-16,24404.99
507636,109772,B020,SAVINGS,ACTIVE,2022-02-02,40398.13
507637,109871,B009,SAVINGS,ACTIVE,2022-02-12,27554.39
507638,100316,B005,SAVINGS,CLOSED,2021-10-11,154947.81
507639,108743,B005,SAVINGS,ACTIVE,2021-05-30,12510.77
507640,106360,B007,SAVINGS,ACTIVE,2023-03-06,17904.41
507641,102365,B014,SAVINGS,ACTIVE,2019-09-15,24192.56
507642,101536,B013,SALARY,ACTIVE,2025-06-30,25221.7
507643,108988,B005,CURRENT,ACTIVE,2021-05-17,177837.65
507644,100302,B015,SAVINGS,ACTIVE,2024-10-18,58993.85
507645,105277,B003,SAVINGS,ACTIVE,2025-10-20,22307.44
507646,101954,B001,SAVINGS,ACTIVE,2023-12-12,21774.11
507647,109669,B004,SAVINGS,ACTIVE,2022-07-12,8422.16
507648,101439,B005,SAVINGS,ACTIVE,2023-12-06,25578.85
507649,106775,B019,SAVINGS,ACTIVE,2024-08-09,61570.7
507650,102728,B004,SAVINGS,ACTIVE,2021-12-07,14229.4
507651,102953,B015,SAVINGS,ACTIVE,2023-04-01,9486.15
507652,106216,B002,SALARY,ACTIVE,2026-05-02,74646.4
507653,102842,B016,SAVINGS,ACTIVE,2023-05-21,76795.78
507654,108902,B016,SAVINGS,ACTIVE,2021-06-02,8195.97
507655,104911,B006,CURRENT,ACTIVE,2024-04-10,11825.23
507656,100756,B013,SALARY,ACTIVE,2019-08-23,124866.12
507657,105105,B010,SAVINGS,ACTIVE,2025-08-19,13312.66
507658,102395,B014,SAVINGS,ACTIVE,2025-01-22,60979.8
507659,109146,B016,SAVINGS,ACTIVE,2022-05-18,9488.02
507660,100216,B005,SAVINGS,ACTIVE,2024-07-07,20779.39
507661,101221,B010,SAVINGS,ACTIVE,2024-05-01,534020.97
507662,104967,B020,SALARY,ACTIVE,2019-07-19,5237.86
507663,102799,B006,SALARY,ACTIVE,2022-07-17,9356.68
507664,103623,B019,SAVINGS,ACTIVE,2023-01-06,6839.4
507665,102197,B012,SAVINGS,ACTIVE,2024-07-31,46554.47
507666,109112,B009,SALARY,ACTIVE,2019-03-11,2741.22
507667,100008,B015,SAVINGS,ACTIVE,2024-01-26,170166.0
507668,101262,B004,SAVINGS,ACTIVE,2025-02-05,21621.92
507669,109533,B008,SAVINGS,ACTIVE,2025-04-02,9408.78
507670,104928,B005,SAVINGS,ACTIVE,2020-01-28,91656.13
507671,109379,B002,SAVINGS,ACTIVE,2022-04-23,21484.95
507672,108342,B011,SAVINGS,ACTIVE,2020-09-07,125936.04
507673,103039,B007,CURRENT,ACTIVE,2024-11-12,33425.78
507674,107240,B015,SAVINGS,BLOCKED,2024-02-09,18026.46
507675,101470,B016,SAVINGS,ACTIVE,2021-03-08,50886.78
507676,106128,B002,SAVINGS,ACTIVE,2024-04-24,63254.65
507677,103460,B013,SAVINGS,ACTIVE,2025-05-07,31917.37
507678,106848,B018,CURRENT,ACTIVE,2021-05-16,11341.39
507679,101451,B003,SAVINGS,ACTIVE,2026-01-01,236357.7
507680,108371,B005,CURRENT,ACTIVE,2023-08-09,24119.51
507681,102692,B009,SALARY,ACTIVE,2021-10-05,13646.93
507682,104645,B018,SAVINGS,ACTIVE,2019-03-22,82329.16
507683,108403,B013,SAVINGS,ACTIVE,2019-12-29,55117.59
507684,104797,B012,CURRENT,ACTIVE,2026-05-11,56377.66
507685,105308,B015,SAVINGS,ACTIVE,2020-04-27,15521.17
507686,101182,B011,SAVINGS,ACTIVE,2020-12-15,7095.21
507687,107120,B014,SAVINGS,ACTIVE,2022-09-17,49479.79
507688,109694,B004,CURRENT,ACTIVE,2025-01-07,19081.9
507689,107356,B008,SAVINGS,ACTIVE,2021-01-28,29612.64
507690,109155,B012,SALARY,ACTIVE,2021-01-11,157333.7
507691,109865,B014,CURRENT,ACTIVE,2019-11-22,127916.35
507692,106693,B010,SAVINGS,ACTIVE,2020-04-08,8147.69
507693,108638,B013,SALARY,ACTIVE,2020-04-09,126620.16
507694,105190,B012,SALARY,ACTIVE,2020-02-20,94775.96
507695,103527,B019,CURRENT,ACTIVE,2024-02-24,22528.73
507696,105754,B019,CURRENT,ACTIVE,2026-04-12,105243.66
507697,108543,B006,SAVINGS,ACTIVE,2026-02-28,14930.12
507698,101747,B005,SAVINGS,ACTIVE,2020-03-23,29253.64
507699,106249,B011,SAVINGS,ACTIVE,2021-09-15,81315.23
507700,106916,B016,SAVINGS,ACTIVE,2022-11-17,13454.08
507701,107112,B002,SAVINGS,ACTIVE,2023-10-06,8207.62
507702,107289,B012,SAVINGS,ACTIVE,2023-01-01,47316.4
507703,106535,B008,SAVINGS,ACTIVE,2026-02-18,17324.44
507704,106138,B020,SAVINGS,ACTIVE,2023-03-18,49862.96
507705,109287,B013,SALARY,ACTIVE,2019-04-30,19921.44
507706,100068,B006,SALARY,ACTIVE,2023-03-13,2785.86
507707,104523,B018,SALARY,ACTIVE,2019-11-13,18060.24
507708,100754,B018,SAVINGS,ACTIVE,2024-09-25,84654.82
507709,108817,B008,SAVINGS,ACTIVE,2024-10-15,26473.62
507710,101447,B005,SAVINGS,ACTIVE,2019-06-21,20930.28
507711,107706,B002,SAVINGS,ACTIVE,2026-03-01,9944.4
507712,107127,B014,SAVINGS,ACTIVE,2023-01-04,78464.38
507713,103233,B001,SAVINGS,ACTIVE,2019-09-04,5309.4
507714,104266,B014,SAVINGS,ACTIVE,2022-04-29,23673.48
507715,102045,B001,SAVINGS,CLOSED,2023-05-15,191502.32
507716,108114,B010,CURRENT,ACTIVE,2020-01-18,10749.72
507717,107065,B020,SALARY,ACTIVE,2025-02-06,55104.59
507718,109640,B009,SAVINGS,ACTIVE,2025-12-16,20210.21
507719,106002,B007,SAVINGS,ACTIVE,2025-02-14,5575.11
507720,105167,B020,CURRENT,ACTIVE,2020-05-06,77779.17
507721,109277,B010,SAVINGS,ACTIVE,2024-01-03,3054.36
507722,103153,B015,SAVINGS,ACTIVE,2023-08-02,25427.38
507723,108801,B020,SAVINGS,ACTIVE,2020-07-03,442681.69
507724,105791,B016,SAVINGS,ACTIVE,2021-11-14,25397.6
507725,107859,B005,CURRENT,ACTIVE,2023-12-28,4871.53
507726,103256,B016,CURRENT,ACTIVE,2024-07-17,13259.62
507727,104891,B009,SAVINGS,ACTIVE,2020-10-24,68915.1
507728,103931,B006,SAVINGS,ACTIVE,2025-09-06,25609.96
507729,107697,B001,SAVINGS,ACTIVE,2021-11-28,7370.59
507730,100689,B004,SAVINGS,ACTIVE,2019-11-16,19706.58
507731,109489,B009,CURRENT,ACTIVE,2025-09-14,26372.44
507732,103344,B004,CURRENT,ACTIVE,2025-03-04,77544.33
507733,104005,B004,SALARY,ACTIVE,2022-05-19,16280.07
507734,109737,B013,CURRENT,BLOCKED,2021-07-19,33117.18
507735,101009,B014,SALARY,ACTIVE,2022-09-26,9042.69
507736,107475,B010,SAVINGS,ACTIVE,2019-12-30,50738.1
507737,100978,B013,SAVINGS,ACTIVE,2022-12-17,8486.31
507738,109357,B007,SAVINGS,ACTIVE,2023-05-13,20931.77
507739,102820,B003,SALARY,ACTIVE,2023-12-19,11960.53
507740,103140,B004,SALARY,BLOCKED,2025-07-23,58872.19
507741,107609,B016,SAVINGS,ACTIVE,2024-08-02,41811.87
507742,102215,B005,SALARY,ACTIVE,2023-02-20,37310.05
507743,100928,B009,SAVINGS,ACTIVE,2023-07-16,200653.75
507744,100713,B007,SALARY,ACTIVE,2023-11-17,59690.95
507745,109140,B016,SAVINGS,ACTIVE,2019-01-08,57942.13
507746,105583,B013,SAVINGS,ACTIVE,2021-06-25,66168.96
507747,109552,B002,SAVINGS,ACTIVE,2020-05-21,18147.44
507748,108108,B013,CURRENT,ACTIVE,2019-01-05,19606.78
507749,103668,B015,SAVINGS,ACTIVE,2026-02-15,21837.17
507750,109764,B015,SAVINGS,ACTIVE,2019-06-10,4783.19
507751,108009,B013,SAVINGS,ACTIVE,2024-09-27,5767.7
507752,102074,B015,SAVINGS,ACTIVE,2023-07-04,32975.72
507753,101594,B001,SAVINGS,ACTIVE,2023-10-11,99315.97
507754,100707,B015,SAVINGS,ACTIVE,2024-12-22,19776.96
507755,100594,B016,SAVINGS,ACTIVE,2024-06-13,5197.08
507756,104451,B002,CURRENT,ACTIVE,2026-01-15,8562.9
507757,104229,B019,SAVINGS,ACTIVE,2024-03-17,3947.96
507758,103967,B013,SAVINGS,ACTIVE,2023-01-19,175544.01
507759,100616,B018,SAVINGS,ACTIVE,2022-09-25,22844.75
507760,106135,B018,SALARY,ACTIVE,2019-07-05,42691.91
507761,100524,B001,SAVINGS,ACTIVE,2019-11-14,83141.61
507762,105792,B020,SALARY,ACTIVE,2019-07-14,14916.74
507763,101176,B014,SALARY,ACTIVE,2023-05-18,22245.92
507764,105792,B001,SAVINGS,ACTIVE,2022-01-08,25895.29
507765,102969,B001,SAVINGS,ACTIVE,2023-08-02,77511.37
507766,109617,B009,SALARY,ACTIVE,2023-03-10,31592.77
507767,101465,B006,SAVINGS,ACTIVE,2021-11-15,38854.28
507768,108093,B006,SAVINGS,ACTIVE,2020-11-13,13221.34
507769,105827,B015,CURRENT,ACTIVE,2025-08-02,10899.8
507770,104956,B004,SAVINGS,ACTIVE,2022-04-01,49740.24
507771,108332,B019,SAVINGS,ACTIVE,2025-07-03,39450.35
507772,101937,B014,SAVINGS,ACTIVE,2025-08-15,14971.05
507773,108583,B018,SALARY,ACTIVE,2024-03-07,17796.99
507774,108382,B008,SALARY,ACTIVE,2024-11-04,35566.51
507775,108761,B014,SAVINGS,ACTIVE,2021-01-26,12101.9
507776,100548,B017,SALARY,ACTIVE,2026-01-02,9371.49
507777,105468,B006,SAVINGS,ACTIVE,2021-01-02,3844.38
507778,103669,B014,SALARY,ACTIVE,2024-06-14,59086.01
507779,102500,B019,SAVINGS,ACTIVE,2025-07-28,18970.38
507780,103290,B007,SAVINGS,ACTIVE,2019-03-21,15409.96
507781,105663,B011,SAVINGS,ACTIVE,2020-12-23,33538.17
507782,100346,B004,SAVINGS,ACTIVE,2021-11-14,26957.59
507783,106330,B017,SAVINGS,ACTIVE,2020-09-05,9185.9
507784,103439,B002,SAVINGS,ACTIVE,2022-03-19,18235.66
507785,107225,B008,SAVINGS,ACTIVE,2024-11-25,47376.78
507786,102066,B007,SAVINGS,ACTIVE,2022-02-24,28837.35
507787,107115,B010,SAVINGS,ACTIVE,2020-04-06,77353.46
507788,106366,B009,SAVINGS,ACTIVE,2020-08-15,53220.14
507789,101931,B008,SAVINGS,ACTIVE,2023-07-07,43251.01
507790,102922,B002,SAVINGS,ACTIVE,2023-03-13,4674.99
507791,102579,B019,SALARY,ACTIVE,2020-07-16,157345.75
507792,109251,B010,SAVINGS,BLOCKED,2019-10-08,31452.97
507793,106501,B007,SAVINGS,ACTIVE,2025-06-20,55715.27
507794,107330,B017,SAVINGS,ACTIVE,2024-09-28,151769.02
507795,100891,B004,SALARY,ACTIVE,2024-04-27,37158.01
507796,101284,B006,SAVINGS,ACTIVE,2020-10-01,3409.34
507797,109992,B019,SAVINGS,ACTIVE,2020-02-21,3085.25
507798,107791,B002,SAVINGS,ACTIVE,2020-03-04,4433.72
507799,107956,B014,SAVINGS,ACTIVE,2021-06-13,7201.81
507800,109295,B019,SAVINGS,ACTIVE,2022-03-10,92986.76
507801,108435,B004,SALARY,ACTIVE,2020-01-26,54180.24
507802,100481,B007,SAVINGS,BLOCKED,2019-08-02,36975.92
507803,103062,B010,CURRENT,ACTIVE,2022-12-27,21262.66
507804,104056,B007,SAVINGS,ACTIVE,2023-07-17,154696.14
507805,101505,B001,SAVINGS,ACTIVE,2023-04-19,22692.4
507806,108940,B002,SALARY,ACTIVE,2023-12-06,5298.82
507807,109333,B020,SAVINGS,ACTIVE,2021-10-17,17375.33
507808,101594,B013,CURRENT,ACTIVE,2020-12-21,58728.53
507809,107630,B014,SALARY,ACTIVE,2022-08-07,48160.92
507810,108138,B015,SAVINGS,ACTIVE,2019-04-02,2433.27
507811,100289,B009,CURRENT,ACTIVE,2019-05-17,20017.41
507812,101252,B006,SAVINGS,ACTIVE,2020-10-19,150337.46
507813,109473,B019,SAVINGS,ACTIVE,2021-07-06,11504.76
507814,102505,B008,CURRENT,ACTIVE,2024-01-29,10138.81
507815,108015,B005,SAVINGS,CLOSED,2025-01-11,28473.39
507816,106596,B020,SAVINGS,ACTIVE,2020-05-27,129681.6
507817,105395,B003,SAVINGS,ACTIVE,2025-12-09,6633.85
507818,100266,B012,SALARY,ACTIVE,2019-04-29,39482.89
507819,105729,B008,SALARY,ACTIVE,2019-12-14,17714.69
507820,107838,B017,SAVINGS,ACTIVE,2024-10-27,4378.59
507821,102782,B009,SAVINGS,ACTIVE,2022-07-27,23361.37
507822,106736,B008,SAVINGS,ACTIVE,2021-12-06,16997.11
507823,104033,B006,SAVINGS,ACTIVE,2025-03-06,29302.86
507824,109477,B007,SALARY,ACTIVE,2023-12-25,13226.97
507825,105044,B019,SAVINGS,ACTIVE,2020-07-24,22081.74
507826,100060,B003,SAVINGS,ACTIVE,2025-07-15,11699.2
507827,101592,B001,SAVINGS,ACTIVE,2022-06-04,119519.02
507828,101946,B005,SAVINGS,BLOCKED,2021-12-08,7003.32
507829,103539,B017,SAVINGS,ACTIVE,2020-02-17,26411.27
507830,104178,B010,SAVINGS,ACTIVE,2021-12-17,15211.99
507831,105054,B013,SALARY,ACTIVE,2022-06-18,17241.37
507832,107168,B006,SAVINGS,ACTIVE,2025-09-16,21607.06
507833,107302,B018,SAVINGS,ACTIVE,2020-09-30,12127.27
507834,104881,B007,SALARY,ACTIVE,2023-07-19,2986.03
507835,105478,B014,SALARY,ACTIVE,2025-05-21,124224.06
507836,101095,B012,SALARY,ACTIVE,2019-10-03,14819.49
507837,107991,B014,SAVINGS,ACTIVE,2023-03-14,74349.27
507838,100501,B015,CURRENT,ACTIVE,2023-12-06,9354.6
507839,109713,B011,SAVINGS,ACTIVE,2024-01-23,66101.5
507840,103468,B020,SAVINGS,ACTIVE,2020-01-11,13731.48
507841,104518,B008,SALARY,ACTIVE,2024-02-27,24828.94
507842,101592,B002,SAVINGS,ACTIVE,2021-05-12,6088.97
507843,103173,B015,SAVINGS,ACTIVE,2024-07-05,5518.74
507844,101765,B008,SALARY,ACTIVE,2020-07-27,10780.84
507845,103371,B010,SALARY,ACTIVE,2024-03-30,82778.27
507846,102951,B008,SALARY,ACTIVE,2025-01-22,84863.13
507847,107253,B007,SAVINGS,BLOCKED,2019-09-05,36914.49
507848,105826,B006,SAVINGS,ACTIVE,2023-12-28,156229.26
507849,107515,B018,SAVINGS,ACTIVE,2023-09-18,22836.69
507850,107844,B003,CURRENT,ACTIVE,2024-04-05,12264.3
507851,108671,B019,SAVINGS,CLOSED,2024-09-08,15878.38
507852,102084,B005,CURRENT,ACTIVE,2019-10-07,46985.82
507853,103560,B006,SAVINGS,ACTIVE,2021-02-14,18123.76
507854,104308,B006,SAVINGS,ACTIVE,2023-12-26,121346.16
507855,104302,B015,SAVINGS,ACTIVE,2022-05-16,14906.48
507856,107235,B011,SAVINGS,ACTIVE,2021-04-21,78601.81
507857,100390,B012,CURRENT,ACTIVE,2020-06-03,45426.22
507858,108598,B001,SAVINGS,ACTIVE,2024-12-09,55887.76
507859,105662,B003,SAVINGS,ACTIVE,2026-01-04,8275.19
507860,102090,B011,SAVINGS,ACTIVE,2020-11-25,1985.88
507861,103362,B015,SAVINGS,BLOCKED,2020-11-20,29589.24
507862,108405,B019,SAVINGS,ACTIVE,2026-04-16,13817.88
507863,105919,B008,CURRENT,ACTIVE,2021-06-02,38676.43
507864,104350,B016,SALARY,ACTIVE,2021-08-22,44265.74
507865,108994,B002,CURRENT,ACTIVE,2021-07-06,14028.34
507866,106473,B013,CURRENT,ACTIVE,2020-09-22,10586.99
507867,101540,B010,SAVINGS,BLOCKED,2019-04-20,27102.03
507868,104643,B011,SAVINGS,ACTIVE,2021-05-10,2855.61
507869,109830,B019,SAVINGS,ACTIVE,2025-04-30,16557.92
507870,107452,B009,CURRENT,ACTIVE,2025-10-01,22954.31
507871,106501,B002,SAVINGS,ACTIVE,2020-04-28,43900.49
507872,107210,B006,SAVINGS,ACTIVE,2026-04-03,9543.08
507873,104430,B001,SAVINGS,ACTIVE,2023-07-08,23309.58
507874,105179,B013,SALARY,ACTIVE,2024-06-20,60734.1
507875,100777,B014,SALARY,ACTIVE,2020-04-08,37760.56
507876,109538,B010,SAVINGS,ACTIVE,2025-05-03,62149.74
507877,101606,B015,SAVINGS,ACTIVE,2023-02-18,8683.75
507878,109037,B016,SAVINGS,ACTIVE,2019-01-01,14819.59
507879,109077,B019,CURRENT,ACTIVE,2019-06-13,33823.47
507880,103380,B007,SAVINGS,ACTIVE,2024-08-19,9053.56
507881,109744,B006,SAVINGS,ACTIVE,2020-02-13,17378.06
507882,101200,B005,SAVINGS,ACTIVE,2021-03-14,76321.5
507883,100976,B016,SAVINGS,ACTIVE,2025-03-19,30214.61
507884,101470,B016,SAVINGS,ACTIVE,2020-05-14,51272.56
507885,108909,B003,SAVINGS,ACTIVE,2026-05-09,148917.87
507886,102590,B011,SAVINGS,ACTIVE,2021-04-23,16683.83
507887,109934,B005,SAVINGS,ACTIVE,2021-11-01,137008.69
507888,106540,B016,CURRENT,ACTIVE,2023-08-14,18251.6
507889,102781,B010,SAVINGS,ACTIVE,2024-05-16,5327.02
507890,101871,B017,SAVINGS,ACTIVE,2021-05-30,33580.24
507891,107454,B012,SAVINGS,ACTIVE,2020-07-17,16021.1
507892,105626,B012,SAVINGS,ACTIVE,2025-08-06,5414.03
507893,101414,B008,CURRENT,CLOSED,2026-03-10,12580.2
507894,107495,B010,SALARY,ACTIVE,2021-03-25,11005.71
507895,108793,B013,SAVINGS,ACTIVE,2022-02-12,50829.48
507896,102073,B020,SALARY,ACTIVE,2024-08-01,168984.54
507897,105275,B005,SAVINGS,ACTIVE,2021-05-13,37340.67
507898,103076,B017,SALARY,ACTIVE,2026-05-13,40891.24
507899,102332,B010,SAVINGS,ACTIVE,2019-01-15,10883.19
507900,100452,B014,SAVINGS,ACTIVE,2025-06-28,12530.61
507901,109815,B004,SALARY,ACTIVE,2019-10-01,42767.8
507902,101147,B012,SAVINGS,ACTIVE,2023-05-30,42970.6
507903,103534,B006,SAVINGS,ACTIVE,2023-01-01,91781.66
507904,103744,B003,SAVINGS,ACTIVE,2025-10-23,17398.6
507905,107995,B020,CURRENT,ACTIVE,2021-10-11,13036.73
507906,102748,B001,SAVINGS,ACTIVE,2024-11-03,329778.63
507907,109151,B018,SAVINGS,ACTIVE,2025-06-08,68712.78
507908,102135,B016,CURRENT,ACTIVE,2019-08-14,61564.76
507909,107905,B001,SAVINGS,ACTIVE,2019-03-13,6925.98
507910,103268,B004,SAVINGS,ACTIVE,2025-10-11,33837.98
507911,101367,B010,SAVINGS,ACTIVE,2025-09-03,95789.06
507912,101088,B012,SAVINGS,ACTIVE,2019-01-14,60605.76
507913,106308,B005,SAVINGS,ACTIVE,2024-02-17,72725.54
507914,107276,B013,SAVINGS,ACTIVE,2019-04-05,19766.24
507915,106303,B013,SALARY,ACTIVE,2025-08-08,8742.78
507916,105938,B014,SALARY,ACTIVE,2024-06-19,14622.35
507917,105300,B006,SAVINGS,ACTIVE,2020-03-08,41245.31
507918,102622,B011,SAVINGS,BLOCKED,2023-11-11,15748.2
507919,107753,B014,SAVINGS,ACTIVE,2019-10-02,67643.91
507920,101357,B016,SALARY,ACTIVE,2025-12-25,30675.09
507921,101573,B019,SAVINGS,ACTIVE,2022-12-06,23830.64
507922,100418,B008,SAVINGS,BLOCKED,2021-04-03,24010.96
507923,106423,B018,SAVINGS,ACTIVE,2022-11-28,4285.04
507924,106797,B002,SAVINGS,ACTIVE,2024-04-19,7261.1
507925,108354,B006,SAVINGS,ACTIVE,2019-12-25,95181.95
507926,102135,B018,SALARY,ACTIVE,2019-12-13,20387.82
507927,105685,B015,SALARY,ACTIVE,2019-01-22,16222.89
507928,104311,B003,SAVINGS,CLOSED,2020-11-09,6403.28
507929,109769,B001,CURRENT,ACTIVE,2021-07-14,46573.57
507930,105902,B012,SAVINGS,ACTIVE,2020-11-01,3032.56
507931,106588,B016,SAVINGS,ACTIVE,2024-11-29,43268.66
507932,103563,B001,SAVINGS,ACTIVE,2025-11-30,2367.79
507933,107309,B007,CURRENT,ACTIVE,2026-02-08,25414.66
507934,100370,B013,CURRENT,ACTIVE,2024-09-30,70192.54
507935,108726,B015,SAVINGS,ACTIVE,2025-06-11,18633.41
507936,105242,B007,SAVINGS,ACTIVE,2025-05-11,23879.82
507937,105821,B016,SAVINGS,ACTIVE,2021-10-21,92665.21
507938,109389,B013,SAVINGS,ACTIVE,2021-12-13,4825.71
507939,101633,B018,SAVINGS,ACTIVE,2021-10-03,19471.5
507940,101284,B009,SAVINGS,ACTIVE,2024-06-15,11914.81
507941,106374,B004,CURRENT,ACTIVE,2025-06-04,21381.21
507942,103762,B019,SAVINGS,ACTIVE,2026-05-11,22949.55
507943,105778,B016,CURRENT,ACTIVE,2021-09-25,74553.55
507944,103146,B006,SALARY,ACTIVE,2021-11-10,5241.6
507945,104078,B017,SAVINGS,ACTIVE,2023-08-19,41647.37
507946,102410,B006,SAVINGS,ACTIVE,2019-11-10,158471.89
507947,106375,B014,SAVINGS,ACTIVE,2020-05-01,14063.48
507948,106313,B008,SAVINGS,ACTIVE,2026-02-07,33833.08
507949,106759,B013,SAVINGS,ACTIVE,2023-12-30,9295.87
507950,103702,B002,SAVINGS,ACTIVE,2022-12-25,188436.33
507951,104425,B003,SAVINGS,ACTIVE,2023-07-13,3167.2
507952,103141,B018,SAVINGS,ACTIVE,2024-02-19,21308.04
507953,106086,B009,SALARY,ACTIVE,2024-08-21,25496.13
507954,101705,B002,SAVINGS,ACTIVE,2021-01-07,2937.06
507955,100726,B013,SALARY,ACTIVE,2022-03-06,5295.95
507956,103635,B005,SAVINGS,ACTIVE,2024-12-14,11776.39
507957,106516,B007,SAVINGS,ACTIVE,2022-01-04,16698.85
507958,109917,B003,SAVINGS,CLOSED,2025-09-20,29537.94
507959,102265,B016,SAVINGS,ACTIVE,2025-12-03,1976.71
507960,108678,B003,SAVINGS,ACTIVE,2023-07-22,57978.44
507961,102240,B012,SAVINGS,ACTIVE,2024-06-02,16755.12
507962,100961,B009,SALARY,ACTIVE,2024-12-21,30180.23
507963,101717,B015,SALARY,ACTIVE,2019-08-02,18241.37
507964,106323,B004,SAVINGS,ACTIVE,2024-08-28,9913.14
507965,103808,B017,SAVINGS,ACTIVE,2024-07-13,58517.75
507966,104826,B018,SAVINGS,ACTIVE,2026-01-12,100496.59
507967,102773,B005,SAVINGS,ACTIVE,2019-03-31,112778.14
507968,106789,B019,SALARY,BLOCKED,2019-06-05,42331.57
507969,105427,B010,SAVINGS,ACTIVE,2025-09-23,7344.84
507970,109404,B004,SALARY,ACTIVE,2019-11-30,16149.46
507971,104957,B011,SAVINGS,ACTIVE,2026-04-09,10420.19
507972,100907,B005,SAVINGS,ACTIVE,2022-08-28,15177.76
507973,108053,B010,SAVINGS,ACTIVE,2020-02-26,5800.45
507974,105541,B007,SAVINGS,ACTIVE,2024-07-13,119981.43
507975,102569,B014,SAVINGS,ACTIVE,2019-05-04,26116.11
507976,100692,B011,SAVINGS,ACTIVE,2021-01-28,11418.31
507977,102979,B001,SALARY,ACTIVE,2021-07-15,47607.94
507978,103720,B010,SAVINGS,ACTIVE,2024-07-21,15959.53
507979,101754,B019,SAVINGS,ACTIVE,2023-06-17,25989.37
507980,104507,B008,SAVINGS,ACTIVE,2019-06-09,9613.66
507981,105864,B003,SAVINGS,ACTIVE,2020-12-08,8751.37
507982,100849,B006,SAVINGS,ACTIVE,2021-02-03,77625.34
507983,100036,B011,SAVINGS,ACTIVE,2023-02-25,51128.56
507984,102433,B018,SAVINGS,ACTIVE,2024-09-30,105093.16
507985,108637,B006,SAVINGS,ACTIVE,2019-07-29,18067.5
507986,105723,B010,SAVINGS,ACTIVE,2022-12-09,24121.94
507987,104866,B012,SAVINGS,ACTIVE,2020-07-26,44943.87
507988,102256,B003,SALARY,ACTIVE,2022-06-13,13171.49
507989,105864,B017,SAVINGS,ACTIVE,2023-10-08,6532.3
507990,107198,B016,SAVINGS,ACTIVE,2022-10-06,43304.33
507991,102501,B001,CURRENT,ACTIVE,2022-01-02,15061.69
507992,106666,B007,SAVINGS,ACTIVE,2021-12-17,19937.67
507993,101255,B010,SALARY,ACTIVE,2019-09-23,127380.82
507994,104975,B017,CURRENT,ACTIVE,2019-10-07,13961.73
507995,106967,B015,CURRENT,ACTIVE,2020-02-21,37309.05
507996,105592,B015,SAVINGS,ACTIVE,2020-11-08,23908.02
507997,109728,B006,SAVINGS,ACTIVE,2025-07-22,29014.07
507998,103232,B003,SAVINGS,CLOSED,2022-07-20,4021.32
507999,100482,B015,SAVINGS,ACTIVE,2025-12-28,44890.47
508000,105495,B007,SAVINGS,ACTIVE,2024-08-03,148343.11
508001,109713,B020,SAVINGS,ACTIVE,2021-09-07,114362.5
508002,103214,B013,CURRENT,ACTIVE,2020-04-27,21466.15
508003,108048,B018,SALARY,ACTIVE,2021-08-18,214865.0
508004,109069,B015,SALARY,ACTIVE,2019-07-22,95099.66
508005,101833,B004,SAVINGS,ACTIVE,2023-02-07,22366.23
508006,100834,B009,SAVINGS,ACTIVE,2025-01-28,149501.92
508007,103160,B009,SAVINGS,ACTIVE,2025-12-23,22685.52
508008,102034,B012,SALARY,ACTIVE,2022-06-18,43063.69
508009,109879,B010,SAVINGS,ACTIVE,2025-01-16,130585.06
508010,102521,B002,CURRENT,ACTIVE,2022-10-07,14526.72
508011,108982,B017,SAVINGS,ACTIVE,2026-02-28,23290.82
508012,107878,B001,SAVINGS,ACTIVE,2026-04-26,4430.04
508013,109225,B012,SALARY,ACTIVE,2021-09-23,13735.71
508014,104522,B005,SAVINGS,ACTIVE,2019-09-03,47035.45
508015,106678,B011,SAVINGS,ACTIVE,2024-12-17,26330.3
508016,105552,B010,SAVINGS,ACTIVE,2022-07-14,52672.57
508017,104923,B001,SAVINGS,ACTIVE,2022-04-28,3045.29
508018,102955,B012,SAVINGS,ACTIVE,2021-06-23,38716.06
508019,102130,B011,SAVINGS,ACTIVE,2020-02-03,10498.31
508020,102689,B002,SAVINGS,BLOCKED,2025-04-09,69039.9
508021,102873,B013,SAVINGS,ACTIVE,2023-05-20,8905.09
508022,106486,B019,SAVINGS,ACTIVE,2020-02-23,71731.9
508023,100726,B004,SAVINGS,ACTIVE,2026-02-05,5453.66
508024,106862,B003,SAVINGS,ACTIVE,2026-01-19,37128.56
508025,106941,B014,SAVINGS,ACTIVE,2025-01-13,26377.59
508026,105182,B018,SAVINGS,ACTIVE,2025-12-06,33119.1
508027,108815,B020,SAVINGS,ACTIVE,2019-11-21,20583.69
508028,107038,B019,SAVINGS,ACTIVE,2021-09-01,62138.98
508029,106155,B005,SALARY,ACTIVE,2024-11-06,35154.75
508030,107732,B010,SAVINGS,ACTIVE,2019-08-27,31125.93
508031,105411,B018,SAVINGS,ACTIVE,2019-07-26,28348.82
508032,101018,B017,SAVINGS,ACTIVE,2025-02-11,7758.93
508033,106853,B014,SAVINGS,ACTIVE,2020-07-26,35712.93
508034,102348,B011,SAVINGS,ACTIVE,2020-05-09,10099.78
508035,100632,B016,SALARY,ACTIVE,2023-02-08,77799.62
508036,106218,B002,SAVINGS,ACTIVE,2025-03-11,18800.84
508037,102901,B010,SAVINGS,BLOCKED,2023-11-13,23978.5
508038,108739,B004,SAVINGS,ACTIVE,2025-12-20,72461.19
508039,103917,B020,SAVINGS,ACTIVE,2020-02-15,15216.01
508040,108113,B010,SAVINGS,ACTIVE,2022-08-29,16033.59
508041,108340,B012,SAVINGS,ACTIVE,2024-11-10,26394.19
508042,105830,B007,SAVINGS,ACTIVE,2019-10-18,81546.98
508043,102695,B001,SAVINGS,ACTIVE,2022-05-04,65937.47
508044,104438,B015,SAVINGS,BLOCKED,2023-03-21,43282.0
508045,100944,B002,CURRENT,ACTIVE,2020-04-06,5035.98
508046,100324,B006,SAVINGS,ACTIVE,2022-01-28,77182.69
508047,100419,B011,CURRENT,ACTIVE,2020-04-24,9511.62
508048,109218,B002,SAVINGS,ACTIVE,2023-01-04,30512.23
508049,101312,B017,SAVINGS,ACTIVE,2022-09-08,143054.92
508050,107445,B016,SALARY,ACTIVE,2022-10-27,12364.94
508051,109466,B006,SAVINGS,ACTIVE,2022-07-14,70458.01
508052,102842,B012,CURRENT,ACTIVE,2024-04-23,21577.01
508053,102065,B015,SAVINGS,ACTIVE,2020-11-20,4920.65
508054,105058,B012,SAVINGS,ACTIVE,2020-09-19,67460.49
508055,105996,B001,SAVINGS,ACTIVE,2019-03-12,20202.1
508056,102392,B008,CURRENT,ACTIVE,2025-04-21,14604.73
508057,104486,B008,CURRENT,BLOCKED,2022-03-20,70891.67
508058,109156,B010,SAVINGS,ACTIVE,2020-12-08,39134.5
508059,104630,B019,SAVINGS,ACTIVE,2025-11-04,12529.94
508060,104485,B003,SAVINGS,ACTIVE,2026-01-12,5619.47
508061,102872,B016,SAVINGS,ACTIVE,2024-03-22,22450.76
508062,108539,B015,SAVINGS,ACTIVE,2022-11-07,18365.52
508063,109433,B009,CURRENT,ACTIVE,2022-12-02,27531.08
508064,106199,B003,SAVINGS,ACTIVE,2023-06-14,39712.31
508065,102245,B017,SAVINGS,ACTIVE,2022-04-14,76985.4
508066,105253,B016,SAVINGS,BLOCKED,2021-03-16,78902.67
508067,101478,B018,SAVINGS,ACTIVE,2021-10-20,839495.84
508068,109068,B009,SAVINGS,ACTIVE,2022-09-13,40980.4
508069,109245,B006,SAVINGS,ACTIVE,2022-07-04,9296.22
508070,101383,B001,CURRENT,ACTIVE,2025-12-15,32111.63
508071,104926,B005,SAVINGS,ACTIVE,2025-01-06,16742.12
508072,100644,B019,SAVINGS,ACTIVE,2020-04-11,8380.06
508073,105093,B002,SALARY,ACTIVE,2021-11-03,17251.07
508074,106631,B018,SALARY,ACTIVE,2022-10-07,303478.23
508075,107380,B012,CURRENT,ACTIVE,2026-02-23,19755.69
508076,109154,B002,SAVINGS,ACTIVE,2023-09-02,119959.37
508077,109813,B019,CURRENT,ACTIVE,2021-02-01,85221.11
508078,101336,B002,SAVINGS,ACTIVE,2022-04-05,38112.94
508079,107147,B004,SAVINGS,ACTIVE,2025-08-03,84645.22
508080,102429,B006,CURRENT,ACTIVE,2019-12-12,45046.86
508081,107643,B006,SALARY,ACTIVE,2019-07-18,6796.77
508082,103998,B009,CURRENT,ACTIVE,2022-04-22,48747.82
508083,106034,B004,SAVINGS,ACTIVE,2024-07-18,29593.2
508084,109321,B012,CURRENT,ACTIVE,2024-07-29,4367.6
508085,109286,B012,SAVINGS,CLOSED,2021-05-17,31676.95
508086,108528,B014,SAVINGS,ACTIVE,2023-02-15,25921.62
508087,104634,B002,SAVINGS,ACTIVE,2023-03-26,34937.25
508088,109717,B020,SAVINGS,ACTIVE,2026-01-12,496916.31
508089,100007,B003,SAVINGS,ACTIVE,2021-01-03,169961.15
508090,107738,B012,SALARY,ACTIVE,2026-05-20,34193.06
508091,102156,B014,SAVINGS,ACTIVE,2023-05-03,82726.63
508092,103484,B012,SAVINGS,ACTIVE,2022-03-08,17148.27
508093,109309,B018,CURRENT,ACTIVE,2026-01-31,13073.01
508094,100528,B020,SAVINGS,ACTIVE,2024-09-10,63625.21
508095,102029,B008,SAVINGS,ACTIVE,2019-03-11,18766.53
508096,106154,B008,SAVINGS,ACTIVE,2025-03-18,39421.43
508097,109903,B015,SAVINGS,ACTIVE,2020-08-30,13031.4
508098,108947,B019,SAVINGS,ACTIVE,2025-08-05,29234.45
508099,105541,B020,SALARY,ACTIVE,2020-03-24,57358.78
508100,104468,B008,SAVINGS,ACTIVE,2019-09-29,89674.91
508101,103985,B001,SAVINGS,BLOCKED,2021-04-12,14784.13
508102,103923,B015,SAVINGS,BLOCKED,2022-09-10,183771.23
508103,107871,B017,SAVINGS,ACTIVE,2024-09-20,40504.66
508104,107928,B015,SALARY,ACTIVE,2019-12-15,28919.8
508105,102976,B019,SAVINGS,ACTIVE,2023-01-08,38508.92
508106,103994,B017,CURRENT,ACTIVE,2022-08-26,31735.72
508107,108216,B012,SALARY,ACTIVE,2021-07-22,37923.99
508108,107336,B004,SAVINGS,ACTIVE,2025-05-31,41525.92
508109,105217,B006,SAVINGS,ACTIVE,2025-03-24,29148.71
508110,102080,B011,CURRENT,ACTIVE,2022-04-20,135148.35
508111,102386,B012,CURRENT,ACTIVE,2020-06-26,28286.84
508112,106335,B001,SAVINGS,ACTIVE,2024-05-12,5346.78
508113,106990,B017,CURRENT,ACTIVE,2022-02-21,180193.71
508114,105699,B018,CURRENT,ACTIVE,2019-05-09,40850.43
508115,105551,B018,SAVINGS,ACTIVE,2024-12-08,5991.94
508116,104387,B006,SAVINGS,ACTIVE,2019-02-21,9729.4
508117,107511,B015,SALARY,ACTIVE,2025-07-26,21525.45
508118,103289,B018,SAVINGS,ACTIVE,2020-08-09,44315.32
508119,106471,B010,SAVINGS,ACTIVE,2022-07-20,879.87
508120,106157,B011,SAVINGS,ACTIVE,2021-06-19,1559.14
508121,102363,B016,CURRENT,ACTIVE,2020-10-21,29731.77
508122,109477,B014,SAVINGS,ACTIVE,2024-09-21,120926.78
508123,107414,B005,SALARY,ACTIVE,2024-09-01,118544.69
508124,103074,B005,SAVINGS,ACTIVE,2022-03-14,9005.3
508125,102831,B001,SAVINGS,ACTIVE,2022-11-07,51142.31
508126,100561,B011,SAVINGS,ACTIVE,2023-11-29,50256.86
508127,104625,B006,SAVINGS,CLOSED,2025-07-31,34567.89
508128,108785,B016,SAVINGS,ACTIVE,2019-11-14,103000.18
508129,102676,B014,SALARY,ACTIVE,2019-05-20,11631.83
508130,100183,B014,CURRENT,ACTIVE,2022-05-06,40986.21
508131,104523,B017,SAVINGS,ACTIVE,2022-11-15,229766.67
508132,100639,B014,SALARY,BLOCKED,2019-05-10,18706.55
508133,107934,B020,SALARY,ACTIVE,2019-04-22,16076.66
508134,101434,B014,SAVINGS,ACTIVE,2021-06-04,62256.13
508135,103996,B006,SAVINGS,ACTIVE,2024-12-13,40685.84
508136,107469,B001,SAVINGS,ACTIVE,2019-01-18,3643.72
508137,102509,B020,SAVINGS,ACTIVE,2023-12-11,85571.55
508138,100687,B001,SAVINGS,ACTIVE,2019-04-21,7091.15
508139,107883,B020,SAVINGS,ACTIVE,2023-12-30,67216.63
508140,104958,B018,SAVINGS,ACTIVE,2020-10-19,23646.0
508141,100738,B009,SAVINGS,ACTIVE,2025-05-24,26139.63
508142,101382,B013,CURRENT,ACTIVE,2024-06-27,29487.39
508143,108933,B002,SAVINGS,ACTIVE,2020-04-27,10443.72
508144,105560,B016,SAVINGS,ACTIVE,2022-03-05,103259.41
508145,102585,B002,SAVINGS,ACTIVE,2021-10-02,30661.7
508146,104862,B016,SAVINGS,ACTIVE,2025-06-28,18873.9
508147,109858,B016,SAVINGS,ACTIVE,2025-12-21,169714.41
508148,103108,B018,SALARY,ACTIVE,2019-08-30,24771.06
508149,102112,B011,SALARY,ACTIVE,2025-03-25,10571.74
508150,105719,B017,SAVINGS,ACTIVE,2024-05-29,68240.97
508151,108245,B009,SAVINGS,ACTIVE,2020-08-11,14405.25
508152,103065,B004,SAVINGS,ACTIVE,2022-01-11,172835.9
508153,100884,B010,SAVINGS,ACTIVE,2024-02-15,19133.69
508154,108405,B012,SAVINGS,ACTIVE,2022-03-09,14999.81
508155,108287,B006,SALARY,ACTIVE,2023-08-07,11457.04
508156,109268,B010,SAVINGS,ACTIVE,2022-08-07,27493.77
508157,103514,B018,CURRENT,ACTIVE,2026-03-03,17632.34
508158,105188,B015,SAVINGS,ACTIVE,2022-03-20,22246.77
508159,104723,B011,CURRENT,ACTIVE,2020-09-06,5873.63
508160,101234,B018,SAVINGS,ACTIVE,2025-01-17,38847.51
508161,106248,B019,SAVINGS,ACTIVE,2024-06-02,52044.35
508162,103224,B018,SALARY,ACTIVE,2021-03-27,77160.21
508163,108966,B001,SAVINGS,ACTIVE,2023-08-29,14198.26
508164,108211,B003,SAVINGS,ACTIVE,2021-02-17,40412.74
508165,102221,B016,CURRENT,ACTIVE,2020-06-14,79415.51
508166,102081,B014,SAVINGS,ACTIVE,2024-07-21,41065.21
508167,101250,B005,SAVINGS,ACTIVE,2024-09-09,13269.36
508168,101275,B004,SALARY,ACTIVE,2023-03-17,65774.47
508169,104534,B018,SAVINGS,ACTIVE,2021-11-10,119673.27
508170,109628,B012,SAVINGS,ACTIVE,2023-10-23,31514.41
508171,105283,B004,SALARY,ACTIVE,2024-06-17,40327.18
508172,105510,B005,SAVINGS,ACTIVE,2019-11-18,8450.25
508173,104037,B004,SAVINGS,ACTIVE,2026-03-14,16091.56
508174,104621,B001,SAVINGS,ACTIVE,2021-11-08,76886.14
508175,104940,B005,SALARY,ACTIVE,2021-12-03,27580.21
508176,109234,B002,SAVINGS,ACTIVE,2025-08-03,10233.83
508177,100631,B010,SAVINGS,ACTIVE,2025-10-14,125535.86
508178,105365,B010,SAVINGS,ACTIVE,2023-08-08,85516.95
508179,105795,B004,SAVINGS,ACTIVE,2019-09-23,19688.02
508180,104950,B007,SAVINGS,ACTIVE,2022-04-06,464737.97
508181,104285,B015,SAVINGS,ACTIVE,2022-12-16,15833.61
508182,103003,B019,SAVINGS,ACTIVE,2025-05-17,4655.47
508183,104429,B010,CURRENT,ACTIVE,2020-11-08,22802.15
508184,106757,B005,SALARY,ACTIVE,2023-07-31,4981.31
508185,103132,B007,SALARY,ACTIVE,2021-02-11,47208.52
508186,107141,B018,SALARY,ACTIVE,2026-02-13,128237.28
508187,108172,B004,SAVINGS,ACTIVE,2020-10-27,11379.0
508188,101354,B013,CURRENT,ACTIVE,2022-09-26,17051.12
508189,106505,B017,SAVINGS,ACTIVE,2025-06-14,15422.97
508190,107808,B010,SAVINGS,ACTIVE,2019-12-12,18162.99
508191,107671,B015,SAVINGS,ACTIVE,2024-04-11,23453.84
508192,104423,B005,SAVINGS,ACTIVE,2022-02-24,12873.79
508193,102882,B001,SAVINGS,ACTIVE,2026-01-04,53497.47
508194,104192,B001,SAVINGS,ACTIVE,2023-08-06,8316.55
508195,107764,B019,SAVINGS,ACTIVE,2022-04-18,36023.93
508196,109047,B009,SALARY,CLOSED,2026-04-14,67360.37
508197,105368,B006,SALARY,ACTIVE,2021-07-04,9141.08
508198,101565,B009,SALARY,ACTIVE,2021-03-01,4692.41
508199,100859,B008,SAVINGS,ACTIVE,2025-10-23,6775.15
508200,104900,B005,SAVINGS,ACTIVE,2021-06-24,17180.58
508201,105300,B018,SALARY,ACTIVE,2021-10-12,6758.3
508202,104509,B015,SAVINGS,ACTIVE,2024-07-19,141094.85
508203,107517,B004,SAVINGS,ACTIVE,2021-10-05,26163.12
508204,106016,B013,SAVINGS,ACTIVE,2023-08-07,12453.09
508205,105279,B011,SAVINGS,ACTIVE,2022-09-12,11495.26
508206,102223,B007,CURRENT,ACTIVE,2023-06-08,66878.38
508207,106710,B005,SALARY,ACTIVE,2024-07-18,89178.2
508208,102470,B019,SAVINGS,ACTIVE,2021-04-30,16485.76
508209,109543,B006,SAVINGS,ACTIVE,2019-04-26,34095.26
508210,100512,B017,SAVINGS,ACTIVE,2020-06-06,46712.73
508211,101742,B002,SALARY,ACTIVE,2025-03-10,44554.92
508212,108098,B012,CURRENT,ACTIVE,2019-07-24,56495.1
508213,109824,B018,SAVINGS,ACTIVE,2023-07-23,86427.72
508214,100946,B017,SAVINGS,CLOSED,2022-03-06,53881.6
508215,101558,B012,CURRENT,ACTIVE,2021-11-03,15624.19
508216,106130,B017,SAVINGS,ACTIVE,2020-06-29,19101.16
508217,109881,B011,SAVINGS,ACTIVE,2025-04-11,5186.28
508218,100300,B010,SAVINGS,ACTIVE,2024-09-29,33195.53
508219,103936,B010,SAVINGS,ACTIVE,2026-02-01,30688.74
508220,105912,B020,SALARY,ACTIVE,2020-08-04,15957.27
508221,106259,B001,SAVINGS,ACTIVE,2023-02-18,37343.26
508222,102288,B014,SALARY,ACTIVE,2020-07-22,16701.35
508223,100170,B004,CURRENT,ACTIVE,2024-07-14,10765.78
508224,106655,B001,SALARY,ACTIVE,2023-10-05,104548.98
508225,109810,B020,SAVINGS,BLOCKED,2025-08-05,14781.68
508226,107673,B010,SALARY,ACTIVE,2023-09-14,24364.15
508227,109079,B019,SALARY,ACTIVE,2026-01-16,56099.57
508228,109790,B016,SAVINGS,CLOSED,2019-05-28,8820.36
508229,106742,B012,SALARY,ACTIVE,2021-09-08,32969.3
508230,107453,B009,SAVINGS,ACTIVE,2025-02-13,9790.83
508231,101721,B017,SAVINGS,ACTIVE,2021-11-08,52364.3
508232,109466,B019,SAVINGS,ACTIVE,2020-03-01,291724.9
508233,106034,B018,SAVINGS,ACTIVE,2026-04-29,79322.22
508234,109311,B016,SAVINGS,ACTIVE,2020-01-29,107371.36
508235,109784,B002,SAVINGS,CLOSED,2020-11-17,49197.79
508236,102812,B011,SAVINGS,ACTIVE,2021-07-18,182195.35
508237,107731,B009,SAVINGS,ACTIVE,2022-03-31,2902.48
508238,103997,B008,SALARY,ACTIVE,2020-03-10,38711.28
508239,100792,B018,SAVINGS,ACTIVE,2021-10-29,78477.92
508240,104124,B004,SALARY,ACTIVE,2023-10-03,20075.62
508241,104675,B018,SAVINGS,BLOCKED,2026-01-26,55569.81
508242,103459,B020,SALARY,ACTIVE,2020-10-31,14721.25
508243,104190,B013,SAVINGS,ACTIVE,2022-05-15,129023.44
508244,107395,B007,CURRENT,ACTIVE,2019-01-01,27264.41
508245,107150,B009,SAVINGS,ACTIVE,2019-06-14,20826.88
508246,103835,B006,SAVINGS,ACTIVE,2024-06-03,12881.67
508247,107092,B012,CURRENT,ACTIVE,2022-07-14,29912.46
508248,109212,B010,SALARY,ACTIVE,2025-02-28,144874.12
508249,108979,B010,CURRENT,ACTIVE,2023-09-10,98345.95
508250,105586,B010,SAVINGS,ACTIVE,2024-12-22,10954.65
508251,108536,B017,SALARY,ACTIVE,2025-01-17,31172.94
508252,103058,B020,SALARY,ACTIVE,2019-04-15,46749.57
508253,101508,B011,SAVINGS,ACTIVE,2021-09-07,22130.23
508254,108443,B003,CURRENT,ACTIVE,2021-02-12,34479.17
508255,107262,B019,SAVINGS,BLOCKED,2025-06-21,103427.34
508256,106839,B018,SAVINGS,ACTIVE,2026-03-04,24606.38
508257,107565,B008,SAVINGS,ACTIVE,2025-11-21,46007.69
508258,103169,B003,SAVINGS,ACTIVE,2024-04-07,91180.15
508259,102755,B011,SAVINGS,ACTIVE,2024-03-30,63119.49
508260,108953,B010,SALARY,ACTIVE,2025-04-24,33188.64
508261,107756,B018,SAVINGS,ACTIVE,2021-11-10,135039.01
508262,104469,B018,SALARY,ACTIVE,2021-04-17,12585.74
508263,104129,B010,SAVINGS,ACTIVE,2020-12-02,4552.3
508264,101060,B017,SALARY,ACTIVE,2019-03-17,40494.31
508265,100505,B017,SAVINGS,ACTIVE,2022-08-23,227002.67
508266,108149,B020,SAVINGS,ACTIVE,2019-03-03,306992.33
508267,103473,B012,SAVINGS,ACTIVE,2023-02-21,10649.58
508268,107054,B013,SALARY,ACTIVE,2025-05-25,15256.46
508269,108982,B002,SALARY,ACTIVE,2019-06-08,4282.33
508270,100385,B016,CURRENT,ACTIVE,2023-04-26,32296.38
508271,102771,B013,SAVINGS,ACTIVE,2025-06-06,60854.08
508272,101370,B020,SAVINGS,ACTIVE,2025-02-04,9806.21
508273,105298,B011,SAVINGS,ACTIVE,2023-05-19,17464.96
508274,108935,B009,SAVINGS,ACTIVE,2024-11-11,123693.11
508275,102072,B003,SALARY,ACTIVE,2021-07-10,239741.49
508276,100406,B009,SAVINGS,ACTIVE,2023-01-17,71116.57
508277,106691,B004,CURRENT,ACTIVE,2024-09-16,15521.29
508278,105501,B013,SAVINGS,ACTIVE,2024-04-23,193932.56
508279,107332,B016,SALARY,ACTIVE,2026-01-16,50216.58
508280,100594,B017,SALARY,ACTIVE,2025-09-14,18411.26
508281,102173,B008,SAVINGS,ACTIVE,2025-11-27,14267.5
508282,108320,B006,SAVINGS,ACTIVE,2025-06-21,2274.52
508283,103197,B020,SAVINGS,ACTIVE,2020-02-13,185397.11
508284,101583,B016,SAVINGS,ACTIVE,2019-03-28,478813.03
508285,109452,B012,SAVINGS,ACTIVE,2025-09-07,26773.0
508286,106000,B017,SAVINGS,ACTIVE,2023-12-15,55607.85
508287,109806,B014,SAVINGS,ACTIVE,2025-01-30,25762.24
508288,109859,B012,SAVINGS,ACTIVE,2026-04-12,34667.48
508289,101587,B020,CURRENT,ACTIVE,2021-05-10,8379.42
508290,106646,B005,SAVINGS,ACTIVE,2024-04-13,45350.16
508291,107057,B013,CURRENT,ACTIVE,2026-05-02,223007.86
508292,104021,B016,CURRENT,ACTIVE,2024-11-23,26500.15
508293,108569,B011,SAVINGS,ACTIVE,2026-04-28,19077.77
508294,103664,B019,SAVINGS,ACTIVE,2019-12-14,92338.49
508295,100488,B013,SALARY,ACTIVE,2024-11-10,13103.61
508296,109512,B007,SALARY,ACTIVE,2025-05-23,19955.65
508297,105456,B012,SAVINGS,ACTIVE,2022-06-13,18706.67
508298,105876,B004,SAVINGS,CLOSED,2020-12-20,15850.05
508299,107488,B020,SAVINGS,ACTIVE,2020-06-30,10498.13
508300,109965,B019,SALARY,ACTIVE,2021-12-01,67073.68
508301,106459,B010,SAVINGS,ACTIVE,2022-02-17,143880.87
508302,100615,B001,SALARY,ACTIVE,2023-08-13,69519.62
508303,103892,B007,SAVINGS,ACTIVE,2020-07-09,266803.24
508304,108109,B019,SAVINGS,ACTIVE,2020-10-19,70019.24
508305,107570,B016,SAVINGS,ACTIVE,2021-02-15,30292.33
508306,101859,B009,SAVINGS,ACTIVE,2023-04-10,21872.3
508307,101781,B014,SAVINGS,ACTIVE,2021-10-04,31698.2
508308,103408,B014,SALARY,ACTIVE,2026-02-18,80616.18
508309,108431,B016,SALARY,ACTIVE,2024-12-03,38398.7
508310,106490,B008,SAVINGS,ACTIVE,2022-11-22,106030.69
508311,106668,B016,SALARY,ACTIVE,2019-12-26,11967.92
508312,108068,B007,SAVINGS,ACTIVE,2021-12-04,21172.81
508313,103172,B015,SAVINGS,ACTIVE,2021-08-13,45578.71
508314,105687,B003,SAVINGS,BLOCKED,2025-10-28,10165.65
508315,105004,B010,SAVINGS,ACTIVE,2025-10-24,45807.23
508316,101047,B012,SAVINGS,ACTIVE,2024-03-10,2498.42
508317,103263,B013,SAVINGS,ACTIVE,2019-05-12,60317.34
508318,100041,B015,SALARY,ACTIVE,2024-04-17,15825.02
508319,103193,B020,SAVINGS,ACTIVE,2023-08-23,21115.97
508320,108724,B003,SALARY,ACTIVE,2020-11-07,13095.85
508321,100715,B018,SAVINGS,ACTIVE,2025-02-20,27387.67
508322,102742,B016,SALARY,ACTIVE,2022-04-12,10558.81
508323,105069,B003,SAVINGS,BLOCKED,2026-04-10,10345.54
508324,106712,B005,SAVINGS,ACTIVE,2020-05-13,40375.32
508325,100930,B002,SAVINGS,ACTIVE,2026-01-19,1419.9
508326,107758,B008,CURRENT,ACTIVE,2022-05-17,16987.5
508327,104980,B003,SAVINGS,ACTIVE,2021-02-23,58275.94
508328,107019,B003,CURRENT,ACTIVE,2019-04-25,12746.54
508329,105759,B018,SAVINGS,ACTIVE,2025-10-25,80084.03
508330,101012,B016,SALARY,ACTIVE,2021-10-12,6059.65
508331,103368,B014,SAVINGS,ACTIVE,2023-06-03,7560.01
508332,107751,B004,SAVINGS,ACTIVE,2022-10-08,3865.51
508333,104941,B006,SAVINGS,ACTIVE,2024-01-20,4497.73
508334,108930,B005,SAVINGS,ACTIVE,2019-06-09,8804.54
508335,106935,B019,SAVINGS,ACTIVE,2023-04-18,51426.13
508336,107940,B002,CURRENT,ACTIVE,2020-11-16,7162.49
508337,105242,B002,SAVINGS,ACTIVE,2025-08-20,17975.93
508338,105103,B019,SAVINGS,ACTIVE,2022-08-28,5480.91
508339,105579,B015,SALARY,ACTIVE,2024-03-08,35167.41
508340,101997,B014,SAVINGS,ACTIVE,2019-08-27,9894.71
508341,105829,B007,SAVINGS,ACTIVE,2020-02-13,94930.39
508342,106251,B014,SAVINGS,ACTIVE,2023-10-23,35130.38
508343,100084,B007,SALARY,ACTIVE,2019-05-13,4335.45
508344,107006,B020,SAVINGS,ACTIVE,2019-09-28,2514.34
508345,103816,B010,SAVINGS,ACTIVE,2024-07-07,23607.04
508346,102709,B009,SAVINGS,ACTIVE,2024-04-10,8203.53
508347,106490,B010,SALARY,ACTIVE,2024-05-14,33236.02
508348,106417,B011,SAVINGS,ACTIVE,2019-02-06,34831.64
508349,101719,B016,SAVINGS,ACTIVE,2024-04-14,46507.28
508350,108752,B004,SAVINGS,ACTIVE,2020-09-16,68541.07
508351,107840,B011,SAVINGS,ACTIVE,2024-06-01,16145.52
508352,103816,B010,SAVINGS,ACTIVE,2021-05-14,83819.33
508353,100638,B008,SALARY,ACTIVE,2024-03-12,5644.3
508354,105322,B014,CURRENT,ACTIVE,2019-08-07,59668.07
508355,109889,B017,SAVINGS,ACTIVE,2020-03-24,18892.46
508356,107173,B004,SAVINGS,ACTIVE,2020-01-22,109941.83
508357,103294,B019,SALARY,ACTIVE,2025-04-22,168936.58
508358,107416,B001,SALARY,ACTIVE,2021-07-19,96506.91
508359,108013,B007,SALARY,ACTIVE,2022-06-27,96458.46
508360,106447,B006,SAVINGS,ACTIVE,2022-04-13,26974.95
508361,102130,B012,CURRENT,ACTIVE,2020-12-14,1209.87
508362,105282,B002,SAVINGS,ACTIVE,2022-12-13,105121.52
508363,102419,B004,SAVINGS,ACTIVE,2019-06-20,30643.04
508364,107031,B017,SAVINGS,ACTIVE,2025-09-09,72391.82
508365,100203,B006,SALARY,ACTIVE,2026-01-03,20217.06
508366,108466,B018,SAVINGS,ACTIVE,2023-02-09,52533.05
508367,104835,B004,SAVINGS,ACTIVE,2022-06-19,105058.99
508368,108973,B006,CURRENT,ACTIVE,2023-11-02,12528.82
508369,109571,B005,SAVINGS,ACTIVE,2019-12-06,50805.76
508370,104291,B005,SAVINGS,ACTIVE,2024-08-23,27054.38
508371,108958,B010,SAVINGS,ACTIVE,2021-01-05,41079.7
508372,107120,B014,CURRENT,ACTIVE,2023-09-02,37107.48
508373,104733,B006,SAVINGS,ACTIVE,2019-01-22,105614.12
508374,104040,B016,SAVINGS,ACTIVE,2025-02-18,13321.9
508375,108885,B003,SALARY,ACTIVE,2020-11-22,31390.93
508376,108610,B014,CURRENT,ACTIVE,2024-04-11,30275.62
508377,108686,B001,SAVINGS,ACTIVE,2025-07-28,36775.56
508378,108309,B013,CURRENT,ACTIVE,2025-08-06,6840.86
508379,109416,B006,SALARY,ACTIVE,2022-09-02,41890.79
508380,107532,B007,SAVINGS,ACTIVE,2024-08-07,103272.51
508381,103003,B019,SALARY,ACTIVE,2019-07-08,17281.54
508382,104895,B014,SAVINGS,ACTIVE,2019-01-16,5944.9
508383,100201,B020,SAVINGS,ACTIVE,2026-04-05,58029.24
508384,105381,B014,SAVINGS,ACTIVE,2020-05-05,12572.52
508385,102264,B003,SAVINGS,ACTIVE,2021-05-25,5565.09
508386,108009,B005,SAVINGS,ACTIVE,2025-03-19,27335.81
508387,108876,B010,SAVINGS,ACTIVE,2022-07-31,6405.7
508388,100482,B001,SAVINGS,ACTIVE,2025-04-25,5861.67
508389,105547,B006,SAVINGS,ACTIVE,2020-11-19,67101.92
508390,105677,B014,SAVINGS,ACTIVE,2022-07-30,27357.39
508391,106962,B002,SALARY,ACTIVE,2023-09-06,6421.13
508392,102401,B007,SALARY,ACTIVE,2020-09-30,14898.77
508393,100101,B010,SALARY,ACTIVE,2025-01-17,417250.99
508394,106030,B001,SAVINGS,ACTIVE,2020-04-24,23435.84
508395,102383,B008,SALARY,ACTIVE,2022-08-06,22253.19
508396,104766,B001,CURRENT,BLOCKED,2025-11-05,7534.22
508397,107523,B011,SALARY,ACTIVE,2025-11-06,27370.5
508398,106380,B003,SAVINGS,ACTIVE,2023-10-19,6812.0
508399,108993,B002,CURRENT,ACTIVE,2025-07-09,4795.59
508400,100941,B002,SAVINGS,ACTIVE,2024-11-13,34141.46
508401,100115,B011,SAVINGS,ACTIVE,2025-05-01,5819.31
508402,109265,B015,SALARY,ACTIVE,2024-03-18,34529.77
508403,108664,B004,SAVINGS,ACTIVE,2026-05-17,191301.28
508404,105835,B019,SAVINGS,ACTIVE,2019-09-24,51559.85
508405,108624,B004,SAVINGS,ACTIVE,2025-01-07,4876.31
508406,102944,B003,SAVINGS,ACTIVE,2020-01-22,10870.98
508407,109568,B012,SAVINGS,ACTIVE,2021-03-14,7555.62
508408,107969,B014,SAVINGS,ACTIVE,2025-05-05,24375.05
508409,103926,B009,SAVINGS,BLOCKED,2026-01-09,43152.48
508410,106825,B011,SAVINGS,ACTIVE,2023-07-10,5355.2
508411,102485,B019,CURRENT,ACTIVE,2020-11-21,28093.33
508412,104480,B015,SAVINGS,ACTIVE,2019-08-21,95005.38
508413,104690,B014,SAVINGS,ACTIVE,2020-12-25,28858.71
508414,102789,B004,CURRENT,ACTIVE,2023-05-28,14276.63
508415,102818,B010,SAVINGS,ACTIVE,2022-09-10,86884.41
508416,103199,B003,SAVINGS,ACTIVE,2020-02-06,108021.03
508417,106700,B011,CURRENT,ACTIVE,2022-01-14,29038.76
508418,100511,B017,SALARY,ACTIVE,2026-03-02,19597.2
508419,104895,B013,CURRENT,BLOCKED,2024-02-17,35165.77
508420,103846,B017,SAVINGS,ACTIVE,2023-11-09,140863.3
508421,108424,B003,SAVINGS,ACTIVE,2025-03-24,10139.92
508422,105126,B019,SAVINGS,ACTIVE,2021-06-06,41751.74
508423,106436,B019,SALARY,ACTIVE,2024-01-27,133431.63
508424,108420,B005,SAVINGS,ACTIVE,2021-04-25,88021.45
508425,108743,B015,SAVINGS,ACTIVE,2019-07-13,2535.35
508426,106475,B011,SAVINGS,ACTIVE,2025-08-11,29784.27
508427,106235,B004,SAVINGS,ACTIVE,2020-12-10,61096.13
508428,102176,B008,SAVINGS,ACTIVE,2024-01-28,64398.54
508429,101158,B006,SAVINGS,ACTIVE,2025-11-30,138485.66
508430,109637,B018,SAVINGS,ACTIVE,2023-06-10,7440.38
508431,103427,B001,SAVINGS,ACTIVE,2020-07-09,17620.51
508432,102216,B011,SAVINGS,ACTIVE,2022-01-27,44638.01
508433,104565,B015,SAVINGS,ACTIVE,2020-06-02,37356.33
508434,106179,B004,SAVINGS,ACTIVE,2023-02-23,219887.57
508435,101817,B016,SAVINGS,ACTIVE,2021-02-06,7751.17
508436,103285,B006,SAVINGS,ACTIVE,2025-11-26,89658.86
508437,107416,B008,SALARY,ACTIVE,2020-06-01,43581.39
508438,101221,B012,SAVINGS,ACTIVE,2025-08-13,19100.66
508439,104524,B016,CURRENT,ACTIVE,2020-03-21,36145.4
508440,108234,B012,SAVINGS,ACTIVE,2020-06-12,40666.11
508441,102787,B016,SAVINGS,CLOSED,2022-01-27,3415.92
508442,105893,B016,SALARY,ACTIVE,2022-04-08,29020.23
508443,108395,B016,SAVINGS,ACTIVE,2026-03-20,50702.79
508444,105248,B020,SAVINGS,ACTIVE,2022-07-18,82474.8
508445,103491,B018,SAVINGS,ACTIVE,2021-04-16,32853.86
508446,103005,B009,SAVINGS,ACTIVE,2024-03-23,47810.38
508447,108142,B003,SAVINGS,ACTIVE,2023-01-24,43993.46
508448,107789,B010,SAVINGS,ACTIVE,2019-03-10,38032.28
508449,108206,B020,SALARY,ACTIVE,2020-09-24,29896.3
508450,108529,B012,SAVINGS,ACTIVE,2021-01-22,35728.5
508451,104243,B012,SAVINGS,BLOCKED,2022-12-27,66574.49
508452,108366,B014,CURRENT,ACTIVE,2021-06-12,11610.0
508453,100867,B004,SAVINGS,ACTIVE,2020-09-11,14056.67
508454,100725,B006,SALARY,ACTIVE,2019-07-04,20154.27
508455,104938,B016,SALARY,ACTIVE,2023-02-03,19135.56
508456,101989,B012,SALARY,ACTIVE,2023-06-21,11286.76
508457,109777,B019,SALARY,ACTIVE,2024-07-10,30749.93
508458,101239,B005,SAVINGS,ACTIVE,2021-08-22,35664.19
508459,102668,B013,SAVINGS,ACTIVE,2023-05-27,132551.46
508460,103045,B009,SAVINGS,ACTIVE,2026-04-05,11823.75
508461,103001,B012,CURRENT,ACTIVE,2025-05-22,20305.07
508462,101129,B011,SAVINGS,ACTIVE,2022-08-07,273093.39
508463,109354,B011,SAVINGS,ACTIVE,2020-11-27,10161.44
508464,101770,B010,SALARY,ACTIVE,2022-03-27,49257.43
508465,107291,B016,SAVINGS,ACTIVE,2025-01-23,7072.64
508466,107063,B012,SAVINGS,BLOCKED,2024-02-07,35608.94
508467,102192,B007,CURRENT,ACTIVE,2020-09-18,23903.7
508468,106691,B007,SAVINGS,ACTIVE,2025-07-17,53319.25
508469,100789,B011,SAVINGS,ACTIVE,2025-03-31,22036.45
508470,102827,B020,SAVINGS,BLOCKED,2022-12-28,56631.55
508471,109189,B004,SAVINGS,ACTIVE,2025-02-13,44966.66
508472,108242,B013,SALARY,ACTIVE,2022-03-29,246599.38
508473,104172,B003,SAVINGS,ACTIVE,2024-04-23,10882.42
508474,106680,B004,SAVINGS,ACTIVE,2025-01-25,7633.33
508475,101518,B015,SAVINGS,ACTIVE,2019-07-21,24044.34
508476,104318,B016,SAVINGS,ACTIVE,2022-03-11,51029.8
508477,100347,B013,SALARY,ACTIVE,2020-06-13,64299.21
508478,100217,B008,SAVINGS,ACTIVE,2022-05-03,14659.4
508479,109556,B001,SAVINGS,ACTIVE,2026-01-20,194336.93
508480,106560,B007,CURRENT,ACTIVE,2021-09-12,25500.76
508481,101441,B007,SALARY,ACTIVE,2023-08-07,4997.2
508482,107828,B017,SAVINGS,ACTIVE,2024-09-10,33173.74
508483,104996,B006,SAVINGS,ACTIVE,2024-08-19,26144.49
508484,102240,B011,SAVINGS,ACTIVE,2019-07-01,20734.75
508485,109471,B008,SAVINGS,ACTIVE,2021-09-12,34290.35
508486,101190,B002,CURRENT,ACTIVE,2019-06-03,36820.52
508487,107205,B018,SALARY,ACTIVE,2020-04-01,10847.3
508488,103152,B013,SAVINGS,ACTIVE,2021-02-27,9291.74
508489,108979,B015,CURRENT,ACTIVE,2021-02-14,9531.44
508490,107023,B004,SAVINGS,ACTIVE,2019-03-10,263134.81
508491,106942,B015,SAVINGS,ACTIVE,2022-04-14,21064.19
508492,109626,B014,SAVINGS,ACTIVE,2020-04-14,96343.39
508493,101721,B009,CURRENT,CLOSED,2025-03-07,99119.78
508494,103923,B012,SAVINGS,ACTIVE,2021-11-22,17835.82
508495,104218,B005,SAVINGS,ACTIVE,2022-02-09,47564.15
508496,108301,B007,SAVINGS,ACTIVE,2019-10-29,54411.32
508497,106429,B016,SALARY,CLOSED,2019-12-14,10782.43
508498,107610,B018,SAVINGS,ACTIVE,2024-12-27,11625.8
508499,104026,B010,CURRENT,ACTIVE,2022-07-23,54820.76
508500,108870,B005,SAVINGS,ACTIVE,2026-05-21,26627.8
508501,100899,B009,SAVINGS,ACTIVE,2023-06-15,2410.88
508502,106634,B006,CURRENT,ACTIVE,2020-04-09,13487.89
508503,109218,B010,SALARY,ACTIVE,2025-10-22,10869.84
508504,109465,B006,SAVINGS,BLOCKED,2023-11-27,17758.69
508505,100863,B018,CURRENT,ACTIVE,2021-01-12,5270.65
508506,109173,B011,SAVINGS,ACTIVE,2024-09-08,29746.08
508507,107561,B006,SAVINGS,ACTIVE,2021-02-09,36199.57
508508,100338,B008,SAVINGS,ACTIVE,2022-12-08,23235.08
508509,109055,B002,SAVINGS,ACTIVE,2022-10-13,16872.57
508510,105167,B007,SAVINGS,ACTIVE,2024-12-09,12674.67
508511,104025,B015,SAVINGS,ACTIVE,2023-01-07,38093.88
508512,103278,B015,SALARY,ACTIVE,2022-10-22,5243.2
508513,100573,B002,SAVINGS,ACTIVE,2025-03-15,205871.79
508514,108467,B020,SAVINGS,ACTIVE,2023-04-25,93715.64
508515,109970,B011,SALARY,ACTIVE,2023-11-14,1956.15
508516,104093,B010,SAVINGS,ACTIVE,2019-11-17,144259.7
508517,109724,B010,CURRENT,ACTIVE,2024-05-28,38495.74
508518,109136,B013,SAVINGS,BLOCKED,2023-09-11,36598.59
508519,104261,B012,SALARY,ACTIVE,2019-02-01,17683.02
508520,109079,B015,SALARY,ACTIVE,2019-12-31,56323.7
508521,107868,B003,SAVINGS,CLOSED,2026-04-08,16521.98
508522,103642,B014,SALARY,ACTIVE,2021-12-15,11754.74
508523,101374,B004,SAVINGS,ACTIVE,2024-11-30,16340.31
508524,105750,B016,SAVINGS,ACTIVE,2019-02-11,15793.97
508525,105078,B009,SAVINGS,ACTIVE,2025-09-02,25616.18
508526,100277,B015,SAVINGS,ACTIVE,2022-04-22,35215.55
508527,102621,B002,SAVINGS,ACTIVE,2020-10-12,1975.37
508528,103571,B020,SALARY,ACTIVE,2022-10-14,46042.78
508529,108876,B004,SALARY,ACTIVE,2022-11-02,22667.32
508530,106581,B019,SAVINGS,ACTIVE,2023-08-05,57928.67
508531,101434,B012,SAVINGS,ACTIVE,2021-10-19,32930.85
508532,102114,B013,SAVINGS,ACTIVE,2025-05-13,2938.37
508533,109872,B012,SAVINGS,ACTIVE,2022-09-20,33382.57
508534,101589,B008,SAVINGS,ACTIVE,2023-06-11,15784.79
508535,109035,B011,SAVINGS,ACTIVE,2019-05-17,3382.63
508536,109541,B020,SAVINGS,ACTIVE,2023-03-03,13279.47
508537,106836,B007,SALARY,ACTIVE,2025-05-29,7429.45
508538,105836,B008,SAVINGS,ACTIVE,2022-05-30,52546.63
508539,109463,B019,SAVINGS,ACTIVE,2020-05-27,120070.28
508540,105649,B007,SAVINGS,ACTIVE,2022-05-28,37774.7
508541,105317,B017,SAVINGS,ACTIVE,2019-08-14,56168.95
508542,108204,B001,SAVINGS,BLOCKED,2025-06-09,9072.01
508543,102039,B004,SAVINGS,ACTIVE,2026-01-24,53996.36
508544,105574,B020,SALARY,ACTIVE,2019-11-23,15537.23
508545,108376,B008,SAVINGS,ACTIVE,2023-03-05,3881.91
508546,106463,B018,CURRENT,ACTIVE,2021-07-16,22530.01
508547,103265,B003,SAVINGS,ACTIVE,2022-06-11,36219.1
508548,103073,B005,SAVINGS,ACTIVE,2022-10-13,92621.42
508549,106002,B004,SAVINGS,CLOSED,2026-02-13,18084.41
508550,103776,B008,SAVINGS,ACTIVE,2023-07-16,8157.15
508551,103515,B013,SAVINGS,ACTIVE,2021-12-13,39632.35
508552,102737,B005,SALARY,ACTIVE,2022-07-13,24285.96
508553,100917,B015,SAVINGS,ACTIVE,2026-01-12,13833.79
508554,105987,B020,SAVINGS,ACTIVE,2024-04-11,33736.27
508555,102904,B015,SALARY,ACTIVE,2024-01-21,85099.05
508556,105955,B001,SAVINGS,ACTIVE,2026-04-21,22914.43
508557,109261,B018,SALARY,ACTIVE,2024-12-16,603435.31
508558,101656,B001,SAVINGS,ACTIVE,2025-04-16,7207.38
508559,108470,B013,SALARY,ACTIVE,2019-08-28,31301.33
508560,107643,B015,SAVINGS,ACTIVE,2025-06-20,46921.0
508561,102365,B013,SAVINGS,BLOCKED,2022-02-24,4245.92
508562,101937,B004,SAVINGS,ACTIVE,2019-06-03,29343.99
508563,103958,B017,SAVINGS,ACTIVE,2025-08-26,5476.79
508564,106852,B001,SALARY,ACTIVE,2021-06-30,12476.35
508565,105957,B019,SALARY,ACTIVE,2020-08-07,11282.88
508566,100629,B013,SAVINGS,ACTIVE,2024-09-02,11072.21
508567,101413,B003,CURRENT,ACTIVE,2022-04-14,523635.47
508568,109185,B010,SAVINGS,ACTIVE,2023-07-12,20303.45
508569,102234,B003,SAVINGS,ACTIVE,2019-08-25,54179.25
508570,100601,B008,CURRENT,ACTIVE,2020-04-28,8875.75
508571,102631,B007,SAVINGS,CLOSED,2026-03-04,39032.97
508572,100644,B001,SAVINGS,BLOCKED,2019-02-01,5930.53
508573,105474,B009,SAVINGS,ACTIVE,2022-04-21,287222.81
508574,100863,B002,SAVINGS,ACTIVE,2021-09-29,53117.45
508575,100059,B006,CURRENT,ACTIVE,2022-09-19,43552.82
508576,104542,B017,SAVINGS,ACTIVE,2023-02-09,17399.98
508577,106557,B008,CURRENT,CLOSED,2025-12-06,34903.08
508578,105508,B019,SAVINGS,ACTIVE,2019-12-01,193297.38
508579,102196,B003,SALARY,ACTIVE,2024-04-05,21627.55
508580,101515,B007,SAVINGS,ACTIVE,2024-02-05,37376.31
508581,105304,B013,CURRENT,ACTIVE,2025-10-02,6895.74
508582,107509,B017,SAVINGS,ACTIVE,2022-07-15,108389.63
508583,104663,B012,SAVINGS,ACTIVE,2019-08-09,31973.07
508584,101234,B018,SALARY,ACTIVE,2025-09-02,43690.2
508585,104084,B011,SAVINGS,ACTIVE,2025-07-20,9160.07
508586,109378,B017,CURRENT,ACTIVE,2019-05-26,7534.5
508587,109568,B011,CURRENT,ACTIVE,2021-04-13,17854.52
508588,104344,B019,CURRENT,ACTIVE,2024-05-03,52475.02
508589,109539,B002,SAVINGS,ACTIVE,2022-01-12,43671.94
508590,105431,B020,SAVINGS,ACTIVE,2023-10-12,33359.06
508591,107395,B004,SALARY,ACTIVE,2023-12-28,6370.3
508592,107659,B006,SAVINGS,ACTIVE,2020-11-16,7276.6
508593,105199,B014,SAVINGS,ACTIVE,2023-11-18,28588.45
508594,108302,B001,SAVINGS,ACTIVE,2020-02-21,1663.54
508595,109674,B013,SAVINGS,ACTIVE,2020-10-22,10572.67
508596,107971,B009,SAVINGS,ACTIVE,2025-07-01,42478.53
508597,104681,B005,SAVINGS,ACTIVE,2024-10-04,153527.75
508598,103366,B015,SAVINGS,ACTIVE,2021-09-23,27877.31
508599,101875,B013,SAVINGS,ACTIVE,2023-05-12,71113.64
508600,107448,B007,SAVINGS,ACTIVE,2019-03-15,65915.16
508601,106784,B014,SAVINGS,ACTIVE,2023-02-22,12490.53
508602,100871,B011,SAVINGS,ACTIVE,2025-09-26,186981.19
508603,106788,B008,SALARY,ACTIVE,2022-02-27,53784.35
508604,106286,B007,CURRENT,ACTIVE,2021-08-12,34222.46
508605,105974,B014,SAVINGS,ACTIVE,2025-04-12,125357.0
508606,103563,B009,SALARY,ACTIVE,2021-07-16,80995.32
508607,107713,B009,SAVINGS,CLOSED,2025-03-01,60770.13
508608,100172,B010,SAVINGS,ACTIVE,2021-03-23,5118.92
508609,102178,B009,SAVINGS,ACTIVE,2023-03-16,41154.14
508610,107914,B018,SAVINGS,ACTIVE,2024-12-09,31109.47
508611,107614,B015,CURRENT,ACTIVE,2019-06-09,26936.43
508612,108794,B017,SAVINGS,ACTIVE,2023-05-01,61224.99
508613,109950,B015,SAVINGS,ACTIVE,2019-09-05,12964.22
508614,101271,B020,SAVINGS,ACTIVE,2025-10-24,76997.77
508615,101805,B008,SAVINGS,ACTIVE,2026-04-04,23817.42
508616,101650,B005,SAVINGS,ACTIVE,2025-11-26,58586.41
508617,105107,B014,CURRENT,CLOSED,2023-02-06,5304.78
508618,101285,B010,SAVINGS,ACTIVE,2025-06-24,34063.44
508619,109575,B006,SAVINGS,ACTIVE,2023-06-22,2992.23
508620,109997,B014,SAVINGS,ACTIVE,2021-08-13,116589.77
508621,108525,B002,SAVINGS,BLOCKED,2023-01-29,35268.16
508622,100560,B011,SAVINGS,ACTIVE,2024-10-04,18870.24
508623,104607,B004,CURRENT,ACTIVE,2019-03-02,46178.91
508624,106952,B009,SALARY,ACTIVE,2025-11-18,24133.6
508625,103309,B004,CURRENT,ACTIVE,2020-09-24,7508.22
508626,100399,B004,SAVINGS,ACTIVE,2021-09-30,21207.37
508627,103386,B011,SAVINGS,ACTIVE,2019-10-24,16022.14
508628,106493,B012,SAVINGS,ACTIVE,2020-02-08,10610.15
508629,103741,B016,SAVINGS,ACTIVE,2020-03-02,13658.18
508630,109696,B019,SAVINGS,CLOSED,2022-09-04,19376.09
508631,108028,B002,SAVINGS,ACTIVE,2019-12-22,77126.74
508632,101725,B016,SAVINGS,ACTIVE,2026-02-03,85912.11
508633,108718,B013,SAVINGS,ACTIVE,2023-04-26,46312.58
508634,106900,B010,SALARY,ACTIVE,2026-01-04,118158.14
508635,103163,B009,SAVINGS,ACTIVE,2021-07-27,155943.61
508636,107021,B012,SAVINGS,ACTIVE,2023-09-05,423901.09
508637,109510,B012,CURRENT,ACTIVE,2022-12-07,8853.45
508638,103270,B003,CURRENT,ACTIVE,2022-07-20,65923.91
508639,102840,B009,CURRENT,ACTIVE,2021-04-20,63886.36
508640,108836,B014,CURRENT,ACTIVE,2021-05-30,39725.02
508641,105781,B020,SAVINGS,ACTIVE,2023-10-09,14455.15
508642,106971,B013,SAVINGS,ACTIVE,2020-08-21,67010.54
508643,109954,B019,SAVINGS,ACTIVE,2025-12-18,206955.36
508644,102140,B006,SALARY,ACTIVE,2024-09-22,155487.55
508645,107714,B003,CURRENT,ACTIVE,2019-07-06,141939.78
508646,101422,B020,CURRENT,ACTIVE,2022-03-15,31198.22
508647,102202,B007,SALARY,ACTIVE,2021-11-27,2120.08
508648,108429,B005,SALARY,ACTIVE,2020-03-18,29446.34
508649,103608,B002,SAVINGS,CLOSED,2020-01-23,15165.53
508650,100350,B008,SALARY,ACTIVE,2024-01-29,342529.81
508651,103499,B006,CURRENT,ACTIVE,2023-07-04,31485.42
508652,108686,B010,SALARY,ACTIVE,2025-12-17,20284.98
508653,104315,B001,SALARY,ACTIVE,2023-12-25,30127.62
508654,100931,B019,SAVINGS,ACTIVE,2021-07-28,51570.74
508655,106927,B010,SAVINGS,ACTIVE,2022-06-13,26293.51
508656,108719,B008,SAVINGS,ACTIVE,2024-02-14,27311.98
508657,106111,B018,SAVINGS,ACTIVE,2022-03-17,89196.84
508658,102549,B012,SALARY,ACTIVE,2020-09-23,4380.89
508659,104273,B018,SALARY,ACTIVE,2024-09-10,58120.06
508660,108075,B007,SAVINGS,ACTIVE,2019-05-22,17372.71
508661,101744,B007,SAVINGS,ACTIVE,2022-02-28,96843.02
508662,109994,B003,SAVINGS,ACTIVE,2022-09-28,24743.22
508663,102768,B001,SAVINGS,ACTIVE,2020-02-22,12914.21
508664,102811,B008,SALARY,ACTIVE,2024-03-16,36124.25
508665,108965,B016,SAVINGS,ACTIVE,2021-02-09,14381.34
508666,108463,B017,SAVINGS,ACTIVE,2019-03-04,134940.78
508667,103376,B020,SAVINGS,ACTIVE,2023-10-10,40983.67
508668,107875,B008,SAVINGS,ACTIVE,2026-02-11,8897.9
508669,100027,B012,SAVINGS,ACTIVE,2020-09-15,13619.89
508670,107876,B012,SAVINGS,ACTIVE,2024-05-20,24506.61
508671,108857,B019,SAVINGS,ACTIVE,2025-08-18,23558.03
508672,103271,B015,SAVINGS,ACTIVE,2023-01-04,35113.24
508673,102522,B009,SAVINGS,ACTIVE,2019-12-29,5754.09
508674,108270,B011,SAVINGS,ACTIVE,2026-02-08,216004.98
508675,106488,B020,CURRENT,ACTIVE,2022-07-03,15728.24
508676,109459,B006,SAVINGS,CLOSED,2021-12-26,11237.71
508677,100263,B003,SALARY,ACTIVE,2024-12-18,8584.86
508678,100125,B020,SALARY,ACTIVE,2022-01-25,8908.36
508679,100353,B020,SAVINGS,ACTIVE,2020-12-21,63720.37
508680,108071,B006,SAVINGS,ACTIVE,2020-03-01,16379.79
508681,100969,B011,SAVINGS,ACTIVE,2024-12-31,5500.46
508682,100854,B004,SAVINGS,ACTIVE,2023-09-05,15703.05
508683,102760,B018,SAVINGS,ACTIVE,2023-09-13,37576.41
508684,102065,B016,SAVINGS,ACTIVE,2023-03-25,60912.31
508685,106839,B003,CURRENT,ACTIVE,2026-02-28,6312.31
508686,103814,B001,SALARY,ACTIVE,2021-07-10,1915.45
508687,102516,B020,SALARY,ACTIVE,2023-10-01,7534.26
508688,109873,B010,SAVINGS,ACTIVE,2021-03-13,230665.06
508689,106871,B005,SALARY,ACTIVE,2020-06-28,2125.41
508690,107256,B008,SAVINGS,ACTIVE,2024-08-14,7670.24
508691,106882,B007,SAVINGS,ACTIVE,2024-10-08,33750.07
508692,109908,B006,SALARY,BLOCKED,2020-08-27,370689.89
508693,108632,B017,SAVINGS,ACTIVE,2025-11-06,16144.05
508694,103901,B010,SAVINGS,ACTIVE,2020-08-20,38130.87
508695,104193,B004,SAVINGS,ACTIVE,2020-12-28,108306.72
508696,107235,B011,SAVINGS,ACTIVE,2020-10-13,8931.27
508697,105322,B018,SAVINGS,ACTIVE,2024-07-29,168627.41
508698,106692,B009,SAVINGS,ACTIVE,2024-02-14,9765.33
508699,106837,B015,SAVINGS,ACTIVE,2021-04-18,59358.4
508700,100050,B019,SAVINGS,ACTIVE,2021-12-29,486114.72
508701,103995,B012,SAVINGS,ACTIVE,2026-01-12,12925.49
508702,100934,B020,SAVINGS,ACTIVE,2024-12-17,24227.18
508703,106604,B013,SAVINGS,ACTIVE,2025-06-14,16595.19
508704,100132,B002,SAVINGS,ACTIVE,2025-01-06,23766.12
508705,108941,B014,CURRENT,ACTIVE,2022-01-02,16201.6
508706,104698,B018,SAVINGS,BLOCKED,2025-07-15,58941.15
508707,104541,B008,SAVINGS,ACTIVE,2020-03-01,30337.58
508708,105770,B012,SAVINGS,ACTIVE,2019-09-06,38919.32
508709,104472,B007,SAVINGS,ACTIVE,2021-07-09,24596.54
508710,100418,B010,CURRENT,ACTIVE,2022-10-06,24602.2
508711,108009,B010,SAVINGS,ACTIVE,2021-12-08,29948.88
508712,102481,B016,SAVINGS,ACTIVE,2022-09-26,28194.51
508713,106243,B013,SAVINGS,ACTIVE,2020-08-24,18537.51
508714,107855,B015,SAVINGS,ACTIVE,2019-12-09,60541.95
508715,101055,B009,SAVINGS,ACTIVE,2021-09-02,22424.04
508716,101222,B017,SAVINGS,ACTIVE,2020-08-10,49395.13
508717,100127,B004,SAVINGS,ACTIVE,2020-01-27,41236.78
508718,106860,B003,SAVINGS,ACTIVE,2022-03-28,157922.94
508719,109718,B006,SAVINGS,BLOCKED,2025-11-01,7264.58
508720,104533,B002,SAVINGS,ACTIVE,2024-01-24,28688.23
508721,107635,B005,SAVINGS,ACTIVE,2019-07-28,42012.69
508722,100804,B014,SAVINGS,ACTIVE,2024-12-21,64705.05
508723,102652,B007,SALARY,ACTIVE,2023-04-08,16911.44
508724,107352,B014,SALARY,ACTIVE,2020-12-08,99923.46
508725,109393,B002,SALARY,ACTIVE,2024-09-10,3050.73
508726,108474,B017,SALARY,ACTIVE,2021-09-04,31405.48
508727,101134,B013,SAVINGS,ACTIVE,2024-06-08,161126.4
508728,105327,B017,SAVINGS,ACTIVE,2024-10-05,26677.1
508729,107369,B015,SAVINGS,ACTIVE,2024-10-13,17109.45
508730,105448,B010,CURRENT,ACTIVE,2025-08-20,84780.56
508731,102769,B010,SAVINGS,CLOSED,2021-07-30,23133.03
508732,100555,B008,SAVINGS,ACTIVE,2024-12-28,5045.46
508733,106389,B010,SALARY,ACTIVE,2022-11-16,55038.39
508734,109523,B010,SAVINGS,ACTIVE,2025-10-12,11028.86
508735,100986,B007,SAVINGS,ACTIVE,2019-03-26,58177.83
508736,108784,B005,SAVINGS,ACTIVE,2024-01-11,73025.97
508737,108047,B003,SALARY,ACTIVE,2020-03-29,114996.58
508738,109933,B004,SAVINGS,ACTIVE,2023-05-10,49011.63
508739,103373,B004,CURRENT,ACTIVE,2023-08-05,61761.51
508740,107390,B017,SAVINGS,ACTIVE,2023-08-17,23297.28
508741,102329,B010,SAVINGS,ACTIVE,2021-09-28,95823.96
508742,106221,B004,SAVINGS,ACTIVE,2025-09-06,87672.4
508743,101032,B018,CURRENT,ACTIVE,2019-07-10,80536.88
508744,108735,B005,SAVINGS,ACTIVE,2021-11-28,67772.76
508745,104807,B004,SAVINGS,ACTIVE,2025-12-29,11604.6
508746,109374,B003,SAVINGS,ACTIVE,2019-10-23,114876.05
508747,108493,B009,SALARY,ACTIVE,2019-03-18,60343.89
508748,109197,B006,SALARY,ACTIVE,2022-07-15,1357.08
508749,107019,B020,SAVINGS,ACTIVE,2020-10-13,128866.69
508750,100362,B001,SAVINGS,ACTIVE,2026-05-22,23047.37
508751,109740,B010,SAVINGS,ACTIVE,2022-09-29,35628.54
508752,107730,B003,CURRENT,ACTIVE,2024-07-08,20537.88
508753,102937,B010,SAVINGS,ACTIVE,2019-09-19,63908.42
508754,103707,B011,SAVINGS,ACTIVE,2023-09-03,40288.27
508755,107829,B003,CURRENT,ACTIVE,2021-06-27,22964.49
508756,108134,B018,SALARY,ACTIVE,2022-12-19,3783.52
508757,101474,B020,SAVINGS,ACTIVE,2022-07-05,177956.08
508758,100602,B020,SAVINGS,ACTIVE,2020-04-04,21623.34
508759,106714,B019,SAVINGS,ACTIVE,2019-07-24,8023.84
508760,105223,B006,SAVINGS,ACTIVE,2020-08-05,504212.05
508761,106204,B009,SAVINGS,ACTIVE,2021-11-29,97111.97
508762,109803,B008,SALARY,ACTIVE,2020-10-14,15294.56
508763,106582,B004,CURRENT,ACTIVE,2024-07-16,5946.6
508764,106022,B005,SAVINGS,ACTIVE,2022-12-09,24959.65
508765,101061,B013,SAVINGS,ACTIVE,2024-10-25,127494.18
508766,100556,B010,CURRENT,ACTIVE,2022-10-16,6593.42
508767,109452,B002,CURRENT,ACTIVE,2023-10-05,21306.33
508768,109600,B013,CURRENT,ACTIVE,2021-03-15,115571.16
508769,108473,B019,SAVINGS,ACTIVE,2019-10-02,3224.05
508770,102822,B017,CURRENT,ACTIVE,2023-02-10,8462.33
508771,108434,B008,SALARY,ACTIVE,2019-11-14,19992.95
508772,109289,B006,SAVINGS,ACTIVE,2022-09-01,18117.52
508773,100379,B015,SAVINGS,BLOCKED,2022-03-12,43414.93
508774,102293,B018,SALARY,CLOSED,2025-10-31,2578.01
508775,102098,B012,SAVINGS,ACTIVE,2024-04-10,49826.0
508776,104902,B013,SAVINGS,ACTIVE,2024-08-05,20894.78
508777,107682,B010,SAVINGS,ACTIVE,2025-11-17,41738.76
508778,101278,B018,SAVINGS,ACTIVE,2019-12-29,8127.98
508779,103386,B008,SALARY,ACTIVE,2020-04-01,4670.06
508780,108807,B005,SAVINGS,ACTIVE,2026-04-21,13304.24
508781,101891,B001,SAVINGS,ACTIVE,2025-03-06,25031.75
508782,106638,B007,SAVINGS,ACTIVE,2022-12-05,16938.15
508783,103927,B002,SAVINGS,ACTIVE,2019-10-02,6572.21
508784,101098,B001,SAVINGS,ACTIVE,2026-01-01,8255.66
508785,103001,B011,CURRENT,ACTIVE,2024-03-28,13715.95
508786,108448,B010,SAVINGS,ACTIVE,2025-12-01,263477.47
508787,105310,B007,SAVINGS,ACTIVE,2024-10-20,81665.94
508788,109924,B008,SAVINGS,ACTIVE,2026-02-24,29011.86
508789,104760,B011,SALARY,ACTIVE,2026-02-15,24496.31
508790,109526,B019,SAVINGS,BLOCKED,2022-12-12,99738.87
508791,100274,B004,CURRENT,ACTIVE,2020-03-27,28131.92
508792,100428,B016,SAVINGS,ACTIVE,2024-10-13,27187.55
508793,109362,B002,SAVINGS,ACTIVE,2026-02-16,7610.28
508794,107938,B019,SAVINGS,ACTIVE,2025-07-12,95138.96
508795,109973,B007,SAVINGS,ACTIVE,2024-11-03,15393.29
508796,109252,B016,SAVINGS,ACTIVE,2025-04-29,10785.69
508797,106560,B013,CURRENT,ACTIVE,2026-01-18,26697.34
508798,109946,B007,CURRENT,ACTIVE,2024-04-30,172541.38
508799,100005,B005,SAVINGS,ACTIVE,2020-05-04,34234.86
508800,109431,B012,SALARY,ACTIVE,2025-08-29,9116.13
508801,106179,B003,SALARY,ACTIVE,2025-01-05,19902.25
508802,108762,B014,SAVINGS,ACTIVE,2023-05-02,63760.48
508803,106053,B001,SAVINGS,ACTIVE,2025-06-08,59657.67
508804,109043,B015,SAVINGS,ACTIVE,2022-07-13,17852.85
508805,106262,B015,SAVINGS,ACTIVE,2019-05-27,3774.13
508806,102152,B014,SAVINGS,ACTIVE,2021-07-30,31103.06
508807,105410,B018,SALARY,ACTIVE,2020-12-09,46090.75
508808,109560,B003,SAVINGS,ACTIVE,2021-07-24,36914.72
508809,106563,B006,CURRENT,ACTIVE,2022-06-23,137342.9
508810,107694,B008,SAVINGS,ACTIVE,2020-02-07,173829.87
508811,106016,B019,SAVINGS,ACTIVE,2026-01-19,147435.54
508812,103060,B001,SAVINGS,ACTIVE,2024-09-13,11555.22
508813,104036,B004,SALARY,ACTIVE,2021-08-26,37702.96
508814,104559,B007,SAVINGS,ACTIVE,2024-01-31,13219.07
508815,107460,B008,SALARY,ACTIVE,2024-02-03,21556.42
508816,103186,B016,SAVINGS,ACTIVE,2019-06-28,47057.02
508817,104501,B005,SALARY,BLOCKED,2022-01-13,9367.4
508818,106922,B008,SALARY,ACTIVE,2023-11-09,33970.25
508819,101036,B008,SAVINGS,ACTIVE,2023-11-16,6691.82
508820,101261,B001,CURRENT,ACTIVE,2023-12-09,30575.79
508821,100977,B010,SAVINGS,ACTIVE,2022-09-13,14862.76
508822,103087,B020,SAVINGS,ACTIVE,2020-01-10,16078.7
508823,106293,B007,SAVINGS,ACTIVE,2019-12-26,26180.17
508824,107234,B004,SAVINGS,ACTIVE,2024-11-09,36989.28
508825,104862,B006,SAVINGS,ACTIVE,2021-10-03,9178.7
508826,107894,B007,CURRENT,ACTIVE,2024-05-28,38428.53
508827,101199,B007,SALARY,ACTIVE,2022-01-01,22485.91
508828,104984,B002,SAVINGS,ACTIVE,2021-06-22,12573.06
508829,108576,B020,SAVINGS,ACTIVE,2021-06-17,38537.0
508830,106121,B018,SAVINGS,ACTIVE,2021-11-14,72699.41
508831,100316,B003,SAVINGS,ACTIVE,2019-08-14,252664.95
508832,107476,B007,SAVINGS,ACTIVE,2023-07-12,6492.32
508833,107837,B010,SALARY,ACTIVE,2026-04-20,102165.5
508834,104739,B006,SAVINGS,ACTIVE,2022-10-06,16137.45
508835,106681,B015,SAVINGS,ACTIVE,2021-09-14,38186.3
508836,106220,B017,CURRENT,ACTIVE,2021-06-08,7162.81
508837,102759,B005,SAVINGS,ACTIVE,2022-10-27,47511.24
508838,101290,B012,SAVINGS,ACTIVE,2024-01-30,11817.93
508839,106762,B006,SAVINGS,ACTIVE,2023-05-02,27163.12
508840,109549,B019,SAVINGS,BLOCKED,2025-01-08,11977.57
508841,103360,B006,SAVINGS,ACTIVE,2024-04-03,13074.98
508842,102148,B016,SAVINGS,ACTIVE,2020-03-25,11582.56
508843,100581,B012,CURRENT,ACTIVE,2022-07-27,206850.91
508844,104508,B005,SAVINGS,ACTIVE,2025-05-10,9936.17
508845,100525,B001,CURRENT,ACTIVE,2022-11-09,70910.94
508846,109091,B006,SAVINGS,ACTIVE,2024-11-02,19249.52
508847,107738,B020,SAVINGS,ACTIVE,2019-07-02,12401.73
508848,103818,B010,SAVINGS,ACTIVE,2020-06-11,36787.26
508849,104306,B013,SAVINGS,ACTIVE,2020-04-24,76498.63
508850,102116,B012,SALARY,ACTIVE,2019-11-09,9460.57
508851,107391,B009,SAVINGS,ACTIVE,2020-12-25,325342.05
508852,108476,B010,SAVINGS,ACTIVE,2020-11-13,192883.02
508853,108007,B006,SAVINGS,ACTIVE,2025-08-14,26055.21
508854,101158,B011,CURRENT,ACTIVE,2025-09-29,45259.51
508855,104853,B009,SAVINGS,BLOCKED,2024-02-24,39120.02
508856,108192,B020,SAVINGS,ACTIVE,2019-10-04,28908.38
508857,102586,B008,CURRENT,ACTIVE,2023-11-15,59918.88
508858,101351,B009,SALARY,ACTIVE,2024-12-21,12712.72
508859,106390,B013,SALARY,ACTIVE,2022-03-15,107302.84
508860,100273,B008,SAVINGS,ACTIVE,2024-10-20,18499.9
508861,102846,B009,SALARY,ACTIVE,2021-09-26,51161.07
508862,102088,B016,SAVINGS,ACTIVE,2023-09-29,24131.11
508863,104526,B008,SALARY,ACTIVE,2024-01-12,12957.68
508864,103268,B018,CURRENT,ACTIVE,2019-11-17,7753.25
508865,107376,B003,SAVINGS,ACTIVE,2022-06-15,19593.19
508866,104051,B006,CURRENT,ACTIVE,2024-01-16,21304.39
508867,104227,B006,SAVINGS,ACTIVE,2020-12-13,89039.28
508868,108004,B018,SAVINGS,CLOSED,2020-07-29,14097.77
508869,101984,B012,SAVINGS,ACTIVE,2024-09-21,83499.96
508870,108726,B017,CURRENT,ACTIVE,2023-02-19,5689.08
508871,106632,B007,SAVINGS,ACTIVE,2020-07-04,13979.84
508872,103539,B006,SALARY,ACTIVE,2025-09-14,78453.02
508873,103398,B017,CURRENT,ACTIVE,2026-04-27,52921.87
508874,101674,B005,SALARY,ACTIVE,2019-09-30,30401.67
508875,100505,B004,SALARY,ACTIVE,2022-12-04,5088.07
508876,103920,B014,SALARY,ACTIVE,2024-08-02,63203.06
508877,104583,B017,SAVINGS,ACTIVE,2024-07-26,14500.64
508878,107732,B015,SAVINGS,ACTIVE,2026-04-16,46159.26
508879,105727,B001,SAVINGS,ACTIVE,2026-04-13,18460.36
508880,109599,B015,SAVINGS,ACTIVE,2023-04-01,19564.79
508881,100224,B006,CURRENT,ACTIVE,2019-01-23,16192.47
508882,102992,B001,SAVINGS,ACTIVE,2025-03-30,215403.61
508883,107318,B020,SAVINGS,ACTIVE,2026-04-08,14893.94
508884,100329,B014,SAVINGS,ACTIVE,2021-06-29,7965.63
508885,101572,B018,SAVINGS,ACTIVE,2023-12-13,45468.03
508886,108786,B019,CURRENT,ACTIVE,2020-07-05,3157.11
508887,108906,B014,SAVINGS,ACTIVE,2024-05-23,10005.64
508888,103317,B008,SAVINGS,ACTIVE,2022-08-02,128163.28
508889,101602,B005,SAVINGS,ACTIVE,2025-07-04,20748.95
508890,106430,B003,CURRENT,ACTIVE,2024-11-25,16226.38
508891,103585,B014,SAVINGS,ACTIVE,2022-05-11,252495.03
508892,101418,B013,SAVINGS,ACTIVE,2023-10-27,27998.25
508893,104436,B020,CURRENT,ACTIVE,2020-06-25,12050.89
508894,104545,B004,SAVINGS,ACTIVE,2023-08-13,51332.98
508895,104537,B020,SAVINGS,ACTIVE,2022-05-30,17571.54
508896,104299,B005,CURRENT,ACTIVE,2020-07-19,24993.09
508897,107151,B010,SAVINGS,ACTIVE,2026-03-10,22787.18
508898,106051,B002,SAVINGS,ACTIVE,2024-07-30,3874.89
508899,108760,B003,SAVINGS,BLOCKED,2022-01-09,55950.76
508900,106174,B006,SAVINGS,ACTIVE,2022-04-20,287625.32
508901,108985,B017,SAVINGS,ACTIVE,2020-09-23,2623.02
508902,104576,B013,SAVINGS,ACTIVE,2022-08-11,119353.26
508903,103795,B001,SALARY,ACTIVE,2026-03-15,21561.51
508904,109766,B005,SAVINGS,ACTIVE,2023-08-24,12387.81
508905,100019,B011,SAVINGS,ACTIVE,2023-04-12,38133.43
508906,109698,B011,SALARY,ACTIVE,2022-02-23,56414.71
508907,103457,B010,SAVINGS,ACTIVE,2023-12-15,33051.34
508908,102082,B016,SAVINGS,ACTIVE,2020-08-10,10934.71
508909,107805,B009,SAVINGS,ACTIVE,2026-03-22,19146.0
508910,104470,B010,SAVINGS,ACTIVE,2024-09-12,29786.15
508911,109176,B010,SAVINGS,ACTIVE,2019-03-25,39351.72
508912,104509,B018,SAVINGS,ACTIVE,2022-02-26,88871.25
508913,109853,B016,SALARY,ACTIVE,2025-02-27,5065.93
508914,104133,B005,CURRENT,ACTIVE,2023-12-22,33261.5
508915,101807,B015,CURRENT,ACTIVE,2023-09-14,23456.84
508916,100337,B020,SAVINGS,ACTIVE,2026-01-02,27204.59
508917,103661,B014,SAVINGS,ACTIVE,2020-09-20,73372.7
508918,106017,B005,SAVINGS,ACTIVE,2024-04-09,12085.52
508919,106563,B005,SAVINGS,ACTIVE,2023-01-11,11258.24
508920,102778,B014,SAVINGS,ACTIVE,2022-06-09,6765.1
508921,105228,B003,SAVINGS,ACTIVE,2020-11-10,29710.21
508922,100113,B011,SAVINGS,ACTIVE,2023-05-20,9730.15
508923,106720,B019,SAVINGS,ACTIVE,2023-01-14,10071.95
508924,106793,B006,SALARY,ACTIVE,2021-05-04,35984.42
508925,100207,B008,SAVINGS,ACTIVE,2020-11-23,15811.47
508926,108653,B005,SAVINGS,ACTIVE,2023-08-11,15940.52
508927,107453,B018,SAVINGS,ACTIVE,2019-02-24,44952.57
508928,100336,B002,CURRENT,ACTIVE,2022-01-01,11806.44
508929,100743,B001,SAVINGS,ACTIVE,2019-09-15,41906.97
508930,108273,B016,SAVINGS,ACTIVE,2023-08-25,90197.99
508931,108409,B011,SAVINGS,ACTIVE,2022-11-03,13449.62
508932,106122,B004,SAVINGS,ACTIVE,2023-05-29,79402.83
508933,103167,B016,SAVINGS,ACTIVE,2019-04-22,8660.97
508934,103338,B013,SAVINGS,ACTIVE,2022-08-06,235077.22
508935,104817,B012,SALARY,ACTIVE,2023-01-03,44415.74
508936,105885,B004,SAVINGS,BLOCKED,2026-02-27,14872.09
508937,106927,B001,SAVINGS,ACTIVE,2024-11-10,84040.49
508938,105101,B012,SAVINGS,ACTIVE,2025-03-08,9842.04
508939,104486,B017,SAVINGS,ACTIVE,2022-05-01,4540.11
508940,106453,B003,SALARY,ACTIVE,2021-07-08,8854.97
508941,108901,B013,SAVINGS,ACTIVE,2019-12-19,6084.02
508942,105190,B008,SAVINGS,ACTIVE,2020-08-31,5676.91
508943,104966,B015,SAVINGS,ACTIVE,2020-10-17,58689.89
508944,104322,B014,SAVINGS,ACTIVE,2025-11-07,57492.06
508945,109063,B018,SAVINGS,ACTIVE,2024-10-12,13228.97
508946,100239,B017,SALARY,ACTIVE,2020-01-31,131965.21
508947,101086,B007,CURRENT,ACTIVE,2022-01-09,7157.38
508948,103540,B019,SAVINGS,ACTIVE,2021-01-05,98414.45
508949,104236,B012,SAVINGS,ACTIVE,2026-02-18,9581.07
508950,103225,B018,SAVINGS,ACTIVE,2026-05-09,34724.67
508951,104088,B009,SAVINGS,ACTIVE,2022-08-22,16100.32
508952,102005,B005,SAVINGS,ACTIVE,2022-07-06,23453.08
508953,109052,B003,SAVINGS,ACTIVE,2024-12-18,32195.72
508954,102868,B004,SAVINGS,ACTIVE,2025-09-08,14979.91
508955,101648,B015,SALARY,ACTIVE,2023-03-17,24201.03
508956,109687,B006,SAVINGS,ACTIVE,2023-04-13,11596.07
508957,109775,B019,SAVINGS,ACTIVE,2020-08-31,6535.68
508958,102199,B020,SAVINGS,ACTIVE,2023-04-21,3738.36
508959,102699,B014,SALARY,ACTIVE,2021-02-01,29832.7
508960,100986,B020,SAVINGS,ACTIVE,2019-12-04,186152.26
508961,103391,B013,SAVINGS,ACTIVE,2026-01-26,11230.75
508962,108667,B020,SAVINGS,ACTIVE,2019-03-20,55380.11
508963,102138,B006,SAVINGS,ACTIVE,2021-01-29,88211.05
508964,105146,B014,SALARY,ACTIVE,2020-08-07,17322.88
508965,106895,B004,CURRENT,ACTIVE,2021-04-10,12526.71
508966,109201,B009,SAVINGS,ACTIVE,2024-01-13,39339.2
508967,101839,B007,SAVINGS,ACTIVE,2026-02-22,63051.23
508968,100369,B017,CURRENT,ACTIVE,2026-01-23,63818.94
508969,106286,B008,SAVINGS,ACTIVE,2020-11-29,8938.93
508970,105469,B018,SAVINGS,ACTIVE,2025-05-14,237989.62
508971,100703,B017,SAVINGS,ACTIVE,2023-11-10,22756.12
508972,103074,B006,SAVINGS,ACTIVE,2020-03-24,23859.76
508973,104045,B007,SAVINGS,ACTIVE,2025-03-14,33235.57
508974,103579,B006,SAVINGS,ACTIVE,2022-11-01,90860.78
508975,107906,B011,SAVINGS,ACTIVE,2026-04-04,402210.06
508976,107421,B020,CURRENT,ACTIVE,2024-09-09,30710.86
508977,105435,B018,SAVINGS,ACTIVE,2021-05-08,9638.94
508978,107429,B013,SALARY,ACTIVE,2022-05-30,38523.21
508979,105340,B012,SAVINGS,ACTIVE,2021-04-23,52839.47
508980,104746,B020,CURRENT,ACTIVE,2020-06-19,15118.78
508981,106129,B007,SAVINGS,ACTIVE,2026-04-09,6881.01
508982,100349,B013,SAVINGS,ACTIVE,2023-02-27,117165.22
508983,100062,B008,SAVINGS,ACTIVE,2026-02-27,107664.01
508984,109346,B020,SALARY,ACTIVE,2026-02-17,33588.35
508985,106270,B011,SAVINGS,ACTIVE,2020-06-05,118541.77
508986,100084,B011,SAVINGS,ACTIVE,2021-08-16,22958.7
508987,109219,B017,SAVINGS,ACTIVE,2021-09-14,6894.01
508988,105277,B017,SAVINGS,BLOCKED,2023-08-28,91300.46
508989,104200,B008,CURRENT,ACTIVE,2024-05-12,25829.82
508990,102017,B011,SAVINGS,ACTIVE,2023-09-15,297279.1
508991,107076,B007,SAVINGS,ACTIVE,2022-07-01,4357.35
508992,104952,B019,SAVINGS,ACTIVE,2021-09-19,48123.08
508993,109542,B001,SAVINGS,ACTIVE,2024-07-17,7652.03
508994,100785,B007,SAVINGS,ACTIVE,2023-07-28,77181.9
508995,107461,B017,SALARY,ACTIVE,2025-06-07,90825.72
508996,100227,B011,SALARY,ACTIVE,2025-02-18,11511.5
508997,106101,B014,SAVINGS,ACTIVE,2021-07-19,191905.76
508998,108456,B004,SAVINGS,ACTIVE,2021-03-09,3933.25
508999,105804,B016,CURRENT,ACTIVE,2026-03-11,47925.78
509000,102179,B017,CURRENT,ACTIVE,2022-07-24,45090.93
509001,105316,B004,CURRENT,ACTIVE,2025-09-14,48972.78
509002,102551,B007,CURRENT,ACTIVE,2019-10-13,83625.94
509003,105002,B011,CURRENT,ACTIVE,2020-02-25,39299.22
509004,100189,B001,SAVINGS,ACTIVE,2024-03-23,43426.31
509005,109372,B006,SAVINGS,ACTIVE,2024-02-16,8038.44
509006,108102,B005,SALARY,ACTIVE,2021-01-27,11337.98
509007,100215,B010,SALARY,ACTIVE,2020-08-29,19682.26
509008,105634,B019,SAVINGS,ACTIVE,2023-02-25,93628.6
509009,105222,B014,SAVINGS,ACTIVE,2022-05-31,49129.74
509010,108099,B009,SAVINGS,ACTIVE,2022-03-10,35422.89
509011,103423,B018,SAVINGS,ACTIVE,2020-12-29,1632.08
509012,104424,B003,CURRENT,ACTIVE,2024-06-23,5930.14
509013,103500,B004,SAVINGS,ACTIVE,2025-07-18,39314.88
509014,106408,B013,SAVINGS,ACTIVE,2021-01-27,15436.52
509015,103690,B012,SAVINGS,ACTIVE,2023-11-07,20501.99
509016,105277,B019,SAVINGS,ACTIVE,2025-12-07,71462.13
509017,100637,B018,SAVINGS,ACTIVE,2025-09-22,30588.74
509018,107766,B015,SAVINGS,ACTIVE,2024-03-10,5184.25
509019,101398,B009,SAVINGS,ACTIVE,2022-01-13,15302.36
509020,103417,B013,CURRENT,ACTIVE,2023-12-02,38246.43
509021,106765,B007,SAVINGS,ACTIVE,2026-02-01,66046.39
509022,101162,B013,SALARY,ACTIVE,2022-03-24,12568.97
509023,106485,B008,SALARY,ACTIVE,2025-09-20,76411.14
509024,102340,B011,SAVINGS,ACTIVE,2019-10-11,2312.31
509025,109615,B009,SAVINGS,ACTIVE,2022-06-11,23572.31
509026,105569,B009,SAVINGS,ACTIVE,2020-04-15,4616.21
509027,105518,B013,SAVINGS,ACTIVE,2024-01-29,10151.56
509028,102775,B006,SAVINGS,ACTIVE,2021-01-18,60238.9
509029,108505,B020,SAVINGS,ACTIVE,2024-10-11,16379.7
509030,101664,B011,CURRENT,ACTIVE,2019-06-17,10116.88
509031,106636,B014,SAVINGS,ACTIVE,2022-07-28,11035.58
509032,108866,B002,SAVINGS,ACTIVE,2023-10-04,114955.92
509033,105164,B016,SALARY,ACTIVE,2024-01-10,67584.14
509034,103222,B001,SAVINGS,ACTIVE,2019-04-21,25999.3
509035,107934,B006,SAVINGS,ACTIVE,2021-10-18,4395.6
509036,100354,B012,SAVINGS,ACTIVE,2022-04-17,3478.09
509037,101980,B011,SAVINGS,ACTIVE,2021-07-11,13348.23
509038,105751,B007,CURRENT,ACTIVE,2025-03-07,18230.47
509039,102855,B001,CURRENT,ACTIVE,2022-05-04,524112.56
509040,107435,B016,SAVINGS,ACTIVE,2019-12-20,11572.15
509041,101145,B014,CURRENT,ACTIVE,2022-05-19,18383.25
509042,101709,B016,SAVINGS,ACTIVE,2025-08-09,20371.15
509043,107643,B007,SAVINGS,ACTIVE,2022-11-08,10033.48
509044,104983,B018,CURRENT,ACTIVE,2021-12-10,200528.69
509045,107825,B004,SALARY,ACTIVE,2024-03-28,18802.54
509046,101054,B010,SAVINGS,ACTIVE,2023-10-24,3270.98
509047,104938,B001,SAVINGS,ACTIVE,2021-07-12,49821.11
509048,101938,B018,SAVINGS,ACTIVE,2023-06-26,46442.92
509049,108216,B006,SAVINGS,ACTIVE,2019-09-27,73359.72
509050,102584,B014,SALARY,ACTIVE,2021-11-05,17994.19
509051,107000,B011,SAVINGS,ACTIVE,2021-06-19,6215.91
509052,107956,B019,SAVINGS,ACTIVE,2022-03-20,28992.36
509053,106989,B002,SAVINGS,ACTIVE,2026-04-22,29221.44
509054,101812,B010,CURRENT,ACTIVE,2020-03-12,13944.84
509055,101522,B007,SAVINGS,ACTIVE,2021-03-04,11866.07
509056,100928,B014,SALARY,ACTIVE,2026-03-26,45361.08
509057,108391,B004,SAVINGS,ACTIVE,2025-05-11,11724.63
509058,103705,B005,SAVINGS,ACTIVE,2020-11-06,117899.25
509059,101905,B008,SAVINGS,ACTIVE,2021-03-05,66008.78
509060,109828,B017,SAVINGS,ACTIVE,2021-12-27,94941.29
509061,102454,B003,SAVINGS,ACTIVE,2023-08-27,9271.83
509062,105396,B015,SAVINGS,ACTIVE,2019-12-18,26961.82
509063,106819,B012,SALARY,ACTIVE,2019-08-28,14243.41
509064,105271,B013,SAVINGS,ACTIVE,2019-07-21,13162.27
509065,105004,B011,SAVINGS,ACTIVE,2025-09-14,168633.02
509066,107942,B003,SAVINGS,ACTIVE,2019-03-04,88538.37
509067,100713,B007,CURRENT,ACTIVE,2025-10-24,34639.63
509068,104702,B010,SAVINGS,ACTIVE,2022-01-17,145474.69
509069,109358,B006,SALARY,ACTIVE,2021-09-11,92560.15
509070,107204,B020,SALARY,BLOCKED,2019-03-29,15357.86
509071,104769,B009,CURRENT,ACTIVE,2019-01-13,4477.32
509072,100665,B020,SAVINGS,ACTIVE,2022-07-14,1797.43
509073,104018,B001,SAVINGS,ACTIVE,2023-04-05,7405.54
509074,102768,B020,SAVINGS,ACTIVE,2023-12-11,136647.87
509075,102443,B007,CURRENT,ACTIVE,2025-06-18,21979.67
509076,104255,B020,SAVINGS,ACTIVE,2020-12-16,60178.19
509077,102229,B009,SALARY,ACTIVE,2021-07-08,42609.99
509078,103324,B014,SALARY,ACTIVE,2019-07-15,22928.07
509079,104813,B006,SAVINGS,ACTIVE,2021-11-01,14196.03
509080,100333,B013,SAVINGS,ACTIVE,2023-03-12,42570.46
509081,101250,B018,SAVINGS,ACTIVE,2026-03-27,226063.03
509082,104944,B018,SAVINGS,ACTIVE,2024-07-08,37147.15
509083,102311,B015,SAVINGS,ACTIVE,2022-03-13,4373.55
509084,102653,B010,SAVINGS,ACTIVE,2023-02-26,3149.31
509085,103165,B006,CURRENT,ACTIVE,2024-08-20,31969.13
509086,104472,B007,SAVINGS,ACTIVE,2019-04-29,17575.13
509087,100698,B005,SAVINGS,ACTIVE,2020-01-28,5591.0
509088,108638,B018,SAVINGS,ACTIVE,2025-02-22,92815.19
509089,102540,B001,CURRENT,ACTIVE,2024-07-17,14699.63
509090,101175,B002,SALARY,ACTIVE,2021-12-03,48576.02
509091,107648,B006,SAVINGS,ACTIVE,2026-04-12,77092.11
509092,105031,B008,SAVINGS,ACTIVE,2019-07-13,5423.63
509093,104204,B020,SAVINGS,ACTIVE,2021-03-23,22874.69
509094,103707,B018,SAVINGS,ACTIVE,2024-12-26,10464.35
509095,101278,B005,SAVINGS,ACTIVE,2019-03-10,54875.15
509096,103060,B017,SALARY,ACTIVE,2025-07-29,108698.19
509097,107900,B014,SAVINGS,ACTIVE,2021-10-05,33464.51
509098,103936,B008,SALARY,ACTIVE,2023-12-02,37625.63
509099,106680,B009,CURRENT,ACTIVE,2023-03-16,19900.7
509100,101199,B009,SAVINGS,ACTIVE,2026-03-21,51035.76
509101,103014,B017,CURRENT,ACTIVE,2023-11-30,9238.28
509102,105698,B008,SAVINGS,ACTIVE,2022-04-20,3102.47
509103,100086,B020,SAVINGS,ACTIVE,2023-08-27,58230.57
509104,104432,B016,SALARY,ACTIVE,2025-11-05,45599.49
509105,103587,B009,SALARY,ACTIVE,2021-12-20,73124.01
509106,108906,B006,SALARY,ACTIVE,2020-07-05,48707.27
509107,104100,B009,CURRENT,ACTIVE,2023-07-18,7097.88
509108,100527,B010,SAVINGS,ACTIVE,2023-10-21,8055.15
509109,108684,B020,SAVINGS,ACTIVE,2023-10-13,80807.08
509110,107003,B006,CURRENT,ACTIVE,2021-07-20,8157.64
509111,104989,B003,SAVINGS,ACTIVE,2019-01-28,20860.28
509112,100380,B017,SAVINGS,BLOCKED,2019-01-17,8794.1
509113,102420,B009,SAVINGS,ACTIVE,2024-12-13,114410.71
509114,104658,B020,SAVINGS,ACTIVE,2022-03-20,5662.98
509115,100857,B012,SAVINGS,ACTIVE,2024-07-06,50231.72
509116,103502,B002,SAVINGS,ACTIVE,2022-05-25,9729.31
509117,103209,B010,SAVINGS,ACTIVE,2025-07-24,51678.54
509118,102172,B009,SALARY,ACTIVE,2019-01-05,50885.43
509119,102231,B017,SAVINGS,ACTIVE,2021-05-27,37865.69
509120,109854,B013,SAVINGS,ACTIVE,2025-03-06,129042.21
509121,108087,B005,SAVINGS,CLOSED,2019-10-28,240077.02
509122,105235,B007,SAVINGS,ACTIVE,2023-11-11,435.45
509123,109281,B001,SAVINGS,ACTIVE,2025-12-05,22194.29
509124,109142,B005,SAVINGS,ACTIVE,2019-01-07,14663.49
509125,101345,B008,SAVINGS,ACTIVE,2023-08-06,76774.37
509126,105550,B002,SALARY,ACTIVE,2019-07-07,85637.17
509127,106623,B005,SAVINGS,ACTIVE,2020-04-01,4849.87
509128,109624,B010,SALARY,ACTIVE,2019-02-18,25954.7
509129,108628,B019,SAVINGS,ACTIVE,2021-07-22,12378.77
509130,109514,B007,SAVINGS,ACTIVE,2019-12-24,49755.82
509131,105396,B012,SAVINGS,ACTIVE,2026-03-31,94915.65
509132,100684,B001,SAVINGS,ACTIVE,2020-05-09,8333.96
509133,101840,B008,SAVINGS,ACTIVE,2022-08-14,27168.37
509134,102741,B011,SAVINGS,ACTIVE,2021-01-12,9042.46
509135,109649,B006,SALARY,ACTIVE,2025-10-30,4569.38
509136,109090,B013,SAVINGS,ACTIVE,2021-03-17,98478.22
509137,102254,B004,SAVINGS,ACTIVE,2022-09-01,89711.46
509138,103232,B020,SAVINGS,ACTIVE,2022-07-10,8688.91
509139,102015,B003,SAVINGS,ACTIVE,2019-01-11,92990.1
509140,104852,B010,SAVINGS,ACTIVE,2022-08-04,6978.32
509141,109360,B012,SAVINGS,ACTIVE,2022-08-20,65594.49
509142,102196,B008,SAVINGS,ACTIVE,2025-11-25,8778.24
509143,109446,B009,SAVINGS,ACTIVE,2024-07-20,27701.48
509144,108348,B004,SAVINGS,ACTIVE,2020-02-18,23575.19
509145,109165,B006,SAVINGS,ACTIVE,2022-06-10,1848.17
509146,103397,B015,SAVINGS,ACTIVE,2024-09-22,18569.63
509147,103837,B016,SAVINGS,ACTIVE,2025-09-09,23723.02
509148,105876,B001,SAVINGS,ACTIVE,2023-07-13,7488.65
509149,104955,B007,SAVINGS,ACTIVE,2024-11-22,15147.42
509150,104888,B019,SAVINGS,ACTIVE,2023-05-23,86553.01
509151,106911,B015,SAVINGS,ACTIVE,2024-03-04,24420.49
509152,106434,B005,SAVINGS,ACTIVE,2025-12-12,15192.35
509153,105439,B012,SAVINGS,ACTIVE,2024-01-08,6026.31
509154,106534,B003,SAVINGS,ACTIVE,2026-04-09,11285.4
509155,103677,B002,SAVINGS,ACTIVE,2025-08-14,23911.12
509156,101916,B012,SAVINGS,ACTIVE,2025-04-19,19124.39
509157,106771,B010,SAVINGS,ACTIVE,2021-01-18,9021.81
509158,102409,B013,SAVINGS,ACTIVE,2023-05-09,12428.38
509159,108930,B016,SAVINGS,ACTIVE,2024-10-30,9769.9
509160,103191,B013,SAVINGS,ACTIVE,2021-02-23,133057.63
509161,100855,B011,SALARY,ACTIVE,2022-01-17,119603.63
509162,107940,B005,SAVINGS,ACTIVE,2025-05-28,27190.28
509163,107406,B016,SAVINGS,ACTIVE,2024-04-10,43688.01
509164,104137,B017,SAVINGS,ACTIVE,2020-03-13,139979.91
509165,108265,B010,SAVINGS,ACTIVE,2020-05-16,77456.81
509166,106267,B002,SAVINGS,ACTIVE,2021-06-19,10937.29
509167,105789,B016,CURRENT,ACTIVE,2020-07-04,39884.04
509168,103678,B020,SAVINGS,ACTIVE,2025-08-27,19225.31
509169,109170,B003,SAVINGS,CLOSED,2021-07-16,71714.73
509170,100017,B010,SAVINGS,ACTIVE,2019-02-13,2048.23
509171,103409,B005,SALARY,ACTIVE,2022-08-31,1265.88
509172,105408,B005,SALARY,ACTIVE,2019-11-28,42351.16
509173,107015,B006,SAVINGS,ACTIVE,2021-08-03,34768.65
509174,103601,B013,SAVINGS,ACTIVE,2020-08-31,47906.36
509175,103148,B008,SAVINGS,ACTIVE,2024-02-24,10211.1
509176,108350,B008,SAVINGS,ACTIVE,2026-02-27,5222.9
509177,108761,B014,SAVINGS,ACTIVE,2023-11-26,15147.01
509178,108321,B002,SAVINGS,ACTIVE,2023-10-13,3825.31
509179,104366,B006,SAVINGS,ACTIVE,2023-10-07,7573.75
509180,106529,B005,SAVINGS,ACTIVE,2023-11-27,67802.75
509181,109731,B007,SAVINGS,ACTIVE,2023-06-06,17818.43
509182,101001,B015,SAVINGS,ACTIVE,2025-02-12,14429.73
509183,103786,B006,SAVINGS,ACTIVE,2024-08-21,8631.19
509184,106502,B017,SALARY,ACTIVE,2025-10-22,14297.87
509185,100427,B005,SAVINGS,ACTIVE,2025-09-20,32937.58
509186,104462,B010,SAVINGS,ACTIVE,2022-05-05,44455.16
509187,108946,B020,SAVINGS,ACTIVE,2019-03-11,6415.53
509188,109508,B011,SAVINGS,ACTIVE,2021-03-27,30617.22
509189,102371,B001,SAVINGS,ACTIVE,2022-04-14,208336.88
509190,105166,B009,SAVINGS,ACTIVE,2019-02-21,10976.26
509191,104138,B013,SAVINGS,ACTIVE,2020-06-26,41025.55
509192,102634,B004,SALARY,ACTIVE,2020-08-07,19359.13
509193,108554,B006,SAVINGS,ACTIVE,2023-03-21,25764.57
509194,106015,B009,SAVINGS,ACTIVE,2019-04-06,65730.56
509195,100607,B004,SAVINGS,ACTIVE,2019-05-09,38614.7
509196,105473,B009,SAVINGS,ACTIVE,2024-12-25,49756.18
509197,100001,B004,SALARY,CLOSED,2021-11-12,8138.56
509198,103629,B015,SALARY,CLOSED,2019-09-15,14658.47
509199,100566,B004,SALARY,ACTIVE,2022-01-24,74140.94
509200,106947,B002,SALARY,ACTIVE,2025-11-12,9348.84
509201,109380,B020,SAVINGS,ACTIVE,2025-05-18,37653.38
509202,104999,B006,SAVINGS,BLOCKED,2022-06-20,78136.3
509203,100640,B004,SAVINGS,ACTIVE,2024-04-15,59322.3
509204,104527,B012,CURRENT,ACTIVE,2021-04-19,14739.03
509205,104427,B015,CURRENT,ACTIVE,2019-05-02,20834.82
509206,109676,B005,SAVINGS,ACTIVE,2020-07-23,36455.19
509207,106016,B015,SAVINGS,ACTIVE,2019-02-22,11058.59
509208,105333,B009,SAVINGS,ACTIVE,2025-09-13,10252.92
509209,103508,B004,SAVINGS,ACTIVE,2024-01-07,15111.31
509210,104956,B010,SAVINGS,ACTIVE,2021-06-01,101886.51
509211,108794,B020,SAVINGS,ACTIVE,2023-03-27,6297.37
509212,108131,B004,SALARY,ACTIVE,2019-10-11,37083.66
509213,108242,B008,SAVINGS,ACTIVE,2024-02-04,39149.56
509214,107452,B007,SAVINGS,ACTIVE,2019-08-07,178825.4
509215,106397,B019,SAVINGS,ACTIVE,2025-02-07,261201.13
509216,101364,B012,SALARY,ACTIVE,2023-10-23,9248.81
509217,109146,B015,SALARY,ACTIVE,2023-05-31,54912.21
509218,105094,B016,SAVINGS,ACTIVE,2024-04-09,14466.14
509219,100007,B012,SAVINGS,ACTIVE,2026-05-19,46772.91
509220,103241,B010,CURRENT,ACTIVE,2019-05-13,7898.05
509221,108544,B010,SAVINGS,ACTIVE,2020-10-25,39838.55
509222,106432,B001,SAVINGS,ACTIVE,2024-04-14,195172.98
509223,105808,B019,SALARY,ACTIVE,2019-05-15,7749.65
509224,103727,B014,CURRENT,ACTIVE,2023-02-05,73801.49
509225,108129,B017,SAVINGS,ACTIVE,2021-06-06,53796.58
509226,106376,B008,CURRENT,CLOSED,2023-08-06,119093.6
509227,101847,B020,SAVINGS,ACTIVE,2021-06-21,34953.2
509228,104879,B010,SAVINGS,BLOCKED,2021-05-28,34075.98
509229,107970,B003,SAVINGS,ACTIVE,2022-06-25,68548.26
509230,104847,B019,SAVINGS,ACTIVE,2023-11-21,270544.88
509231,108649,B013,SAVINGS,ACTIVE,2019-11-19,26906.79
509232,109571,B009,SAVINGS,ACTIVE,2020-05-29,40740.59
509233,102031,B007,CURRENT,ACTIVE,2019-10-07,36853.54
509234,109099,B019,SAVINGS,ACTIVE,2020-08-17,7162.13
509235,108566,B011,SAVINGS,CLOSED,2022-04-07,12136.39
509236,109847,B006,CURRENT,ACTIVE,2022-10-08,9046.32
509237,107200,B009,CURRENT,ACTIVE,2020-08-30,51486.34
509238,106470,B014,SAVINGS,ACTIVE,2024-05-09,21064.01
509239,105031,B018,SAVINGS,ACTIVE,2024-06-18,19460.86
509240,107124,B009,SAVINGS,ACTIVE,2020-03-04,46648.91
509241,108571,B012,CURRENT,ACTIVE,2025-11-29,10639.04
509242,101920,B019,SALARY,ACTIVE,2024-02-12,23610.48
509243,103781,B009,SAVINGS,ACTIVE,2020-01-21,69051.38
509244,100684,B015,SAVINGS,BLOCKED,2023-03-13,32168.57
509245,105135,B016,SAVINGS,ACTIVE,2024-04-22,71173.76
509246,102390,B006,SAVINGS,ACTIVE,2020-04-17,3946.81
509247,103034,B003,SAVINGS,BLOCKED,2019-06-11,34277.1
509248,103434,B010,SAVINGS,ACTIVE,2025-03-13,28664.65
509249,100548,B012,CURRENT,ACTIVE,2021-03-10,44409.74
509250,100818,B019,SAVINGS,CLOSED,2020-09-13,6415.92
509251,107432,B008,CURRENT,ACTIVE,2020-11-01,14565.31
509252,104369,B014,SAVINGS,ACTIVE,2022-07-25,7362.26
509253,103024,B009,SAVINGS,ACTIVE,2022-06-06,16598.98
509254,104147,B018,SAVINGS,ACTIVE,2022-12-09,246397.89
509255,101191,B007,SALARY,ACTIVE,2020-05-03,19082.04
509256,106103,B007,SALARY,ACTIVE,2021-04-09,9081.47
509257,109242,B010,SAVINGS,ACTIVE,2021-02-22,6245.17
509258,108760,B016,CURRENT,ACTIVE,2025-07-17,11090.65
509259,102096,B005,SAVINGS,ACTIVE,2023-11-05,21568.14
509260,109008,B003,CURRENT,ACTIVE,2019-04-13,55354.63
509261,102369,B011,SALARY,ACTIVE,2023-10-20,46148.24
509262,106443,B018,SAVINGS,ACTIVE,2020-04-11,59286.94
509263,102588,B018,SAVINGS,ACTIVE,2019-10-04,90516.58
509264,109069,B011,CURRENT,ACTIVE,2025-12-03,58339.93
509265,106554,B011,SAVINGS,ACTIVE,2019-10-20,70978.58
509266,102219,B002,SAVINGS,ACTIVE,2024-08-31,472302.73
509267,103367,B006,CURRENT,ACTIVE,2019-05-01,47792.63
509268,105486,B006,SALARY,ACTIVE,2022-07-06,28648.51
509269,100106,B019,SAVINGS,ACTIVE,2019-03-11,27120.29
509270,108926,B010,SAVINGS,ACTIVE,2024-01-09,16836.74
509271,105542,B008,SALARY,BLOCKED,2020-11-08,10290.27
509272,109359,B011,SAVINGS,ACTIVE,2023-05-26,5110.53
509273,106936,B016,SALARY,ACTIVE,2023-11-22,510590.95
509274,109953,B015,SAVINGS,BLOCKED,2019-04-05,11734.34
509275,105228,B011,SAVINGS,ACTIVE,2022-04-18,66362.12
509276,108096,B012,SAVINGS,ACTIVE,2022-08-31,30287.26
509277,106752,B013,SAVINGS,ACTIVE,2021-05-14,25247.33
509278,100674,B016,SALARY,ACTIVE,2021-08-07,38592.11
509279,105769,B004,SAVINGS,ACTIVE,2023-04-18,31572.26
509280,107881,B017,SAVINGS,ACTIVE,2021-10-27,3109.07
509281,109355,B016,SALARY,ACTIVE,2019-06-19,34273.74
509282,101187,B013,CURRENT,CLOSED,2023-06-04,60125.28
509283,106256,B012,SAVINGS,ACTIVE,2024-10-08,57432.66
509284,108109,B005,SAVINGS,ACTIVE,2020-05-24,9922.06
509285,103784,B011,SAVINGS,ACTIVE,2021-12-01,54699.24
509286,101635,B014,SAVINGS,ACTIVE,2021-02-19,10047.18
509287,109434,B003,SAVINGS,ACTIVE,2021-12-29,1073.31
509288,107347,B009,SAVINGS,ACTIVE,2020-01-06,3828.09
509289,103543,B006,CURRENT,ACTIVE,2025-04-26,4186.67
509290,108523,B002,SALARY,ACTIVE,2019-10-03,161703.36
509291,100799,B019,SALARY,ACTIVE,2021-07-29,31106.35
509292,101374,B010,SALARY,ACTIVE,2024-02-19,4039.29
509293,102409,B006,SALARY,ACTIVE,2023-10-31,67385.88
509294,100246,B017,SAVINGS,ACTIVE,2021-06-22,75463.25
509295,107339,B002,SAVINGS,ACTIVE,2019-06-12,54930.94
509296,107626,B009,SAVINGS,ACTIVE,2020-04-05,28975.78
509297,104273,B013,SAVINGS,ACTIVE,2020-11-10,41258.66
509298,105715,B008,SAVINGS,BLOCKED,2021-10-06,10041.54
509299,108848,B013,SALARY,ACTIVE,2020-12-02,47879.51
509300,103483,B004,SAVINGS,ACTIVE,2023-05-27,30494.16
509301,104652,B006,SAVINGS,ACTIVE,2021-04-08,3098.03
509302,103860,B012,SALARY,ACTIVE,2021-05-15,13438.65
509303,100405,B002,SAVINGS,ACTIVE,2023-09-11,26731.15
509304,100905,B006,SALARY,ACTIVE,2022-01-23,4525.24
509305,103801,B010,SALARY,ACTIVE,2019-07-10,18870.48
509306,107564,B013,CURRENT,BLOCKED,2025-03-29,10045.62
509307,108454,B015,SAVINGS,BLOCKED,2019-06-03,3831.57
509308,108996,B001,SAVINGS,ACTIVE,2025-10-22,96769.52
509309,102850,B002,SAVINGS,ACTIVE,2023-10-22,42243.6
509310,101708,B008,SAVINGS,ACTIVE,2024-10-09,14933.85
509311,106382,B019,SAVINGS,ACTIVE,2020-11-17,77785.3
509312,105538,B016,SAVINGS,ACTIVE,2023-04-29,146365.61
509313,100870,B015,SALARY,CLOSED,2019-08-20,8081.58
509314,107635,B001,SAVINGS,ACTIVE,2021-07-27,112860.99
509315,106922,B010,SAVINGS,ACTIVE,2026-04-08,72749.94
509316,103181,B003,SALARY,ACTIVE,2025-12-07,63484.56
509317,101486,B016,SALARY,ACTIVE,2023-12-18,138371.03
509318,109440,B020,SALARY,ACTIVE,2025-07-22,350856.07
509319,106000,B008,SAVINGS,ACTIVE,2023-02-04,64915.83
509320,102982,B001,SAVINGS,ACTIVE,2024-01-23,61441.66
509321,106782,B014,SAVINGS,ACTIVE,2024-03-10,19768.06
509322,109787,B016,SAVINGS,ACTIVE,2022-07-04,15241.19
509323,107035,B001,CURRENT,ACTIVE,2022-02-11,73649.27
509324,101070,B008,SAVINGS,BLOCKED,2020-01-27,13316.69
509325,104053,B017,SAVINGS,ACTIVE,2025-07-12,124104.45
509326,100561,B006,SAVINGS,ACTIVE,2021-01-16,14917.34
509327,104145,B009,SAVINGS,ACTIVE,2021-11-25,254546.89
509328,104891,B015,SAVINGS,ACTIVE,2019-12-05,57722.11
509329,109543,B002,CURRENT,ACTIVE,2023-07-08,25885.02
509330,100232,B017,SAVINGS,ACTIVE,2019-01-31,7317.26
509331,109793,B013,SAVINGS,BLOCKED,2021-03-17,6795.84
509332,107929,B009,SAVINGS,ACTIVE,2020-04-27,53422.27
509333,103031,B009,SAVINGS,ACTIVE,2019-08-24,134281.03
509334,107274,B001,SALARY,ACTIVE,2020-12-17,5426.09
509335,107916,B012,CURRENT,ACTIVE,2024-10-15,75993.91
509336,100098,B018,SAVINGS,CLOSED,2019-08-19,49046.43
509337,108967,B008,SAVINGS,ACTIVE,2019-12-14,128969.07
509338,100894,B019,CURRENT,ACTIVE,2020-02-29,69840.23
509339,105537,B012,SAVINGS,ACTIVE,2022-06-19,65089.79
509340,104576,B012,CURRENT,ACTIVE,2024-03-18,39570.62
509341,104242,B014,SAVINGS,ACTIVE,2019-12-15,44289.19
509342,109718,B005,SAVINGS,ACTIVE,2023-10-22,22052.52
509343,100602,B015,SAVINGS,ACTIVE,2019-11-08,13711.31
509344,108265,B020,SAVINGS,ACTIVE,2023-07-03,23757.4
509345,108235,B017,SAVINGS,ACTIVE,2025-04-19,12735.33
509346,103591,B009,SAVINGS,ACTIVE,2023-01-30,17122.2
509347,101587,B016,CURRENT,ACTIVE,2020-05-30,78210.68
509348,103136,B019,SALARY,ACTIVE,2020-10-14,10159.18
509349,107357,B017,SALARY,ACTIVE,2023-05-20,24989.18
509350,107286,B005,SAVINGS,ACTIVE,2020-05-04,5861.27
509351,106026,B001,CURRENT,ACTIVE,2019-07-15,20946.42
509352,103042,B019,CURRENT,ACTIVE,2020-01-23,119988.08
509353,109211,B004,SAVINGS,BLOCKED,2022-07-04,29333.32
509354,107030,B016,SAVINGS,ACTIVE,2023-05-14,8408.01
509355,100613,B004,CURRENT,ACTIVE,2024-09-23,23328.01
509356,100420,B009,SAVINGS,ACTIVE,2019-11-29,20527.56
509357,107034,B006,SAVINGS,ACTIVE,2025-06-11,16323.99
509358,108249,B001,SAVINGS,ACTIVE,2023-03-19,43395.54
509359,106942,B015,SAVINGS,ACTIVE,2019-03-17,17858.85
509360,101852,B008,SAVINGS,ACTIVE,2023-11-16,32902.78
509361,108432,B016,SAVINGS,ACTIVE,2022-03-12,11804.03
509362,103635,B018,SAVINGS,ACTIVE,2022-08-16,63126.73
509363,107058,B004,CURRENT,BLOCKED,2022-02-09,176646.68
509364,107141,B014,CURRENT,ACTIVE,2019-11-15,17374.37
509365,102696,B011,SAVINGS,ACTIVE,2022-12-17,26269.07
509366,102186,B006,CURRENT,ACTIVE,2019-02-13,36880.27
509367,107393,B008,CURRENT,ACTIVE,2025-03-22,29584.2
509368,109976,B013,SALARY,ACTIVE,2025-04-01,51142.12
509369,106069,B020,SAVINGS,ACTIVE,2019-06-30,72418.24
509370,103439,B019,SAVINGS,ACTIVE,2024-06-05,5939.16
509371,103637,B007,SAVINGS,ACTIVE,2023-08-19,40657.58
509372,105639,B008,SALARY,ACTIVE,2024-11-10,35331.91
509373,107842,B020,SAVINGS,ACTIVE,2020-04-24,148488.48
509374,108598,B005,CURRENT,ACTIVE,2020-11-24,30908.56
509375,108092,B015,SAVINGS,ACTIVE,2023-06-07,10948.23
509376,109735,B017,SAVINGS,ACTIVE,2023-08-19,132842.23
509377,104893,B002,SAVINGS,ACTIVE,2019-05-20,110864.72
509378,109045,B011,SAVINGS,ACTIVE,2021-10-14,93659.63
509379,106771,B003,SAVINGS,ACTIVE,2019-05-20,127873.27
509380,109130,B012,SAVINGS,ACTIVE,2022-07-21,11157.48
509381,100456,B010,SAVINGS,ACTIVE,2021-05-18,10394.41
509382,107274,B019,SAVINGS,ACTIVE,2022-09-10,49231.18
509383,109607,B002,SAVINGS,ACTIVE,2025-04-14,25601.87
509384,101011,B009,CURRENT,ACTIVE,2022-02-27,7588.54
509385,109578,B013,SALARY,ACTIVE,2024-09-22,24186.4
509386,102418,B015,SAVINGS,ACTIVE,2020-10-12,82190.43
509387,104710,B011,SAVINGS,ACTIVE,2023-06-16,2237.04
509388,106763,B018,SAVINGS,ACTIVE,2021-02-06,57909.65
509389,100873,B004,SAVINGS,ACTIVE,2020-05-02,4242.58
509390,106535,B012,SALARY,ACTIVE,2019-12-14,24324.6
509391,107178,B010,SAVINGS,ACTIVE,2019-12-10,23319.92
509392,106351,B013,SAVINGS,ACTIVE,2023-01-17,14501.94
509393,102694,B012,SAVINGS,ACTIVE,2024-12-05,29230.0
509394,101255,B010,SAVINGS,ACTIVE,2026-03-31,161731.76
509395,106508,B001,SAVINGS,ACTIVE,2021-05-29,18472.0
509396,102600,B002,CURRENT,ACTIVE,2022-01-26,32942.66
509397,101465,B018,SAVINGS,ACTIVE,2023-11-16,28915.0
509398,106258,B006,SAVINGS,ACTIVE,2024-06-06,28810.51
509399,102935,B010,SAVINGS,CLOSED,2019-07-20,18477.0
509400,104689,B008,SALARY,ACTIVE,2020-11-15,8032.87
509401,108674,B006,SAVINGS,ACTIVE,2023-10-17,17313.84
509402,106350,B006,SAVINGS,ACTIVE,2025-12-25,207360.9
509403,102517,B012,SAVINGS,ACTIVE,2019-10-05,79410.9
509404,102493,B006,SAVINGS,ACTIVE,2021-08-31,15596.98
509405,109475,B019,SAVINGS,ACTIVE,2020-02-09,164880.74
509406,105342,B018,SAVINGS,ACTIVE,2021-07-09,4187.25
509407,104082,B007,SAVINGS,ACTIVE,2022-11-21,30218.42
509408,100272,B012,SAVINGS,ACTIVE,2021-02-09,4185.87
509409,103928,B020,SALARY,ACTIVE,2020-06-08,144519.17
509410,100465,B019,SAVINGS,ACTIVE,2020-12-09,9897.35
509411,103062,B008,CURRENT,ACTIVE,2020-05-08,73570.5
509412,103038,B010,SAVINGS,ACTIVE,2020-03-02,77870.56
509413,101971,B015,SAVINGS,ACTIVE,2023-02-09,84182.55
509414,100125,B013,SAVINGS,ACTIVE,2026-01-12,23970.1
509415,109071,B010,SAVINGS,ACTIVE,2022-10-17,2133.8
509416,104030,B012,CURRENT,ACTIVE,2021-12-31,32481.77
509417,105152,B002,SALARY,ACTIVE,2024-02-01,18384.16
509418,103156,B019,SAVINGS,CLOSED,2024-11-09,21678.71
509419,104349,B016,SAVINGS,ACTIVE,2025-06-29,12441.76
509420,104987,B003,SAVINGS,ACTIVE,2024-10-02,9012.17
509421,101558,B003,SALARY,ACTIVE,2020-11-03,6834.29
509422,100940,B007,SAVINGS,ACTIVE,2021-03-04,36426.1
509423,103323,B020,SAVINGS,ACTIVE,2023-10-15,19255.06
509424,104509,B016,SALARY,ACTIVE,2020-04-26,9985.81
509425,109699,B019,SAVINGS,ACTIVE,2026-03-20,9735.4
509426,101683,B016,SAVINGS,BLOCKED,2019-05-23,12282.74
509427,101727,B016,SAVINGS,ACTIVE,2020-05-16,3740.9
509428,104364,B003,SALARY,ACTIVE,2025-05-01,22074.53
509429,109037,B004,SALARY,ACTIVE,2025-01-20,18287.42
509430,101994,B012,SAVINGS,ACTIVE,2023-08-04,5647.54
509431,105289,B009,SALARY,ACTIVE,2026-02-05,33711.43
509432,106622,B005,SALARY,ACTIVE,2023-07-14,15921.03
509433,109748,B008,SAVINGS,ACTIVE,2022-02-03,45838.02
509434,101953,B017,SAVINGS,ACTIVE,2020-02-10,108889.56
509435,104047,B002,SAVINGS,ACTIVE,2024-06-04,15927.7
509436,100340,B016,SAVINGS,ACTIVE,2019-12-10,119560.44
509437,103739,B013,SAVINGS,ACTIVE,2021-07-17,21123.92
509438,109806,B012,SAVINGS,ACTIVE,2024-08-17,60898.94
509439,106130,B006,SAVINGS,ACTIVE,2019-01-21,52471.9
509440,106951,B013,SAVINGS,ACTIVE,2022-12-26,7729.47
509441,106109,B013,SAVINGS,ACTIVE,2023-02-12,31140.6
509442,107754,B019,SAVINGS,ACTIVE,2023-08-07,36207.48
509443,101623,B013,CURRENT,ACTIVE,2024-02-21,64649.8
509444,100509,B001,SAVINGS,ACTIVE,2022-03-30,27462.86
509445,106490,B017,SAVINGS,ACTIVE,2021-02-21,27455.68
509446,106590,B013,SAVINGS,ACTIVE,2024-12-18,8343.59
509447,104572,B002,SAVINGS,ACTIVE,2022-12-13,35870.34
509448,105311,B002,SAVINGS,ACTIVE,2023-10-27,7450.15
509449,100697,B009,SAVINGS,ACTIVE,2021-06-06,25098.62
509450,109199,B020,SAVINGS,ACTIVE,2024-01-18,34087.64
509451,101910,B002,SAVINGS,ACTIVE,2020-05-31,142900.78
509452,106962,B008,SAVINGS,ACTIVE,2024-07-02,3367.45
509453,103601,B017,SAVINGS,ACTIVE,2021-04-20,81971.47
509454,102059,B006,CURRENT,ACTIVE,2024-05-10,109437.71
509455,100611,B008,SAVINGS,BLOCKED,2020-01-07,25079.16
509456,101611,B001,SAVINGS,ACTIVE,2019-12-29,52783.65
509457,107009,B016,SAVINGS,ACTIVE,2023-04-01,17060.32
509458,102268,B001,SAVINGS,ACTIVE,2026-05-09,6446.77
509459,106067,B016,SALARY,ACTIVE,2024-08-20,115149.24
509460,106078,B020,SAVINGS,ACTIVE,2020-09-10,29885.08
509461,101603,B005,SAVINGS,ACTIVE,2024-09-15,46924.05
509462,104446,B016,CURRENT,ACTIVE,2024-07-17,2871.2
509463,104961,B017,SAVINGS,ACTIVE,2024-08-07,30740.94
509464,109573,B019,SAVINGS,ACTIVE,2022-11-02,6851.99
509465,108546,B004,SAVINGS,ACTIVE,2019-03-10,178477.41
509466,107518,B008,SAVINGS,ACTIVE,2023-05-01,43144.19
509467,103349,B020,SAVINGS,ACTIVE,2025-11-11,55140.29
509468,101194,B007,SAVINGS,ACTIVE,2023-09-06,5490.17
509469,102912,B012,SAVINGS,ACTIVE,2019-08-30,70625.16
509470,109506,B015,CURRENT,ACTIVE,2020-10-02,31274.21
509471,103832,B012,SAVINGS,ACTIVE,2024-03-25,81822.71
509472,107574,B014,SALARY,ACTIVE,2026-01-01,61840.55
509473,101120,B010,SAVINGS,ACTIVE,2021-03-28,155953.51
509474,100279,B020,SAVINGS,ACTIVE,2025-09-23,22011.28
509475,104530,B003,SAVINGS,ACTIVE,2025-10-10,72431.87
509476,109026,B005,SAVINGS,ACTIVE,2026-03-29,27775.7
509477,108283,B009,SAVINGS,ACTIVE,2019-07-16,7683.78
509478,106564,B012,CURRENT,ACTIVE,2022-11-29,40975.11
509479,101917,B015,SAVINGS,ACTIVE,2022-05-25,8267.23
509480,103683,B012,SAVINGS,ACTIVE,2026-04-01,37580.68
509481,102257,B009,SAVINGS,ACTIVE,2019-07-05,12053.77
509482,100559,B015,SALARY,ACTIVE,2023-02-28,19531.32
509483,101208,B008,SAVINGS,ACTIVE,2021-05-21,8239.27
509484,108037,B020,CURRENT,ACTIVE,2019-07-06,183261.32
509485,100445,B015,SAVINGS,ACTIVE,2019-08-29,11722.29
509486,102132,B019,SAVINGS,ACTIVE,2024-09-01,22617.98
509487,103713,B017,SAVINGS,ACTIVE,2019-12-26,20167.51
509488,104714,B015,SAVINGS,ACTIVE,2024-07-27,27021.48
509489,108962,B010,SAVINGS,ACTIVE,2026-01-16,9131.42
509490,109554,B008,SAVINGS,ACTIVE,2022-12-21,24525.12
509491,109823,B011,SAVINGS,ACTIVE,2019-12-22,32494.28
509492,107601,B008,SAVINGS,ACTIVE,2021-06-09,33400.31
509493,100988,B013,CURRENT,BLOCKED,2023-09-01,122704.55
509494,105560,B014,SAVINGS,ACTIVE,2024-01-02,54626.98
509495,107679,B008,CURRENT,ACTIVE,2026-05-04,218759.4
509496,103775,B008,SAVINGS,ACTIVE,2024-02-02,27723.17
509497,108659,B013,SAVINGS,ACTIVE,2021-01-02,24930.42
509498,106603,B015,CURRENT,ACTIVE,2020-05-21,9235.35
509499,106187,B003,SAVINGS,ACTIVE,2021-10-28,15433.57
509500,106008,B019,SAVINGS,CLOSED,2025-04-03,33552.2
509501,102832,B020,SAVINGS,ACTIVE,2021-04-10,22458.89
509502,102451,B013,SAVINGS,ACTIVE,2022-07-16,129168.61
509503,100997,B014,SAVINGS,ACTIVE,2026-05-21,25875.64
509504,108017,B014,CURRENT,ACTIVE,2021-07-10,9177.03
509505,108348,B017,CURRENT,ACTIVE,2025-01-03,7753.75
509506,101195,B014,SAVINGS,ACTIVE,2020-04-30,225823.97
509507,101880,B016,CURRENT,ACTIVE,2025-06-24,43667.06
509508,102116,B013,SAVINGS,ACTIVE,2022-10-21,10538.46
509509,106181,B007,SAVINGS,ACTIVE,2020-05-16,197170.82
509510,101439,B011,SALARY,ACTIVE,2026-02-01,19203.14
509511,100473,B003,SAVINGS,ACTIVE,2021-02-01,4405.2
509512,106082,B017,SAVINGS,ACTIVE,2020-10-18,9364.68
509513,100344,B006,SALARY,ACTIVE,2024-05-29,21748.54
509514,100362,B002,SALARY,ACTIVE,2021-05-24,19569.53
509515,100519,B015,SAVINGS,ACTIVE,2024-09-25,36731.22
509516,109570,B015,SAVINGS,ACTIVE,2021-07-17,254073.24
509517,109686,B015,CURRENT,ACTIVE,2024-03-16,18299.9
509518,106245,B004,SAVINGS,ACTIVE,2025-03-31,27123.49
509519,104383,B016,SAVINGS,ACTIVE,2023-05-02,12715.96
509520,109005,B016,SAVINGS,ACTIVE,2025-09-20,29668.29
509521,100899,B012,SAVINGS,ACTIVE,2025-04-23,448480.26
509522,101229,B013,SAVINGS,ACTIVE,2022-06-11,5798.76
509523,104887,B003,SAVINGS,ACTIVE,2023-01-25,2640.74
509524,102102,B009,SAVINGS,ACTIVE,2023-06-08,7738.7
509525,104780,B017,SALARY,ACTIVE,2019-11-03,6671.29
509526,107539,B009,CURRENT,ACTIVE,2020-11-01,33589.43
509527,100157,B018,SAVINGS,ACTIVE,2025-05-22,94531.42
509528,108442,B005,SAVINGS,ACTIVE,2025-04-28,33343.25
509529,108898,B007,SAVINGS,ACTIVE,2025-11-17,53749.21
509530,102691,B007,SAVINGS,ACTIVE,2024-01-29,30120.35
509531,108832,B012,SAVINGS,ACTIVE,2019-12-09,18081.31
509532,107230,B004,SAVINGS,CLOSED,2024-07-01,34923.99
509533,102989,B002,SAVINGS,ACTIVE,2020-12-09,5903.89
509534,108447,B007,SAVINGS,ACTIVE,2021-11-30,350619.92
509535,109989,B004,SAVINGS,ACTIVE,2020-03-17,21778.14
509536,103013,B010,CURRENT,ACTIVE,2026-03-14,15857.14
509537,107392,B001,SAVINGS,ACTIVE,2024-06-10,10625.81
509538,103496,B005,SAVINGS,ACTIVE,2022-07-01,26117.59
509539,105800,B006,SAVINGS,ACTIVE,2020-01-25,42082.54
509540,104085,B001,SAVINGS,ACTIVE,2024-03-27,30903.5
509541,100252,B010,SALARY,ACTIVE,2024-11-12,28066.0
509542,107605,B017,SAVINGS,ACTIVE,2020-03-15,13796.39
509543,100043,B020,CURRENT,BLOCKED,2021-01-02,29772.36
509544,103557,B017,SAVINGS,ACTIVE,2024-10-10,222231.46
509545,106447,B017,SAVINGS,ACTIVE,2019-10-16,17163.12
509546,101067,B019,SAVINGS,CLOSED,2019-04-28,94637.24
509547,102779,B008,SAVINGS,ACTIVE,2026-03-22,17936.43
509548,105601,B004,SAVINGS,ACTIVE,2025-04-19,25439.76
509549,103079,B019,SAVINGS,ACTIVE,2025-09-03,83607.16
509550,100542,B003,SALARY,ACTIVE,2020-11-22,1831.1
509551,105747,B014,SAVINGS,ACTIVE,2025-10-27,57992.36
509552,105583,B005,SALARY,ACTIVE,2019-04-03,10400.57
509553,100067,B014,SAVINGS,ACTIVE,2026-03-03,25673.53
509554,102986,B002,SAVINGS,ACTIVE,2025-04-14,35551.73
509555,105474,B011,SAVINGS,CLOSED,2024-12-16,109523.9
509556,106888,B013,SAVINGS,ACTIVE,2025-09-23,31941.76
509557,102464,B017,SAVINGS,ACTIVE,2024-12-14,38651.28
509558,101835,B014,SAVINGS,ACTIVE,2024-11-16,8310.62
509559,102948,B011,SAVINGS,ACTIVE,2024-06-10,8044.09
509560,107477,B006,SAVINGS,ACTIVE,2025-05-06,34202.11
509561,102762,B017,SAVINGS,ACTIVE,2019-03-25,50769.24
509562,109285,B015,SALARY,ACTIVE,2024-08-09,93609.14
509563,100601,B008,SALARY,ACTIVE,2024-07-11,42171.5
509564,107433,B006,CURRENT,ACTIVE,2022-03-18,13084.13
509565,109596,B004,SAVINGS,ACTIVE,2023-12-25,29811.77
509566,103006,B016,SAVINGS,ACTIVE,2026-04-02,15148.34
509567,102912,B018,CURRENT,ACTIVE,2020-05-17,9653.81
509568,105439,B007,SAVINGS,ACTIVE,2025-03-05,12155.03
509569,106632,B004,SAVINGS,BLOCKED,2025-11-13,5667.41
509570,108389,B009,SAVINGS,ACTIVE,2020-12-02,8848.76
509571,108999,B017,SAVINGS,ACTIVE,2025-05-03,4930.32
509572,107882,B018,SAVINGS,ACTIVE,2019-02-25,62667.0
509573,103698,B020,SAVINGS,ACTIVE,2019-01-26,6110.79
509574,100554,B016,SALARY,ACTIVE,2021-11-17,12093.34
509575,105003,B012,SAVINGS,CLOSED,2019-04-01,13838.64
509576,100616,B003,SAVINGS,ACTIVE,2024-05-04,47273.29
509577,107657,B017,SALARY,ACTIVE,2019-11-18,35196.73
509578,101108,B008,SAVINGS,ACTIVE,2023-11-15,33715.71
509579,100958,B005,SAVINGS,ACTIVE,2024-08-10,4145.38
509580,104590,B006,SALARY,ACTIVE,2020-04-10,32198.82
509581,105959,B010,SAVINGS,ACTIVE,2023-05-18,16053.41
509582,101804,B009,SAVINGS,ACTIVE,2020-03-23,8860.47
509583,105822,B020,SAVINGS,ACTIVE,2019-06-27,18783.47
509584,107009,B005,SAVINGS,ACTIVE,2026-05-19,12397.84
509585,101488,B009,SAVINGS,BLOCKED,2024-08-30,2415.25
509586,108977,B001,SAVINGS,ACTIVE,2019-09-08,44458.62
509587,101861,B005,SALARY,ACTIVE,2019-06-29,4788.91
509588,100222,B019,SAVINGS,ACTIVE,2019-02-07,149284.44
509589,109218,B020,SALARY,ACTIVE,2024-01-09,3346.15
509590,107436,B019,SAVINGS,ACTIVE,2023-01-07,62956.85
509591,107474,B002,SAVINGS,ACTIVE,2024-05-30,22781.63
509592,100376,B007,SAVINGS,ACTIVE,2020-08-15,178897.25
509593,104832,B020,SAVINGS,ACTIVE,2020-03-31,4694.57
509594,100777,B011,SAVINGS,ACTIVE,2025-08-31,95075.74
509595,107817,B009,CURRENT,ACTIVE,2021-09-08,77866.25
509596,104331,B013,SALARY,ACTIVE,2024-11-10,23600.15
509597,108777,B014,CURRENT,ACTIVE,2025-03-23,93843.37
509598,109996,B005,CURRENT,ACTIVE,2024-02-06,9104.17
509599,103080,B016,SAVINGS,ACTIVE,2024-08-31,43534.83
509600,102969,B017,SAVINGS,ACTIVE,2019-03-07,12738.26
509601,109786,B010,SAVINGS,ACTIVE,2026-01-26,24319.67
509602,105121,B005,SAVINGS,ACTIVE,2021-06-14,60960.48
509603,107145,B017,SAVINGS,ACTIVE,2019-03-17,19348.82
509604,109775,B007,SAVINGS,ACTIVE,2024-09-05,13724.3
509605,104127,B013,SAVINGS,ACTIVE,2020-01-14,18107.36
509606,106295,B003,SAVINGS,ACTIVE,2021-04-26,19677.81
509607,107761,B020,CURRENT,ACTIVE,2026-03-18,24800.79
509608,103641,B004,SAVINGS,ACTIVE,2023-06-18,48059.75
509609,106645,B018,SAVINGS,ACTIVE,2025-07-26,31077.24
509610,103274,B012,SALARY,ACTIVE,2019-06-22,61855.82
509611,107773,B009,CURRENT,ACTIVE,2020-05-29,27493.82
509612,102819,B020,CURRENT,ACTIVE,2023-08-16,3260.53
509613,104858,B006,SAVINGS,ACTIVE,2025-10-12,23169.55
509614,100824,B002,SAVINGS,ACTIVE,2023-08-12,63279.96
509615,108639,B016,SAVINGS,ACTIVE,2020-01-03,230075.93
509616,101039,B003,SALARY,ACTIVE,2022-12-10,2248.37
509617,100354,B002,SAVINGS,CLOSED,2019-04-19,20780.89
509618,107307,B009,SAVINGS,ACTIVE,2022-10-14,59097.57
509619,101810,B016,SAVINGS,ACTIVE,2023-10-04,18087.81
509620,105562,B012,CURRENT,ACTIVE,2019-06-19,5467.03
509621,109935,B020,SAVINGS,BLOCKED,2022-01-02,19529.96
509622,101293,B007,SAVINGS,ACTIVE,2021-03-24,32251.76
509623,102223,B004,SAVINGS,ACTIVE,2025-01-17,44840.57
509624,104028,B003,SAVINGS,ACTIVE,2023-06-07,2518.15
509625,108042,B002,SAVINGS,ACTIVE,2019-03-07,54939.39
509626,102340,B018,SAVINGS,ACTIVE,2019-01-12,57282.23
509627,109726,B007,SALARY,ACTIVE,2022-10-23,27473.62
509628,104196,B013,SAVINGS,ACTIVE,2024-10-09,10917.59
509629,107114,B013,SAVINGS,ACTIVE,2025-11-25,148406.8
509630,106238,B018,CURRENT,ACTIVE,2019-12-05,18255.4
509631,104695,B010,SAVINGS,ACTIVE,2022-02-01,31944.69
509632,101235,B013,SAVINGS,CLOSED,2019-08-21,36746.68
509633,104192,B005,CURRENT,ACTIVE,2022-04-07,60027.15
509634,107192,B009,SAVINGS,ACTIVE,2022-04-20,27024.8
509635,101757,B004,SALARY,ACTIVE,2024-05-30,30336.83
509636,100390,B010,SAVINGS,ACTIVE,2025-12-30,25209.16
509637,105272,B007,SAVINGS,ACTIVE,2025-04-27,6053.54
509638,100106,B012,SAVINGS,ACTIVE,2019-06-16,5005.57
509639,103213,B020,SALARY,ACTIVE,2025-04-29,61532.42
509640,108471,B002,SAVINGS,BLOCKED,2022-10-26,27675.61
509641,102206,B020,SAVINGS,ACTIVE,2023-12-08,28671.63
509642,107127,B006,SAVINGS,ACTIVE,2025-02-06,79701.95
509643,100995,B004,SAVINGS,ACTIVE,2025-11-12,22122.32
509644,100839,B018,SAVINGS,ACTIVE,2020-04-01,71844.77
509645,103716,B003,SAVINGS,ACTIVE,2021-07-09,9629.28
509646,100610,B020,SAVINGS,ACTIVE,2020-11-14,220669.33
509647,107018,B013,SALARY,ACTIVE,2022-04-14,343140.77
509648,108281,B011,SAVINGS,ACTIVE,2023-11-24,82477.98
509649,101343,B002,SALARY,ACTIVE,2022-11-21,106815.6
509650,100900,B013,SAVINGS,ACTIVE,2022-12-27,27681.01
509651,105701,B012,SALARY,ACTIVE,2021-03-05,92307.72
509652,107443,B016,SALARY,ACTIVE,2023-11-29,18422.15
509653,101528,B018,SALARY,ACTIVE,2025-04-29,116568.87
509654,106243,B019,SAVINGS,ACTIVE,2022-02-13,5245.24
509655,102976,B015,SAVINGS,ACTIVE,2020-11-03,8880.5
509656,108410,B001,SAVINGS,ACTIVE,2022-10-30,122393.19
509657,106665,B016,SAVINGS,ACTIVE,2019-03-29,14499.56
509658,104532,B014,SAVINGS,ACTIVE,2025-08-05,30680.95
509659,105218,B019,SALARY,ACTIVE,2026-04-07,3668.74
509660,105780,B012,SAVINGS,ACTIVE,2025-08-09,40010.87
509661,103544,B009,SAVINGS,ACTIVE,2020-03-12,9515.48
509662,101377,B004,SALARY,ACTIVE,2020-03-09,9832.01
509663,106955,B011,CURRENT,ACTIVE,2019-05-04,13461.72
509664,108847,B019,SAVINGS,ACTIVE,2025-03-13,12518.51
509665,105547,B003,SAVINGS,ACTIVE,2019-06-20,25012.52
509666,103607,B014,SAVINGS,ACTIVE,2019-05-08,21829.27
509667,108925,B011,CURRENT,ACTIVE,2025-06-14,6155.73
509668,102267,B008,SAVINGS,ACTIVE,2024-08-02,57171.82
509669,104186,B007,SAVINGS,ACTIVE,2021-06-22,12363.84
509670,100299,B001,SALARY,CLOSED,2022-05-19,29489.02
509671,106431,B007,SAVINGS,ACTIVE,2021-03-03,110165.75
509672,104531,B011,SAVINGS,ACTIVE,2024-09-27,11291.61
509673,108044,B012,SAVINGS,ACTIVE,2025-07-20,72296.85
509674,100016,B017,CURRENT,ACTIVE,2024-04-03,12263.47
509675,106632,B019,SAVINGS,ACTIVE,2019-09-12,58694.49
509676,106177,B018,SAVINGS,ACTIVE,2024-09-08,6700.75
509677,104899,B007,SAVINGS,ACTIVE,2023-05-10,38197.61
509678,107384,B020,SAVINGS,ACTIVE,2024-04-16,4884.32
509679,100667,B009,CURRENT,CLOSED,2023-01-23,16021.77
509680,101120,B004,SAVINGS,ACTIVE,2026-01-11,11046.98
509681,108676,B001,SAVINGS,ACTIVE,2025-09-20,39052.42
509682,104660,B017,SALARY,ACTIVE,2022-05-20,29478.48
509683,100688,B013,SALARY,ACTIVE,2019-11-28,33926.91
509684,104603,B016,SAVINGS,BLOCKED,2023-10-08,46674.53
509685,104718,B004,SAVINGS,ACTIVE,2020-11-14,21781.53
509686,101365,B016,SAVINGS,ACTIVE,2025-05-06,153358.21
509687,102197,B011,CURRENT,ACTIVE,2020-05-10,7742.03
509688,105096,B008,CURRENT,ACTIVE,2024-05-15,20433.99
509689,107513,B012,SALARY,ACTIVE,2022-06-28,30876.27
509690,106585,B011,CURRENT,ACTIVE,2024-09-10,48516.93
509691,106725,B015,CURRENT,ACTIVE,2026-05-06,38092.52
509692,107034,B015,SAVINGS,CLOSED,2026-02-03,24437.22
509693,102171,B003,SAVINGS,ACTIVE,2023-03-30,29233.67
509694,101284,B002,SAVINGS,ACTIVE,2026-01-04,31457.66
509695,107223,B010,SALARY,ACTIVE,2026-02-20,39625.53
509696,107286,B013,SAVINGS,ACTIVE,2024-02-12,27455.08
509697,103437,B019,SAVINGS,ACTIVE,2021-12-10,26428.12
509698,106628,B014,SAVINGS,ACTIVE,2025-02-18,16773.6
509699,102737,B013,SAVINGS,ACTIVE,2022-08-19,43120.17
509700,101513,B010,SALARY,ACTIVE,2025-09-10,65132.98
509701,101212,B004,SAVINGS,ACTIVE,2025-10-15,4814.35
509702,101981,B018,SAVINGS,ACTIVE,2019-08-12,82531.05
509703,103278,B004,SALARY,ACTIVE,2021-08-25,29967.53
509704,103229,B017,SAVINGS,ACTIVE,2023-02-15,25924.19
509705,109695,B010,SAVINGS,ACTIVE,2025-11-05,74381.63
509706,107344,B019,SAVINGS,ACTIVE,2021-12-09,88849.76
509707,101697,B003,SAVINGS,ACTIVE,2024-09-21,15219.08
509708,103280,B017,SALARY,ACTIVE,2019-11-12,93098.33
509709,109099,B007,SAVINGS,ACTIVE,2021-10-29,32485.93
509710,107565,B014,SAVINGS,ACTIVE,2021-08-07,8555.34
509711,109572,B009,CURRENT,ACTIVE,2024-07-19,12607.4
509712,106701,B020,SAVINGS,ACTIVE,2023-01-10,64146.26
509713,105354,B017,SAVINGS,ACTIVE,2020-07-30,28337.89
509714,107309,B007,SAVINGS,CLOSED,2019-12-09,4386.83
509715,106242,B008,SAVINGS,ACTIVE,2026-01-08,127383.34
509716,100742,B020,SAVINGS,ACTIVE,2019-06-11,81761.68
509717,104069,B004,SAVINGS,ACTIVE,2019-04-23,58685.9
509718,104427,B006,SAVINGS,ACTIVE,2023-02-10,20596.18
509719,105521,B020,SAVINGS,BLOCKED,2020-05-06,71728.05
509720,101708,B004,CURRENT,ACTIVE,2019-12-20,5645.58
509721,107841,B009,SAVINGS,BLOCKED,2025-01-31,6222.41
509722,100782,B018,SAVINGS,ACTIVE,2021-07-02,23496.56
509723,109351,B004,SALARY,ACTIVE,2023-04-30,24192.19
509724,102939,B018,SAVINGS,ACTIVE,2021-04-03,29566.13
509725,105315,B020,CURRENT,ACTIVE,2021-03-13,2203.3
509726,106415,B005,CURRENT,ACTIVE,2019-03-25,29836.47
509727,103892,B017,SAVINGS,ACTIVE,2025-06-21,2579.65
509728,107249,B008,SAVINGS,ACTIVE,2019-02-20,43162.02
509729,100484,B012,SAVINGS,ACTIVE,2023-08-21,2600.65
509730,109062,B003,SALARY,ACTIVE,2019-10-30,93356.89
509731,103746,B013,SAVINGS,ACTIVE,2023-05-06,43087.11
509732,107196,B004,SALARY,ACTIVE,2021-06-28,44962.28
509733,100030,B014,SAVINGS,ACTIVE,2024-10-21,28325.92
509734,100847,B008,SALARY,ACTIVE,2025-12-30,63893.33
509735,103397,B018,SAVINGS,ACTIVE,2025-12-08,90368.07
509736,107072,B004,SAVINGS,ACTIVE,2022-05-16,5133.86
509737,108930,B009,SAVINGS,ACTIVE,2022-03-12,3607.18
509738,100846,B003,SAVINGS,ACTIVE,2026-01-02,74233.78
509739,109541,B001,SAVINGS,ACTIVE,2025-04-23,14112.43
509740,108300,B007,SAVINGS,ACTIVE,2020-06-18,20309.62
509741,108725,B020,SAVINGS,ACTIVE,2022-03-15,49546.23
509742,100376,B017,SALARY,BLOCKED,2020-04-01,120954.34
509743,102029,B016,CURRENT,ACTIVE,2020-09-27,54162.44
509744,105503,B018,SAVINGS,ACTIVE,2021-08-08,97647.39
509745,104582,B004,SAVINGS,ACTIVE,2022-06-15,40238.17
509746,108198,B006,CURRENT,ACTIVE,2020-05-07,11570.18
509747,109910,B006,SAVINGS,ACTIVE,2020-09-10,68323.99
509748,103636,B019,CURRENT,ACTIVE,2025-08-13,3196.65
509749,106520,B020,SAVINGS,CLOSED,2020-01-05,107226.23
509750,104164,B001,SALARY,ACTIVE,2026-03-16,15862.79
509751,109588,B013,SALARY,BLOCKED,2022-08-24,66117.78
509752,106583,B006,SAVINGS,ACTIVE,2022-04-27,19322.3
509753,104863,B005,SAVINGS,ACTIVE,2022-10-10,5435.38
509754,103222,B012,SAVINGS,ACTIVE,2021-08-04,45450.08
509755,100568,B003,SALARY,ACTIVE,2024-10-12,45115.45
509756,109465,B018,SAVINGS,ACTIVE,2019-01-30,11615.96
509757,106082,B007,SALARY,ACTIVE,2020-12-21,63841.32
509758,101980,B018,SAVINGS,ACTIVE,2021-01-03,36235.62
509759,103194,B003,SAVINGS,ACTIVE,2024-10-16,16156.81
509760,100375,B016,SAVINGS,ACTIVE,2020-09-01,43861.73
509761,105828,B001,SAVINGS,ACTIVE,2020-09-18,28676.39
509762,109403,B009,SALARY,ACTIVE,2021-06-06,17265.05
509763,106349,B004,CURRENT,ACTIVE,2019-05-18,35234.07
509764,104616,B018,SAVINGS,ACTIVE,2021-04-29,19289.8
509765,103847,B007,SAVINGS,ACTIVE,2024-01-08,14107.71
509766,108095,B001,SAVINGS,ACTIVE,2025-10-15,6556.51
509767,108089,B015,SAVINGS,ACTIVE,2022-11-10,39051.86
509768,106718,B001,SAVINGS,ACTIVE,2022-02-03,13464.9
509769,103133,B015,SAVINGS,ACTIVE,2021-11-17,44746.3
509770,107826,B014,SALARY,ACTIVE,2025-05-16,28642.28
509771,102465,B015,SALARY,ACTIVE,2023-07-28,30839.51
509772,103533,B004,SAVINGS,ACTIVE,2024-09-21,76328.74
509773,103121,B014,SAVINGS,ACTIVE,2021-07-14,26021.92
509774,109466,B020,SAVINGS,ACTIVE,2024-07-18,14511.54
509775,109284,B004,SAVINGS,ACTIVE,2019-04-27,31341.69
509776,102654,B011,SAVINGS,ACTIVE,2022-08-09,49494.11
509777,110000,B007,SAVINGS,ACTIVE,2022-09-18,56121.21
509778,106240,B003,SAVINGS,ACTIVE,2019-01-05,17641.06
509779,108379,B002,SAVINGS,ACTIVE,2019-06-20,406460.97
509780,105292,B020,SAVINGS,ACTIVE,2019-11-11,8410.03
509781,103436,B016,SAVINGS,ACTIVE,2025-07-04,19534.88
509782,100645,B007,SAVINGS,ACTIVE,2021-10-10,25650.17
509783,107963,B005,SAVINGS,ACTIVE,2026-04-12,60990.05
509784,108140,B006,SAVINGS,ACTIVE,2026-05-20,51825.55
509785,104492,B006,CURRENT,ACTIVE,2023-10-23,185089.29
509786,100914,B003,SALARY,ACTIVE,2019-03-04,76043.13
509787,105871,B012,SAVINGS,ACTIVE,2024-12-13,27478.97
509788,107698,B018,SAVINGS,ACTIVE,2023-01-14,96309.76
509789,105176,B015,SAVINGS,ACTIVE,2026-01-15,25744.32
509790,104491,B016,SAVINGS,ACTIVE,2021-08-21,8106.01
509791,108715,B018,SALARY,ACTIVE,2021-11-22,168952.05
509792,106883,B016,SAVINGS,ACTIVE,2023-12-25,27234.39
509793,109292,B004,SAVINGS,ACTIVE,2021-12-20,9374.39
509794,103880,B009,SAVINGS,ACTIVE,2026-02-24,219639.24
509795,105065,B006,SAVINGS,ACTIVE,2022-08-27,51334.16
509796,106651,B013,SAVINGS,ACTIVE,2023-11-21,54478.78
509797,101540,B020,SAVINGS,ACTIVE,2021-07-19,5415.82
509798,106384,B014,SAVINGS,ACTIVE,2020-01-11,131017.71
509799,100713,B004,SAVINGS,ACTIVE,2023-12-07,5712.64
509800,103992,B020,SAVINGS,ACTIVE,2020-06-16,181509.32
509801,103487,B012,CURRENT,ACTIVE,2023-02-08,13263.54
509802,108536,B012,SALARY,ACTIVE,2024-06-18,6977.49
509803,106793,B005,SALARY,ACTIVE,2023-11-11,144301.42
509804,109452,B006,SALARY,ACTIVE,2022-05-27,3255.23
509805,100449,B017,SAVINGS,CLOSED,2024-09-10,47537.44
509806,109472,B003,SAVINGS,ACTIVE,2023-08-02,12892.57
509807,100202,B005,CURRENT,ACTIVE,2022-11-07,149354.21
509808,108073,B005,SAVINGS,ACTIVE,2020-05-03,16132.11
509809,100807,B018,SAVINGS,ACTIVE,2025-11-03,35307.5
509810,101759,B001,SAVINGS,ACTIVE,2020-04-25,3798.0
509811,100397,B003,SALARY,ACTIVE,2020-03-04,32635.09
509812,109648,B003,SALARY,ACTIVE,2026-02-23,135038.24
509813,101515,B004,SAVINGS,ACTIVE,2022-07-29,259468.42
509814,105762,B011,SAVINGS,ACTIVE,2020-10-27,138393.1
509815,103582,B018,SALARY,ACTIVE,2020-06-27,198414.54
509816,102153,B001,SAVINGS,ACTIVE,2021-06-02,33882.71
509817,100345,B019,CURRENT,ACTIVE,2022-11-17,25028.94
509818,105944,B002,SAVINGS,ACTIVE,2021-06-07,15907.96
509819,102802,B006,SAVINGS,ACTIVE,2023-05-09,7825.62
509820,106046,B001,SAVINGS,ACTIVE,2021-01-05,50967.38
509821,106996,B020,SAVINGS,ACTIVE,2019-05-29,48486.38
509822,104309,B011,SAVINGS,ACTIVE,2025-12-06,36808.12
509823,104349,B015,SAVINGS,ACTIVE,2019-11-21,67156.98
509824,101105,B001,SAVINGS,ACTIVE,2019-05-10,7779.81
509825,103633,B012,SAVINGS,ACTIVE,2019-10-01,22487.97
509826,106653,B011,CURRENT,ACTIVE,2020-11-23,79997.02
509827,107526,B008,SAVINGS,ACTIVE,2024-03-31,6016.3
509828,101691,B013,SALARY,ACTIVE,2019-06-03,12678.28
509829,103304,B007,CURRENT,ACTIVE,2019-09-25,71087.14
509830,102614,B005,SAVINGS,ACTIVE,2023-06-18,10019.37
509831,105838,B016,SAVINGS,ACTIVE,2025-05-14,25206.52
509832,107897,B019,SAVINGS,ACTIVE,2019-09-05,5852.06
509833,108733,B017,SAVINGS,ACTIVE,2023-12-12,11630.56
509834,106661,B020,CURRENT,BLOCKED,2021-02-27,440191.14
509835,100210,B009,SAVINGS,ACTIVE,2022-03-09,10475.76
509836,101507,B019,SAVINGS,ACTIVE,2026-01-12,46613.05
509837,100506,B019,SAVINGS,ACTIVE,2021-02-02,41492.64
509838,105661,B019,SALARY,ACTIVE,2020-01-10,14172.67
509839,101167,B004,SAVINGS,ACTIVE,2021-07-07,46824.28
509840,102629,B002,CURRENT,ACTIVE,2023-02-01,1965.95
509841,102513,B012,CURRENT,ACTIVE,2023-04-06,211357.09
509842,107217,B007,CURRENT,ACTIVE,2020-04-01,13558.94
509843,105889,B009,SALARY,ACTIVE,2020-08-29,7544.38
509844,103498,B006,SAVINGS,ACTIVE,2019-08-19,9876.4
509845,103850,B004,SAVINGS,ACTIVE,2026-04-18,5777.41
509846,101991,B004,SALARY,ACTIVE,2019-10-21,21654.83
509847,100851,B018,SAVINGS,ACTIVE,2026-03-17,45171.1
509848,103394,B012,SALARY,ACTIVE,2025-09-20,13397.77
509849,103679,B014,SAVINGS,ACTIVE,2023-10-20,18024.73
509850,108787,B017,SAVINGS,ACTIVE,2020-12-30,131934.7
509851,103390,B020,SAVINGS,ACTIVE,2025-06-08,17337.35
509852,100480,B018,SALARY,BLOCKED,2024-04-18,53121.03
509853,105084,B018,SAVINGS,ACTIVE,2022-09-24,3362.78
509854,107316,B005,SAVINGS,ACTIVE,2021-08-13,45438.22
509855,103491,B001,SALARY,ACTIVE,2022-08-07,24318.43
509856,109335,B008,SAVINGS,ACTIVE,2020-03-01,25839.4
509857,101580,B009,SALARY,ACTIVE,2025-07-31,4533.9
509858,102568,B016,SAVINGS,ACTIVE,2020-07-30,37308.64
509859,109735,B004,SALARY,ACTIVE,2025-03-07,33567.49
509860,101625,B016,SAVINGS,CLOSED,2024-04-07,51950.41
509861,101952,B015,SAVINGS,ACTIVE,2019-04-21,121269.14
509862,109382,B018,SAVINGS,ACTIVE,2021-04-01,5492.56
509863,107049,B012,CURRENT,ACTIVE,2025-04-13,30737.13
509864,104070,B002,SAVINGS,ACTIVE,2021-02-02,12495.48
509865,102338,B016,SAVINGS,BLOCKED,2021-06-11,198561.91
509866,102065,B003,SAVINGS,ACTIVE,2025-02-11,21622.3
509867,101389,B005,SAVINGS,ACTIVE,2021-07-23,101829.29
509868,103156,B016,SAVINGS,ACTIVE,2020-07-01,11678.89
509869,101386,B008,CURRENT,ACTIVE,2023-04-24,19969.29
509870,105174,B015,SAVINGS,ACTIVE,2021-09-11,4118.07
509871,109995,B016,CURRENT,ACTIVE,2022-03-03,64480.29
509872,104174,B017,SAVINGS,ACTIVE,2025-06-23,4011.96
509873,108545,B008,SAVINGS,ACTIVE,2021-07-10,26881.36
509874,105302,B019,SALARY,ACTIVE,2022-02-19,67250.32
509875,108746,B007,SAVINGS,ACTIVE,2026-03-14,34767.15
509876,103877,B020,SAVINGS,ACTIVE,2020-03-10,2630.62
509877,106637,B016,SAVINGS,ACTIVE,2019-10-22,18540.35
509878,105305,B011,CURRENT,ACTIVE,2025-05-07,104989.77
509879,107672,B018,SAVINGS,ACTIVE,2021-04-23,49384.84
509880,109029,B017,SAVINGS,ACTIVE,2020-12-02,20505.91
509881,101918,B012,SALARY,ACTIVE,2024-01-12,8640.5
509882,108193,B008,SAVINGS,ACTIVE,2020-10-30,43314.83
509883,102085,B019,SAVINGS,ACTIVE,2019-12-24,16630.18
509884,105955,B018,SALARY,ACTIVE,2025-01-23,9698.8
509885,105358,B020,SALARY,ACTIVE,2020-04-10,20648.66
509886,104215,B015,SAVINGS,ACTIVE,2022-09-04,56838.59
509887,108390,B015,SALARY,ACTIVE,2023-11-17,13085.74
509888,108482,B011,SAVINGS,ACTIVE,2024-08-26,26130.16
509889,101837,B018,SALARY,ACTIVE,2019-08-17,19479.5
509890,103544,B008,SAVINGS,CLOSED,2022-04-17,7157.84
509891,109446,B006,SALARY,ACTIVE,2023-03-21,19119.14
509892,108804,B017,CURRENT,ACTIVE,2023-08-23,28942.36
509893,101937,B010,CURRENT,ACTIVE,2020-08-21,31032.96
509894,101884,B016,SALARY,ACTIVE,2021-07-31,89551.54
509895,108653,B009,CURRENT,ACTIVE,2020-04-08,34245.02
509896,102701,B012,SAVINGS,ACTIVE,2021-07-09,8676.29
509897,109310,B004,SALARY,ACTIVE,2021-04-09,53167.08
509898,106005,B012,SAVINGS,ACTIVE,2021-10-04,13782.27
509899,103843,B012,SALARY,ACTIVE,2025-11-24,9844.32
509900,106987,B004,SAVINGS,ACTIVE,2023-05-06,168092.95
509901,107263,B006,SAVINGS,ACTIVE,2024-07-07,38357.94
509902,109200,B011,SAVINGS,ACTIVE,2022-07-10,21533.58
509903,102943,B017,SAVINGS,ACTIVE,2022-04-25,14986.77
509904,104245,B004,SAVINGS,ACTIVE,2019-04-16,72205.12
509905,106684,B008,SAVINGS,ACTIVE,2022-01-31,134557.9
509906,104113,B004,SAVINGS,ACTIVE,2020-01-08,85026.27
509907,107084,B014,SALARY,ACTIVE,2022-12-17,73890.86
509908,100676,B009,SAVINGS,ACTIVE,2020-05-14,43093.42
509909,109788,B016,SAVINGS,ACTIVE,2023-04-01,5076.48
509910,106786,B019,SALARY,ACTIVE,2024-06-15,16922.33
509911,107277,B013,SALARY,ACTIVE,2024-10-02,50630.63
509912,107850,B012,SAVINGS,ACTIVE,2022-03-14,16219.72
509913,102715,B017,SALARY,ACTIVE,2020-09-16,11589.31
509914,100100,B013,CURRENT,ACTIVE,2020-03-12,20860.06
509915,106093,B020,SAVINGS,ACTIVE,2023-03-09,7307.57
509916,106411,B011,SAVINGS,ACTIVE,2022-07-29,3596.2
509917,100185,B003,CURRENT,ACTIVE,2021-09-01,22175.36
509918,102989,B007,SALARY,ACTIVE,2024-05-19,46788.35
509919,107273,B009,SALARY,ACTIVE,2019-08-16,30605.61
509920,107493,B004,SAVINGS,ACTIVE,2023-06-24,224584.16
509921,108999,B012,SAVINGS,ACTIVE,2021-11-30,71308.55
509922,100713,B020,SAVINGS,ACTIVE,2019-06-09,43770.43
509923,107247,B012,SAVINGS,CLOSED,2023-12-06,74414.43
509924,104916,B009,SALARY,ACTIVE,2021-09-13,2634.63
509925,102119,B008,CURRENT,ACTIVE,2024-06-01,3918.92
509926,108720,B011,SAVINGS,ACTIVE,2026-03-09,41123.5
509927,105927,B016,SALARY,ACTIVE,2025-11-13,121105.61
509928,109813,B007,SAVINGS,ACTIVE,2025-08-09,4054.28
509929,104969,B008,SALARY,ACTIVE,2019-04-08,4305.33
509930,107206,B011,SAVINGS,ACTIVE,2019-07-30,60441.87
509931,100526,B020,SAVINGS,ACTIVE,2019-02-01,27179.76
509932,100847,B019,SAVINGS,ACTIVE,2022-02-15,32575.45
509933,104026,B003,SAVINGS,ACTIVE,2023-03-20,15579.14
509934,105425,B015,CURRENT,ACTIVE,2023-08-26,9956.05
509935,101513,B004,SAVINGS,ACTIVE,2024-01-10,15443.78
509936,105279,B016,CURRENT,ACTIVE,2020-03-03,22584.16
509937,108378,B011,SAVINGS,ACTIVE,2020-12-16,5505.83
509938,104887,B018,SALARY,ACTIVE,2020-05-06,5478.02
509939,101178,B005,SAVINGS,ACTIVE,2023-01-15,16838.72
509940,104700,B019,SAVINGS,ACTIVE,2021-06-30,181288.65
509941,105184,B019,SAVINGS,ACTIVE,2022-06-08,7766.9
509942,100212,B016,SAVINGS,ACTIVE,2023-05-07,32292.9
509943,106314,B008,CURRENT,ACTIVE,2024-04-20,20821.79
509944,106868,B015,SAVINGS,ACTIVE,2023-05-28,8099.12
509945,106670,B017,SAVINGS,ACTIVE,2026-05-16,18107.67
509946,106005,B020,SAVINGS,ACTIVE,2021-09-01,26921.68
509947,107766,B007,SAVINGS,ACTIVE,2024-12-04,36447.9
509948,105479,B006,SAVINGS,ACTIVE,2025-12-19,16224.87
509949,102132,B009,SALARY,ACTIVE,2026-03-28,73178.22
509950,107145,B014,SAVINGS,ACTIVE,2020-03-28,14986.51
509951,103206,B019,SALARY,ACTIVE,2019-04-18,8049.48
509952,105524,B006,CURRENT,ACTIVE,2025-05-17,223700.94
509953,106985,B005,SAVINGS,ACTIVE,2024-02-28,28360.41
509954,104268,B005,SAVINGS,ACTIVE,2024-01-05,9677.19
509955,100226,B009,SAVINGS,ACTIVE,2024-08-26,119347.73
509956,103343,B003,CURRENT,ACTIVE,2024-06-13,4436.21
509957,101301,B017,SAVINGS,ACTIVE,2020-08-12,36799.87
509958,103957,B011,SAVINGS,ACTIVE,2023-03-24,3993.5
509959,102382,B014,CURRENT,ACTIVE,2023-03-02,2335.74
509960,105184,B014,SAVINGS,ACTIVE,2025-09-18,13457.85
509961,106599,B017,SAVINGS,ACTIVE,2021-11-18,5611.51
509962,103745,B008,SALARY,ACTIVE,2021-07-09,221560.26
509963,105259,B010,SAVINGS,ACTIVE,2022-01-25,14118.24
509964,104405,B005,CURRENT,ACTIVE,2024-05-18,16708.05
509965,107007,B001,SAVINGS,ACTIVE,2019-07-22,24351.97
509966,106386,B011,SALARY,ACTIVE,2024-08-18,27757.13
509967,108820,B015,SALARY,ACTIVE,2021-04-14,29055.44
509968,105543,B007,SAVINGS,ACTIVE,2019-01-03,65969.38
509969,106243,B008,SALARY,CLOSED,2023-12-22,78127.82
509970,104363,B005,SAVINGS,ACTIVE,2019-12-30,22594.74
509971,100599,B002,SAVINGS,ACTIVE,2021-08-07,36000.63
509972,108713,B004,SAVINGS,ACTIVE,2019-05-06,99304.52
509973,105046,B015,SAVINGS,ACTIVE,2026-05-03,21257.51
509974,103430,B010,SAVINGS,ACTIVE,2023-06-29,17092.03
509975,106173,B001,SAVINGS,ACTIVE,2021-11-06,14556.29
509976,102683,B009,SALARY,CLOSED,2020-05-15,10436.64
509977,107664,B007,SAVINGS,ACTIVE,2023-07-02,39335.24
509978,103402,B006,SAVINGS,BLOCKED,2022-07-26,123207.06
509979,109503,B013,SAVINGS,ACTIVE,2025-05-14,17422.83
509980,106249,B007,SAVINGS,ACTIVE,2023-02-03,53729.94
509981,105179,B001,SAVINGS,ACTIVE,2019-10-29,84137.93
509982,100086,B009,SAVINGS,ACTIVE,2023-05-07,126956.94
509983,107858,B002,CURRENT,ACTIVE,2026-02-09,65944.21
509984,103641,B005,SALARY,ACTIVE,2025-03-07,39308.21
509985,100612,B020,SAVINGS,ACTIVE,2024-07-18,16076.25
509986,100441,B009,SAVINGS,ACTIVE,2024-05-06,12076.66
509987,104084,B002,SAVINGS,ACTIVE,2022-07-01,33293.62
509988,107879,B005,SAVINGS,ACTIVE,2022-02-16,45269.36
509989,104134,B004,SAVINGS,ACTIVE,2021-09-09,4278.24
509990,103691,B013,SAVINGS,ACTIVE,2025-02-16,59825.19
509991,103426,B005,SAVINGS,ACTIVE,2022-08-30,7775.7
509992,101634,B018,SAVINGS,ACTIVE,2025-06-30,68113.51
509993,104828,B010,SAVINGS,ACTIVE,2020-05-10,22071.43
509994,104965,B011,SAVINGS,ACTIVE,2022-04-19,43786.76
509995,103082,B016,SALARY,ACTIVE,2025-07-17,69853.49
509996,103648,B018,SAVINGS,ACTIVE,2021-06-30,45730.97
509997,107527,B015,CURRENT,ACTIVE,2021-02-21,14568.62
509998,109270,B019,SALARY,ACTIVE,2022-01-10,137648.68
509999,108330,B010,CURRENT,ACTIVE,2021-12-01,21420.13
510000,106692,B010,SAVINGS,ACTIVE,2019-06-15,11676.59
510001,101009,B009,SAVINGS,ACTIVE,2026-03-14,44854.1
510002,104774,B004,SAVINGS,ACTIVE,2025-04-26,11363.51
510003,107008,B014,SAVINGS,BLOCKED,2023-07-17,6503.2
510004,109686,B008,SAVINGS,ACTIVE,2022-01-10,13088.12
510005,106917,B008,SAVINGS,ACTIVE,2019-05-29,27027.83
510006,107308,B004,SAVINGS,ACTIVE,2025-07-11,12514.91
510007,108772,B020,CURRENT,ACTIVE,2023-05-04,19016.46
510008,101947,B001,SAVINGS,ACTIVE,2019-02-16,2390.81
510009,109721,B008,SAVINGS,ACTIVE,2020-03-14,108446.63
510010,104647,B003,SAVINGS,ACTIVE,2022-03-20,29385.92
510011,109160,B012,SALARY,ACTIVE,2023-03-10,11380.57
510012,105008,B014,SAVINGS,ACTIVE,2024-07-14,114618.14
510013,108493,B006,SAVINGS,ACTIVE,2024-04-19,5617.29
510014,109150,B016,SAVINGS,ACTIVE,2019-11-02,9184.87
510015,103995,B020,SAVINGS,ACTIVE,2022-02-02,15268.32
510016,105564,B013,SALARY,ACTIVE,2019-04-15,12314.33
510017,103461,B002,SALARY,ACTIVE,2025-07-04,15966.01
510018,106864,B007,SAVINGS,ACTIVE,2019-03-26,52276.03
510019,105157,B016,SAVINGS,BLOCKED,2023-07-28,74451.01
510020,101635,B004,SAVINGS,CLOSED,2023-10-03,81862.66
510021,105445,B018,SAVINGS,ACTIVE,2020-07-27,123817.42
510022,104055,B008,SAVINGS,ACTIVE,2020-12-13,12136.37
510023,108728,B012,SALARY,ACTIVE,2025-11-29,42909.96
510024,101812,B006,SALARY,ACTIVE,2024-06-26,12067.99
510025,104962,B015,SAVINGS,ACTIVE,2019-12-26,11771.89
510026,104497,B018,SAVINGS,BLOCKED,2021-10-01,5119.04
510027,104826,B012,SAVINGS,ACTIVE,2026-01-08,146903.17
510028,108703,B017,SAVINGS,ACTIVE,2020-05-11,108845.06
510029,107109,B004,SALARY,ACTIVE,2024-04-02,336247.96
510030,108546,B003,SAVINGS,ACTIVE,2023-07-09,66333.06
510031,106701,B019,SALARY,ACTIVE,2022-09-03,44338.82
510032,101511,B013,SAVINGS,ACTIVE,2021-11-20,16255.96
510033,101066,B020,SAVINGS,ACTIVE,2020-12-17,96040.46
510034,104146,B010,SAVINGS,ACTIVE,2022-07-14,43595.08
510035,109378,B020,CURRENT,ACTIVE,2021-10-14,6706.51
510036,109529,B013,SAVINGS,ACTIVE,2021-09-14,30836.42
510037,101459,B008,SAVINGS,ACTIVE,2022-06-23,6181.58
510038,101274,B010,CURRENT,ACTIVE,2025-01-04,40419.83
510039,104426,B006,SAVINGS,ACTIVE,2024-05-19,76055.03
510040,101582,B004,SAVINGS,ACTIVE,2019-02-28,19028.36
510041,100492,B004,SAVINGS,ACTIVE,2021-12-26,11881.24
510042,100922,B008,CURRENT,ACTIVE,2019-08-13,232789.19
510043,104092,B016,CURRENT,ACTIVE,2024-03-13,37262.87
510044,105216,B020,SAVINGS,ACTIVE,2019-03-30,52114.36
510045,103683,B019,SAVINGS,ACTIVE,2026-01-13,40205.99
510046,109972,B015,SALARY,ACTIVE,2022-02-28,81760.77
510047,107931,B002,CURRENT,ACTIVE,2025-01-08,61185.06
510048,108879,B002,SAVINGS,ACTIVE,2024-10-25,21677.06
510049,107403,B018,SAVINGS,ACTIVE,2026-04-17,4443.55
510050,102247,B012,SALARY,ACTIVE,2024-08-11,14719.47
510051,109286,B008,SAVINGS,ACTIVE,2024-03-25,30439.31
510052,108072,B004,SAVINGS,ACTIVE,2023-04-08,90448.99
510053,109714,B018,SAVINGS,ACTIVE,2019-02-15,151921.41
510054,100276,B015,SAVINGS,ACTIVE,2021-01-31,21031.74
510055,106735,B012,SAVINGS,ACTIVE,2020-11-13,229260.32
510056,106010,B007,CURRENT,ACTIVE,2024-09-29,49429.24
510057,100186,B015,SAVINGS,ACTIVE,2021-10-16,36157.17
510058,108729,B018,SAVINGS,ACTIVE,2023-11-13,37912.21
510059,101487,B018,SAVINGS,ACTIVE,2020-07-28,66002.6
510060,103541,B004,SALARY,ACTIVE,2019-03-18,30552.12
510061,101200,B007,SAVINGS,ACTIVE,2026-05-01,30013.91
510062,103877,B017,CURRENT,ACTIVE,2025-07-21,79916.48
510063,104252,B004,CURRENT,ACTIVE,2019-08-16,101162.6
510064,106528,B002,SALARY,ACTIVE,2019-07-29,29266.41
510065,107149,B005,SAVINGS,ACTIVE,2024-06-21,26352.18
510066,108739,B009,SALARY,ACTIVE,2020-09-17,11527.14
510067,102072,B006,SAVINGS,ACTIVE,2021-04-05,19146.11
510068,105425,B013,SAVINGS,ACTIVE,2020-11-12,101184.36
510069,106135,B008,SAVINGS,ACTIVE,2025-11-11,30318.25
510070,109394,B010,CURRENT,CLOSED,2022-03-22,77725.15
510071,105215,B020,SAVINGS,ACTIVE,2023-04-07,13306.34
510072,105865,B006,SAVINGS,ACTIVE,2025-04-10,38943.17
510073,100738,B010,SAVINGS,ACTIVE,2019-12-29,53057.96
510074,103442,B005,SALARY,ACTIVE,2019-10-17,176780.16
510075,102273,B007,SAVINGS,ACTIVE,2021-04-22,3375.98
510076,108438,B020,SAVINGS,ACTIVE,2021-03-19,83969.66
510077,100892,B013,CURRENT,BLOCKED,2022-10-16,31931.5
510078,108157,B008,SAVINGS,ACTIVE,2024-01-27,30174.49
510079,109451,B007,SAVINGS,ACTIVE,2021-08-30,3408.43
510080,106456,B011,SALARY,ACTIVE,2021-10-09,5513.97
510081,101795,B006,SAVINGS,ACTIVE,2024-12-05,49346.55
510082,101374,B019,SAVINGS,ACTIVE,2025-10-04,142950.84
510083,103908,B014,SAVINGS,ACTIVE,2020-11-16,35802.67
510084,100025,B004,SAVINGS,ACTIVE,2024-07-09,147416.6
510085,108823,B012,SAVINGS,ACTIVE,2021-09-13,1228.05
510086,100520,B011,SAVINGS,ACTIVE,2024-04-24,4471.25
510087,107650,B011,SAVINGS,ACTIVE,2021-03-19,4005.86
510088,102519,B017,SALARY,ACTIVE,2022-11-16,89188.13
510089,103060,B006,SALARY,ACTIVE,2020-03-06,50176.96
510090,102380,B013,CURRENT,ACTIVE,2024-04-29,27714.52
510091,103568,B005,SAVINGS,ACTIVE,2019-12-18,79519.8
510092,106175,B007,SAVINGS,ACTIVE,2020-11-05,20644.73
510093,109420,B011,SAVINGS,ACTIVE,2024-11-24,114639.22
510094,104314,B018,SAVINGS,ACTIVE,2023-04-26,163230.48
510095,105257,B010,SAVINGS,ACTIVE,2025-05-21,4040.34
510096,100260,B016,SAVINGS,ACTIVE,2021-03-17,61531.51
510097,103540,B019,SAVINGS,ACTIVE,2026-03-07,59599.25
510098,108658,B007,SAVINGS,ACTIVE,2022-12-04,7904.38
510099,100155,B001,SAVINGS,ACTIVE,2022-01-18,5402.22
510100,105938,B002,SALARY,ACTIVE,2021-05-16,24398.35
510101,102000,B010,SALARY,ACTIVE,2020-07-18,38201.74
510102,103923,B013,SAVINGS,BLOCKED,2025-09-17,57545.62
510103,104844,B016,SAVINGS,ACTIVE,2023-06-07,122946.38
510104,103865,B020,SAVINGS,ACTIVE,2024-05-11,29989.76
510105,105015,B008,SAVINGS,ACTIVE,2021-01-03,34556.31
510106,101058,B020,SAVINGS,ACTIVE,2021-05-15,398669.19
510107,104650,B013,SAVINGS,ACTIVE,2025-12-11,39361.51
510108,105114,B018,SAVINGS,ACTIVE,2024-08-23,14782.32
510109,103599,B019,SAVINGS,ACTIVE,2020-07-26,60105.68
510110,109908,B009,SAVINGS,ACTIVE,2024-09-03,16432.49
510111,107857,B018,SALARY,ACTIVE,2020-02-23,16626.78
510112,105216,B012,SALARY,ACTIVE,2020-07-06,8705.89
510113,101002,B014,SAVINGS,BLOCKED,2022-08-14,38717.67
510114,100149,B013,SAVINGS,ACTIVE,2022-01-04,131029.47
510115,105807,B001,SAVINGS,ACTIVE,2023-02-01,46630.34
510116,106196,B002,SAVINGS,ACTIVE,2026-03-26,60702.81
510117,100466,B002,SALARY,ACTIVE,2021-03-31,63340.78
510118,100076,B010,SAVINGS,ACTIVE,2022-05-09,142108.13
510119,108694,B001,SALARY,ACTIVE,2020-11-21,12303.39
510120,109121,B004,SALARY,ACTIVE,2023-07-13,14393.69
510121,100244,B011,SAVINGS,ACTIVE,2019-04-07,41857.54
510122,105160,B018,SAVINGS,ACTIVE,2024-03-21,28442.61
510123,105571,B019,SAVINGS,ACTIVE,2025-06-13,11921.4
510124,106906,B015,SAVINGS,ACTIVE,2019-07-31,35621.71
510125,103325,B012,SAVINGS,ACTIVE,2023-10-04,2761.36
510126,108748,B002,SAVINGS,ACTIVE,2019-10-25,84362.15
510127,106739,B014,SALARY,ACTIVE,2024-09-01,11478.03
510128,107851,B004,SALARY,ACTIVE,2025-05-22,3102.82
510129,104976,B018,SAVINGS,ACTIVE,2021-05-26,85618.8
510130,105450,B014,SAVINGS,ACTIVE,2023-07-05,31355.82
510131,109332,B007,SALARY,ACTIVE,2026-04-21,48955.57
510132,104037,B018,SAVINGS,ACTIVE,2020-05-11,210830.47
510133,104040,B011,SALARY,ACTIVE,2019-05-16,82559.25
510134,109241,B012,SAVINGS,ACTIVE,2024-10-26,115218.64
510135,103590,B003,CURRENT,ACTIVE,2025-12-02,42431.16
510136,100232,B018,SAVINGS,ACTIVE,2024-04-11,311212.85
510137,105869,B001,SALARY,ACTIVE,2023-12-11,47584.66
510138,104062,B007,SALARY,ACTIVE,2020-11-05,6161.02
510139,100275,B006,SAVINGS,ACTIVE,2022-05-12,4979.53
510140,104995,B005,SAVINGS,ACTIVE,2023-08-31,72184.77
510141,105470,B011,SAVINGS,ACTIVE,2025-03-04,10490.73
510142,108712,B019,CURRENT,ACTIVE,2026-03-11,34213.67
510143,103404,B013,CURRENT,ACTIVE,2020-08-28,55563.31
510144,101655,B003,SAVINGS,ACTIVE,2024-03-10,19135.78
510145,104023,B001,SAVINGS,ACTIVE,2025-05-28,8106.61
510146,106995,B007,SAVINGS,ACTIVE,2019-05-23,8148.14
510147,105219,B007,SAVINGS,ACTIVE,2025-08-29,19670.56
510148,106684,B008,SAVINGS,ACTIVE,2024-12-17,47374.83
510149,100940,B004,SAVINGS,ACTIVE,2023-05-04,7104.29
510150,109596,B011,SALARY,ACTIVE,2023-07-22,275652.01
510151,103001,B016,SAVINGS,ACTIVE,2025-05-01,50750.05
510152,108687,B007,SAVINGS,ACTIVE,2022-07-02,43116.48
510153,105784,B019,SAVINGS,ACTIVE,2020-03-31,26047.06
510154,104844,B006,SAVINGS,ACTIVE,2022-02-21,31273.09
510155,109747,B004,SAVINGS,ACTIVE,2023-12-26,42671.86
510156,100920,B006,SAVINGS,ACTIVE,2025-12-10,32747.03
510157,109947,B009,CURRENT,ACTIVE,2019-03-21,127320.59
510158,108403,B009,SALARY,ACTIVE,2022-03-15,117310.02
510159,103493,B007,SAVINGS,ACTIVE,2023-01-05,36153.43
510160,102477,B019,SALARY,ACTIVE,2019-05-10,12957.5
510161,103687,B008,SAVINGS,ACTIVE,2022-06-05,10568.78
510162,107543,B020,SAVINGS,ACTIVE,2022-08-13,28525.38
510163,101067,B017,SAVINGS,ACTIVE,2022-09-02,22048.64
510164,105620,B011,SAVINGS,ACTIVE,2021-05-02,55390.38
510165,100996,B011,SAVINGS,ACTIVE,2021-01-22,188943.5
510166,100481,B003,SAVINGS,ACTIVE,2019-05-05,40888.96
510167,104789,B005,SAVINGS,ACTIVE,2021-09-26,13468.87
510168,100028,B016,SAVINGS,ACTIVE,2021-10-27,7135.35
510169,107124,B013,SAVINGS,ACTIVE,2024-10-28,24490.2
510170,101272,B007,SAVINGS,ACTIVE,2019-07-15,37959.01
510171,108688,B008,SALARY,ACTIVE,2023-12-11,9716.13
510172,102731,B003,CURRENT,ACTIVE,2022-10-21,28186.87
510173,108749,B012,SAVINGS,ACTIVE,2025-06-17,112936.18
510174,102743,B018,SAVINGS,ACTIVE,2021-01-01,17367.82
510175,104238,B019,SAVINGS,ACTIVE,2025-08-05,23516.13
510176,102215,B001,SAVINGS,ACTIVE,2024-02-06,67544.14
510177,107234,B013,SAVINGS,ACTIVE,2023-08-30,159995.8
510178,108700,B002,CURRENT,ACTIVE,2020-08-17,61388.95
510179,109653,B011,SAVINGS,ACTIVE,2021-02-11,5770.22
510180,105337,B008,SALARY,ACTIVE,2025-01-18,139343.67
510181,101813,B013,SAVINGS,ACTIVE,2025-11-07,13687.38
510182,101167,B005,SAVINGS,ACTIVE,2026-05-06,16508.44
510183,102266,B004,SAVINGS,CLOSED,2025-08-15,6590.54
510184,101041,B015,SAVINGS,BLOCKED,2020-03-24,16009.58
510185,103815,B008,SAVINGS,CLOSED,2026-01-03,39317.47
510186,105911,B020,SAVINGS,ACTIVE,2024-05-15,7769.9
510187,107577,B016,SALARY,ACTIVE,2023-09-20,23149.87
510188,106732,B010,SAVINGS,ACTIVE,2024-12-21,4945.82
510189,103303,B011,SAVINGS,ACTIVE,2024-06-02,52435.89
510190,107137,B019,SAVINGS,ACTIVE,2023-02-04,16997.08
510191,100327,B003,CURRENT,ACTIVE,2021-11-04,35489.39
510192,106536,B014,SAVINGS,ACTIVE,2022-09-28,14740.66
510193,109249,B015,SAVINGS,CLOSED,2023-10-02,33863.59
510194,106340,B003,SAVINGS,ACTIVE,2020-01-24,11394.36
510195,108309,B017,CURRENT,ACTIVE,2022-08-29,7952.98
510196,107821,B018,SAVINGS,ACTIVE,2024-10-14,30692.61
510197,101012,B009,SALARY,ACTIVE,2021-08-13,111380.01
510198,100784,B016,SAVINGS,ACTIVE,2020-11-03,4104.48
510199,107488,B002,SAVINGS,ACTIVE,2026-01-22,8106.13
510200,106511,B007,SAVINGS,ACTIVE,2020-11-19,81140.81
510201,100351,B015,SALARY,ACTIVE,2024-09-01,28164.29
510202,101831,B011,CURRENT,ACTIVE,2019-11-25,32004.86
510203,102189,B015,SAVINGS,ACTIVE,2021-01-28,278706.75
510204,101960,B004,SAVINGS,ACTIVE,2020-08-09,17680.7
510205,100103,B010,SAVINGS,ACTIVE,2022-01-07,9173.95
510206,107745,B002,CURRENT,ACTIVE,2023-10-24,10538.31
510207,103742,B011,CURRENT,ACTIVE,2026-05-14,89496.38
510208,109974,B006,SAVINGS,ACTIVE,2025-09-28,3894.08
510209,103124,B001,SAVINGS,CLOSED,2026-05-15,8726.97
510210,103200,B015,SALARY,ACTIVE,2025-03-30,16097.69
510211,106232,B011,SAVINGS,ACTIVE,2021-09-07,4852.4
510212,105164,B001,SAVINGS,ACTIVE,2025-08-19,9701.44
510213,101575,B016,SAVINGS,ACTIVE,2026-03-13,94061.24
510214,107016,B010,SAVINGS,ACTIVE,2022-01-10,8782.14
510215,103581,B004,SAVINGS,ACTIVE,2024-01-08,3429.79
510216,109483,B012,SAVINGS,ACTIVE,2020-05-14,25723.35
510217,100082,B002,CURRENT,ACTIVE,2024-12-07,2408.35
510218,106463,B011,SAVINGS,ACTIVE,2021-03-02,106365.58
510219,101079,B005,SAVINGS,ACTIVE,2025-09-24,14652.69
510220,107061,B015,SAVINGS,ACTIVE,2023-12-12,13954.01
510221,100496,B013,SALARY,ACTIVE,2020-06-02,22026.07
510222,102858,B005,SAVINGS,ACTIVE,2023-02-15,60168.76
510223,107426,B008,SALARY,ACTIVE,2023-05-02,14517.68
510224,103711,B020,SAVINGS,ACTIVE,2023-02-18,1920.73
510225,103031,B012,SAVINGS,ACTIVE,2024-12-11,9917.06
510226,108980,B010,CURRENT,ACTIVE,2024-11-12,53216.69
510227,101726,B001,SALARY,ACTIVE,2023-05-07,6860.35
510228,100420,B016,SAVINGS,ACTIVE,2024-11-04,15292.82
510229,102024,B002,CURRENT,CLOSED,2021-10-02,26528.97
510230,105557,B019,SALARY,ACTIVE,2023-06-12,10523.22
510231,105175,B016,SAVINGS,ACTIVE,2021-03-02,39202.87
510232,101364,B006,SALARY,ACTIVE,2023-04-28,11897.47
510233,102301,B005,SALARY,ACTIVE,2025-10-17,157151.78
510234,100436,B020,SAVINGS,ACTIVE,2023-09-04,79869.24
510235,106537,B002,SAVINGS,ACTIVE,2023-12-21,24251.9
510236,101421,B014,SAVINGS,ACTIVE,2023-08-23,140408.63
510237,108816,B006,SAVINGS,ACTIVE,2020-09-18,35249.31
510238,104673,B006,SAVINGS,ACTIVE,2021-05-04,37225.76
510239,105352,B003,SAVINGS,ACTIVE,2026-04-18,49433.93
510240,106122,B011,SAVINGS,ACTIVE,2024-04-25,34461.38
510241,109014,B007,SAVINGS,ACTIVE,2023-08-10,57061.78
510242,101629,B006,SAVINGS,ACTIVE,2025-10-25,35857.93
510243,104367,B003,CURRENT,ACTIVE,2025-11-23,38858.99
510244,105127,B016,SAVINGS,ACTIVE,2020-06-21,188202.33
510245,109181,B018,SAVINGS,ACTIVE,2019-01-10,144148.91
510246,109725,B016,SAVINGS,ACTIVE,2019-12-27,7446.66
510247,103643,B012,SALARY,CLOSED,2026-03-23,25439.87
510248,105377,B008,SAVINGS,ACTIVE,2021-02-02,22799.77
510249,100924,B002,CURRENT,ACTIVE,2024-08-12,3549.88
510250,100621,B014,SAVINGS,ACTIVE,2022-03-31,172207.35
510251,109552,B002,SAVINGS,ACTIVE,2023-09-04,9324.94
510252,102457,B005,SAVINGS,ACTIVE,2024-08-03,71446.01
510253,103595,B003,SAVINGS,ACTIVE,2023-06-17,5008.77
510254,100390,B007,SAVINGS,ACTIVE,2026-05-13,20151.19
510255,105375,B017,SAVINGS,BLOCKED,2020-01-31,18491.43
510256,105875,B013,SAVINGS,ACTIVE,2021-07-07,64888.46
510257,102931,B012,SAVINGS,ACTIVE,2024-08-17,30444.5
510258,108773,B006,SALARY,ACTIVE,2024-04-26,66506.9
510259,103840,B002,SAVINGS,ACTIVE,2019-12-12,31092.35
510260,107754,B014,SAVINGS,ACTIVE,2025-07-15,14100.12
510261,103277,B012,SAVINGS,ACTIVE,2023-09-18,10673.66
510262,100455,B003,SAVINGS,ACTIVE,2019-02-27,64710.01
510263,108473,B009,SAVINGS,ACTIVE,2022-05-25,8870.7
510264,107773,B014,SALARY,ACTIVE,2022-05-24,22655.2
510265,108068,B004,SAVINGS,ACTIVE,2025-02-13,7282.04
510266,105098,B006,SAVINGS,ACTIVE,2023-03-11,28771.12
510267,102555,B006,SALARY,ACTIVE,2020-07-03,47411.21
510268,108518,B009,SALARY,ACTIVE,2019-01-25,21048.91
510269,106872,B006,SAVINGS,ACTIVE,2019-10-07,3346.39
510270,103967,B012,SAVINGS,ACTIVE,2025-11-20,63679.34
510271,107100,B020,SAVINGS,ACTIVE,2020-10-22,16440.8
510272,104069,B002,SAVINGS,ACTIVE,2024-02-06,219874.16
510273,106814,B004,SAVINGS,ACTIVE,2021-01-06,43588.04
510274,109879,B012,SAVINGS,ACTIVE,2022-07-25,74323.82
510275,100632,B013,SAVINGS,ACTIVE,2025-11-30,2796.28
510276,103443,B017,SAVINGS,ACTIVE,2026-01-31,13760.04
510277,102836,B018,SAVINGS,ACTIVE,2021-11-07,52420.61
510278,101972,B019,SAVINGS,ACTIVE,2024-08-30,25978.7
510279,108921,B005,SAVINGS,ACTIVE,2023-09-11,4728.03
510280,109748,B014,SALARY,ACTIVE,2024-11-13,7488.96
510281,101361,B016,SAVINGS,ACTIVE,2022-12-18,28180.32
510282,109041,B015,SAVINGS,ACTIVE,2024-06-14,23781.11
510283,107487,B011,SALARY,ACTIVE,2022-12-13,2944.0
510284,101104,B019,SAVINGS,CLOSED,2024-07-03,153790.36
510285,109861,B015,SAVINGS,ACTIVE,2024-11-22,26682.6
510286,102158,B019,SAVINGS,ACTIVE,2025-04-09,72393.92
510287,103075,B007,SAVINGS,ACTIVE,2022-04-25,108705.08
510288,108562,B013,SAVINGS,ACTIVE,2022-11-16,12523.12
510289,105373,B012,SAVINGS,ACTIVE,2019-06-28,31643.32
510290,102193,B003,SAVINGS,ACTIVE,2019-09-13,15909.2
510291,103471,B004,SAVINGS,ACTIVE,2026-04-19,65616.17
510292,103155,B012,CURRENT,ACTIVE,2022-07-20,68983.4
510293,102473,B007,CURRENT,ACTIVE,2019-12-24,12387.58
510294,103477,B007,SAVINGS,ACTIVE,2024-03-15,12062.77
510295,107016,B006,SAVINGS,CLOSED,2020-12-23,9073.84
510296,103394,B020,SAVINGS,ACTIVE,2024-05-24,51789.31
510297,107487,B002,CURRENT,ACTIVE,2026-04-29,17536.58
510298,102316,B015,SAVINGS,ACTIVE,2021-06-17,7051.16
510299,104755,B003,CURRENT,ACTIVE,2021-10-14,42592.41
510300,101794,B013,SAVINGS,ACTIVE,2026-01-04,7386.76
510301,107178,B005,SAVINGS,ACTIVE,2021-02-15,9760.94
510302,103623,B006,SAVINGS,ACTIVE,2025-07-21,20548.5
510303,100112,B002,CURRENT,ACTIVE,2019-04-11,33243.48
510304,105085,B007,SAVINGS,ACTIVE,2022-05-05,34300.0
510305,103321,B019,SAVINGS,ACTIVE,2022-10-23,42594.78
510306,100233,B006,SAVINGS,ACTIVE,2019-06-27,8843.9
510307,104044,B010,CURRENT,ACTIVE,2023-05-25,70753.89
510308,100416,B010,SAVINGS,ACTIVE,2025-11-11,23087.97
510309,104026,B020,SAVINGS,ACTIVE,2023-09-30,57637.3
510310,105509,B009,SALARY,ACTIVE,2022-12-06,15913.69
510311,100533,B003,SAVINGS,ACTIVE,2024-09-29,4033.96
510312,101773,B011,CURRENT,ACTIVE,2024-05-07,133573.84
510313,100564,B014,SAVINGS,ACTIVE,2024-01-25,6607.55
510314,101619,B003,SAVINGS,ACTIVE,2025-03-05,11192.73
510315,108144,B004,SAVINGS,ACTIVE,2020-08-31,67683.05
510316,100655,B009,SAVINGS,ACTIVE,2024-08-28,68053.73
510317,100858,B015,SAVINGS,ACTIVE,2022-09-16,48569.64
510318,107923,B018,SAVINGS,ACTIVE,2020-07-08,2272.53
510319,101745,B013,SAVINGS,ACTIVE,2021-11-22,12687.97
510320,102857,B003,SALARY,ACTIVE,2024-10-02,18755.11
510321,105404,B001,SALARY,ACTIVE,2021-07-28,11278.76
510322,105060,B001,SAVINGS,ACTIVE,2023-12-24,9719.71
510323,100268,B015,SAVINGS,ACTIVE,2021-03-14,84277.87
510324,105244,B013,CURRENT,ACTIVE,2025-02-25,77292.07
510325,108918,B012,SALARY,ACTIVE,2024-06-08,10712.68
510326,102516,B006,SAVINGS,ACTIVE,2022-11-08,30343.49
510327,103113,B006,SALARY,ACTIVE,2023-04-02,7314.89
510328,108152,B011,SAVINGS,ACTIVE,2026-03-31,99879.46
510329,103832,B018,SAVINGS,ACTIVE,2019-12-22,10851.06
510330,109708,B003,SALARY,ACTIVE,2025-08-06,10021.99
510331,107809,B012,SALARY,ACTIVE,2019-02-09,153880.26
510332,104347,B020,CURRENT,ACTIVE,2019-12-11,47801.33
510333,107317,B019,SALARY,ACTIVE,2026-03-22,3849.09
510334,109886,B014,SAVINGS,ACTIVE,2020-11-27,17882.86
510335,106648,B015,SALARY,ACTIVE,2024-05-22,20953.88
510336,102058,B007,SAVINGS,ACTIVE,2022-04-12,3424.82
510337,109368,B019,SAVINGS,ACTIVE,2020-01-24,4404.87
510338,107620,B018,SAVINGS,ACTIVE,2020-07-02,21641.08
510339,106630,B016,SAVINGS,ACTIVE,2025-10-31,76803.12
510340,105219,B016,SAVINGS,ACTIVE,2023-12-13,105522.54
510341,107238,B004,SAVINGS,ACTIVE,2021-11-20,253195.94
510342,105441,B004,SALARY,ACTIVE,2020-12-14,34443.95
510343,105125,B005,SAVINGS,ACTIVE,2022-08-26,19105.01
510344,109087,B019,SALARY,ACTIVE,2021-12-27,48969.75
510345,104273,B011,SAVINGS,ACTIVE,2024-08-18,38715.26
510346,109549,B002,SALARY,ACTIVE,2021-10-15,10919.91
510347,100707,B016,SAVINGS,ACTIVE,2019-08-30,38356.51
510348,100025,B020,SAVINGS,ACTIVE,2025-05-05,32058.03
510349,102477,B017,SALARY,ACTIVE,2024-09-17,193839.39
510350,102378,B004,SAVINGS,ACTIVE,2023-08-26,17025.32
510351,104887,B006,SALARY,ACTIVE,2026-05-19,22565.52
510352,102938,B002,SAVINGS,ACTIVE,2024-04-11,6624.36
510353,102329,B018,SAVINGS,ACTIVE,2023-11-18,4065.7
510354,104707,B012,SALARY,ACTIVE,2025-11-30,20528.94
510355,105337,B001,SAVINGS,ACTIVE,2022-04-27,136232.57
510356,105921,B009,SAVINGS,ACTIVE,2023-10-15,18769.67
510357,104146,B009,SAVINGS,ACTIVE,2023-01-25,23376.32
510358,108514,B008,SAVINGS,ACTIVE,2019-02-15,63686.55
510359,103002,B001,SALARY,ACTIVE,2019-02-02,83818.17
510360,109883,B018,SAVINGS,ACTIVE,2025-10-12,16386.49
510361,107561,B005,SAVINGS,ACTIVE,2024-05-29,37316.88
510362,104585,B001,SAVINGS,ACTIVE,2025-08-20,19307.75
510363,106491,B020,CURRENT,ACTIVE,2022-11-04,7914.83
510364,103150,B006,CURRENT,ACTIVE,2025-11-03,6843.67
510365,107235,B015,SAVINGS,ACTIVE,2020-04-22,59520.38
510366,107606,B005,SAVINGS,BLOCKED,2021-07-12,72781.19
510367,106329,B016,SAVINGS,ACTIVE,2025-04-19,4863.18
510368,107050,B004,SALARY,CLOSED,2019-04-13,42837.53
510369,101735,B006,SALARY,ACTIVE,2025-05-04,105648.49
510370,101200,B004,SAVINGS,ACTIVE,2022-11-07,69237.03
510371,100978,B004,SALARY,ACTIVE,2019-10-01,12291.21
510372,106475,B006,SALARY,ACTIVE,2024-08-29,36149.89
510373,105195,B006,SAVINGS,ACTIVE,2022-03-16,32259.23
510374,108326,B004,SAVINGS,ACTIVE,2025-06-15,11346.12
510375,103448,B019,SAVINGS,ACTIVE,2019-10-06,119657.78
510376,100711,B005,SAVINGS,ACTIVE,2019-04-28,48210.73
510377,106592,B009,SALARY,ACTIVE,2023-11-21,293968.44
510378,105447,B012,CURRENT,ACTIVE,2022-11-17,10393.98
510379,100344,B019,SAVINGS,ACTIVE,2020-09-05,31812.13
510380,100164,B004,CURRENT,ACTIVE,2020-02-03,91750.6
510381,106808,B010,SAVINGS,ACTIVE,2024-03-17,2581.7
510382,102822,B019,SALARY,ACTIVE,2026-03-23,37040.17
510383,104192,B009,SAVINGS,ACTIVE,2019-02-10,3350.79
510384,100521,B007,SAVINGS,ACTIVE,2022-02-19,3958.19
510385,109158,B016,CURRENT,ACTIVE,2026-05-14,16594.48
510386,109675,B012,SALARY,ACTIVE,2020-11-15,75755.69
510387,104302,B009,SAVINGS,ACTIVE,2024-06-01,18001.13
510388,106034,B017,SAVINGS,ACTIVE,2024-11-02,9736.5
510389,101915,B017,SAVINGS,ACTIVE,2025-12-31,38814.76
510390,109938,B015,SAVINGS,ACTIVE,2025-12-03,52689.65
510391,109693,B015,SALARY,ACTIVE,2022-12-14,45845.95
510392,108834,B001,SAVINGS,ACTIVE,2026-05-11,4287.28
510393,102703,B009,CURRENT,ACTIVE,2022-02-02,39318.26
510394,104030,B009,SAVINGS,ACTIVE,2022-11-12,84569.39
510395,104377,B003,CURRENT,ACTIVE,2025-10-26,29492.43
510396,105187,B016,SALARY,ACTIVE,2020-09-02,46917.25
510397,102352,B007,SAVINGS,ACTIVE,2022-10-30,112815.53
510398,107145,B019,SALARY,ACTIVE,2020-09-09,8313.89
510399,103510,B002,SALARY,ACTIVE,2026-05-05,23349.15
510400,102198,B014,SAVINGS,CLOSED,2025-09-10,8138.01
510401,103820,B004,SAVINGS,ACTIVE,2024-02-23,18889.04
510402,100617,B008,SALARY,ACTIVE,2021-02-02,8956.76
510403,101162,B010,SAVINGS,ACTIVE,2021-12-13,28631.56
510404,108434,B012,SAVINGS,ACTIVE,2023-06-14,166328.36
510405,104053,B009,SAVINGS,ACTIVE,2024-01-17,19830.13
510406,106119,B016,SAVINGS,ACTIVE,2021-11-13,31704.97
510407,101847,B001,SAVINGS,ACTIVE,2020-10-01,139545.33
510408,109292,B009,CURRENT,ACTIVE,2019-10-09,11959.33
510409,104637,B008,SAVINGS,ACTIVE,2023-04-25,17560.59
510410,107072,B018,SALARY,ACTIVE,2019-07-01,25467.82
510411,100805,B019,SAVINGS,ACTIVE,2022-06-10,17129.58
510412,102805,B007,SAVINGS,ACTIVE,2026-01-29,115793.16
510413,108188,B020,SAVINGS,ACTIVE,2023-05-09,8947.2
510414,102663,B019,SALARY,ACTIVE,2019-12-11,20391.5
510415,101737,B014,SAVINGS,ACTIVE,2024-04-12,98102.8
510416,103348,B015,SAVINGS,ACTIVE,2024-07-22,31778.88
510417,100053,B016,CURRENT,ACTIVE,2019-07-14,11946.15
510418,101862,B018,SAVINGS,ACTIVE,2026-01-31,16117.32
510419,106777,B011,SAVINGS,ACTIVE,2021-09-15,42305.14
510420,104864,B020,SAVINGS,ACTIVE,2025-11-14,4668.5
510421,100472,B002,SAVINGS,ACTIVE,2025-08-06,111577.57
510422,102588,B001,CURRENT,ACTIVE,2021-03-22,28384.12
510423,107286,B007,SAVINGS,ACTIVE,2025-12-31,47059.72
510424,108613,B017,SAVINGS,ACTIVE,2022-01-27,19449.97
510425,101271,B001,SAVINGS,ACTIVE,2023-01-26,23637.19
510426,107800,B008,SAVINGS,ACTIVE,2024-02-09,34464.98
510427,107609,B012,SAVINGS,ACTIVE,2026-05-20,42400.96
510428,102120,B004,SAVINGS,ACTIVE,2024-02-27,164455.18
510429,106357,B013,SAVINGS,ACTIVE,2025-09-19,47279.87
510430,105134,B010,SAVINGS,ACTIVE,2020-07-04,43315.08
510431,109873,B020,SAVINGS,ACTIVE,2021-01-22,21609.73
510432,108951,B014,SAVINGS,ACTIVE,2019-09-25,63714.08
510433,106398,B013,SAVINGS,ACTIVE,2025-09-03,17876.3
510434,101235,B003,SAVINGS,ACTIVE,2019-11-19,45410.53
510435,107389,B014,SAVINGS,ACTIVE,2019-10-26,29643.65
510436,107922,B020,SAVINGS,ACTIVE,2020-11-19,7790.43
510437,105972,B014,SALARY,ACTIVE,2020-12-12,57211.21
510438,102437,B018,SAVINGS,ACTIVE,2024-04-10,11030.58
510439,108125,B010,SAVINGS,ACTIVE,2021-03-13,407984.97
510440,103422,B020,SAVINGS,ACTIVE,2019-08-30,43617.95
510441,107551,B009,SAVINGS,ACTIVE,2021-08-12,47214.61
510442,105553,B006,SAVINGS,ACTIVE,2024-08-16,4289.52
510443,103969,B003,CURRENT,ACTIVE,2024-06-19,230303.15
510444,108145,B010,SAVINGS,ACTIVE,2019-11-07,8337.53
510445,103405,B001,SAVINGS,ACTIVE,2024-11-21,2446.53
510446,101944,B018,SAVINGS,ACTIVE,2020-10-22,32606.07
510447,109224,B015,SAVINGS,ACTIVE,2022-10-06,3025.54
510448,109262,B012,SALARY,ACTIVE,2022-12-21,31086.25
510449,100364,B018,SAVINGS,ACTIVE,2023-05-01,19397.43
510450,104637,B017,SAVINGS,ACTIVE,2020-06-13,3647.48
510451,106674,B014,CURRENT,ACTIVE,2021-01-28,18224.45
510452,103201,B001,SAVINGS,ACTIVE,2026-03-22,32948.56
510453,101334,B016,SAVINGS,ACTIVE,2019-08-23,105338.92
510454,102144,B011,SAVINGS,ACTIVE,2019-09-30,10840.26
510455,109064,B004,SAVINGS,ACTIVE,2020-05-11,91737.52
510456,103175,B019,CURRENT,BLOCKED,2022-08-02,76433.66
510457,100788,B006,SAVINGS,ACTIVE,2020-05-11,17617.19
510458,103148,B016,SALARY,ACTIVE,2023-03-24,12359.59
510459,102948,B005,SAVINGS,ACTIVE,2023-06-17,8358.44
510460,108116,B002,SAVINGS,ACTIVE,2026-04-23,32602.94
510461,100233,B019,SAVINGS,ACTIVE,2019-04-03,14200.69
510462,104136,B016,SAVINGS,ACTIVE,2025-02-12,21284.34
510463,107609,B018,SAVINGS,ACTIVE,2024-09-02,43995.61
510464,103239,B006,SAVINGS,ACTIVE,2021-12-16,71439.87
510465,103966,B003,CURRENT,ACTIVE,2022-10-25,31702.13
510466,101531,B013,SAVINGS,ACTIVE,2021-02-14,10401.69
510467,108344,B013,SAVINGS,ACTIVE,2023-05-15,10068.39
510468,106256,B008,SAVINGS,ACTIVE,2023-06-19,6860.83
510469,106031,B012,SAVINGS,ACTIVE,2020-01-09,109724.46
510470,103809,B018,SAVINGS,ACTIVE,2019-04-02,24014.28
510471,101999,B005,SAVINGS,BLOCKED,2022-03-23,81808.7
510472,108236,B018,SAVINGS,ACTIVE,2020-11-08,136261.55
510473,102563,B019,SAVINGS,ACTIVE,2024-06-30,6801.13
510474,101478,B019,SAVINGS,ACTIVE,2020-10-05,209056.48
510475,102606,B007,SAVINGS,ACTIVE,2023-07-24,73455.16
510476,105871,B011,SAVINGS,ACTIVE,2023-07-18,65446.81
510477,103710,B009,SAVINGS,ACTIVE,2023-08-06,63953.98
510478,100617,B012,SAVINGS,ACTIVE,2024-08-13,77847.2
510479,100071,B010,SAVINGS,ACTIVE,2023-09-23,29879.6
510480,101260,B003,SALARY,CLOSED,2024-07-04,8312.89
510481,109324,B008,SAVINGS,ACTIVE,2025-02-24,30093.4
510482,109805,B013,CURRENT,ACTIVE,2021-04-06,4728.88
510483,106319,B017,SAVINGS,ACTIVE,2020-02-02,9338.05
510484,106986,B020,SAVINGS,ACTIVE,2020-05-19,8419.9
510485,108200,B013,SAVINGS,ACTIVE,2024-06-27,14676.87
510486,105241,B018,SALARY,ACTIVE,2025-03-19,16966.41
510487,106735,B012,SALARY,ACTIVE,2024-07-29,3257.04
510488,101059,B008,SAVINGS,ACTIVE,2021-01-21,11748.61
510489,100721,B012,SAVINGS,ACTIVE,2020-05-21,27994.3
510490,100133,B006,SAVINGS,ACTIVE,2025-03-11,5006.47
510491,108601,B006,SAVINGS,ACTIVE,2020-06-06,13847.91
510492,102589,B007,SAVINGS,ACTIVE,2022-12-02,38901.25
510493,101501,B018,SALARY,ACTIVE,2019-03-06,3242.93
510494,104867,B017,SAVINGS,BLOCKED,2019-09-20,14443.54
510495,100677,B009,SAVINGS,ACTIVE,2019-09-18,28763.13
510496,100753,B012,SALARY,ACTIVE,2020-08-19,85031.5
510497,101152,B006,SAVINGS,ACTIVE,2024-10-13,149245.37
510498,103559,B005,SAVINGS,CLOSED,2019-03-29,49237.9
510499,102083,B018,SAVINGS,ACTIVE,2021-07-05,183547.55
510500,102598,B013,SAVINGS,ACTIVE,2020-07-12,264004.08
510501,109979,B009,CURRENT,ACTIVE,2020-10-19,45210.3
510502,109228,B007,SAVINGS,ACTIVE,2020-10-15,13075.79
510503,101622,B014,SALARY,ACTIVE,2019-07-29,20809.99
510504,106223,B013,CURRENT,BLOCKED,2020-01-03,26983.58
510505,102316,B007,SAVINGS,ACTIVE,2023-02-15,52704.23
510506,105531,B008,SAVINGS,ACTIVE,2023-04-15,4271.62
510507,103691,B008,SAVINGS,ACTIVE,2020-03-05,19332.46
510508,104878,B016,SAVINGS,ACTIVE,2019-09-09,37111.68
510509,103248,B010,SALARY,ACTIVE,2019-08-09,39829.31
510510,101516,B010,SAVINGS,ACTIVE,2025-05-20,26819.51
510511,100662,B020,SALARY,ACTIVE,2019-07-31,7628.26
510512,103797,B011,SAVINGS,ACTIVE,2023-11-15,25948.29
510513,103079,B020,SAVINGS,ACTIVE,2023-06-29,9686.49
510514,106101,B001,SAVINGS,ACTIVE,2019-10-31,7726.37
510515,103355,B003,CURRENT,ACTIVE,2021-04-18,190532.39
510516,108422,B019,SAVINGS,ACTIVE,2019-10-18,3453.12
510517,104541,B006,SAVINGS,ACTIVE,2024-06-15,28815.83
510518,109556,B002,SAVINGS,ACTIVE,2024-08-11,60365.56
510519,104879,B003,SAVINGS,ACTIVE,2021-01-20,76334.44
510520,106694,B003,SAVINGS,ACTIVE,2019-01-08,35128.37
510521,105961,B014,SAVINGS,ACTIVE,2023-06-25,24617.33
510522,107531,B002,CURRENT,ACTIVE,2022-09-15,93611.36
510523,108110,B009,SAVINGS,ACTIVE,2020-03-21,27406.82
510524,105142,B005,SAVINGS,ACTIVE,2026-01-27,97626.08
510525,105971,B011,SAVINGS,ACTIVE,2020-02-13,104526.31
510526,101964,B009,SAVINGS,BLOCKED,2024-04-12,21616.87
510527,104058,B017,SAVINGS,ACTIVE,2021-01-21,108642.39
510528,106846,B001,SAVINGS,ACTIVE,2020-11-21,6514.02
510529,109524,B004,SAVINGS,ACTIVE,2024-12-30,67382.66
510530,107287,B007,SALARY,BLOCKED,2024-02-22,3328.73
510531,106479,B009,SAVINGS,ACTIVE,2020-05-12,91329.94
510532,102383,B016,SAVINGS,ACTIVE,2026-02-15,380234.97
510533,104933,B005,SAVINGS,ACTIVE,2025-07-19,33329.32
510534,108918,B014,SALARY,ACTIVE,2019-06-12,35788.04
510535,103130,B010,CURRENT,ACTIVE,2021-04-05,172767.89
510536,105099,B002,SAVINGS,ACTIVE,2022-04-30,24461.54
510537,100127,B020,CURRENT,ACTIVE,2022-02-12,1708.27
510538,106857,B017,SAVINGS,ACTIVE,2023-05-17,36694.88
510539,104224,B015,SALARY,ACTIVE,2025-06-21,10052.59
510540,105214,B008,SAVINGS,ACTIVE,2022-03-23,23412.47
510541,101422,B016,SAVINGS,ACTIVE,2019-02-07,8195.35
510542,105778,B017,SAVINGS,ACTIVE,2019-07-18,147284.91
510543,105447,B013,SAVINGS,ACTIVE,2021-04-07,46277.24
510544,107366,B009,SAVINGS,ACTIVE,2020-03-12,17856.03
510545,109336,B003,SALARY,ACTIVE,2025-06-24,52186.96
510546,102257,B019,SAVINGS,ACTIVE,2024-08-14,25251.22
510547,108535,B005,SAVINGS,ACTIVE,2021-10-12,149345.76
510548,107866,B018,SAVINGS,ACTIVE,2020-01-14,47125.89
510549,104042,B006,SAVINGS,ACTIVE,2025-09-22,132999.15
510550,103409,B007,SAVINGS,ACTIVE,2023-04-03,14202.67
510551,107855,B009,SAVINGS,ACTIVE,2024-09-07,34289.6
510552,105579,B013,SAVINGS,ACTIVE,2026-01-02,88205.09
510553,104714,B008,SAVINGS,ACTIVE,2021-05-14,34798.6
510554,106067,B009,SALARY,CLOSED,2025-06-02,2259.46
510555,104436,B004,SALARY,ACTIVE,2022-04-08,20571.43
510556,109326,B010,SALARY,ACTIVE,2024-02-18,9142.69
510557,107085,B014,SAVINGS,ACTIVE,2026-02-28,106004.79
510558,101771,B009,SAVINGS,ACTIVE,2019-08-08,58775.33
510559,107131,B009,SAVINGS,ACTIVE,2020-03-28,81812.3
510560,104247,B013,SAVINGS,ACTIVE,2021-02-17,10812.79
510561,103347,B015,SAVINGS,ACTIVE,2022-10-25,10345.3
510562,101060,B009,CURRENT,ACTIVE,2023-11-10,6466.45
510563,103761,B013,SAVINGS,ACTIVE,2022-12-30,19049.68
510564,104281,B014,SAVINGS,ACTIVE,2020-09-29,24356.66
510565,109697,B007,SALARY,ACTIVE,2024-05-24,78932.0
510566,107273,B007,CURRENT,ACTIVE,2023-08-13,19860.54
510567,106516,B016,CURRENT,ACTIVE,2022-10-23,9448.62
510568,103184,B018,SALARY,ACTIVE,2022-02-05,77256.47
510569,104673,B013,SAVINGS,ACTIVE,2023-04-03,9309.3
510570,106339,B019,SAVINGS,ACTIVE,2022-09-06,98156.42
510571,105871,B016,SAVINGS,CLOSED,2022-12-09,488653.08
510572,107408,B014,SAVINGS,ACTIVE,2019-12-02,15862.12
510573,106541,B016,SAVINGS,ACTIVE,2024-11-28,1616.76
510574,105491,B012,SAVINGS,ACTIVE,2025-11-18,33543.32
510575,103960,B002,SAVINGS,ACTIVE,2025-01-30,42429.95
510576,108366,B013,SALARY,ACTIVE,2025-12-18,25808.78
510577,100997,B012,SAVINGS,ACTIVE,2022-03-04,74764.44
510578,100635,B008,SAVINGS,ACTIVE,2024-01-26,25734.94
510579,105105,B016,SAVINGS,ACTIVE,2021-01-12,8882.69
510580,107191,B009,SAVINGS,ACTIVE,2022-04-01,9865.96
510581,107985,B008,SALARY,CLOSED,2025-03-17,16676.98
510582,108582,B011,SAVINGS,ACTIVE,2023-11-30,20281.31
510583,108060,B019,SAVINGS,ACTIVE,2024-02-05,15884.81
510584,107596,B007,SALARY,ACTIVE,2023-11-02,24918.08
510585,108732,B010,SAVINGS,ACTIVE,2022-12-31,7672.57
510586,104088,B006,SAVINGS,ACTIVE,2023-02-06,191445.96
510587,103696,B016,SAVINGS,ACTIVE,2024-08-28,16337.31
510588,103149,B011,CURRENT,ACTIVE,2021-10-24,8672.8
510589,103129,B004,SAVINGS,ACTIVE,2019-11-08,36385.89
510590,101757,B014,SALARY,ACTIVE,2025-01-14,14837.48
510591,102077,B020,SAVINGS,ACTIVE,2025-08-22,18253.13
510592,104108,B010,SAVINGS,ACTIVE,2025-04-13,34839.98
510593,106710,B003,SAVINGS,ACTIVE,2024-01-21,31326.3
510594,103011,B005,SAVINGS,ACTIVE,2020-06-30,6845.83
510595,105550,B011,SAVINGS,ACTIVE,2024-05-18,55866.56
510596,106457,B008,SAVINGS,ACTIVE,2022-02-15,23452.74
510597,100666,B019,SAVINGS,ACTIVE,2020-03-28,14660.16
510598,101983,B015,SAVINGS,ACTIVE,2019-03-09,143334.45
510599,100052,B004,CURRENT,ACTIVE,2021-04-22,47874.75
510600,100054,B016,SAVINGS,ACTIVE,2023-04-14,8464.01
510601,100813,B012,SALARY,ACTIVE,2025-04-27,14318.5
510602,107709,B016,SAVINGS,ACTIVE,2022-04-08,15251.15
510603,109335,B015,SAVINGS,ACTIVE,2023-02-17,73738.6
510604,107558,B014,SALARY,ACTIVE,2024-02-25,12604.79
510605,100088,B011,SAVINGS,ACTIVE,2025-01-15,14032.9
510606,102438,B005,SAVINGS,ACTIVE,2019-01-27,8295.87
510607,107718,B008,SAVINGS,ACTIVE,2022-12-18,61981.43
510608,106440,B009,SAVINGS,ACTIVE,2020-07-20,20379.51
510609,103688,B005,SAVINGS,ACTIVE,2021-05-09,8624.88
510610,107968,B012,SAVINGS,ACTIVE,2024-09-03,3053.83
510611,100836,B002,SAVINGS,ACTIVE,2021-07-13,19016.95
510612,103568,B020,SAVINGS,ACTIVE,2021-11-12,11043.21
510613,105363,B005,CURRENT,ACTIVE,2024-08-25,18077.31
510614,105318,B004,CURRENT,ACTIVE,2022-12-14,93313.3
510615,105582,B016,SAVINGS,ACTIVE,2023-05-02,139469.53
510616,102798,B013,SALARY,ACTIVE,2022-01-25,9393.68
510617,109221,B002,SAVINGS,ACTIVE,2019-04-14,9054.79
510618,102898,B009,SAVINGS,ACTIVE,2019-05-27,27365.47
510619,105749,B017,SAVINGS,ACTIVE,2021-05-14,53335.87
510620,104043,B009,SALARY,BLOCKED,2019-05-19,67012.74
510621,105755,B013,SAVINGS,ACTIVE,2021-01-11,161192.07
510622,105711,B016,SAVINGS,ACTIVE,2026-02-22,30850.87
510623,105482,B019,SALARY,ACTIVE,2025-04-16,23156.73
510624,107439,B014,SAVINGS,ACTIVE,2019-07-15,15487.1
510625,106877,B013,SAVINGS,ACTIVE,2025-10-28,10248.19
510626,103201,B011,SAVINGS,ACTIVE,2024-07-04,42960.18
510627,107910,B010,SALARY,ACTIVE,2023-02-28,270517.19
510628,104454,B002,SALARY,ACTIVE,2020-02-08,29051.0
510629,100936,B006,SAVINGS,ACTIVE,2023-04-25,247764.64
510630,109629,B002,SALARY,ACTIVE,2020-11-19,108325.13
510631,101387,B006,SAVINGS,ACTIVE,2022-10-28,2435.27
510632,109195,B011,SAVINGS,ACTIVE,2020-12-07,56098.79
510633,100618,B018,SAVINGS,ACTIVE,2024-05-21,2928.34
510634,101108,B017,SAVINGS,ACTIVE,2022-10-10,60000.27
510635,109562,B002,SAVINGS,ACTIVE,2023-11-08,15016.88
510636,107456,B010,CURRENT,ACTIVE,2024-12-28,29391.89
510637,105818,B007,SAVINGS,CLOSED,2025-04-20,11107.11
510638,106197,B012,SAVINGS,ACTIVE,2023-08-28,50752.45
510639,109785,B002,CURRENT,ACTIVE,2020-05-11,299394.03
510640,106240,B020,SAVINGS,ACTIVE,2022-01-09,411564.87
510641,101515,B006,SAVINGS,ACTIVE,2020-12-15,10793.09
510642,106329,B005,SAVINGS,CLOSED,2020-10-29,24846.13
510643,107330,B014,SAVINGS,ACTIVE,2024-09-19,83727.33
510644,104369,B011,SAVINGS,ACTIVE,2022-03-19,32738.47
510645,103125,B010,SAVINGS,ACTIVE,2025-12-06,15628.58
510646,108223,B016,SAVINGS,ACTIVE,2026-05-14,79368.48
510647,101820,B002,SAVINGS,ACTIVE,2022-05-21,17254.84
510648,106518,B020,SAVINGS,ACTIVE,2021-02-23,41480.64
510649,108068,B002,SALARY,ACTIVE,2019-12-28,59169.73
510650,107181,B017,SAVINGS,ACTIVE,2020-02-20,35319.76
510651,101660,B012,SAVINGS,ACTIVE,2023-04-01,11767.31
510652,108287,B011,SAVINGS,ACTIVE,2023-04-14,27460.49
510653,105998,B011,SAVINGS,ACTIVE,2019-12-05,57047.82
510654,104322,B013,SAVINGS,ACTIVE,2019-10-17,20180.29
510655,101867,B004,SAVINGS,ACTIVE,2019-09-10,38059.75
510656,101173,B017,SALARY,BLOCKED,2022-05-14,54230.44
510657,103373,B011,SAVINGS,ACTIVE,2023-07-04,72160.8
510658,101032,B008,SALARY,ACTIVE,2019-02-08,24725.45
510659,100874,B006,CURRENT,ACTIVE,2019-10-27,11851.76
510660,106436,B016,SAVINGS,ACTIVE,2019-04-18,41870.22
510661,109367,B017,SAVINGS,ACTIVE,2020-12-16,19386.15
510662,104979,B011,SAVINGS,ACTIVE,2019-01-30,8052.36
510663,109768,B005,SAVINGS,ACTIVE,2020-09-29,5482.39
510664,108074,B007,SAVINGS,ACTIVE,2020-07-11,41111.72
510665,101502,B016,SALARY,ACTIVE,2026-03-27,5981.98
510666,100453,B009,CURRENT,ACTIVE,2022-11-15,124894.3
510667,103594,B007,SAVINGS,ACTIVE,2020-08-17,14340.72
510668,100555,B019,SAVINGS,ACTIVE,2019-11-12,4395.09
510669,101255,B017,SAVINGS,ACTIVE,2024-02-10,151985.16
510670,107679,B012,SAVINGS,ACTIVE,2025-03-26,22719.54
510671,101162,B001,SAVINGS,BLOCKED,2023-02-04,32841.02
510672,109943,B019,SAVINGS,ACTIVE,2022-11-26,9476.98
510673,102293,B019,CURRENT,ACTIVE,2020-05-15,97220.86
510674,108475,B019,SALARY,ACTIVE,2021-02-16,21268.35
510675,100771,B003,SAVINGS,ACTIVE,2022-03-31,2926.17
510676,104191,B014,SAVINGS,ACTIVE,2019-04-27,19677.35
510677,101307,B013,SAVINGS,ACTIVE,2019-08-27,53444.38
510678,108759,B002,SAVINGS,ACTIVE,2022-06-09,11281.43
510679,100700,B003,SAVINGS,ACTIVE,2020-01-31,5428.01
510680,100365,B019,SAVINGS,ACTIVE,2019-02-15,20108.14
510681,109843,B003,SAVINGS,ACTIVE,2024-05-19,231988.64
510682,107327,B016,SAVINGS,ACTIVE,2023-10-23,126495.57
510683,108197,B018,SAVINGS,ACTIVE,2022-07-25,110473.97
510684,101734,B009,SALARY,ACTIVE,2025-04-28,84033.98
510685,105481,B009,SAVINGS,ACTIVE,2024-11-25,22287.12
510686,102843,B010,SAVINGS,ACTIVE,2019-10-07,14740.43
510687,100212,B011,SAVINGS,ACTIVE,2023-06-07,36330.84
510688,103489,B001,SAVINGS,ACTIVE,2019-12-09,65584.22
510689,105878,B002,SALARY,ACTIVE,2026-03-09,6921.51
510690,101783,B018,SAVINGS,ACTIVE,2023-05-29,21401.02
510691,108815,B008,SAVINGS,ACTIVE,2025-11-12,125369.72
510692,105031,B019,SAVINGS,CLOSED,2022-07-21,59227.19
510693,109833,B002,SAVINGS,ACTIVE,2022-12-05,80007.76
510694,104259,B003,SALARY,ACTIVE,2021-07-26,1745.11
510695,103220,B009,SALARY,ACTIVE,2023-03-20,36151.31
510696,105311,B016,SALARY,ACTIVE,2019-09-26,30469.45
510697,102269,B003,CURRENT,ACTIVE,2020-06-18,7200.13
510698,103685,B011,SAVINGS,ACTIVE,2023-06-29,41890.76
510699,101448,B006,SAVINGS,ACTIVE,2020-04-14,104668.53
510700,100926,B004,SAVINGS,ACTIVE,2020-02-22,19795.01
510701,109870,B006,SAVINGS,ACTIVE,2023-11-09,46927.71
510702,108058,B014,CURRENT,ACTIVE,2022-08-01,16855.26
510703,107577,B018,SAVINGS,ACTIVE,2019-07-01,39719.34
510704,108072,B016,SAVINGS,ACTIVE,2023-02-28,3181.35
510705,107111,B002,SAVINGS,ACTIVE,2022-08-20,11063.67
510706,107234,B011,CURRENT,ACTIVE,2025-02-01,11780.01
510707,101662,B005,SAVINGS,ACTIVE,2020-11-26,20915.06
510708,106584,B004,SALARY,ACTIVE,2025-08-20,8733.53
510709,104890,B015,SAVINGS,ACTIVE,2021-10-06,60238.84
510710,104771,B020,SAVINGS,ACTIVE,2024-04-07,105948.45
510711,107847,B004,SAVINGS,ACTIVE,2021-05-28,45795.72
510712,107412,B010,SAVINGS,ACTIVE,2025-11-18,39659.37
510713,105729,B019,SALARY,ACTIVE,2020-09-08,31718.51
510714,108687,B019,SAVINGS,ACTIVE,2025-05-02,100962.44
510715,100089,B004,CURRENT,ACTIVE,2021-09-07,7199.46
510716,107572,B008,SAVINGS,ACTIVE,2020-11-21,2432.82
510717,108410,B006,SALARY,ACTIVE,2021-04-18,6635.82
510718,102551,B012,SAVINGS,ACTIVE,2023-12-10,13812.49
510719,103702,B019,SALARY,ACTIVE,2022-09-03,31815.5
510720,102029,B011,SALARY,ACTIVE,2025-11-13,63769.34
510721,102573,B017,SALARY,BLOCKED,2022-07-30,21559.37
510722,105661,B004,SAVINGS,ACTIVE,2026-03-12,11063.24
510723,107100,B016,SALARY,ACTIVE,2019-05-25,23795.08
510724,103949,B019,SAVINGS,BLOCKED,2021-08-15,75740.74
510725,104500,B012,SAVINGS,ACTIVE,2019-12-06,21546.88
510726,103468,B013,SAVINGS,ACTIVE,2019-11-17,14806.83
510727,101010,B001,SAVINGS,ACTIVE,2023-10-27,81580.33
510728,109362,B017,SAVINGS,BLOCKED,2022-07-11,232820.28
510729,102883,B007,SAVINGS,ACTIVE,2020-01-08,35277.64
510730,107378,B001,SAVINGS,ACTIVE,2025-06-21,10968.51
510731,108235,B013,SAVINGS,ACTIVE,2023-08-13,10995.1
510732,105013,B002,SAVINGS,ACTIVE,2023-06-09,161449.2
510733,104578,B015,SALARY,CLOSED,2019-07-28,60929.81
510734,103439,B009,SAVINGS,ACTIVE,2023-03-26,43011.4
510735,107610,B013,SAVINGS,CLOSED,2023-07-24,46844.91
510736,102636,B020,SAVINGS,ACTIVE,2019-05-18,17238.34
510737,101517,B011,SAVINGS,ACTIVE,2023-01-02,66140.73
510738,109969,B018,SAVINGS,ACTIVE,2022-10-27,88756.48
510739,105432,B012,SAVINGS,ACTIVE,2019-01-19,32949.69
510740,102971,B017,SAVINGS,ACTIVE,2023-10-10,16988.53
510741,100176,B009,SAVINGS,ACTIVE,2021-09-24,21713.47
510742,108462,B016,SAVINGS,ACTIVE,2021-08-14,25439.14
510743,102030,B007,SAVINGS,ACTIVE,2021-12-25,82018.15
510744,101320,B013,SAVINGS,ACTIVE,2022-07-15,74649.09
510745,100998,B019,SAVINGS,ACTIVE,2023-11-29,36243.13
510746,107656,B014,SAVINGS,ACTIVE,2019-11-04,40915.83
510747,108409,B005,SAVINGS,ACTIVE,2020-05-10,28767.99
510748,104922,B008,SAVINGS,ACTIVE,2024-01-06,1624.86
510749,106649,B003,SAVINGS,ACTIVE,2024-04-28,13049.46
510750,104524,B018,SAVINGS,ACTIVE,2025-09-07,22064.65
510751,103332,B015,SAVINGS,ACTIVE,2022-04-12,30157.0
510752,108092,B007,SALARY,ACTIVE,2022-05-02,3328.05
510753,109834,B020,SAVINGS,ACTIVE,2021-02-16,96584.57
510754,100545,B008,CURRENT,ACTIVE,2021-12-25,8635.07
510755,106067,B014,SAVINGS,ACTIVE,2020-07-05,50688.86
510756,100089,B004,SALARY,ACTIVE,2020-04-23,18822.23
510757,100955,B011,SALARY,ACTIVE,2022-12-11,42588.82
510758,101054,B001,CURRENT,ACTIVE,2020-12-31,4932.66
510759,103540,B017,SALARY,ACTIVE,2021-07-21,14158.86
510760,100463,B005,SAVINGS,BLOCKED,2025-10-07,111891.29
510761,102161,B003,SAVINGS,ACTIVE,2024-04-25,14657.98
510762,109310,B003,CURRENT,ACTIVE,2026-01-11,5597.49
510763,103051,B004,SAVINGS,ACTIVE,2021-11-04,33180.16
510764,101185,B011,SAVINGS,ACTIVE,2024-10-09,24963.3
510765,103925,B010,SAVINGS,ACTIVE,2020-08-15,14407.93
510766,107872,B007,SAVINGS,ACTIVE,2021-04-15,63642.86
510767,107234,B017,SAVINGS,ACTIVE,2021-12-26,13708.16
510768,107560,B008,SAVINGS,ACTIVE,2021-05-28,10925.38
510769,101851,B020,SAVINGS,ACTIVE,2023-09-05,55074.59
510770,100012,B010,SAVINGS,ACTIVE,2022-06-08,13381.09
510771,102669,B016,SALARY,ACTIVE,2024-05-31,10943.12
510772,102794,B007,SAVINGS,ACTIVE,2023-11-25,644482.39
510773,108655,B012,SAVINGS,ACTIVE,2024-08-20,72710.39
510774,108075,B004,SALARY,ACTIVE,2023-09-13,179660.25
510775,108341,B009,SAVINGS,ACTIVE,2021-01-31,26358.06
510776,106511,B003,SAVINGS,ACTIVE,2022-11-30,13203.01
510777,106294,B014,SAVINGS,ACTIVE,2025-10-02,7129.6
510778,107752,B018,SALARY,ACTIVE,2019-06-05,21873.96
510779,108990,B013,CURRENT,ACTIVE,2023-12-13,3130.29
510780,108298,B007,SAVINGS,ACTIVE,2020-06-17,2574.72
510781,102877,B005,SAVINGS,ACTIVE,2021-01-06,15952.0
510782,100314,B008,SAVINGS,ACTIVE,2026-03-02,19333.22
510783,105496,B009,SAVINGS,ACTIVE,2022-01-22,19308.75
510784,106717,B017,SAVINGS,ACTIVE,2025-09-30,51199.76
510785,100437,B013,SALARY,ACTIVE,2019-11-16,12852.47
510786,100343,B008,CURRENT,ACTIVE,2025-04-15,49366.11
510787,108843,B007,SAVINGS,ACTIVE,2020-11-30,27906.42
510788,109285,B016,SAVINGS,ACTIVE,2021-03-30,19294.98
510789,107635,B016,SALARY,ACTIVE,2025-09-04,7234.17
510790,104272,B005,SAVINGS,ACTIVE,2023-01-22,289529.11
510791,100622,B010,SAVINGS,ACTIVE,2023-02-06,162294.7
510792,103194,B002,SAVINGS,ACTIVE,2023-05-05,19247.14
510793,109174,B016,SAVINGS,ACTIVE,2024-08-24,94778.9
510794,101733,B016,SAVINGS,ACTIVE,2022-11-13,50301.3
510795,104424,B006,SAVINGS,ACTIVE,2020-03-01,79019.85
510796,106776,B012,SAVINGS,ACTIVE,2019-09-10,13398.98
510797,109371,B003,SAVINGS,ACTIVE,2022-06-02,121432.7
510798,108198,B003,SAVINGS,ACTIVE,2024-08-14,5362.73
510799,101313,B012,SAVINGS,ACTIVE,2021-08-28,2885.01
510800,101085,B010,SAVINGS,CLOSED,2023-10-03,19965.91
510801,105119,B002,SAVINGS,ACTIVE,2019-08-13,13702.55
510802,109822,B016,SALARY,ACTIVE,2024-12-14,52692.53
510803,104063,B008,SAVINGS,ACTIVE,2021-10-23,4179.54
510804,100807,B020,SAVINGS,ACTIVE,2020-06-12,32506.46
510805,109661,B019,SAVINGS,ACTIVE,2025-02-04,13200.21
510806,107841,B008,SALARY,ACTIVE,2021-07-15,142348.05
510807,104765,B002,SALARY,ACTIVE,2026-04-13,4842.18
510808,100687,B009,CURRENT,ACTIVE,2024-12-10,136359.96
510809,102437,B008,SAVINGS,ACTIVE,2023-03-23,97553.32
510810,102082,B016,SAVINGS,ACTIVE,2019-03-26,24257.96
510811,101132,B016,SAVINGS,ACTIVE,2025-10-24,47220.82
510812,101578,B002,SAVINGS,BLOCKED,2021-05-01,65787.96
510813,103197,B003,SAVINGS,ACTIVE,2024-03-15,25261.52
510814,101693,B012,SAVINGS,ACTIVE,2024-01-21,73395.78
510815,101840,B005,CURRENT,ACTIVE,2023-03-20,16004.39
510816,108576,B011,SAVINGS,ACTIVE,2019-09-09,74693.1
510817,105301,B003,SAVINGS,ACTIVE,2022-11-28,16761.45
510818,106631,B004,SALARY,ACTIVE,2025-01-14,19892.32
510819,104707,B010,SAVINGS,ACTIVE,2023-12-05,66671.24
510820,109719,B010,SAVINGS,ACTIVE,2024-10-25,6743.46
510821,107708,B015,SAVINGS,ACTIVE,2024-10-29,121579.5
510822,102225,B020,SALARY,ACTIVE,2019-08-07,20642.44
510823,101664,B018,SAVINGS,ACTIVE,2021-08-17,46812.88
510824,101902,B016,CURRENT,ACTIVE,2022-11-02,27857.83
510825,105591,B002,SAVINGS,ACTIVE,2026-04-23,50088.51
510826,101652,B010,CURRENT,ACTIVE,2024-08-29,16190.48
510827,102617,B007,CURRENT,ACTIVE,2023-03-16,42395.08
510828,108344,B016,SAVINGS,ACTIVE,2024-01-18,17108.9
510829,107181,B020,SAVINGS,ACTIVE,2020-04-18,523994.71
510830,103317,B007,SALARY,ACTIVE,2023-10-29,11833.12
510831,108309,B020,SAVINGS,ACTIVE,2022-10-24,70191.76
510832,105985,B003,SAVINGS,ACTIVE,2019-05-30,9242.64
510833,108055,B001,SAVINGS,ACTIVE,2024-10-10,8019.09
510834,103471,B008,SAVINGS,CLOSED,2025-10-02,53458.17
510835,105633,B018,CURRENT,CLOSED,2022-12-30,766.7
510836,105406,B004,SAVINGS,ACTIVE,2022-10-13,6814.36
510837,102700,B007,SAVINGS,ACTIVE,2019-04-05,8874.02
510838,106898,B010,SALARY,ACTIVE,2024-07-22,48440.19
510839,103278,B012,CURRENT,ACTIVE,2021-10-24,18760.7
510840,101185,B020,SAVINGS,ACTIVE,2023-12-18,4289.77
510841,106905,B014,SAVINGS,ACTIVE,2024-01-13,20417.24
510842,109035,B016,SAVINGS,ACTIVE,2019-09-05,22007.94
510843,108727,B016,SAVINGS,ACTIVE,2025-02-17,40769.99
510844,103086,B014,CURRENT,ACTIVE,2025-07-10,3699.17
510845,105374,B015,SAVINGS,ACTIVE,2020-11-27,24812.57
510846,101646,B008,SAVINGS,ACTIVE,2026-05-08,30116.69
510847,105516,B005,SALARY,ACTIVE,2020-03-06,37475.21
510848,107876,B004,SAVINGS,ACTIVE,2019-08-14,49009.6
510849,108413,B012,SAVINGS,ACTIVE,2019-09-21,40353.91
510850,109965,B014,SAVINGS,ACTIVE,2020-05-04,76384.47
510851,107062,B013,SAVINGS,ACTIVE,2024-11-25,98587.42
510852,103319,B003,SAVINGS,ACTIVE,2021-09-09,6272.42
510853,101607,B015,SAVINGS,ACTIVE,2023-06-07,35582.81
510854,104117,B011,CURRENT,ACTIVE,2022-09-27,54019.95
510855,104872,B005,SAVINGS,ACTIVE,2019-07-30,16269.7
510856,101875,B017,SAVINGS,ACTIVE,2023-07-30,16757.05
510857,106262,B020,SAVINGS,ACTIVE,2026-03-11,369331.91
510858,100235,B018,SAVINGS,ACTIVE,2024-01-01,20531.47
510859,101845,B005,SAVINGS,ACTIVE,2022-12-11,86307.2
510860,101342,B010,SAVINGS,ACTIVE,2023-02-22,97033.05
510861,102311,B006,SAVINGS,BLOCKED,2026-03-07,117780.99
510862,109562,B001,SAVINGS,ACTIVE,2019-11-02,124678.67
510863,109720,B011,CURRENT,ACTIVE,2021-05-06,33521.24
510864,108840,B019,CURRENT,ACTIVE,2023-04-17,29716.89
510865,109681,B002,SAVINGS,ACTIVE,2023-05-07,25188.41
510866,107979,B011,SAVINGS,ACTIVE,2021-11-16,35291.75
510867,102639,B008,SAVINGS,ACTIVE,2024-11-24,26922.56
510868,109406,B014,SAVINGS,ACTIVE,2019-04-28,22554.82
510869,109659,B003,SALARY,ACTIVE,2022-10-22,5818.04
510870,106322,B020,SAVINGS,ACTIVE,2020-05-23,59410.27
510871,104433,B004,SAVINGS,ACTIVE,2023-01-10,13214.17
510872,103939,B003,SAVINGS,ACTIVE,2021-12-13,33470.94
510873,101269,B007,SAVINGS,ACTIVE,2024-05-16,15565.75
510874,102610,B017,SALARY,ACTIVE,2020-11-05,7945.13
510875,101756,B016,SAVINGS,ACTIVE,2023-03-02,10852.98
510876,107581,B019,CURRENT,ACTIVE,2024-11-07,84659.24
510877,100581,B015,SAVINGS,ACTIVE,2021-08-11,5398.01
510878,106896,B003,SAVINGS,ACTIVE,2022-10-21,23227.93
510879,106304,B006,CURRENT,ACTIVE,2023-10-22,51585.86
510880,104886,B020,SAVINGS,ACTIVE,2020-12-02,16625.94
510881,101974,B006,SAVINGS,ACTIVE,2020-01-26,13825.32
510882,106227,B020,SAVINGS,ACTIVE,2021-01-29,17627.66
510883,105403,B010,SALARY,ACTIVE,2023-04-20,12659.74
510884,106431,B005,SAVINGS,CLOSED,2022-11-15,6233.06
510885,102793,B002,SAVINGS,ACTIVE,2021-12-21,23436.35
510886,104416,B012,SAVINGS,ACTIVE,2021-09-09,3290.77
510887,105811,B020,SAVINGS,ACTIVE,2022-12-06,22728.91
510888,102055,B009,SALARY,ACTIVE,2023-10-14,69660.19
510889,109889,B009,SALARY,ACTIVE,2025-02-14,26334.97
510890,102183,B016,CURRENT,ACTIVE,2024-03-24,43076.64
510891,101249,B006,CURRENT,ACTIVE,2025-04-05,27434.59
510892,101278,B020,SAVINGS,ACTIVE,2021-07-05,18210.35
510893,100443,B015,SAVINGS,ACTIVE,2020-10-29,21474.11
510894,101305,B020,SAVINGS,ACTIVE,2023-09-04,86957.52
510895,108577,B003,SAVINGS,ACTIVE,2019-02-11,56913.08
510896,103970,B012,SALARY,ACTIVE,2024-09-11,47419.32
510897,105024,B004,SALARY,ACTIVE,2022-08-26,113143.66
510898,102206,B015,SAVINGS,ACTIVE,2019-08-24,77677.43
510899,105932,B004,SAVINGS,ACTIVE,2024-07-24,14073.08
510900,100469,B020,SALARY,ACTIVE,2023-04-01,12692.49
510901,102969,B010,CURRENT,ACTIVE,2020-12-06,52507.21
510902,103420,B001,SAVINGS,ACTIVE,2024-11-29,38310.97
510903,104813,B018,SAVINGS,ACTIVE,2020-01-04,82070.75
510904,101310,B003,SAVINGS,ACTIVE,2024-06-08,28341.41
510905,104906,B009,SAVINGS,ACTIVE,2025-09-27,43720.81
510906,107044,B009,SAVINGS,ACTIVE,2025-12-25,108154.39
510907,109715,B004,CURRENT,ACTIVE,2025-06-06,6957.1
510908,105045,B016,SAVINGS,ACTIVE,2020-08-02,18030.84
510909,107729,B014,SAVINGS,ACTIVE,2024-06-10,87172.63
510910,100357,B007,CURRENT,ACTIVE,2022-05-19,25696.96
510911,101261,B002,CURRENT,ACTIVE,2025-04-23,36048.54
510912,101623,B009,SAVINGS,ACTIVE,2022-11-05,15407.86
510913,101427,B009,SAVINGS,ACTIVE,2021-06-02,44435.38
510914,100227,B019,SALARY,ACTIVE,2020-02-19,26952.27
510915,108354,B004,SALARY,ACTIVE,2021-03-27,17153.2
510916,102560,B001,SAVINGS,ACTIVE,2020-06-26,53518.11
510917,101469,B004,SALARY,ACTIVE,2025-11-09,13462.16
510918,101636,B005,SAVINGS,ACTIVE,2024-04-07,48135.08
510919,109530,B006,SAVINGS,ACTIVE,2026-03-03,42613.6
510920,101027,B020,SAVINGS,BLOCKED,2025-02-01,37439.81
510921,100404,B004,CURRENT,ACTIVE,2022-10-27,70173.81
510922,102003,B005,SAVINGS,ACTIVE,2019-10-02,328588.17
510923,106854,B013,SALARY,ACTIVE,2020-01-07,7648.62
510924,106874,B015,SALARY,ACTIVE,2020-09-28,11621.5
510925,101823,B015,SAVINGS,ACTIVE,2024-05-08,19807.92
510926,100221,B002,SAVINGS,ACTIVE,2024-04-27,14826.98
510927,105548,B019,CURRENT,ACTIVE,2024-10-18,6365.85
510928,101759,B002,SALARY,ACTIVE,2019-03-20,9614.82
510929,103680,B018,CURRENT,ACTIVE,2024-10-20,148457.54
510930,105389,B007,SAVINGS,ACTIVE,2021-05-17,9549.2
510931,108624,B015,SAVINGS,ACTIVE,2022-08-16,60886.8
510932,103111,B012,SAVINGS,BLOCKED,2025-03-05,15377.55
510933,100835,B001,SAVINGS,ACTIVE,2021-06-29,31817.48
510934,104711,B014,SAVINGS,ACTIVE,2024-09-04,17082.14
510935,103312,B018,SAVINGS,ACTIVE,2021-02-14,14434.35
510936,109876,B006,SAVINGS,ACTIVE,2021-11-18,19960.91
510937,102860,B017,SAVINGS,ACTIVE,2021-11-28,113527.23
510938,102696,B009,SAVINGS,ACTIVE,2020-06-01,23879.07
510939,102135,B020,CURRENT,ACTIVE,2025-01-15,24931.61
510940,108652,B020,SALARY,ACTIVE,2023-03-19,37197.75
510941,100297,B006,SAVINGS,ACTIVE,2021-10-05,150486.91
510942,100072,B003,CURRENT,ACTIVE,2021-04-11,20209.71
510943,100573,B003,SAVINGS,ACTIVE,2026-02-15,14697.41
510944,103643,B001,SAVINGS,ACTIVE,2023-01-02,14142.28
510945,105856,B004,SALARY,ACTIVE,2022-11-12,37872.77
510946,102808,B010,SALARY,ACTIVE,2020-02-11,8997.53
510947,106627,B016,SAVINGS,ACTIVE,2021-11-24,7512.81
510948,106545,B020,SALARY,ACTIVE,2020-06-08,16098.48
510949,100008,B003,CURRENT,ACTIVE,2019-05-12,33240.42
510950,109787,B018,SAVINGS,ACTIVE,2024-01-10,9230.35
510951,101366,B013,SAVINGS,ACTIVE,2021-11-27,92611.07
510952,105983,B006,SAVINGS,ACTIVE,2023-05-07,57306.32
510953,102247,B001,SAVINGS,ACTIVE,2019-09-18,34203.21
510954,105154,B003,SAVINGS,ACTIVE,2022-01-23,74692.89
510955,103200,B001,SAVINGS,ACTIVE,2024-12-04,28771.62
510956,107180,B010,SAVINGS,ACTIVE,2025-09-17,175610.9
510957,109061,B020,SAVINGS,ACTIVE,2023-10-04,8442.7
510958,100052,B020,SAVINGS,BLOCKED,2022-04-12,3939.65
510959,108256,B001,SALARY,ACTIVE,2026-01-28,6368.55
510960,107593,B016,SAVINGS,ACTIVE,2020-05-12,35520.76
510961,105554,B018,SAVINGS,ACTIVE,2022-09-03,62627.76
510962,101015,B017,CURRENT,ACTIVE,2025-03-13,76654.76
510963,106988,B006,SAVINGS,ACTIVE,2024-06-14,201061.34
510964,109253,B007,SAVINGS,ACTIVE,2026-01-07,15239.87
510965,106760,B005,SAVINGS,ACTIVE,2023-02-02,34794.4
510966,109027,B007,SALARY,ACTIVE,2025-05-10,2269.7
510967,109692,B003,CURRENT,ACTIVE,2021-03-29,8529.74
510968,103702,B001,SAVINGS,ACTIVE,2024-08-23,74487.12
510969,109597,B014,SAVINGS,ACTIVE,2022-01-31,19027.28
510970,100064,B011,SAVINGS,CLOSED,2025-11-27,27403.15
510971,107710,B003,SAVINGS,ACTIVE,2020-05-31,13591.52
510972,102648,B010,SAVINGS,CLOSED,2021-01-20,13761.13
510973,102478,B015,SAVINGS,ACTIVE,2025-04-25,17577.47
510974,108124,B005,SAVINGS,ACTIVE,2020-02-18,127180.93
510975,109008,B017,SALARY,ACTIVE,2023-10-10,142001.81
510976,103416,B003,CURRENT,ACTIVE,2024-07-03,13738.66
510977,102810,B016,CURRENT,ACTIVE,2026-04-26,83280.76
510978,104065,B013,CURRENT,ACTIVE,2025-04-04,115199.75
510979,104953,B008,SAVINGS,ACTIVE,2025-12-28,18753.0
510980,106629,B010,SAVINGS,ACTIVE,2026-04-21,4932.53
510981,105831,B018,SAVINGS,CLOSED,2025-09-20,111771.51
510982,102815,B014,SAVINGS,ACTIVE,2022-03-23,7098.54
510983,106566,B011,SAVINGS,ACTIVE,2023-02-01,4829.84
510984,106308,B004,SAVINGS,BLOCKED,2021-07-20,45290.52
510985,107137,B011,SAVINGS,ACTIVE,2021-06-18,14538.18
510986,104453,B002,SAVINGS,CLOSED,2023-12-27,113180.6
510987,105446,B001,CURRENT,ACTIVE,2020-05-12,7068.09
510988,109995,B004,SALARY,ACTIVE,2020-04-14,16654.66
510989,105152,B006,SAVINGS,ACTIVE,2024-05-07,23368.5
510990,109686,B015,SAVINGS,ACTIVE,2019-01-08,99507.58
510991,104247,B006,SAVINGS,ACTIVE,2019-07-03,11513.17
510992,105098,B001,SAVINGS,ACTIVE,2022-11-12,19948.55
510993,100682,B012,SAVINGS,ACTIVE,2024-03-13,844.05
510994,104157,B014,SAVINGS,ACTIVE,2023-09-12,26566.01
510995,101355,B016,SAVINGS,ACTIVE,2022-03-30,2199.26
510996,100211,B009,SAVINGS,ACTIVE,2022-09-23,111654.81
510997,103885,B013,SAVINGS,ACTIVE,2026-02-25,31265.99
510998,103349,B018,SAVINGS,ACTIVE,2020-05-31,163479.78
510999,103356,B020,SAVINGS,ACTIVE,2021-03-31,14139.22
511000,107276,B011,SAVINGS,ACTIVE,2023-09-11,30624.59
511001,100984,B009,SAVINGS,ACTIVE,2021-06-26,6591.44
511002,107671,B016,SALARY,ACTIVE,2020-10-15,23262.67
511003,104066,B017,SAVINGS,ACTIVE,2022-03-06,35482.61
511004,101633,B012,SAVINGS,ACTIVE,2022-01-12,20703.23
511005,101373,B020,SAVINGS,ACTIVE,2023-11-15,61459.52
511006,109011,B012,SAVINGS,ACTIVE,2021-04-04,8814.12
511007,103104,B005,SAVINGS,ACTIVE,2022-10-27,253982.85
511008,101632,B005,SALARY,ACTIVE,2020-01-05,39998.83
511009,103735,B002,SAVINGS,ACTIVE,2024-11-27,5868.57
511010,108694,B008,SAVINGS,ACTIVE,2025-03-29,26079.27
511011,103649,B004,SALARY,ACTIVE,2022-01-26,13983.02
511012,104177,B017,SAVINGS,ACTIVE,2023-06-30,47167.79
511013,108612,B003,SAVINGS,ACTIVE,2024-05-27,4203.06
511014,102357,B020,SAVINGS,ACTIVE,2023-10-17,24480.33
511015,109561,B019,SAVINGS,ACTIVE,2025-10-24,204268.7
511016,107084,B008,SAVINGS,CLOSED,2026-02-12,38453.94
511017,100478,B008,SAVINGS,ACTIVE,2023-02-15,3450.01
511018,108587,B011,SAVINGS,ACTIVE,2019-05-08,32664.38
511019,106215,B001,SAVINGS,ACTIVE,2020-07-01,20946.77
511020,109637,B006,SAVINGS,ACTIVE,2020-09-02,64094.14
511021,105592,B012,SAVINGS,ACTIVE,2023-11-19,43587.51
511022,107657,B005,SAVINGS,ACTIVE,2020-07-13,41101.54
511023,104326,B011,SALARY,ACTIVE,2022-12-04,16053.55
511024,109606,B012,SAVINGS,ACTIVE,2025-03-26,3402.74
511025,100022,B007,SALARY,ACTIVE,2025-06-14,34269.88
511026,103929,B002,SAVINGS,ACTIVE,2023-08-25,8106.06
511027,101741,B002,SALARY,ACTIVE,2022-06-30,67613.4
511028,109048,B015,SALARY,ACTIVE,2021-11-26,8932.25
511029,109025,B008,CURRENT,ACTIVE,2020-02-11,557862.2
511030,104721,B003,SAVINGS,ACTIVE,2020-05-15,7939.37
511031,107080,B013,SAVINGS,ACTIVE,2024-07-25,36089.96
511032,101240,B002,SAVINGS,ACTIVE,2025-03-20,2887.58
511033,104982,B020,CURRENT,ACTIVE,2022-05-26,219747.71
511034,109656,B005,SAVINGS,ACTIVE,2025-04-08,9523.21
511035,101673,B009,SALARY,ACTIVE,2022-07-09,37574.74
511036,101520,B018,SAVINGS,ACTIVE,2022-08-12,47133.01
511037,109952,B013,CURRENT,ACTIVE,2025-07-18,65783.89
511038,100950,B003,CURRENT,CLOSED,2025-10-15,48131.54
511039,105475,B009,SAVINGS,ACTIVE,2023-10-13,22581.99
511040,103106,B012,SALARY,ACTIVE,2023-03-31,70361.75
511041,109947,B013,SAVINGS,ACTIVE,2025-04-18,28923.93
511042,105567,B010,SAVINGS,ACTIVE,2022-12-25,4243.55
511043,109608,B007,SAVINGS,ACTIVE,2022-04-08,9887.18
511044,103205,B013,SAVINGS,ACTIVE,2020-09-03,87315.29
511045,105738,B005,CURRENT,BLOCKED,2026-01-15,65091.82
511046,105989,B009,SAVINGS,ACTIVE,2019-07-31,4482.48
511047,105020,B014,SAVINGS,ACTIVE,2019-02-02,16111.16
511048,105982,B010,SAVINGS,ACTIVE,2022-06-19,8168.86
511049,101925,B001,SAVINGS,ACTIVE,2019-06-25,23675.64
511050,107490,B020,SAVINGS,ACTIVE,2023-01-04,19168.44
511051,104071,B006,SALARY,ACTIVE,2023-07-25,29653.3
511052,109696,B007,SAVINGS,ACTIVE,2023-02-12,79423.85
511053,104548,B001,SALARY,ACTIVE,2025-11-16,27920.65
511054,106262,B004,SALARY,ACTIVE,2024-09-09,14744.49
511055,101886,B003,SAVINGS,ACTIVE,2022-11-10,58225.96
511056,102471,B001,SAVINGS,ACTIVE,2022-12-06,35258.84
511057,109748,B001,SAVINGS,ACTIVE,2023-05-19,11690.59
511058,100268,B013,CURRENT,ACTIVE,2025-05-15,10435.36
511059,107689,B002,SAVINGS,ACTIVE,2022-06-12,22639.74
511060,106229,B003,CURRENT,ACTIVE,2020-03-12,11789.64
511061,100805,B006,CURRENT,ACTIVE,2019-04-03,8110.65
511062,103640,B018,SALARY,ACTIVE,2024-04-18,66288.57
511063,100587,B001,SAVINGS,ACTIVE,2021-06-04,142959.48
511064,103629,B013,CURRENT,ACTIVE,2022-09-01,191285.27
511065,101784,B008,SALARY,ACTIVE,2025-05-14,24030.76
511066,103306,B016,CURRENT,ACTIVE,2025-08-26,42924.68
511067,109986,B018,SAVINGS,ACTIVE,2023-05-20,13882.56
511068,104243,B015,SAVINGS,ACTIVE,2022-04-13,23178.07
511069,102050,B019,SAVINGS,ACTIVE,2021-03-29,9980.22
511070,104864,B016,SAVINGS,ACTIVE,2024-06-23,84045.62
511071,108016,B013,SAVINGS,ACTIVE,2023-11-12,20757.66
511072,106718,B020,SAVINGS,ACTIVE,2022-03-24,74354.85
511073,100993,B002,CURRENT,ACTIVE,2023-04-03,65190.98
511074,107687,B012,CURRENT,ACTIVE,2025-03-08,36859.66
511075,100609,B005,CURRENT,ACTIVE,2021-04-13,38873.42
511076,104585,B007,SAVINGS,ACTIVE,2024-06-15,9638.79
511077,109689,B013,CURRENT,ACTIVE,2022-07-25,9207.13
511078,100857,B013,SALARY,ACTIVE,2024-03-30,3119.11
511079,108349,B011,SAVINGS,ACTIVE,2023-07-22,10972.5
511080,104419,B011,SAVINGS,ACTIVE,2022-01-27,10493.94
511081,108814,B011,SAVINGS,ACTIVE,2019-02-22,64796.16
511082,108979,B005,SALARY,ACTIVE,2019-02-21,68124.36
511083,107896,B011,SAVINGS,ACTIVE,2019-06-29,23966.78
511084,109065,B007,SAVINGS,ACTIVE,2025-02-28,43210.97
511085,107664,B007,SAVINGS,ACTIVE,2022-07-01,8716.06
511086,109656,B014,SAVINGS,ACTIVE,2023-07-26,19463.61
511087,102767,B007,SAVINGS,ACTIVE,2021-07-01,4822.97
511088,107918,B010,SAVINGS,ACTIVE,2023-06-16,20338.61
511089,106045,B008,SAVINGS,ACTIVE,2019-04-11,21916.36
511090,107030,B007,SAVINGS,ACTIVE,2020-09-02,6696.3
511091,100314,B020,SAVINGS,ACTIVE,2026-02-20,55340.48
511092,105457,B012,SAVINGS,ACTIVE,2021-03-23,12382.1
511093,105623,B004,SALARY,ACTIVE,2024-04-14,2933.93
511094,103348,B006,SAVINGS,ACTIVE,2025-05-10,9622.47
511095,104050,B004,SAVINGS,ACTIVE,2022-08-18,51601.33
511096,108132,B020,CURRENT,ACTIVE,2026-03-24,4342.34
511097,102080,B016,SAVINGS,CLOSED,2023-03-13,30058.97
511098,101786,B016,SAVINGS,ACTIVE,2021-04-22,10211.83
511099,103380,B007,SAVINGS,ACTIVE,2023-06-15,11496.05
511100,107370,B004,SALARY,ACTIVE,2026-02-17,10375.55
511101,108959,B019,SAVINGS,ACTIVE,2023-02-17,14462.46
511102,105434,B007,CURRENT,ACTIVE,2022-04-04,13481.97
511103,106515,B015,SALARY,ACTIVE,2022-08-25,65933.05
511104,105851,B006,SALARY,ACTIVE,2019-07-20,55731.79
511105,102070,B009,SAVINGS,ACTIVE,2022-05-02,66141.07
511106,103912,B006,SAVINGS,ACTIVE,2023-12-01,26817.41
511107,106582,B005,SAVINGS,ACTIVE,2026-01-28,22183.52
511108,105639,B005,SALARY,ACTIVE,2021-07-18,30957.41
511109,108082,B009,SAVINGS,ACTIVE,2025-05-22,44370.69
511110,107855,B002,SAVINGS,ACTIVE,2019-03-07,26574.9
511111,104324,B001,SAVINGS,ACTIVE,2020-03-12,23899.65
511112,104825,B007,CURRENT,ACTIVE,2021-02-18,83984.26
511113,104337,B017,SAVINGS,ACTIVE,2024-08-22,25832.85
511114,108063,B002,CURRENT,ACTIVE,2020-03-28,32518.53
511115,101828,B015,CURRENT,ACTIVE,2022-11-17,81497.68
511116,100234,B016,SAVINGS,ACTIVE,2024-03-23,218397.1
511117,109609,B020,SAVINGS,ACTIVE,2024-02-10,11791.03
511118,108021,B004,CURRENT,ACTIVE,2025-04-16,19987.86
511119,108724,B015,CURRENT,ACTIVE,2022-09-24,69199.43
511120,108909,B003,SALARY,ACTIVE,2025-11-11,42148.11
511121,103794,B016,SALARY,ACTIVE,2022-06-12,19833.83
511122,109285,B016,SALARY,ACTIVE,2023-04-04,338625.28
511123,102260,B016,SAVINGS,BLOCKED,2022-02-27,68737.66
511124,104611,B016,SAVINGS,ACTIVE,2021-07-10,14256.34
511125,101076,B012,SAVINGS,ACTIVE,2024-01-23,11051.02
511126,104394,B009,CURRENT,ACTIVE,2022-11-07,35283.82
511127,105500,B009,SAVINGS,ACTIVE,2024-02-01,40811.53
511128,103743,B018,SAVINGS,ACTIVE,2021-03-23,21136.75
511129,108741,B011,SAVINGS,CLOSED,2024-01-27,28513.9
511130,100832,B009,SAVINGS,ACTIVE,2022-03-23,40497.83
511131,101769,B017,SAVINGS,ACTIVE,2020-03-21,23780.43
511132,108744,B011,SAVINGS,ACTIVE,2026-04-09,27160.03
511133,105358,B003,SALARY,ACTIVE,2019-07-23,8781.63
511134,102531,B016,SAVINGS,ACTIVE,2025-07-09,103339.32
511135,107174,B013,SAVINGS,ACTIVE,2024-12-22,9734.51
511136,101517,B003,SAVINGS,ACTIVE,2021-06-13,124580.11
511137,108611,B014,SAVINGS,ACTIVE,2022-10-29,103076.32
511138,107655,B002,SAVINGS,ACTIVE,2019-03-30,17851.22
511139,102405,B020,SAVINGS,ACTIVE,2024-01-22,131047.42
511140,101387,B013,SAVINGS,ACTIVE,2020-07-24,38558.92
511141,102502,B007,CURRENT,ACTIVE,2025-01-28,13595.06
511142,107646,B008,SAVINGS,ACTIVE,2024-05-24,47445.74
511143,105168,B019,SAVINGS,ACTIVE,2024-03-05,14730.39
511144,108331,B005,SAVINGS,ACTIVE,2019-05-26,17760.09
511145,107345,B002,SAVINGS,ACTIVE,2021-12-13,17956.2
511146,102579,B017,SAVINGS,ACTIVE,2022-01-16,44478.75
511147,103256,B011,SAVINGS,ACTIVE,2025-07-06,35740.76
511148,101009,B012,SAVINGS,ACTIVE,2022-01-03,86806.24
511149,107661,B004,SAVINGS,ACTIVE,2021-03-30,141728.59
511150,103679,B018,SAVINGS,ACTIVE,2023-06-03,45460.97
511151,102821,B012,SALARY,CLOSED,2026-04-05,91079.26
511152,101341,B009,SALARY,ACTIVE,2022-06-06,32169.53
511153,108885,B012,SAVINGS,ACTIVE,2023-11-27,14064.96
511154,105851,B012,CURRENT,ACTIVE,2019-11-25,28051.78
511155,100744,B011,SAVINGS,ACTIVE,2022-04-01,38792.69
511156,108999,B018,SAVINGS,CLOSED,2019-04-21,141814.92
511157,107128,B013,SAVINGS,ACTIVE,2021-02-03,11039.46
511158,105186,B009,SAVINGS,ACTIVE,2021-06-11,23871.96
511159,108973,B017,SALARY,ACTIVE,2024-08-17,33474.39
511160,102342,B015,CURRENT,ACTIVE,2023-05-06,60721.82
511161,102478,B003,SALARY,ACTIVE,2022-03-12,21157.08
511162,105963,B005,SAVINGS,ACTIVE,2025-10-04,16201.49
511163,103397,B018,SALARY,ACTIVE,2020-10-02,10411.4
511164,100905,B001,SAVINGS,BLOCKED,2024-01-07,14423.06
511165,106999,B017,SAVINGS,ACTIVE,2020-03-04,290595.97
511166,103066,B013,SAVINGS,ACTIVE,2025-06-20,22920.55
511167,109572,B001,SALARY,BLOCKED,2021-08-18,149887.44
511168,109146,B007,SAVINGS,ACTIVE,2020-09-26,37257.6
511169,103381,B011,SAVINGS,ACTIVE,2022-06-26,16365.04
511170,108512,B005,SAVINGS,ACTIVE,2020-06-30,136335.06
511171,106736,B008,SAVINGS,ACTIVE,2024-09-22,82846.6
511172,107701,B020,SAVINGS,ACTIVE,2023-09-07,25892.16
511173,109966,B018,SAVINGS,ACTIVE,2024-09-11,8209.98
511174,106817,B005,SAVINGS,CLOSED,2019-06-06,39028.48
511175,107563,B013,CURRENT,ACTIVE,2021-03-23,104826.47
511176,107338,B019,SAVINGS,ACTIVE,2026-01-10,87741.88
511177,109660,B012,SAVINGS,ACTIVE,2023-10-07,34195.95
511178,106381,B013,SAVINGS,ACTIVE,2025-02-18,79453.24
511179,105448,B005,SAVINGS,ACTIVE,2020-10-03,14702.26
511180,105677,B003,SAVINGS,ACTIVE,2023-05-14,65196.62
511181,105016,B013,SALARY,ACTIVE,2020-05-11,40849.48
511182,100513,B018,SALARY,ACTIVE,2022-11-07,31013.66
511183,104803,B012,SAVINGS,ACTIVE,2020-04-01,309759.28
511184,100991,B003,SAVINGS,ACTIVE,2021-10-16,39635.24
511185,102736,B015,SAVINGS,ACTIVE,2024-02-18,5071.9
511186,102319,B013,SAVINGS,ACTIVE,2021-03-06,68614.3
511187,108343,B013,SAVINGS,ACTIVE,2023-04-15,523291.49
511188,105475,B008,SAVINGS,ACTIVE,2021-03-17,8967.18
511189,104315,B016,SAVINGS,ACTIVE,2019-03-11,37033.36
511190,102202,B005,SAVINGS,ACTIVE,2022-05-06,25809.4
511191,109282,B019,SALARY,ACTIVE,2024-08-03,52578.1
511192,104669,B009,SAVINGS,ACTIVE,2021-10-03,17230.63
511193,107903,B004,SAVINGS,ACTIVE,2021-07-18,40009.11
511194,105822,B004,SAVINGS,ACTIVE,2022-10-28,6985.89
511195,105955,B006,SAVINGS,ACTIVE,2022-06-28,95595.25
511196,107488,B019,SAVINGS,ACTIVE,2021-06-07,20080.02
511197,106288,B002,SAVINGS,ACTIVE,2025-01-13,282169.39
511198,105582,B013,SAVINGS,ACTIVE,2026-01-25,103107.85
511199,105112,B011,CURRENT,ACTIVE,2023-04-10,16993.52
511200,106762,B011,CURRENT,ACTIVE,2021-03-26,87847.58
511201,100834,B005,SALARY,ACTIVE,2022-04-23,101296.78
511202,104531,B014,SALARY,BLOCKED,2020-12-19,8895.91
511203,102124,B004,SAVINGS,ACTIVE,2023-04-13,11215.71
511204,109227,B018,SAVINGS,ACTIVE,2024-03-11,15834.17
511205,107579,B007,CURRENT,ACTIVE,2019-01-13,2726.45
511206,107640,B014,SAVINGS,ACTIVE,2019-09-14,40165.13
511207,102181,B006,SALARY,ACTIVE,2024-04-26,99183.15
511208,104456,B020,SALARY,ACTIVE,2024-10-01,41387.02
511209,100721,B010,SAVINGS,ACTIVE,2025-06-09,65071.55
511210,101804,B006,SALARY,ACTIVE,2026-02-09,38158.58
511211,105292,B018,SAVINGS,ACTIVE,2024-04-28,41976.38
511212,107097,B020,SAVINGS,ACTIVE,2021-12-27,2852.62
511213,108892,B001,CURRENT,ACTIVE,2021-12-21,67065.06
511214,104464,B014,SALARY,ACTIVE,2021-06-03,34353.15
511215,106829,B018,SAVINGS,ACTIVE,2022-07-12,26537.55
511216,102247,B007,SAVINGS,ACTIVE,2024-05-03,13635.55
511217,103834,B013,CURRENT,ACTIVE,2019-11-12,10012.23
511218,106009,B013,SAVINGS,ACTIVE,2020-09-17,27365.91
511219,105190,B009,SAVINGS,ACTIVE,2025-08-09,38559.74
511220,103872,B014,SAVINGS,ACTIVE,2020-12-08,10066.48
511221,104318,B014,SALARY,ACTIVE,2026-01-18,101488.89
511222,107774,B009,SAVINGS,BLOCKED,2026-03-29,12309.51
511223,104340,B020,SAVINGS,ACTIVE,2025-01-15,28662.06
511224,102825,B011,SALARY,ACTIVE,2022-08-12,64741.6
511225,100797,B018,SAVINGS,ACTIVE,2026-03-13,9715.07
511226,104693,B003,SAVINGS,ACTIVE,2021-01-18,2838.93
511227,103250,B012,SAVINGS,ACTIVE,2024-03-28,18922.13
511228,103536,B006,SAVINGS,ACTIVE,2020-09-03,32141.39
511229,103491,B012,SAVINGS,ACTIVE,2023-03-31,80841.5
511230,108488,B001,SALARY,ACTIVE,2024-06-05,21416.51
511231,108843,B007,SAVINGS,ACTIVE,2023-07-01,41243.82
511232,104253,B004,SAVINGS,ACTIVE,2024-06-03,140177.75
511233,105111,B013,SAVINGS,ACTIVE,2024-05-25,11404.28
511234,102354,B019,SAVINGS,ACTIVE,2020-02-08,45690.21
511235,100711,B002,SAVINGS,ACTIVE,2019-10-03,98216.75
511236,108621,B007,SAVINGS,ACTIVE,2022-10-15,11391.33
511237,103121,B018,SAVINGS,ACTIVE,2020-07-09,13426.86
511238,109272,B012,SALARY,ACTIVE,2026-03-27,34777.73
511239,102773,B007,SAVINGS,ACTIVE,2019-09-18,8130.81
511240,103693,B012,CURRENT,ACTIVE,2024-02-16,7050.96
511241,104379,B014,SAVINGS,ACTIVE,2022-03-19,17509.84
511242,108781,B015,SAVINGS,ACTIVE,2024-12-21,9595.08
511243,103160,B017,SAVINGS,ACTIVE,2025-09-13,16324.67
511244,104903,B009,SAVINGS,ACTIVE,2023-03-11,26918.57
511245,107863,B016,SAVINGS,ACTIVE,2024-02-07,129448.55
511246,107326,B003,SALARY,ACTIVE,2019-11-02,47946.63
511247,103212,B008,SAVINGS,ACTIVE,2021-03-03,32573.72
511248,102725,B013,SAVINGS,ACTIVE,2019-09-22,6085.36
511249,103068,B020,SAVINGS,ACTIVE,2020-07-17,3622.05
511250,101598,B013,SAVINGS,ACTIVE,2023-11-27,16724.45
511251,104659,B018,SAVINGS,ACTIVE,2025-02-27,58248.7
511252,105194,B009,SALARY,ACTIVE,2024-07-27,197104.23
511253,109130,B017,SAVINGS,ACTIVE,2024-05-29,35540.85
511254,104027,B020,SAVINGS,ACTIVE,2025-03-18,149495.62
511255,102761,B017,SAVINGS,ACTIVE,2025-12-18,10181.65
511256,100003,B008,SAVINGS,ACTIVE,2024-08-15,33718.54
511257,109944,B017,SALARY,ACTIVE,2025-10-04,5453.13
511258,100456,B001,SALARY,BLOCKED,2026-05-17,13830.83
511259,100103,B016,SAVINGS,ACTIVE,2025-10-12,101278.13
511260,106274,B004,SALARY,ACTIVE,2021-05-11,15509.29
511261,106166,B019,SALARY,ACTIVE,2019-04-25,10780.15
511262,103455,B019,SAVINGS,ACTIVE,2024-03-05,8835.9
511263,105135,B010,SAVINGS,ACTIVE,2024-06-21,67569.79
511264,100330,B015,SAVINGS,ACTIVE,2019-04-17,56998.55
511265,106125,B006,SAVINGS,ACTIVE,2024-11-03,27327.48
511266,104299,B017,SAVINGS,ACTIVE,2020-04-28,28222.92
511267,109297,B016,SALARY,ACTIVE,2022-01-02,5508.21
511268,101240,B020,CURRENT,ACTIVE,2019-11-17,11543.76
511269,109166,B020,SAVINGS,ACTIVE,2022-04-24,63325.31
511270,101507,B015,CURRENT,ACTIVE,2021-03-08,32290.2
511271,100740,B020,CURRENT,ACTIVE,2023-01-23,30464.59
511272,107602,B004,SAVINGS,ACTIVE,2022-05-17,55223.25
511273,100459,B012,SAVINGS,ACTIVE,2024-07-13,16872.96
511274,100775,B017,SAVINGS,ACTIVE,2021-04-23,150643.94
511275,106111,B009,SAVINGS,ACTIVE,2019-03-16,5541.74
511276,104603,B005,SAVINGS,ACTIVE,2023-12-05,64814.29
511277,103674,B011,SAVINGS,ACTIVE,2021-06-14,53033.3
511278,103271,B014,SALARY,ACTIVE,2019-05-02,39164.35
511279,108023,B004,CURRENT,ACTIVE,2019-01-30,1908.15
511280,109791,B001,SAVINGS,ACTIVE,2025-08-06,43312.39
511281,107850,B020,SAVINGS,ACTIVE,2021-04-30,13846.21
511282,100218,B007,SALARY,ACTIVE,2025-06-16,128778.19
511283,105497,B014,SAVINGS,ACTIVE,2025-06-18,9656.83
511284,104551,B011,SAVINGS,ACTIVE,2026-02-09,57302.51
511285,103426,B018,SAVINGS,ACTIVE,2023-08-28,14592.96
511286,106992,B014,SAVINGS,CLOSED,2025-11-11,4337.25
511287,104984,B005,SAVINGS,ACTIVE,2025-07-20,23244.16
511288,109431,B018,SALARY,ACTIVE,2026-03-20,53091.53
511289,105702,B015,SAVINGS,ACTIVE,2021-04-04,21029.79
511290,103154,B002,SAVINGS,ACTIVE,2022-07-16,28595.42
511291,109385,B018,CURRENT,ACTIVE,2023-12-27,38580.12
511292,106345,B017,SAVINGS,ACTIVE,2025-09-21,52352.61
511293,107261,B010,CURRENT,ACTIVE,2022-10-11,9786.21
511294,102556,B015,SAVINGS,ACTIVE,2021-01-03,159130.0
511295,102251,B009,SAVINGS,ACTIVE,2023-08-22,13174.53
511296,106297,B017,SAVINGS,ACTIVE,2022-08-23,42207.92
511297,102814,B008,SAVINGS,ACTIVE,2023-01-26,124641.63
511298,100875,B011,SAVINGS,ACTIVE,2020-01-20,10576.1
511299,104172,B016,SAVINGS,ACTIVE,2021-02-03,42101.32
511300,102862,B012,SAVINGS,ACTIVE,2024-04-26,13220.38
511301,109289,B012,SALARY,ACTIVE,2020-05-23,7965.64
511302,104443,B003,SALARY,ACTIVE,2025-09-24,120194.61
511303,103693,B004,SAVINGS,ACTIVE,2019-06-14,27813.23
511304,100602,B017,SAVINGS,ACTIVE,2024-01-08,21343.83
511305,106378,B011,SALARY,ACTIVE,2020-10-22,17817.68
511306,101954,B003,SAVINGS,ACTIVE,2022-05-27,17504.31
511307,107076,B004,CURRENT,ACTIVE,2019-05-22,4179.47
511308,101055,B012,SAVINGS,ACTIVE,2026-01-21,105205.35
511309,107011,B005,SAVINGS,ACTIVE,2024-03-13,57393.14
511310,109452,B006,SAVINGS,ACTIVE,2020-05-07,3145.34
511311,109405,B016,SALARY,ACTIVE,2024-07-28,30742.19
511312,105121,B003,SAVINGS,ACTIVE,2026-05-01,48820.93
511313,103031,B014,SAVINGS,ACTIVE,2023-06-16,32863.41
511314,105872,B005,SAVINGS,ACTIVE,2019-10-05,55036.23
511315,107767,B001,SAVINGS,ACTIVE,2019-11-04,76232.17
511316,108184,B001,SAVINGS,ACTIVE,2021-08-03,24623.89
511317,100669,B009,SAVINGS,ACTIVE,2023-09-03,34947.94
511318,103432,B005,SAVINGS,ACTIVE,2020-02-29,13464.77
511319,105031,B009,SAVINGS,ACTIVE,2020-08-05,342551.49
511320,101003,B009,SALARY,ACTIVE,2022-12-02,210317.3
511321,105898,B002,SAVINGS,ACTIVE,2021-12-10,12479.0
511322,101690,B012,SALARY,ACTIVE,2022-03-16,26396.8
511323,101436,B007,SALARY,ACTIVE,2020-09-05,10914.83
511324,106879,B004,SAVINGS,ACTIVE,2025-02-01,113663.29
511325,106658,B004,SAVINGS,ACTIVE,2019-08-07,44275.08
511326,109474,B006,SALARY,ACTIVE,2023-09-08,25412.98
511327,109709,B019,SAVINGS,ACTIVE,2024-09-29,67627.63
511328,104502,B014,SAVINGS,ACTIVE,2024-12-16,12823.77
511329,106936,B016,SAVINGS,ACTIVE,2022-09-01,16821.05
511330,103083,B004,SAVINGS,ACTIVE,2020-06-13,11307.68
511331,105120,B013,SAVINGS,ACTIVE,2024-10-17,95323.5
511332,108815,B007,SAVINGS,ACTIVE,2021-06-02,12139.08
511333,102990,B014,SAVINGS,ACTIVE,2021-03-09,9625.12
511334,103973,B012,SAVINGS,ACTIVE,2019-11-21,73895.71
511335,101365,B013,SALARY,ACTIVE,2021-03-20,1998.33
511336,101292,B010,SAVINGS,ACTIVE,2020-05-19,32887.67
511337,107893,B017,SAVINGS,ACTIVE,2023-07-26,40219.53
511338,102584,B008,SAVINGS,ACTIVE,2020-04-25,48613.56
511339,105901,B014,SAVINGS,ACTIVE,2022-05-21,7105.23
511340,107807,B014,SAVINGS,ACTIVE,2022-08-26,61543.43
511341,103672,B017,SAVINGS,ACTIVE,2021-12-20,2475.67
511342,108624,B006,SAVINGS,ACTIVE,2022-10-15,16422.34
511343,108916,B014,SAVINGS,ACTIVE,2023-04-27,20104.89
511344,107911,B008,SALARY,ACTIVE,2023-05-06,146454.82
511345,105712,B018,CURRENT,ACTIVE,2019-06-15,23944.54
511346,109843,B012,SALARY,ACTIVE,2020-10-03,140540.03
511347,107374,B001,SAVINGS,ACTIVE,2019-06-19,51107.82
511348,101335,B009,SAVINGS,ACTIVE,2023-09-28,471864.96
511349,106613,B018,SAVINGS,ACTIVE,2023-10-24,16578.67
511350,104911,B007,SAVINGS,ACTIVE,2024-10-23,20841.6
511351,101960,B005,SAVINGS,ACTIVE,2023-07-25,103364.01
511352,106603,B020,CURRENT,ACTIVE,2024-01-29,77216.37
511353,109970,B008,SAVINGS,ACTIVE,2019-10-09,67449.56
511354,109768,B006,SALARY,ACTIVE,2020-10-20,53115.09
511355,106733,B008,SAVINGS,ACTIVE,2019-12-16,28443.84
511356,109485,B007,SAVINGS,ACTIVE,2021-03-17,5593.4
511357,104024,B001,SAVINGS,ACTIVE,2024-05-06,6044.5
511358,103572,B003,SAVINGS,ACTIVE,2021-03-30,42167.32
511359,106314,B003,SAVINGS,ACTIVE,2022-04-30,6716.07
511360,108886,B020,SAVINGS,ACTIVE,2020-01-19,55551.75
511361,101699,B016,SAVINGS,ACTIVE,2022-01-30,22059.59
511362,105153,B017,SAVINGS,BLOCKED,2025-01-25,107628.02
511363,108734,B004,SAVINGS,ACTIVE,2022-02-11,53059.97
511364,100964,B005,SAVINGS,ACTIVE,2026-01-04,12175.12
511365,101417,B010,CURRENT,ACTIVE,2025-11-16,68608.53
511366,100582,B004,SAVINGS,ACTIVE,2019-09-29,53919.51
511367,107634,B017,SALARY,ACTIVE,2019-04-11,31874.37
511368,109992,B008,SAVINGS,ACTIVE,2021-09-18,71622.75
511369,105124,B001,SAVINGS,ACTIVE,2021-04-27,12166.49
511370,109420,B009,CURRENT,ACTIVE,2024-12-01,14736.85
511371,109551,B003,SAVINGS,ACTIVE,2021-11-21,10038.96
511372,106321,B009,SAVINGS,ACTIVE,2020-07-26,2767.1
511373,108174,B005,SAVINGS,ACTIVE,2022-02-05,6041.46
511374,106999,B009,CURRENT,ACTIVE,2022-03-21,17958.05
511375,103016,B017,SAVINGS,ACTIVE,2023-08-11,22719.28
511376,105842,B007,SAVINGS,ACTIVE,2019-02-05,69677.69
511377,100333,B005,CURRENT,ACTIVE,2025-06-13,5262.51
511378,107955,B005,SAVINGS,ACTIVE,2026-05-04,9669.73
511379,100043,B003,SAVINGS,ACTIVE,2021-06-02,18751.9
511380,102829,B006,SAVINGS,ACTIVE,2021-06-22,23593.07
511381,101530,B005,CURRENT,ACTIVE,2025-06-20,54826.0
511382,102493,B006,CURRENT,ACTIVE,2023-02-17,5161.27
511383,100996,B008,CURRENT,ACTIVE,2023-04-25,162234.13
511384,105014,B011,SAVINGS,ACTIVE,2020-11-01,19319.57
511385,101030,B005,SAVINGS,ACTIVE,2022-12-03,143015.76
511386,102040,B002,SAVINGS,ACTIVE,2020-07-06,62125.08
511387,104049,B009,SALARY,ACTIVE,2026-05-23,6910.22
511388,105171,B004,SAVINGS,ACTIVE,2023-06-07,12137.58
511389,108672,B014,SALARY,ACTIVE,2023-02-21,2024.58
511390,109556,B011,SAVINGS,ACTIVE,2023-04-24,7446.83
511391,106163,B001,SAVINGS,ACTIVE,2021-07-06,20474.86
511392,103072,B007,SALARY,ACTIVE,2024-12-10,12947.24
511393,100706,B012,SAVINGS,ACTIVE,2024-09-07,6838.21
511394,106033,B012,SAVINGS,ACTIVE,2022-06-10,14445.99
511395,107859,B003,SAVINGS,ACTIVE,2023-02-02,11229.94
511396,108979,B017,SALARY,ACTIVE,2019-11-17,9605.44
511397,104782,B009,SAVINGS,BLOCKED,2025-07-15,32061.35
511398,105719,B018,SAVINGS,ACTIVE,2023-05-10,3773.04
511399,107174,B003,SAVINGS,ACTIVE,2022-12-25,65892.77
511400,101045,B003,SAVINGS,ACTIVE,2023-12-22,23135.09
511401,104661,B012,CURRENT,ACTIVE,2023-03-16,39778.65
511402,106216,B005,SAVINGS,ACTIVE,2019-01-07,20026.88
511403,106339,B004,SALARY,ACTIVE,2023-03-27,17229.72
511404,106016,B015,SAVINGS,ACTIVE,2023-01-31,3974.46
511405,103165,B018,SAVINGS,ACTIVE,2025-09-02,521887.1
511406,103168,B011,CURRENT,ACTIVE,2023-10-19,56701.65
511407,109463,B013,SALARY,ACTIVE,2026-01-13,22947.7
511408,106160,B002,SALARY,ACTIVE,2022-02-06,47247.45
511409,100091,B020,SAVINGS,ACTIVE,2023-03-04,21149.39
511410,107672,B019,SALARY,ACTIVE,2024-10-27,7861.23
511411,105648,B020,CURRENT,ACTIVE,2024-09-01,8296.26
511412,108111,B014,SAVINGS,ACTIVE,2020-12-27,147369.5
511413,102816,B015,SAVINGS,ACTIVE,2021-01-03,20902.19
511414,107828,B001,SAVINGS,ACTIVE,2019-12-29,68974.44
511415,102286,B007,SALARY,ACTIVE,2022-10-14,64571.02
511416,105044,B006,SAVINGS,ACTIVE,2025-07-11,20418.48
511417,108772,B009,SALARY,ACTIVE,2024-10-10,23660.1
511418,107617,B020,CURRENT,ACTIVE,2020-11-05,12786.67
511419,107250,B007,SAVINGS,ACTIVE,2024-08-31,29318.95
511420,100557,B009,SAVINGS,BLOCKED,2022-04-05,73036.55
511421,103600,B017,SALARY,ACTIVE,2019-04-16,84795.99
511422,107297,B005,SALARY,ACTIVE,2022-11-11,5553.14
511423,108087,B006,SAVINGS,ACTIVE,2021-07-01,18141.19
511424,102538,B004,SALARY,ACTIVE,2022-01-10,8134.72
511425,109015,B010,SALARY,ACTIVE,2026-02-12,118282.59
511426,100859,B003,SAVINGS,ACTIVE,2021-09-08,26376.21
511427,104942,B019,SAVINGS,ACTIVE,2020-11-23,40734.52
511428,104753,B015,SALARY,ACTIVE,2023-03-27,26923.96
511429,101892,B004,SAVINGS,ACTIVE,2023-01-19,12469.65
511430,101842,B015,SAVINGS,ACTIVE,2025-01-31,216769.47
511431,104510,B007,SAVINGS,ACTIVE,2021-02-20,103112.96
511432,109787,B015,SAVINGS,ACTIVE,2021-05-31,39344.64
511433,106537,B019,SAVINGS,ACTIVE,2021-11-10,9240.44
511434,101874,B019,SAVINGS,ACTIVE,2022-02-06,18701.66
511435,106360,B016,SAVINGS,ACTIVE,2023-05-25,34127.74
511436,109344,B018,SAVINGS,ACTIVE,2023-05-17,17559.73
511437,103284,B001,CURRENT,ACTIVE,2026-03-20,9523.85
511438,108394,B002,SAVINGS,ACTIVE,2020-03-17,22898.69
511439,105733,B002,SAVINGS,ACTIVE,2020-03-19,15806.16
511440,108466,B004,SAVINGS,ACTIVE,2023-12-04,4134.4
511441,104819,B013,SAVINGS,ACTIVE,2022-05-06,4173.13
511442,104404,B003,SAVINGS,ACTIVE,2023-12-09,31659.64
511443,100670,B008,SAVINGS,ACTIVE,2020-06-10,27671.64
511444,102652,B007,SAVINGS,ACTIVE,2021-05-28,53824.12
511445,101777,B005,SAVINGS,ACTIVE,2021-01-05,105987.1
511446,104804,B008,SALARY,ACTIVE,2022-08-24,4427.22
511447,105344,B010,SAVINGS,ACTIVE,2020-06-23,11231.65
511448,109542,B018,SALARY,ACTIVE,2022-09-26,4096.91
511449,102307,B002,SAVINGS,ACTIVE,2024-11-27,181086.21
511450,103013,B011,SAVINGS,ACTIVE,2019-08-19,23697.57
511451,104999,B010,SAVINGS,ACTIVE,2023-12-24,4820.92
511452,101340,B015,CURRENT,BLOCKED,2019-01-08,29678.77
511453,104536,B004,CURRENT,ACTIVE,2026-04-22,7870.54
511454,107613,B003,SAVINGS,ACTIVE,2020-06-17,67784.02
511455,103346,B010,SAVINGS,ACTIVE,2025-06-17,12049.09
511456,104778,B003,SAVINGS,ACTIVE,2026-03-10,18082.56
511457,109420,B005,SAVINGS,ACTIVE,2020-03-24,4759.56
511458,102435,B002,SAVINGS,BLOCKED,2022-09-15,13849.51
511459,109137,B013,SAVINGS,ACTIVE,2020-11-11,18797.22
511460,100453,B004,SAVINGS,ACTIVE,2023-06-11,31079.18
511461,106002,B009,SAVINGS,ACTIVE,2020-04-01,209520.06
511462,108069,B005,SAVINGS,ACTIVE,2020-03-27,866.06
511463,101123,B018,SAVINGS,ACTIVE,2023-07-14,52416.06
511464,102574,B012,SAVINGS,ACTIVE,2019-05-05,13437.68
511465,105677,B011,CURRENT,ACTIVE,2024-05-29,18786.62
511466,100124,B014,SAVINGS,ACTIVE,2022-11-01,10710.01
511467,104022,B005,SALARY,ACTIVE,2021-04-23,12971.91
511468,109835,B015,SAVINGS,ACTIVE,2019-03-01,4361.03
511469,104537,B007,SALARY,ACTIVE,2023-05-15,74462.57
511470,108502,B016,SALARY,ACTIVE,2026-01-24,17252.47
511471,100539,B011,SAVINGS,ACTIVE,2026-04-17,198495.73
511472,106216,B004,SAVINGS,ACTIVE,2024-09-10,74351.7
511473,109762,B008,CURRENT,ACTIVE,2023-07-09,61913.12
511474,105903,B002,SAVINGS,ACTIVE,2024-07-27,399983.26
511475,103529,B006,SAVINGS,ACTIVE,2025-11-14,14900.56
511476,102098,B009,SAVINGS,ACTIVE,2023-04-20,62192.45
511477,101211,B011,SAVINGS,ACTIVE,2020-01-16,3827.33
511478,104234,B019,SAVINGS,BLOCKED,2024-03-07,46560.4
511479,106614,B007,SAVINGS,ACTIVE,2024-08-14,52866.08
511480,106224,B010,SAVINGS,ACTIVE,2022-11-07,67486.25
511481,109381,B002,SAVINGS,ACTIVE,2024-03-25,11179.54
511482,103004,B016,CURRENT,ACTIVE,2019-09-19,39778.87
511483,105102,B007,CURRENT,ACTIVE,2020-12-18,15020.61
511484,106821,B018,SAVINGS,ACTIVE,2023-07-21,16275.71
511485,106599,B007,SAVINGS,ACTIVE,2019-08-24,19132.12
511486,106411,B011,SAVINGS,ACTIVE,2025-03-05,30855.83
511487,106157,B019,SAVINGS,ACTIVE,2019-01-01,32879.36
511488,109009,B005,SAVINGS,ACTIVE,2022-09-16,102735.22
511489,103314,B013,SAVINGS,ACTIVE,2023-08-06,88351.01
511490,100910,B016,CURRENT,ACTIVE,2024-06-17,23151.37
511491,109666,B014,SAVINGS,ACTIVE,2023-05-24,55431.1
511492,100415,B012,SAVINGS,ACTIVE,2020-06-07,32517.9
511493,109970,B004,SAVINGS,ACTIVE,2024-08-13,12659.07
511494,100008,B020,SAVINGS,ACTIVE,2024-07-19,24044.8
511495,107805,B012,SAVINGS,ACTIVE,2019-10-17,47779.9
511496,109800,B012,SAVINGS,ACTIVE,2022-03-29,82497.14
511497,103498,B008,SAVINGS,ACTIVE,2022-12-25,39422.83
511498,106064,B019,SAVINGS,ACTIVE,2023-03-19,71895.23
511499,109831,B006,SAVINGS,ACTIVE,2020-07-02,81135.07
511500,107544,B009,SAVINGS,ACTIVE,2020-07-25,56669.09
511501,107916,B012,SAVINGS,ACTIVE,2020-12-28,23532.62
511502,106472,B020,SAVINGS,ACTIVE,2024-12-15,22821.76
511503,103358,B013,CURRENT,ACTIVE,2020-03-18,12288.22
511504,102305,B009,SAVINGS,ACTIVE,2022-06-25,47825.66
511505,100833,B018,SAVINGS,ACTIVE,2023-01-14,5495.25
511506,106675,B005,SAVINGS,ACTIVE,2021-07-30,174221.6
511507,102576,B001,SAVINGS,ACTIVE,2022-01-31,23003.55
511508,106593,B011,SAVINGS,ACTIVE,2019-10-29,6835.48
511509,107269,B003,SAVINGS,ACTIVE,2022-07-07,73518.85
511510,109100,B001,CURRENT,ACTIVE,2026-03-04,13302.99
511511,108408,B011,SALARY,ACTIVE,2023-10-06,33614.3
511512,103552,B015,SALARY,ACTIVE,2019-07-15,9147.73
511513,100521,B015,SAVINGS,ACTIVE,2019-11-25,12203.57
511514,106321,B015,SAVINGS,ACTIVE,2021-08-29,114970.18
511515,107269,B011,SALARY,ACTIVE,2024-08-02,21892.7
511516,103921,B018,SAVINGS,ACTIVE,2020-05-31,47450.67
511517,106719,B009,CURRENT,ACTIVE,2023-08-05,27719.44
511518,101744,B015,SAVINGS,BLOCKED,2024-04-15,23708.48
511519,101717,B002,SAVINGS,ACTIVE,2019-03-18,13726.0
511520,107682,B001,SAVINGS,ACTIVE,2020-07-01,7059.61
511521,101540,B005,SAVINGS,ACTIVE,2021-05-30,43776.2
511522,104655,B018,SAVINGS,ACTIVE,2023-09-05,28909.28
511523,102645,B011,SALARY,ACTIVE,2023-11-19,15342.39
511524,104053,B011,SAVINGS,ACTIVE,2023-08-17,18089.76
511525,100645,B002,SALARY,BLOCKED,2021-12-05,100988.8
511526,104599,B013,CURRENT,ACTIVE,2023-03-07,61732.49
511527,109128,B020,SAVINGS,ACTIVE,2019-08-13,34669.74
511528,109099,B009,SALARY,ACTIVE,2020-01-09,11206.96
511529,104549,B007,SAVINGS,ACTIVE,2023-11-14,41505.41
511530,106047,B009,SAVINGS,ACTIVE,2019-09-30,12336.35
511531,100948,B008,SAVINGS,ACTIVE,2022-06-14,17728.23
511532,102240,B008,SAVINGS,ACTIVE,2023-04-18,116921.56
511533,105815,B020,SAVINGS,ACTIVE,2019-05-25,8423.5
511534,104261,B016,SAVINGS,ACTIVE,2022-04-27,14012.3
511535,103029,B013,SALARY,ACTIVE,2019-12-25,59418.41
511536,101012,B001,CURRENT,CLOSED,2021-07-09,89422.93
511537,103181,B010,SAVINGS,ACTIVE,2023-12-08,10631.72
511538,103148,B004,CURRENT,ACTIVE,2020-08-21,19656.28
511539,101988,B002,SAVINGS,ACTIVE,2019-01-31,142490.89
511540,103435,B015,CURRENT,ACTIVE,2021-01-19,137707.31
511541,104645,B009,SAVINGS,ACTIVE,2020-06-12,15369.22
511542,101420,B009,SAVINGS,ACTIVE,2021-05-12,24127.68
511543,100417,B012,SAVINGS,ACTIVE,2019-10-18,36380.83
511544,108734,B009,SAVINGS,ACTIVE,2022-12-14,74367.58
511545,105620,B005,SAVINGS,ACTIVE,2020-08-09,16835.38
511546,106246,B013,SAVINGS,ACTIVE,2022-02-18,19525.52
511547,102237,B002,SAVINGS,ACTIVE,2024-08-20,1177218.43
511548,100164,B002,SAVINGS,ACTIVE,2022-09-30,87462.85
511549,108372,B005,SAVINGS,ACTIVE,2021-06-20,52370.17
511550,101005,B014,SAVINGS,ACTIVE,2021-10-05,14973.71
511551,108204,B012,SAVINGS,ACTIVE,2024-03-22,35548.68
511552,109758,B016,SAVINGS,ACTIVE,2025-11-05,23760.21
511553,100812,B015,SAVINGS,ACTIVE,2023-02-06,17119.85
511554,100988,B008,SAVINGS,ACTIVE,2019-05-27,13345.02
511555,100038,B019,SALARY,ACTIVE,2020-07-11,11719.54
511556,106880,B014,SAVINGS,ACTIVE,2019-08-04,25584.27
511557,102538,B002,SAVINGS,ACTIVE,2021-04-30,6816.89
511558,107567,B010,SAVINGS,ACTIVE,2022-08-19,2901.69
511559,105132,B001,CURRENT,ACTIVE,2022-11-20,10568.82
511560,108855,B009,SAVINGS,ACTIVE,2021-05-29,28487.79
511561,109770,B004,SALARY,ACTIVE,2025-04-13,6232.45
511562,108689,B001,SAVINGS,ACTIVE,2024-08-19,4316.54
511563,103307,B007,SAVINGS,ACTIVE,2019-05-17,8185.68
511564,106680,B020,SAVINGS,ACTIVE,2022-02-27,36332.09
511565,103936,B012,SAVINGS,ACTIVE,2020-09-10,32826.49
511566,106647,B010,SALARY,ACTIVE,2021-08-22,9907.63
511567,108563,B011,SAVINGS,ACTIVE,2020-01-12,11224.08
511568,104814,B018,SAVINGS,ACTIVE,2025-06-07,25886.29
511569,107227,B018,SAVINGS,ACTIVE,2026-05-09,29959.75
511570,100592,B009,SALARY,ACTIVE,2022-11-05,17519.35
511571,107249,B014,SAVINGS,ACTIVE,2019-11-29,93790.65
511572,106021,B006,SAVINGS,ACTIVE,2026-01-28,19442.23
511573,107669,B002,SAVINGS,ACTIVE,2020-08-29,76706.88
511574,103791,B016,SALARY,ACTIVE,2019-08-12,80467.08
511575,108554,B019,SALARY,ACTIVE,2026-02-08,4300.64
511576,104940,B016,SAVINGS,ACTIVE,2021-07-13,65784.92
511577,103812,B001,SAVINGS,ACTIVE,2020-01-09,73585.76
511578,106503,B018,CURRENT,ACTIVE,2020-10-15,59764.66
511579,102256,B014,SAVINGS,ACTIVE,2020-03-10,5558.68
511580,106236,B016,SALARY,ACTIVE,2022-09-10,17041.6
511581,106406,B004,SAVINGS,ACTIVE,2019-11-02,15693.08
511582,107681,B015,SALARY,ACTIVE,2019-12-14,134266.16
511583,101766,B011,SAVINGS,ACTIVE,2019-06-07,110429.16
511584,106844,B001,CURRENT,ACTIVE,2026-01-31,13400.72
511585,102885,B009,SAVINGS,ACTIVE,2022-02-17,18397.9
511586,108476,B004,SAVINGS,ACTIVE,2023-04-14,5031.59
511587,103077,B016,SALARY,BLOCKED,2024-05-01,24637.68
511588,109827,B012,SAVINGS,ACTIVE,2019-01-28,198109.88
511589,101337,B002,SAVINGS,ACTIVE,2025-02-20,3314.31
511590,103803,B012,CURRENT,ACTIVE,2020-08-19,4254.66
511591,106354,B011,CURRENT,ACTIVE,2026-04-23,11338.98
511592,105083,B014,SALARY,ACTIVE,2020-07-25,28015.67
511593,101864,B008,SAVINGS,ACTIVE,2025-08-01,29604.22
511594,100218,B013,SAVINGS,ACTIVE,2019-03-26,10460.88
511595,108827,B005,SAVINGS,ACTIVE,2025-05-27,52289.94
511596,102547,B003,SAVINGS,ACTIVE,2023-12-09,31772.56
511597,103322,B015,SAVINGS,ACTIVE,2024-12-24,107417.32
511598,105183,B019,SAVINGS,ACTIVE,2019-03-20,24224.4
511599,102081,B011,SAVINGS,ACTIVE,2019-08-14,16257.56
511600,103720,B010,CURRENT,ACTIVE,2022-12-31,67702.11
511601,107568,B018,SAVINGS,ACTIVE,2020-07-01,152723.69
511602,104367,B015,SAVINGS,ACTIVE,2021-12-23,4969.38
511603,109708,B015,CURRENT,ACTIVE,2024-06-27,86544.8
511604,105168,B015,SAVINGS,ACTIVE,2019-07-25,5924.66
511605,107698,B020,SAVINGS,ACTIVE,2021-07-19,128709.73
511606,108266,B005,SAVINGS,ACTIVE,2024-05-21,3848.47
511607,107119,B014,SAVINGS,ACTIVE,2025-04-02,58931.34
511608,100440,B009,SAVINGS,ACTIVE,2020-05-16,52323.99
511609,103660,B020,SAVINGS,ACTIVE,2023-12-05,24297.68
511610,106251,B002,CURRENT,ACTIVE,2025-01-31,58306.67
511611,108245,B005,SAVINGS,ACTIVE,2019-09-08,63342.7
511612,105781,B001,SALARY,ACTIVE,2019-02-23,47563.9
511613,108387,B004,SAVINGS,ACTIVE,2024-08-30,9780.53
511614,103578,B004,SAVINGS,ACTIVE,2025-01-25,9783.8
511615,107402,B013,SAVINGS,ACTIVE,2022-01-06,58412.01
511616,107564,B003,SAVINGS,ACTIVE,2019-09-13,7418.85
511617,101316,B020,SAVINGS,ACTIVE,2022-12-11,2646.34
511618,109916,B015,SAVINGS,ACTIVE,2025-08-10,13865.45
511619,107677,B004,SAVINGS,ACTIVE,2020-03-28,10191.78
511620,106634,B010,SAVINGS,ACTIVE,2021-02-18,58250.9
511621,104725,B019,SALARY,ACTIVE,2022-07-17,36822.13
511622,106708,B008,CURRENT,ACTIVE,2025-04-19,101764.05
511623,108893,B003,CURRENT,ACTIVE,2021-04-15,99718.38
511624,102348,B004,SAVINGS,ACTIVE,2021-01-22,63688.92
511625,109807,B020,SAVINGS,ACTIVE,2020-04-10,7682.15
511626,108729,B008,SALARY,ACTIVE,2025-11-13,68140.06
511627,102675,B007,SAVINGS,BLOCKED,2022-11-22,321694.71
511628,101125,B017,SAVINGS,ACTIVE,2022-06-20,28193.51
511629,104025,B005,SALARY,ACTIVE,2019-01-28,63840.09
511630,107815,B019,SALARY,ACTIVE,2021-03-15,18706.14
511631,107110,B020,SAVINGS,BLOCKED,2019-04-26,1590.83
511632,108940,B008,SAVINGS,ACTIVE,2019-07-12,13031.19
511633,106075,B009,SAVINGS,ACTIVE,2021-08-15,128306.68
511634,107220,B015,SAVINGS,ACTIVE,2022-01-08,19752.0
511635,109221,B011,SAVINGS,ACTIVE,2019-10-31,77751.12
511636,103149,B017,SALARY,ACTIVE,2021-04-12,137521.9
511637,106156,B007,SAVINGS,ACTIVE,2025-11-27,15095.2
511638,105262,B008,SAVINGS,ACTIVE,2021-07-29,13825.13
511639,107119,B014,SAVINGS,ACTIVE,2020-12-04,15799.95
511640,108662,B006,SALARY,ACTIVE,2026-04-14,7329.32
511641,101630,B019,SAVINGS,ACTIVE,2026-02-21,24627.38
511642,100741,B008,SAVINGS,ACTIVE,2020-01-19,4172.09
511643,102044,B014,SAVINGS,ACTIVE,2023-10-01,1681.77
511644,102479,B009,SALARY,ACTIVE,2021-10-08,41898.54
511645,101054,B016,SAVINGS,ACTIVE,2025-11-03,15342.11
511646,102117,B015,SAVINGS,ACTIVE,2019-12-31,12371.59
511647,109933,B017,SAVINGS,ACTIVE,2023-06-06,71341.02
511648,106357,B006,SALARY,ACTIVE,2025-04-26,34186.91
511649,104618,B004,SAVINGS,ACTIVE,2025-09-23,7405.65
511650,101080,B003,SAVINGS,ACTIVE,2020-10-27,37963.39
511651,106399,B016,SAVINGS,ACTIVE,2021-12-31,101872.28
511652,102693,B012,SAVINGS,ACTIVE,2025-03-19,83368.4
511653,107441,B009,SALARY,ACTIVE,2021-01-29,88746.98
511654,108493,B001,SAVINGS,ACTIVE,2020-03-30,28465.52
511655,103243,B002,SAVINGS,BLOCKED,2024-03-07,17653.91
511656,106185,B010,SALARY,ACTIVE,2024-07-05,79646.68
511657,109044,B001,SAVINGS,ACTIVE,2019-06-12,203193.37
511658,105291,B015,SAVINGS,ACTIVE,2024-04-17,20644.05
511659,101992,B018,SAVINGS,ACTIVE,2026-03-21,15091.68
511660,100999,B006,SALARY,ACTIVE,2021-02-02,166745.91
511661,102693,B014,SAVINGS,ACTIVE,2024-09-08,22484.07
511662,101597,B001,CURRENT,ACTIVE,2024-09-25,17900.89
511663,104780,B016,SAVINGS,ACTIVE,2025-06-08,14854.9
511664,101109,B018,SALARY,ACTIVE,2025-10-16,53170.13
511665,100476,B013,SAVINGS,ACTIVE,2021-07-29,26032.39
511666,101932,B008,SAVINGS,ACTIVE,2019-05-17,16523.52
511667,101219,B001,SAVINGS,ACTIVE,2021-03-08,24817.31
511668,102353,B007,SAVINGS,ACTIVE,2019-07-19,20226.37
511669,106991,B005,SAVINGS,ACTIVE,2025-09-08,16255.43
511670,104312,B015,SAVINGS,ACTIVE,2023-03-08,40876.52
511671,102106,B017,SALARY,ACTIVE,2023-11-07,32105.01
511672,103314,B004,SALARY,ACTIVE,2019-07-07,39207.61
511673,103887,B009,SAVINGS,ACTIVE,2019-05-01,82212.74
511674,100313,B014,CURRENT,ACTIVE,2020-01-10,6674.32
511675,107858,B013,SAVINGS,ACTIVE,2022-01-01,4837.6
511676,108243,B013,SAVINGS,ACTIVE,2022-02-24,10500.29
511677,108124,B007,SAVINGS,ACTIVE,2019-11-02,26839.38
511678,108253,B005,SAVINGS,ACTIVE,2022-07-19,31143.7
511679,108739,B015,SALARY,ACTIVE,2026-04-09,12704.68
511680,103708,B008,SAVINGS,ACTIVE,2025-02-02,24810.1
511681,107814,B012,SAVINGS,ACTIVE,2025-08-17,11761.37
511682,108991,B019,SAVINGS,ACTIVE,2019-09-01,4783.89
511683,105010,B001,SAVINGS,ACTIVE,2022-05-02,6010.43
511684,109678,B015,SAVINGS,ACTIVE,2023-04-17,49446.4
511685,109353,B013,SAVINGS,BLOCKED,2022-03-31,4250.5
511686,103798,B017,CURRENT,ACTIVE,2019-10-14,84046.58
511687,100097,B015,SAVINGS,ACTIVE,2021-10-28,28508.17
511688,106736,B009,SAVINGS,ACTIVE,2021-01-24,9561.37
511689,107318,B011,SAVINGS,ACTIVE,2021-09-30,22158.67
511690,108592,B013,SAVINGS,ACTIVE,2024-09-24,9026.3
511691,104113,B001,SAVINGS,ACTIVE,2021-06-11,155325.47
511692,107853,B007,SALARY,ACTIVE,2024-03-22,16823.95
511693,101156,B014,CURRENT,ACTIVE,2025-05-07,7763.89
511694,102348,B009,SAVINGS,ACTIVE,2021-08-20,506144.37
511695,108386,B019,SAVINGS,ACTIVE,2026-05-15,24804.62
511696,105557,B020,SAVINGS,ACTIVE,2026-01-02,57680.79
511697,101387,B002,SAVINGS,ACTIVE,2019-03-05,31431.49
511698,104277,B013,SAVINGS,ACTIVE,2021-09-19,36070.79
511699,102146,B005,SAVINGS,ACTIVE,2023-07-29,59667.28
511700,102852,B005,SAVINGS,ACTIVE,2022-11-30,67943.06
511701,102454,B010,CURRENT,ACTIVE,2024-07-21,11303.79
511702,106307,B014,SAVINGS,ACTIVE,2025-07-04,24155.36
511703,107196,B014,SALARY,ACTIVE,2024-07-18,27711.75
511704,100081,B020,SAVINGS,ACTIVE,2022-12-23,19311.35
511705,102050,B011,SAVINGS,ACTIVE,2020-02-18,116366.56
511706,101636,B014,SALARY,ACTIVE,2020-09-26,105637.84
511707,101328,B002,SALARY,ACTIVE,2019-10-26,1925.01
511708,101013,B013,SAVINGS,ACTIVE,2019-04-23,59880.47
511709,106326,B016,SAVINGS,ACTIVE,2022-12-25,46754.83
511710,109941,B013,SAVINGS,ACTIVE,2022-07-28,50071.39
511711,105073,B009,SALARY,ACTIVE,2022-08-18,44259.34
511712,101548,B015,SAVINGS,ACTIVE,2020-09-24,16961.2
511713,108551,B019,SAVINGS,ACTIVE,2020-05-31,156699.02
511714,108311,B020,SAVINGS,ACTIVE,2019-01-31,1412.81
511715,109445,B019,SAVINGS,ACTIVE,2023-05-21,3117.74
511716,108631,B001,CURRENT,ACTIVE,2023-04-06,7098.61
511717,102974,B004,SAVINGS,ACTIVE,2025-12-15,37091.33
511718,105028,B004,SALARY,ACTIVE,2020-02-14,11195.36
511719,108686,B020,SALARY,ACTIVE,2022-03-25,28961.8
511720,100546,B014,CURRENT,ACTIVE,2023-06-30,11268.21
511721,104341,B005,SAVINGS,ACTIVE,2025-08-22,8956.14
511722,107608,B002,SAVINGS,ACTIVE,2025-08-16,41589.43
511723,106953,B014,SAVINGS,ACTIVE,2025-09-22,46836.22
511724,105935,B016,CURRENT,ACTIVE,2020-10-19,305133.23
511725,107633,B019,SAVINGS,ACTIVE,2023-09-03,36036.66
511726,106418,B006,SALARY,ACTIVE,2026-02-05,16324.63
511727,106320,B018,SAVINGS,ACTIVE,2022-02-14,16474.38
511728,105589,B016,CURRENT,ACTIVE,2021-07-23,2897.62
511729,106926,B010,SALARY,ACTIVE,2023-09-13,51266.79
511730,103339,B018,SALARY,ACTIVE,2019-03-14,31983.83
511731,102666,B008,SAVINGS,ACTIVE,2020-04-02,22399.73
511732,109932,B005,SAVINGS,ACTIVE,2021-09-01,28692.82
511733,103666,B002,CURRENT,ACTIVE,2021-12-18,9190.73
511734,106921,B019,SAVINGS,ACTIVE,2024-05-22,2265.26
511735,103984,B004,SAVINGS,ACTIVE,2022-06-15,21273.58
511736,107094,B003,SAVINGS,ACTIVE,2021-09-01,18635.5
511737,102759,B012,SAVINGS,ACTIVE,2022-07-28,34821.77
511738,105506,B006,SAVINGS,ACTIVE,2020-08-16,30021.56
511739,104435,B015,CURRENT,ACTIVE,2019-03-04,29448.05
511740,100594,B006,SAVINGS,ACTIVE,2020-05-25,13122.86
511741,104306,B020,SAVINGS,ACTIVE,2019-05-11,242072.58
511742,105875,B008,SAVINGS,ACTIVE,2020-07-07,94617.5
511743,103995,B007,SAVINGS,ACTIVE,2019-06-21,9481.38
511744,104763,B015,SAVINGS,ACTIVE,2024-10-24,121324.06
511745,105085,B005,SAVINGS,ACTIVE,2021-10-18,42376.29
511746,104161,B004,CURRENT,BLOCKED,2020-03-06,4931.0
511747,103867,B006,SAVINGS,ACTIVE,2022-09-12,99265.06
511748,104656,B009,SAVINGS,ACTIVE,2023-10-04,16117.71
511749,101412,B006,SAVINGS,ACTIVE,2025-09-22,16966.85
511750,108525,B018,SAVINGS,ACTIVE,2023-06-03,21629.72
511751,105656,B018,SAVINGS,ACTIVE,2022-03-05,31235.09
511752,108632,B001,SAVINGS,ACTIVE,2023-04-08,20275.07
511753,101798,B010,SAVINGS,BLOCKED,2022-01-17,77868.97
511754,108664,B012,SAVINGS,ACTIVE,2023-06-12,168555.22
511755,109871,B012,SAVINGS,ACTIVE,2021-02-05,18468.24
511756,105685,B013,CURRENT,ACTIVE,2020-11-04,5077.3
511757,106583,B002,SAVINGS,ACTIVE,2023-01-11,16378.42
511758,107478,B006,SAVINGS,ACTIVE,2022-12-01,9968.54
511759,103443,B011,SALARY,CLOSED,2024-03-26,14692.99
511760,102685,B016,SALARY,ACTIVE,2020-07-14,5882.35
511761,104018,B008,SAVINGS,ACTIVE,2021-11-05,44054.5
511762,101549,B019,SAVINGS,ACTIVE,2019-12-21,5635.95
511763,102312,B016,SALARY,ACTIVE,2025-08-22,7648.21
511764,106305,B007,SAVINGS,ACTIVE,2024-04-06,156870.6
511765,105245,B016,SAVINGS,ACTIVE,2019-07-22,5263.78
511766,109034,B017,SAVINGS,ACTIVE,2022-06-17,6739.44
511767,103295,B002,SAVINGS,ACTIVE,2019-04-28,144501.25
511768,106752,B005,SAVINGS,ACTIVE,2022-08-29,23800.17
511769,103771,B018,SAVINGS,ACTIVE,2024-06-20,7595.69
511770,109254,B005,SAVINGS,ACTIVE,2019-01-22,8582.64
511771,107806,B002,SAVINGS,ACTIVE,2021-03-12,533072.42
511772,104397,B012,SALARY,ACTIVE,2025-05-04,65734.39
511773,107290,B020,SALARY,ACTIVE,2020-02-03,36929.41
511774,104163,B011,SAVINGS,ACTIVE,2019-03-11,67421.1
511775,109566,B001,SALARY,ACTIVE,2025-01-19,18445.49
511776,108796,B019,SAVINGS,ACTIVE,2020-06-03,31393.99
511777,103161,B008,SAVINGS,ACTIVE,2020-05-09,45490.38
511778,105704,B010,SAVINGS,ACTIVE,2023-08-07,14365.03
511779,101130,B009,SAVINGS,ACTIVE,2024-12-19,30036.1
511780,102376,B012,SAVINGS,ACTIVE,2022-05-18,146111.49
511781,106325,B014,SAVINGS,ACTIVE,2023-09-07,7621.12
511782,100351,B007,CURRENT,BLOCKED,2022-10-15,15493.61
511783,102565,B004,SAVINGS,ACTIVE,2023-06-23,13707.81
511784,102589,B005,SALARY,ACTIVE,2024-09-26,61545.0
511785,108310,B020,CURRENT,ACTIVE,2019-11-13,90593.73
511786,100048,B015,SAVINGS,ACTIVE,2023-02-15,5207.35
511787,108376,B002,SAVINGS,ACTIVE,2025-07-16,18682.23
511788,109874,B002,CURRENT,ACTIVE,2023-06-05,11889.82
511789,106910,B004,SAVINGS,ACTIVE,2019-09-20,45910.92
511790,101579,B018,SAVINGS,ACTIVE,2024-09-29,27067.62
511791,102413,B005,SAVINGS,ACTIVE,2019-07-16,71269.84
511792,101608,B019,SALARY,ACTIVE,2025-05-02,217422.29
511793,108286,B010,SAVINGS,ACTIVE,2024-12-12,2625.95
511794,107223,B011,SAVINGS,ACTIVE,2024-10-06,2642.25
511795,101107,B002,SAVINGS,ACTIVE,2020-11-22,27091.6
511796,109458,B002,SAVINGS,ACTIVE,2020-01-16,42777.66
511797,100424,B004,SAVINGS,ACTIVE,2024-12-12,10335.21
511798,101668,B007,SAVINGS,ACTIVE,2020-12-20,29058.56
511799,109693,B020,SAVINGS,ACTIVE,2023-01-14,36630.66
511800,102200,B002,CURRENT,ACTIVE,2022-04-01,6107.07
511801,107262,B018,SAVINGS,ACTIVE,2020-10-23,37865.18
511802,103475,B005,SALARY,ACTIVE,2025-12-09,54993.76
511803,104152,B001,SAVINGS,ACTIVE,2020-07-27,27719.06
511804,104927,B014,SAVINGS,ACTIVE,2021-11-15,5147.45
511805,104707,B020,SAVINGS,ACTIVE,2024-12-10,9293.23
511806,100772,B001,SAVINGS,ACTIVE,2020-09-13,44235.57
511807,101451,B015,SALARY,ACTIVE,2021-08-26,189013.06
511808,100431,B006,SALARY,ACTIVE,2026-04-19,42932.69
511809,108515,B015,SAVINGS,ACTIVE,2021-08-11,19885.52
511810,100028,B013,SAVINGS,ACTIVE,2025-02-23,33104.87
511811,108221,B015,SAVINGS,ACTIVE,2024-09-06,19884.23
511812,109962,B017,SAVINGS,ACTIVE,2023-12-25,39451.93
511813,103033,B003,SAVINGS,ACTIVE,2020-11-17,44825.57
511814,106515,B014,SAVINGS,ACTIVE,2020-11-21,4699.13
511815,106445,B013,SAVINGS,ACTIVE,2024-10-17,105691.01
511816,109009,B013,CURRENT,ACTIVE,2024-06-19,180759.17
511817,100024,B017,SAVINGS,ACTIVE,2023-03-07,7133.64
511818,107692,B004,SAVINGS,ACTIVE,2025-08-12,12636.26
511819,108752,B016,SAVINGS,ACTIVE,2019-09-22,59926.47
511820,109063,B016,SAVINGS,ACTIVE,2025-12-21,19038.88
511821,100375,B017,SAVINGS,ACTIVE,2023-03-05,7563.05
511822,103999,B006,SAVINGS,ACTIVE,2024-05-17,4731.49
511823,107904,B013,SAVINGS,ACTIVE,2020-03-15,22734.08
511824,108077,B016,SAVINGS,ACTIVE,2023-03-28,6601.36
511825,103166,B006,SAVINGS,ACTIVE,2021-09-16,49735.87
511826,109746,B008,CURRENT,ACTIVE,2026-04-15,27258.22
511827,104793,B003,SALARY,ACTIVE,2021-06-11,184741.53
511828,105147,B009,SAVINGS,ACTIVE,2024-11-10,99192.1
511829,105936,B008,SALARY,ACTIVE,2025-12-02,25679.76
511830,108085,B018,SAVINGS,ACTIVE,2021-02-03,97467.54
511831,103207,B002,SAVINGS,ACTIVE,2025-07-17,13406.79
511832,109634,B004,SAVINGS,ACTIVE,2025-05-04,11537.97
511833,105452,B018,SAVINGS,ACTIVE,2023-12-29,108519.15
511834,107347,B013,SAVINGS,ACTIVE,2024-09-28,223641.11
511835,106745,B001,SAVINGS,ACTIVE,2020-04-07,90946.96
511836,100108,B016,SALARY,ACTIVE,2024-06-08,7159.12
511837,108318,B009,CURRENT,ACTIVE,2023-03-25,6655.52
511838,107995,B005,CURRENT,ACTIVE,2023-09-12,58659.35
511839,108850,B001,SAVINGS,ACTIVE,2023-12-31,10011.89
511840,101080,B009,SAVINGS,ACTIVE,2025-12-11,10653.82
511841,102057,B005,SAVINGS,ACTIVE,2022-12-11,22571.99
511842,109444,B007,SAVINGS,BLOCKED,2022-02-25,12936.41
511843,108311,B016,CURRENT,ACTIVE,2025-03-18,213640.35
511844,108752,B016,SAVINGS,ACTIVE,2024-12-29,170405.62
511845,104542,B011,SAVINGS,ACTIVE,2024-05-29,162619.68
511846,103226,B013,SAVINGS,ACTIVE,2025-09-01,19465.09
511847,102166,B005,SAVINGS,ACTIVE,2020-04-25,183544.41
511848,106345,B010,SAVINGS,ACTIVE,2023-11-03,23322.06
511849,102596,B016,SALARY,ACTIVE,2024-12-31,60755.63
511850,109701,B018,CURRENT,ACTIVE,2020-09-02,66396.07
511851,109685,B007,SAVINGS,BLOCKED,2024-06-04,13178.99
511852,103278,B007,SAVINGS,ACTIVE,2025-05-27,66567.9
511853,100621,B001,SALARY,ACTIVE,2025-10-17,20360.78
511854,107522,B005,SAVINGS,ACTIVE,2025-08-27,50837.15
511855,107315,B012,SAVINGS,ACTIVE,2020-10-01,11744.22
511856,103268,B016,SAVINGS,BLOCKED,2024-02-14,48226.79
511857,100586,B010,CURRENT,ACTIVE,2020-01-03,56672.94
511858,105097,B007,SAVINGS,ACTIVE,2026-04-19,61084.88
511859,109604,B004,SAVINGS,ACTIVE,2023-04-11,275533.51
511860,109388,B009,CURRENT,ACTIVE,2021-07-10,126626.45
511861,102857,B012,CURRENT,ACTIVE,2019-02-13,12634.33
511862,104618,B012,CURRENT,ACTIVE,2021-10-04,10926.16
511863,103741,B007,SAVINGS,BLOCKED,2019-10-26,95178.65
511864,100192,B020,SAVINGS,ACTIVE,2026-03-08,141211.78
511865,106479,B003,SAVINGS,ACTIVE,2021-09-18,2448.79
511866,105070,B007,SAVINGS,CLOSED,2025-11-13,42953.66
511867,102527,B004,SAVINGS,ACTIVE,2021-03-31,3440.46
511868,103215,B013,SAVINGS,ACTIVE,2022-04-21,47513.31
511869,102480,B001,SAVINGS,ACTIVE,2021-06-30,77764.82
511870,108553,B019,SAVINGS,ACTIVE,2019-08-06,29565.78
511871,104866,B013,SAVINGS,ACTIVE,2024-02-03,26401.38
511872,108050,B006,SAVINGS,ACTIVE,2019-05-13,20528.28
511873,102185,B016,SAVINGS,ACTIVE,2022-02-24,54053.31
511874,107732,B016,SAVINGS,ACTIVE,2020-04-04,52055.43
511875,107455,B009,SAVINGS,ACTIVE,2020-01-30,82085.88
511876,106976,B015,SAVINGS,ACTIVE,2019-11-05,43873.26
511877,107424,B012,SAVINGS,ACTIVE,2020-04-11,7565.97
511878,109868,B016,SALARY,ACTIVE,2024-01-13,3619.63
511879,107804,B015,CURRENT,ACTIVE,2019-11-07,10267.47
511880,102859,B017,SALARY,ACTIVE,2019-06-14,22421.34
511881,103290,B013,SAVINGS,ACTIVE,2025-06-29,148856.36
511882,100851,B009,SAVINGS,ACTIVE,2024-11-25,68006.17
511883,106983,B006,SAVINGS,ACTIVE,2021-11-03,213035.2
511884,106933,B003,SAVINGS,BLOCKED,2019-08-30,57523.55
511885,102723,B003,CURRENT,ACTIVE,2022-09-03,100503.36
511886,106359,B011,SAVINGS,ACTIVE,2021-05-14,3512.68
511887,109711,B017,CURRENT,ACTIVE,2023-02-24,5406.65
511888,103675,B004,SAVINGS,ACTIVE,2021-07-09,129275.18
511889,109688,B004,SALARY,ACTIVE,2024-12-09,33184.65
511890,100193,B003,SAVINGS,ACTIVE,2021-01-10,23771.99
511891,100717,B015,SALARY,ACTIVE,2023-06-17,3546.94
511892,103700,B010,SAVINGS,ACTIVE,2024-01-03,56310.66
511893,107367,B002,SAVINGS,ACTIVE,2025-05-17,22260.51
511894,101676,B006,CURRENT,ACTIVE,2023-04-13,2748.26
511895,102675,B005,SAVINGS,ACTIVE,2024-10-06,57056.28
511896,101511,B008,SAVINGS,ACTIVE,2022-05-26,22963.11
511897,101117,B020,SAVINGS,ACTIVE,2024-02-27,20876.69
511898,108813,B004,SAVINGS,ACTIVE,2020-05-29,61945.38
511899,101925,B011,CURRENT,ACTIVE,2021-11-27,12248.24
511900,105033,B018,SAVINGS,ACTIVE,2021-12-19,6667.55
511901,107344,B010,SAVINGS,ACTIVE,2025-04-30,13473.71
511902,105141,B015,SAVINGS,ACTIVE,2024-06-02,70546.77
511903,103582,B007,SAVINGS,ACTIVE,2026-04-10,8406.69
511904,101436,B013,SALARY,ACTIVE,2023-04-07,31301.61
511905,109175,B002,SAVINGS,ACTIVE,2022-02-03,85483.15
511906,109349,B003,SAVINGS,ACTIVE,2019-05-18,28766.65
511907,104553,B001,SALARY,ACTIVE,2026-01-18,14444.94
511908,103712,B007,CURRENT,ACTIVE,2026-03-23,52444.78
511909,106314,B007,CURRENT,ACTIVE,2022-09-30,26060.58
511910,105876,B013,SAVINGS,ACTIVE,2019-08-10,20138.92
511911,100441,B017,SAVINGS,ACTIVE,2026-05-16,13164.67
511912,100788,B005,SALARY,ACTIVE,2019-01-20,29054.43
511913,101050,B012,SAVINGS,ACTIVE,2021-03-01,64535.05
511914,105367,B017,SAVINGS,ACTIVE,2020-05-13,15437.27
511915,107792,B014,SAVINGS,ACTIVE,2019-10-14,22148.46
511916,100822,B018,SAVINGS,ACTIVE,2025-11-29,72306.49
511917,105885,B010,SAVINGS,ACTIVE,2022-12-07,25067.7
511918,104429,B012,SALARY,ACTIVE,2022-01-23,23478.53
511919,101734,B002,SAVINGS,ACTIVE,2023-08-02,6199.1
511920,108684,B003,SAVINGS,ACTIVE,2023-10-14,28722.62
511921,103044,B005,SAVINGS,ACTIVE,2025-12-30,47260.85
511922,100467,B005,SAVINGS,ACTIVE,2020-10-04,19043.85
511923,103461,B010,SALARY,ACTIVE,2020-03-03,33241.7
511924,103978,B001,SAVINGS,ACTIVE,2022-05-11,16497.23
511925,100637,B015,SAVINGS,ACTIVE,2019-09-24,5148.81
511926,102535,B006,CURRENT,BLOCKED,2023-07-21,2942.76
511927,101795,B008,SAVINGS,ACTIVE,2025-07-09,75784.39
511928,101925,B017,SAVINGS,ACTIVE,2026-01-05,216181.12
511929,109368,B016,SAVINGS,ACTIVE,2023-03-16,118603.55
511930,103992,B007,SAVINGS,ACTIVE,2021-11-10,11609.14
511931,104980,B003,SALARY,ACTIVE,2020-02-14,71338.72
511932,109219,B017,SAVINGS,ACTIVE,2021-10-21,14491.62
511933,101456,B017,CURRENT,ACTIVE,2020-03-04,11425.2
511934,104641,B018,SAVINGS,ACTIVE,2019-09-27,112160.73
511935,102205,B006,SAVINGS,ACTIVE,2020-10-06,12008.54
511936,106168,B018,SAVINGS,BLOCKED,2024-11-14,20130.52
511937,100065,B016,SAVINGS,ACTIVE,2025-10-02,19670.85
511938,108372,B017,SAVINGS,ACTIVE,2026-01-10,12988.42
511939,106041,B002,SALARY,ACTIVE,2023-09-28,143195.19
511940,101174,B004,SAVINGS,ACTIVE,2019-01-10,125831.77
511941,100482,B005,CURRENT,ACTIVE,2021-10-07,4956.41
511942,103418,B013,SAVINGS,ACTIVE,2025-03-04,44195.4
511943,105548,B002,SALARY,ACTIVE,2026-01-31,22934.69
511944,100403,B009,SALARY,ACTIVE,2020-05-12,12269.44
511945,107998,B001,SAVINGS,ACTIVE,2023-01-08,17849.45
511946,100941,B005,SAVINGS,ACTIVE,2025-12-11,33603.79
511947,101108,B018,SAVINGS,ACTIVE,2019-07-26,29856.03
511948,102734,B019,SALARY,ACTIVE,2023-02-17,52127.96
511949,105429,B013,SAVINGS,ACTIVE,2021-07-14,56714.0
511950,106084,B020,SAVINGS,ACTIVE,2025-05-01,5411.32
511951,100184,B014,CURRENT,ACTIVE,2025-08-01,23284.97
511952,104384,B008,SAVINGS,ACTIVE,2023-06-12,21039.08
511953,109309,B010,SAVINGS,ACTIVE,2021-01-27,69044.54
511954,101924,B017,SAVINGS,ACTIVE,2024-02-18,2188.27
511955,109623,B016,SAVINGS,ACTIVE,2024-12-27,188912.08
511956,100510,B020,SAVINGS,ACTIVE,2025-09-03,26584.11
511957,106435,B011,SAVINGS,ACTIVE,2022-01-10,39207.12
511958,104864,B019,SAVINGS,ACTIVE,2020-12-15,3428.41
511959,105165,B017,SAVINGS,ACTIVE,2019-11-18,18904.02
511960,100375,B006,SAVINGS,ACTIVE,2022-10-29,8079.67
511961,104855,B019,SAVINGS,ACTIVE,2019-05-16,82080.38
511962,101861,B001,SALARY,ACTIVE,2025-07-29,15653.82
511963,102385,B017,SAVINGS,ACTIVE,2024-08-08,22989.83
511964,100585,B004,SAVINGS,ACTIVE,2024-08-06,12495.0
511965,101899,B009,SAVINGS,ACTIVE,2019-06-02,8976.61
511966,105729,B004,SAVINGS,ACTIVE,2019-08-30,59700.08
511967,100915,B001,SAVINGS,ACTIVE,2024-09-06,9175.7
511968,101550,B006,SAVINGS,ACTIVE,2020-09-02,32963.86
511969,100875,B010,SAVINGS,ACTIVE,2021-01-15,15015.97
511970,103735,B008,SAVINGS,ACTIVE,2023-09-11,41997.17
511971,105082,B003,SAVINGS,ACTIVE,2021-10-18,69264.33
511972,102209,B017,CURRENT,ACTIVE,2020-05-02,30063.87
511973,105687,B015,SAVINGS,ACTIVE,2024-11-08,75738.59
511974,108985,B007,SAVINGS,ACTIVE,2021-01-08,73061.41
511975,106580,B011,SALARY,BLOCKED,2019-10-10,39243.63
511976,106361,B019,SAVINGS,ACTIVE,2021-01-20,33609.22
511977,102519,B010,SAVINGS,ACTIVE,2024-08-18,11048.87
511978,104196,B014,SAVINGS,ACTIVE,2020-07-27,12407.12
511979,105521,B003,CURRENT,ACTIVE,2020-01-25,36049.24
511980,108144,B002,SAVINGS,ACTIVE,2024-02-18,11356.31
511981,102599,B010,SAVINGS,ACTIVE,2023-12-21,15747.16
511982,108186,B020,SAVINGS,ACTIVE,2021-02-15,55842.78
511983,101285,B005,SAVINGS,ACTIVE,2026-03-30,76296.44
511984,107120,B006,SALARY,ACTIVE,2025-04-20,1201.31
511985,108218,B015,SAVINGS,ACTIVE,2019-09-16,24200.77
511986,105095,B015,SAVINGS,ACTIVE,2026-05-15,64481.48
511987,104981,B004,SAVINGS,ACTIVE,2019-06-30,17079.47
511988,105198,B016,SAVINGS,ACTIVE,2021-11-01,53097.29
511989,105239,B009,CURRENT,ACTIVE,2019-03-04,47846.36
511990,108087,B008,SAVINGS,ACTIVE,2025-07-24,24368.44
511991,107991,B007,SALARY,ACTIVE,2023-10-06,15220.88
511992,101477,B018,SAVINGS,BLOCKED,2022-09-12,7727.78
511993,100731,B013,SAVINGS,ACTIVE,2024-12-28,4925.72
511994,105584,B017,SALARY,ACTIVE,2023-11-15,31657.33
511995,103981,B019,SAVINGS,ACTIVE,2023-10-23,4841.04
511996,109230,B016,SAVINGS,ACTIVE,2025-12-29,55824.03
511997,102165,B005,SAVINGS,ACTIVE,2022-07-17,74158.92
511998,108270,B018,CURRENT,ACTIVE,2023-04-23,70082.47
511999,107909,B008,SAVINGS,ACTIVE,2021-12-16,14212.28
512000,104383,B007,SALARY,ACTIVE,2026-04-20,88047.39
512001,108413,B017,SALARY,ACTIVE,2024-07-25,1391.82
512002,107728,B015,SAVINGS,ACTIVE,2020-09-27,13696.31
512003,101194,B015,SAVINGS,ACTIVE,2022-07-15,3100.95
512004,101495,B010,SALARY,ACTIVE,2026-03-31,36688.88
512005,103509,B008,SAVINGS,ACTIVE,2024-02-28,12266.33
512006,109091,B014,SAVINGS,ACTIVE,2020-04-15,8612.34
512007,104630,B016,SAVINGS,ACTIVE,2022-04-30,4131.79
512008,105129,B015,SAVINGS,ACTIVE,2025-10-02,34033.83
512009,105784,B020,SAVINGS,ACTIVE,2024-10-14,22297.67
512010,107938,B013,SALARY,ACTIVE,2024-02-23,11147.39
512011,107147,B014,SAVINGS,ACTIVE,2019-04-22,45713.08
512012,105281,B017,SAVINGS,BLOCKED,2025-10-29,12622.91
512013,104232,B002,SAVINGS,ACTIVE,2022-10-29,48042.16
512014,106131,B005,SALARY,ACTIVE,2024-08-03,5304.65
512015,103511,B018,SALARY,ACTIVE,2019-09-05,154355.73
512016,103892,B001,SALARY,ACTIVE,2021-03-26,182134.13
512017,105808,B013,SAVINGS,ACTIVE,2020-11-14,13557.63
512018,101656,B014,SAVINGS,ACTIVE,2020-03-16,117750.52
512019,104599,B013,SAVINGS,ACTIVE,2020-08-19,13803.63
512020,105200,B002,SAVINGS,ACTIVE,2026-05-08,41661.77
512021,109754,B017,SAVINGS,ACTIVE,2024-03-24,2708.1
512022,109865,B006,SAVINGS,ACTIVE,2024-06-08,12226.0
512023,101327,B012,SAVINGS,ACTIVE,2024-10-02,61486.56
512024,100302,B004,SALARY,ACTIVE,2025-05-04,187608.39
512025,108195,B001,CURRENT,ACTIVE,2021-08-22,22946.2
512026,103508,B007,SALARY,ACTIVE,2023-06-17,6386.03
512027,102393,B003,SAVINGS,ACTIVE,2025-02-18,37714.37
512028,100972,B020,CURRENT,ACTIVE,2019-02-02,5661.32
512029,100061,B019,SAVINGS,ACTIVE,2023-06-04,9030.44
512030,106879,B014,SAVINGS,ACTIVE,2025-07-21,15844.2
512031,103651,B008,SAVINGS,BLOCKED,2023-12-29,42257.42
512032,103282,B001,SALARY,ACTIVE,2024-02-29,9082.96
512033,105411,B010,SAVINGS,ACTIVE,2026-05-20,15906.89
512034,109818,B020,SAVINGS,ACTIVE,2025-06-17,31366.62
512035,100820,B012,SAVINGS,ACTIVE,2024-03-04,53609.69
512036,101715,B020,SAVINGS,ACTIVE,2021-03-22,5720.54
512037,101924,B013,SAVINGS,ACTIVE,2025-12-22,15196.54
512038,104659,B015,SAVINGS,ACTIVE,2022-03-30,29450.83
512039,107461,B002,CURRENT,ACTIVE,2026-03-04,33346.1
512040,109862,B016,SAVINGS,ACTIVE,2025-05-17,36936.24
512041,106764,B008,CURRENT,ACTIVE,2020-01-27,34109.51
512042,101984,B004,SAVINGS,ACTIVE,2025-05-28,19800.58
512043,107332,B012,CURRENT,ACTIVE,2023-07-11,76371.41
512044,101162,B011,SALARY,ACTIVE,2024-10-28,56084.1
512045,106363,B008,SAVINGS,ACTIVE,2024-09-05,98356.65
512046,106558,B010,SAVINGS,ACTIVE,2021-12-05,13173.86
512047,102421,B007,SAVINGS,ACTIVE,2020-02-28,7094.08
512048,100769,B014,SAVINGS,ACTIVE,2024-11-10,19811.34
512049,102376,B002,SAVINGS,ACTIVE,2023-04-04,28263.3
512050,104020,B015,SAVINGS,ACTIVE,2022-07-12,36313.31
512051,104662,B011,SAVINGS,ACTIVE,2025-06-04,3346.36
512052,102854,B006,SAVINGS,ACTIVE,2019-08-17,9552.46
512053,108819,B008,SAVINGS,CLOSED,2019-08-13,11191.93
512054,104876,B006,SAVINGS,ACTIVE,2021-10-03,35472.89
512055,103539,B017,SALARY,ACTIVE,2021-07-08,6233.79
512056,100921,B018,SAVINGS,ACTIVE,2024-01-01,46044.41
512057,105841,B013,SALARY,ACTIVE,2025-11-28,6295.68
512058,108863,B006,CURRENT,ACTIVE,2024-03-15,10983.36
512059,106754,B019,SAVINGS,ACTIVE,2024-09-14,7567.03
512060,100789,B008,CURRENT,ACTIVE,2022-10-22,30947.4
512061,100536,B009,SALARY,ACTIVE,2023-06-23,54500.36
512062,109206,B015,SAVINGS,ACTIVE,2025-07-11,220318.22
512063,101915,B013,SAVINGS,ACTIVE,2021-03-06,35742.63
512064,107989,B015,SAVINGS,ACTIVE,2022-11-30,19859.64
512065,100311,B001,SALARY,ACTIVE,2023-07-17,14544.29
512066,108430,B008,SALARY,ACTIVE,2024-12-10,31294.58
512067,100636,B004,SAVINGS,ACTIVE,2019-02-17,298390.56
512068,107190,B020,SALARY,ACTIVE,2025-10-12,10424.38
512069,108541,B002,SALARY,ACTIVE,2024-08-23,166133.09
512070,109757,B007,SAVINGS,ACTIVE,2020-05-16,56085.1
512071,102218,B020,SAVINGS,ACTIVE,2019-07-29,12000.58
512072,108010,B006,SAVINGS,ACTIVE,2020-02-03,26970.71
512073,101332,B017,SAVINGS,ACTIVE,2025-06-29,3904.16
512074,104215,B002,SAVINGS,ACTIVE,2025-05-09,44065.21
512075,104923,B017,SAVINGS,ACTIVE,2020-08-29,7388.34
512076,108227,B008,SALARY,ACTIVE,2022-06-10,28116.38
512077,102190,B015,SALARY,ACTIVE,2020-03-27,22794.71
512078,109417,B013,SAVINGS,ACTIVE,2019-10-11,38304.39
512079,103651,B014,CURRENT,ACTIVE,2022-02-10,15592.47
512080,108640,B002,SAVINGS,ACTIVE,2019-01-28,39360.1
512081,108516,B007,SALARY,ACTIVE,2026-03-11,16864.49
512082,106318,B001,SAVINGS,ACTIVE,2023-11-15,18332.02
512083,104149,B019,SAVINGS,ACTIVE,2025-10-12,42353.29
512084,109177,B008,SAVINGS,ACTIVE,2024-04-22,5375.35
512085,109858,B019,SAVINGS,ACTIVE,2026-02-02,32005.33
512086,105565,B010,CURRENT,ACTIVE,2019-03-23,11391.48
512087,102037,B017,CURRENT,ACTIVE,2019-05-05,13019.06
512088,102145,B006,SAVINGS,BLOCKED,2025-07-24,5250.39
512089,105054,B009,SAVINGS,ACTIVE,2023-02-14,4728.74
512090,101755,B002,SAVINGS,ACTIVE,2024-07-28,15358.02
512091,103783,B018,CURRENT,ACTIVE,2024-05-20,23273.74
512092,106990,B015,SALARY,ACTIVE,2024-02-09,34599.7
512093,109140,B008,SAVINGS,CLOSED,2020-11-18,23120.35
512094,103512,B007,SAVINGS,ACTIVE,2025-03-29,40692.67
512095,107704,B014,SALARY,ACTIVE,2025-12-05,15363.1
512096,100917,B005,SAVINGS,ACTIVE,2026-01-08,16400.29
512097,102227,B014,SAVINGS,ACTIVE,2021-03-08,138011.59
512098,100685,B008,SAVINGS,ACTIVE,2026-02-18,55593.28
512099,103990,B011,SAVINGS,CLOSED,2024-02-28,12832.37
512100,101276,B009,SALARY,ACTIVE,2024-10-27,18326.71
512101,108610,B008,SAVINGS,ACTIVE,2020-03-21,9019.75
512102,107732,B007,SAVINGS,ACTIVE,2020-07-25,101580.7
512103,108428,B006,SAVINGS,ACTIVE,2019-03-31,25875.42
512104,100448,B015,SAVINGS,ACTIVE,2025-11-08,6013.04
512105,100997,B005,SAVINGS,ACTIVE,2021-07-30,21342.44
512106,107716,B015,SAVINGS,ACTIVE,2021-10-15,5795.47
512107,108599,B015,SAVINGS,ACTIVE,2019-04-12,16492.44
512108,100041,B001,CURRENT,ACTIVE,2022-05-05,22623.83
512109,106052,B014,SAVINGS,ACTIVE,2021-07-12,15364.01
512110,100762,B008,SALARY,ACTIVE,2019-06-22,31265.89
512111,100800,B014,SAVINGS,ACTIVE,2022-05-05,32823.45
512112,108722,B012,SAVINGS,ACTIVE,2024-03-11,41197.04
512113,105746,B005,SAVINGS,ACTIVE,2019-08-21,48637.98
512114,108256,B017,SAVINGS,ACTIVE,2019-10-15,80727.18
512115,109814,B019,SALARY,ACTIVE,2024-07-23,37937.1
512116,105844,B007,SALARY,ACTIVE,2025-11-28,8813.19
512117,100044,B009,SAVINGS,ACTIVE,2022-04-27,112011.19
512118,102256,B001,SALARY,ACTIVE,2021-05-29,258134.34
512119,108213,B001,SAVINGS,ACTIVE,2023-12-09,8910.84
512120,100475,B017,SAVINGS,ACTIVE,2022-09-28,10155.83
512121,106370,B018,SAVINGS,ACTIVE,2022-09-25,81171.4
512122,103863,B015,SAVINGS,ACTIVE,2024-11-25,76274.4
512123,107460,B018,SAVINGS,ACTIVE,2023-05-19,15252.23
512124,107845,B012,SAVINGS,ACTIVE,2022-01-25,5046.91
512125,103974,B007,SAVINGS,ACTIVE,2020-02-14,3774.77
512126,105438,B012,SAVINGS,ACTIVE,2019-01-29,12291.48
512127,104533,B008,SALARY,BLOCKED,2024-05-08,103760.06
512128,108163,B016,SAVINGS,ACTIVE,2020-12-10,29381.65
512129,108443,B005,SALARY,ACTIVE,2022-01-08,15799.62
512130,106774,B011,SAVINGS,ACTIVE,2022-02-04,132359.66
512131,101269,B018,SALARY,CLOSED,2020-01-22,37587.35
512132,108989,B013,SAVINGS,ACTIVE,2024-10-15,15589.21
512133,106799,B002,SAVINGS,ACTIVE,2025-11-13,6440.32
512134,107607,B020,SALARY,ACTIVE,2023-10-20,9441.35
512135,101891,B011,SAVINGS,ACTIVE,2021-05-05,133693.84
512136,101758,B005,SALARY,ACTIVE,2023-12-26,20607.83
512137,107575,B016,SAVINGS,ACTIVE,2022-04-19,4394.71
512138,102205,B013,SAVINGS,ACTIVE,2019-02-25,17090.4
512139,108152,B003,CURRENT,ACTIVE,2026-03-16,36582.71
512140,102967,B016,SALARY,ACTIVE,2026-01-21,25474.18
512141,109703,B009,SAVINGS,CLOSED,2020-05-15,116635.59
512142,102661,B003,SAVINGS,ACTIVE,2019-08-23,73497.29
512143,104621,B003,SAVINGS,ACTIVE,2021-08-13,8577.71
512144,101341,B019,SALARY,ACTIVE,2022-05-27,12915.03
512145,103716,B007,SAVINGS,ACTIVE,2024-07-02,30304.53
512146,107938,B006,CURRENT,ACTIVE,2019-11-05,42023.83
512147,108921,B014,SAVINGS,ACTIVE,2019-08-24,10437.99
512148,102986,B016,SAVINGS,ACTIVE,2020-09-12,57427.5
512149,106660,B002,CURRENT,ACTIVE,2024-07-19,15410.79
512150,105060,B013,SAVINGS,ACTIVE,2020-12-01,48954.03
512151,101343,B012,SAVINGS,ACTIVE,2026-04-01,25496.62
512152,109455,B011,SAVINGS,BLOCKED,2019-01-11,25542.54
512153,101419,B002,SAVINGS,ACTIVE,2023-11-26,33258.46
512154,102956,B019,SALARY,ACTIVE,2023-10-10,34511.5
512155,101557,B020,SALARY,ACTIVE,2021-08-22,29766.53
512156,106054,B009,SAVINGS,BLOCKED,2022-12-31,24908.17
512157,109551,B014,CURRENT,ACTIVE,2024-06-26,65940.86
512158,105109,B010,SAVINGS,ACTIVE,2022-09-04,286657.81
512159,103195,B009,SALARY,ACTIVE,2024-02-28,76116.59
512160,108961,B011,SAVINGS,CLOSED,2022-04-23,15337.2
512161,109261,B011,SAVINGS,ACTIVE,2026-05-02,72710.48
512162,109487,B018,SALARY,ACTIVE,2025-04-06,49232.42
512163,105385,B011,SAVINGS,BLOCKED,2025-07-16,74704.01
512164,109846,B020,SAVINGS,ACTIVE,2021-04-05,44459.29
512165,100809,B006,SALARY,ACTIVE,2019-05-13,34491.93
512166,102362,B020,SAVINGS,ACTIVE,2020-04-30,2291.34
512167,109264,B014,SAVINGS,ACTIVE,2023-01-28,14832.58
512168,109326,B017,SAVINGS,ACTIVE,2025-03-11,65085.21
512169,109566,B011,CURRENT,ACTIVE,2024-09-29,98326.32
512170,108493,B010,SAVINGS,ACTIVE,2025-03-07,6643.54
512171,102828,B004,SAVINGS,ACTIVE,2020-05-21,7975.16
512172,105079,B006,SAVINGS,CLOSED,2024-07-30,62552.66
512173,100382,B002,SAVINGS,ACTIVE,2019-07-29,17542.97
512174,105979,B019,SAVINGS,ACTIVE,2019-11-28,36790.18
512175,106596,B007,SAVINGS,ACTIVE,2023-05-19,41085.07
512176,100104,B003,SAVINGS,ACTIVE,2019-06-10,76400.74
512177,107527,B016,SAVINGS,ACTIVE,2024-09-19,127748.3
512178,108740,B001,SAVINGS,ACTIVE,2023-02-09,9621.2
512179,104029,B016,CURRENT,ACTIVE,2022-06-04,12382.95
512180,102360,B011,SAVINGS,ACTIVE,2020-06-14,86821.93
512181,103519,B016,SAVINGS,ACTIVE,2022-03-01,24609.32
512182,105092,B013,CURRENT,ACTIVE,2024-01-12,39884.44
512183,100293,B016,SAVINGS,ACTIVE,2026-01-16,7133.46
512184,106763,B014,SAVINGS,ACTIVE,2024-12-29,21173.85
512185,106199,B016,SAVINGS,ACTIVE,2025-01-19,69716.38
512186,108045,B009,SAVINGS,ACTIVE,2020-02-06,39112.11
512187,108411,B007,SAVINGS,ACTIVE,2024-10-07,25503.17
512188,107958,B017,SALARY,ACTIVE,2022-05-05,3338.73
512189,106356,B007,SAVINGS,ACTIVE,2019-09-15,5601.2
512190,106387,B014,SAVINGS,ACTIVE,2023-03-26,77678.75
512191,103033,B004,SALARY,ACTIVE,2021-11-23,44524.69
512192,103097,B017,SAVINGS,ACTIVE,2022-04-04,39313.2
512193,107384,B007,SAVINGS,ACTIVE,2023-09-18,83023.11
512194,108420,B018,SAVINGS,CLOSED,2025-11-23,42569.54
512195,105984,B019,SAVINGS,ACTIVE,2023-03-12,10401.92
512196,102933,B018,SAVINGS,ACTIVE,2025-12-14,36504.13
512197,104231,B014,SALARY,ACTIVE,2022-12-28,39145.36
512198,108363,B012,SAVINGS,ACTIVE,2025-03-22,31337.24
512199,107012,B010,SALARY,ACTIVE,2020-05-22,43158.15
512200,102729,B002,SAVINGS,ACTIVE,2019-06-28,22605.73
512201,104427,B014,SALARY,ACTIVE,2025-12-10,18647.73
512202,104064,B005,SAVINGS,ACTIVE,2026-01-09,24098.07
512203,100010,B011,SAVINGS,ACTIVE,2024-11-28,73113.23
512204,103808,B004,CURRENT,ACTIVE,2024-08-24,173917.29
512205,105836,B008,SAVINGS,ACTIVE,2022-02-06,27704.62
512206,106950,B010,CURRENT,BLOCKED,2024-01-28,62436.63
512207,107214,B011,SALARY,ACTIVE,2020-05-03,48404.54
512208,106525,B004,SAVINGS,ACTIVE,2021-12-15,259177.34
512209,107936,B017,SAVINGS,ACTIVE,2019-03-22,183512.4
512210,102340,B007,CURRENT,ACTIVE,2026-05-09,30061.33
512211,100138,B013,SALARY,ACTIVE,2021-09-10,17521.73
512212,103098,B005,SAVINGS,ACTIVE,2019-09-16,2863.5
512213,105911,B015,SAVINGS,ACTIVE,2019-08-22,33441.02
512214,107371,B016,SALARY,ACTIVE,2025-10-08,36436.49
512215,102866,B002,SAVINGS,ACTIVE,2019-10-12,32252.32
512216,100749,B014,SAVINGS,ACTIVE,2025-12-01,35979.8
512217,100724,B001,SAVINGS,ACTIVE,2025-08-12,52163.38
512218,109020,B017,SAVINGS,ACTIVE,2023-04-25,25503.69
512219,105150,B009,CURRENT,ACTIVE,2025-02-27,8827.6
512220,108840,B001,SALARY,ACTIVE,2024-01-26,47622.63
512221,102003,B015,SAVINGS,ACTIVE,2025-09-14,26757.67
512222,100180,B015,SAVINGS,ACTIVE,2020-11-15,15636.81
512223,106466,B015,SAVINGS,ACTIVE,2024-02-05,251895.72
512224,107675,B001,SAVINGS,ACTIVE,2019-08-14,33173.77
512225,104747,B019,SAVINGS,ACTIVE,2025-08-25,14996.82
512226,100037,B008,SAVINGS,ACTIVE,2021-03-31,46425.14
512227,107172,B016,SALARY,ACTIVE,2022-06-13,320141.57
512228,103075,B001,CURRENT,ACTIVE,2025-02-12,51029.68
512229,101591,B012,SAVINGS,ACTIVE,2020-07-14,16377.75
512230,102662,B016,CURRENT,CLOSED,2021-06-24,429377.5
512231,100083,B015,SAVINGS,ACTIVE,2026-05-23,50705.11
512232,107888,B005,CURRENT,ACTIVE,2024-05-19,46275.81
512233,104639,B003,SAVINGS,ACTIVE,2019-05-11,12319.24
512234,101426,B012,CURRENT,BLOCKED,2019-01-22,26403.98
512235,108517,B020,SAVINGS,ACTIVE,2024-09-15,69583.34
512236,102962,B002,SAVINGS,ACTIVE,2025-06-13,64526.91
512237,104858,B020,SAVINGS,ACTIVE,2021-08-11,2595.77
512238,107307,B001,SALARY,BLOCKED,2024-10-19,19098.01
512239,105976,B007,CURRENT,ACTIVE,2024-10-17,36951.72
512240,100306,B019,CURRENT,ACTIVE,2023-04-07,5886.7
512241,104962,B010,SAVINGS,ACTIVE,2021-08-12,4459.57
512242,102776,B019,SAVINGS,ACTIVE,2023-01-03,82290.63
512243,108781,B010,CURRENT,ACTIVE,2025-05-03,26942.59
512244,109995,B005,SAVINGS,ACTIVE,2025-03-15,18718.52
512245,105940,B016,SAVINGS,ACTIVE,2022-07-03,20340.55
512246,108561,B020,SAVINGS,ACTIVE,2019-10-05,50890.09
512247,105852,B009,CURRENT,ACTIVE,2021-06-18,46982.82
512248,106541,B003,SAVINGS,CLOSED,2021-11-21,67757.9
512249,102783,B002,SAVINGS,ACTIVE,2024-09-08,41001.44
512250,104311,B004,SAVINGS,ACTIVE,2026-01-05,58231.14
512251,102234,B001,SAVINGS,ACTIVE,2021-06-19,78921.02
512252,107407,B010,SAVINGS,ACTIVE,2021-06-14,123331.14
512253,107756,B015,SAVINGS,ACTIVE,2020-06-22,36762.12
512254,104146,B013,SAVINGS,ACTIVE,2025-10-19,27435.64
512255,103156,B016,SALARY,ACTIVE,2022-07-07,122557.31
512256,100730,B008,SALARY,ACTIVE,2021-06-24,10212.55
512257,102608,B008,SAVINGS,ACTIVE,2022-05-11,13270.68
512258,105036,B009,CURRENT,BLOCKED,2024-11-24,56341.7
512259,108817,B017,CURRENT,ACTIVE,2023-06-23,70216.48
512260,106509,B003,CURRENT,ACTIVE,2025-10-21,12390.87
512261,105193,B001,SALARY,ACTIVE,2019-01-12,46057.95
512262,105781,B020,SALARY,ACTIVE,2019-06-04,22494.26
512263,103747,B010,SAVINGS,ACTIVE,2024-02-09,19252.12
512264,105187,B003,CURRENT,ACTIVE,2022-02-11,31014.11
512265,109000,B015,SAVINGS,ACTIVE,2022-02-11,69077.98
512266,109825,B002,SAVINGS,ACTIVE,2019-06-10,93123.51
512267,102800,B007,SAVINGS,ACTIVE,2022-10-21,110354.61
512268,100041,B003,SAVINGS,ACTIVE,2021-01-06,41289.47
512269,102747,B013,SAVINGS,ACTIVE,2025-10-29,16393.13
512270,103931,B005,SALARY,ACTIVE,2025-10-30,23121.07
512271,109927,B014,SAVINGS,ACTIVE,2021-08-14,23946.27
512272,101520,B002,SAVINGS,ACTIVE,2024-02-28,7373.54
512273,108813,B004,SAVINGS,ACTIVE,2021-04-25,8570.49
512274,103827,B006,SAVINGS,ACTIVE,2023-03-02,2066.06
512275,107672,B016,SALARY,ACTIVE,2023-04-19,16336.09
512276,103537,B002,SAVINGS,ACTIVE,2022-10-26,9986.92
512277,107487,B002,SAVINGS,ACTIVE,2024-08-13,35044.82
512278,100461,B005,SAVINGS,ACTIVE,2023-09-06,17406.37
512279,102310,B018,SALARY,ACTIVE,2023-07-12,135697.23
512280,101424,B005,SALARY,ACTIVE,2025-05-10,53918.91
512281,107779,B014,SAVINGS,ACTIVE,2019-11-21,827.25
512282,107671,B001,SAVINGS,ACTIVE,2025-03-02,8635.23
512283,100949,B017,SAVINGS,ACTIVE,2021-03-07,18574.1
512284,104054,B002,SAVINGS,ACTIVE,2026-02-01,15691.77
512285,106129,B007,SAVINGS,ACTIVE,2025-06-30,17055.28
512286,109098,B014,SAVINGS,ACTIVE,2020-03-30,4650.24
512287,105146,B016,SAVINGS,ACTIVE,2022-07-31,38788.91
512288,109956,B016,SAVINGS,ACTIVE,2019-08-15,16924.25
512289,107575,B001,CURRENT,ACTIVE,2020-11-16,8659.28
512290,108834,B005,SAVINGS,ACTIVE,2024-10-16,8024.22
512291,109722,B002,SAVINGS,ACTIVE,2023-03-15,21934.43
512292,106485,B015,SAVINGS,ACTIVE,2026-04-01,319312.23
512293,106958,B006,SAVINGS,ACTIVE,2020-12-07,16284.1
512294,105584,B009,SAVINGS,ACTIVE,2019-07-06,62747.33
512295,108490,B011,SAVINGS,ACTIVE,2026-01-29,85752.83
512296,107367,B007,SAVINGS,ACTIVE,2021-07-25,14330.33
512297,104022,B010,SAVINGS,ACTIVE,2023-01-27,32018.48
512298,100081,B014,SAVINGS,ACTIVE,2020-12-24,7506.43
512299,109032,B016,SAVINGS,ACTIVE,2025-01-12,2041.46
512300,101170,B017,SALARY,ACTIVE,2020-03-12,28311.81
512301,108197,B003,SAVINGS,ACTIVE,2024-11-20,26246.92
512302,100421,B012,SAVINGS,ACTIVE,2020-10-25,12120.62
512303,106963,B020,SAVINGS,ACTIVE,2023-05-09,98715.69
512304,108117,B011,SAVINGS,ACTIVE,2019-09-17,40502.04
512305,102357,B013,SAVINGS,ACTIVE,2020-10-07,2827.04
512306,101499,B010,SAVINGS,ACTIVE,2024-09-19,14246.92
512307,106899,B007,SAVINGS,ACTIVE,2022-05-22,30445.65
512308,109189,B007,SAVINGS,ACTIVE,2026-01-11,51383.57
512309,102401,B016,CURRENT,ACTIVE,2021-07-02,40344.42
512310,106015,B016,SAVINGS,ACTIVE,2019-06-12,36929.94
512311,109953,B006,SALARY,ACTIVE,2021-01-13,62864.03
512312,109962,B016,SAVINGS,ACTIVE,2024-07-22,4868.85
512313,106390,B005,SAVINGS,ACTIVE,2023-01-29,21707.45
512314,107240,B016,SAVINGS,ACTIVE,2023-06-09,10592.02
512315,104747,B005,SAVINGS,ACTIVE,2019-10-21,154242.66
512316,100875,B018,SAVINGS,ACTIVE,2022-01-13,43120.88
512317,106185,B015,SAVINGS,ACTIVE,2019-06-06,43815.65
512318,104876,B019,SAVINGS,ACTIVE,2021-07-07,53164.44
512319,102405,B018,SAVINGS,ACTIVE,2024-05-18,22230.03
512320,101721,B019,SALARY,ACTIVE,2024-02-22,9621.33
512321,108399,B004,CURRENT,ACTIVE,2019-01-14,26220.16
512322,100805,B015,SAVINGS,ACTIVE,2019-06-01,44074.19
512323,107532,B008,SAVINGS,ACTIVE,2019-01-26,254148.43
512324,105976,B008,SAVINGS,ACTIVE,2019-06-26,114553.67
512325,101964,B016,SALARY,ACTIVE,2023-12-16,10192.53
512326,103577,B015,SAVINGS,ACTIVE,2024-04-20,53664.67
512327,100973,B020,SAVINGS,ACTIVE,2021-06-13,68386.92
512328,104518,B019,SAVINGS,ACTIVE,2024-05-12,7066.88
512329,105972,B015,SAVINGS,ACTIVE,2019-04-06,16854.14
512330,104512,B004,CURRENT,ACTIVE,2020-03-26,19460.3
512331,105527,B018,SAVINGS,ACTIVE,2026-05-23,6521.52
512332,101090,B002,SAVINGS,ACTIVE,2021-11-09,17014.74
512333,104293,B017,SAVINGS,ACTIVE,2020-12-28,21696.9
512334,100054,B013,SAVINGS,ACTIVE,2024-10-22,65044.41
512335,107586,B004,SAVINGS,CLOSED,2019-07-16,18748.32
512336,109198,B011,SAVINGS,ACTIVE,2019-05-15,13224.49
512337,100278,B004,SAVINGS,ACTIVE,2020-08-09,15535.76
512338,103523,B006,SAVINGS,ACTIVE,2022-02-23,109110.19
512339,104702,B006,SALARY,ACTIVE,2024-11-11,60257.7
512340,100667,B008,SAVINGS,ACTIVE,2022-09-22,5665.13
512341,107916,B019,SAVINGS,ACTIVE,2025-08-20,29993.06
512342,103709,B005,SALARY,ACTIVE,2024-01-08,11753.02
512343,106271,B020,SAVINGS,ACTIVE,2026-02-19,4818.28
512344,106788,B014,SAVINGS,ACTIVE,2023-08-21,21982.35
512345,104720,B008,SALARY,ACTIVE,2024-01-24,148361.13
512346,105548,B016,SAVINGS,ACTIVE,2019-11-18,44045.33
512347,100492,B018,CURRENT,ACTIVE,2019-01-24,16944.15
512348,102870,B005,SALARY,ACTIVE,2022-10-20,73993.05
512349,103309,B006,SAVINGS,ACTIVE,2021-02-15,55128.65
512350,102722,B009,SALARY,ACTIVE,2025-05-02,17702.86
512351,105568,B008,SAVINGS,ACTIVE,2020-10-19,102159.01
512352,106302,B003,SAVINGS,ACTIVE,2024-04-23,7879.03
512353,106038,B016,SALARY,ACTIVE,2019-02-06,118186.46
512354,103837,B002,SAVINGS,ACTIVE,2021-02-03,50597.1
512355,103198,B004,SAVINGS,ACTIVE,2019-12-18,32171.33
512356,106052,B002,CURRENT,ACTIVE,2020-10-10,18177.13
512357,108670,B011,SALARY,ACTIVE,2025-02-27,3008.77
512358,102407,B009,SALARY,ACTIVE,2023-09-23,10583.01
512359,101091,B020,SAVINGS,ACTIVE,2020-11-04,26364.89
512360,103505,B017,CURRENT,ACTIVE,2022-01-12,12676.68
512361,102433,B007,SAVINGS,ACTIVE,2024-11-09,9946.35
512362,108327,B007,CURRENT,ACTIVE,2020-03-31,37468.0
512363,108476,B001,SALARY,ACTIVE,2021-08-08,6324.7
512364,105547,B014,SAVINGS,ACTIVE,2019-01-12,24930.22
512365,103987,B003,SAVINGS,ACTIVE,2020-09-23,8148.57
512366,103932,B012,SAVINGS,ACTIVE,2025-07-31,7553.27
512367,102638,B012,SAVINGS,ACTIVE,2024-06-23,106952.05
512368,102085,B009,SALARY,ACTIVE,2025-03-29,7664.4
512369,105411,B018,SAVINGS,ACTIVE,2019-01-17,2411.44
512370,106054,B004,SAVINGS,ACTIVE,2025-06-19,202632.15
512371,105773,B006,SAVINGS,ACTIVE,2022-11-14,13264.93
512372,104040,B004,SAVINGS,ACTIVE,2022-10-06,8804.65
512373,107913,B010,CURRENT,ACTIVE,2023-08-26,63749.32
512374,103219,B013,SAVINGS,ACTIVE,2020-05-29,12857.67
512375,107187,B002,SAVINGS,ACTIVE,2024-05-03,16835.57
512376,106405,B007,SAVINGS,ACTIVE,2022-08-26,22353.34
512377,103613,B001,SAVINGS,ACTIVE,2019-09-08,42767.07
512378,105884,B014,SALARY,ACTIVE,2022-02-22,43030.99
512379,102151,B016,SAVINGS,ACTIVE,2020-05-11,124041.81
512380,102132,B013,SAVINGS,ACTIVE,2023-11-13,107430.14
512381,103722,B007,SAVINGS,ACTIVE,2026-04-13,29046.13
512382,107674,B014,SAVINGS,ACTIVE,2026-04-28,119416.75
512383,107805,B003,SAVINGS,ACTIVE,2024-11-03,86997.37
512384,107773,B014,SAVINGS,ACTIVE,2020-07-14,14760.04
512385,103864,B018,SAVINGS,ACTIVE,2021-05-20,76206.11
512386,106096,B009,SAVINGS,ACTIVE,2024-05-25,547182.91
512387,109786,B015,SAVINGS,ACTIVE,2024-05-11,15883.55
512388,106084,B009,SAVINGS,ACTIVE,2022-05-29,29186.95
512389,107751,B010,SALARY,ACTIVE,2021-02-06,1784.72
512390,102921,B013,SAVINGS,ACTIVE,2024-09-23,41211.85
512391,106290,B007,SAVINGS,ACTIVE,2023-09-08,57807.82
512392,103979,B019,SALARY,ACTIVE,2020-03-02,35953.5
512393,108878,B010,SAVINGS,ACTIVE,2019-02-19,44545.57
512394,108586,B012,SAVINGS,ACTIVE,2022-04-11,75767.61
512395,108064,B003,SAVINGS,ACTIVE,2021-12-28,11515.85
512396,108373,B018,SAVINGS,ACTIVE,2021-06-25,9862.65
512397,105398,B010,SAVINGS,ACTIVE,2020-02-18,57625.73
512398,108608,B005,SAVINGS,ACTIVE,2022-04-07,50105.94
512399,100416,B007,SALARY,ACTIVE,2021-04-05,15662.18
512400,108555,B002,SAVINGS,ACTIVE,2025-10-10,38156.73
512401,105900,B004,SAVINGS,ACTIVE,2020-08-02,21227.68
512402,108416,B013,SAVINGS,ACTIVE,2023-01-19,76121.94
512403,107323,B018,SAVINGS,ACTIVE,2020-07-30,56463.04
512404,104747,B008,SAVINGS,ACTIVE,2023-01-18,41123.9
512405,108063,B002,SALARY,ACTIVE,2020-03-01,14147.52
512406,103494,B013,SALARY,ACTIVE,2019-07-04,8540.15
512407,104605,B020,SAVINGS,ACTIVE,2022-06-28,58253.23
512408,109580,B003,SALARY,ACTIVE,2022-08-04,506087.12
512409,105537,B020,SAVINGS,ACTIVE,2022-09-22,32024.19
512410,107623,B008,SALARY,ACTIVE,2024-01-02,7574.5
512411,104193,B011,CURRENT,ACTIVE,2020-11-07,185579.87
512412,100143,B018,SALARY,ACTIVE,2021-04-14,143244.6
512413,109931,B019,SAVINGS,ACTIVE,2021-02-13,129864.48
512414,101565,B006,SAVINGS,BLOCKED,2025-12-25,19497.56
512415,105692,B013,SALARY,ACTIVE,2020-09-10,17950.22
512416,106842,B020,SAVINGS,ACTIVE,2025-01-22,15553.53
512417,108540,B010,SAVINGS,ACTIVE,2021-06-05,15994.24
512418,107639,B012,SAVINGS,ACTIVE,2026-04-01,33034.52
512419,108140,B013,SAVINGS,ACTIVE,2022-02-12,21916.48
512420,101096,B016,SAVINGS,ACTIVE,2021-08-14,29139.43
512421,103470,B010,SAVINGS,BLOCKED,2026-03-17,41017.72
512422,105632,B008,SAVINGS,ACTIVE,2022-11-08,19200.27
512423,108355,B004,SAVINGS,ACTIVE,2019-09-01,6110.78
512424,105646,B010,CURRENT,ACTIVE,2023-08-19,8493.48
512425,109326,B001,CURRENT,ACTIVE,2020-03-15,25002.38
512426,104070,B009,SAVINGS,ACTIVE,2022-01-15,31577.02
512427,103700,B007,SALARY,ACTIVE,2025-08-09,5104.06
512428,105499,B016,SAVINGS,ACTIVE,2020-09-04,21198.41
512429,101119,B004,SAVINGS,ACTIVE,2020-11-12,45359.19
512430,100514,B004,CURRENT,ACTIVE,2021-04-19,67886.08
512431,102989,B011,CURRENT,ACTIVE,2023-12-11,43427.28
512432,104127,B010,SAVINGS,ACTIVE,2023-10-07,74096.46
512433,103831,B009,SALARY,ACTIVE,2019-11-06,53297.79
512434,101724,B001,CURRENT,ACTIVE,2020-03-23,4273.76
512435,108417,B015,SAVINGS,ACTIVE,2024-11-09,21091.91
512436,106151,B016,SAVINGS,ACTIVE,2020-10-05,54605.95
512437,104432,B008,SAVINGS,ACTIVE,2024-08-08,8999.65
512438,105515,B001,SAVINGS,ACTIVE,2024-03-25,56548.47
512439,106679,B003,SALARY,ACTIVE,2019-05-02,4258.35
512440,100033,B009,SAVINGS,CLOSED,2019-11-17,120854.69
512441,109113,B012,SAVINGS,ACTIVE,2024-08-06,31287.97
512442,109608,B007,SAVINGS,ACTIVE,2019-06-27,7330.73
512443,101274,B014,SAVINGS,ACTIVE,2024-12-30,9253.91
512444,104017,B007,SAVINGS,ACTIVE,2022-05-01,36890.96
512445,108385,B006,SALARY,BLOCKED,2021-07-03,17677.01
512446,102222,B003,CURRENT,ACTIVE,2023-01-31,195194.42
512447,105212,B006,SALARY,ACTIVE,2026-04-19,18422.27
512448,104961,B015,SALARY,ACTIVE,2021-04-13,34236.81
512449,107190,B008,CURRENT,ACTIVE,2023-03-30,154692.64
512450,106113,B005,SAVINGS,ACTIVE,2020-05-27,42863.6
512451,100656,B004,SAVINGS,ACTIVE,2025-05-08,16342.72
512452,109483,B011,CURRENT,ACTIVE,2024-06-29,15894.23
512453,108391,B010,SAVINGS,ACTIVE,2021-05-03,87937.81
512454,109476,B019,CURRENT,ACTIVE,2025-03-18,156840.64
512455,100604,B014,SAVINGS,ACTIVE,2022-08-21,12404.81
512456,107213,B011,CURRENT,ACTIVE,2026-01-31,13293.55
512457,104684,B012,SAVINGS,ACTIVE,2025-05-25,14792.65
512458,107516,B011,SAVINGS,ACTIVE,2021-12-31,36250.64
512459,103750,B010,SALARY,ACTIVE,2020-08-03,201154.85
512460,103535,B003,SAVINGS,ACTIVE,2019-09-19,72198.63
512461,104526,B001,SAVINGS,ACTIVE,2024-09-20,32710.23
512462,103226,B014,SAVINGS,ACTIVE,2024-06-24,35463.77
512463,109186,B014,SAVINGS,ACTIVE,2021-04-23,49881.41
512464,103573,B007,SAVINGS,ACTIVE,2026-03-25,4356.26
512465,102957,B012,SAVINGS,ACTIVE,2023-12-15,38491.61
512466,103806,B009,SAVINGS,ACTIVE,2021-01-31,391373.12
512467,102864,B012,SAVINGS,ACTIVE,2023-12-28,12968.19
512468,105968,B009,SAVINGS,ACTIVE,2020-12-30,2023.45
512469,100314,B013,SAVINGS,ACTIVE,2025-11-22,164704.93
512470,105188,B005,SAVINGS,ACTIVE,2020-03-12,15436.71
512471,107514,B017,SALARY,ACTIVE,2023-05-10,31916.39
512472,103535,B002,SAVINGS,ACTIVE,2019-03-31,66061.87
512473,102980,B020,SAVINGS,ACTIVE,2021-09-13,72553.27
512474,107670,B013,SAVINGS,ACTIVE,2025-04-15,159914.53
512475,101890,B009,SALARY,ACTIVE,2019-11-12,51681.32
512476,109808,B017,SAVINGS,ACTIVE,2023-06-18,42767.0
512477,109061,B016,SALARY,ACTIVE,2022-05-07,87592.0
512478,105411,B003,SAVINGS,ACTIVE,2019-03-23,5503.15
512479,100300,B017,SAVINGS,ACTIVE,2025-08-12,173703.97
512480,103523,B008,SAVINGS,ACTIVE,2020-05-04,633.83
512481,107495,B008,SAVINGS,ACTIVE,2022-10-27,29649.52
512482,107534,B007,SAVINGS,ACTIVE,2019-10-07,36059.38
512483,100280,B005,CURRENT,ACTIVE,2021-04-25,55290.51
512484,101885,B002,SALARY,ACTIVE,2020-04-01,1404.81
512485,106288,B003,SAVINGS,ACTIVE,2023-10-18,6346.06
512486,105985,B007,SAVINGS,ACTIVE,2019-12-18,56181.21
512487,100793,B014,SALARY,ACTIVE,2020-03-16,139083.37
512488,102826,B009,SALARY,ACTIVE,2021-07-26,16815.55
512489,104104,B014,CURRENT,ACTIVE,2024-10-31,15739.97
512490,101892,B017,SAVINGS,ACTIVE,2024-02-20,17436.17
512491,105799,B007,SAVINGS,ACTIVE,2021-10-21,89549.81
512492,105327,B001,SAVINGS,ACTIVE,2020-12-10,152249.3
512493,106509,B013,SAVINGS,ACTIVE,2023-02-06,26649.61
512494,101185,B010,SAVINGS,ACTIVE,2021-10-10,38187.02
512495,105971,B013,SAVINGS,ACTIVE,2024-01-02,15159.19
512496,105407,B008,SAVINGS,ACTIVE,2019-11-26,26227.41
512497,106447,B016,SAVINGS,ACTIVE,2021-07-20,43387.98
512498,108639,B020,SAVINGS,ACTIVE,2019-08-28,74211.75
512499,108493,B004,SAVINGS,ACTIVE,2024-03-18,11465.85
512500,107373,B020,SAVINGS,ACTIVE,2021-11-12,65617.2
512501,102678,B016,SALARY,ACTIVE,2019-01-10,8884.23
512502,106352,B019,SAVINGS,ACTIVE,2022-06-09,2063.92
512503,101319,B005,SAVINGS,ACTIVE,2023-07-25,83910.13
512504,100728,B007,SALARY,ACTIVE,2024-05-29,41536.34
512505,104648,B019,SAVINGS,ACTIVE,2020-04-07,170411.12
512506,100878,B006,SAVINGS,ACTIVE,2020-04-23,8324.65
512507,106069,B020,CURRENT,ACTIVE,2023-10-09,75489.35
512508,108223,B003,CURRENT,ACTIVE,2021-07-30,18438.1
512509,102263,B013,SAVINGS,ACTIVE,2022-04-05,100899.08
512510,107868,B018,CURRENT,ACTIVE,2023-03-15,33270.72
512511,101389,B012,SALARY,ACTIVE,2022-04-17,19886.57
512512,101442,B006,SAVINGS,ACTIVE,2024-05-29,10596.18
512513,101451,B012,CURRENT,ACTIVE,2020-08-09,43615.9
512514,104800,B015,CURRENT,ACTIVE,2024-08-08,28819.82
512515,104045,B007,SALARY,ACTIVE,2019-09-08,15426.83
512516,109631,B005,CURRENT,ACTIVE,2025-02-27,90165.31
512517,105994,B014,SAVINGS,ACTIVE,2020-04-13,56363.11
512518,108024,B005,SAVINGS,ACTIVE,2025-07-30,3478.89
512519,101643,B006,SAVINGS,ACTIVE,2022-09-23,13187.71
512520,104454,B013,SAVINGS,ACTIVE,2023-02-07,48889.39
512521,100516,B003,CURRENT,ACTIVE,2024-10-10,13632.75
512522,104228,B013,SAVINGS,ACTIVE,2019-06-08,8089.28
512523,104614,B006,SAVINGS,ACTIVE,2023-04-13,6206.27
512524,104802,B007,SALARY,ACTIVE,2023-01-23,7490.33
512525,109798,B006,SALARY,ACTIVE,2019-06-07,47590.06
512526,100319,B009,SAVINGS,ACTIVE,2019-08-11,18902.32
512527,106556,B009,SAVINGS,ACTIVE,2021-03-27,4299.23
512528,106436,B010,SAVINGS,ACTIVE,2023-11-05,10683.89
512529,108953,B011,SAVINGS,ACTIVE,2022-12-23,15914.24
512530,104318,B020,SAVINGS,ACTIVE,2020-08-17,42548.15
512531,109120,B006,SAVINGS,ACTIVE,2025-11-21,7246.87
512532,101107,B013,SALARY,ACTIVE,2022-04-28,3350.74
512533,108834,B014,CURRENT,ACTIVE,2020-02-10,32066.81
512534,100134,B007,SAVINGS,ACTIVE,2023-03-15,37410.97
512535,101113,B008,SAVINGS,ACTIVE,2025-07-13,115590.77
512536,106136,B003,SAVINGS,ACTIVE,2025-08-16,96156.18
512537,104729,B014,SALARY,ACTIVE,2023-06-27,11686.35
512538,105946,B019,SALARY,ACTIVE,2019-02-28,56148.08
512539,103969,B004,SAVINGS,ACTIVE,2026-01-29,57010.75
512540,107698,B004,SAVINGS,ACTIVE,2020-12-05,9466.08
512541,107210,B010,SALARY,ACTIVE,2025-11-16,31041.44
512542,101223,B020,CURRENT,ACTIVE,2019-11-07,18973.4
512543,106663,B019,SAVINGS,ACTIVE,2024-09-28,24496.44
512544,100632,B007,SAVINGS,ACTIVE,2024-03-28,17624.42
512545,108978,B014,SAVINGS,ACTIVE,2024-10-07,131129.24
512546,108387,B009,SAVINGS,ACTIVE,2022-10-31,81772.09
512547,101890,B014,SAVINGS,ACTIVE,2025-05-18,83047.75
512548,101155,B013,CURRENT,ACTIVE,2021-09-08,120069.7
512549,100170,B020,SAVINGS,ACTIVE,2021-08-02,13094.1
512550,101204,B012,SAVINGS,ACTIVE,2020-03-26,21143.34
512551,108011,B002,SAVINGS,ACTIVE,2019-07-04,48493.95
512552,109396,B003,SAVINGS,ACTIVE,2024-12-06,9635.59
512553,105830,B010,SAVINGS,ACTIVE,2026-03-09,102666.62
512554,101232,B005,SALARY,ACTIVE,2024-04-15,13865.15
512555,105107,B012,CURRENT,ACTIVE,2021-06-25,3019.39
512556,104598,B017,SAVINGS,ACTIVE,2019-11-27,16333.31
512557,108320,B003,CURRENT,ACTIVE,2019-06-16,16803.84
512558,108856,B012,SALARY,ACTIVE,2022-07-02,41513.91
512559,106627,B020,SAVINGS,ACTIVE,2020-05-05,1730.99
512560,102606,B020,CURRENT,ACTIVE,2024-11-17,32961.5
512561,108857,B017,SAVINGS,ACTIVE,2020-03-04,33560.39
512562,104480,B016,SAVINGS,ACTIVE,2019-07-11,152400.79
512563,105435,B005,CURRENT,ACTIVE,2023-08-16,16773.72
512564,109783,B020,SALARY,ACTIVE,2023-10-15,35918.95
512565,106763,B005,SAVINGS,ACTIVE,2022-09-16,20184.75
512566,102941,B012,SAVINGS,CLOSED,2023-09-20,26631.01
512567,106351,B009,SAVINGS,ACTIVE,2025-01-13,13049.11
512568,107657,B008,SAVINGS,ACTIVE,2022-06-07,367258.1
512569,102890,B009,SAVINGS,ACTIVE,2021-06-20,18589.84
512570,106359,B014,SALARY,ACTIVE,2022-12-31,25908.9
512571,109941,B015,SAVINGS,ACTIVE,2020-01-23,86194.13
512572,107214,B010,SAVINGS,ACTIVE,2026-03-01,13225.16
512573,103573,B012,SAVINGS,ACTIVE,2021-07-11,167280.51
512574,103747,B017,SALARY,ACTIVE,2025-09-27,40717.84
512575,102488,B016,CURRENT,ACTIVE,2020-10-22,46136.26
512576,107163,B006,SAVINGS,ACTIVE,2021-08-08,31561.48
512577,109532,B004,SAVINGS,ACTIVE,2025-09-15,33015.24
512578,105763,B001,SALARY,ACTIVE,2022-01-10,21767.55
512579,102001,B013,SAVINGS,ACTIVE,2020-06-26,76590.94
512580,108712,B010,SAVINGS,ACTIVE,2019-04-14,4870.88
512581,100324,B003,SAVINGS,ACTIVE,2023-09-04,76990.78
512582,102831,B006,SALARY,ACTIVE,2021-05-06,45698.54
512583,104915,B006,SAVINGS,ACTIVE,2021-12-10,301535.34
512584,100826,B010,SALARY,ACTIVE,2020-11-02,81902.0
512585,108834,B005,SAVINGS,ACTIVE,2020-07-18,8788.5
512586,103259,B009,SAVINGS,ACTIVE,2026-04-12,40371.72
512587,102776,B002,SAVINGS,ACTIVE,2019-12-05,188508.68
512588,107471,B005,SAVINGS,ACTIVE,2025-03-01,25006.9
512589,107564,B004,CURRENT,ACTIVE,2026-01-24,13637.84
512590,105142,B018,SAVINGS,ACTIVE,2021-04-29,89953.9
512591,104870,B013,SAVINGS,ACTIVE,2024-09-27,28381.9
512592,105338,B015,SAVINGS,ACTIVE,2021-05-19,15192.16
512593,105468,B002,SAVINGS,ACTIVE,2025-04-09,6087.62
512594,101503,B020,SAVINGS,ACTIVE,2023-11-26,51608.41
512595,101063,B002,SAVINGS,ACTIVE,2023-10-21,5504.56
512596,101555,B010,SAVINGS,ACTIVE,2022-08-09,77533.74
512597,103492,B020,SAVINGS,BLOCKED,2020-02-12,43491.06
512598,101520,B007,CURRENT,ACTIVE,2026-02-18,9141.0
512599,108685,B001,SAVINGS,ACTIVE,2024-02-06,106193.86
512600,104500,B012,SAVINGS,ACTIVE,2019-02-13,23286.69
512601,109506,B008,SAVINGS,ACTIVE,2023-04-27,12441.76
512602,105355,B003,SAVINGS,ACTIVE,2024-05-31,6610.94
512603,107294,B015,SALARY,ACTIVE,2023-03-29,9044.12
512604,109440,B011,SALARY,ACTIVE,2023-07-01,38701.03
512605,100291,B003,SAVINGS,ACTIVE,2019-01-28,21606.5
512606,103122,B020,SAVINGS,ACTIVE,2023-05-21,24525.58
512607,105909,B008,CURRENT,ACTIVE,2021-01-28,19907.94
512608,101017,B016,SAVINGS,ACTIVE,2025-03-31,274842.3
512609,100046,B018,SAVINGS,ACTIVE,2026-01-11,107059.5
512610,104584,B019,SALARY,ACTIVE,2025-01-27,210709.39
512611,101715,B009,SALARY,ACTIVE,2022-01-31,16944.24
512612,105320,B005,SAVINGS,BLOCKED,2020-07-22,71478.31
512613,104480,B017,CURRENT,ACTIVE,2026-02-24,14006.04
512614,105952,B001,SAVINGS,ACTIVE,2025-01-22,2163.98
512615,105703,B002,SAVINGS,ACTIVE,2022-01-06,8410.43
512616,108762,B015,SAVINGS,ACTIVE,2022-05-04,162717.07
512617,102230,B005,SALARY,ACTIVE,2023-10-16,42999.96
512618,104326,B017,SALARY,ACTIVE,2020-09-02,112232.05
512619,108289,B009,CURRENT,ACTIVE,2025-10-02,7433.91
512620,100484,B007,SAVINGS,CLOSED,2026-03-14,27817.4
512621,104855,B011,SAVINGS,ACTIVE,2020-11-08,23464.16
512622,108922,B011,SALARY,ACTIVE,2022-11-14,2960.86
512623,109472,B005,SAVINGS,ACTIVE,2021-05-17,138812.1
512624,104011,B009,SAVINGS,CLOSED,2023-05-20,62181.09
512625,107591,B010,CURRENT,ACTIVE,2022-06-24,15816.47
512626,100225,B014,CURRENT,ACTIVE,2026-01-03,129371.61
512627,100153,B011,SAVINGS,ACTIVE,2023-04-02,5516.72
512628,102872,B018,SALARY,ACTIVE,2024-02-25,30884.62
512629,101850,B020,CURRENT,ACTIVE,2021-03-05,24054.37
512630,104554,B015,SAVINGS,ACTIVE,2021-03-23,18222.95
512631,105386,B013,SAVINGS,ACTIVE,2019-03-15,114992.94
512632,109370,B011,SAVINGS,ACTIVE,2020-06-21,29241.46
512633,100107,B011,SALARY,ACTIVE,2019-09-23,8495.51
512634,100441,B015,SAVINGS,ACTIVE,2025-09-30,39311.92
512635,100427,B009,SAVINGS,ACTIVE,2022-03-08,13565.09
512636,108736,B015,SAVINGS,ACTIVE,2021-10-15,20586.73
512637,102389,B008,SAVINGS,ACTIVE,2023-06-23,69306.55
512638,100906,B002,SAVINGS,ACTIVE,2022-12-13,11762.76
512639,102981,B005,CURRENT,ACTIVE,2025-12-26,38491.61
512640,106548,B016,SAVINGS,CLOSED,2022-10-26,16053.37
512641,103133,B007,SALARY,ACTIVE,2020-01-27,35495.88
512642,101507,B019,CURRENT,ACTIVE,2022-06-17,47787.31
512643,104283,B016,SAVINGS,ACTIVE,2025-01-31,250391.27
512644,103410,B002,SAVINGS,ACTIVE,2023-12-06,64687.23
512645,102414,B018,SALARY,ACTIVE,2023-02-06,136583.21
512646,108604,B013,SALARY,ACTIVE,2021-05-25,24465.23
512647,104906,B013,CURRENT,ACTIVE,2025-11-28,11332.49
512648,105956,B001,SALARY,ACTIVE,2019-12-21,12001.46
512649,102449,B008,SAVINGS,ACTIVE,2020-11-03,55696.64
512650,108390,B011,SAVINGS,ACTIVE,2019-10-22,265659.35
512651,108950,B010,SAVINGS,ACTIVE,2023-09-11,27107.28
512652,102525,B012,SALARY,ACTIVE,2024-02-19,165463.64
512653,106907,B011,SAVINGS,ACTIVE,2023-10-08,5295.2
512654,104800,B005,SAVINGS,ACTIVE,2025-12-02,44650.81
512655,106410,B011,SAVINGS,ACTIVE,2024-10-28,23780.5
512656,102054,B003,SAVINGS,ACTIVE,2020-01-23,19512.59
512657,109649,B013,SALARY,ACTIVE,2021-12-02,25688.87
512658,108522,B006,SAVINGS,ACTIVE,2019-11-20,15269.3
512659,104545,B017,SAVINGS,ACTIVE,2021-02-25,34108.72
512660,105540,B017,CURRENT,ACTIVE,2021-01-05,34734.22
512661,104752,B012,SAVINGS,ACTIVE,2023-04-05,59755.37
512662,105297,B011,SAVINGS,ACTIVE,2021-10-17,28540.94
512663,103189,B008,SAVINGS,ACTIVE,2022-12-05,30328.95
512664,102853,B007,SAVINGS,ACTIVE,2025-01-21,33584.44
512665,101466,B015,SALARY,ACTIVE,2025-08-14,19211.75
512666,101061,B017,SAVINGS,ACTIVE,2024-05-11,13337.47
512667,109609,B004,SAVINGS,ACTIVE,2026-02-14,26321.21
512668,105269,B019,SAVINGS,BLOCKED,2022-02-06,5733.78
512669,105536,B011,CURRENT,ACTIVE,2025-11-11,12739.96
512670,101531,B013,SALARY,ACTIVE,2022-10-16,5137.68
512671,105573,B002,SAVINGS,ACTIVE,2024-08-06,14242.22
512672,100730,B004,SAVINGS,ACTIVE,2026-01-22,33358.35
512673,105993,B001,SAVINGS,ACTIVE,2024-07-13,7975.44
512674,107145,B011,CURRENT,BLOCKED,2023-06-18,20832.62
512675,106444,B003,CURRENT,ACTIVE,2021-01-17,38145.25
512676,107116,B007,SAVINGS,ACTIVE,2021-09-17,34683.14
512677,101861,B011,SAVINGS,ACTIVE,2021-03-11,38418.42
512678,100400,B002,SALARY,ACTIVE,2022-10-26,6463.51
512679,106697,B015,CURRENT,ACTIVE,2023-04-20,42098.91
512680,108191,B020,SAVINGS,ACTIVE,2025-06-13,23134.79
512681,100635,B017,SAVINGS,ACTIVE,2019-04-25,160492.7
512682,109138,B002,SALARY,ACTIVE,2020-05-26,27572.64
512683,106497,B011,SAVINGS,ACTIVE,2025-10-12,55947.97
512684,108717,B007,SALARY,ACTIVE,2022-04-01,20688.1
512685,105070,B007,SAVINGS,ACTIVE,2025-06-23,19091.75
512686,102143,B006,SAVINGS,ACTIVE,2022-05-08,11716.62
512687,105153,B015,SAVINGS,ACTIVE,2022-08-07,978.29
512688,107620,B006,SALARY,ACTIVE,2019-10-16,9086.5
512689,109113,B011,SAVINGS,ACTIVE,2023-04-24,86726.97
512690,106824,B005,SAVINGS,ACTIVE,2025-05-20,25206.36
512691,104237,B007,SAVINGS,ACTIVE,2023-11-01,76264.95
512692,106687,B012,SAVINGS,ACTIVE,2022-09-08,126771.61
512693,103950,B007,SAVINGS,ACTIVE,2024-01-22,13018.96
512694,100901,B016,SAVINGS,ACTIVE,2020-08-04,71062.55
512695,103383,B007,SAVINGS,ACTIVE,2021-05-06,5291.04
512696,104263,B005,SAVINGS,ACTIVE,2022-09-11,9209.0
512697,104158,B015,CURRENT,BLOCKED,2019-01-30,28652.84
512698,100068,B016,CURRENT,BLOCKED,2019-07-20,34929.66
512699,102666,B005,SAVINGS,ACTIVE,2024-11-26,36566.16
512700,109804,B012,SALARY,ACTIVE,2020-08-23,203567.15
512701,109952,B016,SAVINGS,ACTIVE,2023-12-25,143485.76
512702,102403,B020,SAVINGS,ACTIVE,2019-04-05,38645.04
512703,103453,B016,SALARY,ACTIVE,2020-11-04,26420.85
512704,109604,B011,SAVINGS,ACTIVE,2019-06-15,118368.85
512705,101968,B016,SAVINGS,BLOCKED,2021-12-22,15071.6
512706,107701,B018,CURRENT,ACTIVE,2022-07-20,43551.71
512707,105389,B016,SALARY,ACTIVE,2019-10-19,4982.9
512708,102113,B008,SAVINGS,ACTIVE,2024-11-10,34145.92
512709,108541,B010,SAVINGS,ACTIVE,2020-04-27,356583.28
512710,104284,B015,SAVINGS,ACTIVE,2021-01-06,101090.09
512711,103011,B012,CURRENT,ACTIVE,2025-05-30,37913.15
512712,105974,B005,SAVINGS,ACTIVE,2024-05-31,64827.51
512713,105148,B008,SAVINGS,ACTIVE,2026-04-22,4495.38
512714,100426,B002,SAVINGS,ACTIVE,2021-02-04,58729.24
512715,101760,B005,SAVINGS,ACTIVE,2019-05-14,32564.38
512716,105544,B015,SALARY,ACTIVE,2024-06-17,111266.49
512717,107523,B004,SAVINGS,ACTIVE,2022-12-09,46845.86
512718,103492,B015,SALARY,ACTIVE,2025-01-26,7816.17
512719,109200,B002,SAVINGS,ACTIVE,2025-12-17,164411.95
512720,100821,B011,SAVINGS,ACTIVE,2019-05-16,22187.4
512721,104154,B002,SALARY,ACTIVE,2024-10-11,210877.59
512722,106948,B017,SALARY,ACTIVE,2024-09-13,22902.13
512723,101475,B014,SAVINGS,ACTIVE,2022-10-21,9753.02
512724,105664,B015,CURRENT,ACTIVE,2024-12-15,7703.6
512725,109978,B006,SAVINGS,ACTIVE,2025-11-22,5301.3
512726,108119,B011,SAVINGS,ACTIVE,2025-08-06,64137.34
512727,103736,B014,CURRENT,ACTIVE,2023-02-11,16543.22
512728,109017,B012,SAVINGS,ACTIVE,2020-06-09,64331.74
512729,107986,B017,SAVINGS,ACTIVE,2026-05-02,10614.71
512730,101956,B016,SAVINGS,ACTIVE,2025-04-01,48169.5
512731,106658,B013,SALARY,ACTIVE,2020-07-15,21665.12
512732,106562,B005,SAVINGS,ACTIVE,2020-10-03,25722.01
512733,103320,B007,SAVINGS,ACTIVE,2019-02-20,53984.13
512734,103197,B005,SAVINGS,ACTIVE,2023-05-09,91986.16
512735,102331,B005,SAVINGS,ACTIVE,2020-12-04,49603.9
512736,105609,B006,SAVINGS,ACTIVE,2020-03-12,147989.73
512737,101211,B011,SALARY,ACTIVE,2024-11-01,4522.79
512738,101533,B014,SAVINGS,ACTIVE,2024-05-30,9311.19
512739,108162,B010,SALARY,ACTIVE,2019-07-21,14875.17
512740,102493,B019,SAVINGS,CLOSED,2020-12-02,52154.77
512741,106166,B013,SAVINGS,ACTIVE,2024-10-01,5155.09
512742,108118,B002,SAVINGS,ACTIVE,2020-03-07,8367.57
512743,100177,B009,SALARY,ACTIVE,2023-07-22,39887.24
512744,102086,B005,SAVINGS,ACTIVE,2022-06-28,15579.59
512745,100403,B013,CURRENT,ACTIVE,2022-06-11,3708.98
512746,103889,B004,SAVINGS,ACTIVE,2020-04-29,41817.39
512747,102923,B016,SAVINGS,ACTIVE,2024-03-11,20659.58
512748,108548,B002,SAVINGS,ACTIVE,2019-02-24,6433.88
512749,108291,B010,SAVINGS,ACTIVE,2020-12-22,31145.04
512750,102636,B016,SAVINGS,ACTIVE,2022-10-15,1057.91
512751,103153,B011,SAVINGS,ACTIVE,2025-09-01,10112.62
512752,105265,B020,SALARY,ACTIVE,2024-09-03,191216.85
512753,105474,B005,CURRENT,ACTIVE,2021-11-02,73474.9
512754,101767,B013,SAVINGS,ACTIVE,2024-01-31,24291.03
512755,106845,B012,SAVINGS,ACTIVE,2019-02-14,45476.45
512756,102008,B011,SAVINGS,ACTIVE,2021-01-11,6160.09
512757,109048,B002,SAVINGS,ACTIVE,2019-07-29,151637.28
512758,102369,B019,SAVINGS,ACTIVE,2020-12-23,31264.71
512759,109716,B016,SAVINGS,ACTIVE,2019-05-20,27874.98
512760,102792,B018,CURRENT,ACTIVE,2023-08-30,30681.3
512761,103174,B019,CURRENT,ACTIVE,2023-04-05,27790.65
512762,101088,B008,SAVINGS,ACTIVE,2024-09-17,25613.64
512763,100187,B009,SAVINGS,ACTIVE,2022-01-02,125820.01
512764,105851,B004,SAVINGS,ACTIVE,2025-06-22,43388.69
512765,108240,B015,SAVINGS,ACTIVE,2023-03-27,14648.04
512766,104400,B005,SAVINGS,ACTIVE,2021-06-29,22015.54
512767,100826,B008,SAVINGS,BLOCKED,2021-12-27,102956.82
512768,100194,B016,CURRENT,ACTIVE,2021-09-29,119177.51
512769,106687,B006,SAVINGS,ACTIVE,2026-03-18,6530.86
512770,100345,B016,SAVINGS,ACTIVE,2020-05-08,33016.79
512771,100273,B018,SAVINGS,ACTIVE,2024-08-21,5238.12
512772,107503,B010,SAVINGS,ACTIVE,2025-08-22,35673.23
512773,106866,B012,SAVINGS,ACTIVE,2019-12-07,12926.34
512774,108286,B002,SAVINGS,ACTIVE,2022-11-07,5935.16
512775,104905,B010,SAVINGS,ACTIVE,2024-03-11,115263.71
512776,109839,B016,SAVINGS,ACTIVE,2022-09-27,93663.69
512777,100489,B002,SAVINGS,ACTIVE,2020-06-10,11381.31
512778,100552,B012,CURRENT,ACTIVE,2023-06-10,44117.32
512779,104486,B014,SAVINGS,ACTIVE,2024-11-23,22902.88
512780,104937,B008,SAVINGS,ACTIVE,2024-05-08,21891.74
512781,109287,B013,SAVINGS,ACTIVE,2025-11-02,67810.24
512782,100887,B019,SAVINGS,ACTIVE,2024-09-02,40347.69
512783,108921,B018,SALARY,ACTIVE,2022-02-01,26879.71
512784,105607,B004,SAVINGS,ACTIVE,2025-05-15,367632.79
512785,107156,B014,SAVINGS,ACTIVE,2022-12-23,25793.7
512786,106405,B006,SAVINGS,ACTIVE,2019-09-13,23130.52
512787,106717,B011,SALARY,ACTIVE,2026-01-11,3437.56
512788,105345,B006,SAVINGS,ACTIVE,2026-01-16,342020.95
512789,105899,B007,SAVINGS,ACTIVE,2019-02-23,7186.95
512790,102278,B019,SAVINGS,ACTIVE,2019-11-27,114420.96
512791,106114,B006,SAVINGS,ACTIVE,2024-03-23,8927.21
512792,104483,B018,SAVINGS,ACTIVE,2021-07-12,24708.94
512793,108249,B005,SAVINGS,ACTIVE,2023-10-22,55146.51
512794,104595,B014,SAVINGS,ACTIVE,2020-09-23,375289.83
512795,102560,B019,SALARY,ACTIVE,2020-11-24,10509.36
512796,109203,B009,SAVINGS,ACTIVE,2021-04-05,141179.1
512797,104625,B001,SAVINGS,ACTIVE,2019-04-04,12732.99
512798,102475,B003,SAVINGS,ACTIVE,2019-12-15,39598.45
512799,103453,B020,SALARY,ACTIVE,2023-10-20,8097.77
512800,105005,B018,SALARY,ACTIVE,2019-02-24,33346.22
512801,103927,B014,SAVINGS,ACTIVE,2022-12-31,51708.11
512802,108759,B001,SAVINGS,ACTIVE,2023-05-26,70455.27
512803,102133,B010,SAVINGS,ACTIVE,2019-10-21,66489.77
512804,103813,B001,CURRENT,ACTIVE,2020-09-30,25288.46
512805,100922,B005,SALARY,ACTIVE,2021-03-13,17039.66
512806,104140,B009,SAVINGS,ACTIVE,2019-06-14,88514.08
512807,105625,B018,SALARY,ACTIVE,2022-03-13,141868.91
512808,102362,B012,SALARY,ACTIVE,2023-12-22,7345.5
512809,105754,B016,SAVINGS,ACTIVE,2024-05-21,23580.88
512810,106307,B013,SAVINGS,ACTIVE,2019-10-19,14418.87
512811,107864,B002,SAVINGS,ACTIVE,2023-09-30,38465.79
512812,103937,B012,SAVINGS,ACTIVE,2025-06-01,13776.04
512813,103744,B007,SALARY,ACTIVE,2020-08-02,33600.38
512814,107876,B010,SAVINGS,ACTIVE,2025-11-13,80190.47
512815,104554,B017,SAVINGS,ACTIVE,2022-12-29,4104.0
512816,106179,B010,SAVINGS,ACTIVE,2022-09-23,14177.47
512817,109273,B015,SAVINGS,ACTIVE,2025-05-22,28060.15
512818,105841,B006,SAVINGS,ACTIVE,2019-05-25,10743.83
512819,108908,B013,SAVINGS,BLOCKED,2025-12-10,44566.42
512820,106999,B005,SAVINGS,ACTIVE,2023-12-18,8209.59
512821,102800,B016,SAVINGS,ACTIVE,2019-02-16,41166.01
512822,100460,B006,SAVINGS,ACTIVE,2025-11-10,25609.57
512823,109827,B008,SAVINGS,ACTIVE,2019-06-30,11164.07
512824,102371,B001,SAVINGS,ACTIVE,2019-02-05,6274.17
512825,109050,B016,CURRENT,ACTIVE,2024-07-13,40292.19
512826,103653,B005,SAVINGS,ACTIVE,2022-03-02,226599.7
512827,101050,B007,SAVINGS,ACTIVE,2025-08-10,61935.64
512828,108029,B003,SAVINGS,ACTIVE,2019-09-05,59206.29
512829,106436,B017,SAVINGS,ACTIVE,2025-06-03,17630.51
512830,100672,B018,SAVINGS,ACTIVE,2019-04-11,27413.16
512831,102624,B011,CURRENT,ACTIVE,2025-11-07,9117.22
512832,103246,B013,SAVINGS,ACTIVE,2026-02-24,11224.6
512833,106456,B017,SAVINGS,ACTIVE,2023-03-28,49085.34
512834,106981,B006,SAVINGS,ACTIVE,2024-01-09,7855.95
512835,106390,B019,SAVINGS,ACTIVE,2024-10-23,22058.6
512836,106150,B013,SAVINGS,ACTIVE,2019-03-08,10820.98
512837,109347,B009,SALARY,ACTIVE,2020-02-06,21016.31
512838,107974,B017,SAVINGS,ACTIVE,2019-11-30,9580.17
512839,107565,B008,SALARY,ACTIVE,2021-09-25,3082.79
512840,104109,B018,SAVINGS,ACTIVE,2020-07-31,43003.92
512841,105015,B016,SAVINGS,ACTIVE,2021-10-14,26577.22
512842,102436,B015,SAVINGS,ACTIVE,2022-03-24,64930.85
512843,105837,B013,CURRENT,ACTIVE,2020-04-03,142921.99
512844,104632,B008,SAVINGS,ACTIVE,2020-10-11,44501.16
512845,109038,B001,SAVINGS,ACTIVE,2023-04-02,66401.67
512846,103448,B005,CURRENT,ACTIVE,2021-07-06,65502.99
512847,103370,B010,SAVINGS,ACTIVE,2024-03-25,185911.65
512848,103547,B020,SAVINGS,ACTIVE,2021-07-07,10920.7
512849,103518,B006,SAVINGS,ACTIVE,2025-12-21,19577.03
512850,105327,B003,SALARY,ACTIVE,2025-06-20,14710.36
512851,100719,B017,SAVINGS,ACTIVE,2024-05-25,28629.41
512852,103508,B020,SAVINGS,ACTIVE,2023-01-11,12547.29
512853,108515,B002,SAVINGS,CLOSED,2026-01-16,8945.14
512854,101322,B019,SAVINGS,ACTIVE,2021-02-18,14633.3
512855,108617,B015,SAVINGS,ACTIVE,2020-06-18,9835.1
512856,100380,B010,SAVINGS,ACTIVE,2022-02-26,11872.28
512857,107501,B020,SAVINGS,ACTIVE,2025-10-21,3980.33
512858,105301,B010,SAVINGS,ACTIVE,2023-07-08,255851.87
512859,109681,B017,SAVINGS,ACTIVE,2019-05-08,10972.8
512860,102894,B002,SAVINGS,ACTIVE,2019-01-22,84771.93
512861,108632,B003,SAVINGS,ACTIVE,2024-02-09,83336.84
512862,107672,B019,SALARY,ACTIVE,2022-03-17,30197.91
512863,100230,B007,SAVINGS,ACTIVE,2019-06-22,9450.45
512864,106120,B010,SAVINGS,ACTIVE,2019-07-27,87995.64
512865,100847,B001,SAVINGS,CLOSED,2019-10-11,75317.42
512866,108021,B001,SAVINGS,ACTIVE,2022-04-14,69612.53
512867,104572,B012,CURRENT,ACTIVE,2022-11-04,72389.93
512868,103139,B007,SAVINGS,ACTIVE,2024-03-08,46837.16
512869,104017,B011,SALARY,ACTIVE,2019-12-05,54345.91
512870,105996,B012,SAVINGS,ACTIVE,2026-05-15,76158.86
512871,100165,B008,CURRENT,BLOCKED,2024-03-06,13613.75
512872,109604,B010,SALARY,ACTIVE,2025-08-22,24736.35
512873,104530,B003,SAVINGS,ACTIVE,2024-10-04,6033.09
512874,102387,B007,SAVINGS,ACTIVE,2021-11-06,137046.9
512875,109376,B003,SAVINGS,ACTIVE,2020-11-02,44164.48
512876,109483,B010,SAVINGS,ACTIVE,2019-01-03,6650.54
512877,102046,B010,SAVINGS,ACTIVE,2019-12-11,2138.85
512878,101791,B008,SALARY,ACTIVE,2025-02-18,30650.91
512879,102087,B017,CURRENT,ACTIVE,2019-05-22,22188.25
512880,101518,B019,SAVINGS,ACTIVE,2020-11-08,15556.03
512881,102941,B014,SALARY,BLOCKED,2021-12-17,37804.64
512882,107350,B004,SAVINGS,ACTIVE,2023-06-21,78748.99
512883,108292,B006,SALARY,ACTIVE,2021-08-25,103929.37
512884,109807,B009,SAVINGS,ACTIVE,2021-03-07,130377.37
512885,109824,B019,SAVINGS,ACTIVE,2019-07-24,28566.7
512886,108126,B018,SAVINGS,ACTIVE,2022-09-24,178733.02
512887,100708,B001,SAVINGS,ACTIVE,2023-11-18,16735.67
512888,100612,B009,SALARY,BLOCKED,2020-10-26,38534.55
512889,104578,B010,SALARY,ACTIVE,2021-09-28,46081.94
512890,101785,B011,SALARY,ACTIVE,2025-05-09,62815.25
512891,102987,B001,SALARY,ACTIVE,2020-04-17,8085.99
512892,106926,B011,CURRENT,ACTIVE,2025-10-14,67428.72
512893,107551,B018,SAVINGS,ACTIVE,2020-03-10,53532.05
512894,108636,B015,SAVINGS,ACTIVE,2026-04-22,5761.13
512895,101968,B009,SALARY,CLOSED,2021-02-01,32034.19
512896,104528,B009,SAVINGS,ACTIVE,2023-04-26,21668.08
512897,109862,B003,SAVINGS,ACTIVE,2024-07-23,221428.11
512898,106606,B004,CURRENT,CLOSED,2019-10-03,42211.82
512899,109114,B018,SALARY,ACTIVE,2024-05-22,18187.87
512900,104308,B017,SAVINGS,ACTIVE,2020-09-22,15649.62
512901,104170,B007,SAVINGS,ACTIVE,2023-03-28,76624.51
512902,104766,B014,SAVINGS,ACTIVE,2021-11-27,38217.9
512903,108586,B008,SAVINGS,ACTIVE,2020-10-14,31422.99
512904,108449,B018,SAVINGS,ACTIVE,2024-05-21,56597.4
512905,101726,B018,SAVINGS,ACTIVE,2024-03-16,30362.03
512906,108065,B007,SAVINGS,BLOCKED,2020-01-06,116721.25
512907,108448,B003,CURRENT,ACTIVE,2019-08-23,20890.65
512908,105886,B006,CURRENT,ACTIVE,2022-01-12,9200.51
512909,104606,B016,SALARY,ACTIVE,2020-08-26,18969.75
512910,102079,B001,CURRENT,ACTIVE,2021-05-06,26260.56
512911,103435,B002,SAVINGS,ACTIVE,2020-06-03,34601.47
512912,104481,B001,SAVINGS,ACTIVE,2026-01-25,35552.75
512913,107839,B004,CURRENT,ACTIVE,2019-02-28,36446.34
512914,106983,B009,SAVINGS,ACTIVE,2023-10-15,14141.88
512915,101942,B014,CURRENT,ACTIVE,2024-08-15,5563.41
512916,100418,B015,SALARY,ACTIVE,2021-03-09,3297.91
512917,106845,B017,SAVINGS,ACTIVE,2021-06-19,59812.96
512918,106092,B002,SAVINGS,ACTIVE,2020-12-14,2047.22
512919,104252,B016,SAVINGS,ACTIVE,2023-03-07,36770.03
512920,106214,B003,SAVINGS,ACTIVE,2026-01-22,45578.75
512921,106095,B017,SAVINGS,ACTIVE,2025-07-06,52523.55
512922,105906,B008,SAVINGS,ACTIVE,2023-10-07,44452.38
512923,104074,B007,SAVINGS,ACTIVE,2020-07-21,24828.56
512924,104949,B016,CURRENT,ACTIVE,2023-07-15,6382.87
512925,100365,B019,SAVINGS,CLOSED,2022-03-11,13221.1
512926,104437,B003,SAVINGS,ACTIVE,2019-11-21,121118.64
512927,101092,B003,SAVINGS,ACTIVE,2021-09-30,46181.35
512928,106623,B013,CURRENT,ACTIVE,2020-11-13,7913.64
512929,100005,B010,SAVINGS,ACTIVE,2022-10-08,9650.41
512930,103606,B008,CURRENT,ACTIVE,2019-08-01,246798.77
512931,104527,B005,SAVINGS,ACTIVE,2023-11-26,7289.66
512932,109030,B005,SAVINGS,ACTIVE,2020-08-02,26644.62
512933,103887,B018,CURRENT,ACTIVE,2025-03-28,33240.54
512934,100419,B020,SAVINGS,ACTIVE,2019-04-21,79844.83
512935,105997,B003,SAVINGS,ACTIVE,2024-08-28,77574.28
512936,109011,B018,SAVINGS,BLOCKED,2026-05-06,52163.16
512937,104427,B001,SALARY,ACTIVE,2022-05-07,30275.23
512938,108964,B004,SALARY,ACTIVE,2019-05-13,48491.79
512939,104682,B011,SAVINGS,ACTIVE,2023-06-03,810364.25
512940,106869,B009,SAVINGS,ACTIVE,2021-11-05,1276047.26
512941,105563,B008,SAVINGS,BLOCKED,2025-10-07,53303.85
512942,108147,B006,SALARY,ACTIVE,2022-02-01,17427.17
512943,103125,B007,SALARY,ACTIVE,2020-07-01,27700.79
512944,104561,B010,SAVINGS,ACTIVE,2023-03-17,69648.07
512945,106561,B003,SALARY,ACTIVE,2019-11-26,9407.47
512946,102431,B005,SAVINGS,ACTIVE,2019-07-29,59353.21
512947,109942,B005,SAVINGS,ACTIVE,2019-10-09,33070.8
512948,104339,B002,CURRENT,ACTIVE,2021-10-23,4944.8
512949,109404,B001,SAVINGS,ACTIVE,2024-12-13,41596.05
512950,108413,B010,CURRENT,ACTIVE,2023-01-17,15210.52
512951,104896,B020,SALARY,ACTIVE,2023-04-28,88557.48
512952,105869,B014,SALARY,ACTIVE,2021-02-12,22078.73
512953,105467,B012,SAVINGS,ACTIVE,2020-03-07,5397.65
512954,108614,B008,SAVINGS,ACTIVE,2026-01-27,16067.77
512955,106970,B001,SAVINGS,ACTIVE,2020-04-29,32906.38
512956,107800,B004,SALARY,ACTIVE,2023-02-28,2896.68
512957,103895,B015,SALARY,ACTIVE,2022-05-19,54335.16
512958,101914,B013,SAVINGS,ACTIVE,2020-11-22,11232.66
512959,109685,B018,SAVINGS,ACTIVE,2022-10-15,62396.61
512960,108190,B017,CURRENT,ACTIVE,2021-10-17,207925.96
512961,107156,B018,SAVINGS,ACTIVE,2025-10-04,98552.95
512962,100079,B007,CURRENT,CLOSED,2026-05-23,23109.47
512963,101784,B015,SAVINGS,ACTIVE,2022-06-17,80100.13
512964,109750,B018,SAVINGS,ACTIVE,2024-10-01,49305.63
512965,100880,B002,SALARY,ACTIVE,2020-05-28,28985.25
512966,102626,B003,SAVINGS,ACTIVE,2020-10-26,846691.4
512967,103337,B005,SALARY,ACTIVE,2026-01-24,77161.0
512968,102949,B008,SALARY,ACTIVE,2024-06-18,15068.62
512969,109274,B005,SAVINGS,ACTIVE,2023-09-06,35652.59
512970,103276,B002,SAVINGS,ACTIVE,2022-09-16,49559.8
512971,109744,B013,SAVINGS,ACTIVE,2026-05-21,45058.18
512972,109431,B015,SALARY,ACTIVE,2020-07-21,27717.18
512973,100431,B008,SALARY,ACTIVE,2019-02-28,40228.14
512974,106604,B019,SAVINGS,ACTIVE,2019-10-20,22191.13
512975,107825,B015,SALARY,ACTIVE,2023-03-03,38199.27
512976,102880,B012,SALARY,ACTIVE,2022-04-14,225192.31
512977,109576,B001,SAVINGS,ACTIVE,2019-04-20,43723.78
512978,103145,B009,SALARY,ACTIVE,2025-06-30,32804.67
512979,109481,B016,SAVINGS,ACTIVE,2019-06-19,121297.89
512980,108321,B012,SAVINGS,ACTIVE,2019-08-23,76568.8
512981,105993,B018,SAVINGS,ACTIVE,2021-04-19,20862.81
512982,100806,B016,SAVINGS,ACTIVE,2020-06-01,7658.82
512983,103311,B020,SALARY,ACTIVE,2024-04-17,5232.0
512984,107940,B009,SAVINGS,ACTIVE,2021-08-07,65661.16
512985,106636,B004,SAVINGS,ACTIVE,2023-10-13,595667.85
512986,107478,B017,SAVINGS,ACTIVE,2021-08-02,23303.21
512987,103247,B017,SAVINGS,ACTIVE,2025-04-05,1578.53
512988,103473,B007,SAVINGS,ACTIVE,2025-12-17,110120.99
512989,100875,B002,CURRENT,BLOCKED,2022-07-26,39796.38
512990,106173,B007,SAVINGS,ACTIVE,2020-03-10,22221.32
512991,102463,B010,SALARY,ACTIVE,2025-09-29,6978.09
512992,108014,B018,SAVINGS,ACTIVE,2021-01-13,120952.01
512993,104654,B008,CURRENT,ACTIVE,2020-05-30,30057.38
512994,101349,B016,CURRENT,ACTIVE,2025-04-30,86037.92
512995,106436,B014,SAVINGS,ACTIVE,2020-05-24,28464.76
512996,109499,B001,SAVINGS,ACTIVE,2024-04-25,224763.84
512997,108649,B003,SAVINGS,ACTIVE,2019-04-08,35030.88
512998,102317,B010,SAVINGS,ACTIVE,2020-10-05,12821.71
512999,109496,B008,CURRENT,ACTIVE,2021-04-09,50677.86
513000,106541,B018,SAVINGS,ACTIVE,2019-07-10,31170.09
513001,106119,B015,SAVINGS,ACTIVE,2021-07-11,7826.57
513002,106687,B010,SALARY,ACTIVE,2021-03-14,10422.1
513003,100092,B006,SAVINGS,ACTIVE,2021-08-11,30116.5
513004,102070,B001,SAVINGS,ACTIVE,2021-01-22,128616.38
513005,104717,B001,SAVINGS,ACTIVE,2023-05-17,15514.09
513006,101125,B012,SAVINGS,ACTIVE,2022-07-17,88588.43
513007,101236,B001,CURRENT,ACTIVE,2021-10-08,22769.6
513008,107656,B002,SAVINGS,ACTIVE,2026-03-23,137678.34
513009,100927,B002,SALARY,ACTIVE,2022-06-28,245557.58
513010,104111,B005,SAVINGS,ACTIVE,2022-11-16,35366.21
513011,106505,B018,SAVINGS,ACTIVE,2025-07-31,14351.21
513012,106678,B002,SAVINGS,ACTIVE,2025-02-25,14104.47
513013,108506,B012,CURRENT,ACTIVE,2021-12-06,90418.4
513014,100540,B018,SAVINGS,ACTIVE,2020-03-13,10159.68
513015,101930,B002,SAVINGS,ACTIVE,2022-11-17,4267.94
513016,107754,B012,SAVINGS,ACTIVE,2022-05-09,109564.74
513017,100634,B001,SALARY,ACTIVE,2020-06-26,10903.2
513018,107848,B008,SAVINGS,CLOSED,2020-03-28,6386.3
513019,109047,B018,SAVINGS,ACTIVE,2020-06-13,11784.03
513020,104415,B009,SAVINGS,ACTIVE,2022-12-15,22319.67
513021,107550,B013,SALARY,ACTIVE,2024-04-23,7187.96
513022,102688,B010,SAVINGS,ACTIVE,2023-08-03,8027.93
513023,102352,B009,SALARY,ACTIVE,2022-03-02,36789.73
513024,100466,B003,SAVINGS,ACTIVE,2019-04-02,15733.61
513025,105812,B008,SAVINGS,ACTIVE,2024-10-05,46221.9
513026,102813,B009,SALARY,ACTIVE,2025-04-20,55011.37
513027,100501,B013,SAVINGS,ACTIVE,2019-01-30,14512.78
513028,103982,B010,CURRENT,ACTIVE,2022-10-07,23448.09
513029,106494,B001,SALARY,ACTIVE,2021-01-18,69373.95
513030,102419,B013,SAVINGS,ACTIVE,2024-11-07,105114.94
513031,102075,B009,SAVINGS,ACTIVE,2023-02-06,1946.2
513032,100337,B006,CURRENT,ACTIVE,2021-01-20,5488.7
513033,106748,B007,SAVINGS,ACTIVE,2024-09-20,34778.65
513034,101160,B018,CURRENT,ACTIVE,2019-06-16,28821.89
513035,109044,B019,SAVINGS,ACTIVE,2019-07-13,20395.53
513036,106286,B009,CURRENT,ACTIVE,2019-11-27,18350.87
513037,107156,B019,SAVINGS,ACTIVE,2026-03-09,11538.61
513038,102729,B005,SAVINGS,ACTIVE,2020-04-18,147334.53
513039,100684,B001,SAVINGS,ACTIVE,2020-04-22,8903.46
513040,108405,B012,CURRENT,ACTIVE,2025-03-25,25027.16
513041,102222,B013,SAVINGS,ACTIVE,2024-06-12,25206.65
513042,102003,B009,SALARY,ACTIVE,2019-10-18,73133.22
513043,109117,B004,SAVINGS,ACTIVE,2023-12-11,63798.52
513044,101550,B004,CURRENT,ACTIVE,2022-05-20,27803.08
513045,101036,B002,SAVINGS,ACTIVE,2023-04-02,21278.8
513046,103884,B018,SAVINGS,ACTIVE,2022-01-26,9720.44
513047,101247,B008,SAVINGS,ACTIVE,2020-06-26,107401.78
513048,106307,B013,SAVINGS,ACTIVE,2025-11-21,3963.01
513049,106886,B004,SALARY,ACTIVE,2021-02-27,9174.73
513050,108592,B016,SALARY,ACTIVE,2021-09-28,74295.29
513051,106457,B012,CURRENT,ACTIVE,2025-02-28,9213.15
513052,107435,B017,SAVINGS,ACTIVE,2019-10-04,56372.62
513053,106840,B012,SALARY,ACTIVE,2024-11-03,124225.19
513054,106275,B009,SAVINGS,ACTIVE,2024-10-26,102446.76
513055,104975,B005,SAVINGS,ACTIVE,2024-04-18,13311.82
513056,103496,B019,SAVINGS,ACTIVE,2020-05-11,18092.66
513057,104484,B020,SAVINGS,ACTIVE,2021-05-02,8721.27
513058,109909,B002,SAVINGS,ACTIVE,2020-11-22,32802.01
513059,104895,B004,SAVINGS,ACTIVE,2019-07-10,169820.87
513060,102586,B005,SAVINGS,ACTIVE,2023-11-23,28598.6
513061,103182,B020,CURRENT,ACTIVE,2023-07-10,27712.06
513062,102181,B005,SAVINGS,ACTIVE,2019-11-13,32249.68
513063,102982,B006,SAVINGS,ACTIVE,2023-05-26,24477.92
513064,105989,B004,SAVINGS,ACTIVE,2020-03-02,54759.58
513065,100282,B013,SAVINGS,ACTIVE,2021-09-17,5219.83
513066,107955,B016,CURRENT,ACTIVE,2024-12-04,32101.95
513067,107212,B012,SAVINGS,ACTIVE,2021-06-12,58683.07
513068,109750,B002,SAVINGS,ACTIVE,2021-10-04,85135.83
513069,105957,B020,SAVINGS,ACTIVE,2021-12-31,143177.31
513070,103865,B005,SAVINGS,ACTIVE,2019-05-16,12109.36
513071,107026,B011,SAVINGS,ACTIVE,2023-03-03,10193.26
513072,103913,B004,SAVINGS,ACTIVE,2026-01-04,17871.0
513073,101931,B004,SAVINGS,ACTIVE,2022-01-01,65508.45
513074,108177,B016,SAVINGS,ACTIVE,2025-09-27,5895.58
513075,100178,B006,SALARY,ACTIVE,2024-09-06,35194.72
513076,109049,B018,SAVINGS,CLOSED,2024-01-07,36598.79
513077,108462,B001,SAVINGS,ACTIVE,2019-05-11,14756.17
513078,105787,B003,SAVINGS,ACTIVE,2023-04-03,62901.31
513079,104715,B019,SAVINGS,ACTIVE,2025-10-16,6342.37
513080,100076,B003,SAVINGS,ACTIVE,2019-06-06,124822.91
513081,103244,B020,SAVINGS,ACTIVE,2022-09-22,54131.56
513082,105076,B001,SAVINGS,ACTIVE,2021-06-05,21380.44
513083,109155,B009,SAVINGS,CLOSED,2024-05-04,6648.41
513084,103967,B013,SAVINGS,CLOSED,2020-06-11,26701.41
513085,100714,B017,SAVINGS,ACTIVE,2024-05-02,52632.24
513086,104738,B010,SAVINGS,ACTIVE,2019-09-12,15139.57
513087,102623,B008,SAVINGS,ACTIVE,2025-08-12,3309.77
513088,101823,B016,SAVINGS,ACTIVE,2024-02-10,10979.84
513089,103866,B008,CURRENT,ACTIVE,2023-11-17,434861.75
513090,106773,B017,SAVINGS,ACTIVE,2026-03-31,43462.15
513091,105959,B001,CURRENT,ACTIVE,2021-02-28,19972.68
513092,109965,B006,SAVINGS,ACTIVE,2021-02-25,457435.51
513093,103746,B001,SAVINGS,ACTIVE,2020-10-30,76999.38
513094,106612,B007,CURRENT,ACTIVE,2021-05-08,195068.92
513095,106325,B003,SAVINGS,ACTIVE,2019-10-10,41395.03
513096,102700,B004,CURRENT,ACTIVE,2023-04-23,76394.74
513097,106860,B019,SALARY,ACTIVE,2023-05-27,35098.46
513098,104316,B006,SAVINGS,ACTIVE,2020-02-23,11578.59
513099,109797,B009,SAVINGS,ACTIVE,2024-06-21,23658.98
513100,106321,B015,SAVINGS,ACTIVE,2024-05-30,31245.68
513101,107676,B011,CURRENT,ACTIVE,2020-09-23,25055.1
513102,107589,B009,CURRENT,ACTIVE,2023-04-12,13013.27
513103,105520,B003,SAVINGS,ACTIVE,2021-08-12,20388.13
513104,108754,B014,CURRENT,ACTIVE,2026-03-08,17487.52
513105,105002,B009,CURRENT,ACTIVE,2022-09-08,16106.96
513106,104537,B011,SAVINGS,ACTIVE,2024-02-03,125623.71
513107,108867,B011,SALARY,ACTIVE,2019-10-06,37405.55
513108,109313,B018,SAVINGS,ACTIVE,2022-08-22,6379.77
513109,103116,B010,SAVINGS,ACTIVE,2025-01-11,5867.06
513110,109172,B012,SAVINGS,ACTIVE,2019-02-18,17863.16
513111,107037,B017,SAVINGS,ACTIVE,2020-06-23,9875.16
513112,107379,B005,SAVINGS,ACTIVE,2024-03-06,20869.78
513113,109116,B013,CURRENT,ACTIVE,2024-12-05,231762.55
513114,108840,B018,SAVINGS,ACTIVE,2022-10-17,12329.34
513115,104089,B003,SAVINGS,ACTIVE,2021-09-21,9061.25
513116,105808,B014,SAVINGS,ACTIVE,2019-05-03,40861.35
513117,105846,B008,SALARY,ACTIVE,2021-03-25,11630.76
513118,100002,B008,SALARY,ACTIVE,2020-12-22,3453.69
513119,100815,B001,SAVINGS,ACTIVE,2022-07-13,19734.72
513120,104970,B004,CURRENT,ACTIVE,2022-01-25,4687.86
513121,105498,B007,SAVINGS,ACTIVE,2021-09-12,10150.25
513122,104939,B014,SAVINGS,ACTIVE,2024-03-24,40974.02
513123,109411,B008,CURRENT,ACTIVE,2019-12-23,5833.96
513124,100728,B012,SAVINGS,ACTIVE,2024-07-15,79733.77
513125,109535,B006,SAVINGS,ACTIVE,2020-07-31,22213.59
513126,103151,B009,SAVINGS,ACTIVE,2025-07-04,161493.32
513127,104058,B006,SAVINGS,ACTIVE,2025-01-04,29706.7
513128,103948,B007,SAVINGS,ACTIVE,2019-02-01,24148.99
513129,101927,B001,SAVINGS,ACTIVE,2019-09-06,30524.33
513130,106642,B013,CURRENT,ACTIVE,2023-03-19,52099.55
513131,108480,B019,SALARY,CLOSED,2019-02-09,130541.58
513132,105128,B003,SAVINGS,ACTIVE,2025-01-26,9283.57
513133,106718,B005,SAVINGS,ACTIVE,2021-03-08,29105.47
513134,100181,B011,SALARY,ACTIVE,2025-03-28,26097.52
513135,101452,B012,SAVINGS,ACTIVE,2024-10-30,103816.03
513136,109798,B020,SAVINGS,ACTIVE,2023-12-29,36660.51
513137,108655,B002,CURRENT,ACTIVE,2020-04-17,10860.94
513138,103310,B019,SAVINGS,ACTIVE,2026-02-27,30518.9
513139,106668,B007,SALARY,ACTIVE,2026-03-07,5368.8
513140,104148,B006,SALARY,ACTIVE,2025-07-19,154611.46
513141,104637,B008,CURRENT,ACTIVE,2024-01-15,14183.05
513142,106003,B009,SAVINGS,ACTIVE,2021-05-27,7548.84
513143,108984,B010,SALARY,ACTIVE,2024-03-22,68976.17
513144,109620,B018,SALARY,ACTIVE,2024-06-09,52511.6
513145,103757,B017,SAVINGS,ACTIVE,2025-02-17,240010.65
513146,103569,B013,SAVINGS,ACTIVE,2020-08-22,35493.62
513147,109515,B016,SAVINGS,ACTIVE,2025-10-11,52017.41
513148,103843,B006,SAVINGS,ACTIVE,2023-06-06,48574.32
513149,100572,B015,SALARY,ACTIVE,2020-10-15,17520.76
513150,105469,B006,SAVINGS,BLOCKED,2020-08-08,22935.5
513151,109162,B007,SAVINGS,ACTIVE,2019-09-26,98988.72
513152,102185,B001,SALARY,ACTIVE,2022-09-30,11836.16
513153,100554,B016,SAVINGS,ACTIVE,2019-11-10,30470.3
513154,101209,B018,CURRENT,ACTIVE,2023-04-03,2498.36
513155,104193,B016,SAVINGS,ACTIVE,2020-02-26,57374.5
513156,105129,B003,SALARY,CLOSED,2026-04-14,59375.18
513157,105291,B011,SAVINGS,CLOSED,2020-11-01,148445.65
513158,109573,B007,SAVINGS,ACTIVE,2020-02-09,39153.42
513159,108691,B012,SAVINGS,ACTIVE,2021-06-18,9544.31
513160,104803,B008,SALARY,ACTIVE,2022-04-20,34024.57
513161,104249,B011,SAVINGS,ACTIVE,2023-01-08,571611.49
513162,103868,B017,SAVINGS,ACTIVE,2025-02-21,6161.53
513163,108826,B010,SALARY,ACTIVE,2025-01-29,31967.95
513164,100873,B001,SAVINGS,ACTIVE,2025-06-14,4391.56
513165,108153,B015,SAVINGS,ACTIVE,2021-09-19,124791.04
513166,105636,B003,SAVINGS,ACTIVE,2020-05-20,20455.98
513167,100585,B006,SALARY,ACTIVE,2022-09-06,67338.5
513168,105004,B019,SALARY,ACTIVE,2019-03-11,5298.63
513169,103780,B012,SAVINGS,ACTIVE,2024-11-10,21321.5
513170,104108,B005,SAVINGS,ACTIVE,2019-02-23,2649.33
513171,100659,B018,CURRENT,ACTIVE,2023-01-22,12443.98
513172,107532,B004,SAVINGS,ACTIVE,2025-07-29,52740.09
513173,106954,B008,CURRENT,CLOSED,2025-08-04,7787.94
513174,102293,B012,SALARY,ACTIVE,2021-10-05,121772.23
513175,103966,B008,SAVINGS,ACTIVE,2019-12-29,11511.85
513176,108150,B005,SAVINGS,ACTIVE,2024-10-03,16710.65
513177,104647,B002,SAVINGS,ACTIVE,2021-08-03,8557.45
513178,107909,B014,SAVINGS,ACTIVE,2019-07-14,184412.67
513179,105962,B013,CURRENT,ACTIVE,2022-10-19,2823.27
513180,100860,B018,SAVINGS,ACTIVE,2020-01-28,37309.68
513181,108072,B014,SAVINGS,ACTIVE,2023-12-07,22154.96
513182,109719,B019,SALARY,ACTIVE,2020-09-18,164681.02
513183,106680,B005,SAVINGS,ACTIVE,2022-08-21,16492.93
513184,102217,B017,CURRENT,ACTIVE,2025-02-13,21259.45
513185,100474,B020,SAVINGS,ACTIVE,2026-04-14,15089.11
513186,105051,B019,CURRENT,ACTIVE,2019-03-16,28465.89
513187,102531,B016,SAVINGS,ACTIVE,2023-08-11,57867.28
513188,103608,B019,CURRENT,ACTIVE,2023-11-03,24654.01
513189,108658,B019,SALARY,ACTIVE,2019-05-14,9155.57
513190,105938,B005,SAVINGS,ACTIVE,2021-11-21,17109.53
513191,102168,B006,SAVINGS,ACTIVE,2019-01-10,48364.81
513192,105408,B013,SALARY,ACTIVE,2024-03-18,57196.18
513193,108947,B006,SAVINGS,ACTIVE,2024-01-12,198071.63
513194,109904,B008,SAVINGS,CLOSED,2025-08-25,16873.09
513195,108604,B009,SAVINGS,ACTIVE,2022-12-07,27695.45
513196,109201,B008,SAVINGS,ACTIVE,2025-06-07,39882.25
513197,101619,B003,SAVINGS,BLOCKED,2021-05-24,59541.19
513198,102630,B007,CURRENT,ACTIVE,2022-02-06,55394.97
513199,104223,B002,SAVINGS,ACTIVE,2023-01-26,6143.73
513200,103491,B013,SAVINGS,ACTIVE,2021-05-13,4323.33
513201,108229,B005,SAVINGS,ACTIVE,2024-12-06,40851.87
513202,108824,B008,SAVINGS,ACTIVE,2020-09-20,9773.6
513203,108330,B006,SALARY,ACTIVE,2020-11-05,10266.5
513204,106304,B006,SAVINGS,ACTIVE,2023-03-06,18800.2
513205,100004,B015,SAVINGS,ACTIVE,2024-02-12,3638.22
513206,107812,B008,SALARY,ACTIVE,2020-09-12,19767.2
513207,107410,B008,SAVINGS,ACTIVE,2024-03-16,17867.31
513208,105734,B016,SAVINGS,ACTIVE,2026-01-11,16314.38
513209,102011,B019,SAVINGS,ACTIVE,2022-05-02,6920.28
513210,109499,B015,CURRENT,ACTIVE,2025-05-27,159918.99
513211,102821,B008,SAVINGS,ACTIVE,2022-02-03,108431.0
513212,105217,B005,SAVINGS,ACTIVE,2020-11-02,168681.06
513213,105949,B012,CURRENT,ACTIVE,2024-03-04,7942.62
513214,105213,B018,SALARY,ACTIVE,2019-07-07,43675.01
513215,102576,B005,CURRENT,ACTIVE,2020-06-13,302802.51
513216,101792,B002,SALARY,ACTIVE,2025-04-25,33335.35
513217,106056,B012,SAVINGS,ACTIVE,2024-02-13,37214.75
513218,102664,B007,SAVINGS,ACTIVE,2020-06-01,23216.83
513219,104114,B019,SAVINGS,ACTIVE,2025-12-10,25706.23
513220,109540,B002,CURRENT,ACTIVE,2023-12-18,214648.87
513221,108565,B007,SALARY,ACTIVE,2024-12-02,4866.21
513222,106337,B012,SAVINGS,ACTIVE,2020-03-05,20959.3
513223,103212,B007,SAVINGS,ACTIVE,2021-04-15,68578.67
513224,104759,B018,SAVINGS,ACTIVE,2022-06-15,13525.64
513225,105947,B017,SALARY,ACTIVE,2025-04-17,54624.04
513226,107979,B002,SAVINGS,ACTIVE,2023-06-22,36314.12
513227,107368,B017,SAVINGS,ACTIVE,2019-05-03,89416.0
513228,109043,B012,SAVINGS,ACTIVE,2025-06-05,18343.89
513229,108875,B020,SAVINGS,ACTIVE,2023-12-24,17364.89
513230,105650,B016,CURRENT,ACTIVE,2024-01-19,32692.16
513231,101708,B015,CURRENT,ACTIVE,2020-05-26,25268.53
513232,108049,B012,SALARY,ACTIVE,2019-04-14,33434.65
513233,108165,B015,CURRENT,ACTIVE,2021-09-12,53184.36
513234,102335,B018,SAVINGS,BLOCKED,2021-08-25,34228.73
513235,108633,B002,CURRENT,ACTIVE,2020-04-25,19398.63
513236,102159,B011,SAVINGS,ACTIVE,2022-07-16,8614.93
513237,107186,B015,SAVINGS,BLOCKED,2021-10-04,37330.04
513238,100203,B008,SAVINGS,ACTIVE,2019-03-26,7080.55
513239,106507,B010,SAVINGS,CLOSED,2025-11-02,48991.7
513240,102062,B003,CURRENT,ACTIVE,2022-05-09,20491.78
513241,105876,B002,SAVINGS,ACTIVE,2023-10-27,18556.22
513242,107824,B012,SAVINGS,ACTIVE,2024-05-30,14860.01
513243,104521,B008,SAVINGS,ACTIVE,2022-01-20,32291.75
513244,106068,B004,SALARY,ACTIVE,2019-01-02,21756.07
513245,106588,B007,SAVINGS,ACTIVE,2025-02-16,18346.82
513246,107908,B014,SALARY,ACTIVE,2020-12-29,43739.73
513247,100229,B001,CURRENT,ACTIVE,2021-06-24,18805.19
513248,105018,B015,SALARY,ACTIVE,2024-01-10,40739.95
513249,105225,B004,SAVINGS,ACTIVE,2019-01-09,87289.66
513250,103588,B008,SAVINGS,ACTIVE,2020-02-08,27449.12
513251,109471,B009,SAVINGS,ACTIVE,2019-01-21,27676.35
513252,101137,B011,SAVINGS,ACTIVE,2020-07-19,2862.0
513253,105655,B014,SALARY,ACTIVE,2023-07-21,50335.54
513254,103913,B015,SAVINGS,ACTIVE,2021-10-09,3859.17
513255,106649,B004,CURRENT,ACTIVE,2024-05-11,39784.5
513256,108756,B011,SAVINGS,ACTIVE,2020-10-31,17382.17
513257,107973,B018,SAVINGS,ACTIVE,2020-12-24,20594.46
513258,104045,B006,SALARY,ACTIVE,2020-03-30,8200.33
513259,100534,B016,SALARY,ACTIVE,2020-05-14,11196.6
513260,105647,B017,CURRENT,ACTIVE,2021-08-23,2291.6
513261,102799,B014,SALARY,ACTIVE,2023-09-30,89821.03
513262,109090,B018,SAVINGS,ACTIVE,2025-04-10,23037.89
513263,107005,B002,SAVINGS,ACTIVE,2022-08-21,16204.57
513264,106431,B012,SALARY,ACTIVE,2023-09-16,2354.93
513265,103062,B003,SAVINGS,ACTIVE,2024-02-05,16597.9
513266,105923,B002,SALARY,ACTIVE,2021-07-01,7029.73
513267,103612,B005,SAVINGS,ACTIVE,2020-04-02,2337.28
513268,109322,B010,SAVINGS,ACTIVE,2022-02-03,42933.15
513269,106056,B019,SAVINGS,ACTIVE,2025-06-05,14431.37
513270,103188,B020,SALARY,BLOCKED,2020-05-18,456597.64
513271,106656,B019,SAVINGS,ACTIVE,2022-02-11,22338.27
513272,109756,B016,SALARY,ACTIVE,2023-12-13,17098.46
513273,104015,B004,SAVINGS,ACTIVE,2026-03-24,154502.37
513274,108648,B016,CURRENT,ACTIVE,2025-03-15,17765.69
513275,108253,B017,SAVINGS,ACTIVE,2026-03-24,28111.03
513276,105615,B012,SAVINGS,ACTIVE,2026-05-06,111302.52
513277,103405,B012,CURRENT,ACTIVE,2026-05-20,31482.57
513278,103935,B006,SAVINGS,ACTIVE,2019-09-27,18145.76
513279,107073,B016,SAVINGS,ACTIVE,2020-04-15,112225.73
513280,101182,B005,SAVINGS,ACTIVE,2025-04-05,75523.53
513281,109056,B005,SAVINGS,ACTIVE,2022-04-16,282111.35
513282,103911,B009,SAVINGS,ACTIVE,2025-07-04,86152.22
513283,105826,B014,SALARY,ACTIVE,2019-12-13,29787.43
513284,103779,B001,SAVINGS,ACTIVE,2023-06-17,30029.7
513285,109616,B020,SALARY,ACTIVE,2022-02-05,26369.0
513286,102640,B018,SAVINGS,ACTIVE,2022-04-04,10039.04
513287,104673,B014,SAVINGS,ACTIVE,2021-03-26,35913.85
513288,104840,B005,SAVINGS,ACTIVE,2019-08-31,107880.55
513289,107269,B019,CURRENT,ACTIVE,2021-12-04,87283.13
513290,109768,B011,CURRENT,ACTIVE,2020-04-29,12164.47
513291,109464,B018,SAVINGS,ACTIVE,2025-12-07,13518.79
513292,103764,B014,SAVINGS,ACTIVE,2025-07-23,78175.0
513293,104125,B002,SAVINGS,ACTIVE,2025-06-13,12340.56
513294,103140,B007,CURRENT,ACTIVE,2022-05-27,11179.76
513295,109849,B020,SALARY,ACTIVE,2020-04-11,11065.46
513296,102798,B018,SAVINGS,BLOCKED,2023-04-06,21710.07
513297,104514,B003,SAVINGS,ACTIVE,2021-02-14,103902.63
513298,100313,B001,SALARY,ACTIVE,2021-01-03,27212.14
513299,101030,B010,SAVINGS,ACTIVE,2026-04-22,17300.96
513300,101487,B016,SAVINGS,ACTIVE,2022-08-19,109078.18
513301,105552,B011,SAVINGS,ACTIVE,2019-09-10,13847.21
513302,102292,B010,SAVINGS,ACTIVE,2026-02-28,9845.66
513303,105651,B015,SALARY,ACTIVE,2020-02-07,20398.64
513304,108564,B005,SAVINGS,ACTIVE,2021-06-23,20012.54
513305,104421,B013,SAVINGS,ACTIVE,2022-07-25,37682.12
513306,107697,B007,SAVINGS,ACTIVE,2020-06-26,296581.15
513307,105825,B016,SAVINGS,ACTIVE,2025-07-15,8094.44
513308,107293,B003,SAVINGS,ACTIVE,2019-08-22,19585.13
513309,105780,B003,SAVINGS,ACTIVE,2019-09-01,59912.2
513310,101693,B001,SAVINGS,ACTIVE,2024-11-30,68855.91
513311,101912,B019,SAVINGS,ACTIVE,2022-01-26,260764.24
513312,109794,B014,SALARY,ACTIVE,2022-01-02,82743.0
513313,100757,B018,SAVINGS,ACTIVE,2020-06-26,18827.93
513314,109577,B001,SAVINGS,ACTIVE,2019-06-17,22706.09
513315,103452,B015,SAVINGS,ACTIVE,2019-05-08,10943.01
513316,106566,B020,SAVINGS,ACTIVE,2019-05-15,24633.14
513317,108180,B008,SAVINGS,ACTIVE,2022-05-04,55248.64
513318,109486,B005,SAVINGS,ACTIVE,2020-12-30,26671.45
513319,101953,B017,SAVINGS,CLOSED,2024-11-26,23514.72
513320,107814,B020,SAVINGS,ACTIVE,2024-10-22,56934.73
513321,103300,B019,SALARY,ACTIVE,2023-08-24,74676.04
513322,101270,B019,SAVINGS,ACTIVE,2020-11-18,63958.74
513323,104285,B009,CURRENT,ACTIVE,2024-07-05,89641.77
513324,105704,B009,SAVINGS,ACTIVE,2020-09-03,35930.24
513325,109354,B018,SAVINGS,ACTIVE,2025-03-18,9088.0
513326,103024,B013,CURRENT,ACTIVE,2021-11-15,16275.22
513327,108859,B020,SALARY,ACTIVE,2020-10-09,18931.68
513328,103202,B009,SAVINGS,CLOSED,2024-01-26,32593.05
513329,104999,B016,SAVINGS,ACTIVE,2025-06-26,85861.69
513330,107294,B007,SAVINGS,ACTIVE,2022-11-17,35995.79
513331,103384,B007,SAVINGS,ACTIVE,2020-05-05,9020.47
513332,106269,B020,SAVINGS,ACTIVE,2023-04-29,61495.13
513333,104928,B019,SAVINGS,ACTIVE,2025-09-10,41391.32
513334,105590,B018,SAVINGS,ACTIVE,2024-06-28,44415.93
513335,102236,B018,SAVINGS,ACTIVE,2024-01-15,325326.63
513336,109941,B006,SALARY,ACTIVE,2023-06-02,395590.69
513337,109331,B018,CURRENT,ACTIVE,2021-05-07,50990.96
513338,102616,B006,SAVINGS,ACTIVE,2019-10-30,22667.63
513339,108250,B008,SALARY,ACTIVE,2023-01-11,65747.72
513340,108742,B014,CURRENT,ACTIVE,2025-03-18,1959.68
513341,104525,B001,CURRENT,ACTIVE,2020-07-26,5811.06
513342,106895,B004,SAVINGS,ACTIVE,2021-05-11,106882.11
513343,105959,B016,SAVINGS,ACTIVE,2025-04-01,14964.29
513344,100280,B013,SAVINGS,ACTIVE,2019-07-21,14704.74
513345,102504,B014,SAVINGS,ACTIVE,2024-10-09,89172.96
513346,104717,B005,CURRENT,BLOCKED,2019-02-27,34950.7
513347,103025,B011,SALARY,ACTIVE,2021-04-06,29397.99
513348,101529,B008,SAVINGS,ACTIVE,2020-09-03,41183.38
513349,101328,B012,SAVINGS,ACTIVE,2021-06-23,69163.01
513350,101191,B005,CURRENT,ACTIVE,2025-03-21,156525.25
513351,107041,B007,SALARY,ACTIVE,2024-08-29,5891.53
513352,106931,B009,SAVINGS,ACTIVE,2020-08-20,48950.39
513353,106118,B017,SAVINGS,ACTIVE,2020-02-22,122973.69
513354,108878,B010,SAVINGS,ACTIVE,2022-02-10,2661.32
513355,109698,B004,SAVINGS,ACTIVE,2025-04-29,55544.56
513356,106795,B014,SAVINGS,ACTIVE,2019-10-13,24742.33
513357,105537,B009,SAVINGS,ACTIVE,2019-08-26,6454.41
513358,103412,B010,SAVINGS,ACTIVE,2019-02-11,19975.19
513359,108656,B008,SALARY,ACTIVE,2024-04-11,211232.87
513360,100450,B017,CURRENT,ACTIVE,2021-07-28,3451.93
513361,103749,B011,SAVINGS,ACTIVE,2024-01-20,64505.79
513362,104689,B002,SAVINGS,ACTIVE,2020-07-26,8396.27
513363,103716,B016,SAVINGS,ACTIVE,2019-02-17,273776.69
513364,101947,B008,SAVINGS,ACTIVE,2025-01-20,588917.46
513365,109597,B013,SAVINGS,ACTIVE,2023-05-13,10616.35
513366,108254,B018,SAVINGS,ACTIVE,2024-03-19,24232.25
513367,108414,B002,SAVINGS,ACTIVE,2024-09-30,64401.79
513368,103487,B002,SAVINGS,ACTIVE,2022-10-27,112472.32
513369,106769,B014,SAVINGS,ACTIVE,2025-02-14,50290.36
513370,109014,B016,CURRENT,ACTIVE,2019-06-01,5309.9
513371,106899,B018,SAVINGS,ACTIVE,2022-10-05,9803.86
513372,101230,B001,SALARY,ACTIVE,2025-09-12,31492.22
513373,102828,B009,SAVINGS,BLOCKED,2021-11-28,15123.72
513374,100623,B008,SAVINGS,ACTIVE,2023-09-03,29343.32
513375,101624,B016,CURRENT,ACTIVE,2025-08-26,6693.3
513376,100035,B018,SAVINGS,ACTIVE,2022-07-22,8816.78
513377,102957,B007,SAVINGS,ACTIVE,2025-11-23,6820.46
513378,109796,B005,SAVINGS,ACTIVE,2020-07-23,53301.36
513379,100870,B011,SALARY,ACTIVE,2020-01-06,63804.87
513380,104734,B003,SAVINGS,ACTIVE,2019-11-15,27240.5
513381,106917,B007,SAVINGS,ACTIVE,2024-01-03,4128.2
513382,107234,B006,SAVINGS,ACTIVE,2024-03-07,36475.54
513383,106262,B016,SAVINGS,ACTIVE,2019-07-31,24768.19
513384,101043,B008,SALARY,ACTIVE,2020-10-14,116084.5
513385,102330,B006,CURRENT,ACTIVE,2024-11-26,25153.36
513386,101061,B013,SAVINGS,ACTIVE,2019-03-21,8754.9
513387,105035,B002,SAVINGS,ACTIVE,2019-08-10,29324.1
513388,102687,B010,SAVINGS,ACTIVE,2026-01-05,13633.52
513389,100342,B018,SAVINGS,ACTIVE,2020-09-04,14230.01
513390,101089,B017,SAVINGS,ACTIVE,2021-12-26,16109.48
513391,100002,B004,SAVINGS,ACTIVE,2023-08-25,18192.42
513392,100444,B018,SAVINGS,ACTIVE,2025-12-31,19500.93
513393,101941,B016,SAVINGS,ACTIVE,2024-12-06,15948.77
513394,100658,B018,SALARY,CLOSED,2024-04-05,62468.53
513395,100041,B004,SAVINGS,ACTIVE,2025-04-23,7055.5
513396,104263,B017,SAVINGS,ACTIVE,2025-05-30,29322.35
513397,100914,B009,SAVINGS,ACTIVE,2019-10-18,14102.89
513398,104288,B016,SALARY,ACTIVE,2020-01-20,13538.02
513399,103944,B005,SAVINGS,ACTIVE,2023-12-23,69907.59
513400,104977,B008,SAVINGS,ACTIVE,2023-07-18,66630.37
513401,106495,B001,SAVINGS,ACTIVE,2021-11-08,37070.25
513402,106171,B017,CURRENT,ACTIVE,2022-12-18,77068.58
513403,103386,B018,SALARY,ACTIVE,2021-03-25,180091.56
513404,102756,B005,SAVINGS,ACTIVE,2019-11-17,62533.88
513405,102360,B016,SAVINGS,ACTIVE,2021-03-25,31610.62
513406,105286,B018,SAVINGS,ACTIVE,2019-01-15,75502.1
513407,105785,B015,SALARY,ACTIVE,2020-07-05,7712.64
513408,109875,B018,SAVINGS,ACTIVE,2021-11-19,14180.18
513409,103371,B005,CURRENT,ACTIVE,2020-11-02,25605.43
513410,106480,B015,SAVINGS,ACTIVE,2025-01-25,34014.1
513411,107077,B019,SAVINGS,ACTIVE,2022-11-20,7015.37
513412,108158,B016,SAVINGS,ACTIVE,2026-04-13,4801.45
513413,105769,B017,CURRENT,ACTIVE,2024-08-11,20051.13
513414,108804,B019,SAVINGS,ACTIVE,2025-02-08,40249.22
513415,107654,B018,SAVINGS,ACTIVE,2019-11-21,149423.73
513416,102216,B017,SAVINGS,ACTIVE,2023-03-18,25405.59
513417,106760,B006,SALARY,ACTIVE,2021-08-29,42303.66
513418,102146,B013,SAVINGS,ACTIVE,2026-05-15,26919.67
513419,106114,B010,SALARY,ACTIVE,2020-09-08,413193.42
513420,102131,B020,SAVINGS,ACTIVE,2024-07-02,43513.32
513421,102964,B003,SAVINGS,ACTIVE,2021-01-19,8856.04
513422,104015,B009,SAVINGS,ACTIVE,2020-02-28,46650.28
513423,102777,B016,SAVINGS,ACTIVE,2026-04-06,30616.06
513424,109317,B018,SAVINGS,ACTIVE,2026-03-10,19452.64
513425,107310,B010,SAVINGS,ACTIVE,2025-02-08,12841.54
513426,108662,B015,SAVINGS,ACTIVE,2025-11-28,28176.5
513427,106068,B005,SAVINGS,ACTIVE,2020-01-11,17669.94
513428,104285,B019,SALARY,BLOCKED,2025-09-20,17306.69
513429,100503,B011,SAVINGS,ACTIVE,2026-01-25,37618.79
513430,104687,B005,CURRENT,ACTIVE,2024-04-23,50169.05
513431,105893,B004,SAVINGS,ACTIVE,2022-07-04,22811.79
513432,108678,B008,SAVINGS,ACTIVE,2025-02-19,15830.37
513433,100960,B006,SAVINGS,ACTIVE,2025-12-18,17030.73
513434,105556,B008,SAVINGS,ACTIVE,2026-05-15,54801.94
513435,102686,B018,SAVINGS,ACTIVE,2019-09-07,31542.33
513436,103767,B015,SAVINGS,ACTIVE,2019-08-13,11442.0
513437,104166,B011,SAVINGS,ACTIVE,2021-02-24,2676.57
513438,100561,B011,SALARY,ACTIVE,2026-04-29,74381.05
513439,105889,B015,SAVINGS,ACTIVE,2022-01-22,8582.24
513440,104382,B004,SAVINGS,ACTIVE,2023-04-26,6818.49
513441,105697,B002,SAVINGS,ACTIVE,2024-09-16,51017.94
513442,101926,B008,CURRENT,ACTIVE,2023-10-31,4746.05
513443,108982,B013,CURRENT,ACTIVE,2021-11-22,12886.71
513444,100525,B017,SAVINGS,ACTIVE,2020-08-04,66712.73
513445,104367,B020,CURRENT,ACTIVE,2020-09-02,44216.8
513446,100631,B013,SAVINGS,ACTIVE,2022-04-11,17218.98
513447,108583,B009,SAVINGS,ACTIVE,2023-04-06,17680.38
513448,105869,B014,SAVINGS,ACTIVE,2025-01-14,11085.77
513449,106580,B006,SAVINGS,ACTIVE,2026-03-10,17150.7
513450,104256,B003,SAVINGS,BLOCKED,2021-03-04,16801.3
513451,106520,B013,CURRENT,BLOCKED,2023-10-04,24769.63
513452,108338,B010,SALARY,ACTIVE,2021-07-06,68864.63
513453,102793,B006,SAVINGS,ACTIVE,2021-09-07,42554.88
513454,106262,B018,SAVINGS,ACTIVE,2022-12-02,24030.74
513455,102518,B018,SAVINGS,ACTIVE,2024-07-21,14542.53
513456,100688,B018,SAVINGS,ACTIVE,2020-11-16,62936.69
513457,104718,B013,SAVINGS,ACTIVE,2019-04-19,87542.78
513458,104830,B019,SAVINGS,ACTIVE,2023-06-11,27728.72
513459,103386,B002,SAVINGS,ACTIVE,2019-06-03,44818.71
513460,105920,B018,SAVINGS,ACTIVE,2026-03-19,1956.34
513461,103597,B002,SAVINGS,ACTIVE,2020-06-03,12976.58
513462,108376,B006,SAVINGS,ACTIVE,2022-08-02,5615.44
513463,107788,B012,SAVINGS,ACTIVE,2021-12-27,32086.42
513464,109642,B009,SAVINGS,ACTIVE,2025-04-12,7328.53
513465,104659,B001,SAVINGS,ACTIVE,2024-11-06,679644.98
513466,104365,B014,SAVINGS,CLOSED,2025-02-07,61891.52
513467,105387,B010,SAVINGS,ACTIVE,2025-10-30,37832.14
513468,102418,B005,SAVINGS,ACTIVE,2022-11-06,15128.6
513469,106801,B001,SAVINGS,ACTIVE,2024-10-13,16534.86
513470,104963,B016,SALARY,ACTIVE,2023-09-13,35630.53
513471,102054,B013,SALARY,ACTIVE,2023-01-31,254274.66
513472,102119,B014,SAVINGS,ACTIVE,2021-01-10,62523.09
513473,106550,B016,SAVINGS,ACTIVE,2024-11-13,48854.71
513474,102737,B012,SAVINGS,ACTIVE,2022-05-15,20051.32
513475,107079,B002,SAVINGS,ACTIVE,2019-02-21,3052.13
513476,101464,B020,SAVINGS,CLOSED,2023-06-24,16503.52
513477,107620,B010,SAVINGS,ACTIVE,2024-09-13,15760.25
513478,106442,B015,SAVINGS,ACTIVE,2020-10-13,21078.07
513479,107087,B005,SAVINGS,CLOSED,2024-01-01,24616.45
513480,106957,B002,SALARY,ACTIVE,2025-04-16,30904.13
513481,105299,B010,SALARY,ACTIVE,2021-11-17,11108.75
513482,103674,B001,SAVINGS,ACTIVE,2024-06-25,72284.29
513483,105780,B006,SALARY,ACTIVE,2021-06-25,154134.29
513484,100085,B017,SALARY,ACTIVE,2025-05-20,18488.13
513485,107674,B010,CURRENT,ACTIVE,2020-11-11,30713.58
513486,106042,B007,SAVINGS,ACTIVE,2019-11-26,8097.7
513487,106023,B001,SALARY,CLOSED,2024-11-24,7296.08
513488,102352,B005,SAVINGS,ACTIVE,2022-06-09,107198.48
513489,109983,B018,SAVINGS,ACTIVE,2019-09-25,69250.91
513490,101148,B012,CURRENT,ACTIVE,2021-03-24,27551.49
513491,106567,B010,SAVINGS,ACTIVE,2020-02-07,41091.18
513492,104941,B014,SAVINGS,ACTIVE,2020-03-20,44921.89
513493,103055,B019,SAVINGS,ACTIVE,2023-04-15,7835.42
513494,103282,B012,SALARY,ACTIVE,2025-12-24,5660.14
513495,104263,B006,SAVINGS,ACTIVE,2022-05-24,4340.84
513496,103793,B015,SAVINGS,ACTIVE,2021-06-26,35532.14
513497,107619,B003,SAVINGS,ACTIVE,2022-12-19,100230.42
513498,107692,B010,SAVINGS,ACTIVE,2022-01-05,48127.12
513499,105797,B005,SAVINGS,ACTIVE,2023-06-22,12431.15
513500,108812,B018,SAVINGS,ACTIVE,2025-04-07,2948.93
513501,104113,B016,SAVINGS,ACTIVE,2024-12-05,71228.43
513502,108385,B014,SAVINGS,ACTIVE,2026-02-14,28627.42
513503,105506,B014,SAVINGS,ACTIVE,2019-09-25,24310.28
513504,105837,B010,SAVINGS,BLOCKED,2020-08-20,34682.21
513505,108517,B003,CURRENT,BLOCKED,2025-10-21,12247.43
513506,101441,B016,SAVINGS,ACTIVE,2021-10-02,16181.22
513507,109379,B012,SALARY,ACTIVE,2022-12-29,15976.2
513508,103610,B001,CURRENT,ACTIVE,2019-12-17,47289.23
513509,107861,B020,SALARY,ACTIVE,2025-10-16,11843.66
513510,104594,B020,SAVINGS,ACTIVE,2026-01-22,16585.38
513511,105848,B020,SALARY,ACTIVE,2023-04-17,13150.56
513512,105506,B007,CURRENT,ACTIVE,2024-05-27,11813.88
513513,105445,B004,SAVINGS,ACTIVE,2022-04-25,17634.98
513514,101501,B002,SAVINGS,ACTIVE,2019-01-02,27422.48
513515,103904,B016,SALARY,ACTIVE,2023-03-25,49328.37
513516,102991,B007,CURRENT,ACTIVE,2021-12-13,81489.92
513517,102820,B017,SAVINGS,ACTIVE,2019-11-07,560987.24
513518,108395,B015,SALARY,ACTIVE,2019-07-25,79758.9
513519,102665,B017,SAVINGS,ACTIVE,2020-10-21,61003.9
513520,109881,B003,SALARY,ACTIVE,2023-12-18,21533.27
513521,100977,B015,SAVINGS,ACTIVE,2023-05-31,79725.14
513522,102288,B007,SALARY,ACTIVE,2019-04-10,162551.47
513523,101726,B004,SAVINGS,ACTIVE,2019-03-14,39342.36
513524,107538,B006,SALARY,ACTIVE,2020-04-15,28193.67
513525,100271,B014,SAVINGS,ACTIVE,2021-07-09,50067.66
513526,102724,B001,SALARY,ACTIVE,2019-08-28,169699.75
513527,100902,B003,SAVINGS,ACTIVE,2022-04-26,12759.14
513528,101431,B004,SALARY,ACTIVE,2022-02-16,132395.84
513529,103807,B018,SAVINGS,ACTIVE,2023-01-22,60201.72
513530,101439,B010,SAVINGS,ACTIVE,2024-04-30,14297.28
513531,106251,B005,CURRENT,ACTIVE,2024-08-30,20643.15
513532,108397,B002,CURRENT,ACTIVE,2021-08-22,39525.66
513533,109541,B001,SALARY,ACTIVE,2022-10-04,12919.12
513534,104597,B018,SAVINGS,ACTIVE,2020-03-17,118761.02
513535,107595,B006,SAVINGS,ACTIVE,2021-02-16,63059.47
513536,106318,B003,SAVINGS,ACTIVE,2020-01-17,6052.25
513537,100893,B020,SAVINGS,ACTIVE,2021-06-05,58951.18
513538,108865,B003,SAVINGS,ACTIVE,2020-02-04,32554.14
513539,107447,B005,SAVINGS,ACTIVE,2025-10-20,41781.62
513540,105968,B007,SAVINGS,ACTIVE,2020-08-09,60237.65
513541,107276,B016,SALARY,BLOCKED,2019-03-14,34844.52
513542,100020,B013,SAVINGS,ACTIVE,2019-10-11,44383.54
513543,104118,B013,SAVINGS,ACTIVE,2026-02-02,13853.75
513544,106149,B015,SAVINGS,ACTIVE,2025-11-30,143641.07
513545,105550,B011,SAVINGS,ACTIVE,2022-07-05,54777.28
513546,100682,B004,SAVINGS,ACTIVE,2019-12-13,8009.21
513547,106318,B003,SAVINGS,ACTIVE,2019-12-27,56862.13
513548,104545,B004,SAVINGS,ACTIVE,2026-05-15,4025.3
513549,109875,B003,SAVINGS,ACTIVE,2021-11-29,5031.47
513550,107736,B005,CURRENT,ACTIVE,2023-05-03,145828.96
513551,103151,B009,SAVINGS,ACTIVE,2019-01-02,136114.88
513552,108379,B018,SAVINGS,ACTIVE,2023-03-06,22412.52
513553,106358,B009,CURRENT,ACTIVE,2019-12-17,47439.87
513554,104192,B010,SALARY,ACTIVE,2021-02-09,40644.25
513555,105869,B006,CURRENT,ACTIVE,2025-06-19,22991.72
513556,105871,B016,SAVINGS,ACTIVE,2021-07-30,10764.12
513557,102836,B020,SAVINGS,ACTIVE,2022-12-24,6369.03
513558,107827,B018,SAVINGS,ACTIVE,2025-08-03,75383.7
513559,102109,B020,SAVINGS,ACTIVE,2020-07-30,19358.47
513560,102967,B014,SAVINGS,ACTIVE,2019-07-08,4119.55
513561,104954,B011,SAVINGS,ACTIVE,2020-08-22,20269.66
513562,105764,B010,CURRENT,ACTIVE,2023-11-22,20226.31
513563,109908,B011,SAVINGS,ACTIVE,2023-05-02,447783.35
513564,102205,B019,CURRENT,ACTIVE,2020-12-18,15755.69
513565,108376,B014,SALARY,ACTIVE,2024-05-16,35545.56
513566,102165,B003,SAVINGS,ACTIVE,2026-01-09,36439.75
513567,109560,B009,SAVINGS,ACTIVE,2022-02-15,29270.98
513568,102530,B004,SAVINGS,ACTIVE,2025-12-06,15938.92
513569,108514,B016,SAVINGS,ACTIVE,2024-04-25,33087.44
513570,104739,B010,SAVINGS,ACTIVE,2019-11-10,12560.43
513571,105827,B007,SAVINGS,ACTIVE,2024-11-16,60397.82
513572,100946,B006,SAVINGS,ACTIVE,2021-01-13,27470.04
513573,100546,B017,SAVINGS,ACTIVE,2021-07-18,11838.24
513574,107585,B017,SAVINGS,ACTIVE,2024-08-12,73513.97
513575,102944,B005,CURRENT,ACTIVE,2022-06-17,40593.17
513576,103171,B007,SAVINGS,ACTIVE,2022-04-14,18019.26
513577,104327,B020,SAVINGS,ACTIVE,2022-06-19,92003.77
513578,108074,B018,SAVINGS,ACTIVE,2024-11-30,32964.97
513579,104202,B001,CURRENT,ACTIVE,2024-03-31,67973.67
513580,101164,B016,SAVINGS,ACTIVE,2022-07-18,12460.72
513581,109418,B016,SAVINGS,ACTIVE,2025-03-28,22397.28
513582,106861,B015,SAVINGS,ACTIVE,2022-09-18,60226.54
513583,103778,B012,CURRENT,ACTIVE,2023-11-30,21935.05
513584,109411,B012,SAVINGS,ACTIVE,2021-10-22,17175.62
513585,107008,B014,SAVINGS,ACTIVE,2025-12-17,90513.98
513586,108979,B019,SAVINGS,ACTIVE,2023-11-10,107828.23
513587,105795,B009,CURRENT,ACTIVE,2019-02-11,30815.88
513588,109016,B018,SAVINGS,ACTIVE,2021-01-17,5442.72
513589,103624,B001,SALARY,ACTIVE,2024-03-19,93908.23
513590,102375,B005,SAVINGS,ACTIVE,2022-03-16,2887.36
513591,106559,B019,SAVINGS,ACTIVE,2026-03-17,32904.74
513592,105090,B001,SAVINGS,ACTIVE,2021-10-04,138131.56
513593,103284,B002,SAVINGS,ACTIVE,2025-05-19,12992.51
513594,109712,B018,SALARY,ACTIVE,2024-01-22,57514.57
513595,107276,B013,CURRENT,BLOCKED,2019-03-10,6457.79
513596,101087,B001,CURRENT,CLOSED,2023-10-02,18052.05
513597,101383,B004,SAVINGS,ACTIVE,2024-04-06,76829.27
513598,108531,B013,SAVINGS,ACTIVE,2020-03-13,27508.12
513599,106866,B003,SAVINGS,ACTIVE,2021-03-05,1794.53
513600,106474,B017,SAVINGS,ACTIVE,2021-04-14,17176.04
513601,100416,B001,CURRENT,ACTIVE,2020-05-31,4192.02
513602,102901,B001,SAVINGS,ACTIVE,2023-07-31,21943.14
513603,105135,B001,CURRENT,ACTIVE,2023-03-24,13013.51
513604,102352,B005,SAVINGS,ACTIVE,2023-07-23,1628.29
513605,108729,B019,SALARY,ACTIVE,2022-11-10,11806.92
513606,109735,B017,SAVINGS,ACTIVE,2025-07-26,8200.14
513607,101464,B005,SALARY,ACTIVE,2023-10-25,32904.98
513608,100465,B015,SAVINGS,ACTIVE,2021-12-29,11603.88
513609,103590,B017,SAVINGS,ACTIVE,2022-03-17,36177.49
513610,106057,B006,SAVINGS,ACTIVE,2020-01-10,52862.48
513611,102805,B008,SAVINGS,ACTIVE,2024-07-21,137990.71
513612,103268,B007,CURRENT,ACTIVE,2023-10-04,33929.71
513613,108665,B008,SALARY,ACTIVE,2021-11-19,46766.51
513614,107267,B019,SAVINGS,ACTIVE,2025-06-30,21204.74
513615,101049,B008,SAVINGS,ACTIVE,2021-10-08,10191.52
513616,108638,B003,SAVINGS,ACTIVE,2021-04-25,50119.37
513617,104512,B002,SAVINGS,ACTIVE,2021-02-28,31321.81
513618,108219,B010,CURRENT,ACTIVE,2024-06-22,28058.07
513619,106453,B012,SAVINGS,CLOSED,2025-09-15,25250.12
513620,108389,B009,SAVINGS,ACTIVE,2023-08-05,19835.39
513621,101505,B012,SAVINGS,ACTIVE,2024-01-10,13827.66
513622,109415,B011,SAVINGS,ACTIVE,2024-08-03,25804.11
513623,103586,B012,SAVINGS,ACTIVE,2020-09-28,10453.07
513624,107949,B009,SALARY,ACTIVE,2019-11-12,107700.69
513625,108196,B011,SAVINGS,ACTIVE,2021-12-22,35035.42
513626,105931,B005,SALARY,ACTIVE,2023-12-27,1240.89
513627,101532,B004,SAVINGS,ACTIVE,2025-04-07,105910.33
513628,102303,B016,SALARY,ACTIVE,2023-07-28,120674.39
513629,107640,B018,SAVINGS,ACTIVE,2024-04-09,21948.91
513630,102858,B012,SAVINGS,ACTIVE,2025-04-24,17892.8
513631,101856,B004,SAVINGS,ACTIVE,2024-09-22,102528.84
513632,101754,B012,SAVINGS,ACTIVE,2020-05-09,110454.08
513633,104021,B005,SALARY,ACTIVE,2020-09-24,4359.18
513634,106727,B019,SALARY,ACTIVE,2025-09-17,64743.34
513635,105861,B007,SAVINGS,BLOCKED,2022-01-10,98371.7
513636,100730,B014,SAVINGS,ACTIVE,2025-01-05,13660.7
513637,106338,B018,SAVINGS,ACTIVE,2026-05-05,10165.39
513638,101038,B010,SALARY,ACTIVE,2020-12-23,55127.77
513639,102199,B009,SAVINGS,ACTIVE,2022-04-14,251372.77
513640,105096,B017,SALARY,ACTIVE,2025-10-18,127064.9
513641,106064,B018,SAVINGS,ACTIVE,2022-01-22,61795.17
513642,103333,B019,SAVINGS,ACTIVE,2025-06-29,23942.37
513643,104966,B019,SAVINGS,ACTIVE,2021-03-29,28535.87
513644,109191,B004,CURRENT,ACTIVE,2026-03-10,25909.82
513645,102786,B003,SAVINGS,ACTIVE,2026-05-09,19949.25
513646,108265,B008,SALARY,ACTIVE,2019-10-12,13355.49
513647,101223,B015,SAVINGS,CLOSED,2024-06-26,58577.1
513648,103985,B015,SAVINGS,ACTIVE,2021-09-26,6065.42
513649,100345,B011,SAVINGS,ACTIVE,2020-01-01,68176.7
513650,108964,B014,SAVINGS,ACTIVE,2024-03-11,15631.33
513651,100151,B014,SAVINGS,ACTIVE,2021-12-21,46450.42
513652,105838,B004,SALARY,ACTIVE,2019-02-28,11876.4
513653,107692,B016,SAVINGS,ACTIVE,2020-11-18,4520.63
513654,104663,B010,SALARY,BLOCKED,2022-07-01,134100.87
513655,103075,B010,SAVINGS,ACTIVE,2025-01-05,80176.66
513656,108164,B009,SAVINGS,ACTIVE,2021-02-21,18821.34
513657,107150,B015,SALARY,CLOSED,2022-04-20,261495.46
513658,109843,B006,SAVINGS,ACTIVE,2022-07-29,164828.28
513659,102214,B015,SAVINGS,ACTIVE,2021-03-22,51126.81
513660,107308,B006,SAVINGS,ACTIVE,2025-05-19,5495.95
513661,102003,B017,SAVINGS,ACTIVE,2025-10-30,6155.91
513662,106989,B014,SAVINGS,ACTIVE,2020-02-08,32827.74
513663,106424,B003,SAVINGS,ACTIVE,2020-04-11,84059.02
513664,107779,B017,SAVINGS,ACTIVE,2020-04-22,177312.95
513665,107625,B004,SAVINGS,ACTIVE,2026-04-22,35947.08
513666,104333,B018,SAVINGS,ACTIVE,2021-12-13,67135.35
513667,104634,B008,SAVINGS,ACTIVE,2024-01-20,101243.38
513668,107571,B001,SAVINGS,ACTIVE,2019-01-04,4320.82
513669,101927,B003,SAVINGS,ACTIVE,2020-12-24,14307.78
513670,105077,B007,CURRENT,ACTIVE,2019-02-26,43418.25
513671,103459,B013,SAVINGS,ACTIVE,2025-02-02,51288.07
513672,108997,B015,CURRENT,ACTIVE,2025-03-01,8216.9
513673,103163,B015,SAVINGS,BLOCKED,2024-01-28,58253.87
513674,108605,B012,SAVINGS,ACTIVE,2025-03-22,65528.01
513675,108840,B014,CURRENT,ACTIVE,2024-12-21,34713.35
513676,101058,B018,SAVINGS,ACTIVE,2025-03-10,56087.18
513677,100187,B003,CURRENT,ACTIVE,2019-08-12,39621.27
513678,104413,B019,SALARY,ACTIVE,2021-01-21,46376.63
513679,104175,B020,SAVINGS,ACTIVE,2020-03-28,21130.6
513680,107005,B003,SALARY,ACTIVE,2024-12-22,11809.54
513681,108507,B007,SAVINGS,ACTIVE,2019-01-02,21461.06
513682,101069,B003,CURRENT,ACTIVE,2026-02-19,38844.26
513683,104544,B014,SALARY,ACTIVE,2024-09-25,2640.11
513684,103293,B012,SAVINGS,ACTIVE,2021-08-26,7567.49
513685,101269,B007,SAVINGS,ACTIVE,2021-07-18,11742.34
513686,103551,B010,SALARY,ACTIVE,2022-03-03,5158.53
513687,109074,B003,SAVINGS,ACTIVE,2024-09-07,25746.96
513688,106627,B006,SAVINGS,ACTIVE,2021-03-20,2001.25
513689,101155,B003,SAVINGS,ACTIVE,2019-01-10,41755.33
513690,100857,B006,SAVINGS,ACTIVE,2023-01-16,18446.0
513691,107123,B002,SAVINGS,ACTIVE,2024-05-24,33239.67
513692,108492,B013,SALARY,ACTIVE,2024-01-30,93899.47
513693,109904,B005,SAVINGS,ACTIVE,2023-06-03,63746.95
513694,104110,B005,CURRENT,ACTIVE,2025-05-26,7059.68
513695,104016,B001,SALARY,ACTIVE,2023-09-04,9673.11
513696,100089,B002,SAVINGS,ACTIVE,2022-07-28,10779.62
513697,105158,B015,SAVINGS,BLOCKED,2024-09-07,547003.5
513698,109323,B018,SALARY,ACTIVE,2019-04-19,3925.38
513699,100673,B009,SAVINGS,ACTIVE,2022-10-29,19103.3
513700,106136,B014,SAVINGS,ACTIVE,2023-04-11,90419.87
513701,100910,B016,SALARY,ACTIVE,2025-09-30,24494.08
513702,101773,B018,SAVINGS,ACTIVE,2025-09-09,19814.5
513703,106681,B002,SAVINGS,ACTIVE,2024-12-13,125821.22
513704,108381,B004,SALARY,BLOCKED,2021-08-09,3863.25
513705,101885,B006,SALARY,ACTIVE,2019-04-13,47100.84
513706,108136,B003,SAVINGS,ACTIVE,2019-07-07,11751.4
513707,101238,B017,SAVINGS,ACTIVE,2020-08-25,34278.61
513708,108634,B015,SAVINGS,ACTIVE,2019-12-22,91047.97
513709,108952,B001,SAVINGS,ACTIVE,2022-09-21,14025.64
513710,105865,B009,CURRENT,ACTIVE,2021-11-07,23545.59
513711,108804,B013,SAVINGS,BLOCKED,2020-05-19,86102.4
513712,105922,B019,SALARY,ACTIVE,2023-05-21,4620.51
513713,100339,B014,SAVINGS,CLOSED,2024-09-20,60894.99
513714,108483,B017,SAVINGS,ACTIVE,2023-08-16,14277.27
513715,101352,B014,SAVINGS,ACTIVE,2020-08-11,75603.12
513716,106259,B007,SAVINGS,ACTIVE,2019-08-16,21910.79
513717,102049,B020,SAVINGS,ACTIVE,2023-01-10,14983.97
513718,100022,B018,CURRENT,ACTIVE,2022-08-07,32190.38
513719,108024,B004,SALARY,ACTIVE,2025-12-09,100417.78
513720,106678,B002,SALARY,ACTIVE,2024-02-03,16644.81
513721,105197,B016,SALARY,ACTIVE,2022-09-26,15498.88
513722,109457,B001,SALARY,ACTIVE,2019-10-18,98547.63
513723,103284,B016,SAVINGS,ACTIVE,2021-01-31,23981.48
513724,105288,B007,SAVINGS,ACTIVE,2020-03-12,18201.56
513725,107239,B006,SALARY,ACTIVE,2021-07-01,19241.56
513726,101540,B020,SAVINGS,ACTIVE,2019-04-25,75732.62
513727,109407,B007,SAVINGS,ACTIVE,2022-06-28,63918.91
513728,109964,B013,SAVINGS,ACTIVE,2019-08-30,9453.18
513729,108387,B009,SAVINGS,ACTIVE,2020-07-15,14447.87
513730,104693,B013,CURRENT,ACTIVE,2022-06-13,72158.88
513731,105391,B014,SAVINGS,ACTIVE,2025-10-16,46284.48
513732,103395,B010,SAVINGS,ACTIVE,2025-08-24,1695.08
513733,104624,B001,SAVINGS,ACTIVE,2022-11-30,34312.36
513734,108975,B001,SAVINGS,ACTIVE,2026-02-15,22650.54
513735,104313,B011,SAVINGS,ACTIVE,2022-07-17,86145.68
513736,106809,B010,CURRENT,ACTIVE,2021-06-04,155126.19
513737,102742,B001,SAVINGS,ACTIVE,2026-03-13,17947.98
513738,104435,B014,SALARY,ACTIVE,2023-07-31,480527.25
513739,107159,B009,SAVINGS,ACTIVE,2025-09-24,3718.06
513740,103718,B013,SAVINGS,ACTIVE,2020-07-21,22532.33
513741,103553,B018,SAVINGS,BLOCKED,2020-05-19,27093.65
513742,108918,B011,SAVINGS,ACTIVE,2025-06-12,57353.86
513743,109095,B002,SAVINGS,ACTIVE,2021-08-25,75808.78
513744,103165,B010,SALARY,BLOCKED,2022-03-21,95123.89
513745,101291,B007,SAVINGS,CLOSED,2025-06-12,62174.81
513746,104474,B017,SALARY,ACTIVE,2024-08-21,38244.93
513747,106280,B004,SAVINGS,ACTIVE,2021-07-20,21696.24
513748,104035,B009,SAVINGS,ACTIVE,2019-08-09,7444.45
513749,100624,B010,SAVINGS,ACTIVE,2025-01-24,19910.02
513750,109713,B015,SAVINGS,ACTIVE,2019-05-10,22411.05
513751,101892,B004,SAVINGS,ACTIVE,2020-07-11,6293.25
513752,108781,B011,SAVINGS,ACTIVE,2025-10-05,63622.32
513753,105213,B006,SALARY,ACTIVE,2022-02-08,11731.42
513754,106972,B018,SAVINGS,ACTIVE,2020-10-03,50599.92
513755,107872,B020,SALARY,ACTIVE,2023-03-23,39670.6
513756,105866,B003,SAVINGS,ACTIVE,2025-06-10,7082.42
513757,109861,B017,SALARY,ACTIVE,2020-12-23,9247.83
513758,105002,B015,SAVINGS,ACTIVE,2023-09-01,13103.42
513759,107450,B020,SAVINGS,BLOCKED,2025-12-15,15600.06
513760,101050,B003,SAVINGS,ACTIVE,2026-03-12,131954.43
513761,108970,B006,SAVINGS,ACTIVE,2019-01-18,34466.72
513762,108983,B019,SALARY,ACTIVE,2024-08-12,12217.32
513763,100627,B012,SAVINGS,ACTIVE,2024-11-03,58084.5
513764,109769,B017,SAVINGS,ACTIVE,2022-05-27,144398.27
513765,102363,B011,SAVINGS,ACTIVE,2024-05-20,15423.78
513766,107419,B008,SAVINGS,ACTIVE,2019-12-27,24939.43
513767,109617,B008,SAVINGS,ACTIVE,2024-01-19,13668.94
513768,102859,B016,SAVINGS,ACTIVE,2022-03-22,51664.87
513769,107381,B020,CURRENT,ACTIVE,2019-05-25,46449.03
513770,103912,B002,SAVINGS,ACTIVE,2020-05-04,35855.64
513771,107140,B007,SALARY,ACTIVE,2025-03-19,29836.37
513772,108118,B014,SAVINGS,ACTIVE,2022-01-22,6916.28
513773,102400,B009,CURRENT,ACTIVE,2019-10-30,5038.47
513774,108354,B019,SAVINGS,ACTIVE,2020-03-06,26183.33
513775,106369,B001,SAVINGS,ACTIVE,2020-04-13,7631.43
513776,103058,B001,SALARY,ACTIVE,2020-07-08,34781.68
513777,108350,B007,SAVINGS,ACTIVE,2025-07-22,5543.71
513778,106805,B008,SAVINGS,ACTIVE,2019-06-28,15006.91
513779,100515,B014,SAVINGS,ACTIVE,2022-06-13,16167.19
513780,109436,B005,SAVINGS,ACTIVE,2025-10-05,1738.61
513781,105841,B013,SAVINGS,ACTIVE,2021-01-05,10158.19
513782,107357,B010,SAVINGS,ACTIVE,2022-12-29,35963.71
513783,103668,B005,SAVINGS,ACTIVE,2024-01-02,147631.43
513784,104083,B016,SAVINGS,ACTIVE,2019-10-05,141097.93
513785,103499,B004,SAVINGS,ACTIVE,2020-05-23,34469.47
513786,105019,B008,SAVINGS,ACTIVE,2025-03-30,37403.51
513787,107971,B020,CURRENT,ACTIVE,2022-06-09,72424.07
513788,107673,B008,SAVINGS,ACTIVE,2026-02-14,8731.24
513789,105525,B006,SALARY,ACTIVE,2020-12-30,5692.68
513790,100298,B010,CURRENT,ACTIVE,2019-09-10,10038.21
513791,100677,B006,SAVINGS,ACTIVE,2021-07-04,17541.51
513792,108730,B006,SAVINGS,ACTIVE,2025-08-31,47725.34
513793,109804,B006,SAVINGS,ACTIVE,2025-04-26,7258.82
513794,101480,B017,SALARY,ACTIVE,2025-05-22,42883.74
513795,105206,B005,SAVINGS,ACTIVE,2020-08-05,19188.69
513796,108890,B003,SAVINGS,ACTIVE,2020-01-14,8655.11
513797,100260,B013,CURRENT,ACTIVE,2025-04-25,87609.98
513798,109931,B015,SALARY,ACTIVE,2021-11-25,73757.31
513799,101660,B001,SAVINGS,ACTIVE,2024-01-12,40087.86
513800,100511,B004,SALARY,ACTIVE,2019-05-25,114557.6
513801,105087,B017,SAVINGS,ACTIVE,2025-12-27,27259.13
513802,109621,B011,SAVINGS,ACTIVE,2025-06-17,21291.06
513803,107765,B004,SALARY,ACTIVE,2021-09-27,19201.87
513804,102271,B018,SAVINGS,ACTIVE,2024-03-05,7423.37
513805,106223,B001,SAVINGS,ACTIVE,2021-02-21,23285.5
513806,104657,B010,SAVINGS,ACTIVE,2024-08-29,19853.03
513807,104553,B015,SALARY,ACTIVE,2025-03-30,13011.28
513808,100826,B004,SAVINGS,ACTIVE,2023-07-26,9184.06
513809,103154,B014,SAVINGS,ACTIVE,2023-11-01,58844.11
513810,102323,B001,SAVINGS,ACTIVE,2026-05-23,47792.0
513811,109842,B018,SAVINGS,ACTIVE,2023-07-08,53210.01
513812,102446,B012,SAVINGS,ACTIVE,2022-11-08,10490.75
513813,108570,B017,SAVINGS,ACTIVE,2024-01-08,71819.4
513814,101861,B011,CURRENT,ACTIVE,2022-01-20,43626.75
513815,100472,B004,SAVINGS,ACTIVE,2021-02-01,13158.97
513816,108459,B019,SALARY,ACTIVE,2024-04-27,32054.23
513817,104994,B005,SAVINGS,ACTIVE,2024-11-20,2801.3
513818,109763,B019,SAVINGS,ACTIVE,2021-10-13,150599.81
513819,101700,B019,SAVINGS,ACTIVE,2024-09-19,28192.34
513820,103051,B014,SAVINGS,ACTIVE,2019-06-27,8811.03
513821,109840,B003,SAVINGS,ACTIVE,2024-12-09,71414.8
513822,107391,B002,SALARY,ACTIVE,2023-03-06,6600.24
513823,101981,B019,SAVINGS,ACTIVE,2020-07-31,32154.57
513824,101519,B011,SAVINGS,ACTIVE,2020-09-21,42188.41
513825,104292,B004,SAVINGS,BLOCKED,2021-11-25,52122.24
513826,109455,B004,SAVINGS,ACTIVE,2025-05-23,17666.67
513827,101039,B004,SAVINGS,ACTIVE,2025-07-25,20442.35
513828,106974,B003,SALARY,ACTIVE,2024-09-03,111360.22
513829,101458,B020,SAVINGS,ACTIVE,2021-12-31,36080.23
513830,106998,B018,SAVINGS,ACTIVE,2021-07-17,52314.07
513831,108332,B005,SAVINGS,ACTIVE,2025-04-13,9510.54
513832,102467,B004,SAVINGS,ACTIVE,2024-06-24,34433.28
513833,106856,B007,SAVINGS,ACTIVE,2019-03-13,21542.04
513834,105251,B017,CURRENT,ACTIVE,2020-12-30,4129.76
513835,100603,B010,SALARY,ACTIVE,2019-10-14,14132.29
513836,104072,B005,CURRENT,ACTIVE,2023-08-18,21804.21
513837,107584,B007,SAVINGS,ACTIVE,2020-09-03,55849.06
513838,108680,B004,SAVINGS,ACTIVE,2019-11-28,2995.71
513839,108270,B004,SAVINGS,CLOSED,2021-04-04,90277.52
513840,106564,B010,CURRENT,ACTIVE,2024-10-09,302628.24
513841,107071,B001,SAVINGS,ACTIVE,2020-07-08,34103.25
513842,102798,B004,SAVINGS,ACTIVE,2024-05-08,13247.8
513843,106690,B007,SAVINGS,ACTIVE,2026-03-28,15550.01
513844,101039,B016,SAVINGS,ACTIVE,2021-09-18,5028.15
513845,102092,B020,SALARY,ACTIVE,2019-01-01,16079.84
513846,108072,B020,SAVINGS,ACTIVE,2023-01-22,3540.73
513847,102642,B017,SAVINGS,ACTIVE,2021-02-12,21236.86
513848,100658,B012,SAVINGS,ACTIVE,2020-11-25,1092914.98
513849,101768,B008,SAVINGS,ACTIVE,2022-09-30,58426.25
513850,104620,B005,SALARY,ACTIVE,2024-12-07,13101.32
513851,105234,B009,SAVINGS,ACTIVE,2022-03-24,3260.93
513852,106484,B017,SALARY,ACTIVE,2026-02-03,16238.01
513853,105683,B011,CURRENT,ACTIVE,2023-07-27,70045.49
513854,106009,B007,CURRENT,ACTIVE,2019-06-12,27236.75
513855,101570,B008,SAVINGS,ACTIVE,2024-05-24,53534.31
513856,101196,B009,SAVINGS,ACTIVE,2021-10-02,153866.1
513857,103289,B019,CURRENT,ACTIVE,2020-06-20,66059.04
513858,106475,B007,SAVINGS,ACTIVE,2025-11-16,39977.49
513859,105226,B015,SAVINGS,ACTIVE,2025-12-05,18884.8
513860,102403,B019,SALARY,ACTIVE,2024-07-04,8188.04
513861,107768,B007,SAVINGS,ACTIVE,2020-10-11,46226.4
513862,105568,B003,SALARY,BLOCKED,2023-05-18,89506.12
513863,108049,B020,SAVINGS,ACTIVE,2020-10-13,3815.35
513864,102487,B002,SAVINGS,ACTIVE,2023-11-22,87268.91
513865,107752,B005,SAVINGS,ACTIVE,2025-12-30,74773.53
513866,103870,B007,SAVINGS,ACTIVE,2023-02-22,5525.38
513867,101469,B001,SAVINGS,ACTIVE,2026-04-23,23405.71
513868,107462,B014,SAVINGS,ACTIVE,2020-04-20,38489.66
513869,108739,B006,SAVINGS,ACTIVE,2021-07-06,18919.68
513870,102536,B002,CURRENT,ACTIVE,2023-07-31,147840.51
513871,100316,B003,SALARY,ACTIVE,2025-07-11,112015.31
513872,108522,B011,SAVINGS,ACTIVE,2020-02-29,15640.01
513873,105509,B016,SAVINGS,ACTIVE,2022-12-29,13781.51
513874,104538,B019,SAVINGS,ACTIVE,2019-09-12,41157.76
513875,102732,B010,SAVINGS,ACTIVE,2019-08-20,42783.32
513876,109924,B012,SAVINGS,ACTIVE,2020-10-30,10595.73
513877,102871,B009,SAVINGS,ACTIVE,2025-09-17,12674.62
513878,106103,B009,SALARY,ACTIVE,2023-06-28,6321.52
513879,102175,B012,SAVINGS,ACTIVE,2021-11-26,25945.59
513880,101599,B014,SAVINGS,ACTIVE,2021-07-28,13891.39
513881,104678,B014,CURRENT,BLOCKED,2022-10-19,8153.19
513882,107489,B017,SALARY,ACTIVE,2020-01-05,27704.33
513883,100498,B012,SAVINGS,ACTIVE,2020-08-16,131636.56
513884,106105,B013,SAVINGS,ACTIVE,2022-10-24,4383.24
513885,102135,B015,CURRENT,ACTIVE,2021-05-07,20272.25
513886,101184,B009,SALARY,ACTIVE,2020-02-16,14307.44
513887,109691,B007,SAVINGS,ACTIVE,2019-10-06,16640.6
513888,100685,B003,SAVINGS,ACTIVE,2023-01-01,43992.63
513889,101673,B009,CURRENT,ACTIVE,2021-06-02,12906.04
513890,108247,B009,SAVINGS,ACTIVE,2019-05-22,18497.87
513891,101091,B004,SALARY,ACTIVE,2021-03-26,21179.95
513892,104875,B011,SAVINGS,ACTIVE,2019-09-18,61152.85
513893,103019,B018,SALARY,ACTIVE,2020-05-10,10673.89
513894,106938,B013,SAVINGS,ACTIVE,2024-06-05,44226.34
513895,108751,B001,SAVINGS,ACTIVE,2026-03-25,49990.96
513896,105010,B010,CURRENT,ACTIVE,2020-03-17,45181.17
513897,101501,B001,CURRENT,ACTIVE,2024-09-07,6785.78
513898,108277,B018,SAVINGS,ACTIVE,2022-01-15,34353.58
513899,108305,B019,SAVINGS,ACTIVE,2025-01-18,41211.67
513900,101613,B020,SAVINGS,ACTIVE,2024-04-14,12784.34
513901,100398,B020,SALARY,ACTIVE,2025-03-06,68098.38
513902,101111,B010,SAVINGS,ACTIVE,2024-10-08,36696.05
513903,104205,B015,SAVINGS,ACTIVE,2020-05-18,29842.74
513904,103892,B004,SALARY,ACTIVE,2019-12-28,28496.8
513905,109436,B019,SALARY,ACTIVE,2020-11-25,44006.88
513906,105197,B003,SAVINGS,ACTIVE,2021-10-26,11345.72
513907,109944,B007,SAVINGS,ACTIVE,2023-08-26,14362.21
513908,106197,B012,SALARY,ACTIVE,2021-04-08,40662.29
513909,109890,B017,SAVINGS,ACTIVE,2019-03-13,80737.8
513910,102361,B001,SAVINGS,ACTIVE,2025-05-06,23740.85
513911,107415,B017,SALARY,ACTIVE,2019-09-08,11380.75
513912,107579,B004,SAVINGS,ACTIVE,2019-04-23,28713.59
513913,108466,B006,SAVINGS,ACTIVE,2024-07-16,58217.08
513914,107354,B016,SAVINGS,ACTIVE,2020-02-21,42743.96
513915,102969,B005,SAVINGS,ACTIVE,2021-08-22,127648.37
513916,104908,B002,SAVINGS,ACTIVE,2021-05-06,71299.0
513917,103175,B004,SALARY,ACTIVE,2021-10-10,77907.0
513918,104722,B003,SALARY,ACTIVE,2019-03-03,41432.09
513919,105245,B006,SAVINGS,ACTIVE,2019-09-01,35731.88
513920,107180,B020,SALARY,ACTIVE,2019-08-10,4282.25
513921,101822,B015,SAVINGS,ACTIVE,2024-11-23,29352.73
513922,109974,B014,SAVINGS,ACTIVE,2022-09-05,43626.57
513923,103354,B007,SAVINGS,ACTIVE,2019-02-28,11788.99
513924,103785,B016,SAVINGS,ACTIVE,2023-11-30,14643.26
513925,105449,B012,SAVINGS,ACTIVE,2022-07-07,28258.19
513926,102743,B012,SALARY,ACTIVE,2021-05-05,5128.13
513927,104257,B002,SAVINGS,ACTIVE,2023-04-05,94408.26
513928,104805,B012,SAVINGS,ACTIVE,2020-12-19,3579.32
513929,100454,B016,SALARY,ACTIVE,2022-09-02,6462.34
513930,102458,B010,SAVINGS,ACTIVE,2024-10-31,42229.25
513931,100247,B001,SAVINGS,ACTIVE,2022-10-01,145368.39
513932,100599,B004,SAVINGS,ACTIVE,2025-05-18,62657.28
513933,109759,B001,SAVINGS,ACTIVE,2019-05-29,88375.7
513934,109533,B020,SAVINGS,ACTIVE,2022-03-05,30962.51
513935,104945,B015,SAVINGS,ACTIVE,2022-10-19,19856.49
513936,103522,B018,SAVINGS,ACTIVE,2019-10-14,9297.07
513937,106057,B015,SAVINGS,ACTIVE,2024-07-12,35692.62
513938,105107,B004,SAVINGS,ACTIVE,2021-01-29,143760.48
513939,108737,B009,SAVINGS,ACTIVE,2022-03-05,5891.39
513940,101031,B015,CURRENT,ACTIVE,2021-11-30,38699.56
513941,109655,B009,SALARY,ACTIVE,2020-01-21,32537.93
513942,107358,B006,SAVINGS,ACTIVE,2020-01-30,262663.09
513943,109437,B007,SALARY,ACTIVE,2024-04-25,57455.89
513944,104808,B016,CURRENT,ACTIVE,2024-02-28,30298.28
513945,107220,B018,SAVINGS,ACTIVE,2024-09-23,94472.93
513946,101778,B015,CURRENT,ACTIVE,2025-12-24,17061.22
513947,107711,B009,SAVINGS,ACTIVE,2024-08-27,128302.03
513948,102644,B013,SAVINGS,ACTIVE,2022-08-31,4385.58
513949,100091,B020,SAVINGS,ACTIVE,2020-12-04,14599.73
513950,106160,B015,CURRENT,ACTIVE,2023-08-09,26227.99
513951,102730,B011,CURRENT,ACTIVE,2020-09-07,199406.19
513952,108623,B017,SAVINGS,ACTIVE,2023-01-23,7002.29
513953,102070,B008,SAVINGS,ACTIVE,2025-11-10,59194.61
513954,101082,B011,CURRENT,CLOSED,2020-11-05,36273.41
513955,103023,B011,SAVINGS,ACTIVE,2021-10-17,7114.97
513956,101885,B003,SAVINGS,ACTIVE,2023-11-03,18754.21
513957,108920,B020,SAVINGS,ACTIVE,2025-05-10,49488.21
513958,108632,B011,SAVINGS,ACTIVE,2020-11-24,14774.26
513959,106041,B003,SAVINGS,ACTIVE,2024-11-25,37581.42
513960,107323,B015,SALARY,ACTIVE,2025-02-26,34249.49
513961,102238,B009,CURRENT,ACTIVE,2022-10-27,29763.97
513962,109270,B008,SAVINGS,ACTIVE,2020-11-26,73411.65
513963,107668,B009,SAVINGS,BLOCKED,2025-10-25,3182.4
513964,101576,B019,SAVINGS,ACTIVE,2022-07-06,3499.44
513965,105068,B008,SAVINGS,BLOCKED,2020-08-25,5740.86
513966,106558,B010,SAVINGS,ACTIVE,2021-10-14,22793.9
513967,101118,B006,SAVINGS,ACTIVE,2022-02-10,14106.55
513968,102320,B006,CURRENT,ACTIVE,2019-02-10,39445.72
513969,100662,B001,SAVINGS,ACTIVE,2026-03-24,22353.55
513970,103026,B019,SAVINGS,ACTIVE,2022-03-11,10859.54
513971,101094,B009,SAVINGS,ACTIVE,2022-12-05,59952.45
513972,105389,B010,SAVINGS,ACTIVE,2026-01-15,34007.04
513973,101391,B015,CURRENT,ACTIVE,2022-07-18,10285.7
513974,103826,B002,SAVINGS,ACTIVE,2025-11-03,18613.13
513975,102475,B018,CURRENT,ACTIVE,2022-08-07,28217.73
513976,105678,B006,SAVINGS,ACTIVE,2022-01-26,435905.51
513977,104093,B018,CURRENT,ACTIVE,2025-03-29,42408.62
513978,103838,B004,CURRENT,ACTIVE,2019-06-13,6861.94
513979,104746,B008,SALARY,ACTIVE,2022-11-03,89757.11
513980,107526,B018,SAVINGS,ACTIVE,2020-07-17,66317.26
513981,107373,B001,SAVINGS,ACTIVE,2025-07-05,88037.48
513982,102360,B007,SAVINGS,ACTIVE,2021-11-25,4701.68
513983,108514,B019,SAVINGS,ACTIVE,2025-07-19,15301.97
513984,100724,B010,SAVINGS,ACTIVE,2022-12-26,5787.94
513985,105633,B012,CURRENT,ACTIVE,2019-11-07,89530.05
513986,107839,B008,SAVINGS,ACTIVE,2024-12-25,11960.25
513987,107662,B010,SAVINGS,ACTIVE,2022-08-04,1780.51
513988,108945,B010,SAVINGS,ACTIVE,2024-06-07,101882.25
513989,103632,B002,SALARY,BLOCKED,2025-08-21,64064.12
513990,108231,B011,SAVINGS,CLOSED,2020-02-28,9558.77
513991,109029,B004,SALARY,ACTIVE,2019-09-01,38675.5
513992,104474,B008,SAVINGS,ACTIVE,2025-04-13,43148.6
513993,105239,B010,SAVINGS,ACTIVE,2021-05-10,12338.75
513994,104440,B004,SAVINGS,ACTIVE,2025-07-10,179578.76
513995,103373,B002,SAVINGS,ACTIVE,2021-11-19,65070.89
513996,103088,B016,SAVINGS,BLOCKED,2021-01-10,10350.16
513997,102071,B011,SAVINGS,ACTIVE,2022-12-09,10580.18
513998,104673,B008,SAVINGS,ACTIVE,2025-10-15,22922.07
513999,109596,B003,SAVINGS,ACTIVE,2024-07-13,13747.52
514000,100347,B017,SAVINGS,ACTIVE,2024-11-27,31319.92
514001,101456,B004,SAVINGS,ACTIVE,2025-06-25,10995.72
514002,106702,B009,SAVINGS,ACTIVE,2019-11-09,53475.37
514003,107479,B015,SAVINGS,ACTIVE,2025-04-30,25276.44
514004,107034,B020,SAVINGS,ACTIVE,2023-02-22,12393.95
514005,102600,B007,SALARY,ACTIVE,2020-07-12,72396.28
514006,108179,B020,SALARY,ACTIVE,2024-12-13,21337.46
514007,100017,B008,SALARY,ACTIVE,2026-03-08,94680.8
514008,106460,B019,SAVINGS,ACTIVE,2020-03-05,9807.74
514009,109759,B009,SAVINGS,ACTIVE,2025-11-20,113494.44
514010,101779,B011,CURRENT,ACTIVE,2022-01-23,25496.68
514011,109861,B020,SAVINGS,ACTIVE,2019-10-05,31897.03
514012,108585,B003,CURRENT,ACTIVE,2025-03-10,85326.19
514013,102871,B011,SAVINGS,ACTIVE,2022-10-02,3189.0
514014,103753,B011,SALARY,ACTIVE,2019-08-23,109921.11
514015,102580,B008,SAVINGS,ACTIVE,2022-05-25,268273.44
514016,106398,B009,SAVINGS,ACTIVE,2026-01-17,3741.02
514017,107969,B013,SAVINGS,ACTIVE,2019-02-13,58588.44
514018,102136,B002,SALARY,ACTIVE,2026-03-21,5971.52
514019,106812,B005,SAVINGS,ACTIVE,2025-05-31,26553.69
514020,104099,B010,SAVINGS,ACTIVE,2021-09-09,41240.57
514021,102156,B013,SAVINGS,ACTIVE,2024-09-30,55937.74
514022,106291,B015,CURRENT,ACTIVE,2021-09-12,16758.6
514023,104559,B004,SAVINGS,ACTIVE,2022-11-02,8470.75
514024,106562,B013,CURRENT,ACTIVE,2025-11-20,153377.38
514025,106462,B007,SAVINGS,ACTIVE,2020-11-09,2242.14
514026,103040,B017,SAVINGS,ACTIVE,2025-01-11,23450.59
514027,103263,B013,SAVINGS,ACTIVE,2021-04-30,35108.4
514028,105971,B019,CURRENT,ACTIVE,2021-09-09,41230.8
514029,101131,B004,SALARY,ACTIVE,2022-08-18,184495.54
514030,100039,B016,SALARY,ACTIVE,2020-09-11,5579.94
514031,100843,B003,CURRENT,ACTIVE,2019-09-05,20926.8
514032,105937,B012,SAVINGS,ACTIVE,2020-03-29,16836.53
514033,107231,B015,SAVINGS,ACTIVE,2025-04-14,26028.41
514034,109075,B013,SALARY,ACTIVE,2022-02-27,53965.66
514035,107721,B017,CURRENT,ACTIVE,2024-07-04,613488.26
514036,105313,B012,SAVINGS,ACTIVE,2019-04-12,66989.51
514037,107033,B020,SAVINGS,ACTIVE,2023-07-04,102090.58
514038,104397,B005,SAVINGS,ACTIVE,2022-08-03,80086.55
514039,108637,B015,SAVINGS,ACTIVE,2020-04-20,147393.06
514040,104707,B003,SAVINGS,ACTIVE,2020-06-18,5150.63
514041,108845,B007,SALARY,ACTIVE,2019-05-25,50471.67
514042,100867,B013,SAVINGS,ACTIVE,2021-11-24,4700.36
514043,103999,B014,SAVINGS,CLOSED,2021-05-06,252831.06
514044,104211,B020,SAVINGS,ACTIVE,2020-09-16,39607.16
514045,103832,B015,SAVINGS,ACTIVE,2024-10-16,34805.61
514046,108291,B006,CURRENT,ACTIVE,2020-01-20,44166.58
514047,103965,B013,SAVINGS,ACTIVE,2019-03-04,3949.52
514048,109415,B017,SAVINGS,ACTIVE,2024-08-21,2140.3
514049,103916,B014,CURRENT,ACTIVE,2020-09-13,18308.76
514050,101798,B010,SAVINGS,ACTIVE,2023-07-09,12301.58
514051,109564,B017,SAVINGS,ACTIVE,2024-05-02,19668.86
514052,106967,B013,SAVINGS,ACTIVE,2024-01-31,15667.35
514053,105161,B014,SAVINGS,ACTIVE,2019-01-03,38164.85
514054,105100,B010,SAVINGS,ACTIVE,2023-03-22,43154.69
514055,104011,B018,SAVINGS,ACTIVE,2021-04-10,44663.05
514056,109410,B007,SAVINGS,ACTIVE,2024-12-28,19709.79
514057,108660,B020,SALARY,ACTIVE,2021-07-28,60515.29
514058,104546,B019,CURRENT,ACTIVE,2025-06-16,9498.3
514059,107141,B011,SAVINGS,ACTIVE,2023-10-12,176613.26
514060,102195,B007,SAVINGS,ACTIVE,2023-07-12,32922.4
514061,104035,B014,CURRENT,ACTIVE,2020-10-09,12956.37
514062,100451,B003,SAVINGS,ACTIVE,2021-09-17,34818.95
514063,103284,B003,SAVINGS,ACTIVE,2023-04-23,9381.24
514064,107513,B007,SAVINGS,CLOSED,2022-07-30,8975.37
514065,103605,B005,SALARY,ACTIVE,2026-01-27,35441.61
514066,107196,B014,SAVINGS,ACTIVE,2025-12-24,10374.82
514067,109835,B018,SAVINGS,ACTIVE,2019-07-01,141651.89
514068,109265,B010,SAVINGS,ACTIVE,2026-05-21,10194.51
514069,103510,B008,SAVINGS,CLOSED,2019-07-27,57709.91
514070,100605,B005,CURRENT,ACTIVE,2023-12-08,11039.21
514071,109018,B013,SAVINGS,ACTIVE,2022-10-06,68006.51
514072,109826,B020,SAVINGS,ACTIVE,2020-03-31,60096.79
514073,109361,B013,SALARY,ACTIVE,2025-12-02,2443.66
514074,101845,B012,SAVINGS,ACTIVE,2024-11-25,67497.08
514075,100735,B003,SAVINGS,ACTIVE,2023-10-08,43183.35
514076,105611,B019,SAVINGS,ACTIVE,2020-06-30,41090.19
514077,106375,B015,SAVINGS,ACTIVE,2020-02-02,26491.26
514078,105653,B014,SAVINGS,ACTIVE,2020-05-22,19619.92
514079,100488,B013,CURRENT,ACTIVE,2020-08-15,2619.5
514080,100409,B001,SAVINGS,ACTIVE,2025-09-23,23854.85
514081,103759,B004,CURRENT,ACTIVE,2021-11-25,24241.76
514082,106241,B015,CURRENT,ACTIVE,2019-08-13,20054.89
514083,102343,B019,SAVINGS,ACTIVE,2020-03-26,8691.99
514084,103395,B009,SAVINGS,ACTIVE,2022-05-08,100856.87
514085,105968,B001,SAVINGS,ACTIVE,2020-06-17,35685.14
514086,108354,B012,SAVINGS,ACTIVE,2024-10-30,15185.53
514087,105276,B008,SAVINGS,ACTIVE,2020-02-11,4102.47
514088,105326,B013,SALARY,ACTIVE,2023-07-30,10242.12
514089,102501,B020,SALARY,ACTIVE,2021-06-27,17904.6
514090,100744,B018,SAVINGS,ACTIVE,2025-10-02,96275.49
514091,106933,B020,SAVINGS,ACTIVE,2022-02-27,26577.51
514092,105639,B001,SALARY,ACTIVE,2022-05-12,17285.09
514093,101881,B016,SAVINGS,ACTIVE,2024-11-30,53124.26
514094,109602,B012,SAVINGS,ACTIVE,2019-01-05,56667.01
514095,104617,B003,SALARY,ACTIVE,2024-03-23,28293.49
514096,108177,B002,CURRENT,ACTIVE,2019-01-17,62960.26
514097,102910,B010,SALARY,ACTIVE,2019-09-16,54872.26
514098,107469,B004,SALARY,ACTIVE,2025-12-25,65645.86
514099,102111,B008,SAVINGS,ACTIVE,2024-07-26,26221.65
514100,109033,B010,SAVINGS,ACTIVE,2025-01-31,10731.69
514101,107604,B006,SAVINGS,ACTIVE,2024-03-30,18897.05
514102,107033,B016,SAVINGS,ACTIVE,2021-06-19,60702.26
514103,103717,B008,SAVINGS,CLOSED,2022-08-18,126801.15
514104,101649,B003,SAVINGS,ACTIVE,2019-02-28,72641.46
514105,106391,B008,CURRENT,ACTIVE,2023-05-12,25497.78
514106,103769,B001,SAVINGS,ACTIVE,2022-03-08,74692.15
514107,106617,B017,CURRENT,ACTIVE,2019-05-08,13067.54
514108,100957,B010,SAVINGS,ACTIVE,2019-09-13,99011.34
514109,102568,B015,SAVINGS,ACTIVE,2021-01-13,171310.57
514110,104935,B003,SALARY,ACTIVE,2020-10-11,81001.98
514111,105422,B006,SAVINGS,ACTIVE,2025-05-19,8662.0
514112,102529,B010,SAVINGS,ACTIVE,2023-10-27,9276.8
514113,104861,B007,SAVINGS,ACTIVE,2021-04-14,81029.84
514114,107121,B002,SAVINGS,BLOCKED,2025-03-16,47999.76
514115,100166,B004,SAVINGS,ACTIVE,2022-08-19,11619.39
514116,100787,B017,SAVINGS,ACTIVE,2022-05-30,13249.85
514117,105113,B004,SAVINGS,ACTIVE,2021-09-07,47412.52
514118,100766,B005,SAVINGS,ACTIVE,2021-11-14,9571.73
514119,100671,B015,SAVINGS,ACTIVE,2019-04-14,42021.75
514120,109513,B009,SAVINGS,ACTIVE,2025-05-29,121591.72
514121,101974,B001,SAVINGS,ACTIVE,2021-02-18,33135.15
514122,108501,B006,SAVINGS,ACTIVE,2019-05-31,202256.09
514123,104175,B007,SAVINGS,ACTIVE,2020-08-17,53200.02
514124,103533,B014,CURRENT,ACTIVE,2020-05-22,29969.58
514125,106292,B016,SAVINGS,BLOCKED,2022-11-16,72803.29
514126,100062,B003,CURRENT,ACTIVE,2026-05-16,89324.18
514127,103010,B013,SAVINGS,ACTIVE,2026-04-09,11699.62
514128,102853,B007,SALARY,ACTIVE,2024-02-20,22894.22
514129,100092,B007,SAVINGS,ACTIVE,2023-09-20,9394.99
514130,102516,B006,SAVINGS,ACTIVE,2021-05-18,4632.56
514131,103439,B008,SALARY,ACTIVE,2023-10-22,23508.05
514132,107439,B020,SALARY,ACTIVE,2023-10-01,43439.83
514133,104075,B013,CURRENT,ACTIVE,2023-05-28,19627.54
514134,104724,B017,SAVINGS,ACTIVE,2025-02-15,37022.75
514135,102056,B012,SAVINGS,ACTIVE,2025-02-06,19056.11
514136,105696,B006,SAVINGS,ACTIVE,2024-06-27,10484.34
514137,109040,B018,SAVINGS,ACTIVE,2020-09-07,39191.36
514138,108906,B014,SALARY,ACTIVE,2020-11-21,8765.23
514139,109393,B015,SAVINGS,ACTIVE,2020-07-13,23964.04
514140,104163,B017,SALARY,ACTIVE,2021-11-23,9748.97
514141,108592,B009,SALARY,ACTIVE,2025-10-03,13737.73
514142,100073,B015,SAVINGS,ACTIVE,2020-04-28,11564.85
514143,104570,B001,SAVINGS,ACTIVE,2022-02-05,151159.98
514144,109538,B015,SAVINGS,ACTIVE,2019-05-15,30757.85
514145,105811,B015,SAVINGS,ACTIVE,2025-12-09,12123.94
514146,105313,B020,CURRENT,ACTIVE,2026-03-16,15151.04
514147,109817,B010,SALARY,ACTIVE,2025-04-09,63170.24
514148,101122,B016,SAVINGS,BLOCKED,2024-02-29,32041.68
514149,107880,B008,SAVINGS,ACTIVE,2022-08-05,55951.23
514150,108371,B001,SALARY,ACTIVE,2023-06-15,46446.75
514151,106497,B001,SAVINGS,ACTIVE,2019-05-07,79063.94
514152,101923,B009,SAVINGS,ACTIVE,2021-05-15,4856.59
514153,109864,B014,SAVINGS,ACTIVE,2022-09-11,25655.36
514154,107052,B013,CURRENT,ACTIVE,2023-07-17,4963.6
514155,106529,B013,SAVINGS,ACTIVE,2020-02-24,202854.39
514156,103375,B020,SAVINGS,ACTIVE,2023-02-04,21185.01
514157,100361,B018,SAVINGS,ACTIVE,2019-06-08,106953.54
514158,109368,B011,SAVINGS,BLOCKED,2026-01-09,56236.12
514159,108273,B009,SAVINGS,ACTIVE,2024-01-25,13240.88
514160,105717,B019,SAVINGS,ACTIVE,2022-12-20,120320.25
514161,103673,B001,SAVINGS,CLOSED,2019-11-30,21836.73
514162,102802,B004,SAVINGS,ACTIVE,2023-08-21,94590.14
514163,103443,B008,SALARY,ACTIVE,2019-06-25,12430.87
514164,103624,B009,SAVINGS,ACTIVE,2022-12-25,45006.33
514165,104315,B003,SAVINGS,ACTIVE,2020-09-02,23661.3
514166,104696,B005,SAVINGS,ACTIVE,2021-10-19,34324.34
514167,100235,B014,SAVINGS,ACTIVE,2023-08-04,11455.15
514168,108939,B015,SAVINGS,ACTIVE,2019-02-25,4949.89
514169,103534,B005,SALARY,ACTIVE,2019-06-27,6200.07
514170,104327,B016,SAVINGS,ACTIVE,2023-07-11,117134.76
514171,109499,B020,SAVINGS,ACTIVE,2026-03-05,8164.83
514172,105835,B005,SAVINGS,ACTIVE,2024-04-09,16623.01
514173,103282,B016,CURRENT,ACTIVE,2024-11-12,17701.25
514174,101835,B013,SAVINGS,ACTIVE,2022-10-11,75891.14
514175,103504,B016,CURRENT,ACTIVE,2020-04-23,143256.93
514176,101905,B015,SAVINGS,ACTIVE,2024-02-06,133808.3
514177,106162,B005,SAVINGS,ACTIVE,2026-01-16,5756.99
514178,101239,B020,SAVINGS,ACTIVE,2019-12-11,5615.46
514179,100494,B014,SAVINGS,CLOSED,2026-04-30,9122.61
514180,101804,B002,SAVINGS,ACTIVE,2021-01-21,60710.1
514181,105104,B005,SAVINGS,ACTIVE,2024-05-18,45548.4
514182,103403,B013,SAVINGS,ACTIVE,2025-08-28,102883.45
514183,108691,B010,SALARY,ACTIVE,2025-12-25,7313.9
514184,103198,B015,SAVINGS,ACTIVE,2026-03-31,11062.85
514185,101772,B016,SAVINGS,ACTIVE,2020-03-29,39425.04
514186,107458,B008,SAVINGS,ACTIVE,2019-08-23,11989.42
514187,106891,B017,SAVINGS,ACTIVE,2021-04-27,83781.42
514188,106392,B005,SAVINGS,ACTIVE,2020-09-11,5060.41
514189,104901,B003,SAVINGS,ACTIVE,2025-05-12,262441.29
514190,102602,B001,SAVINGS,ACTIVE,2024-06-10,22571.93
514191,107296,B001,SAVINGS,ACTIVE,2019-12-23,4010.9
514192,102569,B017,SAVINGS,ACTIVE,2020-07-26,257287.64
514193,104849,B015,SAVINGS,ACTIVE,2021-07-27,7438.04
514194,102826,B003,SAVINGS,ACTIVE,2025-06-16,64629.54
514195,104686,B007,SAVINGS,ACTIVE,2019-09-03,16043.59
514196,103892,B005,SAVINGS,ACTIVE,2020-06-11,5709.93
514197,100671,B008,SAVINGS,ACTIVE,2021-08-10,16245.4
514198,105219,B015,SAVINGS,ACTIVE,2025-09-18,96609.28
514199,105728,B007,CURRENT,ACTIVE,2022-05-29,44408.45
514200,106867,B015,CURRENT,ACTIVE,2025-02-07,5141.54
514201,106671,B006,SALARY,ACTIVE,2025-03-12,48818.63
514202,105756,B002,SAVINGS,ACTIVE,2020-11-05,18676.65
514203,106180,B019,SAVINGS,ACTIVE,2022-02-20,75316.36
514204,103130,B017,SAVINGS,ACTIVE,2023-02-11,4004.69
514205,102473,B013,SAVINGS,ACTIVE,2022-03-07,2994.02
514206,105080,B013,SAVINGS,ACTIVE,2022-06-09,4358.45
514207,101876,B014,SALARY,ACTIVE,2024-02-03,84499.42
514208,108722,B002,SAVINGS,ACTIVE,2024-03-01,35062.35
514209,108914,B012,SAVINGS,ACTIVE,2022-01-22,402779.59
514210,105702,B018,SAVINGS,ACTIVE,2021-09-02,12975.79
514211,107421,B010,SAVINGS,ACTIVE,2021-10-31,9773.56
514212,101069,B013,CURRENT,ACTIVE,2022-01-16,3910.03
514213,103707,B003,SAVINGS,ACTIVE,2022-03-28,91030.17
514214,105109,B014,SAVINGS,ACTIVE,2023-05-08,42884.36
514215,101104,B006,SAVINGS,ACTIVE,2021-06-05,43738.39
514216,109602,B020,SAVINGS,CLOSED,2022-06-21,37854.12
514217,109702,B016,SAVINGS,ACTIVE,2021-01-21,160487.21
514218,105526,B007,SAVINGS,ACTIVE,2024-10-27,9955.14
514219,109947,B020,SAVINGS,ACTIVE,2025-09-07,115165.63
514220,101334,B016,SAVINGS,ACTIVE,2021-01-12,44772.6
514221,107218,B010,SALARY,ACTIVE,2021-05-24,14825.1
514222,108188,B019,SALARY,ACTIVE,2021-10-05,21281.87
514223,101911,B016,SAVINGS,ACTIVE,2025-01-04,12544.23
514224,102883,B005,SAVINGS,BLOCKED,2025-09-18,58582.23
514225,103281,B004,SAVINGS,ACTIVE,2021-04-30,119287.96
514226,103740,B014,SAVINGS,ACTIVE,2020-08-09,76001.55
514227,102892,B020,SAVINGS,ACTIVE,2023-11-08,116873.07
514228,109703,B010,SALARY,ACTIVE,2021-11-01,24975.76
514229,101206,B015,SAVINGS,ACTIVE,2024-06-02,10636.14
514230,102000,B014,SAVINGS,ACTIVE,2020-08-29,30835.95
514231,104872,B004,SAVINGS,ACTIVE,2025-04-23,7529.55
514232,103609,B013,SALARY,ACTIVE,2020-06-04,32989.05
514233,108087,B010,CURRENT,CLOSED,2024-01-06,44863.05
514234,109614,B010,SAVINGS,CLOSED,2023-08-27,44880.35
514235,103316,B010,SAVINGS,ACTIVE,2021-06-04,4954.23
514236,108976,B011,SALARY,ACTIVE,2023-12-10,28206.08
514237,106506,B005,SAVINGS,ACTIVE,2020-01-16,6215.96
514238,100156,B004,SALARY,ACTIVE,2026-02-21,10992.57
514239,100065,B006,SAVINGS,ACTIVE,2023-11-13,34138.65
514240,107759,B019,SALARY,ACTIVE,2021-11-22,28678.39
514241,100520,B020,SAVINGS,ACTIVE,2019-08-28,2479.46
514242,101077,B008,SALARY,ACTIVE,2022-08-22,19070.03
514243,107304,B003,SAVINGS,ACTIVE,2021-06-20,19740.13
514244,105829,B011,SAVINGS,ACTIVE,2023-01-30,19821.91
514245,104882,B016,SAVINGS,ACTIVE,2024-10-19,18624.5
514246,107081,B012,CURRENT,ACTIVE,2020-12-10,152255.08
514247,100980,B007,SAVINGS,ACTIVE,2023-01-15,979.14
514248,104946,B007,SAVINGS,ACTIVE,2024-03-03,16945.17
514249,102896,B012,SAVINGS,ACTIVE,2023-01-21,2405.12
514250,109973,B002,SAVINGS,ACTIVE,2026-02-11,16473.31
514251,100045,B011,SAVINGS,ACTIVE,2019-01-15,80386.75
514252,105007,B003,SAVINGS,ACTIVE,2020-03-20,680531.21
514253,100401,B017,SAVINGS,ACTIVE,2021-09-02,56277.16
514254,101346,B009,SAVINGS,BLOCKED,2026-01-20,28526.32
514255,103426,B011,SAVINGS,ACTIVE,2022-05-25,66532.17
514256,100364,B015,SAVINGS,ACTIVE,2021-01-09,13583.5
514257,106425,B016,SAVINGS,ACTIVE,2025-11-10,54223.2
514258,106701,B004,SAVINGS,ACTIVE,2023-07-23,39236.72
514259,108013,B020,SAVINGS,ACTIVE,2025-11-01,102318.33
514260,104149,B020,CURRENT,ACTIVE,2022-06-28,26227.83
514261,105799,B004,SAVINGS,ACTIVE,2024-07-10,41560.62
514262,106757,B013,SAVINGS,ACTIVE,2022-02-04,17449.64
514263,108363,B005,SALARY,ACTIVE,2019-03-14,28167.21
514264,106459,B018,SAVINGS,ACTIVE,2019-07-05,30471.61
514265,101169,B016,SALARY,ACTIVE,2021-05-18,48616.63
514266,103856,B015,CURRENT,ACTIVE,2021-07-25,31381.3
514267,100967,B019,SAVINGS,ACTIVE,2020-11-08,21637.96
514268,103756,B008,SAVINGS,ACTIVE,2019-11-23,12891.28
514269,104985,B005,SAVINGS,ACTIVE,2020-07-31,22246.66
514270,104825,B014,SALARY,ACTIVE,2025-01-08,16780.39
514271,101298,B018,SAVINGS,ACTIVE,2019-06-30,26281.14
514272,104566,B020,SAVINGS,ACTIVE,2020-11-04,7282.23
514273,100211,B008,SAVINGS,ACTIVE,2021-03-27,154062.02
514274,102166,B001,SALARY,ACTIVE,2025-05-03,12927.92
514275,107666,B002,SAVINGS,ACTIVE,2025-07-07,152425.56
514276,100148,B020,SAVINGS,ACTIVE,2020-06-29,7911.27
514277,104505,B020,SAVINGS,ACTIVE,2025-11-13,198731.77
514278,108297,B019,SALARY,ACTIVE,2021-08-23,62727.92
514279,100399,B010,SAVINGS,BLOCKED,2024-11-20,8012.78
514280,108362,B007,SAVINGS,ACTIVE,2019-01-02,37667.32
514281,108292,B016,SAVINGS,ACTIVE,2026-02-15,45020.98
514282,107345,B010,SALARY,ACTIVE,2024-11-17,146209.19
514283,102254,B014,SAVINGS,ACTIVE,2020-07-03,24110.07
514284,103913,B009,SAVINGS,ACTIVE,2025-06-29,80892.92
514285,107221,B016,SALARY,ACTIVE,2025-10-10,25970.96
514286,105168,B009,SAVINGS,ACTIVE,2022-08-28,5753.71
514287,102937,B017,SAVINGS,ACTIVE,2019-11-14,46877.03
514288,100404,B005,SAVINGS,ACTIVE,2023-05-05,19371.43
514289,107461,B008,SAVINGS,ACTIVE,2021-05-06,30644.15
514290,109531,B015,SALARY,ACTIVE,2020-03-13,68288.76
514291,108883,B001,SALARY,ACTIVE,2020-02-16,145162.15
514292,103156,B005,SAVINGS,ACTIVE,2021-10-01,10913.79
514293,106793,B008,SAVINGS,ACTIVE,2025-07-08,16469.81
514294,106786,B003,SAVINGS,ACTIVE,2019-04-05,17365.26
514295,105706,B019,SAVINGS,ACTIVE,2023-04-26,39647.25
514296,104484,B001,SAVINGS,ACTIVE,2025-12-13,27111.89
514297,106903,B017,SAVINGS,ACTIVE,2025-01-19,23064.79
514298,100746,B001,SALARY,ACTIVE,2025-04-26,14835.2
514299,105838,B005,SALARY,ACTIVE,2024-11-29,8812.32
514300,106916,B016,SAVINGS,ACTIVE,2025-05-08,11224.34
514301,104839,B010,SAVINGS,ACTIVE,2023-08-14,14642.35
514302,102418,B012,SAVINGS,ACTIVE,2020-08-04,54643.71
514303,103541,B013,SAVINGS,ACTIVE,2022-05-03,10866.25
514304,106297,B001,SAVINGS,ACTIVE,2022-10-24,203614.8
514305,109527,B004,CURRENT,ACTIVE,2019-02-02,3077.5
514306,108404,B020,SAVINGS,ACTIVE,2021-04-18,16488.52
514307,106402,B008,SAVINGS,ACTIVE,2023-02-13,27921.68
514308,103556,B007,SAVINGS,ACTIVE,2020-06-28,36803.87
514309,105457,B004,SALARY,ACTIVE,2026-02-24,35793.37
514310,108621,B019,SAVINGS,ACTIVE,2020-10-27,23639.65
514311,104634,B016,CURRENT,ACTIVE,2024-07-06,56855.71
514312,103669,B012,SAVINGS,ACTIVE,2025-04-22,6752.96
514313,109583,B017,SAVINGS,ACTIVE,2025-06-16,96160.1
514314,103702,B015,SAVINGS,ACTIVE,2021-02-18,7256.32
514315,104274,B013,SAVINGS,ACTIVE,2022-04-25,12465.56
514316,108990,B019,SAVINGS,ACTIVE,2024-07-01,22946.8
514317,103130,B002,CURRENT,BLOCKED,2019-10-06,66380.79
514318,107124,B019,CURRENT,ACTIVE,2023-10-15,45243.5
514319,104866,B015,SAVINGS,ACTIVE,2025-11-28,112425.42
514320,105957,B010,SAVINGS,ACTIVE,2019-09-13,18307.07
514321,105932,B016,SAVINGS,ACTIVE,2021-01-06,52464.35
514322,101397,B002,SAVINGS,ACTIVE,2020-06-01,9204.03
514323,104183,B002,SAVINGS,CLOSED,2022-09-07,57427.29
514324,100461,B020,SAVINGS,ACTIVE,2025-07-11,42464.99
514325,104545,B018,SAVINGS,ACTIVE,2025-06-04,17139.86
514326,107145,B008,CURRENT,ACTIVE,2021-02-19,14391.33
514327,105736,B015,SAVINGS,ACTIVE,2020-06-19,99353.23
514328,104168,B007,CURRENT,ACTIVE,2020-06-25,37452.56
514329,102703,B009,SALARY,ACTIVE,2025-04-07,114568.12
514330,100683,B014,SAVINGS,ACTIVE,2022-04-15,24461.48
514331,103225,B005,SAVINGS,ACTIVE,2023-10-11,67694.99
514332,100756,B016,CURRENT,ACTIVE,2026-02-07,188154.31
514333,109271,B009,SAVINGS,ACTIVE,2020-04-12,59030.64
514334,100196,B012,CURRENT,ACTIVE,2022-12-23,121213.14
514335,102780,B014,SAVINGS,ACTIVE,2025-05-10,114740.09
514336,105094,B016,SAVINGS,ACTIVE,2019-11-26,81846.04
514337,103594,B002,SAVINGS,ACTIVE,2019-10-16,34526.61
514338,107865,B002,SAVINGS,ACTIVE,2020-05-22,127510.4
514339,106303,B013,SAVINGS,CLOSED,2025-11-06,40990.83
514340,107459,B017,SALARY,ACTIVE,2019-01-25,25856.49
514341,108482,B016,SAVINGS,ACTIVE,2024-08-06,25142.41
514342,102607,B011,SAVINGS,ACTIVE,2022-05-30,47678.27
514343,109332,B009,SALARY,ACTIVE,2022-04-08,37749.8
514344,106805,B007,SAVINGS,BLOCKED,2021-09-11,6807.12
514345,101593,B012,SAVINGS,ACTIVE,2022-11-05,265866.03
514346,109523,B005,SAVINGS,ACTIVE,2022-12-19,26880.11
514347,109065,B007,SAVINGS,ACTIVE,2023-07-10,47752.48
514348,108018,B012,SAVINGS,ACTIVE,2020-04-30,145476.99
514349,105044,B017,CURRENT,ACTIVE,2022-11-15,7934.66
514350,104243,B015,SAVINGS,ACTIVE,2020-02-16,69206.19
514351,105029,B014,SAVINGS,ACTIVE,2019-10-18,11235.23
514352,107288,B016,SAVINGS,ACTIVE,2025-12-02,30258.38
514353,102164,B018,SAVINGS,ACTIVE,2021-05-15,112128.67
514354,101642,B010,CURRENT,ACTIVE,2023-04-06,84814.35
514355,104973,B015,SAVINGS,ACTIVE,2024-01-27,15590.66
514356,107793,B003,SAVINGS,CLOSED,2024-02-28,5465.04
514357,108598,B011,SAVINGS,ACTIVE,2020-03-08,2397.84
514358,102135,B010,SALARY,ACTIVE,2022-05-11,161695.23
514359,103604,B007,SAVINGS,ACTIVE,2023-04-25,2551.19
514360,103782,B010,SAVINGS,ACTIVE,2021-11-04,25266.2
514361,107176,B017,SAVINGS,ACTIVE,2021-12-26,10794.53
514362,105993,B001,SAVINGS,ACTIVE,2019-01-21,3887.32
514363,103250,B018,SALARY,ACTIVE,2025-12-12,11328.33
514364,105602,B011,CURRENT,ACTIVE,2021-05-04,17891.09
514365,102492,B008,CURRENT,ACTIVE,2022-01-17,64986.58
514366,105634,B012,SAVINGS,ACTIVE,2026-03-09,36596.21
514367,109603,B018,SAVINGS,ACTIVE,2025-06-13,11387.47
514368,107836,B014,SAVINGS,ACTIVE,2020-03-13,5795.57
514369,106131,B018,CURRENT,ACTIVE,2022-03-26,95611.2
514370,102272,B002,SAVINGS,ACTIVE,2023-06-18,16823.67
514371,101299,B008,SAVINGS,ACTIVE,2020-11-27,12402.42
514372,108678,B005,SAVINGS,ACTIVE,2020-08-16,91534.49
514373,105322,B020,SAVINGS,ACTIVE,2023-07-28,14680.79
514374,100356,B012,CURRENT,ACTIVE,2025-11-14,24420.54
514375,104575,B003,SALARY,ACTIVE,2021-03-21,57625.86
514376,101508,B016,SAVINGS,ACTIVE,2019-08-25,45714.07
514377,105326,B011,SAVINGS,ACTIVE,2025-12-19,10800.43
514378,109705,B004,SAVINGS,ACTIVE,2022-03-05,10108.22
514379,101811,B013,SAVINGS,ACTIVE,2020-04-10,44956.53
514380,107585,B008,SAVINGS,ACTIVE,2019-02-15,11542.59
514381,105988,B013,CURRENT,ACTIVE,2024-07-23,35243.99
514382,101491,B011,SAVINGS,ACTIVE,2020-02-16,8824.14
514383,102997,B002,CURRENT,ACTIVE,2024-11-28,58688.42
514384,104483,B011,SAVINGS,ACTIVE,2025-07-08,129701.79
514385,108276,B004,SALARY,ACTIVE,2023-01-03,45363.75
514386,100075,B013,SAVINGS,ACTIVE,2019-11-16,47621.04
514387,105363,B003,SAVINGS,ACTIVE,2022-06-09,6203.08
514388,105212,B010,SAVINGS,CLOSED,2024-12-18,3430.85
514389,105381,B017,SAVINGS,ACTIVE,2025-01-04,14749.86
514390,109825,B011,SAVINGS,ACTIVE,2020-04-14,8401.64
514391,106860,B003,SAVINGS,ACTIVE,2023-02-04,30397.04
514392,106468,B005,SAVINGS,ACTIVE,2020-02-11,100674.02
514393,103247,B002,SAVINGS,ACTIVE,2019-06-05,1743.89
514394,106094,B001,SAVINGS,ACTIVE,2025-10-10,43152.36
514395,109003,B019,SAVINGS,ACTIVE,2023-10-24,28511.04
514396,108287,B017,SAVINGS,ACTIVE,2022-06-01,42881.42
514397,102577,B020,SAVINGS,ACTIVE,2020-07-24,137473.19
514398,105765,B009,CURRENT,ACTIVE,2021-04-28,15478.29
514399,104389,B017,SAVINGS,CLOSED,2019-11-12,38442.1
514400,106426,B007,CURRENT,ACTIVE,2025-11-24,18858.29
514401,105540,B017,SAVINGS,ACTIVE,2021-07-13,149079.54
514402,102975,B019,SAVINGS,ACTIVE,2024-11-17,21359.23
514403,108897,B010,CURRENT,ACTIVE,2026-02-19,42248.61
514404,105641,B008,CURRENT,ACTIVE,2023-04-17,16462.54
514405,109362,B008,SALARY,ACTIVE,2024-02-03,28449.28
514406,107347,B013,SAVINGS,ACTIVE,2021-01-09,46712.83
514407,106008,B008,SAVINGS,ACTIVE,2019-09-09,22432.03
514408,105153,B002,SAVINGS,ACTIVE,2025-11-06,10550.54
514409,100876,B007,SAVINGS,ACTIVE,2024-03-08,10381.57
514410,104064,B009,CURRENT,BLOCKED,2022-03-08,198723.71
514411,106071,B007,SAVINGS,ACTIVE,2026-03-09,20572.15
514412,102107,B003,SAVINGS,ACTIVE,2019-11-03,172520.95
514413,106669,B010,SAVINGS,ACTIVE,2024-01-04,43834.58
514414,102460,B020,SAVINGS,ACTIVE,2025-10-27,63554.02
514415,106550,B016,CURRENT,ACTIVE,2024-06-29,15465.89
514416,109190,B016,SALARY,ACTIVE,2023-10-11,89810.99
514417,102108,B015,SAVINGS,ACTIVE,2026-05-01,63881.76
514418,101301,B007,SAVINGS,BLOCKED,2025-09-03,184507.97
514419,109682,B010,SAVINGS,ACTIVE,2024-09-21,12142.24
514420,106295,B019,SALARY,ACTIVE,2022-07-25,41162.31
514421,109292,B018,SAVINGS,ACTIVE,2025-10-21,174780.06
514422,107355,B020,CURRENT,ACTIVE,2024-04-07,12146.59
514423,101309,B014,SAVINGS,ACTIVE,2024-09-05,11869.31
514424,101999,B008,SALARY,ACTIVE,2019-06-27,53323.8
514425,106606,B014,SAVINGS,ACTIVE,2020-09-26,23680.56
514426,101722,B012,CURRENT,ACTIVE,2021-01-23,36154.51
514427,109266,B008,SAVINGS,ACTIVE,2024-07-29,11138.85
514428,102090,B009,SAVINGS,CLOSED,2022-02-26,29917.79
514429,102076,B011,SAVINGS,ACTIVE,2019-03-10,77277.36
514430,105478,B017,SAVINGS,ACTIVE,2019-12-05,27267.73
514431,104552,B015,SALARY,ACTIVE,2021-11-16,100446.54
514432,101911,B001,SALARY,ACTIVE,2025-10-10,3920.52
514433,108636,B014,CURRENT,ACTIVE,2023-11-11,47540.29
514434,102787,B001,SAVINGS,ACTIVE,2023-01-27,42246.95
514435,105108,B008,SAVINGS,CLOSED,2021-08-12,26426.27
514436,103550,B020,SAVINGS,ACTIVE,2020-11-19,198692.9
514437,107902,B004,SAVINGS,ACTIVE,2020-08-22,32333.08
514438,100407,B012,SAVINGS,ACTIVE,2023-04-25,15823.69
514439,105756,B013,SAVINGS,ACTIVE,2025-09-13,41176.16
514440,100280,B008,SAVINGS,ACTIVE,2019-02-05,4960.48
514441,102394,B019,SALARY,ACTIVE,2020-02-07,16908.24
514442,100068,B010,SAVINGS,ACTIVE,2024-10-26,10945.1
514443,105159,B016,SALARY,ACTIVE,2019-10-16,2768.91
514444,108845,B016,SAVINGS,ACTIVE,2022-02-18,12669.56
514445,103938,B010,SAVINGS,ACTIVE,2022-08-21,49199.57
514446,109182,B004,SAVINGS,ACTIVE,2020-04-21,27300.82
514447,102302,B003,SAVINGS,ACTIVE,2025-12-30,103248.69
514448,105708,B010,SAVINGS,ACTIVE,2025-01-27,15909.84
514449,101697,B007,SAVINGS,ACTIVE,2019-06-11,10268.14
514450,100428,B017,SALARY,ACTIVE,2023-05-01,35548.81
514451,101413,B004,SAVINGS,BLOCKED,2023-12-24,68482.66
514452,105284,B009,SAVINGS,ACTIVE,2019-09-27,36364.48
514453,107321,B003,SAVINGS,ACTIVE,2023-04-04,23305.86
514454,108778,B016,SAVINGS,ACTIVE,2022-02-04,58457.06
514455,104898,B003,SAVINGS,ACTIVE,2020-12-22,20224.95
514456,108530,B013,SALARY,ACTIVE,2025-01-05,63530.08
514457,104577,B002,CURRENT,ACTIVE,2019-01-06,11242.87
514458,105907,B007,SAVINGS,ACTIVE,2020-12-10,21283.31
514459,109089,B016,SAVINGS,ACTIVE,2019-10-06,20589.01
514460,101174,B019,SAVINGS,ACTIVE,2023-09-23,152583.29
514461,109714,B018,SAVINGS,ACTIVE,2025-12-03,47180.72
514462,103438,B012,CURRENT,ACTIVE,2019-07-15,2058.67
514463,100790,B014,SAVINGS,BLOCKED,2023-03-25,184244.32
514464,109892,B013,SAVINGS,ACTIVE,2019-08-21,71041.3
514465,101536,B012,SAVINGS,ACTIVE,2022-11-27,135982.8
514466,108255,B003,SAVINGS,ACTIVE,2022-11-06,90116.16
514467,104065,B010,SALARY,ACTIVE,2019-07-29,10280.05
514468,107176,B008,SALARY,ACTIVE,2022-11-08,12672.04
514469,107630,B009,SAVINGS,ACTIVE,2024-05-24,8599.55
514470,103168,B008,SAVINGS,ACTIVE,2019-02-16,31399.17
514471,104835,B005,CURRENT,ACTIVE,2020-12-15,3773.05
514472,101859,B003,SAVINGS,ACTIVE,2026-03-11,39779.17
514473,102113,B008,SAVINGS,ACTIVE,2023-03-31,30857.68
514474,104281,B006,SAVINGS,ACTIVE,2022-05-10,11856.87
514475,100227,B015,SAVINGS,ACTIVE,2024-04-10,208635.28
514476,102340,B012,CURRENT,ACTIVE,2020-07-18,66862.14
514477,108988,B016,SALARY,ACTIVE,2023-08-30,904.14
514478,103356,B018,SAVINGS,ACTIVE,2026-02-05,59290.42
514479,109975,B014,SAVINGS,ACTIVE,2025-04-15,18500.55
514480,108109,B020,SAVINGS,ACTIVE,2025-11-24,22513.39
514481,105656,B020,SALARY,ACTIVE,2025-09-11,77450.17
514482,101717,B018,SAVINGS,CLOSED,2025-05-30,27159.83
514483,107945,B018,CURRENT,ACTIVE,2024-01-09,18836.02
514484,102506,B008,SAVINGS,ACTIVE,2019-06-04,7604.64
514485,106652,B008,SALARY,ACTIVE,2025-07-17,29713.37
514486,102553,B017,SALARY,ACTIVE,2020-08-12,15995.1
514487,105053,B002,SAVINGS,ACTIVE,2026-04-22,49604.42
514488,109140,B017,SAVINGS,ACTIVE,2021-03-05,41353.62
514489,105645,B007,SAVINGS,ACTIVE,2025-02-17,317440.22
514490,101026,B020,CURRENT,ACTIVE,2025-03-03,11238.32
514491,102331,B012,SAVINGS,ACTIVE,2022-12-23,12306.75
514492,104594,B018,SAVINGS,ACTIVE,2025-09-14,49603.74
514493,100895,B018,SAVINGS,ACTIVE,2026-03-19,11272.49
514494,109310,B003,SAVINGS,ACTIVE,2019-06-29,9734.48
514495,100981,B003,CURRENT,ACTIVE,2019-08-08,7352.48
514496,108608,B018,SAVINGS,ACTIVE,2024-10-16,161980.89
514497,107728,B019,SAVINGS,ACTIVE,2025-08-29,15796.94
514498,106586,B001,CURRENT,ACTIVE,2019-06-09,26265.24
514499,103723,B005,SALARY,ACTIVE,2023-06-08,9536.58
514500,106965,B011,SAVINGS,BLOCKED,2020-05-06,56411.84
514501,102902,B016,SAVINGS,ACTIVE,2022-09-30,41279.21
514502,107001,B015,SAVINGS,ACTIVE,2020-01-18,43486.04
514503,104284,B012,SAVINGS,ACTIVE,2023-01-30,14595.77
514504,101229,B012,SAVINGS,ACTIVE,2024-04-16,33945.3
514505,107386,B010,SAVINGS,ACTIVE,2023-04-13,30303.42
514506,100611,B009,SALARY,ACTIVE,2020-12-03,28191.02
514507,104574,B003,SALARY,ACTIVE,2021-08-22,77901.16
514508,100064,B017,SAVINGS,ACTIVE,2020-10-29,22011.28
514509,101559,B011,SAVINGS,ACTIVE,2024-11-13,50815.39
514510,104888,B011,SAVINGS,ACTIVE,2022-08-23,11732.89
514511,103689,B013,SAVINGS,ACTIVE,2023-02-05,47199.86
514512,107014,B017,SAVINGS,ACTIVE,2023-01-10,10175.66
514513,106297,B015,SALARY,ACTIVE,2019-01-25,1489582.17
514514,104775,B002,SALARY,ACTIVE,2019-07-24,61754.23
514515,107753,B009,SAVINGS,CLOSED,2020-05-26,9260.39
514516,100086,B004,SALARY,ACTIVE,2020-09-11,27426.98
514517,102640,B002,SAVINGS,ACTIVE,2020-08-27,25209.66
514518,107028,B013,SALARY,ACTIVE,2022-01-07,31399.52
514519,109764,B013,SAVINGS,ACTIVE,2020-04-26,11105.98
514520,103951,B012,SAVINGS,ACTIVE,2024-11-18,2748.02
514521,104700,B016,CURRENT,ACTIVE,2021-04-11,153523.99
514522,108037,B004,SAVINGS,ACTIVE,2019-07-22,25325.07
514523,105386,B014,SALARY,ACTIVE,2024-04-09,64950.01
514524,109355,B018,CURRENT,ACTIVE,2025-11-02,7263.78
514525,102914,B019,CURRENT,ACTIVE,2019-01-13,65470.44
514526,104599,B003,SAVINGS,ACTIVE,2023-04-25,26132.54
514527,108608,B002,SAVINGS,ACTIVE,2021-07-23,24620.92
514528,104663,B004,SALARY,ACTIVE,2022-07-03,6661.98
514529,103715,B020,SAVINGS,ACTIVE,2025-06-13,26439.98
514530,103984,B016,SAVINGS,ACTIVE,2024-06-09,69122.15
514531,100327,B018,SALARY,ACTIVE,2026-03-06,25570.75
514532,104229,B007,SAVINGS,ACTIVE,2020-05-23,211585.86
514533,103682,B014,SAVINGS,CLOSED,2022-02-26,47962.14
514534,106197,B009,SAVINGS,ACTIVE,2019-03-20,197408.97
514535,108969,B006,SAVINGS,ACTIVE,2023-09-03,12222.71
514536,107380,B020,SALARY,ACTIVE,2025-04-20,7483.79
514537,109828,B007,SAVINGS,ACTIVE,2021-05-01,15262.1
514538,103989,B009,SAVINGS,ACTIVE,2022-12-09,11655.83
514539,104317,B002,SAVINGS,ACTIVE,2022-05-28,15663.19
514540,102412,B002,SAVINGS,CLOSED,2026-04-11,35427.19
514541,105414,B020,SALARY,ACTIVE,2024-10-27,39876.47
514542,101069,B019,SAVINGS,ACTIVE,2023-08-12,14106.62
514543,102586,B016,SAVINGS,ACTIVE,2023-10-29,34153.99
514544,107332,B012,SAVINGS,ACTIVE,2024-04-06,8611.35
514545,101152,B015,SALARY,ACTIVE,2023-12-25,21577.75
514546,104142,B005,SAVINGS,ACTIVE,2025-08-19,14450.33
514547,100219,B001,SAVINGS,ACTIVE,2019-05-14,12097.58
514548,107115,B002,SALARY,ACTIVE,2024-03-05,64508.51
514549,103401,B010,SAVINGS,ACTIVE,2025-05-05,17546.03
514550,103598,B009,SALARY,ACTIVE,2021-11-14,39890.27
514551,101313,B011,SALARY,ACTIVE,2020-09-25,11672.81
514552,106545,B019,SAVINGS,ACTIVE,2020-12-18,29704.58
514553,101689,B002,SALARY,ACTIVE,2022-10-18,44763.67
514554,104321,B011,CURRENT,ACTIVE,2022-06-01,85738.41
514555,103214,B003,SAVINGS,ACTIVE,2026-02-09,16084.95
514556,109370,B010,SAVINGS,ACTIVE,2022-07-07,7756.78
514557,107821,B003,SAVINGS,ACTIVE,2021-08-09,25292.27
514558,104770,B009,SAVINGS,ACTIVE,2022-05-25,4967.19
514559,108371,B005,SAVINGS,ACTIVE,2025-06-22,58043.41
514560,106727,B006,SAVINGS,ACTIVE,2022-04-01,22454.1
514561,102748,B015,SALARY,ACTIVE,2023-07-27,6374.89
514562,105695,B009,SAVINGS,ACTIVE,2026-01-23,15279.69
514563,100906,B008,CURRENT,ACTIVE,2019-11-09,68030.15
514564,108306,B004,SAVINGS,ACTIVE,2023-11-19,8400.47
514565,102478,B019,CURRENT,ACTIVE,2019-02-11,53536.26
514566,107139,B018,SALARY,ACTIVE,2021-04-16,156971.84
514567,104036,B020,SALARY,ACTIVE,2019-12-16,85652.19
514568,104089,B006,SAVINGS,ACTIVE,2025-05-29,41484.11
514569,100618,B008,SAVINGS,ACTIVE,2022-04-13,25787.16
514570,101571,B007,CURRENT,ACTIVE,2025-02-04,11179.09
514571,108211,B005,SAVINGS,ACTIVE,2024-09-11,74600.52
514572,104251,B013,SALARY,ACTIVE,2020-12-05,54251.97
514573,100244,B009,SAVINGS,ACTIVE,2021-05-28,171221.54
514574,109121,B010,SAVINGS,ACTIVE,2024-04-05,38538.66
514575,108533,B007,SAVINGS,ACTIVE,2019-10-05,31427.89
514576,107518,B017,SAVINGS,ACTIVE,2023-04-11,95761.6
514577,105200,B002,SAVINGS,ACTIVE,2019-09-01,92156.27
514578,104133,B001,CURRENT,ACTIVE,2021-10-04,3121.47
514579,105353,B002,SAVINGS,ACTIVE,2022-06-22,108137.32
514580,103780,B006,SALARY,ACTIVE,2022-03-27,65369.74
514581,101881,B018,SAVINGS,ACTIVE,2022-10-12,17179.31
514582,100496,B009,SAVINGS,ACTIVE,2023-06-19,34369.53
514583,104476,B008,SALARY,ACTIVE,2026-01-22,78677.76
514584,103032,B010,SAVINGS,ACTIVE,2025-09-01,107457.92
514585,104679,B008,SALARY,ACTIVE,2026-01-19,57563.78
514586,106485,B020,SAVINGS,ACTIVE,2023-11-07,39911.37
514587,105323,B015,SAVINGS,ACTIVE,2025-04-08,55388.95
514588,109014,B006,SAVINGS,ACTIVE,2026-01-10,56777.55
514589,103318,B019,SAVINGS,ACTIVE,2020-02-18,380435.66
514590,106686,B018,SAVINGS,CLOSED,2023-07-09,125226.04
514591,108895,B009,SAVINGS,ACTIVE,2026-03-08,55229.59
514592,100332,B004,SAVINGS,ACTIVE,2024-09-30,10708.59
514593,105623,B006,SAVINGS,ACTIVE,2021-01-21,61974.84
514594,103258,B015,SAVINGS,ACTIVE,2024-08-15,20660.78
514595,106014,B012,SAVINGS,CLOSED,2019-01-29,21862.45
514596,107786,B016,SAVINGS,ACTIVE,2025-07-09,10184.0
514597,105388,B006,SALARY,ACTIVE,2021-06-02,32303.09
514598,108319,B005,SALARY,ACTIVE,2021-04-14,32336.67
514599,100033,B003,SALARY,ACTIVE,2023-11-08,150684.77
514600,100935,B003,SAVINGS,ACTIVE,2021-07-09,20149.43
514601,108575,B010,SALARY,ACTIVE,2024-07-15,40953.21
514602,102643,B012,SAVINGS,ACTIVE,2022-07-09,76606.27
514603,106812,B009,SAVINGS,ACTIVE,2025-03-28,50841.93
514604,103233,B014,SAVINGS,ACTIVE,2022-07-14,29916.8
514605,101466,B008,SAVINGS,ACTIVE,2022-05-02,131499.38
514606,108922,B019,SAVINGS,ACTIVE,2024-03-10,1142.59
514607,104113,B012,SALARY,ACTIVE,2019-05-02,162810.47
514608,105760,B013,SAVINGS,ACTIVE,2020-06-02,2745.82
514609,108994,B015,SAVINGS,ACTIVE,2022-06-10,102314.67
514610,101869,B008,SAVINGS,ACTIVE,2020-06-06,64125.23
514611,107047,B017,SAVINGS,BLOCKED,2025-10-17,37022.24
514612,105786,B019,SAVINGS,ACTIVE,2020-03-24,124892.79
514613,108612,B007,SAVINGS,ACTIVE,2025-09-08,28551.81
514614,107265,B010,SAVINGS,ACTIVE,2023-11-10,42741.94
514615,104780,B004,SAVINGS,ACTIVE,2019-11-09,12045.86
514616,103614,B004,SAVINGS,ACTIVE,2020-05-15,29355.34
514617,107025,B003,SAVINGS,BLOCKED,2021-06-20,129531.49
514618,109412,B020,SAVINGS,ACTIVE,2023-08-07,54822.92
514619,106834,B009,CURRENT,ACTIVE,2024-08-18,69461.54
514620,108284,B010,SAVINGS,ACTIVE,2025-06-06,29438.72
514621,103553,B005,SAVINGS,ACTIVE,2022-02-09,27120.53
514622,106240,B008,SAVINGS,ACTIVE,2023-04-15,12368.18
514623,108231,B018,SALARY,ACTIVE,2025-09-10,33917.29
514624,103794,B017,SAVINGS,ACTIVE,2022-06-07,6710.89
514625,101808,B003,SALARY,ACTIVE,2024-01-30,14044.69
514626,100112,B020,SALARY,ACTIVE,2019-10-19,10746.99
514627,104663,B016,SAVINGS,ACTIVE,2021-12-27,90926.31
514628,100717,B006,SAVINGS,ACTIVE,2023-11-17,73365.82
514629,109143,B019,CURRENT,ACTIVE,2022-05-28,88262.78
514630,108054,B005,CURRENT,ACTIVE,2022-05-01,34374.51
514631,106883,B019,SAVINGS,ACTIVE,2026-02-13,84281.77
514632,108953,B013,SAVINGS,BLOCKED,2022-08-11,59151.27
514633,104229,B015,SAVINGS,ACTIVE,2021-02-26,9730.49
514634,101239,B012,SALARY,ACTIVE,2022-09-26,2702.89
514635,106677,B019,SALARY,ACTIVE,2020-08-23,15379.14
514636,100900,B016,SAVINGS,ACTIVE,2023-12-02,49591.08
514637,101220,B007,SAVINGS,ACTIVE,2024-02-03,196801.17
514638,106878,B019,SAVINGS,ACTIVE,2026-01-10,62990.21
514639,102955,B015,SALARY,ACTIVE,2020-12-01,9608.69
514640,105579,B001,SALARY,ACTIVE,2021-03-04,36278.75
514641,101883,B014,SAVINGS,ACTIVE,2021-08-30,61408.11
514642,103685,B006,SALARY,ACTIVE,2022-08-27,69801.65
514643,104934,B004,SAVINGS,ACTIVE,2022-12-10,24522.08
514644,103097,B003,SAVINGS,ACTIVE,2020-07-11,9723.67
514645,109762,B006,SAVINGS,ACTIVE,2021-05-13,86969.93
514646,102444,B007,SAVINGS,ACTIVE,2025-04-25,6814.05
514647,105699,B012,SAVINGS,ACTIVE,2020-11-12,52984.62
514648,101998,B005,SAVINGS,ACTIVE,2019-02-10,11327.41
514649,105310,B016,SAVINGS,ACTIVE,2022-11-11,1625.98
514650,102277,B015,SALARY,BLOCKED,2020-10-23,25629.06
514651,101808,B005,CURRENT,ACTIVE,2022-04-04,24061.07
514652,103311,B017,SAVINGS,ACTIVE,2026-01-23,11732.74
514653,108537,B010,SAVINGS,ACTIVE,2023-02-01,104281.6
514654,105112,B014,SAVINGS,ACTIVE,2020-08-14,4238.03
514655,104523,B002,SAVINGS,ACTIVE,2023-05-30,48449.26
514656,109785,B013,SAVINGS,ACTIVE,2026-04-15,55788.82
514657,106963,B007,CURRENT,ACTIVE,2023-05-11,35479.82
514658,100288,B016,SALARY,ACTIVE,2021-11-19,22189.31
514659,104596,B003,SAVINGS,ACTIVE,2022-12-01,8898.08
514660,107631,B010,SALARY,ACTIVE,2021-11-22,22521.74
514661,102456,B013,SAVINGS,ACTIVE,2022-06-12,60364.08
514662,101052,B003,SALARY,ACTIVE,2023-08-17,7990.99
514663,103640,B008,CURRENT,ACTIVE,2025-05-17,2450.8
514664,105503,B009,SALARY,ACTIVE,2025-10-05,15034.06
514665,103920,B017,SAVINGS,ACTIVE,2026-04-24,15506.4
514666,101896,B007,SAVINGS,ACTIVE,2024-06-01,3323.87
514667,108811,B013,SALARY,ACTIVE,2025-08-14,12852.19
514668,100128,B002,SALARY,ACTIVE,2022-02-07,176360.19
514669,102180,B009,SALARY,ACTIVE,2019-08-20,86024.84
514670,101263,B015,SALARY,ACTIVE,2023-04-29,52649.57
514671,102483,B006,SAVINGS,ACTIVE,2025-07-03,36995.63
514672,102248,B012,SAVINGS,ACTIVE,2020-03-02,2031.13
514673,106104,B003,SAVINGS,ACTIVE,2023-05-26,99283.2
514674,102947,B012,SAVINGS,ACTIVE,2022-02-09,5608.47
514675,106153,B001,CURRENT,ACTIVE,2021-09-21,11892.15
514676,101851,B009,SAVINGS,ACTIVE,2025-04-07,17521.73
514677,109356,B017,SAVINGS,ACTIVE,2022-02-09,31019.9
514678,103009,B013,SAVINGS,ACTIVE,2024-04-04,8236.42
514679,104788,B006,SAVINGS,ACTIVE,2021-04-22,9188.23
514680,102978,B013,SAVINGS,ACTIVE,2021-11-25,76114.26
514681,102790,B018,SALARY,ACTIVE,2021-01-10,229713.94
514682,109084,B006,SALARY,ACTIVE,2026-03-19,20326.99
514683,104093,B004,SAVINGS,ACTIVE,2024-09-06,62317.35
514684,107664,B003,SAVINGS,ACTIVE,2020-05-20,21666.99
514685,107889,B002,SAVINGS,ACTIVE,2021-04-09,74103.78
514686,101865,B009,SAVINGS,ACTIVE,2026-01-28,48259.73
514687,101482,B018,SAVINGS,ACTIVE,2019-11-06,50121.45
514688,106469,B015,SAVINGS,ACTIVE,2022-09-26,9895.61
514689,102297,B020,SAVINGS,ACTIVE,2020-03-29,15524.85
514690,104104,B013,CURRENT,ACTIVE,2022-11-04,27612.98
514691,109248,B014,SAVINGS,ACTIVE,2022-06-14,18917.25
514692,104625,B014,SALARY,ACTIVE,2024-11-23,51100.81
514693,103528,B007,SALARY,ACTIVE,2022-06-07,4060.15
514694,103329,B011,SAVINGS,ACTIVE,2022-06-11,154882.0
514695,107229,B010,SAVINGS,ACTIVE,2025-09-17,142129.4
514696,106565,B008,SAVINGS,ACTIVE,2024-12-21,46921.25
514697,107203,B017,SAVINGS,ACTIVE,2023-07-25,20021.59
514698,100252,B003,SAVINGS,BLOCKED,2024-12-23,19110.58
514699,101492,B004,CURRENT,ACTIVE,2019-07-23,16677.76
514700,103763,B018,SAVINGS,BLOCKED,2023-12-25,42165.73
514701,107225,B001,SAVINGS,CLOSED,2026-01-18,15441.4
514702,107686,B003,SALARY,ACTIVE,2020-09-17,16296.15
514703,104292,B012,SAVINGS,ACTIVE,2021-09-15,4401.6
514704,109940,B006,CURRENT,ACTIVE,2025-12-07,29344.03
514705,105392,B015,SAVINGS,ACTIVE,2022-03-27,19051.69
514706,101354,B002,SAVINGS,ACTIVE,2020-11-24,178476.13
514707,108764,B017,SAVINGS,ACTIVE,2023-12-17,28503.16
514708,103344,B012,SAVINGS,ACTIVE,2022-01-22,1922.38
514709,102899,B002,SAVINGS,ACTIVE,2024-07-20,42584.86
514710,103873,B020,SALARY,ACTIVE,2025-03-04,35712.06
514711,108789,B001,SAVINGS,ACTIVE,2024-09-29,12583.62
514712,105469,B005,CURRENT,ACTIVE,2025-02-01,250790.52
514713,104124,B003,SALARY,ACTIVE,2020-08-18,37112.67
514714,104846,B011,SAVINGS,ACTIVE,2020-12-04,10813.17
514715,109809,B014,SALARY,ACTIVE,2024-08-28,121640.92
514716,108293,B019,SAVINGS,ACTIVE,2022-06-20,32574.52
514717,101213,B003,SAVINGS,ACTIVE,2020-07-22,23329.46
514718,106396,B013,SAVINGS,ACTIVE,2019-03-05,13487.42
514719,108566,B014,CURRENT,ACTIVE,2024-04-01,20200.43
514720,108160,B002,SAVINGS,ACTIVE,2024-10-26,5193.49
514721,102989,B003,SALARY,ACTIVE,2023-01-14,19073.2
514722,107161,B019,SAVINGS,ACTIVE,2020-07-22,9087.08
514723,105462,B013,SAVINGS,ACTIVE,2025-04-22,93940.21
514724,109455,B008,SAVINGS,ACTIVE,2020-09-25,28179.08
514725,105794,B017,SAVINGS,ACTIVE,2022-12-16,140373.12
514726,107371,B020,SAVINGS,ACTIVE,2025-05-10,125196.0
514727,102142,B010,SAVINGS,ACTIVE,2021-12-26,9604.52
514728,100997,B003,SAVINGS,ACTIVE,2020-03-22,30592.93
514729,106547,B009,SALARY,ACTIVE,2022-04-15,27901.81
514730,106897,B019,SAVINGS,ACTIVE,2022-10-23,31773.03
514731,108984,B002,CURRENT,BLOCKED,2021-08-11,93894.27
514732,100330,B019,SAVINGS,ACTIVE,2022-01-12,24637.01
514733,104749,B002,SAVINGS,ACTIVE,2019-06-22,30458.66
514734,101768,B015,SAVINGS,ACTIVE,2022-03-19,28417.25
514735,101718,B013,CURRENT,ACTIVE,2025-05-11,27907.07
514736,109363,B015,SAVINGS,ACTIVE,2020-06-08,9354.21
514737,107735,B013,SAVINGS,ACTIVE,2025-06-19,14433.57
514738,109555,B019,SAVINGS,ACTIVE,2023-08-26,2198.46
514739,106330,B017,SAVINGS,ACTIVE,2024-09-23,41325.99
514740,101082,B009,SAVINGS,ACTIVE,2023-11-17,32239.92
514741,108256,B003,SAVINGS,ACTIVE,2024-04-07,35135.28
514742,103971,B018,SAVINGS,BLOCKED,2021-04-27,136409.04
514743,100607,B012,CURRENT,ACTIVE,2022-08-21,54630.29
514744,109885,B014,SAVINGS,ACTIVE,2025-01-22,100227.94
514745,109904,B008,SAVINGS,ACTIVE,2020-07-20,88121.17
514746,100737,B007,SAVINGS,ACTIVE,2024-02-03,175782.1
514747,102548,B011,SALARY,ACTIVE,2022-02-28,111393.95
514748,109116,B001,SAVINGS,ACTIVE,2020-02-14,10694.1
514749,101293,B010,SAVINGS,ACTIVE,2020-02-24,54739.99
514750,109829,B016,SAVINGS,ACTIVE,2025-01-11,58344.7
514751,102847,B002,CURRENT,BLOCKED,2024-10-08,43833.67
514752,108823,B010,SAVINGS,ACTIVE,2019-05-29,251160.71
514753,103350,B004,SALARY,ACTIVE,2021-01-26,36356.31
514754,108180,B017,SALARY,ACTIVE,2023-04-24,51489.95
514755,102442,B005,SAVINGS,CLOSED,2026-03-01,25697.84
514756,105713,B009,CURRENT,ACTIVE,2020-03-17,22527.76
514757,107902,B002,SAVINGS,ACTIVE,2023-12-08,18825.72
514758,109121,B003,SAVINGS,ACTIVE,2021-03-12,10187.47
514759,102027,B011,SAVINGS,ACTIVE,2023-02-08,44074.82
514760,101010,B012,SALARY,ACTIVE,2025-04-04,178568.39
514761,105981,B006,CURRENT,ACTIVE,2026-04-24,22676.45
514762,101134,B013,SALARY,ACTIVE,2019-12-31,38834.08
514763,102468,B004,SAVINGS,ACTIVE,2026-04-02,10902.4
514764,106915,B010,SAVINGS,BLOCKED,2020-09-15,3855.62
514765,102135,B020,SALARY,ACTIVE,2020-11-08,27374.42
514766,100088,B004,SAVINGS,ACTIVE,2021-05-30,13301.14
514767,101421,B017,SALARY,ACTIVE,2021-04-22,9221.05
514768,106397,B003,SAVINGS,ACTIVE,2022-11-10,4260.18
514769,100596,B003,SAVINGS,ACTIVE,2022-11-23,5028.55
514770,106176,B006,SALARY,ACTIVE,2021-02-19,32031.84
514771,102568,B005,SAVINGS,ACTIVE,2020-03-21,215962.5
514772,106120,B014,SAVINGS,ACTIVE,2024-03-30,14830.99
514773,109340,B011,SAVINGS,ACTIVE,2025-02-26,48543.13
514774,101725,B010,SAVINGS,ACTIVE,2021-10-22,9501.88
514775,103204,B015,SAVINGS,ACTIVE,2026-02-20,12438.0
514776,109152,B011,SAVINGS,ACTIVE,2022-08-23,5205.8
514777,103979,B017,SALARY,ACTIVE,2021-05-20,18559.0
514778,107341,B009,SAVINGS,ACTIVE,2019-11-05,2206.03
514779,105992,B019,SAVINGS,BLOCKED,2020-09-21,8825.74
514780,102811,B015,SALARY,ACTIVE,2023-07-23,16902.81
514781,109610,B013,SAVINGS,ACTIVE,2022-04-18,14783.27
514782,105986,B018,SAVINGS,ACTIVE,2024-10-03,42610.95
514783,106416,B005,SAVINGS,ACTIVE,2022-11-01,57888.1
514784,103973,B011,SAVINGS,ACTIVE,2019-08-31,22595.95
514785,107112,B018,SALARY,ACTIVE,2022-08-21,87929.09
514786,107616,B019,CURRENT,ACTIVE,2023-10-16,3714.41
514787,105400,B001,SAVINGS,ACTIVE,2024-07-22,59869.18
514788,104950,B006,SALARY,ACTIVE,2024-01-29,22655.07
514789,104602,B020,SAVINGS,ACTIVE,2025-02-09,4727.48
514790,102897,B014,SAVINGS,ACTIVE,2022-03-22,65171.06
514791,105859,B012,SAVINGS,ACTIVE,2025-12-05,37005.56
514792,108165,B019,SAVINGS,CLOSED,2020-05-01,14880.18
514793,109618,B020,SAVINGS,ACTIVE,2023-01-13,84673.81
514794,103979,B020,SAVINGS,ACTIVE,2021-04-18,28056.56
514795,108758,B017,SAVINGS,ACTIVE,2025-10-27,68659.84
514796,109958,B002,SAVINGS,ACTIVE,2022-05-28,39875.44
514797,105171,B008,SAVINGS,ACTIVE,2025-12-10,7954.28
514798,103922,B012,SAVINGS,ACTIVE,2025-01-21,4357.61
514799,105194,B007,SAVINGS,ACTIVE,2026-03-10,8040.46
514800,105700,B003,SAVINGS,ACTIVE,2019-10-31,37161.12
514801,104972,B013,SALARY,ACTIVE,2025-11-24,14703.71
514802,104000,B007,SAVINGS,ACTIVE,2020-06-26,39439.52
514803,109632,B014,SAVINGS,ACTIVE,2020-05-07,14412.16
514804,105349,B013,SAVINGS,ACTIVE,2023-11-14,3923.37
514805,100247,B019,CURRENT,ACTIVE,2022-03-08,43244.58
514806,109911,B020,SALARY,ACTIVE,2019-02-03,72611.8
514807,101194,B010,SAVINGS,ACTIVE,2025-02-05,22325.81
514808,101120,B018,SAVINGS,ACTIVE,2023-03-04,20129.11
514809,104562,B018,SAVINGS,ACTIVE,2020-03-15,76236.93
514810,108141,B008,SAVINGS,ACTIVE,2021-01-01,50596.83
514811,108186,B005,CURRENT,ACTIVE,2025-07-31,107797.61
514812,108884,B007,SAVINGS,ACTIVE,2025-10-02,77794.33
514813,105678,B014,SALARY,ACTIVE,2019-11-05,13173.46
514814,106710,B012,SAVINGS,ACTIVE,2019-11-15,17741.45
514815,102570,B008,SAVINGS,ACTIVE,2022-05-08,27691.12
514816,104918,B001,SALARY,ACTIVE,2020-11-03,20833.23
514817,109944,B010,SAVINGS,ACTIVE,2024-04-21,15787.02
514818,105419,B014,SALARY,ACTIVE,2025-10-18,46338.25
514819,101726,B015,SAVINGS,ACTIVE,2021-04-07,32952.98
514820,106852,B002,SAVINGS,ACTIVE,2023-01-14,15208.86
514821,107265,B008,SALARY,BLOCKED,2021-09-25,8130.74
514822,109529,B001,SALARY,ACTIVE,2024-10-31,33102.43
514823,108688,B008,SAVINGS,ACTIVE,2023-05-24,13615.66
514824,103455,B006,SAVINGS,ACTIVE,2019-12-25,14729.63
514825,108488,B020,SAVINGS,ACTIVE,2021-07-31,10796.97
514826,109153,B006,CURRENT,ACTIVE,2025-03-25,17598.23
514827,108868,B006,SALARY,ACTIVE,2020-08-13,14253.78
514828,102802,B016,SAVINGS,ACTIVE,2022-06-15,87678.19
514829,104155,B002,SAVINGS,BLOCKED,2025-04-13,20280.51
514830,104486,B015,CURRENT,CLOSED,2023-06-02,5504.06
514831,109050,B020,CURRENT,ACTIVE,2024-08-23,29554.83
514832,104402,B002,SAVINGS,ACTIVE,2020-01-09,100659.99
514833,102965,B018,SAVINGS,ACTIVE,2026-05-04,24527.59
514834,101742,B008,SAVINGS,ACTIVE,2025-12-18,21909.07
514835,105766,B014,SALARY,ACTIVE,2025-01-31,4461.01
514836,101895,B014,SAVINGS,ACTIVE,2020-10-17,22027.79
514837,100657,B008,SAVINGS,ACTIVE,2025-07-03,12663.34
514838,108613,B004,SALARY,ACTIVE,2025-06-02,3697.0
514839,101601,B004,SAVINGS,ACTIVE,2022-04-14,8552.12
514840,109904,B012,SAVINGS,ACTIVE,2021-08-14,102148.61
514841,104764,B017,CURRENT,ACTIVE,2020-03-21,75080.06
514842,109469,B010,CURRENT,ACTIVE,2020-02-01,107332.49
514843,105213,B010,SAVINGS,ACTIVE,2023-05-01,28133.31
514844,102120,B012,CURRENT,ACTIVE,2020-08-07,2725.17
514845,104945,B006,SAVINGS,CLOSED,2022-09-24,36971.5
514846,102881,B019,SAVINGS,ACTIVE,2023-02-26,360733.67
514847,102956,B011,SAVINGS,ACTIVE,2023-06-18,7009.26
514848,101259,B012,SAVINGS,ACTIVE,2026-03-30,4174.99
514849,105422,B019,SALARY,ACTIVE,2026-01-12,8595.37
514850,106960,B019,SAVINGS,ACTIVE,2025-06-01,52548.97
514851,106415,B018,SAVINGS,ACTIVE,2023-04-23,2530.56
514852,100043,B002,SALARY,ACTIVE,2024-06-27,47525.4
514853,101195,B002,SALARY,ACTIVE,2019-09-21,16617.07
514854,106793,B018,SAVINGS,ACTIVE,2026-03-02,24344.74
514855,105406,B002,SALARY,ACTIVE,2021-08-15,44486.35
514856,102649,B006,CURRENT,ACTIVE,2021-07-05,17657.05
514857,105763,B009,SALARY,ACTIVE,2026-05-06,23124.92
514858,107204,B007,SAVINGS,ACTIVE,2023-08-01,28187.78
514859,102506,B020,SALARY,ACTIVE,2024-03-05,82868.46
514860,101847,B004,SAVINGS,ACTIVE,2022-06-02,23721.67
514861,100904,B010,SAVINGS,ACTIVE,2023-12-16,4467.87
514862,109332,B008,SALARY,ACTIVE,2021-07-10,36365.92
514863,102147,B005,CURRENT,ACTIVE,2024-06-11,50830.49
514864,101112,B011,SAVINGS,ACTIVE,2025-10-08,383191.85
514865,103760,B010,SALARY,ACTIVE,2020-10-02,32273.77
514866,100363,B014,SALARY,ACTIVE,2019-02-01,72236.06
514867,101419,B018,SAVINGS,ACTIVE,2023-07-04,29193.49
514868,101168,B009,SAVINGS,BLOCKED,2019-10-24,32983.26
514869,106663,B006,SAVINGS,ACTIVE,2025-06-29,108840.37
514870,102433,B020,SAVINGS,ACTIVE,2021-11-03,250149.49
514871,101849,B012,SAVINGS,ACTIVE,2026-01-17,48962.48
514872,106805,B013,SAVINGS,ACTIVE,2019-12-22,112051.8
514873,105408,B011,SAVINGS,ACTIVE,2022-03-19,1555.23
514874,104395,B006,SALARY,ACTIVE,2022-06-23,7856.43
514875,100273,B015,CURRENT,ACTIVE,2021-08-19,13590.0
514876,104601,B013,SAVINGS,ACTIVE,2022-05-16,40932.8
514877,101773,B016,SALARY,ACTIVE,2020-04-01,8181.27
514878,105912,B015,SAVINGS,ACTIVE,2020-07-28,16352.07
514879,100949,B012,SAVINGS,ACTIVE,2023-08-02,30279.45
514880,106763,B001,SALARY,ACTIVE,2024-06-16,81980.47
514881,104344,B011,SAVINGS,ACTIVE,2020-02-21,31455.16
514882,107186,B015,SAVINGS,ACTIVE,2023-05-08,55361.14
514883,104508,B009,SALARY,ACTIVE,2021-07-25,21239.37
514884,104229,B002,SALARY,ACTIVE,2026-03-08,13970.63
514885,109547,B016,SAVINGS,ACTIVE,2022-03-23,138826.61
514886,101261,B011,CURRENT,ACTIVE,2025-02-15,32617.52
514887,105808,B008,SAVINGS,ACTIVE,2025-05-23,7343.09
514888,100944,B001,CURRENT,ACTIVE,2025-09-10,21558.82
514889,101222,B012,SAVINGS,ACTIVE,2021-07-06,81022.37
514890,102576,B004,SAVINGS,ACTIVE,2025-03-04,6247.18
514891,101188,B009,SAVINGS,ACTIVE,2025-08-11,9401.29
514892,101713,B013,SAVINGS,ACTIVE,2022-10-06,8628.74
514893,107999,B007,SALARY,ACTIVE,2022-09-19,38542.68
514894,103859,B008,CURRENT,BLOCKED,2019-07-14,14484.56
514895,107380,B015,SAVINGS,ACTIVE,2023-01-05,6417.6
514896,109919,B005,SAVINGS,ACTIVE,2020-03-07,6877.58
514897,102208,B009,SALARY,ACTIVE,2020-10-13,88143.93
514898,103014,B005,CURRENT,ACTIVE,2024-08-07,26118.01
514899,102413,B013,SAVINGS,ACTIVE,2020-08-11,40262.04
514900,109437,B018,SAVINGS,ACTIVE,2023-03-19,21028.92
514901,100009,B004,SAVINGS,ACTIVE,2023-11-02,5660.66
514902,106455,B012,SAVINGS,ACTIVE,2019-07-17,60287.31
514903,102221,B006,SALARY,ACTIVE,2022-03-03,14142.57
514904,100510,B017,SAVINGS,ACTIVE,2024-10-16,44069.69
514905,105163,B013,SAVINGS,BLOCKED,2025-09-17,16460.87
514906,107544,B013,SALARY,ACTIVE,2021-03-20,11444.74
514907,108983,B005,SAVINGS,ACTIVE,2019-04-29,41625.34
514908,107168,B003,SAVINGS,ACTIVE,2019-01-30,15905.0
514909,100094,B016,SAVINGS,ACTIVE,2021-03-05,213035.68
514910,107035,B013,SAVINGS,ACTIVE,2020-11-05,97017.76
514911,100852,B007,SAVINGS,ACTIVE,2025-10-18,6132.73
514912,101381,B007,SAVINGS,ACTIVE,2025-06-30,29600.31
514913,101006,B013,SAVINGS,ACTIVE,2020-12-15,20393.78
514914,100208,B014,SAVINGS,ACTIVE,2024-07-26,12279.09
514915,109265,B002,SAVINGS,ACTIVE,2019-05-24,9911.22
514916,108255,B011,SAVINGS,ACTIVE,2020-06-30,16345.32
514917,108248,B010,CURRENT,ACTIVE,2021-12-04,133961.54
514918,107457,B020,SAVINGS,ACTIVE,2025-06-11,43831.06
514919,105002,B005,CURRENT,ACTIVE,2019-10-12,29547.29
514920,105830,B010,SAVINGS,ACTIVE,2025-09-02,6112.46
514921,106213,B012,SAVINGS,ACTIVE,2020-02-20,505.25
514922,107617,B017,SAVINGS,ACTIVE,2020-05-04,8369.52
514923,100706,B018,SAVINGS,ACTIVE,2026-03-03,126325.86
514924,105771,B002,CURRENT,ACTIVE,2023-08-23,16660.38
514925,102948,B014,SAVINGS,ACTIVE,2024-08-22,14229.54
514926,105927,B003,SAVINGS,ACTIVE,2025-01-01,59647.68
514927,102147,B019,SAVINGS,ACTIVE,2022-04-09,27827.06
514928,109619,B003,SAVINGS,ACTIVE,2023-05-04,11754.31
514929,100292,B010,SAVINGS,ACTIVE,2022-06-16,44212.18
514930,101454,B018,SAVINGS,ACTIVE,2021-07-22,48508.6
514931,108869,B012,SAVINGS,ACTIVE,2024-12-03,330767.72
514932,102990,B004,SALARY,ACTIVE,2025-02-19,113363.0
514933,105197,B003,SAVINGS,ACTIVE,2023-05-18,18297.45
514934,101124,B019,SALARY,ACTIVE,2024-07-31,26572.81
514935,106579,B013,SALARY,ACTIVE,2019-05-26,6341.26
514936,102328,B016,SALARY,CLOSED,2020-12-01,21412.71
514937,107493,B012,SALARY,ACTIVE,2021-05-15,45763.83
514938,108446,B008,SAVINGS,ACTIVE,2019-02-10,25860.07
514939,104058,B002,SAVINGS,ACTIVE,2025-04-02,7427.55
514940,107183,B016,SAVINGS,ACTIVE,2022-06-12,13219.99
514941,103965,B020,SALARY,CLOSED,2020-07-14,12301.37
514942,105703,B010,SAVINGS,ACTIVE,2022-06-24,52029.22
514943,100322,B006,SAVINGS,ACTIVE,2025-11-02,49826.39
514944,102115,B009,SAVINGS,ACTIVE,2026-02-14,29487.03
514945,104987,B015,SALARY,ACTIVE,2024-01-31,45634.76
514946,104808,B018,SAVINGS,ACTIVE,2023-12-16,19237.37
514947,102810,B006,SALARY,ACTIVE,2021-03-11,10292.78
514948,105589,B003,SAVINGS,ACTIVE,2021-09-02,20464.39
514949,102471,B001,SAVINGS,ACTIVE,2021-08-25,29702.84
514950,101286,B004,SAVINGS,ACTIVE,2020-05-01,35328.53
514951,108858,B018,SAVINGS,ACTIVE,2024-09-22,14004.31
514952,100742,B005,SAVINGS,ACTIVE,2025-08-02,4037.44
514953,101990,B012,SAVINGS,ACTIVE,2021-01-11,33049.42
514954,101823,B014,SAVINGS,ACTIVE,2021-12-09,3452.39
514955,109334,B008,SAVINGS,ACTIVE,2021-05-20,17586.79
514956,107925,B008,SAVINGS,ACTIVE,2019-04-29,4526.15
514957,108160,B001,SAVINGS,ACTIVE,2025-09-04,88259.33
514958,105673,B016,SAVINGS,ACTIVE,2022-08-10,61886.3
514959,108167,B006,SAVINGS,ACTIVE,2023-01-04,67404.15
514960,106506,B004,SAVINGS,ACTIVE,2025-10-11,6785.07
514961,107705,B004,SAVINGS,ACTIVE,2021-06-13,5239.97
514962,101062,B014,SAVINGS,ACTIVE,2025-12-20,271058.2
514963,102548,B004,CURRENT,ACTIVE,2024-05-02,29796.12
514964,103139,B020,SAVINGS,ACTIVE,2019-12-01,3262.68
514965,106626,B018,SAVINGS,ACTIVE,2021-01-29,16547.12
514966,102375,B020,SALARY,ACTIVE,2026-02-08,9851.64
514967,100928,B007,SAVINGS,ACTIVE,2023-06-28,58336.54
514968,107862,B016,SAVINGS,ACTIVE,2025-06-05,7615.68
514969,103708,B018,SAVINGS,ACTIVE,2020-06-15,15107.3
514970,101418,B009,SAVINGS,ACTIVE,2019-02-16,54709.56
514971,109139,B005,SAVINGS,ACTIVE,2019-03-11,33860.96
514972,102684,B002,SAVINGS,ACTIVE,2020-06-26,15842.31
514973,106759,B012,SALARY,ACTIVE,2026-03-07,7988.01
514974,106951,B014,SAVINGS,ACTIVE,2024-10-08,34752.09
514975,108266,B014,CURRENT,ACTIVE,2025-12-19,3294.11
514976,106549,B001,SAVINGS,ACTIVE,2024-11-04,37749.29
514977,105491,B016,SAVINGS,ACTIVE,2019-05-18,26955.46
514978,108744,B016,SAVINGS,ACTIVE,2021-10-12,18141.02
514979,100330,B004,SAVINGS,ACTIVE,2024-08-09,8602.95
514980,108467,B007,SAVINGS,ACTIVE,2020-02-12,38386.01
514981,109085,B008,SAVINGS,ACTIVE,2026-01-11,34073.27
514982,108398,B018,SALARY,ACTIVE,2019-09-05,10019.81
514983,106930,B004,SAVINGS,ACTIVE,2019-11-13,1852.56
514984,107537,B007,CURRENT,CLOSED,2021-11-20,27632.58
514985,108391,B008,SAVINGS,ACTIVE,2024-07-23,91238.66
514986,101503,B013,SAVINGS,ACTIVE,2021-07-07,18426.26
514987,106548,B014,SAVINGS,ACTIVE,2024-05-09,17914.57
514988,105444,B001,SAVINGS,ACTIVE,2025-03-28,33787.34
514989,107558,B002,SAVINGS,ACTIVE,2021-08-30,10426.45
514990,101153,B018,SAVINGS,ACTIVE,2025-08-31,19568.46
514991,100991,B010,CURRENT,ACTIVE,2024-07-11,79990.84
514992,104990,B017,CURRENT,ACTIVE,2023-08-09,33054.44
514993,100790,B017,SAVINGS,ACTIVE,2020-02-05,170171.35
514994,107837,B012,SAVINGS,ACTIVE,2020-09-29,32198.52
514995,102582,B017,SAVINGS,ACTIVE,2022-02-09,51529.51
514996,105108,B002,SAVINGS,ACTIVE,2025-02-22,14927.91
514997,100596,B013,SAVINGS,ACTIVE,2023-08-13,19895.21
514998,103456,B014,SAVINGS,ACTIVE,2022-04-14,32269.93
514999,106775,B014,SALARY,ACTIVE,2020-12-15,101444.19
515000,109992,B017,CURRENT,ACTIVE,2023-01-19,22405.39
