customer_id,customer_name,customer_segment,city,state,date_of_birth,onboarding_date,customer_status
100001,Customer_00001,RETAIL,Mumbai,Maharashtra,1988-09-05,2025-11-30,INACTIVE
100002,Customer_00002,PREMIUM,Kolkata,West Bengal,1993-06-09,2024-11-12,INACTIVE
100003,Customer_00003,PREMIUM,Hyderabad,Telangana,2014-07-09,2021-05-11,ACTIVE
100004,Customer_00004,RETAIL,Bangalore,Karnataka,1983-05-22,2026-07-17,ACTIVE
100005,Customer_00005,RETAIL,Bangalore,Karnataka,1983-08-16,2026-07-10,ACTIVE
100006,Customer_00006,RETAIL,Kolkata,West Bengal,1991-07-28,2020-04-08,ACTIVE
100007,Customer_00007,PREMIUM,Mumbai,Maharashtra,2003-12-07,2020-03-02,ACTIVE
100008,Customer_00008,PREMIUM,Hyderabad,Telangana,2012-04-17,2021-08-10,ACTIVE
100009,Customer_00009,PREMIUM,Pune,Maharashtra,2002-04-08,2025-03-20,ACTIVE
100010,Customer_00010,RETAIL,Mumbai,Maharashtra,1999-06-07,2023-12-05,ACTIVE
100011,Customer_00011,RETAIL,Chennai,Tamil Nadu,2014-12-07,2023-05-15,ACTIVE
100012,Customer_00012,RETAIL,Ahmedabad,Gujarat,1986-03-18,2022-09-23,ACTIVE
100013,Customer_00013,RETAIL,Hyderabad,Telangana,2016-03-12,2023-02-25,ACTIVE
100014,Customer_00014,PREMIUM,Kolkata,West Bengal,1992-01-02,2024-03-10,ACTIVE
100015,Customer_00015,RETAIL,Hyderabad,Telangana,1990-07-01,2020-06-02,ACTIVE
100016,Customer_00016,RETAIL,Kolkata,West Bengal,2018-04-29,2023-11-08,ACTIVE
100017,Customer_00017,RETAIL,Chennai,Tamil Nadu,2005-09-09,2021-06-14,ACTIVE
100018,Customer_00018,RETAIL,Pune,Maharashtra,1996-11-26,2025-03-06,ACTIVE
100019,Customer_00019,RETAIL,Kolkata,West Bengal,1992-09-21,2021-04-13,ACTIVE
100020,Customer_00020,RETAIL,Bangalore,Karnataka,1997-04-19,2020-06-19,ACTIVE
100021,Customer_00021,BUSINESS,Chennai,Tamil Nadu,2011-09-04,2022-11-09,ACTIVE
100022,Customer_00022,PREMIUM,Delhi,Delhi,1985-06-14,2022-11-23,ACTIVE
100023,Customer_00023,PREMIUM,Pune,Maharashtra,1986-04-29,2023-05-29,ACTIVE
100024,Customer_00024,RETAIL,Ahmedabad,Gujarat,1991-09-03,2025-08-26,ACTIVE
100025,Customer_00025,RETAIL,Kolkata,West Bengal,1998-12-20,2024-08-06,ACTIVE
100026,Customer_00026,RETAIL,Hyderabad,Telangana,2012-08-15,2022-05-20,ACTIVE
100027,Customer_00027,RETAIL,Bangalore,Karnataka,1987-10-27,2024-10-09,ACTIVE
100028,Customer_00028,RETAIL,Kolkata,West Bengal,2011-06-14,2023-04-24,ACTIVE
100029,Customer_00029,RETAIL,Chennai,Tamil Nadu,2016-06-10,2021-06-21,ACTIVE
100030,Customer_00030,RETAIL,Bangalore,Karnataka,1997-01-18,2020-02-21,ACTIVE
100031,Customer_00031,RETAIL,Bangalore,Karnataka,2018-08-23,2020-01-10,ACTIVE
100032,Customer_00032,PREMIUM,Pune,Maharashtra,2015-11-12,2021-06-22,ACTIVE
100033,Customer_00033,RETAIL,Mumbai,Maharashtra,2011-11-26,2025-05-19,ACTIVE
100034,Customer_00034,RETAIL,Chennai,Tamil Nadu,1994-10-12,2023-01-17,ACTIVE
100035,Customer_00035,RETAIL,Ahmedabad,Gujarat,1991-07-06,2022-12-20,ACTIVE
100036,Customer_00036,RETAIL,Mumbai,Maharashtra,2014-08-29,2022-08-15,ACTIVE
100037,Customer_00037,PREMIUM,Kolkata,West Bengal,1997-04-18,2021-09-06,ACTIVE
100038,Customer_00038,RETAIL,Kolkata,West Bengal,1980-06-17,2024-09-11,ACTIVE
100039,Customer_00039,PREMIUM,Delhi,Delhi,2008-08-13,2020-01-31,ACTIVE
100040,Customer_00040,PREMIUM,Hyderabad,Telangana,1993-06-04,2024-01-08,ACTIVE
100041,Customer_00041,RETAIL,Pune,Maharashtra,2017-08-04,2026-02-26,ACTIVE
100042,Customer_00042,RETAIL,Kolkata,West Bengal,2014-04-13,2025-10-13,ACTIVE
100043,Customer_00043,RETAIL,Hyderabad,Telangana,1983-06-14,2022-06-05,ACTIVE
100044,Customer_00044,RETAIL,Delhi,Delhi,2016-03-06,2025-08-13,ACTIVE
100045,Customer_00045,RETAIL,Mumbai,Maharashtra,2018-03-02,2021-07-24,ACTIVE
100046,Customer_00046,BUSINESS,Ahmedabad,Gujarat,2010-03-25,2021-08-01,INACTIVE
100047,Customer_00047,RETAIL,Bangalore,Karnataka,1990-06-22,2022-04-04,ACTIVE
100048,Customer_00048,PREMIUM,Ahmedabad,Gujarat,2006-09-03,2020-02-12,ACTIVE
100049,Customer_00049,RETAIL,Hyderabad,Telangana,2014-10-24,2021-09-29,ACTIVE
100050,Customer_00050,BUSINESS,Kolkata,West Bengal,2012-08-27,2025-08-12,ACTIVE
100051,Customer_00051,RETAIL,Kolkata,West Bengal,1996-11-12,2025-01-03,ACTIVE
100052,Customer_00052,RETAIL,Pune,Maharashtra,2008-03-22,2022-02-28,INACTIVE
100053,Customer_00053,RETAIL,Delhi,Delhi,1995-01-04,2022-01-19,ACTIVE
100054,Customer_00054,RETAIL,Bangalore,Karnataka,1989-08-09,2022-04-13,ACTIVE
100055,Customer_00055,PREMIUM,Bangalore,Karnataka,2006-10-18,2020-10-12,ACTIVE
100056,Customer_00056,RETAIL,Mumbai,Maharashtra,1998-04-24,2021-01-15,INACTIVE
100057,Customer_00057,RETAIL,Chennai,Tamil Nadu,1988-05-25,2026-07-10,ACTIVE
100058,Customer_00058,RETAIL,Pune,Maharashtra,2006-04-19,2024-07-21,ACTIVE
100059,Customer_00059,RETAIL,Hyderabad,Telangana,1992-05-18,2024-06-14,ACTIVE
100060,Customer_00060,RETAIL,Hyderabad,Telangana,2003-04-22,2021-11-03,ACTIVE
100061,Customer_00061,RETAIL,Ahmedabad,Gujarat,1994-01-03,2025-08-16,ACTIVE
100062,Customer_00062,RETAIL,Hyderabad,Telangana,2015-07-07,2021-02-28,INACTIVE
100063,Customer_00063,RETAIL,Delhi,Delhi,2014-02-05,2026-05-13,ACTIVE
100064,Customer_00064,RETAIL,Ahmedabad,Gujarat,1998-08-16,2023-04-23,ACTIVE
100065,Customer_00065,BUSINESS,Bangalore,Karnataka,2008-05-04,2022-03-04,ACTIVE
100066,Customer_00066,RETAIL,Delhi,Delhi,1986-06-22,2024-12-05,ACTIVE
100067,Customer_00067,RETAIL,Ahmedabad,Gujarat,2020-02-15,2022-09-28,ACTIVE
100068,Customer_00068,RETAIL,Delhi,Delhi,1987-12-23,2021-10-09,ACTIVE
100069,Customer_00069,RETAIL,Mumbai,Maharashtra,2014-10-08,2024-06-28,INACTIVE
100070,Customer_00070,RETAIL,Bangalore,Karnataka,2013-11-28,2024-09-28,ACTIVE
100071,Customer_00071,RETAIL,Kolkata,West Bengal,1986-06-25,2023-12-18,ACTIVE
100072,Customer_00072,RETAIL,Pune,Maharashtra,1979-07-10,2023-01-13,ACTIVE
100073,Customer_00073,RETAIL,Bangalore,Karnataka,2009-06-07,2022-02-28,ACTIVE
100074,Customer_00074,RETAIL,Pune,Maharashtra,2014-11-09,2022-08-27,ACTIVE
100075,Customer_00075,BUSINESS,Hyderabad,Telangana,2008-08-01,2025-09-29,ACTIVE
100076,Customer_00076,RETAIL,Bangalore,Karnataka,1981-06-12,2022-05-12,ACTIVE
100077,Customer_00077,RETAIL,Delhi,Delhi,2005-09-02,2026-05-10,ACTIVE
100078,Customer_00078,RETAIL,Pune,Maharashtra,1995-04-01,2020-12-15,ACTIVE
100079,Customer_00079,RETAIL,Chennai,Tamil Nadu,2016-10-07,2021-01-25,ACTIVE
100080,Customer_00080,PREMIUM,Hyderabad,Telangana,2012-01-10,2022-03-09,ACTIVE
100081,Customer_00081,RETAIL,Ahmedabad,Gujarat,2011-12-22,2020-01-08,ACTIVE
100082,Customer_00082,RETAIL,Bangalore,Karnataka,1995-11-27,2025-10-11,ACTIVE
100083,Customer_00083,RETAIL,Pune,Maharashtra,1992-05-22,2022-03-27,ACTIVE
100084,Customer_00084,RETAIL,Kolkata,West Bengal,2012-12-08,2020-09-02,ACTIVE
100085,Customer_00085,BUSINESS,Hyderabad,Telangana,1983-11-23,2024-01-24,ACTIVE
100086,Customer_00086,RETAIL,Hyderabad,Telangana,1983-04-14,2026-04-18,ACTIVE
100087,Customer_00087,PREMIUM,Mumbai,Maharashtra,1981-09-19,2026-07-12,ACTIVE
100088,Customer_00088,RETAIL,Delhi,Delhi,2000-03-04,2020-09-14,INACTIVE
100089,Customer_00089,BUSINESS,Kolkata,West Bengal,1982-04-06,2025-03-17,ACTIVE
100090,Customer_00090,RETAIL,Kolkata,West Bengal,2003-02-01,2022-05-18,ACTIVE
100091,Customer_00091,RETAIL,Bangalore,Karnataka,1986-01-14,2025-06-29,ACTIVE
100092,Customer_00092,PREMIUM,Kolkata,West Bengal,2015-10-02,2023-12-26,ACTIVE
100093,Customer_00093,RETAIL,Kolkata,West Bengal,1996-12-02,2024-10-22,ACTIVE
100094,Customer_00094,RETAIL,Bangalore,Karnataka,1983-01-04,2025-07-03,ACTIVE
100095,Customer_00095,BUSINESS,Ahmedabad,Gujarat,2007-08-26,2025-11-18,ACTIVE
100096,Customer_00096,RETAIL,Delhi,Delhi,1993-01-26,2020-12-10,ACTIVE
100097,Customer_00097,PREMIUM,Pune,Maharashtra,1989-12-01,2024-10-03,ACTIVE
100098,Customer_00098,RETAIL,Hyderabad,Telangana,2006-03-30,2020-12-04,ACTIVE
100099,Customer_00099,PREMIUM,Hyderabad,Telangana,2018-05-30,2026-03-15,ACTIVE
100100,Customer_00100,PREMIUM,Pune,Maharashtra,2019-05-29,2024-02-17,ACTIVE
100101,Customer_00101,RETAIL,Kolkata,West Bengal,1997-01-18,2021-04-07,ACTIVE
100102,Customer_00102,RETAIL,Pune,Maharashtra,2014-01-01,2021-12-03,ACTIVE
100103,Customer_00103,RETAIL,Kolkata,West Bengal,1987-10-06,2025-11-19,ACTIVE
100104,Customer_00104,RETAIL,Mumbai,Maharashtra,2013-12-05,2024-03-26,ACTIVE
100105,Customer_00105,PREMIUM,Kolkata,West Bengal,2017-11-07,2021-07-04,ACTIVE
100106,Customer_00106,RETAIL,Kolkata,West Bengal,2000-05-27,2025-05-23,ACTIVE
100107,Customer_00107,RETAIL,Kolkata,West Bengal,2000-08-23,2024-09-19,ACTIVE
100108,Customer_00108,RETAIL,Hyderabad,Telangana,2002-05-04,2020-07-03,INACTIVE
100109,Customer_00109,RETAIL,Bangalore,Karnataka,1982-03-01,2021-11-10,ACTIVE
100110,Customer_00110,PREMIUM,Hyderabad,Telangana,2014-06-04,2025-07-19,ACTIVE
100111,Customer_00111,RETAIL,Delhi,Delhi,2009-06-16,2022-04-21,ACTIVE
100112,Customer_00112,RETAIL,Kolkata,West Bengal,2014-11-17,2020-03-31,ACTIVE
100113,Customer_00113,PREMIUM,Chennai,Tamil Nadu,1983-11-25,2023-12-20,ACTIVE
100114,Customer_00114,BUSINESS,Bangalore,Karnataka,2012-02-11,2025-11-27,ACTIVE
100115,Customer_00115,RETAIL,Chennai,Tamil Nadu,1994-01-23,2023-08-28,ACTIVE
100116,Customer_00116,BUSINESS,Chennai,Tamil Nadu,2012-10-12,2026-05-30,ACTIVE
100117,Customer_00117,RETAIL,Mumbai,Maharashtra,2019-12-25,2020-09-30,ACTIVE
100118,Customer_00118,PREMIUM,Pune,Maharashtra,2015-04-16,2024-05-20,ACTIVE
100119,Customer_00119,RETAIL,Pune,Maharashtra,2016-10-06,2024-04-08,ACTIVE
100120,Customer_00120,RETAIL,Mumbai,Maharashtra,1983-11-02,2026-06-20,ACTIVE
100121,Customer_00121,RETAIL,Bangalore,Karnataka,1992-08-30,2023-06-04,ACTIVE
100122,Customer_00122,RETAIL,Hyderabad,Telangana,1991-03-08,2025-05-26,ACTIVE
100123,Customer_00123,RETAIL,Hyderabad,Telangana,2000-04-05,2020-12-14,ACTIVE
100124,Customer_00124,RETAIL,Bangalore,Karnataka,2019-04-02,2020-04-16,ACTIVE
100125,Customer_00125,RETAIL,Kolkata,West Bengal,2007-05-01,2024-09-15,ACTIVE
100126,Customer_00126,RETAIL,Chennai,Tamil Nadu,2001-07-15,2020-01-10,ACTIVE
100127,Customer_00127,RETAIL,Mumbai,Maharashtra,2012-03-22,2025-09-30,ACTIVE
100128,Customer_00128,RETAIL,Kolkata,West Bengal,1986-05-30,2020-02-19,ACTIVE
100129,Customer_00129,BUSINESS,Chennai,Tamil Nadu,2006-04-17,2024-07-10,ACTIVE
100130,Customer_00130,BUSINESS,Hyderabad,Telangana,1999-10-28,2022-12-20,ACTIVE
100131,Customer_00131,RETAIL,Chennai,Tamil Nadu,1987-07-06,2024-03-29,ACTIVE
100132,Customer_00132,RETAIL,Chennai,Tamil Nadu,2005-09-07,2024-02-05,ACTIVE
100133,Customer_00133,RETAIL,Mumbai,Maharashtra,2013-09-06,2022-12-02,ACTIVE
100134,Customer_00134,RETAIL,Chennai,Tamil Nadu,2013-03-06,2023-03-01,ACTIVE
100135,Customer_00135,PREMIUM,Kolkata,West Bengal,2013-10-16,2023-04-23,ACTIVE
100136,Customer_00136,RETAIL,Delhi,Delhi,2012-07-08,2024-06-13,ACTIVE
100137,Customer_00137,RETAIL,Chennai,Tamil Nadu,1998-06-03,2024-08-31,ACTIVE
100138,Customer_00138,RETAIL,Mumbai,Maharashtra,1981-03-09,2022-12-15,ACTIVE
100139,Customer_00139,RETAIL,Delhi,Delhi,2018-10-22,2022-04-26,ACTIVE
100140,Customer_00140,PREMIUM,Bangalore,Karnataka,1997-10-15,2020-04-12,ACTIVE
100141,Customer_00141,RETAIL,Ahmedabad,Gujarat,2005-02-24,2025-02-13,ACTIVE
100142,Customer_00142,RETAIL,Pune,Maharashtra,1980-01-04,2021-06-26,ACTIVE
100143,Customer_00143,RETAIL,Delhi,Delhi,2015-08-30,2022-11-08,ACTIVE
100144,Customer_00144,BUSINESS,Bangalore,Karnataka,2015-08-22,2026-07-10,ACTIVE
100145,Customer_00145,RETAIL,Ahmedabad,Gujarat,2017-04-14,2025-02-26,ACTIVE
100146,Customer_00146,PREMIUM,Kolkata,West Bengal,1986-04-22,2022-04-10,ACTIVE
100147,Customer_00147,PREMIUM,Mumbai,Maharashtra,2013-10-13,2023-02-13,ACTIVE
100148,Customer_00148,RETAIL,Pune,Maharashtra,2004-10-29,2022-02-18,ACTIVE
100149,Customer_00149,PREMIUM,Kolkata,West Bengal,1985-03-01,2024-02-11,INACTIVE
100150,Customer_00150,RETAIL,Mumbai,Maharashtra,2002-08-07,2021-01-01,ACTIVE
100151,Customer_00151,PREMIUM,Kolkata,West Bengal,1998-09-25,2026-04-05,ACTIVE
100152,Customer_00152,RETAIL,Delhi,Delhi,2004-11-07,2026-06-27,ACTIVE
100153,Customer_00153,RETAIL,Ahmedabad,Gujarat,1982-08-07,2021-12-17,ACTIVE
100154,Customer_00154,RETAIL,Delhi,Delhi,2002-04-21,2021-07-07,ACTIVE
100155,Customer_00155,RETAIL,Bangalore,Karnataka,2006-12-27,2023-07-18,ACTIVE
100156,Customer_00156,RETAIL,Hyderabad,Telangana,2008-07-20,2024-04-01,ACTIVE
100157,Customer_00157,RETAIL,Pune,Maharashtra,2010-10-02,2024-03-24,ACTIVE
100158,Customer_00158,RETAIL,Chennai,Tamil Nadu,2004-11-16,2020-04-10,ACTIVE
100159,Customer_00159,RETAIL,Chennai,Tamil Nadu,2007-12-20,2024-09-02,ACTIVE
100160,Customer_00160,RETAIL,Kolkata,West Bengal,1982-11-15,2020-06-08,ACTIVE
100161,Customer_00161,BUSINESS,Ahmedabad,Gujarat,2011-12-07,2022-03-31,ACTIVE
100162,Customer_00162,BUSINESS,Hyderabad,Telangana,1994-03-24,2024-09-16,ACTIVE
100163,Customer_00163,RETAIL,Bangalore,Karnataka,2001-08-27,2025-10-29,ACTIVE
100164,Customer_00164,RETAIL,Bangalore,Karnataka,2001-08-11,2024-03-04,ACTIVE
100165,Customer_00165,RETAIL,Bangalore,Karnataka,2019-04-01,2021-01-18,ACTIVE
100166,Customer_00166,PREMIUM,Kolkata,West Bengal,1992-07-08,2024-06-20,ACTIVE
100167,Customer_00167,RETAIL,Delhi,Delhi,1994-12-12,2020-03-29,ACTIVE
100168,Customer_00168,PREMIUM,Pune,Maharashtra,2010-05-22,2021-07-08,ACTIVE
100169,Customer_00169,RETAIL,Delhi,Delhi,2005-03-19,2020-10-23,ACTIVE
100170,Customer_00170,RETAIL,Mumbai,Maharashtra,1992-03-21,2026-06-21,ACTIVE
100171,Customer_00171,PREMIUM,Mumbai,Maharashtra,1993-04-21,2022-06-03,ACTIVE
100172,Customer_00172,RETAIL,Mumbai,Maharashtra,2013-03-13,2023-09-02,ACTIVE
100173,Customer_00173,PREMIUM,Kolkata,West Bengal,2013-06-28,2025-03-12,ACTIVE
100174,Customer_00174,RETAIL,Hyderabad,Telangana,1985-03-11,2026-05-15,INACTIVE
100175,Customer_00175,RETAIL,Hyderabad,Telangana,1995-08-03,2026-07-17,ACTIVE
100176,Customer_00176,RETAIL,Bangalore,Karnataka,2010-10-05,2021-01-29,ACTIVE
100177,Customer_00177,RETAIL,Hyderabad,Telangana,1984-01-14,2022-08-03,ACTIVE
100178,Customer_00178,RETAIL,Pune,Maharashtra,1986-09-12,2022-08-30,ACTIVE
100179,Customer_00179,RETAIL,Ahmedabad,Gujarat,1985-09-03,2025-03-25,ACTIVE
100180,Customer_00180,RETAIL,Chennai,Tamil Nadu,2000-11-06,2022-03-16,ACTIVE
100181,Customer_00181,PREMIUM,Ahmedabad,Gujarat,1997-09-07,2021-07-09,ACTIVE
100182,Customer_00182,RETAIL,Pune,Maharashtra,1992-04-29,2024-12-17,ACTIVE
100183,Customer_00183,RETAIL,Bangalore,Karnataka,1984-09-30,2023-04-03,ACTIVE
100184,Customer_00184,PREMIUM,Hyderabad,Telangana,2005-05-04,2024-11-29,ACTIVE
100185,Customer_00185,RETAIL,Bangalore,Karnataka,2012-04-26,2022-06-30,ACTIVE
100186,Customer_00186,PREMIUM,Bangalore,Karnataka,1987-11-26,2023-03-13,ACTIVE
100187,Customer_00187,RETAIL,Pune,Maharashtra,2006-07-14,2020-01-22,ACTIVE
100188,Customer_00188,RETAIL,Bangalore,Karnataka,2011-10-31,2020-02-08,ACTIVE
100189,Customer_00189,PREMIUM,Pune,Maharashtra,2002-01-16,2020-01-01,ACTIVE
100190,Customer_00190,RETAIL,Delhi,Delhi,2002-09-20,2021-02-24,ACTIVE
100191,Customer_00191,RETAIL,Hyderabad,Telangana,1986-01-06,2022-04-14,ACTIVE
100192,Customer_00192,PREMIUM,Hyderabad,Telangana,2018-06-24,2020-04-30,ACTIVE
100193,Customer_00193,RETAIL,Chennai,Tamil Nadu,2018-06-12,2021-01-20,ACTIVE
100194,Customer_00194,PREMIUM,Delhi,Delhi,2008-05-24,2025-07-25,ACTIVE
100195,Customer_00195,PREMIUM,Ahmedabad,Gujarat,2016-03-28,2025-08-12,ACTIVE
100196,Customer_00196,BUSINESS,Mumbai,Maharashtra,2004-02-09,2021-11-26,ACTIVE
100197,Customer_00197,RETAIL,Delhi,Delhi,2006-04-27,2026-03-21,ACTIVE
100198,Customer_00198,RETAIL,Mumbai,Maharashtra,2013-03-20,2020-10-10,ACTIVE
100199,Customer_00199,PREMIUM,Delhi,Delhi,1980-09-24,2020-03-16,ACTIVE
100200,Customer_00200,RETAIL,Ahmedabad,Gujarat,1988-03-09,2022-04-30,ACTIVE
100201,Customer_00201,RETAIL,Delhi,Delhi,1987-07-09,2021-09-27,ACTIVE
100202,Customer_00202,RETAIL,Ahmedabad,Gujarat,2005-02-24,2020-07-04,ACTIVE
100203,Customer_00203,RETAIL,Bangalore,Karnataka,1989-02-12,2025-07-26,ACTIVE
100204,Customer_00204,RETAIL,Hyderabad,Telangana,1995-03-14,2026-06-07,ACTIVE
100205,Customer_00205,RETAIL,Bangalore,Karnataka,1999-06-11,2021-10-10,ACTIVE
100206,Customer_00206,RETAIL,Delhi,Delhi,2009-09-16,2022-01-26,ACTIVE
100207,Customer_00207,RETAIL,Kolkata,West Bengal,2000-05-31,2024-09-20,ACTIVE
100208,Customer_00208,BUSINESS,Ahmedabad,Gujarat,1980-03-03,2026-02-17,ACTIVE
100209,Customer_00209,RETAIL,Delhi,Delhi,2007-05-14,2021-11-19,ACTIVE
100210,Customer_00210,RETAIL,Kolkata,West Bengal,1996-09-23,2024-06-26,ACTIVE
100211,Customer_00211,RETAIL,Delhi,Delhi,1983-10-27,2020-02-25,ACTIVE
100212,Customer_00212,RETAIL,Hyderabad,Telangana,2005-12-05,2023-09-20,INACTIVE
100213,Customer_00213,BUSINESS,Kolkata,West Bengal,1990-04-06,2026-06-27,ACTIVE
100214,Customer_00214,BUSINESS,Bangalore,Karnataka,1998-01-30,2023-02-15,ACTIVE
100215,Customer_00215,RETAIL,Hyderabad,Telangana,2018-11-24,2024-03-19,ACTIVE
100216,Customer_00216,RETAIL,Delhi,Delhi,1988-12-08,2024-07-07,ACTIVE
100217,Customer_00217,RETAIL,Mumbai,Maharashtra,2015-07-09,2024-02-26,ACTIVE
100218,Customer_00218,RETAIL,Mumbai,Maharashtra,1998-03-27,2024-07-05,ACTIVE
100219,Customer_00219,RETAIL,Bangalore,Karnataka,2017-06-18,2025-10-29,ACTIVE
100220,Customer_00220,RETAIL,Ahmedabad,Gujarat,2014-01-23,2020-01-26,ACTIVE
100221,Customer_00221,RETAIL,Pune,Maharashtra,2013-05-05,2025-10-24,ACTIVE
100222,Customer_00222,RETAIL,Bangalore,Karnataka,1987-08-29,2025-12-18,ACTIVE
100223,Customer_00223,RETAIL,Hyderabad,Telangana,2011-08-24,2025-12-09,ACTIVE
100224,Customer_00224,RETAIL,Pune,Maharashtra,1994-03-30,2022-06-02,ACTIVE
100225,Customer_00225,RETAIL,Hyderabad,Telangana,2016-07-17,2023-10-31,ACTIVE
100226,Customer_00226,RETAIL,Delhi,Delhi,2019-11-02,2022-04-27,INACTIVE
100227,Customer_00227,RETAIL,Kolkata,West Bengal,2004-04-15,2025-07-09,ACTIVE
100228,Customer_00228,RETAIL,Chennai,Tamil Nadu,2016-08-26,2022-09-02,ACTIVE
100229,Customer_00229,RETAIL,Chennai,Tamil Nadu,2001-01-24,2022-01-21,ACTIVE
100230,Customer_00230,RETAIL,Pune,Maharashtra,1980-07-23,2024-07-02,ACTIVE
100231,Customer_00231,PREMIUM,Bangalore,Karnataka,2015-01-21,2020-04-28,ACTIVE
100232,Customer_00232,BUSINESS,Kolkata,West Bengal,2000-12-10,2022-06-21,ACTIVE
100233,Customer_00233,RETAIL,Mumbai,Maharashtra,1980-12-21,2021-05-10,ACTIVE
100234,Customer_00234,RETAIL,Kolkata,West Bengal,1981-11-07,2022-06-16,ACTIVE
100235,Customer_00235,PREMIUM,Bangalore,Karnataka,2008-11-12,2022-12-12,ACTIVE
100236,Customer_00236,RETAIL,Hyderabad,Telangana,2017-02-08,2020-06-01,ACTIVE
100237,Customer_00237,RETAIL,Hyderabad,Telangana,2007-10-21,2025-09-06,ACTIVE
100238,Customer_00238,RETAIL,Bangalore,Karnataka,1997-04-19,2022-09-26,ACTIVE
100239,Customer_00239,RETAIL,Delhi,Delhi,1991-10-09,2022-05-11,ACTIVE
100240,Customer_00240,RETAIL,Hyderabad,Telangana,1996-05-07,2020-12-24,INACTIVE
100241,Customer_00241,RETAIL,Pune,Maharashtra,1992-06-03,2026-07-17,ACTIVE
100242,Customer_00242,RETAIL,Chennai,Tamil Nadu,1990-05-17,2025-08-15,ACTIVE
100243,Customer_00243,RETAIL,Mumbai,Maharashtra,1984-06-08,2023-03-02,ACTIVE
100244,Customer_00244,RETAIL,Hyderabad,Telangana,2002-07-11,2022-03-13,ACTIVE
100245,Customer_00245,RETAIL,Hyderabad,Telangana,1988-02-18,2023-01-26,ACTIVE
100246,Customer_00246,PREMIUM,Mumbai,Maharashtra,1985-02-12,2026-04-25,ACTIVE
100247,Customer_00247,RETAIL,Kolkata,West Bengal,1990-06-29,2021-06-15,ACTIVE
100248,Customer_00248,RETAIL,Bangalore,Karnataka,2011-12-23,2024-06-30,ACTIVE
100249,Customer_00249,RETAIL,Kolkata,West Bengal,2002-09-11,2025-12-08,ACTIVE
100250,Customer_00250,PREMIUM,Mumbai,Maharashtra,1999-05-04,2024-12-19,INACTIVE
100251,Customer_00251,RETAIL,Pune,Maharashtra,2003-06-22,2025-09-19,INACTIVE
100252,Customer_00252,RETAIL,Bangalore,Karnataka,2002-06-05,2026-03-24,ACTIVE
100253,Customer_00253,RETAIL,Pune,Maharashtra,1999-08-09,2020-05-23,ACTIVE
100254,Customer_00254,PREMIUM,Delhi,Delhi,2013-09-11,2021-07-27,ACTIVE
100255,Customer_00255,PREMIUM,Hyderabad,Telangana,2009-02-27,2020-12-12,ACTIVE
100256,Customer_00256,PREMIUM,Pune,Maharashtra,1986-10-08,2023-09-23,ACTIVE
100257,Customer_00257,RETAIL,Hyderabad,Telangana,2012-09-21,2022-09-04,ACTIVE
100258,Customer_00258,RETAIL,Mumbai,Maharashtra,1986-05-11,2020-04-07,ACTIVE
100259,Customer_00259,RETAIL,Pune,Maharashtra,1982-05-16,2023-08-31,ACTIVE
100260,Customer_00260,RETAIL,Chennai,Tamil Nadu,1996-06-12,2020-08-29,ACTIVE
100261,Customer_00261,PREMIUM,Kolkata,West Bengal,1995-04-19,2022-09-04,ACTIVE
100262,Customer_00262,RETAIL,Pune,Maharashtra,2011-06-13,2022-05-29,ACTIVE
100263,Customer_00263,RETAIL,Delhi,Delhi,2007-09-19,2025-11-14,ACTIVE
100264,Customer_00264,PREMIUM,Ahmedabad,Gujarat,1981-07-27,2024-06-26,ACTIVE
100265,Customer_00265,RETAIL,Ahmedabad,Gujarat,1999-08-25,2024-02-07,ACTIVE
100266,Customer_00266,RETAIL,Chennai,Tamil Nadu,2011-10-27,2025-06-19,ACTIVE
100267,Customer_00267,RETAIL,Bangalore,Karnataka,2009-04-10,2021-03-09,INACTIVE
100268,Customer_00268,PREMIUM,Delhi,Delhi,1999-09-24,2021-09-07,ACTIVE
100269,Customer_00269,BUSINESS,Chennai,Tamil Nadu,2004-06-14,2024-12-10,ACTIVE
100270,Customer_00270,RETAIL,Chennai,Tamil Nadu,2002-03-27,2024-12-02,ACTIVE
100271,Customer_00271,BUSINESS,Delhi,Delhi,1988-08-30,2020-02-21,INACTIVE
100272,Customer_00272,PREMIUM,Mumbai,Maharashtra,2002-05-05,2021-06-22,ACTIVE
100273,Customer_00273,PREMIUM,Pune,Maharashtra,2006-11-21,2021-06-29,ACTIVE
100274,Customer_00274,PREMIUM,Ahmedabad,Gujarat,1981-06-21,2020-01-15,ACTIVE
100275,Customer_00275,RETAIL,Bangalore,Karnataka,2007-09-19,2024-05-06,ACTIVE
100276,Customer_00276,PREMIUM,Bangalore,Karnataka,1989-06-03,2020-05-10,ACTIVE
100277,Customer_00277,RETAIL,Bangalore,Karnataka,1979-06-26,2025-07-12,ACTIVE
100278,Customer_00278,PREMIUM,Kolkata,West Bengal,2010-03-08,2023-11-06,ACTIVE
100279,Customer_00279,RETAIL,Mumbai,Maharashtra,1995-03-06,2025-01-02,ACTIVE
100280,Customer_00280,PREMIUM,Mumbai,Maharashtra,1996-02-05,2023-04-08,ACTIVE
100281,Customer_00281,BUSINESS,Delhi,Delhi,2004-10-20,2026-05-17,ACTIVE
100282,Customer_00282,RETAIL,Bangalore,Karnataka,2002-03-08,2021-10-11,ACTIVE
100283,Customer_00283,BUSINESS,Hyderabad,Telangana,2004-08-26,2023-09-01,ACTIVE
100284,Customer_00284,RETAIL,Bangalore,Karnataka,2017-12-20,2020-01-16,ACTIVE
100285,Customer_00285,RETAIL,Bangalore,Karnataka,2005-11-27,2025-06-21,ACTIVE
100286,Customer_00286,RETAIL,Ahmedabad,Gujarat,1981-01-24,2023-09-25,ACTIVE
100287,Customer_00287,PREMIUM,Pune,Maharashtra,1988-04-18,2021-02-26,ACTIVE
100288,Customer_00288,RETAIL,Chennai,Tamil Nadu,1997-08-19,2025-05-16,ACTIVE
100289,Customer_00289,RETAIL,Chennai,Tamil Nadu,1998-07-27,2026-07-02,ACTIVE
100290,Customer_00290,RETAIL,Bangalore,Karnataka,1994-01-01,2020-06-13,ACTIVE
100291,Customer_00291,RETAIL,Kolkata,West Bengal,1986-09-26,2025-07-22,ACTIVE
100292,Customer_00292,RETAIL,Delhi,Delhi,1983-07-15,2024-11-02,INACTIVE
100293,Customer_00293,PREMIUM,Ahmedabad,Gujarat,1985-02-12,2022-04-30,ACTIVE
100294,Customer_00294,PREMIUM,Delhi,Delhi,2018-03-18,2024-03-02,ACTIVE
100295,Customer_00295,PREMIUM,Chennai,Tamil Nadu,1995-05-30,2025-02-27,ACTIVE
100296,Customer_00296,RETAIL,Chennai,Tamil Nadu,2018-08-25,2023-02-24,ACTIVE
100297,Customer_00297,BUSINESS,Kolkata,West Bengal,1992-12-01,2024-05-18,ACTIVE
100298,Customer_00298,RETAIL,Bangalore,Karnataka,1991-12-16,2020-04-26,ACTIVE
100299,Customer_00299,RETAIL,Delhi,Delhi,1999-04-09,2026-01-29,ACTIVE
100300,Customer_00300,RETAIL,Mumbai,Maharashtra,2018-01-16,2026-01-25,ACTIVE
100301,Customer_00301,RETAIL,Delhi,Delhi,2002-04-17,2021-05-19,ACTIVE
100302,Customer_00302,RETAIL,Kolkata,West Bengal,1980-08-10,2023-02-19,ACTIVE
100303,Customer_00303,PREMIUM,Mumbai,Maharashtra,1990-04-25,2021-07-26,ACTIVE
100304,Customer_00304,RETAIL,Ahmedabad,Gujarat,2019-06-13,2022-08-17,ACTIVE
100305,Customer_00305,RETAIL,Chennai,Tamil Nadu,1985-07-06,2021-10-22,ACTIVE
100306,Customer_00306,RETAIL,Pune,Maharashtra,2013-06-29,2025-08-29,ACTIVE
100307,Customer_00307,BUSINESS,Delhi,Delhi,2017-04-20,2024-07-25,ACTIVE
100308,Customer_00308,RETAIL,Chennai,Tamil Nadu,1987-12-19,2025-07-22,ACTIVE
100309,Customer_00309,RETAIL,Delhi,Delhi,2002-02-13,2025-03-17,ACTIVE
100310,Customer_00310,RETAIL,Mumbai,Maharashtra,2003-10-15,2024-10-11,INACTIVE
100311,Customer_00311,RETAIL,Hyderabad,Telangana,2011-10-07,2021-02-03,INACTIVE
100312,Customer_00312,RETAIL,Hyderabad,Telangana,2011-12-13,2025-06-13,ACTIVE
100313,Customer_00313,RETAIL,Mumbai,Maharashtra,1981-08-19,2025-02-22,ACTIVE
100314,Customer_00314,RETAIL,Delhi,Delhi,1992-04-11,2020-10-25,ACTIVE
100315,Customer_00315,RETAIL,Pune,Maharashtra,2017-10-09,2020-07-29,ACTIVE
100316,Customer_00316,RETAIL,Hyderabad,Telangana,1993-09-10,2024-12-31,ACTIVE
100317,Customer_00317,RETAIL,Hyderabad,Telangana,1989-04-07,2022-07-25,ACTIVE
100318,Customer_00318,BUSINESS,Hyderabad,Telangana,2004-12-29,2022-02-26,ACTIVE
100319,Customer_00319,RETAIL,Ahmedabad,Gujarat,1987-03-09,2022-08-09,ACTIVE
100320,Customer_00320,RETAIL,Kolkata,West Bengal,1985-03-16,2025-09-12,ACTIVE
100321,Customer_00321,RETAIL,Delhi,Delhi,2011-12-08,2022-05-22,ACTIVE
100322,Customer_00322,RETAIL,Mumbai,Maharashtra,1984-01-08,2022-06-07,ACTIVE
100323,Customer_00323,PREMIUM,Chennai,Tamil Nadu,2015-10-05,2022-08-16,ACTIVE
100324,Customer_00324,RETAIL,Ahmedabad,Gujarat,1989-06-04,2020-05-10,ACTIVE
100325,Customer_00325,RETAIL,Ahmedabad,Gujarat,1983-07-20,2020-03-30,ACTIVE
100326,Customer_00326,RETAIL,Pune,Maharashtra,2009-08-09,2022-09-21,ACTIVE
100327,Customer_00327,RETAIL,Pune,Maharashtra,1986-06-01,2020-02-10,ACTIVE
100328,Customer_00328,BUSINESS,Mumbai,Maharashtra,1994-03-21,2024-12-21,ACTIVE
100329,Customer_00329,RETAIL,Pune,Maharashtra,1993-08-02,2022-10-15,ACTIVE
100330,Customer_00330,RETAIL,Chennai,Tamil Nadu,2000-01-01,2023-04-17,ACTIVE
100331,Customer_00331,PREMIUM,Chennai,Tamil Nadu,1998-08-09,2022-03-17,ACTIVE
100332,Customer_00332,PREMIUM,Delhi,Delhi,1987-03-11,2025-01-06,ACTIVE
100333,Customer_00333,RETAIL,Delhi,Delhi,1988-10-20,2022-10-23,INACTIVE
100334,Customer_00334,RETAIL,Kolkata,West Bengal,1987-02-19,2020-03-25,ACTIVE
100335,Customer_00335,RETAIL,Bangalore,Karnataka,1981-06-11,2023-03-17,ACTIVE
100336,Customer_00336,PREMIUM,Kolkata,West Bengal,2005-11-16,2021-03-01,ACTIVE
100337,Customer_00337,PREMIUM,Ahmedabad,Gujarat,1998-07-01,2023-11-29,ACTIVE
100338,Customer_00338,PREMIUM,Delhi,Delhi,1983-08-13,2023-09-14,ACTIVE
100339,Customer_00339,PREMIUM,Pune,Maharashtra,1992-10-08,2023-02-12,ACTIVE
100340,Customer_00340,RETAIL,Ahmedabad,Gujarat,2006-08-04,2022-07-13,ACTIVE
100341,Customer_00341,RETAIL,Hyderabad,Telangana,1990-11-16,2023-12-01,ACTIVE
100342,Customer_00342,RETAIL,Delhi,Delhi,1995-08-15,2024-06-20,ACTIVE
100343,Customer_00343,PREMIUM,Chennai,Tamil Nadu,2009-09-16,2025-10-09,ACTIVE
100344,Customer_00344,RETAIL,Chennai,Tamil Nadu,2006-09-25,2026-04-29,ACTIVE
100345,Customer_00345,RETAIL,Ahmedabad,Gujarat,2007-12-10,2020-07-18,ACTIVE
100346,Customer_00346,RETAIL,Delhi,Delhi,1994-11-03,2024-05-02,ACTIVE
100347,Customer_00347,PREMIUM,Ahmedabad,Gujarat,1999-01-15,2020-07-22,ACTIVE
100348,Customer_00348,PREMIUM,Ahmedabad,Gujarat,2013-11-28,2022-09-28,INACTIVE
100349,Customer_00349,PREMIUM,Pune,Maharashtra,2014-12-27,2024-11-14,ACTIVE
100350,Customer_00350,RETAIL,Pune,Maharashtra,1981-06-12,2023-07-25,ACTIVE
100351,Customer_00351,BUSINESS,Chennai,Tamil Nadu,2013-07-31,2025-04-22,ACTIVE
100352,Customer_00352,PREMIUM,Mumbai,Maharashtra,2015-11-07,2025-12-30,ACTIVE
100353,Customer_00353,PREMIUM,Delhi,Delhi,2017-11-14,2026-05-26,ACTIVE
100354,Customer_00354,PREMIUM,Bangalore,Karnataka,1990-03-13,2024-06-03,ACTIVE
100355,Customer_00355,BUSINESS,Ahmedabad,Gujarat,1999-10-02,2024-06-04,ACTIVE
100356,Customer_00356,BUSINESS,Ahmedabad,Gujarat,1980-11-29,2025-04-11,INACTIVE
100357,Customer_00357,RETAIL,Pune,Maharashtra,1983-09-03,2021-07-13,ACTIVE
100358,Customer_00358,RETAIL,Ahmedabad,Gujarat,2002-04-06,2021-12-24,ACTIVE
100359,Customer_00359,RETAIL,Mumbai,Maharashtra,1987-08-17,2022-03-30,ACTIVE
100360,Customer_00360,PREMIUM,Hyderabad,Telangana,1988-05-18,2024-11-21,ACTIVE
100361,Customer_00361,RETAIL,Kolkata,West Bengal,1991-05-10,2022-04-22,ACTIVE
100362,Customer_00362,RETAIL,Ahmedabad,Gujarat,1998-01-09,2020-11-30,ACTIVE
100363,Customer_00363,RETAIL,Pune,Maharashtra,1985-06-12,2025-03-31,ACTIVE
100364,Customer_00364,BUSINESS,Ahmedabad,Gujarat,2012-02-11,2024-12-04,ACTIVE
100365,Customer_00365,PREMIUM,Mumbai,Maharashtra,2006-08-07,2023-11-27,ACTIVE
100366,Customer_00366,BUSINESS,Chennai,Tamil Nadu,2011-09-03,2025-10-16,ACTIVE
100367,Customer_00367,RETAIL,Bangalore,Karnataka,2017-03-13,2025-03-15,ACTIVE
100368,Customer_00368,PREMIUM,Delhi,Delhi,2003-10-27,2025-11-30,ACTIVE
100369,Customer_00369,PREMIUM,Mumbai,Maharashtra,1994-01-07,2021-09-15,ACTIVE
100370,Customer_00370,RETAIL,Kolkata,West Bengal,2019-04-29,2020-10-06,INACTIVE
100371,Customer_00371,RETAIL,Delhi,Delhi,2002-05-26,2022-03-30,ACTIVE
100372,Customer_00372,BUSINESS,Hyderabad,Telangana,1998-03-18,2025-06-14,ACTIVE
100373,Customer_00373,RETAIL,Bangalore,Karnataka,1996-04-01,2026-01-28,ACTIVE
100374,Customer_00374,RETAIL,Delhi,Delhi,1980-10-12,2020-09-20,ACTIVE
100375,Customer_00375,PREMIUM,Ahmedabad,Gujarat,2018-06-03,2025-08-15,ACTIVE
100376,Customer_00376,PREMIUM,Mumbai,Maharashtra,2012-10-25,2023-02-22,ACTIVE
100377,Customer_00377,RETAIL,Hyderabad,Telangana,2007-11-22,2025-05-17,ACTIVE
100378,Customer_00378,PREMIUM,Hyderabad,Telangana,1988-04-02,2024-06-26,INACTIVE
100379,Customer_00379,RETAIL,Bangalore,Karnataka,2017-04-14,2020-05-24,ACTIVE
100380,Customer_00380,PREMIUM,Delhi,Delhi,1986-05-27,2023-03-08,ACTIVE
100381,Customer_00381,RETAIL,Mumbai,Maharashtra,1989-01-31,2020-08-01,INACTIVE
100382,Customer_00382,PREMIUM,Ahmedabad,Gujarat,1982-01-15,2022-03-26,ACTIVE
100383,Customer_00383,PREMIUM,Ahmedabad,Gujarat,1990-12-31,2024-12-23,ACTIVE
100384,Customer_00384,RETAIL,Pune,Maharashtra,1992-08-18,2024-06-29,ACTIVE
100385,Customer_00385,RETAIL,Mumbai,Maharashtra,2011-10-23,2024-08-18,ACTIVE
100386,Customer_00386,PREMIUM,Mumbai,Maharashtra,1992-07-23,2024-05-05,ACTIVE
100387,Customer_00387,RETAIL,Mumbai,Maharashtra,2018-05-31,2020-02-05,ACTIVE
100388,Customer_00388,RETAIL,Kolkata,West Bengal,1991-08-07,2023-10-30,ACTIVE
100389,Customer_00389,RETAIL,Ahmedabad,Gujarat,2000-09-15,2023-03-10,ACTIVE
100390,Customer_00390,BUSINESS,Pune,Maharashtra,2003-07-11,2023-06-22,ACTIVE
100391,Customer_00391,RETAIL,Hyderabad,Telangana,2013-03-19,2021-05-25,ACTIVE
100392,Customer_00392,RETAIL,Pune,Maharashtra,2010-01-11,2024-08-20,ACTIVE
100393,Customer_00393,BUSINESS,Delhi,Delhi,2014-10-17,2023-12-29,ACTIVE
100394,Customer_00394,RETAIL,Chennai,Tamil Nadu,2017-09-04,2022-08-25,ACTIVE
100395,Customer_00395,RETAIL,Hyderabad,Telangana,1983-12-27,2020-05-15,ACTIVE
100396,Customer_00396,RETAIL,Kolkata,West Bengal,1983-01-10,2020-06-14,ACTIVE
100397,Customer_00397,RETAIL,Mumbai,Maharashtra,1997-08-11,2022-05-11,ACTIVE
100398,Customer_00398,RETAIL,Pune,Maharashtra,1985-05-04,2023-07-13,ACTIVE
100399,Customer_00399,PREMIUM,Delhi,Delhi,1999-06-08,2026-07-20,ACTIVE
100400,Customer_00400,RETAIL,Delhi,Delhi,2003-05-22,2024-10-02,ACTIVE
100401,Customer_00401,PREMIUM,Ahmedabad,Gujarat,1990-07-07,2023-03-10,ACTIVE
100402,Customer_00402,RETAIL,Kolkata,West Bengal,1983-03-13,2021-12-18,ACTIVE
100403,Customer_00403,RETAIL,Delhi,Delhi,2018-10-11,2021-02-08,ACTIVE
100404,Customer_00404,RETAIL,Ahmedabad,Gujarat,1994-05-23,2020-12-03,ACTIVE
100405,Customer_00405,RETAIL,Bangalore,Karnataka,2013-08-16,2020-06-21,ACTIVE
100406,Customer_00406,PREMIUM,Chennai,Tamil Nadu,2004-10-24,2025-12-28,ACTIVE
100407,Customer_00407,RETAIL,Bangalore,Karnataka,2006-05-11,2020-02-08,ACTIVE
100408,Customer_00408,RETAIL,Pune,Maharashtra,2011-03-22,2025-09-03,ACTIVE
100409,Customer_00409,RETAIL,Ahmedabad,Gujarat,1990-01-20,2023-11-01,ACTIVE
100410,Customer_00410,PREMIUM,Mumbai,Maharashtra,1988-02-06,2024-01-24,INACTIVE
100411,Customer_00411,RETAIL,Pune,Maharashtra,2020-02-06,2026-04-19,ACTIVE
100412,Customer_00412,PREMIUM,Pune,Maharashtra,2006-08-06,2025-03-02,ACTIVE
100413,Customer_00413,RETAIL,Delhi,Delhi,1991-03-02,2020-12-19,ACTIVE
100414,Customer_00414,RETAIL,Pune,Maharashtra,2005-09-09,2026-05-14,ACTIVE
100415,Customer_00415,PREMIUM,Mumbai,Maharashtra,1995-05-02,2021-02-26,ACTIVE
100416,Customer_00416,RETAIL,Hyderabad,Telangana,2014-06-20,2023-09-28,ACTIVE
100417,Customer_00417,RETAIL,Ahmedabad,Gujarat,2000-01-14,2024-03-17,ACTIVE
100418,Customer_00418,BUSINESS,Mumbai,Maharashtra,1992-01-19,2021-08-09,ACTIVE
100419,Customer_00419,RETAIL,Delhi,Delhi,2007-07-08,2024-02-21,ACTIVE
100420,Customer_00420,RETAIL,Chennai,Tamil Nadu,2009-12-20,2024-03-13,ACTIVE
100421,Customer_00421,RETAIL,Ahmedabad,Gujarat,1994-06-20,2026-06-09,ACTIVE
100422,Customer_00422,RETAIL,Hyderabad,Telangana,2010-01-17,2026-01-04,ACTIVE
100423,Customer_00423,PREMIUM,Kolkata,West Bengal,1988-10-12,2022-08-17,ACTIVE
100424,Customer_00424,RETAIL,Chennai,Tamil Nadu,1988-12-26,2024-07-14,ACTIVE
100425,Customer_00425,BUSINESS,Bangalore,Karnataka,2013-02-08,2025-05-24,ACTIVE
100426,Customer_00426,RETAIL,Pune,Maharashtra,2004-09-03,2020-03-03,ACTIVE
100427,Customer_00427,BUSINESS,Kolkata,West Bengal,1980-08-10,2024-07-01,ACTIVE
100428,Customer_00428,PREMIUM,Kolkata,West Bengal,2006-11-22,2026-01-10,ACTIVE
100429,Customer_00429,BUSINESS,Mumbai,Maharashtra,1991-09-22,2020-10-15,ACTIVE
100430,Customer_00430,RETAIL,Hyderabad,Telangana,1990-06-08,2024-12-13,ACTIVE
100431,Customer_00431,RETAIL,Mumbai,Maharashtra,1996-07-31,2020-05-24,ACTIVE
100432,Customer_00432,RETAIL,Hyderabad,Telangana,1997-09-19,2022-08-22,ACTIVE
100433,Customer_00433,PREMIUM,Kolkata,West Bengal,2015-10-16,2025-05-20,ACTIVE
100434,Customer_00434,RETAIL,Pune,Maharashtra,1997-01-22,2026-06-27,ACTIVE
100435,Customer_00435,PREMIUM,Bangalore,Karnataka,1991-05-08,2024-10-12,ACTIVE
100436,Customer_00436,RETAIL,Mumbai,Maharashtra,2010-12-06,2024-09-28,INACTIVE
100437,Customer_00437,PREMIUM,Chennai,Tamil Nadu,2001-06-14,2021-09-13,ACTIVE
100438,Customer_00438,RETAIL,Ahmedabad,Gujarat,1979-03-12,2025-06-04,ACTIVE
100439,Customer_00439,BUSINESS,Mumbai,Maharashtra,2005-02-15,2024-04-30,ACTIVE
100440,Customer_00440,RETAIL,Bangalore,Karnataka,1999-09-28,2026-03-13,ACTIVE
100441,Customer_00441,RETAIL,Ahmedabad,Gujarat,2002-10-06,2023-12-17,ACTIVE
100442,Customer_00442,PREMIUM,Delhi,Delhi,1986-09-26,2020-04-04,ACTIVE
100443,Customer_00443,PREMIUM,Pune,Maharashtra,1998-10-23,2023-05-11,ACTIVE
100444,Customer_00444,PREMIUM,Bangalore,Karnataka,2005-09-23,2025-02-01,ACTIVE
100445,Customer_00445,BUSINESS,Chennai,Tamil Nadu,2006-12-19,2025-03-06,ACTIVE
100446,Customer_00446,RETAIL,Hyderabad,Telangana,2007-02-08,2022-07-16,ACTIVE
100447,Customer_00447,PREMIUM,Delhi,Delhi,2020-02-18,2021-02-14,ACTIVE
100448,Customer_00448,RETAIL,Ahmedabad,Gujarat,1999-09-29,2025-09-16,ACTIVE
100449,Customer_00449,RETAIL,Chennai,Tamil Nadu,1996-10-26,2025-05-29,ACTIVE
100450,Customer_00450,RETAIL,Delhi,Delhi,2001-06-04,2025-10-10,ACTIVE
100451,Customer_00451,RETAIL,Ahmedabad,Gujarat,1992-09-03,2024-05-28,ACTIVE
100452,Customer_00452,RETAIL,Ahmedabad,Gujarat,1992-02-07,2025-06-11,ACTIVE
100453,Customer_00453,PREMIUM,Bangalore,Karnataka,2007-07-05,2022-08-24,ACTIVE
100454,Customer_00454,RETAIL,Mumbai,Maharashtra,1992-01-12,2025-02-13,ACTIVE
100455,Customer_00455,BUSINESS,Chennai,Tamil Nadu,2009-12-03,2023-03-17,ACTIVE
100456,Customer_00456,RETAIL,Chennai,Tamil Nadu,2009-10-06,2025-03-21,ACTIVE
100457,Customer_00457,RETAIL,Pune,Maharashtra,2018-04-27,2020-12-17,ACTIVE
100458,Customer_00458,RETAIL,Hyderabad,Telangana,1984-07-28,2021-12-12,ACTIVE
100459,Customer_00459,RETAIL,Kolkata,West Bengal,1994-01-31,2021-05-29,ACTIVE
100460,Customer_00460,RETAIL,Mumbai,Maharashtra,2010-11-06,2022-09-02,INACTIVE
100461,Customer_00461,PREMIUM,Hyderabad,Telangana,1996-10-15,2025-05-08,ACTIVE
100462,Customer_00462,RETAIL,Pune,Maharashtra,2006-01-24,2020-10-03,ACTIVE
100463,Customer_00463,RETAIL,Hyderabad,Telangana,2009-05-12,2024-10-19,ACTIVE
100464,Customer_00464,PREMIUM,Bangalore,Karnataka,2015-06-28,2025-06-16,ACTIVE
100465,Customer_00465,RETAIL,Mumbai,Maharashtra,1988-06-13,2024-05-29,ACTIVE
100466,Customer_00466,PREMIUM,Ahmedabad,Gujarat,1989-11-06,2024-03-30,ACTIVE
100467,Customer_00467,PREMIUM,Pune,Maharashtra,1998-07-03,2020-11-28,INACTIVE
100468,Customer_00468,RETAIL,Chennai,Tamil Nadu,1999-12-14,2024-01-10,ACTIVE
100469,Customer_00469,RETAIL,Pune,Maharashtra,2016-05-01,2021-06-27,ACTIVE
100470,Customer_00470,RETAIL,Ahmedabad,Gujarat,1980-10-06,2021-08-13,ACTIVE
100471,Customer_00471,RETAIL,Hyderabad,Telangana,1989-03-28,2025-08-29,ACTIVE
100472,Customer_00472,RETAIL,Kolkata,West Bengal,2016-08-21,2024-01-16,ACTIVE
100473,Customer_00473,BUSINESS,Bangalore,Karnataka,2004-05-28,2026-07-12,ACTIVE
100474,Customer_00474,RETAIL,Bangalore,Karnataka,2006-11-25,2022-12-26,ACTIVE
100475,Customer_00475,PREMIUM,Hyderabad,Telangana,1989-06-02,2022-05-08,INACTIVE
100476,Customer_00476,RETAIL,Kolkata,West Bengal,2004-09-29,2026-07-16,ACTIVE
100477,Customer_00477,RETAIL,Kolkata,West Bengal,1994-05-09,2024-02-03,ACTIVE
100478,Customer_00478,RETAIL,Mumbai,Maharashtra,2009-04-03,2025-09-02,ACTIVE
100479,Customer_00479,RETAIL,Hyderabad,Telangana,1982-11-19,2020-04-16,ACTIVE
100480,Customer_00480,BUSINESS,Mumbai,Maharashtra,1990-11-03,2023-06-16,ACTIVE
100481,Customer_00481,RETAIL,Delhi,Delhi,2005-08-21,2025-05-14,ACTIVE
100482,Customer_00482,RETAIL,Kolkata,West Bengal,2003-12-18,2025-04-24,ACTIVE
100483,Customer_00483,RETAIL,Delhi,Delhi,2013-09-04,2024-09-12,ACTIVE
100484,Customer_00484,RETAIL,Kolkata,West Bengal,2012-01-21,2021-01-29,ACTIVE
100485,Customer_00485,PREMIUM,Bangalore,Karnataka,1979-10-04,2023-08-05,ACTIVE
100486,Customer_00486,BUSINESS,Pune,Maharashtra,1982-11-15,2020-08-31,ACTIVE
100487,Customer_00487,PREMIUM,Delhi,Delhi,1993-09-18,2025-04-08,ACTIVE
100488,Customer_00488,RETAIL,Chennai,Tamil Nadu,2018-07-17,2024-02-22,ACTIVE
100489,Customer_00489,RETAIL,Kolkata,West Bengal,1998-10-05,2021-04-10,ACTIVE
100490,Customer_00490,PREMIUM,Chennai,Tamil Nadu,2015-10-17,2024-10-10,ACTIVE
100491,Customer_00491,RETAIL,Ahmedabad,Gujarat,1981-08-06,2024-09-22,ACTIVE
100492,Customer_00492,PREMIUM,Kolkata,West Bengal,2018-09-18,2020-05-07,ACTIVE
100493,Customer_00493,RETAIL,Kolkata,West Bengal,1981-09-03,2020-08-02,INACTIVE
100494,Customer_00494,RETAIL,Chennai,Tamil Nadu,2012-05-12,2021-04-27,ACTIVE
100495,Customer_00495,PREMIUM,Delhi,Delhi,2015-03-06,2020-06-17,ACTIVE
100496,Customer_00496,RETAIL,Bangalore,Karnataka,1991-04-02,2023-07-13,ACTIVE
100497,Customer_00497,BUSINESS,Mumbai,Maharashtra,1991-07-09,2025-10-12,ACTIVE
100498,Customer_00498,RETAIL,Delhi,Delhi,2003-01-18,2020-05-30,INACTIVE
100499,Customer_00499,RETAIL,Ahmedabad,Gujarat,2008-10-25,2024-01-14,ACTIVE
100500,Customer_00500,RETAIL,Bangalore,Karnataka,1984-02-06,2022-10-14,ACTIVE
100501,Customer_00501,RETAIL,Mumbai,Maharashtra,1988-11-22,2025-06-30,INACTIVE
100502,Customer_00502,RETAIL,Hyderabad,Telangana,2010-02-19,2023-03-02,ACTIVE
100503,Customer_00503,RETAIL,Ahmedabad,Gujarat,2012-04-29,2024-05-23,ACTIVE
100504,Customer_00504,RETAIL,Kolkata,West Bengal,1985-06-22,2026-01-21,ACTIVE
100505,Customer_00505,PREMIUM,Delhi,Delhi,2015-09-13,2020-11-22,ACTIVE
100506,Customer_00506,RETAIL,Bangalore,Karnataka,2014-10-06,2022-01-27,ACTIVE
100507,Customer_00507,RETAIL,Chennai,Tamil Nadu,2014-10-23,2021-10-09,ACTIVE
100508,Customer_00508,RETAIL,Pune,Maharashtra,1989-01-16,2021-02-08,ACTIVE
100509,Customer_00509,PREMIUM,Delhi,Delhi,2006-08-24,2024-04-03,ACTIVE
100510,Customer_00510,RETAIL,Pune,Maharashtra,1985-10-02,2020-01-19,ACTIVE
100511,Customer_00511,RETAIL,Ahmedabad,Gujarat,1987-03-26,2022-07-15,ACTIVE
100512,Customer_00512,RETAIL,Hyderabad,Telangana,1982-01-28,2020-10-18,ACTIVE
100513,Customer_00513,RETAIL,Kolkata,West Bengal,1999-06-01,2024-01-16,ACTIVE
100514,Customer_00514,RETAIL,Kolkata,West Bengal,2008-05-18,2024-12-07,ACTIVE
100515,Customer_00515,RETAIL,Ahmedabad,Gujarat,1987-04-30,2023-01-25,ACTIVE
100516,Customer_00516,BUSINESS,Mumbai,Maharashtra,1986-10-24,2022-12-03,ACTIVE
100517,Customer_00517,RETAIL,Ahmedabad,Gujarat,1990-07-16,2022-12-15,ACTIVE
100518,Customer_00518,RETAIL,Mumbai,Maharashtra,1987-04-14,2021-04-21,INACTIVE
100519,Customer_00519,RETAIL,Bangalore,Karnataka,2013-05-15,2022-06-20,ACTIVE
100520,Customer_00520,RETAIL,Chennai,Tamil Nadu,1986-02-18,2026-02-17,ACTIVE
100521,Customer_00521,RETAIL,Delhi,Delhi,1990-08-08,2020-04-08,ACTIVE
100522,Customer_00522,RETAIL,Pune,Maharashtra,1991-09-21,2025-03-05,ACTIVE
100523,Customer_00523,RETAIL,Pune,Maharashtra,1987-06-28,2021-01-30,ACTIVE
100524,Customer_00524,PREMIUM,Kolkata,West Bengal,2017-10-26,2020-10-01,ACTIVE
100525,Customer_00525,RETAIL,Delhi,Delhi,1987-10-10,2021-11-16,ACTIVE
100526,Customer_00526,BUSINESS,Delhi,Delhi,1999-02-24,2021-10-07,ACTIVE
100527,Customer_00527,RETAIL,Ahmedabad,Gujarat,2002-06-01,2022-01-28,ACTIVE
100528,Customer_00528,RETAIL,Pune,Maharashtra,1989-11-17,2025-07-31,ACTIVE
100529,Customer_00529,BUSINESS,Ahmedabad,Gujarat,1998-07-08,2025-12-11,ACTIVE
100530,Customer_00530,PREMIUM,Ahmedabad,Gujarat,1986-02-28,2024-07-19,ACTIVE
100531,Customer_00531,RETAIL,Chennai,Tamil Nadu,1998-12-29,2020-12-16,ACTIVE
100532,Customer_00532,PREMIUM,Pune,Maharashtra,1979-12-10,2026-03-19,ACTIVE
100533,Customer_00533,RETAIL,Pune,Maharashtra,1997-03-12,2025-07-26,ACTIVE
100534,Customer_00534,RETAIL,Delhi,Delhi,1994-02-25,2020-07-01,ACTIVE
100535,Customer_00535,PREMIUM,Chennai,Tamil Nadu,1993-07-24,2022-07-18,ACTIVE
100536,Customer_00536,PREMIUM,Pune,Maharashtra,1983-09-07,2025-02-03,ACTIVE
100537,Customer_00537,RETAIL,Bangalore,Karnataka,2020-03-07,2020-08-01,ACTIVE
100538,Customer_00538,RETAIL,Mumbai,Maharashtra,1980-04-10,2020-07-02,ACTIVE
100539,Customer_00539,RETAIL,Chennai,Tamil Nadu,1985-03-01,2023-12-25,ACTIVE
100540,Customer_00540,RETAIL,Mumbai,Maharashtra,1983-05-24,2022-03-18,ACTIVE
100541,Customer_00541,BUSINESS,Hyderabad,Telangana,2019-04-26,2022-11-25,ACTIVE
100542,Customer_00542,RETAIL,Mumbai,Maharashtra,1992-03-30,2024-12-06,ACTIVE
100543,Customer_00543,RETAIL,Pune,Maharashtra,1996-11-11,2023-07-31,ACTIVE
100544,Customer_00544,RETAIL,Pune,Maharashtra,2009-12-31,2024-09-02,ACTIVE
100545,Customer_00545,RETAIL,Kolkata,West Bengal,1981-03-27,2020-10-29,ACTIVE
100546,Customer_00546,RETAIL,Mumbai,Maharashtra,1981-11-30,2020-01-06,ACTIVE
100547,Customer_00547,BUSINESS,Bangalore,Karnataka,1986-08-29,2021-08-27,ACTIVE
100548,Customer_00548,RETAIL,Chennai,Tamil Nadu,2007-01-14,2021-04-29,ACTIVE
100549,Customer_00549,PREMIUM,Chennai,Tamil Nadu,2019-05-08,2022-02-16,ACTIVE
100550,Customer_00550,RETAIL,Hyderabad,Telangana,2004-08-25,2025-02-11,ACTIVE
100551,Customer_00551,RETAIL,Kolkata,West Bengal,2014-12-25,2020-12-30,ACTIVE
100552,Customer_00552,RETAIL,Bangalore,Karnataka,2015-05-21,2020-10-29,ACTIVE
100553,Customer_00553,RETAIL,Kolkata,West Bengal,1990-07-07,2021-04-26,ACTIVE
100554,Customer_00554,RETAIL,Delhi,Delhi,1986-09-20,2022-02-22,ACTIVE
100555,Customer_00555,PREMIUM,Ahmedabad,Gujarat,1985-09-28,2021-04-18,ACTIVE
100556,Customer_00556,PREMIUM,Chennai,Tamil Nadu,2011-10-14,2021-03-17,ACTIVE
100557,Customer_00557,RETAIL,Hyderabad,Telangana,2006-08-28,2023-10-23,ACTIVE
100558,Customer_00558,RETAIL,Ahmedabad,Gujarat,2014-09-06,2020-09-24,ACTIVE
100559,Customer_00559,PREMIUM,Kolkata,West Bengal,1999-12-29,2021-01-04,ACTIVE
100560,Customer_00560,RETAIL,Kolkata,West Bengal,2019-04-08,2025-06-30,ACTIVE
100561,Customer_00561,BUSINESS,Chennai,Tamil Nadu,2015-11-19,2020-02-13,ACTIVE
100562,Customer_00562,RETAIL,Mumbai,Maharashtra,2012-05-15,2020-05-27,ACTIVE
100563,Customer_00563,RETAIL,Bangalore,Karnataka,2012-02-24,2020-06-15,ACTIVE
100564,Customer_00564,RETAIL,Pune,Maharashtra,1984-03-31,2023-07-10,ACTIVE
100565,Customer_00565,BUSINESS,Ahmedabad,Gujarat,2009-10-01,2024-07-25,ACTIVE
100566,Customer_00566,RETAIL,Pune,Maharashtra,2018-01-22,2024-07-20,ACTIVE
100567,Customer_00567,PREMIUM,Pune,Maharashtra,1991-03-01,2024-07-14,ACTIVE
100568,Customer_00568,RETAIL,Pune,Maharashtra,2012-08-19,2020-05-18,ACTIVE
100569,Customer_00569,RETAIL,Hyderabad,Telangana,1993-07-16,2022-04-06,ACTIVE
100570,Customer_00570,PREMIUM,Chennai,Tamil Nadu,1987-11-19,2024-02-29,ACTIVE
100571,Customer_00571,RETAIL,Ahmedabad,Gujarat,2009-03-02,2024-06-24,ACTIVE
100572,Customer_00572,RETAIL,Bangalore,Karnataka,1985-12-12,2022-03-12,ACTIVE
100573,Customer_00573,RETAIL,Delhi,Delhi,1998-12-05,2025-07-25,ACTIVE
100574,Customer_00574,PREMIUM,Mumbai,Maharashtra,2017-08-15,2025-06-23,ACTIVE
100575,Customer_00575,RETAIL,Mumbai,Maharashtra,1985-08-10,2025-01-11,ACTIVE
100576,Customer_00576,RETAIL,Delhi,Delhi,1985-07-23,2025-03-29,ACTIVE
100577,Customer_00577,BUSINESS,Ahmedabad,Gujarat,2017-11-20,2026-05-29,ACTIVE
100578,Customer_00578,PREMIUM,Chennai,Tamil Nadu,2011-01-29,2025-03-20,ACTIVE
100579,Customer_00579,PREMIUM,Ahmedabad,Gujarat,1998-02-14,2023-11-06,INACTIVE
100580,Customer_00580,PREMIUM,Mumbai,Maharashtra,1995-10-22,2022-08-14,ACTIVE
100581,Customer_00581,PREMIUM,Mumbai,Maharashtra,2018-10-02,2022-05-18,ACTIVE
100582,Customer_00582,RETAIL,Kolkata,West Bengal,2008-11-21,2025-05-28,ACTIVE
100583,Customer_00583,RETAIL,Mumbai,Maharashtra,2016-06-18,2021-12-11,ACTIVE
100584,Customer_00584,PREMIUM,Mumbai,Maharashtra,1982-12-08,2024-02-20,ACTIVE
100585,Customer_00585,PREMIUM,Bangalore,Karnataka,2000-12-13,2023-04-21,ACTIVE
100586,Customer_00586,BUSINESS,Ahmedabad,Gujarat,2008-12-09,2022-06-27,ACTIVE
100587,Customer_00587,RETAIL,Hyderabad,Telangana,1980-08-19,2022-12-17,ACTIVE
100588,Customer_00588,RETAIL,Mumbai,Maharashtra,2000-03-09,2020-07-12,ACTIVE
100589,Customer_00589,RETAIL,Kolkata,West Bengal,1981-06-13,2024-08-29,ACTIVE
100590,Customer_00590,RETAIL,Kolkata,West Bengal,2016-02-21,2020-06-09,ACTIVE
100591,Customer_00591,RETAIL,Kolkata,West Bengal,2007-02-17,2020-06-26,ACTIVE
100592,Customer_00592,PREMIUM,Ahmedabad,Gujarat,1986-11-25,2021-08-26,ACTIVE
100593,Customer_00593,RETAIL,Pune,Maharashtra,2000-07-30,2023-06-29,ACTIVE
100594,Customer_00594,RETAIL,Ahmedabad,Gujarat,1983-08-28,2021-12-20,ACTIVE
100595,Customer_00595,RETAIL,Delhi,Delhi,2012-03-05,2025-10-13,ACTIVE
100596,Customer_00596,RETAIL,Kolkata,West Bengal,1987-03-23,2026-02-04,ACTIVE
100597,Customer_00597,BUSINESS,Chennai,Tamil Nadu,2004-02-08,2022-08-01,ACTIVE
100598,Customer_00598,RETAIL,Kolkata,West Bengal,1982-05-23,2026-07-27,ACTIVE
100599,Customer_00599,RETAIL,Hyderabad,Telangana,1985-08-25,2020-08-01,ACTIVE
100600,Customer_00600,RETAIL,Hyderabad,Telangana,2019-06-02,2020-12-10,ACTIVE
100601,Customer_00601,RETAIL,Chennai,Tamil Nadu,1995-01-04,2022-04-13,ACTIVE
100602,Customer_00602,RETAIL,Kolkata,West Bengal,1984-03-17,2026-03-12,ACTIVE
100603,Customer_00603,PREMIUM,Hyderabad,Telangana,2007-11-28,2023-04-23,ACTIVE
100604,Customer_00604,BUSINESS,Pune,Maharashtra,1987-05-31,2024-08-22,ACTIVE
100605,Customer_00605,RETAIL,Kolkata,West Bengal,2003-05-16,2024-04-15,ACTIVE
100606,Customer_00606,RETAIL,Chennai,Tamil Nadu,2012-06-01,2023-04-11,ACTIVE
100607,Customer_00607,RETAIL,Delhi,Delhi,2007-03-26,2026-02-14,ACTIVE
100608,Customer_00608,RETAIL,Chennai,Tamil Nadu,1989-04-19,2026-04-10,INACTIVE
100609,Customer_00609,RETAIL,Ahmedabad,Gujarat,1988-11-23,2022-12-11,INACTIVE
100610,Customer_00610,PREMIUM,Kolkata,West Bengal,1988-04-17,2024-09-08,ACTIVE
100611,Customer_00611,RETAIL,Kolkata,West Bengal,2005-02-12,2024-02-06,ACTIVE
100612,Customer_00612,PREMIUM,Bangalore,Karnataka,2006-10-10,2023-11-25,ACTIVE
100613,Customer_00613,RETAIL,Kolkata,West Bengal,2000-07-23,2020-08-31,ACTIVE
100614,Customer_00614,PREMIUM,Bangalore,Karnataka,1995-07-17,2021-05-17,ACTIVE
100615,Customer_00615,RETAIL,Hyderabad,Telangana,1981-09-18,2026-07-04,ACTIVE
100616,Customer_00616,RETAIL,Hyderabad,Telangana,2013-06-23,2021-08-09,INACTIVE
100617,Customer_00617,RETAIL,Pune,Maharashtra,2006-04-11,2024-04-13,ACTIVE
100618,Customer_00618,PREMIUM,Delhi,Delhi,2005-05-18,2025-12-27,INACTIVE
100619,Customer_00619,RETAIL,Mumbai,Maharashtra,1983-06-04,2023-12-16,ACTIVE
100620,Customer_00620,RETAIL,Pune,Maharashtra,1991-01-01,2021-05-31,ACTIVE
100621,Customer_00621,RETAIL,Bangalore,Karnataka,1991-08-22,2025-08-25,ACTIVE
100622,Customer_00622,RETAIL,Bangalore,Karnataka,2003-09-20,2020-03-18,ACTIVE
100623,Customer_00623,RETAIL,Pune,Maharashtra,2011-07-01,2024-10-01,ACTIVE
100624,Customer_00624,RETAIL,Bangalore,Karnataka,2014-09-30,2021-09-30,ACTIVE
100625,Customer_00625,RETAIL,Chennai,Tamil Nadu,2000-08-09,2024-03-16,ACTIVE
100626,Customer_00626,RETAIL,Pune,Maharashtra,1994-02-18,2023-02-27,ACTIVE
100627,Customer_00627,PREMIUM,Delhi,Delhi,1995-12-04,2023-09-27,ACTIVE
100628,Customer_00628,PREMIUM,Delhi,Delhi,2009-05-30,2022-07-05,ACTIVE
100629,Customer_00629,RETAIL,Chennai,Tamil Nadu,1992-03-24,2023-06-23,ACTIVE
100630,Customer_00630,RETAIL,Delhi,Delhi,1996-03-29,2026-02-23,ACTIVE
100631,Customer_00631,RETAIL,Hyderabad,Telangana,2011-06-15,2025-06-06,ACTIVE
100632,Customer_00632,RETAIL,Delhi,Delhi,2001-06-20,2022-10-01,ACTIVE
100633,Customer_00633,RETAIL,Bangalore,Karnataka,1998-05-16,2026-03-09,ACTIVE
100634,Customer_00634,RETAIL,Bangalore,Karnataka,2009-04-18,2025-11-03,ACTIVE
100635,Customer_00635,RETAIL,Pune,Maharashtra,1991-01-07,2024-02-14,ACTIVE
100636,Customer_00636,PREMIUM,Hyderabad,Telangana,1981-08-25,2023-11-28,ACTIVE
100637,Customer_00637,RETAIL,Pune,Maharashtra,2011-07-17,2020-03-26,ACTIVE
100638,Customer_00638,PREMIUM,Delhi,Delhi,1997-11-06,2023-06-11,ACTIVE
100639,Customer_00639,RETAIL,Kolkata,West Bengal,1992-07-13,2021-05-25,ACTIVE
100640,Customer_00640,RETAIL,Ahmedabad,Gujarat,1983-01-28,2021-01-19,ACTIVE
100641,Customer_00641,RETAIL,Hyderabad,Telangana,2017-03-16,2025-08-22,ACTIVE
100642,Customer_00642,PREMIUM,Ahmedabad,Gujarat,2008-12-09,2021-10-12,ACTIVE
100643,Customer_00643,PREMIUM,Kolkata,West Bengal,1990-06-03,2024-01-17,ACTIVE
100644,Customer_00644,RETAIL,Bangalore,Karnataka,2004-02-16,2025-09-12,ACTIVE
100645,Customer_00645,RETAIL,Kolkata,West Bengal,1998-03-27,2023-12-05,ACTIVE
100646,Customer_00646,RETAIL,Delhi,Delhi,1992-08-03,2025-02-14,ACTIVE
100647,Customer_00647,RETAIL,Bangalore,Karnataka,1991-12-18,2025-02-03,ACTIVE
100648,Customer_00648,RETAIL,Chennai,Tamil Nadu,1982-04-19,2022-12-09,ACTIVE
100649,Customer_00649,RETAIL,Ahmedabad,Gujarat,2019-03-13,2026-01-21,ACTIVE
100650,Customer_00650,RETAIL,Kolkata,West Bengal,2017-03-09,2025-12-21,ACTIVE
100651,Customer_00651,PREMIUM,Bangalore,Karnataka,2014-11-30,2022-03-21,ACTIVE
100652,Customer_00652,RETAIL,Hyderabad,Telangana,1992-02-07,2025-05-20,ACTIVE
100653,Customer_00653,RETAIL,Pune,Maharashtra,2020-02-08,2021-03-15,ACTIVE
100654,Customer_00654,RETAIL,Kolkata,West Bengal,1990-06-22,2020-09-26,ACTIVE
100655,Customer_00655,RETAIL,Chennai,Tamil Nadu,2013-01-08,2023-06-26,ACTIVE
100656,Customer_00656,RETAIL,Chennai,Tamil Nadu,1983-04-25,2023-12-25,ACTIVE
100657,Customer_00657,BUSINESS,Kolkata,West Bengal,1991-11-30,2023-11-01,ACTIVE
100658,Customer_00658,PREMIUM,Hyderabad,Telangana,2002-11-16,2025-04-01,ACTIVE
100659,Customer_00659,RETAIL,Mumbai,Maharashtra,2018-11-28,2022-07-27,ACTIVE
100660,Customer_00660,PREMIUM,Delhi,Delhi,1990-01-27,2025-04-24,ACTIVE
100661,Customer_00661,RETAIL,Pune,Maharashtra,1996-12-02,2025-12-05,ACTIVE
100662,Customer_00662,RETAIL,Hyderabad,Telangana,2013-10-11,2020-08-07,ACTIVE
100663,Customer_00663,RETAIL,Mumbai,Maharashtra,1998-07-24,2022-12-14,ACTIVE
100664,Customer_00664,RETAIL,Pune,Maharashtra,2007-03-16,2021-06-23,ACTIVE
100665,Customer_00665,RETAIL,Chennai,Tamil Nadu,1996-05-05,2024-04-24,INACTIVE
100666,Customer_00666,PREMIUM,Hyderabad,Telangana,1979-04-29,2022-09-18,ACTIVE
100667,Customer_00667,RETAIL,Chennai,Tamil Nadu,1990-10-16,2021-11-06,ACTIVE
100668,Customer_00668,PREMIUM,Kolkata,West Bengal,2002-05-25,2021-08-26,ACTIVE
100669,Customer_00669,PREMIUM,Ahmedabad,Gujarat,1979-12-18,2022-05-01,ACTIVE
100670,Customer_00670,PREMIUM,Pune,Maharashtra,1988-09-07,2020-09-18,ACTIVE
100671,Customer_00671,RETAIL,Ahmedabad,Gujarat,2018-04-22,2020-09-07,ACTIVE
100672,Customer_00672,PREMIUM,Chennai,Tamil Nadu,1979-10-18,2024-02-18,INACTIVE
100673,Customer_00673,RETAIL,Hyderabad,Telangana,1989-04-28,2026-03-12,ACTIVE
100674,Customer_00674,RETAIL,Mumbai,Maharashtra,2004-08-07,2023-05-02,INACTIVE
100675,Customer_00675,RETAIL,Chennai,Tamil Nadu,2002-04-16,2026-02-03,ACTIVE
100676,Customer_00676,BUSINESS,Hyderabad,Telangana,1987-07-31,2021-01-06,ACTIVE
100677,Customer_00677,RETAIL,Chennai,Tamil Nadu,1981-08-11,2026-05-24,INACTIVE
100678,Customer_00678,RETAIL,Mumbai,Maharashtra,2016-02-10,2023-11-08,ACTIVE
100679,Customer_00679,PREMIUM,Chennai,Tamil Nadu,2001-10-14,2024-11-19,ACTIVE
100680,Customer_00680,RETAIL,Ahmedabad,Gujarat,2002-09-17,2020-05-28,ACTIVE
100681,Customer_00681,PREMIUM,Hyderabad,Telangana,1981-07-14,2023-12-20,ACTIVE
100682,Customer_00682,RETAIL,Pune,Maharashtra,1987-10-03,2022-07-08,ACTIVE
100683,Customer_00683,RETAIL,Ahmedabad,Gujarat,1982-02-27,2025-11-26,ACTIVE
100684,Customer_00684,RETAIL,Ahmedabad,Gujarat,2019-05-17,2025-03-17,ACTIVE
100685,Customer_00685,RETAIL,Pune,Maharashtra,2010-10-11,2025-09-05,ACTIVE
100686,Customer_00686,RETAIL,Kolkata,West Bengal,2001-08-09,2025-11-06,ACTIVE
100687,Customer_00687,RETAIL,Bangalore,Karnataka,2007-02-15,2024-09-25,INACTIVE
100688,Customer_00688,RETAIL,Chennai,Tamil Nadu,1985-12-17,2021-08-11,ACTIVE
100689,Customer_00689,PREMIUM,Bangalore,Karnataka,2019-10-01,2021-11-09,ACTIVE
100690,Customer_00690,PREMIUM,Kolkata,West Bengal,2000-05-28,2025-08-24,INACTIVE
100691,Customer_00691,RETAIL,Ahmedabad,Gujarat,2000-05-19,2023-12-14,ACTIVE
100692,Customer_00692,RETAIL,Kolkata,West Bengal,2018-07-25,2025-11-10,ACTIVE
100693,Customer_00693,RETAIL,Ahmedabad,Gujarat,1983-02-08,2025-03-23,ACTIVE
100694,Customer_00694,PREMIUM,Ahmedabad,Gujarat,1996-08-02,2023-12-27,ACTIVE
100695,Customer_00695,PREMIUM,Mumbai,Maharashtra,1982-10-16,2020-12-31,ACTIVE
100696,Customer_00696,RETAIL,Delhi,Delhi,1996-08-19,2026-06-15,ACTIVE
100697,Customer_00697,RETAIL,Hyderabad,Telangana,1990-02-19,2021-08-06,INACTIVE
100698,Customer_00698,BUSINESS,Chennai,Tamil Nadu,1998-02-06,2021-08-13,ACTIVE
100699,Customer_00699,PREMIUM,Mumbai,Maharashtra,2007-12-29,2020-12-16,ACTIVE
100700,Customer_00700,RETAIL,Mumbai,Maharashtra,1990-09-01,2020-06-14,ACTIVE
100701,Customer_00701,PREMIUM,Chennai,Tamil Nadu,1981-04-08,2022-06-19,ACTIVE
100702,Customer_00702,RETAIL,Chennai,Tamil Nadu,1985-10-22,2025-07-17,ACTIVE
100703,Customer_00703,RETAIL,Pune,Maharashtra,2008-07-23,2025-09-08,ACTIVE
100704,Customer_00704,PREMIUM,Pune,Maharashtra,2002-12-09,2023-03-24,ACTIVE
100705,Customer_00705,RETAIL,Pune,Maharashtra,2019-05-10,2022-01-25,ACTIVE
100706,Customer_00706,RETAIL,Chennai,Tamil Nadu,2015-11-21,2022-04-11,INACTIVE
100707,Customer_00707,BUSINESS,Mumbai,Maharashtra,1985-10-12,2026-01-14,ACTIVE
100708,Customer_00708,PREMIUM,Chennai,Tamil Nadu,2009-05-18,2020-05-12,ACTIVE
100709,Customer_00709,RETAIL,Bangalore,Karnataka,1982-11-15,2020-05-17,ACTIVE
100710,Customer_00710,RETAIL,Bangalore,Karnataka,1983-02-11,2020-06-04,ACTIVE
100711,Customer_00711,PREMIUM,Hyderabad,Telangana,2011-09-27,2025-11-01,INACTIVE
100712,Customer_00712,RETAIL,Chennai,Tamil Nadu,1995-08-17,2020-08-05,ACTIVE
100713,Customer_00713,BUSINESS,Hyderabad,Telangana,2020-02-20,2026-03-09,ACTIVE
100714,Customer_00714,PREMIUM,Kolkata,West Bengal,1979-05-20,2021-03-16,ACTIVE
100715,Customer_00715,RETAIL,Ahmedabad,Gujarat,1999-10-22,2023-08-09,ACTIVE
100716,Customer_00716,RETAIL,Kolkata,West Bengal,1991-10-24,2026-05-17,ACTIVE
100717,Customer_00717,PREMIUM,Chennai,Tamil Nadu,2019-08-20,2020-10-05,ACTIVE
100718,Customer_00718,BUSINESS,Bangalore,Karnataka,2006-08-27,2021-11-06,ACTIVE
100719,Customer_00719,RETAIL,Pune,Maharashtra,2010-11-12,2024-10-12,ACTIVE
100720,Customer_00720,RETAIL,Chennai,Tamil Nadu,1991-01-31,2025-05-14,ACTIVE
100721,Customer_00721,PREMIUM,Pune,Maharashtra,2015-11-25,2025-12-17,ACTIVE
100722,Customer_00722,RETAIL,Ahmedabad,Gujarat,2013-09-07,2020-02-16,ACTIVE
100723,Customer_00723,RETAIL,Kolkata,West Bengal,2011-05-13,2025-02-07,ACTIVE
100724,Customer_00724,PREMIUM,Mumbai,Maharashtra,1998-10-08,2022-02-11,ACTIVE
100725,Customer_00725,PREMIUM,Kolkata,West Bengal,2017-01-10,2023-08-31,ACTIVE
100726,Customer_00726,PREMIUM,Mumbai,Maharashtra,2006-08-24,2025-12-14,ACTIVE
100727,Customer_00727,PREMIUM,Hyderabad,Telangana,1981-11-11,2025-12-05,ACTIVE
100728,Customer_00728,RETAIL,Mumbai,Maharashtra,2015-06-18,2021-03-20,ACTIVE
100729,Customer_00729,BUSINESS,Bangalore,Karnataka,1980-01-10,2023-02-03,ACTIVE
100730,Customer_00730,RETAIL,Hyderabad,Telangana,2007-03-17,2021-11-12,ACTIVE
100731,Customer_00731,RETAIL,Hyderabad,Telangana,1989-06-05,2024-01-15,ACTIVE
100732,Customer_00732,PREMIUM,Bangalore,Karnataka,2016-01-06,2025-06-06,ACTIVE
100733,Customer_00733,PREMIUM,Ahmedabad,Gujarat,2009-02-18,2022-02-02,ACTIVE
100734,Customer_00734,PREMIUM,Kolkata,West Bengal,2012-05-07,2020-10-18,ACTIVE
100735,Customer_00735,RETAIL,Pune,Maharashtra,2007-11-27,2020-06-03,ACTIVE
100736,Customer_00736,BUSINESS,Hyderabad,Telangana,2002-06-14,2020-05-07,ACTIVE
100737,Customer_00737,RETAIL,Hyderabad,Telangana,2014-08-21,2022-05-29,ACTIVE
100738,Customer_00738,PREMIUM,Delhi,Delhi,1991-05-16,2026-05-07,ACTIVE
100739,Customer_00739,BUSINESS,Hyderabad,Telangana,2000-11-11,2021-08-27,ACTIVE
100740,Customer_00740,RETAIL,Ahmedabad,Gujarat,1991-05-30,2022-08-29,ACTIVE
100741,Customer_00741,PREMIUM,Kolkata,West Bengal,1983-11-01,2024-06-07,ACTIVE
100742,Customer_00742,RETAIL,Kolkata,West Bengal,2015-02-10,2024-04-27,ACTIVE
100743,Customer_00743,PREMIUM,Hyderabad,Telangana,1999-07-30,2021-10-10,ACTIVE
100744,Customer_00744,PREMIUM,Delhi,Delhi,1981-05-18,2020-11-01,ACTIVE
100745,Customer_00745,PREMIUM,Kolkata,West Bengal,2013-01-19,2021-01-10,ACTIVE
100746,Customer_00746,RETAIL,Delhi,Delhi,2017-10-29,2021-06-12,ACTIVE
100747,Customer_00747,RETAIL,Chennai,Tamil Nadu,2006-05-04,2020-07-25,ACTIVE
100748,Customer_00748,BUSINESS,Delhi,Delhi,1992-08-05,2023-01-08,ACTIVE
100749,Customer_00749,BUSINESS,Delhi,Delhi,2014-06-17,2024-03-29,ACTIVE
100750,Customer_00750,BUSINESS,Pune,Maharashtra,2009-07-05,2024-06-08,ACTIVE
100751,Customer_00751,RETAIL,Ahmedabad,Gujarat,1990-11-11,2025-12-21,ACTIVE
100752,Customer_00752,RETAIL,Pune,Maharashtra,1992-09-19,2021-12-04,ACTIVE
100753,Customer_00753,PREMIUM,Mumbai,Maharashtra,2019-09-24,2024-04-20,ACTIVE
100754,Customer_00754,PREMIUM,Ahmedabad,Gujarat,2018-04-25,2025-10-24,ACTIVE
100755,Customer_00755,RETAIL,Chennai,Tamil Nadu,2006-12-11,2020-03-09,ACTIVE
100756,Customer_00756,RETAIL,Bangalore,Karnataka,1980-08-30,2025-02-17,ACTIVE
100757,Customer_00757,RETAIL,Hyderabad,Telangana,1988-08-05,2020-07-30,ACTIVE
100758,Customer_00758,RETAIL,Bangalore,Karnataka,1993-09-03,2023-08-16,ACTIVE
100759,Customer_00759,RETAIL,Pune,Maharashtra,2001-03-04,2025-06-16,ACTIVE
100760,Customer_00760,RETAIL,Hyderabad,Telangana,2014-10-15,2023-01-07,INACTIVE
100761,Customer_00761,RETAIL,Pune,Maharashtra,2013-12-31,2023-09-05,ACTIVE
100762,Customer_00762,BUSINESS,Chennai,Tamil Nadu,1990-06-02,2024-01-26,ACTIVE
100763,Customer_00763,PREMIUM,Ahmedabad,Gujarat,1983-08-19,2023-10-18,ACTIVE
100764,Customer_00764,BUSINESS,Ahmedabad,Gujarat,1990-06-26,2024-10-21,ACTIVE
100765,Customer_00765,RETAIL,Delhi,Delhi,1988-10-29,2025-08-24,ACTIVE
100766,Customer_00766,RETAIL,Kolkata,West Bengal,2016-01-28,2020-11-19,ACTIVE
100767,Customer_00767,RETAIL,Chennai,Tamil Nadu,1979-10-01,2022-09-25,ACTIVE
100768,Customer_00768,RETAIL,Bangalore,Karnataka,2013-04-10,2025-08-08,ACTIVE
100769,Customer_00769,RETAIL,Pune,Maharashtra,2006-02-20,2022-07-04,INACTIVE
100770,Customer_00770,PREMIUM,Bangalore,Karnataka,1983-07-05,2023-03-20,ACTIVE
100771,Customer_00771,PREMIUM,Hyderabad,Telangana,2007-04-20,2024-11-16,ACTIVE
100772,Customer_00772,PREMIUM,Ahmedabad,Gujarat,2002-12-28,2026-02-22,ACTIVE
100773,Customer_00773,RETAIL,Mumbai,Maharashtra,1979-04-27,2021-08-26,ACTIVE
100774,Customer_00774,RETAIL,Hyderabad,Telangana,1988-05-03,2026-04-12,ACTIVE
100775,Customer_00775,RETAIL,Kolkata,West Bengal,1993-06-16,2024-08-30,ACTIVE
100776,Customer_00776,RETAIL,Ahmedabad,Gujarat,1988-01-01,2020-03-14,ACTIVE
100777,Customer_00777,PREMIUM,Bangalore,Karnataka,2002-12-08,2025-08-29,ACTIVE
100778,Customer_00778,RETAIL,Mumbai,Maharashtra,2004-06-09,2022-07-11,ACTIVE
100779,Customer_00779,PREMIUM,Delhi,Delhi,1986-02-18,2021-11-08,ACTIVE
100780,Customer_00780,RETAIL,Kolkata,West Bengal,1984-04-01,2023-06-16,ACTIVE
100781,Customer_00781,BUSINESS,Ahmedabad,Gujarat,2006-01-29,2023-10-14,ACTIVE
100782,Customer_00782,BUSINESS,Hyderabad,Telangana,1998-06-16,2023-07-19,ACTIVE
100783,Customer_00783,RETAIL,Mumbai,Maharashtra,1990-01-19,2020-05-12,ACTIVE
100784,Customer_00784,PREMIUM,Mumbai,Maharashtra,1989-09-02,2025-05-27,INACTIVE
100785,Customer_00785,RETAIL,Bangalore,Karnataka,1980-10-10,2022-03-31,ACTIVE
100786,Customer_00786,PREMIUM,Chennai,Tamil Nadu,2014-03-26,2020-12-04,ACTIVE
100787,Customer_00787,PREMIUM,Mumbai,Maharashtra,2013-09-25,2023-09-19,ACTIVE
100788,Customer_00788,PREMIUM,Hyderabad,Telangana,2001-12-08,2024-02-02,ACTIVE
100789,Customer_00789,PREMIUM,Chennai,Tamil Nadu,1993-07-07,2020-09-05,ACTIVE
100790,Customer_00790,RETAIL,Mumbai,Maharashtra,1987-12-31,2026-03-12,ACTIVE
100791,Customer_00791,PREMIUM,Mumbai,Maharashtra,1991-10-16,2023-12-12,ACTIVE
100792,Customer_00792,PREMIUM,Bangalore,Karnataka,2017-03-18,2026-07-20,ACTIVE
100793,Customer_00793,RETAIL,Hyderabad,Telangana,1982-10-25,2024-05-28,ACTIVE
100794,Customer_00794,RETAIL,Kolkata,West Bengal,2012-12-16,2020-01-25,ACTIVE
100795,Customer_00795,PREMIUM,Bangalore,Karnataka,1991-09-02,2021-05-15,ACTIVE
100796,Customer_00796,RETAIL,Delhi,Delhi,1990-01-22,2026-05-23,ACTIVE
100797,Customer_00797,RETAIL,Ahmedabad,Gujarat,2012-06-02,2023-09-05,ACTIVE
100798,Customer_00798,BUSINESS,Bangalore,Karnataka,2018-08-19,2020-10-20,INACTIVE
100799,Customer_00799,PREMIUM,Delhi,Delhi,2019-11-20,2020-06-27,ACTIVE
100800,Customer_00800,RETAIL,Bangalore,Karnataka,1990-02-28,2023-07-12,ACTIVE
100801,Customer_00801,RETAIL,Mumbai,Maharashtra,2003-06-10,2023-11-26,INACTIVE
100802,Customer_00802,RETAIL,Delhi,Delhi,1991-03-08,2021-08-14,ACTIVE
100803,Customer_00803,PREMIUM,Chennai,Tamil Nadu,1987-02-10,2021-04-12,ACTIVE
100804,Customer_00804,RETAIL,Ahmedabad,Gujarat,1995-01-06,2023-12-26,ACTIVE
100805,Customer_00805,RETAIL,Hyderabad,Telangana,1981-09-23,2022-11-11,ACTIVE
100806,Customer_00806,PREMIUM,Kolkata,West Bengal,1985-12-07,2020-03-29,ACTIVE
100807,Customer_00807,PREMIUM,Chennai,Tamil Nadu,2003-08-16,2020-05-18,ACTIVE
100808,Customer_00808,PREMIUM,Mumbai,Maharashtra,2007-05-19,2021-07-25,ACTIVE
100809,Customer_00809,RETAIL,Bangalore,Karnataka,1990-04-10,2023-09-15,ACTIVE
100810,Customer_00810,PREMIUM,Ahmedabad,Gujarat,2002-01-20,2021-12-22,ACTIVE
100811,Customer_00811,RETAIL,Mumbai,Maharashtra,2010-07-24,2020-02-05,ACTIVE
100812,Customer_00812,RETAIL,Ahmedabad,Gujarat,2015-11-24,2026-01-06,ACTIVE
100813,Customer_00813,PREMIUM,Hyderabad,Telangana,2002-07-06,2024-07-22,ACTIVE
100814,Customer_00814,PREMIUM,Delhi,Delhi,1989-01-21,2023-11-01,ACTIVE
100815,Customer_00815,RETAIL,Kolkata,West Bengal,2008-06-06,2021-08-09,ACTIVE
100816,Customer_00816,PREMIUM,Kolkata,West Bengal,1986-02-26,2024-08-26,ACTIVE
100817,Customer_00817,RETAIL,Mumbai,Maharashtra,1984-11-17,2026-03-21,ACTIVE
100818,Customer_00818,RETAIL,Mumbai,Maharashtra,1993-11-22,2024-06-10,ACTIVE
100819,Customer_00819,RETAIL,Hyderabad,Telangana,1992-09-01,2021-12-10,ACTIVE
100820,Customer_00820,RETAIL,Ahmedabad,Gujarat,1985-03-01,2022-07-30,ACTIVE
100821,Customer_00821,PREMIUM,Mumbai,Maharashtra,1981-04-25,2026-02-07,ACTIVE
100822,Customer_00822,PREMIUM,Hyderabad,Telangana,2018-01-08,2020-02-03,ACTIVE
100823,Customer_00823,PREMIUM,Pune,Maharashtra,2006-12-25,2021-06-15,ACTIVE
100824,Customer_00824,RETAIL,Hyderabad,Telangana,2008-08-17,2020-09-13,ACTIVE
100825,Customer_00825,RETAIL,Chennai,Tamil Nadu,1981-11-20,2024-03-18,ACTIVE
100826,Customer_00826,RETAIL,Mumbai,Maharashtra,2011-11-11,2023-01-06,ACTIVE
100827,Customer_00827,PREMIUM,Hyderabad,Telangana,1994-02-17,2020-11-15,ACTIVE
100828,Customer_00828,RETAIL,Ahmedabad,Gujarat,2009-11-19,2026-03-09,ACTIVE
100829,Customer_00829,RETAIL,Kolkata,West Bengal,1999-04-21,2023-08-17,ACTIVE
100830,Customer_00830,PREMIUM,Mumbai,Maharashtra,1989-02-19,2021-08-20,ACTIVE
100831,Customer_00831,PREMIUM,Pune,Maharashtra,1989-12-07,2026-03-20,INACTIVE
100832,Customer_00832,RETAIL,Pune,Maharashtra,1984-12-09,2024-08-02,ACTIVE
100833,Customer_00833,RETAIL,Bangalore,Karnataka,2013-03-28,2020-11-07,ACTIVE
100834,Customer_00834,PREMIUM,Pune,Maharashtra,1996-10-19,2025-06-06,ACTIVE
100835,Customer_00835,RETAIL,Kolkata,West Bengal,2011-03-14,2020-05-21,ACTIVE
100836,Customer_00836,RETAIL,Kolkata,West Bengal,2013-03-18,2025-12-16,ACTIVE
100837,Customer_00837,PREMIUM,Kolkata,West Bengal,1986-01-08,2022-08-02,ACTIVE
100838,Customer_00838,RETAIL,Pune,Maharashtra,1992-09-26,2021-12-05,ACTIVE
100839,Customer_00839,RETAIL,Mumbai,Maharashtra,1984-04-06,2020-05-08,ACTIVE
100840,Customer_00840,RETAIL,Ahmedabad,Gujarat,1979-07-23,2026-02-13,ACTIVE
100841,Customer_00841,RETAIL,Delhi,Delhi,2019-09-05,2023-09-05,ACTIVE
100842,Customer_00842,RETAIL,Hyderabad,Telangana,2006-04-09,2023-12-30,ACTIVE
100843,Customer_00843,RETAIL,Ahmedabad,Gujarat,1997-09-18,2025-08-02,ACTIVE
100844,Customer_00844,RETAIL,Mumbai,Maharashtra,1987-05-19,2023-05-05,ACTIVE
100845,Customer_00845,RETAIL,Mumbai,Maharashtra,2003-06-08,2021-11-26,ACTIVE
100846,Customer_00846,PREMIUM,Mumbai,Maharashtra,2001-06-16,2025-02-11,ACTIVE
100847,Customer_00847,BUSINESS,Pune,Maharashtra,1988-04-26,2023-06-26,ACTIVE
100848,Customer_00848,RETAIL,Mumbai,Maharashtra,1979-10-11,2021-07-26,ACTIVE
100849,Customer_00849,RETAIL,Kolkata,West Bengal,1998-06-04,2025-07-19,INACTIVE
100850,Customer_00850,PREMIUM,Chennai,Tamil Nadu,2000-01-23,2025-05-04,ACTIVE
100851,Customer_00851,BUSINESS,Ahmedabad,Gujarat,2011-12-12,2021-08-16,ACTIVE
100852,Customer_00852,PREMIUM,Kolkata,West Bengal,1995-05-01,2024-04-08,ACTIVE
100853,Customer_00853,RETAIL,Ahmedabad,Gujarat,1983-02-25,2026-01-19,ACTIVE
100854,Customer_00854,RETAIL,Pune,Maharashtra,2015-04-28,2025-04-02,ACTIVE
100855,Customer_00855,RETAIL,Delhi,Delhi,1996-02-25,2021-04-22,ACTIVE
100856,Customer_00856,PREMIUM,Kolkata,West Bengal,2008-10-22,2025-08-15,ACTIVE
100857,Customer_00857,RETAIL,Pune,Maharashtra,1980-12-08,2020-05-15,ACTIVE
100858,Customer_00858,RETAIL,Mumbai,Maharashtra,1980-08-23,2024-01-21,ACTIVE
100859,Customer_00859,RETAIL,Hyderabad,Telangana,1980-02-14,2023-05-12,ACTIVE
100860,Customer_00860,RETAIL,Kolkata,West Bengal,2011-08-03,2020-03-29,ACTIVE
100861,Customer_00861,RETAIL,Ahmedabad,Gujarat,1989-01-19,2024-10-08,ACTIVE
100862,Customer_00862,RETAIL,Ahmedabad,Gujarat,2011-08-29,2021-12-15,ACTIVE
100863,Customer_00863,RETAIL,Mumbai,Maharashtra,2017-12-19,2025-08-07,ACTIVE
100864,Customer_00864,PREMIUM,Kolkata,West Bengal,2006-05-30,2025-10-08,ACTIVE
100865,Customer_00865,PREMIUM,Kolkata,West Bengal,2019-08-25,2023-11-18,ACTIVE
100866,Customer_00866,RETAIL,Hyderabad,Telangana,2017-04-30,2024-02-13,ACTIVE
100867,Customer_00867,PREMIUM,Kolkata,West Bengal,2008-11-04,2020-05-05,ACTIVE
100868,Customer_00868,PREMIUM,Kolkata,West Bengal,2012-02-25,2025-11-06,ACTIVE
100869,Customer_00869,RETAIL,Bangalore,Karnataka,2003-12-12,2024-06-23,ACTIVE
100870,Customer_00870,RETAIL,Mumbai,Maharashtra,1988-02-26,2022-07-11,ACTIVE
100871,Customer_00871,RETAIL,Bangalore,Karnataka,1983-05-22,2020-07-24,INACTIVE
100872,Customer_00872,RETAIL,Pune,Maharashtra,1994-11-01,2023-04-26,ACTIVE
100873,Customer_00873,RETAIL,Mumbai,Maharashtra,1998-09-05,2025-12-02,ACTIVE
100874,Customer_00874,RETAIL,Mumbai,Maharashtra,1993-07-14,2025-09-01,ACTIVE
100875,Customer_00875,RETAIL,Hyderabad,Telangana,1983-05-10,2020-08-24,ACTIVE
100876,Customer_00876,RETAIL,Chennai,Tamil Nadu,1999-11-25,2025-01-02,ACTIVE
100877,Customer_00877,RETAIL,Chennai,Tamil Nadu,1999-08-23,2020-07-15,INACTIVE
100878,Customer_00878,RETAIL,Hyderabad,Telangana,2018-05-01,2022-06-25,ACTIVE
100879,Customer_00879,PREMIUM,Chennai,Tamil Nadu,2018-05-10,2022-12-09,ACTIVE
100880,Customer_00880,RETAIL,Hyderabad,Telangana,2004-06-11,2020-02-24,ACTIVE
100881,Customer_00881,RETAIL,Mumbai,Maharashtra,2014-02-02,2020-11-25,ACTIVE
100882,Customer_00882,RETAIL,Kolkata,West Bengal,1992-01-07,2025-10-13,ACTIVE
100883,Customer_00883,PREMIUM,Bangalore,Karnataka,2018-12-22,2024-02-19,ACTIVE
100884,Customer_00884,BUSINESS,Pune,Maharashtra,2017-10-30,2025-03-02,ACTIVE
100885,Customer_00885,RETAIL,Kolkata,West Bengal,1984-04-23,2023-10-03,ACTIVE
100886,Customer_00886,RETAIL,Hyderabad,Telangana,2007-12-04,2022-12-13,ACTIVE
100887,Customer_00887,RETAIL,Mumbai,Maharashtra,1997-12-18,2020-02-13,ACTIVE
100888,Customer_00888,RETAIL,Pune,Maharashtra,1990-02-03,2023-08-03,ACTIVE
100889,Customer_00889,PREMIUM,Mumbai,Maharashtra,1996-01-31,2025-01-23,ACTIVE
100890,Customer_00890,RETAIL,Delhi,Delhi,2016-05-23,2021-05-05,ACTIVE
100891,Customer_00891,BUSINESS,Mumbai,Maharashtra,2017-02-14,2023-03-24,ACTIVE
100892,Customer_00892,RETAIL,Hyderabad,Telangana,1993-04-20,2022-09-16,ACTIVE
100893,Customer_00893,RETAIL,Chennai,Tamil Nadu,1998-02-17,2025-09-21,ACTIVE
100894,Customer_00894,PREMIUM,Ahmedabad,Gujarat,2000-05-13,2021-01-26,ACTIVE
100895,Customer_00895,RETAIL,Hyderabad,Telangana,2009-04-15,2020-09-09,ACTIVE
100896,Customer_00896,PREMIUM,Chennai,Tamil Nadu,1998-11-05,2021-05-20,INACTIVE
100897,Customer_00897,RETAIL,Chennai,Tamil Nadu,1995-06-04,2021-01-09,ACTIVE
100898,Customer_00898,PREMIUM,Mumbai,Maharashtra,2017-02-04,2025-07-24,ACTIVE
100899,Customer_00899,RETAIL,Mumbai,Maharashtra,1994-06-21,2021-09-17,ACTIVE
100900,Customer_00900,RETAIL,Chennai,Tamil Nadu,1990-01-27,2022-05-19,ACTIVE
100901,Customer_00901,PREMIUM,Mumbai,Maharashtra,1992-08-04,2021-09-09,ACTIVE
100902,Customer_00902,RETAIL,Mumbai,Maharashtra,1992-11-07,2025-05-09,ACTIVE
100903,Customer_00903,RETAIL,Pune,Maharashtra,2001-12-17,2024-05-12,ACTIVE
100904,Customer_00904,PREMIUM,Ahmedabad,Gujarat,2006-04-11,2023-02-11,ACTIVE
100905,Customer_00905,RETAIL,Bangalore,Karnataka,1984-09-06,2025-04-01,ACTIVE
100906,Customer_00906,PREMIUM,Hyderabad,Telangana,2015-07-30,2020-06-18,ACTIVE
100907,Customer_00907,RETAIL,Bangalore,Karnataka,1989-07-28,2024-06-16,ACTIVE
100908,Customer_00908,RETAIL,Pune,Maharashtra,1983-11-19,2022-05-17,ACTIVE
100909,Customer_00909,RETAIL,Delhi,Delhi,2006-08-11,2022-06-29,ACTIVE
100910,Customer_00910,RETAIL,Mumbai,Maharashtra,1987-10-14,2021-01-14,INACTIVE
100911,Customer_00911,BUSINESS,Kolkata,West Bengal,2009-12-19,2020-08-20,ACTIVE
100912,Customer_00912,RETAIL,Pune,Maharashtra,2018-02-05,2024-07-22,ACTIVE
100913,Customer_00913,RETAIL,Bangalore,Karnataka,2007-08-09,2025-08-02,ACTIVE
100914,Customer_00914,RETAIL,Ahmedabad,Gujarat,2011-02-01,2025-12-27,ACTIVE
100915,Customer_00915,RETAIL,Chennai,Tamil Nadu,1999-06-26,2021-08-07,ACTIVE
100916,Customer_00916,RETAIL,Bangalore,Karnataka,1993-05-18,2025-01-05,ACTIVE
100917,Customer_00917,PREMIUM,Chennai,Tamil Nadu,2004-05-07,2020-09-23,ACTIVE
100918,Customer_00918,PREMIUM,Kolkata,West Bengal,1993-11-07,2025-02-11,ACTIVE
100919,Customer_00919,PREMIUM,Delhi,Delhi,2015-02-24,2023-09-20,ACTIVE
100920,Customer_00920,RETAIL,Hyderabad,Telangana,1998-06-13,2025-08-30,ACTIVE
100921,Customer_00921,RETAIL,Kolkata,West Bengal,1999-08-28,2020-06-11,ACTIVE
100922,Customer_00922,RETAIL,Chennai,Tamil Nadu,2006-11-01,2025-02-06,ACTIVE
100923,Customer_00923,PREMIUM,Bangalore,Karnataka,1986-12-09,2023-01-26,ACTIVE
100924,Customer_00924,RETAIL,Pune,Maharashtra,2002-03-16,2023-09-26,INACTIVE
100925,Customer_00925,RETAIL,Pune,Maharashtra,2010-02-16,2023-07-17,ACTIVE
100926,Customer_00926,RETAIL,Ahmedabad,Gujarat,2011-01-14,2024-09-10,ACTIVE
100927,Customer_00927,PREMIUM,Chennai,Tamil Nadu,1988-05-27,2023-12-08,ACTIVE
100928,Customer_00928,PREMIUM,Delhi,Delhi,1981-05-22,2022-09-25,ACTIVE
100929,Customer_00929,PREMIUM,Bangalore,Karnataka,1987-02-21,2022-11-10,ACTIVE
100930,Customer_00930,RETAIL,Chennai,Tamil Nadu,2012-10-19,2020-06-18,ACTIVE
100931,Customer_00931,BUSINESS,Chennai,Tamil Nadu,1990-01-24,2024-10-04,ACTIVE
100932,Customer_00932,RETAIL,Hyderabad,Telangana,1981-07-19,2024-08-20,ACTIVE
100933,Customer_00933,RETAIL,Delhi,Delhi,2003-09-10,2023-09-22,ACTIVE
100934,Customer_00934,RETAIL,Hyderabad,Telangana,2015-05-06,2024-09-27,ACTIVE
100935,Customer_00935,RETAIL,Bangalore,Karnataka,1988-05-19,2021-10-07,ACTIVE
100936,Customer_00936,RETAIL,Ahmedabad,Gujarat,1980-12-09,2021-06-20,ACTIVE
100937,Customer_00937,RETAIL,Pune,Maharashtra,1984-12-01,2026-01-28,ACTIVE
100938,Customer_00938,RETAIL,Pune,Maharashtra,1984-05-31,2026-04-08,ACTIVE
100939,Customer_00939,PREMIUM,Bangalore,Karnataka,1987-07-25,2025-08-08,ACTIVE
100940,Customer_00940,PREMIUM,Chennai,Tamil Nadu,1986-07-25,2020-05-06,ACTIVE
100941,Customer_00941,PREMIUM,Hyderabad,Telangana,2005-04-29,2023-08-10,ACTIVE
100942,Customer_00942,RETAIL,Bangalore,Karnataka,1988-04-28,2024-11-01,ACTIVE
100943,Customer_00943,RETAIL,Ahmedabad,Gujarat,2001-09-06,2020-03-30,ACTIVE
100944,Customer_00944,PREMIUM,Bangalore,Karnataka,1995-08-31,2026-05-13,ACTIVE
100945,Customer_00945,RETAIL,Pune,Maharashtra,2006-01-14,2025-03-04,ACTIVE
100946,Customer_00946,RETAIL,Mumbai,Maharashtra,2006-01-31,2022-01-11,ACTIVE
100947,Customer_00947,RETAIL,Ahmedabad,Gujarat,2003-07-07,2023-04-30,ACTIVE
100948,Customer_00948,PREMIUM,Pune,Maharashtra,2015-10-28,2025-12-29,ACTIVE
100949,Customer_00949,RETAIL,Ahmedabad,Gujarat,1987-03-23,2025-08-10,ACTIVE
100950,Customer_00950,PREMIUM,Delhi,Delhi,2000-09-14,2025-06-06,ACTIVE
100951,Customer_00951,RETAIL,Mumbai,Maharashtra,1995-05-11,2026-06-19,ACTIVE
100952,Customer_00952,RETAIL,Delhi,Delhi,2001-01-12,2024-11-20,ACTIVE
100953,Customer_00953,RETAIL,Chennai,Tamil Nadu,1984-11-29,2026-02-22,ACTIVE
100954,Customer_00954,RETAIL,Bangalore,Karnataka,1992-04-11,2026-04-08,ACTIVE
100955,Customer_00955,RETAIL,Kolkata,West Bengal,2017-10-23,2020-02-16,ACTIVE
100956,Customer_00956,RETAIL,Chennai,Tamil Nadu,2012-01-18,2024-04-18,INACTIVE
100957,Customer_00957,RETAIL,Bangalore,Karnataka,1996-08-29,2022-03-12,ACTIVE
100958,Customer_00958,RETAIL,Hyderabad,Telangana,1983-09-14,2023-04-02,ACTIVE
100959,Customer_00959,PREMIUM,Ahmedabad,Gujarat,2005-10-18,2021-02-06,ACTIVE
100960,Customer_00960,RETAIL,Bangalore,Karnataka,1991-07-13,2024-06-09,ACTIVE
100961,Customer_00961,RETAIL,Pune,Maharashtra,1992-09-10,2025-06-26,ACTIVE
100962,Customer_00962,RETAIL,Bangalore,Karnataka,1983-02-23,2022-09-15,ACTIVE
100963,Customer_00963,RETAIL,Kolkata,West Bengal,1991-01-14,2024-08-02,ACTIVE
100964,Customer_00964,RETAIL,Pune,Maharashtra,1987-12-17,2022-02-18,ACTIVE
100965,Customer_00965,PREMIUM,Ahmedabad,Gujarat,1980-07-23,2024-12-03,ACTIVE
100966,Customer_00966,RETAIL,Chennai,Tamil Nadu,2003-04-03,2020-07-16,ACTIVE
100967,Customer_00967,PREMIUM,Chennai,Tamil Nadu,2018-12-24,2025-10-13,ACTIVE
100968,Customer_00968,RETAIL,Delhi,Delhi,1984-05-03,2022-06-26,ACTIVE
100969,Customer_00969,RETAIL,Ahmedabad,Gujarat,1981-04-26,2023-04-26,ACTIVE
100970,Customer_00970,PREMIUM,Mumbai,Maharashtra,1983-04-19,2025-04-11,INACTIVE
100971,Customer_00971,RETAIL,Delhi,Delhi,2001-08-01,2020-03-12,ACTIVE
100972,Customer_00972,RETAIL,Bangalore,Karnataka,2013-01-30,2026-03-19,ACTIVE
100973,Customer_00973,RETAIL,Bangalore,Karnataka,1991-11-18,2024-01-14,ACTIVE
100974,Customer_00974,BUSINESS,Bangalore,Karnataka,1984-01-09,2026-05-29,ACTIVE
100975,Customer_00975,BUSINESS,Pune,Maharashtra,1983-02-08,2023-08-15,ACTIVE
100976,Customer_00976,RETAIL,Pune,Maharashtra,2004-02-19,2021-05-10,ACTIVE
100977,Customer_00977,PREMIUM,Mumbai,Maharashtra,1993-10-25,2023-10-29,INACTIVE
100978,Customer_00978,RETAIL,Chennai,Tamil Nadu,1993-08-15,2023-10-03,ACTIVE
100979,Customer_00979,RETAIL,Delhi,Delhi,1988-12-18,2026-01-18,INACTIVE
100980,Customer_00980,PREMIUM,Chennai,Tamil Nadu,2015-12-23,2023-10-13,ACTIVE
100981,Customer_00981,RETAIL,Chennai,Tamil Nadu,1994-07-24,2022-09-02,ACTIVE
100982,Customer_00982,RETAIL,Hyderabad,Telangana,2008-03-22,2021-02-26,ACTIVE
100983,Customer_00983,PREMIUM,Chennai,Tamil Nadu,2009-08-25,2022-02-21,ACTIVE
100984,Customer_00984,RETAIL,Hyderabad,Telangana,1981-08-09,2023-10-27,ACTIVE
100985,Customer_00985,PREMIUM,Chennai,Tamil Nadu,1989-05-14,2022-06-04,ACTIVE
100986,Customer_00986,RETAIL,Hyderabad,Telangana,2015-12-10,2022-05-20,ACTIVE
100987,Customer_00987,RETAIL,Chennai,Tamil Nadu,2015-06-03,2020-02-04,ACTIVE
100988,Customer_00988,RETAIL,Delhi,Delhi,1996-02-29,2026-03-11,ACTIVE
100989,Customer_00989,BUSINESS,Pune,Maharashtra,1985-07-31,2025-07-01,ACTIVE
100990,Customer_00990,RETAIL,Kolkata,West Bengal,1991-05-31,2021-09-04,ACTIVE
100991,Customer_00991,RETAIL,Delhi,Delhi,2018-02-24,2020-11-25,ACTIVE
100992,Customer_00992,PREMIUM,Chennai,Tamil Nadu,2006-10-17,2025-06-26,ACTIVE
100993,Customer_00993,BUSINESS,Pune,Maharashtra,1982-04-06,2025-07-01,ACTIVE
100994,Customer_00994,BUSINESS,Bangalore,Karnataka,2008-08-25,2025-11-22,ACTIVE
100995,Customer_00995,RETAIL,Chennai,Tamil Nadu,1985-03-14,2023-08-06,ACTIVE
100996,Customer_00996,RETAIL,Hyderabad,Telangana,1991-08-14,2024-11-01,ACTIVE
100997,Customer_00997,RETAIL,Chennai,Tamil Nadu,1998-12-11,2024-10-16,ACTIVE
100998,Customer_00998,PREMIUM,Delhi,Delhi,1993-08-09,2021-05-30,ACTIVE
100999,Customer_00999,PREMIUM,Ahmedabad,Gujarat,2007-11-03,2023-06-11,ACTIVE
101000,Customer_01000,PREMIUM,Chennai,Tamil Nadu,1985-08-01,2021-09-16,ACTIVE
101001,Customer_01001,RETAIL,Kolkata,West Bengal,2015-03-08,2024-12-14,ACTIVE
101002,Customer_01002,RETAIL,Hyderabad,Telangana,2003-07-15,2026-05-19,INACTIVE
101003,Customer_01003,RETAIL,Chennai,Tamil Nadu,1991-09-19,2020-07-02,ACTIVE
101004,Customer_01004,RETAIL,Ahmedabad,Gujarat,2018-06-18,2020-06-30,ACTIVE
101005,Customer_01005,RETAIL,Pune,Maharashtra,1998-10-24,2021-09-26,ACTIVE
101006,Customer_01006,RETAIL,Ahmedabad,Gujarat,1996-04-10,2020-10-08,ACTIVE
101007,Customer_01007,PREMIUM,Kolkata,West Bengal,1980-01-13,2020-01-22,ACTIVE
101008,Customer_01008,PREMIUM,Chennai,Tamil Nadu,2020-01-29,2026-06-06,ACTIVE
101009,Customer_01009,PREMIUM,Hyderabad,Telangana,2013-12-04,2023-10-29,ACTIVE
101010,Customer_01010,PREMIUM,Chennai,Tamil Nadu,1986-05-30,2025-02-07,ACTIVE
101011,Customer_01011,PREMIUM,Delhi,Delhi,2018-02-01,2023-09-20,ACTIVE
101012,Customer_01012,PREMIUM,Kolkata,West Bengal,2011-11-10,2024-11-26,ACTIVE
101013,Customer_01013,RETAIL,Pune,Maharashtra,1996-06-13,2024-07-04,ACTIVE
101014,Customer_01014,RETAIL,Delhi,Delhi,2017-04-12,2021-01-19,INACTIVE
101015,Customer_01015,RETAIL,Chennai,Tamil Nadu,2002-02-15,2020-12-27,ACTIVE
101016,Customer_01016,RETAIL,Kolkata,West Bengal,2007-06-03,2023-03-19,ACTIVE
101017,Customer_01017,RETAIL,Bangalore,Karnataka,1986-09-09,2022-06-09,ACTIVE
101018,Customer_01018,PREMIUM,Bangalore,Karnataka,1983-08-27,2025-07-10,ACTIVE
101019,Customer_01019,PREMIUM,Mumbai,Maharashtra,2000-11-01,2022-01-04,ACTIVE
101020,Customer_01020,BUSINESS,Mumbai,Maharashtra,1992-07-29,2022-02-28,ACTIVE
101021,Customer_01021,BUSINESS,Mumbai,Maharashtra,2019-06-25,2023-06-23,ACTIVE
101022,Customer_01022,PREMIUM,Mumbai,Maharashtra,1982-09-06,2021-04-07,ACTIVE
101023,Customer_01023,RETAIL,Kolkata,West Bengal,2010-06-29,2025-08-22,ACTIVE
101024,Customer_01024,PREMIUM,Kolkata,West Bengal,2003-11-17,2020-01-27,ACTIVE
101025,Customer_01025,PREMIUM,Kolkata,West Bengal,2015-04-06,2025-07-27,ACTIVE
101026,Customer_01026,PREMIUM,Mumbai,Maharashtra,2020-02-27,2024-02-03,ACTIVE
101027,Customer_01027,RETAIL,Mumbai,Maharashtra,2014-12-01,2025-11-01,ACTIVE
101028,Customer_01028,RETAIL,Delhi,Delhi,1994-07-22,2021-12-06,ACTIVE
101029,Customer_01029,BUSINESS,Chennai,Tamil Nadu,2007-09-25,2025-11-30,ACTIVE
101030,Customer_01030,RETAIL,Delhi,Delhi,1985-11-09,2025-09-03,ACTIVE
101031,Customer_01031,RETAIL,Bangalore,Karnataka,1999-02-14,2023-01-01,ACTIVE
101032,Customer_01032,RETAIL,Pune,Maharashtra,1990-03-13,2021-11-11,ACTIVE
101033,Customer_01033,RETAIL,Hyderabad,Telangana,1989-06-09,2021-04-17,ACTIVE
101034,Customer_01034,RETAIL,Delhi,Delhi,2002-08-10,2020-12-29,ACTIVE
101035,Customer_01035,BUSINESS,Mumbai,Maharashtra,1984-05-17,2023-10-31,ACTIVE
101036,Customer_01036,PREMIUM,Hyderabad,Telangana,2002-07-13,2026-04-24,ACTIVE
101037,Customer_01037,BUSINESS,Ahmedabad,Gujarat,1995-08-18,2023-09-19,ACTIVE
101038,Customer_01038,RETAIL,Mumbai,Maharashtra,1988-08-08,2026-05-04,ACTIVE
101039,Customer_01039,RETAIL,Bangalore,Karnataka,2002-04-01,2024-12-18,ACTIVE
101040,Customer_01040,RETAIL,Kolkata,West Bengal,2009-12-29,2024-07-02,INACTIVE
101041,Customer_01041,RETAIL,Hyderabad,Telangana,2004-03-20,2024-10-05,ACTIVE
101042,Customer_01042,RETAIL,Kolkata,West Bengal,1982-10-12,2026-02-06,ACTIVE
101043,Customer_01043,PREMIUM,Bangalore,Karnataka,2002-04-01,2025-08-21,ACTIVE
101044,Customer_01044,BUSINESS,Delhi,Delhi,2004-10-01,2021-01-23,ACTIVE
101045,Customer_01045,RETAIL,Hyderabad,Telangana,2007-03-26,2023-11-04,ACTIVE
101046,Customer_01046,RETAIL,Pune,Maharashtra,1996-08-24,2023-01-09,ACTIVE
101047,Customer_01047,RETAIL,Pune,Maharashtra,1983-01-23,2025-10-11,ACTIVE
101048,Customer_01048,RETAIL,Chennai,Tamil Nadu,1984-05-21,2021-05-04,ACTIVE
101049,Customer_01049,RETAIL,Hyderabad,Telangana,1992-10-17,2025-05-21,ACTIVE
101050,Customer_01050,RETAIL,Mumbai,Maharashtra,2005-03-20,2023-02-23,ACTIVE
101051,Customer_01051,RETAIL,Chennai,Tamil Nadu,2009-07-07,2026-02-15,ACTIVE
101052,Customer_01052,RETAIL,Delhi,Delhi,2006-10-21,2025-03-13,ACTIVE
101053,Customer_01053,PREMIUM,Chennai,Tamil Nadu,1991-12-27,2022-04-07,ACTIVE
101054,Customer_01054,RETAIL,Ahmedabad,Gujarat,1997-03-27,2025-07-20,ACTIVE
101055,Customer_01055,RETAIL,Mumbai,Maharashtra,1981-01-31,2021-03-25,ACTIVE
101056,Customer_01056,RETAIL,Ahmedabad,Gujarat,2011-12-08,2020-01-10,ACTIVE
101057,Customer_01057,RETAIL,Bangalore,Karnataka,1993-09-05,2023-05-01,ACTIVE
101058,Customer_01058,RETAIL,Kolkata,West Bengal,2000-01-30,2022-07-23,ACTIVE
101059,Customer_01059,PREMIUM,Bangalore,Karnataka,1997-08-18,2020-10-28,ACTIVE
101060,Customer_01060,PREMIUM,Delhi,Delhi,1990-11-25,2026-07-13,ACTIVE
101061,Customer_01061,RETAIL,Kolkata,West Bengal,1986-01-26,2020-04-03,ACTIVE
101062,Customer_01062,RETAIL,Hyderabad,Telangana,2018-04-30,2023-11-15,ACTIVE
101063,Customer_01063,RETAIL,Pune,Maharashtra,1984-01-27,2021-09-18,ACTIVE
101064,Customer_01064,RETAIL,Hyderabad,Telangana,2017-12-07,2021-12-11,ACTIVE
101065,Customer_01065,RETAIL,Kolkata,West Bengal,1983-10-24,2021-05-21,ACTIVE
101066,Customer_01066,PREMIUM,Bangalore,Karnataka,1983-02-03,2022-07-22,ACTIVE
101067,Customer_01067,RETAIL,Ahmedabad,Gujarat,2016-04-01,2024-05-20,ACTIVE
101068,Customer_01068,RETAIL,Hyderabad,Telangana,2018-01-07,2022-02-13,ACTIVE
101069,Customer_01069,RETAIL,Delhi,Delhi,2015-12-07,2024-09-27,ACTIVE
101070,Customer_01070,RETAIL,Mumbai,Maharashtra,2011-01-05,2022-12-10,ACTIVE
101071,Customer_01071,BUSINESS,Hyderabad,Telangana,1999-05-25,2025-02-27,ACTIVE
101072,Customer_01072,RETAIL,Pune,Maharashtra,1983-07-18,2022-12-02,ACTIVE
101073,Customer_01073,RETAIL,Kolkata,West Bengal,2003-06-17,2022-05-27,ACTIVE
101074,Customer_01074,RETAIL,Chennai,Tamil Nadu,2000-06-28,2023-05-01,ACTIVE
101075,Customer_01075,PREMIUM,Bangalore,Karnataka,2009-05-17,2024-07-05,ACTIVE
101076,Customer_01076,RETAIL,Pune,Maharashtra,1980-08-07,2023-01-19,ACTIVE
101077,Customer_01077,RETAIL,Hyderabad,Telangana,1982-05-04,2025-12-14,ACTIVE
101078,Customer_01078,RETAIL,Pune,Maharashtra,2003-05-07,2023-05-23,ACTIVE
101079,Customer_01079,RETAIL,Bangalore,Karnataka,2014-04-15,2021-12-11,ACTIVE
101080,Customer_01080,PREMIUM,Kolkata,West Bengal,2017-06-27,2020-03-08,ACTIVE
101081,Customer_01081,RETAIL,Ahmedabad,Gujarat,2002-07-10,2022-07-31,ACTIVE
101082,Customer_01082,RETAIL,Ahmedabad,Gujarat,1994-04-15,2020-05-10,ACTIVE
101083,Customer_01083,RETAIL,Ahmedabad,Gujarat,1998-07-20,2020-03-26,ACTIVE
101084,Customer_01084,RETAIL,Chennai,Tamil Nadu,2000-01-20,2022-06-09,ACTIVE
101085,Customer_01085,RETAIL,Pune,Maharashtra,2004-08-03,2021-11-27,ACTIVE
101086,Customer_01086,PREMIUM,Kolkata,West Bengal,1988-07-05,2025-10-24,ACTIVE
101087,Customer_01087,RETAIL,Kolkata,West Bengal,1995-02-17,2024-10-18,ACTIVE
101088,Customer_01088,RETAIL,Ahmedabad,Gujarat,2001-05-19,2025-03-12,ACTIVE
101089,Customer_01089,RETAIL,Hyderabad,Telangana,2014-02-07,2023-08-02,ACTIVE
101090,Customer_01090,PREMIUM,Pune,Maharashtra,2012-02-15,2020-09-21,ACTIVE
101091,Customer_01091,RETAIL,Chennai,Tamil Nadu,2010-02-14,2025-08-04,ACTIVE
101092,Customer_01092,RETAIL,Bangalore,Karnataka,1988-01-02,2023-04-02,ACTIVE
101093,Customer_01093,RETAIL,Kolkata,West Bengal,1995-11-11,2022-10-26,ACTIVE
101094,Customer_01094,RETAIL,Bangalore,Karnataka,2001-11-23,2023-12-22,ACTIVE
101095,Customer_01095,BUSINESS,Delhi,Delhi,2018-11-27,2021-01-27,ACTIVE
101096,Customer_01096,RETAIL,Mumbai,Maharashtra,1993-09-23,2023-02-28,ACTIVE
101097,Customer_01097,RETAIL,Kolkata,West Bengal,2016-11-17,2023-12-24,ACTIVE
101098,Customer_01098,RETAIL,Kolkata,West Bengal,2009-11-17,2024-08-01,ACTIVE
101099,Customer_01099,RETAIL,Mumbai,Maharashtra,2005-03-11,2023-04-15,ACTIVE
101100,Customer_01100,RETAIL,Bangalore,Karnataka,2007-12-30,2026-07-21,ACTIVE
101101,Customer_01101,RETAIL,Bangalore,Karnataka,2011-09-26,2026-07-04,ACTIVE
101102,Customer_01102,RETAIL,Bangalore,Karnataka,2007-11-11,2020-08-19,ACTIVE
101103,Customer_01103,PREMIUM,Ahmedabad,Gujarat,2006-10-14,2020-07-17,ACTIVE
101104,Customer_01104,PREMIUM,Pune,Maharashtra,1994-09-06,2023-05-22,ACTIVE
101105,Customer_01105,RETAIL,Delhi,Delhi,1996-09-26,2025-06-09,ACTIVE
101106,Customer_01106,BUSINESS,Pune,Maharashtra,2003-10-11,2023-05-14,ACTIVE
101107,Customer_01107,BUSINESS,Pune,Maharashtra,2013-10-22,2021-06-04,ACTIVE
101108,Customer_01108,RETAIL,Ahmedabad,Gujarat,2005-11-26,2023-09-11,ACTIVE
101109,Customer_01109,RETAIL,Ahmedabad,Gujarat,2019-09-25,2026-03-13,ACTIVE
101110,Customer_01110,RETAIL,Mumbai,Maharashtra,2007-02-15,2021-02-04,ACTIVE
101111,Customer_01111,RETAIL,Hyderabad,Telangana,1995-11-26,2022-12-05,ACTIVE
101112,Customer_01112,RETAIL,Pune,Maharashtra,2002-10-15,2024-03-12,ACTIVE
101113,Customer_01113,RETAIL,Pune,Maharashtra,2004-10-05,2022-08-01,INACTIVE
101114,Customer_01114,BUSINESS,Delhi,Delhi,2014-10-06,2020-04-16,ACTIVE
101115,Customer_01115,RETAIL,Pune,Maharashtra,1989-09-03,2024-05-26,ACTIVE
101116,Customer_01116,PREMIUM,Bangalore,Karnataka,1989-05-19,2024-11-13,ACTIVE
101117,Customer_01117,RETAIL,Ahmedabad,Gujarat,1987-06-16,2024-04-21,ACTIVE
101118,Customer_01118,RETAIL,Chennai,Tamil Nadu,1981-06-16,2024-05-10,ACTIVE
101119,Customer_01119,PREMIUM,Hyderabad,Telangana,2006-11-20,2024-04-25,ACTIVE
101120,Customer_01120,RETAIL,Bangalore,Karnataka,2018-09-10,2022-03-04,ACTIVE
101121,Customer_01121,RETAIL,Mumbai,Maharashtra,2004-05-14,2020-02-09,ACTIVE
101122,Customer_01122,RETAIL,Mumbai,Maharashtra,1981-08-29,2026-07-01,ACTIVE
101123,Customer_01123,PREMIUM,Delhi,Delhi,1994-02-21,2021-05-05,ACTIVE
101124,Customer_01124,RETAIL,Pune,Maharashtra,2016-03-31,2025-06-12,ACTIVE
101125,Customer_01125,RETAIL,Kolkata,West Bengal,1981-04-17,2023-07-21,ACTIVE
101126,Customer_01126,RETAIL,Kolkata,West Bengal,2004-04-23,2023-07-18,ACTIVE
101127,Customer_01127,RETAIL,Kolkata,West Bengal,1997-04-05,2020-02-20,ACTIVE
101128,Customer_01128,RETAIL,Hyderabad,Telangana,2016-11-23,2026-07-05,ACTIVE
101129,Customer_01129,RETAIL,Chennai,Tamil Nadu,2000-03-28,2023-06-22,ACTIVE
101130,Customer_01130,RETAIL,Hyderabad,Telangana,2002-05-14,2025-06-15,ACTIVE
101131,Customer_01131,RETAIL,Bangalore,Karnataka,2008-10-28,2025-02-09,ACTIVE
101132,Customer_01132,RETAIL,Hyderabad,Telangana,2012-11-18,2020-11-27,INACTIVE
101133,Customer_01133,PREMIUM,Kolkata,West Bengal,2000-05-03,2026-03-24,ACTIVE
101134,Customer_01134,RETAIL,Kolkata,West Bengal,2008-10-14,2023-11-19,ACTIVE
101135,Customer_01135,RETAIL,Chennai,Tamil Nadu,2012-03-28,2021-03-20,ACTIVE
101136,Customer_01136,RETAIL,Mumbai,Maharashtra,2000-09-23,2023-10-26,ACTIVE
101137,Customer_01137,BUSINESS,Hyderabad,Telangana,2008-07-28,2024-01-19,ACTIVE
101138,Customer_01138,RETAIL,Delhi,Delhi,1994-01-31,2024-04-16,ACTIVE
101139,Customer_01139,RETAIL,Hyderabad,Telangana,1993-09-29,2022-02-10,ACTIVE
101140,Customer_01140,RETAIL,Chennai,Tamil Nadu,1979-04-13,2026-03-07,ACTIVE
101141,Customer_01141,RETAIL,Ahmedabad,Gujarat,2006-08-27,2021-07-22,ACTIVE
101142,Customer_01142,RETAIL,Delhi,Delhi,1989-06-20,2023-03-26,ACTIVE
101143,Customer_01143,RETAIL,Ahmedabad,Gujarat,2012-08-03,2025-07-05,ACTIVE
101144,Customer_01144,RETAIL,Kolkata,West Bengal,2018-04-02,2020-07-04,ACTIVE
101145,Customer_01145,RETAIL,Delhi,Delhi,2015-02-18,2022-08-26,ACTIVE
101146,Customer_01146,PREMIUM,Bangalore,Karnataka,1990-06-23,2023-02-24,ACTIVE
101147,Customer_01147,PREMIUM,Chennai,Tamil Nadu,2005-12-07,2025-01-28,ACTIVE
101148,Customer_01148,RETAIL,Kolkata,West Bengal,2010-01-15,2025-03-05,ACTIVE
101149,Customer_01149,BUSINESS,Hyderabad,Telangana,1999-12-13,2025-03-27,ACTIVE
101150,Customer_01150,PREMIUM,Kolkata,West Bengal,2000-01-18,2022-05-10,INACTIVE
101151,Customer_01151,PREMIUM,Delhi,Delhi,1997-02-23,2023-03-25,ACTIVE
101152,Customer_01152,PREMIUM,Chennai,Tamil Nadu,1991-11-01,2020-03-06,ACTIVE
101153,Customer_01153,RETAIL,Bangalore,Karnataka,2002-09-16,2025-05-28,ACTIVE
101154,Customer_01154,RETAIL,Ahmedabad,Gujarat,2019-11-13,2021-12-28,ACTIVE
101155,Customer_01155,RETAIL,Delhi,Delhi,1988-02-27,2023-01-26,ACTIVE
101156,Customer_01156,RETAIL,Chennai,Tamil Nadu,1981-02-03,2024-06-25,ACTIVE
101157,Customer_01157,RETAIL,Mumbai,Maharashtra,1981-06-22,2025-02-06,ACTIVE
101158,Customer_01158,RETAIL,Kolkata,West Bengal,2003-01-26,2020-07-25,ACTIVE
101159,Customer_01159,RETAIL,Bangalore,Karnataka,1990-04-02,2025-01-15,ACTIVE
101160,Customer_01160,BUSINESS,Delhi,Delhi,1998-02-12,2022-06-21,ACTIVE
101161,Customer_01161,PREMIUM,Chennai,Tamil Nadu,2018-03-16,2022-09-29,ACTIVE
101162,Customer_01162,RETAIL,Bangalore,Karnataka,1982-04-22,2020-11-15,ACTIVE
101163,Customer_01163,RETAIL,Kolkata,West Bengal,1986-05-03,2024-09-16,ACTIVE
101164,Customer_01164,RETAIL,Chennai,Tamil Nadu,1987-12-16,2023-02-16,ACTIVE
101165,Customer_01165,PREMIUM,Chennai,Tamil Nadu,1997-12-07,2020-09-06,ACTIVE
101166,Customer_01166,PREMIUM,Mumbai,Maharashtra,2007-09-04,2020-12-05,ACTIVE
101167,Customer_01167,RETAIL,Mumbai,Maharashtra,1986-09-10,2024-09-27,INACTIVE
101168,Customer_01168,RETAIL,Bangalore,Karnataka,1983-08-12,2020-09-18,ACTIVE
101169,Customer_01169,RETAIL,Ahmedabad,Gujarat,1982-09-08,2023-06-04,ACTIVE
101170,Customer_01170,PREMIUM,Ahmedabad,Gujarat,2012-01-23,2024-08-01,ACTIVE
101171,Customer_01171,BUSINESS,Hyderabad,Telangana,1980-05-18,2025-12-28,ACTIVE
101172,Customer_01172,RETAIL,Hyderabad,Telangana,2004-10-31,2021-01-14,ACTIVE
101173,Customer_01173,RETAIL,Bangalore,Karnataka,2002-11-30,2021-12-11,INACTIVE
101174,Customer_01174,RETAIL,Pune,Maharashtra,1983-04-22,2021-01-06,ACTIVE
101175,Customer_01175,RETAIL,Mumbai,Maharashtra,2001-11-08,2025-10-12,ACTIVE
101176,Customer_01176,BUSINESS,Delhi,Delhi,1990-12-11,2023-11-23,ACTIVE
101177,Customer_01177,PREMIUM,Delhi,Delhi,2000-04-24,2026-06-17,ACTIVE
101178,Customer_01178,RETAIL,Pune,Maharashtra,1984-10-18,2020-04-14,ACTIVE
101179,Customer_01179,RETAIL,Delhi,Delhi,2006-08-04,2024-08-21,ACTIVE
101180,Customer_01180,RETAIL,Mumbai,Maharashtra,2011-12-03,2020-03-20,ACTIVE
101181,Customer_01181,RETAIL,Chennai,Tamil Nadu,1979-04-18,2020-09-18,ACTIVE
101182,Customer_01182,RETAIL,Ahmedabad,Gujarat,2001-01-19,2022-11-01,ACTIVE
101183,Customer_01183,PREMIUM,Hyderabad,Telangana,2005-10-03,2022-05-30,ACTIVE
101184,Customer_01184,PREMIUM,Bangalore,Karnataka,1979-04-13,2022-05-26,ACTIVE
101185,Customer_01185,RETAIL,Bangalore,Karnataka,2008-11-24,2020-06-11,ACTIVE
101186,Customer_01186,PREMIUM,Delhi,Delhi,2001-06-17,2023-07-31,ACTIVE
101187,Customer_01187,PREMIUM,Pune,Maharashtra,1991-09-29,2022-03-28,ACTIVE
101188,Customer_01188,RETAIL,Chennai,Tamil Nadu,1998-12-29,2026-07-12,ACTIVE
101189,Customer_01189,RETAIL,Chennai,Tamil Nadu,2007-03-06,2025-03-09,ACTIVE
101190,Customer_01190,RETAIL,Mumbai,Maharashtra,2005-07-29,2022-11-09,ACTIVE
101191,Customer_01191,PREMIUM,Bangalore,Karnataka,2011-01-22,2025-01-11,ACTIVE
101192,Customer_01192,RETAIL,Delhi,Delhi,1980-08-05,2023-10-14,ACTIVE
101193,Customer_01193,RETAIL,Pune,Maharashtra,2011-07-02,2023-04-03,ACTIVE
101194,Customer_01194,RETAIL,Hyderabad,Telangana,1980-08-14,2026-01-15,ACTIVE
101195,Customer_01195,RETAIL,Chennai,Tamil Nadu,2005-11-10,2023-11-10,ACTIVE
101196,Customer_01196,RETAIL,Hyderabad,Telangana,1993-07-06,2023-03-05,ACTIVE
101197,Customer_01197,PREMIUM,Hyderabad,Telangana,1981-10-12,2023-09-21,INACTIVE
101198,Customer_01198,RETAIL,Ahmedabad,Gujarat,2007-06-11,2025-02-17,ACTIVE
101199,Customer_01199,RETAIL,Kolkata,West Bengal,2001-11-09,2024-11-14,ACTIVE
101200,Customer_01200,BUSINESS,Chennai,Tamil Nadu,2006-07-16,2023-08-09,ACTIVE
101201,Customer_01201,RETAIL,Ahmedabad,Gujarat,1994-08-09,2021-02-28,ACTIVE
101202,Customer_01202,RETAIL,Bangalore,Karnataka,1990-08-04,2024-03-09,ACTIVE
101203,Customer_01203,RETAIL,Ahmedabad,Gujarat,2004-10-25,2022-10-30,ACTIVE
101204,Customer_01204,RETAIL,Kolkata,West Bengal,1988-01-15,2026-02-16,ACTIVE
101205,Customer_01205,RETAIL,Hyderabad,Telangana,2012-07-07,2025-12-20,ACTIVE
101206,Customer_01206,PREMIUM,Ahmedabad,Gujarat,2007-03-21,2020-01-02,ACTIVE
101207,Customer_01207,RETAIL,Chennai,Tamil Nadu,2020-03-22,2026-07-25,ACTIVE
101208,Customer_01208,RETAIL,Hyderabad,Telangana,1980-04-11,2025-12-02,ACTIVE
101209,Customer_01209,RETAIL,Delhi,Delhi,2003-03-20,2025-12-17,ACTIVE
101210,Customer_01210,PREMIUM,Ahmedabad,Gujarat,2002-01-11,2023-04-09,ACTIVE
101211,Customer_01211,RETAIL,Chennai,Tamil Nadu,2014-05-20,2021-10-11,ACTIVE
101212,Customer_01212,PREMIUM,Kolkata,West Bengal,1996-07-31,2023-12-27,ACTIVE
101213,Customer_01213,RETAIL,Bangalore,Karnataka,2017-08-15,2025-10-20,ACTIVE
101214,Customer_01214,RETAIL,Kolkata,West Bengal,1988-12-25,2022-12-16,ACTIVE
101215,Customer_01215,RETAIL,Mumbai,Maharashtra,2014-03-31,2026-06-22,ACTIVE
101216,Customer_01216,RETAIL,Mumbai,Maharashtra,2000-07-13,2021-09-18,ACTIVE
101217,Customer_01217,RETAIL,Chennai,Tamil Nadu,2017-12-05,2025-08-09,ACTIVE
101218,Customer_01218,PREMIUM,Hyderabad,Telangana,1988-01-31,2020-06-07,ACTIVE
101219,Customer_01219,RETAIL,Kolkata,West Bengal,1989-11-07,2025-07-07,ACTIVE
101220,Customer_01220,RETAIL,Bangalore,Karnataka,2002-05-04,2026-03-18,ACTIVE
101221,Customer_01221,RETAIL,Hyderabad,Telangana,2001-10-29,2024-08-13,ACTIVE
101222,Customer_01222,RETAIL,Chennai,Tamil Nadu,1985-04-13,2024-02-06,ACTIVE
101223,Customer_01223,RETAIL,Ahmedabad,Gujarat,2005-11-30,2022-09-14,ACTIVE
101224,Customer_01224,RETAIL,Hyderabad,Telangana,1995-10-29,2025-09-27,ACTIVE
101225,Customer_01225,RETAIL,Bangalore,Karnataka,1985-05-18,2020-10-30,ACTIVE
101226,Customer_01226,RETAIL,Ahmedabad,Gujarat,2000-02-16,2021-11-28,ACTIVE
101227,Customer_01227,RETAIL,Mumbai,Maharashtra,2007-10-28,2020-11-10,INACTIVE
101228,Customer_01228,RETAIL,Ahmedabad,Gujarat,1980-06-19,2021-10-29,ACTIVE
101229,Customer_01229,RETAIL,Pune,Maharashtra,2016-12-17,2023-06-09,ACTIVE
101230,Customer_01230,RETAIL,Delhi,Delhi,2004-03-30,2022-03-16,ACTIVE
101231,Customer_01231,BUSINESS,Kolkata,West Bengal,1989-11-10,2022-10-06,ACTIVE
101232,Customer_01232,RETAIL,Hyderabad,Telangana,2009-12-23,2021-07-08,ACTIVE
101233,Customer_01233,PREMIUM,Ahmedabad,Gujarat,2013-10-23,2022-04-26,ACTIVE
101234,Customer_01234,RETAIL,Hyderabad,Telangana,2018-06-06,2023-04-10,INACTIVE
101235,Customer_01235,RETAIL,Hyderabad,Telangana,2011-08-17,2021-05-28,ACTIVE
101236,Customer_01236,RETAIL,Delhi,Delhi,1987-07-04,2026-02-24,ACTIVE
101237,Customer_01237,RETAIL,Mumbai,Maharashtra,1985-11-19,2025-11-23,ACTIVE
101238,Customer_01238,PREMIUM,Mumbai,Maharashtra,1987-09-26,2025-10-03,ACTIVE
101239,Customer_01239,PREMIUM,Delhi,Delhi,2015-02-14,2020-01-04,ACTIVE
101240,Customer_01240,RETAIL,Mumbai,Maharashtra,1991-09-07,2023-04-03,ACTIVE
101241,Customer_01241,RETAIL,Chennai,Tamil Nadu,1992-09-23,2025-03-23,ACTIVE
101242,Customer_01242,RETAIL,Kolkata,West Bengal,2015-09-30,2022-04-17,ACTIVE
101243,Customer_01243,RETAIL,Ahmedabad,Gujarat,1987-07-21,2021-07-09,ACTIVE
101244,Customer_01244,PREMIUM,Bangalore,Karnataka,1995-11-15,2024-01-08,ACTIVE
101245,Customer_01245,RETAIL,Ahmedabad,Gujarat,1991-05-03,2020-01-06,ACTIVE
101246,Customer_01246,RETAIL,Ahmedabad,Gujarat,1991-07-23,2024-01-09,ACTIVE
101247,Customer_01247,BUSINESS,Kolkata,West Bengal,2003-08-17,2022-12-19,ACTIVE
101248,Customer_01248,BUSINESS,Bangalore,Karnataka,2009-08-08,2024-06-29,ACTIVE
101249,Customer_01249,RETAIL,Delhi,Delhi,1990-01-21,2024-06-26,ACTIVE
101250,Customer_01250,RETAIL,Ahmedabad,Gujarat,1980-09-21,2023-07-09,ACTIVE
101251,Customer_01251,PREMIUM,Pune,Maharashtra,2005-06-03,2023-11-02,ACTIVE
101252,Customer_01252,RETAIL,Bangalore,Karnataka,2001-09-14,2020-03-05,ACTIVE
101253,Customer_01253,RETAIL,Mumbai,Maharashtra,2006-03-26,2026-06-13,ACTIVE
101254,Customer_01254,RETAIL,Kolkata,West Bengal,1997-08-26,2020-07-01,ACTIVE
101255,Customer_01255,BUSINESS,Hyderabad,Telangana,2011-01-24,2026-06-01,ACTIVE
101256,Customer_01256,BUSINESS,Mumbai,Maharashtra,2004-10-28,2026-05-26,ACTIVE
101257,Customer_01257,PREMIUM,Pune,Maharashtra,2010-04-12,2024-09-19,ACTIVE
101258,Customer_01258,RETAIL,Chennai,Tamil Nadu,2009-03-10,2024-11-25,ACTIVE
101259,Customer_01259,RETAIL,Chennai,Tamil Nadu,1999-07-26,2020-03-12,INACTIVE
101260,Customer_01260,RETAIL,Kolkata,West Bengal,1992-07-05,2026-03-25,ACTIVE
101261,Customer_01261,PREMIUM,Delhi,Delhi,2003-01-27,2023-06-22,ACTIVE
101262,Customer_01262,RETAIL,Ahmedabad,Gujarat,2005-04-20,2022-03-25,ACTIVE
101263,Customer_01263,RETAIL,Bangalore,Karnataka,2002-08-21,2024-05-26,ACTIVE
101264,Customer_01264,PREMIUM,Kolkata,West Bengal,2000-09-11,2023-07-07,ACTIVE
101265,Customer_01265,RETAIL,Pune,Maharashtra,1993-04-01,2022-05-17,ACTIVE
101266,Customer_01266,PREMIUM,Mumbai,Maharashtra,1984-08-31,2022-02-11,INACTIVE
101267,Customer_01267,RETAIL,Mumbai,Maharashtra,1996-09-21,2020-10-10,ACTIVE
101268,Customer_01268,PREMIUM,Delhi,Delhi,2015-05-17,2025-12-21,ACTIVE
101269,Customer_01269,RETAIL,Ahmedabad,Gujarat,2008-08-06,2024-05-16,ACTIVE
101270,Customer_01270,RETAIL,Mumbai,Maharashtra,2010-02-25,2021-11-21,ACTIVE
101271,Customer_01271,RETAIL,Delhi,Delhi,2009-06-05,2024-10-01,ACTIVE
101272,Customer_01272,RETAIL,Mumbai,Maharashtra,2017-01-05,2024-07-23,ACTIVE
101273,Customer_01273,RETAIL,Ahmedabad,Gujarat,1988-06-13,2020-12-01,ACTIVE
101274,Customer_01274,RETAIL,Hyderabad,Telangana,2008-10-01,2021-02-24,ACTIVE
101275,Customer_01275,RETAIL,Kolkata,West Bengal,1982-01-07,2021-07-08,ACTIVE
101276,Customer_01276,PREMIUM,Hyderabad,Telangana,1989-03-21,2020-09-09,ACTIVE
101277,Customer_01277,RETAIL,Hyderabad,Telangana,1980-05-16,2025-05-29,ACTIVE
101278,Customer_01278,PREMIUM,Kolkata,West Bengal,1996-11-04,2021-01-08,ACTIVE
101279,Customer_01279,PREMIUM,Mumbai,Maharashtra,1984-12-10,2025-05-01,ACTIVE
101280,Customer_01280,RETAIL,Kolkata,West Bengal,1995-01-20,2023-06-24,ACTIVE
101281,Customer_01281,PREMIUM,Hyderabad,Telangana,1984-09-10,2020-10-07,ACTIVE
101282,Customer_01282,RETAIL,Hyderabad,Telangana,1980-08-20,2025-07-19,ACTIVE
101283,Customer_01283,RETAIL,Bangalore,Karnataka,1998-10-10,2021-02-20,ACTIVE
101284,Customer_01284,RETAIL,Kolkata,West Bengal,1996-01-10,2026-07-26,ACTIVE
101285,Customer_01285,PREMIUM,Bangalore,Karnataka,1996-04-16,2020-02-03,ACTIVE
101286,Customer_01286,RETAIL,Mumbai,Maharashtra,1993-05-10,2024-02-03,ACTIVE
101287,Customer_01287,RETAIL,Ahmedabad,Gujarat,1995-12-22,2022-01-22,ACTIVE
101288,Customer_01288,BUSINESS,Pune,Maharashtra,1979-04-29,2023-07-04,ACTIVE
101289,Customer_01289,RETAIL,Mumbai,Maharashtra,1998-10-18,2025-07-08,ACTIVE
101290,Customer_01290,PREMIUM,Chennai,Tamil Nadu,2013-12-14,2025-03-03,ACTIVE
101291,Customer_01291,PREMIUM,Pune,Maharashtra,1984-11-23,2021-11-06,ACTIVE
101292,Customer_01292,BUSINESS,Kolkata,West Bengal,1985-01-27,2020-06-01,ACTIVE
101293,Customer_01293,BUSINESS,Bangalore,Karnataka,2011-03-14,2021-11-11,ACTIVE
101294,Customer_01294,BUSINESS,Mumbai,Maharashtra,1999-09-27,2025-04-26,ACTIVE
101295,Customer_01295,RETAIL,Ahmedabad,Gujarat,1989-09-22,2023-05-21,ACTIVE
101296,Customer_01296,PREMIUM,Chennai,Tamil Nadu,2011-05-23,2024-12-25,ACTIVE
101297,Customer_01297,PREMIUM,Delhi,Delhi,1992-07-05,2023-04-02,ACTIVE
101298,Customer_01298,RETAIL,Hyderabad,Telangana,2003-12-28,2023-06-24,ACTIVE
101299,Customer_01299,RETAIL,Chennai,Tamil Nadu,2001-12-31,2020-06-04,ACTIVE
101300,Customer_01300,BUSINESS,Mumbai,Maharashtra,1986-02-13,2020-02-25,ACTIVE
101301,Customer_01301,RETAIL,Kolkata,West Bengal,2010-03-04,2024-08-15,ACTIVE
101302,Customer_01302,RETAIL,Bangalore,Karnataka,2004-07-21,2021-04-30,ACTIVE
101303,Customer_01303,RETAIL,Hyderabad,Telangana,1987-09-23,2022-05-15,ACTIVE
101304,Customer_01304,RETAIL,Ahmedabad,Gujarat,2010-04-11,2022-06-06,ACTIVE
101305,Customer_01305,PREMIUM,Chennai,Tamil Nadu,2004-08-24,2024-02-28,ACTIVE
101306,Customer_01306,RETAIL,Hyderabad,Telangana,2014-04-08,2026-03-08,ACTIVE
101307,Customer_01307,PREMIUM,Delhi,Delhi,2012-11-05,2024-12-23,ACTIVE
101308,Customer_01308,PREMIUM,Pune,Maharashtra,1992-04-01,2024-03-12,ACTIVE
101309,Customer_01309,RETAIL,Bangalore,Karnataka,2017-08-19,2025-06-26,ACTIVE
101310,Customer_01310,PREMIUM,Kolkata,West Bengal,1980-07-22,2023-05-09,ACTIVE
101311,Customer_01311,RETAIL,Chennai,Tamil Nadu,1992-11-20,2020-12-14,ACTIVE
101312,Customer_01312,PREMIUM,Delhi,Delhi,2004-02-18,2023-03-18,ACTIVE
101313,Customer_01313,BUSINESS,Kolkata,West Bengal,2001-02-14,2026-06-05,ACTIVE
101314,Customer_01314,RETAIL,Kolkata,West Bengal,1988-06-08,2025-02-14,ACTIVE
101315,Customer_01315,PREMIUM,Ahmedabad,Gujarat,1987-05-11,2022-04-19,ACTIVE
101316,Customer_01316,RETAIL,Delhi,Delhi,2011-03-27,2022-02-15,ACTIVE
101317,Customer_01317,RETAIL,Hyderabad,Telangana,2015-02-22,2026-01-12,ACTIVE
101318,Customer_01318,PREMIUM,Chennai,Tamil Nadu,2007-02-01,2020-08-14,ACTIVE
101319,Customer_01319,RETAIL,Bangalore,Karnataka,2000-12-09,2026-02-16,ACTIVE
101320,Customer_01320,RETAIL,Bangalore,Karnataka,2010-12-01,2024-06-12,ACTIVE
101321,Customer_01321,RETAIL,Mumbai,Maharashtra,1989-01-08,2025-04-22,INACTIVE
101322,Customer_01322,RETAIL,Delhi,Delhi,2018-11-24,2022-02-28,ACTIVE
101323,Customer_01323,PREMIUM,Chennai,Tamil Nadu,1984-04-18,2024-04-05,ACTIVE
101324,Customer_01324,RETAIL,Ahmedabad,Gujarat,2003-03-04,2022-02-20,ACTIVE
101325,Customer_01325,RETAIL,Kolkata,West Bengal,1993-03-04,2020-02-11,ACTIVE
101326,Customer_01326,RETAIL,Pune,Maharashtra,2016-04-20,2022-12-27,ACTIVE
101327,Customer_01327,PREMIUM,Hyderabad,Telangana,1989-03-21,2026-06-09,ACTIVE
101328,Customer_01328,RETAIL,Mumbai,Maharashtra,2005-07-11,2021-08-05,ACTIVE
101329,Customer_01329,RETAIL,Hyderabad,Telangana,1985-07-31,2021-01-23,ACTIVE
101330,Customer_01330,RETAIL,Delhi,Delhi,1986-08-18,2026-01-21,ACTIVE
101331,Customer_01331,RETAIL,Bangalore,Karnataka,1996-04-05,2025-12-24,INACTIVE
101332,Customer_01332,BUSINESS,Hyderabad,Telangana,2011-12-28,2025-07-25,ACTIVE
101333,Customer_01333,RETAIL,Bangalore,Karnataka,1990-08-02,2026-06-01,ACTIVE
101334,Customer_01334,RETAIL,Kolkata,West Bengal,2007-08-27,2026-07-06,INACTIVE
101335,Customer_01335,PREMIUM,Chennai,Tamil Nadu,2002-08-17,2026-01-13,ACTIVE
101336,Customer_01336,RETAIL,Ahmedabad,Gujarat,2019-04-30,2026-05-03,ACTIVE
101337,Customer_01337,RETAIL,Hyderabad,Telangana,1991-07-07,2024-11-22,ACTIVE
101338,Customer_01338,RETAIL,Delhi,Delhi,1989-02-28,2022-01-24,ACTIVE
101339,Customer_01339,RETAIL,Kolkata,West Bengal,2016-03-26,2023-01-04,ACTIVE
101340,Customer_01340,PREMIUM,Bangalore,Karnataka,1992-11-04,2022-07-02,ACTIVE
101341,Customer_01341,PREMIUM,Chennai,Tamil Nadu,1987-12-24,2023-05-07,ACTIVE
101342,Customer_01342,BUSINESS,Pune,Maharashtra,2012-11-25,2024-08-02,ACTIVE
101343,Customer_01343,PREMIUM,Mumbai,Maharashtra,2012-07-18,2021-08-03,ACTIVE
101344,Customer_01344,RETAIL,Chennai,Tamil Nadu,1981-09-30,2020-02-08,ACTIVE
101345,Customer_01345,RETAIL,Pune,Maharashtra,2014-04-28,2023-12-17,ACTIVE
101346,Customer_01346,RETAIL,Ahmedabad,Gujarat,2005-03-02,2026-07-13,ACTIVE
101347,Customer_01347,BUSINESS,Kolkata,West Bengal,1990-08-14,2025-08-30,ACTIVE
101348,Customer_01348,PREMIUM,Hyderabad,Telangana,2001-02-26,2020-01-27,ACTIVE
101349,Customer_01349,RETAIL,Hyderabad,Telangana,1988-12-18,2023-12-07,ACTIVE
101350,Customer_01350,PREMIUM,Chennai,Tamil Nadu,1986-02-05,2023-06-29,ACTIVE
101351,Customer_01351,PREMIUM,Mumbai,Maharashtra,1984-08-07,2022-10-16,ACTIVE
101352,Customer_01352,BUSINESS,Bangalore,Karnataka,1985-12-11,2024-05-23,ACTIVE
101353,Customer_01353,PREMIUM,Bangalore,Karnataka,2003-02-06,2022-10-20,ACTIVE
101354,Customer_01354,RETAIL,Ahmedabad,Gujarat,2012-06-08,2026-01-02,ACTIVE
101355,Customer_01355,RETAIL,Pune,Maharashtra,1999-02-21,2025-12-18,ACTIVE
101356,Customer_01356,RETAIL,Bangalore,Karnataka,1979-10-19,2024-03-25,ACTIVE
101357,Customer_01357,RETAIL,Delhi,Delhi,1996-10-09,2023-01-05,ACTIVE
101358,Customer_01358,BUSINESS,Pune,Maharashtra,2009-11-01,2023-12-03,ACTIVE
101359,Customer_01359,RETAIL,Mumbai,Maharashtra,2013-06-20,2025-11-30,ACTIVE
101360,Customer_01360,RETAIL,Delhi,Delhi,2009-04-03,2021-12-21,ACTIVE
101361,Customer_01361,RETAIL,Mumbai,Maharashtra,1994-05-03,2025-09-15,ACTIVE
101362,Customer_01362,RETAIL,Mumbai,Maharashtra,2005-11-05,2023-11-19,ACTIVE
101363,Customer_01363,RETAIL,Delhi,Delhi,1981-12-21,2020-06-01,ACTIVE
101364,Customer_01364,RETAIL,Pune,Maharashtra,1995-12-25,2024-12-04,ACTIVE
101365,Customer_01365,PREMIUM,Chennai,Tamil Nadu,2001-03-18,2021-04-30,ACTIVE
101366,Customer_01366,RETAIL,Mumbai,Maharashtra,1980-04-29,2023-05-22,ACTIVE
101367,Customer_01367,RETAIL,Delhi,Delhi,1979-10-03,2026-03-30,ACTIVE
101368,Customer_01368,RETAIL,Bangalore,Karnataka,2012-02-03,2025-02-14,ACTIVE
101369,Customer_01369,RETAIL,Ahmedabad,Gujarat,1988-03-18,2024-08-05,ACTIVE
101370,Customer_01370,PREMIUM,Hyderabad,Telangana,1984-04-29,2020-06-16,ACTIVE
101371,Customer_01371,PREMIUM,Ahmedabad,Gujarat,2003-06-24,2025-08-23,ACTIVE
101372,Customer_01372,RETAIL,Delhi,Delhi,1990-09-11,2022-03-15,ACTIVE
101373,Customer_01373,BUSINESS,Bangalore,Karnataka,2019-05-21,2020-04-30,ACTIVE
101374,Customer_01374,PREMIUM,Bangalore,Karnataka,2018-01-17,2026-04-22,ACTIVE
101375,Customer_01375,RETAIL,Ahmedabad,Gujarat,2013-01-01,2021-04-02,ACTIVE
101376,Customer_01376,RETAIL,Ahmedabad,Gujarat,1991-07-24,2022-02-15,ACTIVE
101377,Customer_01377,RETAIL,Ahmedabad,Gujarat,2015-02-12,2020-12-07,ACTIVE
101378,Customer_01378,PREMIUM,Kolkata,West Bengal,1989-08-23,2024-02-01,ACTIVE
101379,Customer_01379,RETAIL,Chennai,Tamil Nadu,1989-01-02,2025-09-13,ACTIVE
101380,Customer_01380,RETAIL,Chennai,Tamil Nadu,2019-02-20,2023-06-01,INACTIVE
101381,Customer_01381,PREMIUM,Ahmedabad,Gujarat,2006-11-07,2025-09-17,ACTIVE
101382,Customer_01382,PREMIUM,Delhi,Delhi,1982-09-10,2026-02-25,ACTIVE
101383,Customer_01383,PREMIUM,Delhi,Delhi,2015-07-29,2025-09-25,ACTIVE
101384,Customer_01384,PREMIUM,Ahmedabad,Gujarat,1985-10-06,2021-01-25,ACTIVE
101385,Customer_01385,RETAIL,Bangalore,Karnataka,2007-02-21,2021-05-09,ACTIVE
101386,Customer_01386,PREMIUM,Pune,Maharashtra,1997-03-01,2021-12-19,ACTIVE
101387,Customer_01387,RETAIL,Chennai,Tamil Nadu,1979-11-19,2024-03-11,ACTIVE
101388,Customer_01388,RETAIL,Delhi,Delhi,2011-07-07,2025-08-31,INACTIVE
101389,Customer_01389,BUSINESS,Ahmedabad,Gujarat,2007-05-13,2022-01-20,ACTIVE
101390,Customer_01390,RETAIL,Ahmedabad,Gujarat,2015-06-26,2024-05-17,INACTIVE
101391,Customer_01391,RETAIL,Delhi,Delhi,2004-04-16,2021-03-25,ACTIVE
101392,Customer_01392,RETAIL,Chennai,Tamil Nadu,2010-03-13,2023-07-27,ACTIVE
101393,Customer_01393,RETAIL,Ahmedabad,Gujarat,2016-05-16,2025-02-14,ACTIVE
101394,Customer_01394,RETAIL,Hyderabad,Telangana,2019-04-03,2022-08-05,ACTIVE
101395,Customer_01395,RETAIL,Pune,Maharashtra,2002-03-10,2021-01-26,ACTIVE
101396,Customer_01396,PREMIUM,Chennai,Tamil Nadu,1979-11-09,2022-09-14,ACTIVE
101397,Customer_01397,PREMIUM,Chennai,Tamil Nadu,1993-05-14,2025-01-03,ACTIVE
101398,Customer_01398,RETAIL,Hyderabad,Telangana,2004-08-09,2026-02-21,ACTIVE
101399,Customer_01399,RETAIL,Mumbai,Maharashtra,1983-09-01,2024-01-18,ACTIVE
101400,Customer_01400,PREMIUM,Delhi,Delhi,1983-12-11,2024-05-29,ACTIVE
101401,Customer_01401,RETAIL,Kolkata,West Bengal,1995-05-19,2022-10-03,ACTIVE
101402,Customer_01402,RETAIL,Pune,Maharashtra,2016-07-20,2026-02-07,ACTIVE
101403,Customer_01403,RETAIL,Delhi,Delhi,1992-05-17,2025-09-18,ACTIVE
101404,Customer_01404,RETAIL,Delhi,Delhi,2017-07-29,2026-05-22,ACTIVE
101405,Customer_01405,RETAIL,Pune,Maharashtra,2012-02-21,2025-09-03,ACTIVE
101406,Customer_01406,PREMIUM,Pune,Maharashtra,1991-08-11,2023-08-05,ACTIVE
101407,Customer_01407,BUSINESS,Delhi,Delhi,1988-08-26,2026-04-24,ACTIVE
101408,Customer_01408,RETAIL,Kolkata,West Bengal,2013-02-26,2024-01-03,ACTIVE
101409,Customer_01409,RETAIL,Mumbai,Maharashtra,2010-03-19,2023-12-14,ACTIVE
101410,Customer_01410,RETAIL,Delhi,Delhi,2005-01-18,2024-04-24,ACTIVE
101411,Customer_01411,RETAIL,Mumbai,Maharashtra,2019-05-02,2021-03-22,ACTIVE
101412,Customer_01412,PREMIUM,Chennai,Tamil Nadu,1983-04-17,2025-07-07,ACTIVE
101413,Customer_01413,RETAIL,Delhi,Delhi,1995-01-03,2022-05-20,ACTIVE
101414,Customer_01414,BUSINESS,Kolkata,West Bengal,2003-12-02,2024-04-30,ACTIVE
101415,Customer_01415,RETAIL,Chennai,Tamil Nadu,1982-02-10,2025-07-19,ACTIVE
101416,Customer_01416,RETAIL,Kolkata,West Bengal,2019-04-01,2020-10-02,ACTIVE
101417,Customer_01417,RETAIL,Hyderabad,Telangana,2002-08-25,2021-12-23,ACTIVE
101418,Customer_01418,RETAIL,Bangalore,Karnataka,1991-10-26,2026-03-11,ACTIVE
101419,Customer_01419,PREMIUM,Kolkata,West Bengal,1988-12-26,2022-05-16,ACTIVE
101420,Customer_01420,PREMIUM,Bangalore,Karnataka,1979-03-19,2024-05-05,ACTIVE
101421,Customer_01421,RETAIL,Ahmedabad,Gujarat,2003-07-03,2023-09-09,ACTIVE
101422,Customer_01422,RETAIL,Ahmedabad,Gujarat,2019-04-12,2025-09-18,INACTIVE
101423,Customer_01423,PREMIUM,Chennai,Tamil Nadu,1980-08-26,2023-05-09,ACTIVE
101424,Customer_01424,PREMIUM,Hyderabad,Telangana,1996-03-01,2022-10-16,ACTIVE
101425,Customer_01425,RETAIL,Delhi,Delhi,2006-05-10,2020-02-09,ACTIVE
101426,Customer_01426,RETAIL,Kolkata,West Bengal,1996-11-10,2023-02-13,ACTIVE
101427,Customer_01427,RETAIL,Hyderabad,Telangana,2005-11-23,2023-11-05,ACTIVE
101428,Customer_01428,RETAIL,Ahmedabad,Gujarat,2008-06-06,2024-07-11,ACTIVE
101429,Customer_01429,RETAIL,Delhi,Delhi,2018-10-27,2025-02-15,ACTIVE
101430,Customer_01430,RETAIL,Kolkata,West Bengal,2003-12-26,2025-02-06,ACTIVE
101431,Customer_01431,RETAIL,Bangalore,Karnataka,2008-04-25,2023-01-07,ACTIVE
101432,Customer_01432,RETAIL,Pune,Maharashtra,1991-07-26,2020-07-07,ACTIVE
101433,Customer_01433,RETAIL,Pune,Maharashtra,1985-05-11,2021-09-02,ACTIVE
101434,Customer_01434,BUSINESS,Chennai,Tamil Nadu,1983-04-09,2022-09-04,ACTIVE
101435,Customer_01435,RETAIL,Delhi,Delhi,1983-08-28,2026-06-07,INACTIVE
101436,Customer_01436,RETAIL,Mumbai,Maharashtra,2013-02-21,2025-01-21,ACTIVE
101437,Customer_01437,RETAIL,Bangalore,Karnataka,1980-10-31,2025-11-16,ACTIVE
101438,Customer_01438,RETAIL,Hyderabad,Telangana,1999-01-06,2026-07-09,ACTIVE
101439,Customer_01439,PREMIUM,Delhi,Delhi,2004-05-09,2020-11-15,ACTIVE
101440,Customer_01440,RETAIL,Ahmedabad,Gujarat,2006-10-13,2020-01-28,ACTIVE
101441,Customer_01441,RETAIL,Kolkata,West Bengal,1981-11-16,2023-10-09,ACTIVE
101442,Customer_01442,BUSINESS,Chennai,Tamil Nadu,2014-07-03,2021-09-27,ACTIVE
101443,Customer_01443,PREMIUM,Ahmedabad,Gujarat,1997-02-15,2025-09-16,ACTIVE
101444,Customer_01444,PREMIUM,Bangalore,Karnataka,1979-11-22,2023-01-20,ACTIVE
101445,Customer_01445,RETAIL,Pune,Maharashtra,1984-08-13,2020-01-23,ACTIVE
101446,Customer_01446,RETAIL,Mumbai,Maharashtra,2014-06-16,2021-06-19,ACTIVE
101447,Customer_01447,PREMIUM,Ahmedabad,Gujarat,2017-11-24,2022-03-30,INACTIVE
101448,Customer_01448,RETAIL,Ahmedabad,Gujarat,2010-01-14,2020-03-05,ACTIVE
101449,Customer_01449,PREMIUM,Hyderabad,Telangana,1992-11-08,2022-01-31,ACTIVE
101450,Customer_01450,PREMIUM,Mumbai,Maharashtra,2018-01-18,2023-07-18,ACTIVE
101451,Customer_01451,RETAIL,Delhi,Delhi,1990-06-27,2025-11-13,ACTIVE
101452,Customer_01452,RETAIL,Mumbai,Maharashtra,1988-10-03,2024-04-07,ACTIVE
101453,Customer_01453,RETAIL,Mumbai,Maharashtra,2010-07-31,2020-08-11,ACTIVE
101454,Customer_01454,RETAIL,Pune,Maharashtra,1992-05-28,2022-09-25,ACTIVE
101455,Customer_01455,PREMIUM,Chennai,Tamil Nadu,2000-07-08,2025-01-18,ACTIVE
101456,Customer_01456,PREMIUM,Mumbai,Maharashtra,2006-05-01,2022-06-06,ACTIVE
101457,Customer_01457,RETAIL,Ahmedabad,Gujarat,1985-12-26,2023-09-13,ACTIVE
101458,Customer_01458,PREMIUM,Bangalore,Karnataka,2017-03-08,2026-06-23,ACTIVE
101459,Customer_01459,RETAIL,Delhi,Delhi,1985-12-30,2020-11-26,ACTIVE
101460,Customer_01460,PREMIUM,Chennai,Tamil Nadu,2019-12-07,2023-02-20,ACTIVE
101461,Customer_01461,RETAIL,Kolkata,West Bengal,1990-07-22,2024-01-03,ACTIVE
101462,Customer_01462,PREMIUM,Delhi,Delhi,1996-04-12,2025-03-30,ACTIVE
101463,Customer_01463,PREMIUM,Mumbai,Maharashtra,1989-07-26,2025-07-01,ACTIVE
101464,Customer_01464,RETAIL,Mumbai,Maharashtra,2001-04-23,2021-11-20,INACTIVE
101465,Customer_01465,RETAIL,Kolkata,West Bengal,1979-03-14,2023-01-25,ACTIVE
101466,Customer_01466,PREMIUM,Mumbai,Maharashtra,1986-03-03,2025-06-15,ACTIVE
101467,Customer_01467,RETAIL,Hyderabad,Telangana,2000-06-29,2025-07-06,ACTIVE
101468,Customer_01468,PREMIUM,Bangalore,Karnataka,2007-08-31,2025-05-30,ACTIVE
101469,Customer_01469,BUSINESS,Kolkata,West Bengal,2018-09-14,2024-05-21,ACTIVE
101470,Customer_01470,PREMIUM,Mumbai,Maharashtra,2013-07-21,2021-10-04,ACTIVE
101471,Customer_01471,RETAIL,Ahmedabad,Gujarat,2017-01-06,2022-06-02,ACTIVE
101472,Customer_01472,RETAIL,Hyderabad,Telangana,2011-12-18,2024-04-23,INACTIVE
101473,Customer_01473,BUSINESS,Bangalore,Karnataka,2011-01-20,2021-09-02,ACTIVE
101474,Customer_01474,RETAIL,Pune,Maharashtra,1993-05-14,2024-06-24,ACTIVE
101475,Customer_01475,RETAIL,Ahmedabad,Gujarat,2016-05-01,2023-05-21,ACTIVE
101476,Customer_01476,RETAIL,Delhi,Delhi,2018-09-21,2022-11-28,ACTIVE
101477,Customer_01477,PREMIUM,Bangalore,Karnataka,2000-04-03,2022-05-03,ACTIVE
101478,Customer_01478,RETAIL,Bangalore,Karnataka,1984-02-09,2025-01-31,ACTIVE
101479,Customer_01479,RETAIL,Pune,Maharashtra,1980-11-30,2023-01-22,ACTIVE
101480,Customer_01480,RETAIL,Bangalore,Karnataka,1999-06-14,2022-01-06,ACTIVE
101481,Customer_01481,PREMIUM,Pune,Maharashtra,2005-03-27,2022-07-10,ACTIVE
101482,Customer_01482,RETAIL,Mumbai,Maharashtra,2001-12-09,2023-03-08,ACTIVE
101483,Customer_01483,PREMIUM,Delhi,Delhi,2015-12-21,2024-01-22,ACTIVE
101484,Customer_01484,PREMIUM,Mumbai,Maharashtra,2001-03-13,2026-07-04,ACTIVE
101485,Customer_01485,BUSINESS,Bangalore,Karnataka,2006-04-24,2022-03-28,ACTIVE
101486,Customer_01486,PREMIUM,Kolkata,West Bengal,2010-04-16,2021-03-04,ACTIVE
101487,Customer_01487,RETAIL,Pune,Maharashtra,2015-11-30,2026-06-05,ACTIVE
101488,Customer_01488,PREMIUM,Mumbai,Maharashtra,2004-03-14,2020-12-20,ACTIVE
101489,Customer_01489,RETAIL,Mumbai,Maharashtra,2002-01-22,2025-12-09,ACTIVE
101490,Customer_01490,BUSINESS,Chennai,Tamil Nadu,1982-05-01,2020-12-07,ACTIVE
101491,Customer_01491,RETAIL,Delhi,Delhi,2005-07-18,2022-05-23,ACTIVE
101492,Customer_01492,PREMIUM,Bangalore,Karnataka,1986-07-20,2026-07-23,ACTIVE
101493,Customer_01493,PREMIUM,Mumbai,Maharashtra,1994-04-23,2021-02-01,ACTIVE
101494,Customer_01494,RETAIL,Delhi,Delhi,2001-01-08,2021-01-18,ACTIVE
101495,Customer_01495,PREMIUM,Bangalore,Karnataka,1982-07-23,2024-01-02,INACTIVE
101496,Customer_01496,RETAIL,Bangalore,Karnataka,2007-09-09,2021-04-01,ACTIVE
101497,Customer_01497,RETAIL,Chennai,Tamil Nadu,1990-09-07,2020-02-28,ACTIVE
101498,Customer_01498,RETAIL,Kolkata,West Bengal,2000-04-12,2024-07-25,INACTIVE
101499,Customer_01499,RETAIL,Bangalore,Karnataka,1993-07-19,2026-04-21,ACTIVE
101500,Customer_01500,RETAIL,Kolkata,West Bengal,1993-10-06,2024-12-27,ACTIVE
101501,Customer_01501,BUSINESS,Chennai,Tamil Nadu,1995-05-03,2026-05-03,ACTIVE
101502,Customer_01502,RETAIL,Delhi,Delhi,1981-04-07,2023-06-18,ACTIVE
101503,Customer_01503,RETAIL,Pune,Maharashtra,1987-03-10,2024-01-13,ACTIVE
101504,Customer_01504,PREMIUM,Delhi,Delhi,2011-06-10,2026-06-16,ACTIVE
101505,Customer_01505,PREMIUM,Chennai,Tamil Nadu,1984-03-03,2023-04-23,ACTIVE
101506,Customer_01506,RETAIL,Pune,Maharashtra,1999-08-01,2020-04-03,ACTIVE
101507,Customer_01507,BUSINESS,Ahmedabad,Gujarat,1984-11-30,2021-07-27,ACTIVE
101508,Customer_01508,RETAIL,Bangalore,Karnataka,2001-04-16,2024-01-29,ACTIVE
101509,Customer_01509,RETAIL,Kolkata,West Bengal,2005-08-07,2025-08-19,ACTIVE
101510,Customer_01510,RETAIL,Hyderabad,Telangana,1998-06-04,2023-12-26,ACTIVE
101511,Customer_01511,PREMIUM,Delhi,Delhi,2010-11-06,2022-08-31,ACTIVE
101512,Customer_01512,RETAIL,Pune,Maharashtra,1990-01-23,2022-02-09,ACTIVE
101513,Customer_01513,RETAIL,Hyderabad,Telangana,2002-01-28,2024-06-27,ACTIVE
101514,Customer_01514,PREMIUM,Delhi,Delhi,1990-07-07,2025-11-28,ACTIVE
101515,Customer_01515,RETAIL,Pune,Maharashtra,2000-01-25,2021-10-29,ACTIVE
101516,Customer_01516,RETAIL,Ahmedabad,Gujarat,1981-10-09,2023-08-19,ACTIVE
101517,Customer_01517,PREMIUM,Bangalore,Karnataka,1990-03-20,2022-10-22,ACTIVE
101518,Customer_01518,PREMIUM,Mumbai,Maharashtra,2008-03-22,2021-08-14,ACTIVE
101519,Customer_01519,RETAIL,Bangalore,Karnataka,2011-02-12,2022-08-30,INACTIVE
101520,Customer_01520,RETAIL,Bangalore,Karnataka,1990-05-01,2020-07-31,ACTIVE
101521,Customer_01521,BUSINESS,Kolkata,West Bengal,1989-10-07,2023-06-26,ACTIVE
101522,Customer_01522,RETAIL,Hyderabad,Telangana,1991-06-05,2020-09-14,ACTIVE
101523,Customer_01523,RETAIL,Pune,Maharashtra,1990-08-19,2023-02-11,ACTIVE
101524,Customer_01524,RETAIL,Pune,Maharashtra,2019-12-19,2025-11-23,ACTIVE
101525,Customer_01525,RETAIL,Chennai,Tamil Nadu,2005-11-26,2020-12-15,ACTIVE
101526,Customer_01526,BUSINESS,Mumbai,Maharashtra,1995-01-04,2021-08-23,ACTIVE
101527,Customer_01527,RETAIL,Delhi,Delhi,1998-02-19,2024-09-26,ACTIVE
101528,Customer_01528,RETAIL,Pune,Maharashtra,2000-02-20,2025-12-16,ACTIVE
101529,Customer_01529,RETAIL,Mumbai,Maharashtra,2001-11-15,2026-04-12,ACTIVE
101530,Customer_01530,RETAIL,Ahmedabad,Gujarat,1995-01-14,2020-10-15,ACTIVE
101531,Customer_01531,RETAIL,Mumbai,Maharashtra,2019-03-08,2021-07-27,ACTIVE
101532,Customer_01532,BUSINESS,Mumbai,Maharashtra,1991-01-30,2026-06-19,ACTIVE
101533,Customer_01533,PREMIUM,Ahmedabad,Gujarat,1996-09-17,2023-04-28,ACTIVE
101534,Customer_01534,RETAIL,Pune,Maharashtra,1979-05-28,2025-06-23,ACTIVE
101535,Customer_01535,RETAIL,Kolkata,West Bengal,1999-05-10,2020-02-04,ACTIVE
101536,Customer_01536,RETAIL,Mumbai,Maharashtra,2014-04-10,2020-10-05,ACTIVE
101537,Customer_01537,RETAIL,Pune,Maharashtra,2020-02-13,2021-05-05,ACTIVE
101538,Customer_01538,RETAIL,Mumbai,Maharashtra,1998-08-06,2020-07-25,ACTIVE
101539,Customer_01539,RETAIL,Hyderabad,Telangana,1984-11-21,2025-11-07,ACTIVE
101540,Customer_01540,PREMIUM,Chennai,Tamil Nadu,2008-09-23,2025-04-12,ACTIVE
101541,Customer_01541,PREMIUM,Bangalore,Karnataka,2005-06-21,2022-07-25,ACTIVE
101542,Customer_01542,RETAIL,Pune,Maharashtra,2018-07-14,2020-07-06,ACTIVE
101543,Customer_01543,BUSINESS,Mumbai,Maharashtra,1999-11-29,2020-09-11,ACTIVE
101544,Customer_01544,RETAIL,Chennai,Tamil Nadu,1979-04-13,2021-09-21,ACTIVE
101545,Customer_01545,RETAIL,Pune,Maharashtra,2016-02-27,2024-10-10,ACTIVE
101546,Customer_01546,PREMIUM,Chennai,Tamil Nadu,2006-11-20,2025-04-06,ACTIVE
101547,Customer_01547,RETAIL,Hyderabad,Telangana,2012-01-10,2023-07-18,ACTIVE
101548,Customer_01548,RETAIL,Kolkata,West Bengal,1984-01-14,2025-12-18,ACTIVE
101549,Customer_01549,PREMIUM,Bangalore,Karnataka,1997-12-09,2026-02-05,ACTIVE
101550,Customer_01550,RETAIL,Mumbai,Maharashtra,1997-12-21,2025-01-16,ACTIVE
101551,Customer_01551,PREMIUM,Delhi,Delhi,1990-02-26,2020-07-08,ACTIVE
101552,Customer_01552,RETAIL,Kolkata,West Bengal,2013-12-09,2025-11-05,ACTIVE
101553,Customer_01553,PREMIUM,Chennai,Tamil Nadu,1986-11-20,2025-12-20,INACTIVE
101554,Customer_01554,RETAIL,Chennai,Tamil Nadu,1982-02-06,2023-09-05,ACTIVE
101555,Customer_01555,RETAIL,Bangalore,Karnataka,1988-10-14,2023-12-09,ACTIVE
101556,Customer_01556,RETAIL,Pune,Maharashtra,2019-10-22,2025-02-14,ACTIVE
101557,Customer_01557,PREMIUM,Ahmedabad,Gujarat,1983-10-28,2023-11-22,ACTIVE
101558,Customer_01558,RETAIL,Kolkata,West Bengal,2003-01-07,2022-04-06,ACTIVE
101559,Customer_01559,PREMIUM,Ahmedabad,Gujarat,1986-09-07,2024-07-30,ACTIVE
101560,Customer_01560,RETAIL,Kolkata,West Bengal,1995-05-21,2025-02-27,ACTIVE
101561,Customer_01561,RETAIL,Delhi,Delhi,2001-10-29,2020-12-05,INACTIVE
101562,Customer_01562,RETAIL,Delhi,Delhi,1979-12-19,2024-06-19,ACTIVE
101563,Customer_01563,RETAIL,Pune,Maharashtra,1989-01-26,2021-02-19,ACTIVE
101564,Customer_01564,BUSINESS,Ahmedabad,Gujarat,2003-04-07,2023-10-11,ACTIVE
101565,Customer_01565,RETAIL,Chennai,Tamil Nadu,1979-10-05,2020-09-15,ACTIVE
101566,Customer_01566,PREMIUM,Bangalore,Karnataka,1999-06-28,2026-07-09,ACTIVE
101567,Customer_01567,RETAIL,Ahmedabad,Gujarat,2003-12-15,2024-05-21,ACTIVE
101568,Customer_01568,RETAIL,Chennai,Tamil Nadu,1988-01-03,2023-02-01,INACTIVE
101569,Customer_01569,RETAIL,Ahmedabad,Gujarat,1985-10-28,2023-04-24,ACTIVE
101570,Customer_01570,PREMIUM,Ahmedabad,Gujarat,1999-04-22,2024-01-26,ACTIVE
101571,Customer_01571,PREMIUM,Mumbai,Maharashtra,2008-09-04,2020-10-26,ACTIVE
101572,Customer_01572,RETAIL,Delhi,Delhi,1979-09-09,2023-05-08,ACTIVE
101573,Customer_01573,RETAIL,Hyderabad,Telangana,1993-01-13,2024-09-14,ACTIVE
101574,Customer_01574,RETAIL,Kolkata,West Bengal,2020-03-18,2021-09-17,ACTIVE
101575,Customer_01575,RETAIL,Pune,Maharashtra,1992-12-13,2023-02-24,ACTIVE
101576,Customer_01576,RETAIL,Delhi,Delhi,1992-10-20,2022-03-03,ACTIVE
101577,Customer_01577,RETAIL,Chennai,Tamil Nadu,2009-06-17,2021-01-21,ACTIVE
101578,Customer_01578,PREMIUM,Kolkata,West Bengal,1998-11-20,2026-06-07,ACTIVE
101579,Customer_01579,BUSINESS,Mumbai,Maharashtra,1995-03-27,2023-11-23,ACTIVE
101580,Customer_01580,BUSINESS,Chennai,Tamil Nadu,2011-05-24,2022-07-30,ACTIVE
101581,Customer_01581,PREMIUM,Delhi,Delhi,1980-06-05,2022-03-22,ACTIVE
101582,Customer_01582,RETAIL,Pune,Maharashtra,2008-06-08,2024-06-18,ACTIVE
101583,Customer_01583,PREMIUM,Chennai,Tamil Nadu,1994-10-18,2020-09-16,ACTIVE
101584,Customer_01584,RETAIL,Bangalore,Karnataka,2015-08-28,2023-09-23,ACTIVE
101585,Customer_01585,RETAIL,Hyderabad,Telangana,2008-12-08,2021-07-06,ACTIVE
101586,Customer_01586,RETAIL,Delhi,Delhi,2017-10-27,2025-11-05,ACTIVE
101587,Customer_01587,RETAIL,Kolkata,West Bengal,1984-06-14,2025-02-25,ACTIVE
101588,Customer_01588,BUSINESS,Mumbai,Maharashtra,1986-12-07,2024-12-23,ACTIVE
101589,Customer_01589,PREMIUM,Kolkata,West Bengal,2016-04-02,2020-12-15,ACTIVE
101590,Customer_01590,RETAIL,Mumbai,Maharashtra,1995-03-13,2020-07-12,ACTIVE
101591,Customer_01591,RETAIL,Hyderabad,Telangana,2012-08-28,2023-01-05,ACTIVE
101592,Customer_01592,PREMIUM,Delhi,Delhi,2007-05-16,2022-05-03,ACTIVE
101593,Customer_01593,RETAIL,Bangalore,Karnataka,1999-09-08,2024-10-04,ACTIVE
101594,Customer_01594,PREMIUM,Mumbai,Maharashtra,1981-01-05,2024-09-04,ACTIVE
101595,Customer_01595,BUSINESS,Hyderabad,Telangana,1982-03-14,2022-08-11,ACTIVE
101596,Customer_01596,RETAIL,Pune,Maharashtra,2008-08-10,2021-01-22,ACTIVE
101597,Customer_01597,RETAIL,Hyderabad,Telangana,1983-03-01,2022-02-17,ACTIVE
101598,Customer_01598,RETAIL,Hyderabad,Telangana,1979-05-14,2023-04-23,ACTIVE
101599,Customer_01599,RETAIL,Kolkata,West Bengal,1988-03-06,2021-08-31,INACTIVE
101600,Customer_01600,RETAIL,Hyderabad,Telangana,2016-09-14,2022-02-01,ACTIVE
101601,Customer_01601,RETAIL,Delhi,Delhi,2004-11-22,2021-07-31,ACTIVE
101602,Customer_01602,RETAIL,Hyderabad,Telangana,2008-08-28,2020-06-04,ACTIVE
101603,Customer_01603,RETAIL,Kolkata,West Bengal,2005-12-12,2023-12-13,INACTIVE
101604,Customer_01604,RETAIL,Delhi,Delhi,2002-05-22,2026-07-21,ACTIVE
101605,Customer_01605,PREMIUM,Mumbai,Maharashtra,1989-09-10,2026-04-03,ACTIVE
101606,Customer_01606,RETAIL,Ahmedabad,Gujarat,1996-10-11,2026-02-08,ACTIVE
101607,Customer_01607,PREMIUM,Pune,Maharashtra,2001-07-16,2024-04-30,ACTIVE
101608,Customer_01608,RETAIL,Chennai,Tamil Nadu,2019-09-28,2024-11-29,ACTIVE
101609,Customer_01609,RETAIL,Pune,Maharashtra,2016-02-04,2020-06-03,ACTIVE
101610,Customer_01610,RETAIL,Pune,Maharashtra,2009-05-30,2021-04-27,ACTIVE
101611,Customer_01611,PREMIUM,Kolkata,West Bengal,2012-07-25,2024-08-21,ACTIVE
101612,Customer_01612,RETAIL,Pune,Maharashtra,2012-04-26,2026-06-30,ACTIVE
101613,Customer_01613,RETAIL,Hyderabad,Telangana,2006-08-03,2025-12-19,ACTIVE
101614,Customer_01614,RETAIL,Hyderabad,Telangana,2013-01-22,2024-02-22,ACTIVE
101615,Customer_01615,BUSINESS,Mumbai,Maharashtra,1982-03-05,2020-09-18,ACTIVE
101616,Customer_01616,RETAIL,Pune,Maharashtra,1980-01-24,2026-05-07,ACTIVE
101617,Customer_01617,RETAIL,Kolkata,West Bengal,1997-05-30,2022-02-02,ACTIVE
101618,Customer_01618,PREMIUM,Chennai,Tamil Nadu,1981-05-30,2020-04-12,INACTIVE
101619,Customer_01619,RETAIL,Mumbai,Maharashtra,1993-02-07,2025-01-17,ACTIVE
101620,Customer_01620,RETAIL,Ahmedabad,Gujarat,1987-04-24,2021-02-20,ACTIVE
101621,Customer_01621,PREMIUM,Delhi,Delhi,2018-06-30,2021-12-24,ACTIVE
101622,Customer_01622,RETAIL,Mumbai,Maharashtra,2006-01-27,2024-06-13,INACTIVE
101623,Customer_01623,RETAIL,Ahmedabad,Gujarat,1980-11-20,2026-05-05,ACTIVE
101624,Customer_01624,RETAIL,Mumbai,Maharashtra,2004-10-15,2025-12-17,ACTIVE
101625,Customer_01625,RETAIL,Chennai,Tamil Nadu,2009-03-30,2021-01-27,ACTIVE
101626,Customer_01626,BUSINESS,Ahmedabad,Gujarat,1992-07-08,2021-02-25,ACTIVE
101627,Customer_01627,RETAIL,Chennai,Tamil Nadu,2015-06-02,2025-04-25,ACTIVE
101628,Customer_01628,RETAIL,Chennai,Tamil Nadu,2019-02-14,2022-01-31,ACTIVE
101629,Customer_01629,RETAIL,Bangalore,Karnataka,2019-06-10,2020-07-06,ACTIVE
101630,Customer_01630,PREMIUM,Pune,Maharashtra,1982-12-27,2023-11-12,ACTIVE
101631,Customer_01631,PREMIUM,Chennai,Tamil Nadu,1997-08-09,2024-04-25,ACTIVE
101632,Customer_01632,RETAIL,Ahmedabad,Gujarat,2011-01-23,2026-07-27,ACTIVE
101633,Customer_01633,PREMIUM,Mumbai,Maharashtra,1997-05-07,2023-03-13,ACTIVE
101634,Customer_01634,RETAIL,Ahmedabad,Gujarat,1998-11-30,2025-04-03,INACTIVE
101635,Customer_01635,PREMIUM,Bangalore,Karnataka,1992-08-24,2023-07-06,ACTIVE
101636,Customer_01636,RETAIL,Chennai,Tamil Nadu,1996-05-13,2026-01-25,ACTIVE
101637,Customer_01637,RETAIL,Pune,Maharashtra,2007-09-09,2023-03-15,ACTIVE
101638,Customer_01638,PREMIUM,Chennai,Tamil Nadu,1980-03-19,2024-06-08,INACTIVE
101639,Customer_01639,PREMIUM,Pune,Maharashtra,2011-12-29,2026-04-30,ACTIVE
101640,Customer_01640,RETAIL,Delhi,Delhi,2009-01-19,2025-10-06,ACTIVE
101641,Customer_01641,RETAIL,Hyderabad,Telangana,1984-11-09,2022-08-20,ACTIVE
101642,Customer_01642,PREMIUM,Mumbai,Maharashtra,2010-11-07,2023-05-01,ACTIVE
101643,Customer_01643,RETAIL,Bangalore,Karnataka,2000-07-30,2023-11-23,ACTIVE
101644,Customer_01644,RETAIL,Chennai,Tamil Nadu,1992-04-06,2020-10-24,ACTIVE
101645,Customer_01645,RETAIL,Pune,Maharashtra,1997-11-13,2021-07-14,ACTIVE
101646,Customer_01646,RETAIL,Delhi,Delhi,2000-05-24,2024-08-29,ACTIVE
101647,Customer_01647,RETAIL,Delhi,Delhi,1987-10-24,2020-06-21,ACTIVE
101648,Customer_01648,RETAIL,Hyderabad,Telangana,2004-01-26,2023-12-14,ACTIVE
101649,Customer_01649,BUSINESS,Ahmedabad,Gujarat,2005-01-02,2023-03-09,ACTIVE
101650,Customer_01650,RETAIL,Kolkata,West Bengal,1994-04-06,2023-03-10,ACTIVE
101651,Customer_01651,PREMIUM,Pune,Maharashtra,1998-01-28,2025-07-23,ACTIVE
101652,Customer_01652,BUSINESS,Mumbai,Maharashtra,2004-06-11,2021-10-21,ACTIVE
101653,Customer_01653,PREMIUM,Mumbai,Maharashtra,1999-11-05,2025-03-13,INACTIVE
101654,Customer_01654,RETAIL,Chennai,Tamil Nadu,1996-12-28,2025-02-25,ACTIVE
101655,Customer_01655,RETAIL,Pune,Maharashtra,2018-06-07,2026-07-10,ACTIVE
101656,Customer_01656,RETAIL,Pune,Maharashtra,2015-03-24,2025-05-22,ACTIVE
101657,Customer_01657,RETAIL,Kolkata,West Bengal,1994-10-03,2023-05-01,ACTIVE
101658,Customer_01658,BUSINESS,Kolkata,West Bengal,2008-09-02,2022-05-24,INACTIVE
101659,Customer_01659,PREMIUM,Kolkata,West Bengal,2012-06-08,2025-02-17,INACTIVE
101660,Customer_01660,RETAIL,Delhi,Delhi,1983-09-14,2026-02-04,ACTIVE
101661,Customer_01661,RETAIL,Chennai,Tamil Nadu,2003-06-20,2021-11-04,ACTIVE
101662,Customer_01662,PREMIUM,Chennai,Tamil Nadu,2012-01-02,2022-06-06,ACTIVE
101663,Customer_01663,RETAIL,Pune,Maharashtra,1981-07-09,2023-04-07,ACTIVE
101664,Customer_01664,PREMIUM,Chennai,Tamil Nadu,1993-01-09,2020-09-15,ACTIVE
101665,Customer_01665,RETAIL,Chennai,Tamil Nadu,2011-12-06,2022-01-24,ACTIVE
101666,Customer_01666,PREMIUM,Bangalore,Karnataka,2017-08-02,2021-02-03,ACTIVE
101667,Customer_01667,PREMIUM,Kolkata,West Bengal,2019-12-03,2025-01-27,ACTIVE
101668,Customer_01668,RETAIL,Hyderabad,Telangana,2003-12-11,2023-04-01,ACTIVE
101669,Customer_01669,RETAIL,Chennai,Tamil Nadu,1980-11-29,2023-12-20,ACTIVE
101670,Customer_01670,PREMIUM,Hyderabad,Telangana,1980-04-18,2020-07-10,ACTIVE
101671,Customer_01671,RETAIL,Kolkata,West Bengal,2012-06-23,2023-10-08,ACTIVE
101672,Customer_01672,RETAIL,Chennai,Tamil Nadu,2009-04-28,2024-09-20,ACTIVE
101673,Customer_01673,RETAIL,Delhi,Delhi,1987-02-15,2024-07-12,ACTIVE
101674,Customer_01674,RETAIL,Kolkata,West Bengal,1984-07-14,2025-03-23,ACTIVE
101675,Customer_01675,PREMIUM,Hyderabad,Telangana,1985-02-24,2020-09-30,ACTIVE
101676,Customer_01676,RETAIL,Ahmedabad,Gujarat,2015-03-12,2023-08-11,ACTIVE
101677,Customer_01677,RETAIL,Pune,Maharashtra,2010-07-26,2023-03-03,ACTIVE
101678,Customer_01678,PREMIUM,Bangalore,Karnataka,2018-02-09,2025-11-14,ACTIVE
101679,Customer_01679,RETAIL,Ahmedabad,Gujarat,1983-10-31,2024-07-15,ACTIVE
101680,Customer_01680,RETAIL,Chennai,Tamil Nadu,2007-09-19,2026-04-09,ACTIVE
101681,Customer_01681,PREMIUM,Ahmedabad,Gujarat,2017-02-05,2020-03-01,INACTIVE
101682,Customer_01682,PREMIUM,Mumbai,Maharashtra,2001-01-18,2022-12-10,ACTIVE
101683,Customer_01683,RETAIL,Mumbai,Maharashtra,2010-12-14,2024-08-14,ACTIVE
101684,Customer_01684,PREMIUM,Kolkata,West Bengal,2003-11-21,2020-08-01,ACTIVE
101685,Customer_01685,RETAIL,Delhi,Delhi,1979-06-15,2024-04-12,ACTIVE
101686,Customer_01686,RETAIL,Chennai,Tamil Nadu,1996-10-10,2021-07-09,ACTIVE
101687,Customer_01687,BUSINESS,Bangalore,Karnataka,1989-11-24,2020-06-27,ACTIVE
101688,Customer_01688,PREMIUM,Bangalore,Karnataka,1982-08-06,2024-04-27,INACTIVE
101689,Customer_01689,RETAIL,Ahmedabad,Gujarat,2003-08-17,2022-10-20,ACTIVE
101690,Customer_01690,RETAIL,Mumbai,Maharashtra,2017-04-23,2022-08-31,ACTIVE
101691,Customer_01691,RETAIL,Kolkata,West Bengal,1981-05-18,2022-02-20,ACTIVE
101692,Customer_01692,RETAIL,Ahmedabad,Gujarat,1992-09-06,2024-07-02,ACTIVE
101693,Customer_01693,PREMIUM,Hyderabad,Telangana,2006-08-31,2024-01-24,ACTIVE
101694,Customer_01694,PREMIUM,Bangalore,Karnataka,1992-01-05,2024-05-19,ACTIVE
101695,Customer_01695,RETAIL,Pune,Maharashtra,1983-12-13,2025-03-05,ACTIVE
101696,Customer_01696,RETAIL,Hyderabad,Telangana,1987-01-08,2023-12-23,INACTIVE
101697,Customer_01697,RETAIL,Bangalore,Karnataka,1980-03-05,2020-06-28,ACTIVE
101698,Customer_01698,RETAIL,Pune,Maharashtra,2019-12-03,2021-01-13,ACTIVE
101699,Customer_01699,PREMIUM,Delhi,Delhi,1999-05-08,2026-07-07,ACTIVE
101700,Customer_01700,RETAIL,Ahmedabad,Gujarat,2017-11-15,2021-11-17,ACTIVE
101701,Customer_01701,RETAIL,Delhi,Delhi,2007-04-29,2022-10-23,ACTIVE
101702,Customer_01702,RETAIL,Pune,Maharashtra,1993-07-07,2022-06-25,ACTIVE
101703,Customer_01703,BUSINESS,Hyderabad,Telangana,2017-11-13,2026-07-04,ACTIVE
101704,Customer_01704,RETAIL,Pune,Maharashtra,1989-11-04,2025-06-01,ACTIVE
101705,Customer_01705,RETAIL,Ahmedabad,Gujarat,1986-08-01,2023-03-06,ACTIVE
101706,Customer_01706,RETAIL,Kolkata,West Bengal,2012-03-28,2024-06-25,INACTIVE
101707,Customer_01707,RETAIL,Ahmedabad,Gujarat,2001-11-21,2023-08-16,ACTIVE
101708,Customer_01708,RETAIL,Ahmedabad,Gujarat,1996-07-09,2024-03-27,ACTIVE
101709,Customer_01709,RETAIL,Pune,Maharashtra,2003-04-27,2026-04-08,INACTIVE
101710,Customer_01710,RETAIL,Pune,Maharashtra,2018-11-28,2024-06-01,ACTIVE
101711,Customer_01711,RETAIL,Delhi,Delhi,1990-09-02,2020-09-27,ACTIVE
101712,Customer_01712,PREMIUM,Bangalore,Karnataka,2016-03-05,2023-04-22,ACTIVE
101713,Customer_01713,RETAIL,Ahmedabad,Gujarat,2016-07-27,2025-05-21,ACTIVE
101714,Customer_01714,RETAIL,Hyderabad,Telangana,2010-05-09,2020-04-05,ACTIVE
101715,Customer_01715,RETAIL,Hyderabad,Telangana,1985-08-15,2022-05-06,ACTIVE
101716,Customer_01716,PREMIUM,Ahmedabad,Gujarat,1982-11-09,2021-04-27,ACTIVE
101717,Customer_01717,PREMIUM,Hyderabad,Telangana,1984-02-09,2024-09-26,ACTIVE
101718,Customer_01718,PREMIUM,Bangalore,Karnataka,2007-12-31,2020-12-02,ACTIVE
101719,Customer_01719,RETAIL,Bangalore,Karnataka,1995-08-04,2024-02-06,ACTIVE
101720,Customer_01720,RETAIL,Chennai,Tamil Nadu,2019-09-16,2020-06-02,ACTIVE
101721,Customer_01721,RETAIL,Mumbai,Maharashtra,1979-06-04,2026-01-26,INACTIVE
101722,Customer_01722,RETAIL,Hyderabad,Telangana,1994-06-30,2022-02-05,ACTIVE
101723,Customer_01723,RETAIL,Hyderabad,Telangana,1990-01-04,2022-09-05,ACTIVE
101724,Customer_01724,RETAIL,Hyderabad,Telangana,2015-05-15,2025-03-05,ACTIVE
101725,Customer_01725,RETAIL,Chennai,Tamil Nadu,1984-02-21,2022-06-30,ACTIVE
101726,Customer_01726,RETAIL,Kolkata,West Bengal,1995-12-05,2020-10-03,ACTIVE
101727,Customer_01727,RETAIL,Ahmedabad,Gujarat,2014-10-04,2025-12-11,ACTIVE
101728,Customer_01728,RETAIL,Chennai,Tamil Nadu,2019-01-20,2020-09-24,ACTIVE
101729,Customer_01729,PREMIUM,Bangalore,Karnataka,2016-10-18,2023-04-08,INACTIVE
101730,Customer_01730,RETAIL,Mumbai,Maharashtra,2006-01-02,2020-10-25,ACTIVE
101731,Customer_01731,PREMIUM,Kolkata,West Bengal,1985-11-09,2024-08-01,ACTIVE
101732,Customer_01732,RETAIL,Ahmedabad,Gujarat,1983-02-16,2021-10-09,ACTIVE
101733,Customer_01733,PREMIUM,Hyderabad,Telangana,1996-01-17,2026-02-15,ACTIVE
101734,Customer_01734,PREMIUM,Kolkata,West Bengal,1998-11-02,2021-04-30,ACTIVE
101735,Customer_01735,RETAIL,Kolkata,West Bengal,2000-04-10,2024-05-26,ACTIVE
101736,Customer_01736,BUSINESS,Kolkata,West Bengal,1981-03-16,2020-02-03,ACTIVE
101737,Customer_01737,RETAIL,Chennai,Tamil Nadu,2006-11-25,2020-09-28,ACTIVE
101738,Customer_01738,RETAIL,Mumbai,Maharashtra,1995-05-23,2021-10-25,ACTIVE
101739,Customer_01739,PREMIUM,Mumbai,Maharashtra,1983-08-18,2025-10-22,INACTIVE
101740,Customer_01740,RETAIL,Pune,Maharashtra,2016-10-03,2026-07-19,ACTIVE
101741,Customer_01741,RETAIL,Bangalore,Karnataka,1993-10-27,2024-01-12,ACTIVE
101742,Customer_01742,RETAIL,Hyderabad,Telangana,1988-09-13,2022-03-18,ACTIVE
101743,Customer_01743,RETAIL,Bangalore,Karnataka,1999-05-21,2022-01-19,ACTIVE
101744,Customer_01744,RETAIL,Mumbai,Maharashtra,2018-03-15,2021-05-22,ACTIVE
101745,Customer_01745,RETAIL,Pune,Maharashtra,2013-01-12,2022-03-28,ACTIVE
101746,Customer_01746,RETAIL,Ahmedabad,Gujarat,1983-04-08,2023-04-04,ACTIVE
101747,Customer_01747,RETAIL,Ahmedabad,Gujarat,2007-05-14,2024-07-02,ACTIVE
101748,Customer_01748,RETAIL,Bangalore,Karnataka,2006-06-20,2021-07-04,ACTIVE
101749,Customer_01749,RETAIL,Kolkata,West Bengal,2015-07-20,2020-03-26,ACTIVE
101750,Customer_01750,PREMIUM,Hyderabad,Telangana,2018-10-28,2023-09-05,ACTIVE
101751,Customer_01751,RETAIL,Ahmedabad,Gujarat,2009-10-17,2021-08-05,ACTIVE
101752,Customer_01752,RETAIL,Ahmedabad,Gujarat,2006-01-11,2022-08-19,ACTIVE
101753,Customer_01753,PREMIUM,Hyderabad,Telangana,1993-09-08,2024-09-04,ACTIVE
101754,Customer_01754,BUSINESS,Bangalore,Karnataka,2016-02-01,2025-11-22,ACTIVE
101755,Customer_01755,RETAIL,Hyderabad,Telangana,2017-11-22,2023-07-06,ACTIVE
101756,Customer_01756,RETAIL,Delhi,Delhi,2019-11-12,2026-02-05,ACTIVE
101757,Customer_01757,PREMIUM,Delhi,Delhi,2018-05-15,2021-10-07,ACTIVE
101758,Customer_01758,PREMIUM,Chennai,Tamil Nadu,2005-07-10,2024-09-07,ACTIVE
101759,Customer_01759,RETAIL,Chennai,Tamil Nadu,2018-06-09,2026-06-09,ACTIVE
101760,Customer_01760,RETAIL,Chennai,Tamil Nadu,2011-04-16,2021-06-01,ACTIVE
101761,Customer_01761,RETAIL,Bangalore,Karnataka,1989-01-10,2024-11-07,ACTIVE
101762,Customer_01762,RETAIL,Bangalore,Karnataka,1980-06-23,2023-02-11,ACTIVE
101763,Customer_01763,BUSINESS,Mumbai,Maharashtra,2019-06-10,2025-10-14,ACTIVE
101764,Customer_01764,PREMIUM,Chennai,Tamil Nadu,1996-09-17,2022-01-03,ACTIVE
101765,Customer_01765,RETAIL,Chennai,Tamil Nadu,2015-01-14,2026-04-24,ACTIVE
101766,Customer_01766,RETAIL,Ahmedabad,Gujarat,1991-01-01,2025-03-30,ACTIVE
101767,Customer_01767,PREMIUM,Chennai,Tamil Nadu,1993-12-22,2024-08-19,ACTIVE
101768,Customer_01768,RETAIL,Bangalore,Karnataka,2013-01-04,2020-03-11,ACTIVE
101769,Customer_01769,PREMIUM,Mumbai,Maharashtra,2000-09-27,2020-07-17,ACTIVE
101770,Customer_01770,RETAIL,Pune,Maharashtra,2006-12-28,2024-05-08,ACTIVE
101771,Customer_01771,RETAIL,Delhi,Delhi,1992-04-24,2023-02-23,ACTIVE
101772,Customer_01772,RETAIL,Bangalore,Karnataka,2004-05-25,2022-02-14,ACTIVE
101773,Customer_01773,RETAIL,Delhi,Delhi,1999-02-28,2025-07-13,ACTIVE
101774,Customer_01774,BUSINESS,Bangalore,Karnataka,2017-06-03,2023-02-28,ACTIVE
101775,Customer_01775,RETAIL,Kolkata,West Bengal,1999-05-17,2023-01-06,ACTIVE
101776,Customer_01776,RETAIL,Pune,Maharashtra,1982-10-25,2022-02-14,ACTIVE
101777,Customer_01777,RETAIL,Delhi,Delhi,2009-06-01,2026-06-13,ACTIVE
101778,Customer_01778,RETAIL,Pune,Maharashtra,2018-05-03,2022-05-25,ACTIVE
101779,Customer_01779,RETAIL,Delhi,Delhi,2015-06-03,2021-09-14,ACTIVE
101780,Customer_01780,PREMIUM,Hyderabad,Telangana,1983-04-21,2024-06-06,ACTIVE
101781,Customer_01781,RETAIL,Mumbai,Maharashtra,2020-03-04,2020-03-22,ACTIVE
101782,Customer_01782,RETAIL,Delhi,Delhi,1993-06-01,2023-11-30,ACTIVE
101783,Customer_01783,RETAIL,Mumbai,Maharashtra,2013-05-31,2023-09-17,ACTIVE
101784,Customer_01784,RETAIL,Ahmedabad,Gujarat,2005-01-18,2021-08-08,ACTIVE
101785,Customer_01785,PREMIUM,Hyderabad,Telangana,2019-02-15,2025-01-19,ACTIVE
101786,Customer_01786,RETAIL,Pune,Maharashtra,1993-03-10,2020-04-14,ACTIVE
101787,Customer_01787,RETAIL,Pune,Maharashtra,2004-02-16,2026-06-14,ACTIVE
101788,Customer_01788,PREMIUM,Mumbai,Maharashtra,2007-03-13,2025-08-16,ACTIVE
101789,Customer_01789,PREMIUM,Bangalore,Karnataka,1985-07-04,2021-02-24,ACTIVE
101790,Customer_01790,PREMIUM,Kolkata,West Bengal,2011-01-04,2023-03-27,ACTIVE
101791,Customer_01791,RETAIL,Chennai,Tamil Nadu,1985-01-19,2021-04-17,ACTIVE
101792,Customer_01792,RETAIL,Ahmedabad,Gujarat,2013-03-10,2024-01-24,ACTIVE
101793,Customer_01793,PREMIUM,Delhi,Delhi,1984-05-08,2022-04-25,ACTIVE
101794,Customer_01794,RETAIL,Delhi,Delhi,1986-07-13,2023-03-18,ACTIVE
101795,Customer_01795,RETAIL,Bangalore,Karnataka,1999-06-27,2026-04-15,ACTIVE
101796,Customer_01796,RETAIL,Pune,Maharashtra,1986-08-23,2024-01-25,INACTIVE
101797,Customer_01797,PREMIUM,Ahmedabad,Gujarat,1982-04-25,2025-09-12,ACTIVE
101798,Customer_01798,RETAIL,Pune,Maharashtra,1981-04-24,2024-02-13,ACTIVE
101799,Customer_01799,RETAIL,Bangalore,Karnataka,1990-12-03,2023-02-12,ACTIVE
101800,Customer_01800,RETAIL,Chennai,Tamil Nadu,1999-04-28,2020-02-06,INACTIVE
101801,Customer_01801,RETAIL,Mumbai,Maharashtra,1980-12-21,2020-08-02,ACTIVE
101802,Customer_01802,PREMIUM,Bangalore,Karnataka,1984-10-24,2023-07-03,ACTIVE
101803,Customer_01803,RETAIL,Bangalore,Karnataka,2004-04-13,2023-04-24,ACTIVE
101804,Customer_01804,RETAIL,Delhi,Delhi,1992-03-31,2023-04-20,ACTIVE
101805,Customer_01805,PREMIUM,Pune,Maharashtra,2010-04-14,2025-07-22,ACTIVE
101806,Customer_01806,PREMIUM,Mumbai,Maharashtra,2013-09-05,2020-08-17,ACTIVE
101807,Customer_01807,RETAIL,Mumbai,Maharashtra,1980-05-30,2024-04-30,ACTIVE
101808,Customer_01808,BUSINESS,Bangalore,Karnataka,2018-02-14,2024-11-25,ACTIVE
101809,Customer_01809,RETAIL,Mumbai,Maharashtra,2007-03-29,2024-03-29,ACTIVE
101810,Customer_01810,PREMIUM,Ahmedabad,Gujarat,2012-12-04,2021-07-20,ACTIVE
101811,Customer_01811,RETAIL,Pune,Maharashtra,1998-10-18,2022-09-02,ACTIVE
101812,Customer_01812,RETAIL,Hyderabad,Telangana,1979-03-11,2020-05-10,ACTIVE
101813,Customer_01813,RETAIL,Hyderabad,Telangana,2015-07-09,2021-03-01,ACTIVE
101814,Customer_01814,RETAIL,Bangalore,Karnataka,2002-06-29,2025-04-11,ACTIVE
101815,Customer_01815,RETAIL,Ahmedabad,Gujarat,1980-09-08,2024-01-21,ACTIVE
101816,Customer_01816,RETAIL,Mumbai,Maharashtra,1986-01-03,2025-09-07,ACTIVE
101817,Customer_01817,RETAIL,Pune,Maharashtra,1987-08-17,2024-07-18,ACTIVE
101818,Customer_01818,RETAIL,Delhi,Delhi,1994-08-06,2021-07-31,ACTIVE
101819,Customer_01819,RETAIL,Pune,Maharashtra,1997-05-01,2025-05-05,ACTIVE
101820,Customer_01820,BUSINESS,Delhi,Delhi,1996-09-26,2024-07-08,ACTIVE
101821,Customer_01821,PREMIUM,Delhi,Delhi,2014-10-26,2021-04-04,ACTIVE
101822,Customer_01822,BUSINESS,Kolkata,West Bengal,2017-11-21,2020-01-12,ACTIVE
101823,Customer_01823,RETAIL,Delhi,Delhi,2007-01-15,2025-01-07,ACTIVE
101824,Customer_01824,RETAIL,Ahmedabad,Gujarat,2005-03-11,2024-09-26,ACTIVE
101825,Customer_01825,RETAIL,Kolkata,West Bengal,2014-08-25,2020-08-03,ACTIVE
101826,Customer_01826,RETAIL,Ahmedabad,Gujarat,1990-02-26,2023-01-20,ACTIVE
101827,Customer_01827,RETAIL,Mumbai,Maharashtra,2002-02-01,2026-01-02,ACTIVE
101828,Customer_01828,PREMIUM,Ahmedabad,Gujarat,2005-07-24,2025-03-16,ACTIVE
101829,Customer_01829,RETAIL,Chennai,Tamil Nadu,1990-11-21,2025-05-15,ACTIVE
101830,Customer_01830,PREMIUM,Ahmedabad,Gujarat,2018-04-03,2022-08-01,ACTIVE
101831,Customer_01831,RETAIL,Delhi,Delhi,1988-11-01,2020-10-17,ACTIVE
101832,Customer_01832,RETAIL,Ahmedabad,Gujarat,1981-08-05,2022-04-22,ACTIVE
101833,Customer_01833,RETAIL,Chennai,Tamil Nadu,1992-06-11,2024-07-06,ACTIVE
101834,Customer_01834,BUSINESS,Mumbai,Maharashtra,2012-09-03,2025-07-10,ACTIVE
101835,Customer_01835,RETAIL,Bangalore,Karnataka,1994-07-19,2024-03-25,ACTIVE
101836,Customer_01836,RETAIL,Pune,Maharashtra,1988-01-27,2020-04-02,ACTIVE
101837,Customer_01837,RETAIL,Ahmedabad,Gujarat,2014-12-26,2023-11-18,ACTIVE
101838,Customer_01838,RETAIL,Delhi,Delhi,1985-06-14,2021-03-25,ACTIVE
101839,Customer_01839,BUSINESS,Pune,Maharashtra,1985-09-07,2024-01-03,ACTIVE
101840,Customer_01840,PREMIUM,Chennai,Tamil Nadu,2016-01-30,2022-09-16,ACTIVE
101841,Customer_01841,PREMIUM,Bangalore,Karnataka,1992-05-11,2023-07-03,ACTIVE
101842,Customer_01842,BUSINESS,Mumbai,Maharashtra,1979-03-29,2023-12-02,ACTIVE
101843,Customer_01843,PREMIUM,Kolkata,West Bengal,1996-12-19,2024-03-11,ACTIVE
101844,Customer_01844,RETAIL,Kolkata,West Bengal,2009-08-07,2020-01-13,ACTIVE
101845,Customer_01845,RETAIL,Hyderabad,Telangana,2010-04-03,2026-05-07,ACTIVE
101846,Customer_01846,RETAIL,Chennai,Tamil Nadu,1982-09-30,2023-10-12,ACTIVE
101847,Customer_01847,RETAIL,Bangalore,Karnataka,1990-09-19,2023-05-02,ACTIVE
101848,Customer_01848,RETAIL,Chennai,Tamil Nadu,2004-07-17,2022-06-27,INACTIVE
101849,Customer_01849,RETAIL,Chennai,Tamil Nadu,2006-04-12,2020-09-07,ACTIVE
101850,Customer_01850,BUSINESS,Pune,Maharashtra,2004-08-30,2024-02-21,ACTIVE
101851,Customer_01851,BUSINESS,Mumbai,Maharashtra,1993-01-15,2022-05-21,ACTIVE
101852,Customer_01852,RETAIL,Delhi,Delhi,2014-08-06,2025-12-16,ACTIVE
101853,Customer_01853,PREMIUM,Bangalore,Karnataka,1982-05-15,2024-04-28,ACTIVE
101854,Customer_01854,RETAIL,Pune,Maharashtra,2012-12-12,2022-11-24,ACTIVE
101855,Customer_01855,RETAIL,Mumbai,Maharashtra,2017-10-05,2020-03-17,ACTIVE
101856,Customer_01856,RETAIL,Kolkata,West Bengal,2007-04-21,2023-08-23,ACTIVE
101857,Customer_01857,RETAIL,Delhi,Delhi,1996-10-20,2025-07-21,ACTIVE
101858,Customer_01858,RETAIL,Chennai,Tamil Nadu,1994-10-17,2023-01-15,ACTIVE
101859,Customer_01859,RETAIL,Chennai,Tamil Nadu,1997-01-22,2024-04-09,INACTIVE
101860,Customer_01860,RETAIL,Hyderabad,Telangana,1985-12-31,2020-10-11,ACTIVE
101861,Customer_01861,RETAIL,Hyderabad,Telangana,1988-04-13,2022-09-03,ACTIVE
101862,Customer_01862,BUSINESS,Delhi,Delhi,2005-04-09,2025-03-18,ACTIVE
101863,Customer_01863,RETAIL,Kolkata,West Bengal,2001-10-04,2022-10-13,ACTIVE
101864,Customer_01864,RETAIL,Delhi,Delhi,1999-07-29,2025-10-25,ACTIVE
101865,Customer_01865,RETAIL,Kolkata,West Bengal,1998-08-31,2022-09-09,ACTIVE
101866,Customer_01866,RETAIL,Bangalore,Karnataka,1982-05-14,2025-05-01,ACTIVE
101867,Customer_01867,RETAIL,Mumbai,Maharashtra,2014-10-18,2024-03-25,ACTIVE
101868,Customer_01868,RETAIL,Kolkata,West Bengal,2018-05-29,2026-03-24,ACTIVE
101869,Customer_01869,RETAIL,Mumbai,Maharashtra,1989-03-27,2023-07-03,ACTIVE
101870,Customer_01870,RETAIL,Kolkata,West Bengal,1992-01-29,2023-01-28,ACTIVE
101871,Customer_01871,PREMIUM,Mumbai,Maharashtra,2005-01-19,2022-04-28,ACTIVE
101872,Customer_01872,RETAIL,Pune,Maharashtra,1979-04-03,2024-04-14,ACTIVE
101873,Customer_01873,RETAIL,Chennai,Tamil Nadu,1983-05-11,2026-06-10,ACTIVE
101874,Customer_01874,RETAIL,Ahmedabad,Gujarat,2016-03-12,2021-02-08,ACTIVE
101875,Customer_01875,RETAIL,Bangalore,Karnataka,1986-04-02,2026-02-25,ACTIVE
101876,Customer_01876,RETAIL,Mumbai,Maharashtra,2002-11-11,2026-06-02,ACTIVE
101877,Customer_01877,RETAIL,Pune,Maharashtra,2015-05-27,2025-01-19,ACTIVE
101878,Customer_01878,RETAIL,Ahmedabad,Gujarat,2009-04-08,2023-10-25,ACTIVE
101879,Customer_01879,PREMIUM,Hyderabad,Telangana,1990-05-02,2025-09-02,ACTIVE
101880,Customer_01880,RETAIL,Mumbai,Maharashtra,1985-06-07,2021-09-19,ACTIVE
101881,Customer_01881,RETAIL,Bangalore,Karnataka,2008-08-24,2024-03-01,ACTIVE
101882,Customer_01882,PREMIUM,Delhi,Delhi,1995-10-13,2025-04-16,ACTIVE
101883,Customer_01883,RETAIL,Pune,Maharashtra,2018-11-25,2025-04-16,ACTIVE
101884,Customer_01884,PREMIUM,Kolkata,West Bengal,2005-08-27,2023-11-08,ACTIVE
101885,Customer_01885,BUSINESS,Chennai,Tamil Nadu,1979-08-14,2022-07-14,ACTIVE
101886,Customer_01886,BUSINESS,Pune,Maharashtra,1989-06-21,2026-03-29,ACTIVE
101887,Customer_01887,RETAIL,Hyderabad,Telangana,2009-09-26,2024-06-04,ACTIVE
101888,Customer_01888,RETAIL,Bangalore,Karnataka,2007-12-22,2025-01-21,ACTIVE
101889,Customer_01889,RETAIL,Mumbai,Maharashtra,2009-08-18,2024-02-04,ACTIVE
101890,Customer_01890,RETAIL,Bangalore,Karnataka,1988-10-04,2025-10-06,ACTIVE
101891,Customer_01891,RETAIL,Pune,Maharashtra,1989-05-27,2023-02-20,ACTIVE
101892,Customer_01892,RETAIL,Pune,Maharashtra,1987-10-02,2023-08-04,ACTIVE
101893,Customer_01893,RETAIL,Ahmedabad,Gujarat,2007-09-27,2025-04-13,ACTIVE
101894,Customer_01894,RETAIL,Hyderabad,Telangana,1979-08-23,2023-05-26,ACTIVE
101895,Customer_01895,RETAIL,Pune,Maharashtra,2012-08-08,2021-08-10,ACTIVE
101896,Customer_01896,RETAIL,Kolkata,West Bengal,1990-09-28,2024-12-22,ACTIVE
101897,Customer_01897,BUSINESS,Chennai,Tamil Nadu,1999-03-17,2022-06-20,ACTIVE
101898,Customer_01898,RETAIL,Kolkata,West Bengal,1989-04-19,2020-09-09,ACTIVE
101899,Customer_01899,RETAIL,Hyderabad,Telangana,1996-08-17,2022-06-13,ACTIVE
101900,Customer_01900,BUSINESS,Delhi,Delhi,2010-07-22,2020-05-09,ACTIVE
101901,Customer_01901,RETAIL,Chennai,Tamil Nadu,1987-04-25,2025-10-08,ACTIVE
101902,Customer_01902,RETAIL,Chennai,Tamil Nadu,2002-07-24,2026-06-18,ACTIVE
101903,Customer_01903,PREMIUM,Hyderabad,Telangana,1981-07-08,2021-10-01,ACTIVE
101904,Customer_01904,RETAIL,Pune,Maharashtra,1986-06-20,2026-01-08,ACTIVE
101905,Customer_01905,RETAIL,Delhi,Delhi,2007-04-10,2024-09-03,ACTIVE
101906,Customer_01906,PREMIUM,Pune,Maharashtra,2002-06-30,2026-04-12,ACTIVE
101907,Customer_01907,PREMIUM,Delhi,Delhi,2004-04-10,2021-01-25,ACTIVE
101908,Customer_01908,PREMIUM,Pune,Maharashtra,1988-06-03,2020-05-29,ACTIVE
101909,Customer_01909,BUSINESS,Mumbai,Maharashtra,1987-08-20,2026-01-17,ACTIVE
101910,Customer_01910,RETAIL,Ahmedabad,Gujarat,1996-08-21,2021-10-08,ACTIVE
101911,Customer_01911,PREMIUM,Mumbai,Maharashtra,1984-06-18,2023-12-02,ACTIVE
101912,Customer_01912,RETAIL,Ahmedabad,Gujarat,2015-08-23,2025-12-03,INACTIVE
101913,Customer_01913,PREMIUM,Mumbai,Maharashtra,1990-03-03,2022-04-02,ACTIVE
101914,Customer_01914,PREMIUM,Kolkata,West Bengal,2008-09-13,2020-08-02,ACTIVE
101915,Customer_01915,PREMIUM,Delhi,Delhi,1985-08-09,2025-03-14,INACTIVE
101916,Customer_01916,PREMIUM,Chennai,Tamil Nadu,2005-11-26,2022-12-19,ACTIVE
101917,Customer_01917,RETAIL,Delhi,Delhi,1987-07-15,2020-02-24,ACTIVE
101918,Customer_01918,PREMIUM,Bangalore,Karnataka,1990-09-22,2022-03-30,ACTIVE
101919,Customer_01919,RETAIL,Bangalore,Karnataka,1996-02-01,2023-06-26,ACTIVE
101920,Customer_01920,RETAIL,Chennai,Tamil Nadu,1984-04-12,2025-10-12,INACTIVE
101921,Customer_01921,PREMIUM,Bangalore,Karnataka,1984-04-13,2021-06-26,ACTIVE
101922,Customer_01922,PREMIUM,Chennai,Tamil Nadu,2010-02-01,2023-05-28,ACTIVE
101923,Customer_01923,RETAIL,Kolkata,West Bengal,1993-05-11,2021-03-11,ACTIVE
101924,Customer_01924,RETAIL,Bangalore,Karnataka,2002-06-27,2021-11-27,ACTIVE
101925,Customer_01925,RETAIL,Delhi,Delhi,2005-09-18,2021-09-25,ACTIVE
101926,Customer_01926,RETAIL,Pune,Maharashtra,2004-09-27,2023-06-12,ACTIVE
101927,Customer_01927,RETAIL,Delhi,Delhi,2004-12-06,2024-05-11,ACTIVE
101928,Customer_01928,BUSINESS,Pune,Maharashtra,2019-03-18,2020-09-26,ACTIVE
101929,Customer_01929,RETAIL,Pune,Maharashtra,2005-01-25,2020-07-01,INACTIVE
101930,Customer_01930,BUSINESS,Ahmedabad,Gujarat,1993-06-20,2024-10-20,INACTIVE
101931,Customer_01931,RETAIL,Mumbai,Maharashtra,1990-11-08,2021-12-06,ACTIVE
101932,Customer_01932,PREMIUM,Bangalore,Karnataka,2012-01-19,2024-01-24,ACTIVE
101933,Customer_01933,RETAIL,Kolkata,West Bengal,1996-06-25,2020-07-03,ACTIVE
101934,Customer_01934,PREMIUM,Ahmedabad,Gujarat,2002-02-13,2023-12-12,ACTIVE
101935,Customer_01935,RETAIL,Pune,Maharashtra,2012-08-19,2025-12-22,ACTIVE
101936,Customer_01936,PREMIUM,Pune,Maharashtra,1988-10-28,2022-11-16,ACTIVE
101937,Customer_01937,BUSINESS,Delhi,Delhi,1988-04-19,2023-10-18,ACTIVE
101938,Customer_01938,RETAIL,Chennai,Tamil Nadu,1981-05-03,2021-12-07,ACTIVE
101939,Customer_01939,RETAIL,Ahmedabad,Gujarat,1982-02-19,2021-11-17,ACTIVE
101940,Customer_01940,RETAIL,Pune,Maharashtra,2004-06-18,2020-06-05,ACTIVE
101941,Customer_01941,PREMIUM,Pune,Maharashtra,1999-11-05,2023-02-23,ACTIVE
101942,Customer_01942,RETAIL,Delhi,Delhi,1991-05-22,2026-03-22,ACTIVE
101943,Customer_01943,RETAIL,Kolkata,West Bengal,1987-11-07,2020-10-05,ACTIVE
101944,Customer_01944,RETAIL,Mumbai,Maharashtra,2007-09-23,2022-09-26,ACTIVE
101945,Customer_01945,RETAIL,Bangalore,Karnataka,1982-09-02,2025-07-01,ACTIVE
101946,Customer_01946,PREMIUM,Mumbai,Maharashtra,2007-12-10,2023-04-05,ACTIVE
101947,Customer_01947,PREMIUM,Pune,Maharashtra,2016-04-29,2024-12-30,ACTIVE
101948,Customer_01948,PREMIUM,Ahmedabad,Gujarat,1997-11-13,2022-06-20,ACTIVE
101949,Customer_01949,PREMIUM,Mumbai,Maharashtra,1999-06-26,2023-12-17,ACTIVE
101950,Customer_01950,PREMIUM,Delhi,Delhi,2001-03-11,2026-06-28,ACTIVE
101951,Customer_01951,RETAIL,Ahmedabad,Gujarat,1983-01-28,2023-12-05,INACTIVE
101952,Customer_01952,BUSINESS,Chennai,Tamil Nadu,2004-11-23,2025-03-25,ACTIVE
101953,Customer_01953,RETAIL,Mumbai,Maharashtra,1994-03-01,2024-07-22,ACTIVE
101954,Customer_01954,RETAIL,Bangalore,Karnataka,1998-05-30,2020-08-17,ACTIVE
101955,Customer_01955,PREMIUM,Ahmedabad,Gujarat,1980-02-09,2021-01-19,ACTIVE
101956,Customer_01956,RETAIL,Bangalore,Karnataka,2015-03-13,2023-12-30,ACTIVE
101957,Customer_01957,RETAIL,Chennai,Tamil Nadu,1992-11-08,2022-04-15,ACTIVE
101958,Customer_01958,RETAIL,Chennai,Tamil Nadu,1982-04-14,2023-03-09,ACTIVE
101959,Customer_01959,RETAIL,Hyderabad,Telangana,2011-04-13,2023-03-06,ACTIVE
101960,Customer_01960,BUSINESS,Pune,Maharashtra,2019-05-28,2025-03-19,ACTIVE
101961,Customer_01961,RETAIL,Kolkata,West Bengal,2000-07-08,2026-07-05,ACTIVE
101962,Customer_01962,RETAIL,Ahmedabad,Gujarat,1980-07-15,2026-07-21,ACTIVE
101963,Customer_01963,RETAIL,Pune,Maharashtra,2019-11-23,2020-07-10,ACTIVE
101964,Customer_01964,RETAIL,Kolkata,West Bengal,1987-09-17,2024-11-21,ACTIVE
101965,Customer_01965,RETAIL,Kolkata,West Bengal,1989-01-14,2024-10-06,ACTIVE
101966,Customer_01966,RETAIL,Hyderabad,Telangana,2008-04-02,2025-09-06,ACTIVE
101967,Customer_01967,RETAIL,Delhi,Delhi,1992-10-17,2022-10-21,ACTIVE
101968,Customer_01968,RETAIL,Bangalore,Karnataka,1982-08-27,2023-04-21,ACTIVE
101969,Customer_01969,RETAIL,Kolkata,West Bengal,2007-03-15,2022-12-19,ACTIVE
101970,Customer_01970,RETAIL,Pune,Maharashtra,1989-12-06,2022-06-15,ACTIVE
101971,Customer_01971,PREMIUM,Kolkata,West Bengal,2014-07-20,2021-08-15,ACTIVE
101972,Customer_01972,RETAIL,Ahmedabad,Gujarat,1985-06-27,2024-03-23,ACTIVE
101973,Customer_01973,RETAIL,Hyderabad,Telangana,2016-05-19,2020-02-10,INACTIVE
101974,Customer_01974,BUSINESS,Delhi,Delhi,2008-11-17,2024-12-03,ACTIVE
101975,Customer_01975,RETAIL,Chennai,Tamil Nadu,1988-12-30,2025-07-12,ACTIVE
101976,Customer_01976,RETAIL,Mumbai,Maharashtra,2002-12-10,2021-06-30,ACTIVE
101977,Customer_01977,PREMIUM,Ahmedabad,Gujarat,2017-09-13,2021-05-27,ACTIVE
101978,Customer_01978,RETAIL,Delhi,Delhi,1981-10-24,2023-04-23,ACTIVE
101979,Customer_01979,PREMIUM,Mumbai,Maharashtra,2012-11-01,2025-07-24,ACTIVE
101980,Customer_01980,PREMIUM,Kolkata,West Bengal,1998-01-23,2020-09-30,ACTIVE
101981,Customer_01981,BUSINESS,Hyderabad,Telangana,2018-02-22,2022-11-02,ACTIVE
101982,Customer_01982,BUSINESS,Chennai,Tamil Nadu,1987-09-23,2021-06-03,ACTIVE
101983,Customer_01983,RETAIL,Mumbai,Maharashtra,2008-09-17,2025-08-06,ACTIVE
101984,Customer_01984,PREMIUM,Kolkata,West Bengal,2018-11-27,2025-10-17,ACTIVE
101985,Customer_01985,RETAIL,Hyderabad,Telangana,1993-04-14,2020-07-21,ACTIVE
101986,Customer_01986,RETAIL,Kolkata,West Bengal,1983-08-06,2020-12-13,ACTIVE
101987,Customer_01987,RETAIL,Kolkata,West Bengal,1995-04-08,2021-01-12,ACTIVE
101988,Customer_01988,RETAIL,Pune,Maharashtra,2003-09-22,2025-05-01,ACTIVE
101989,Customer_01989,RETAIL,Pune,Maharashtra,2005-01-15,2025-12-01,ACTIVE
101990,Customer_01990,RETAIL,Ahmedabad,Gujarat,1998-12-14,2022-06-13,ACTIVE
101991,Customer_01991,RETAIL,Chennai,Tamil Nadu,2017-06-19,2021-01-13,ACTIVE
101992,Customer_01992,RETAIL,Bangalore,Karnataka,2002-11-27,2024-05-11,ACTIVE
101993,Customer_01993,BUSINESS,Delhi,Delhi,2005-06-23,2025-11-07,ACTIVE
101994,Customer_01994,RETAIL,Hyderabad,Telangana,2018-06-12,2025-12-24,ACTIVE
101995,Customer_01995,PREMIUM,Kolkata,West Bengal,2017-09-27,2022-12-04,ACTIVE
101996,Customer_01996,PREMIUM,Mumbai,Maharashtra,1993-03-07,2025-02-17,ACTIVE
101997,Customer_01997,PREMIUM,Chennai,Tamil Nadu,1990-11-30,2026-04-13,ACTIVE
101998,Customer_01998,RETAIL,Ahmedabad,Gujarat,2009-11-30,2025-06-05,ACTIVE
101999,Customer_01999,PREMIUM,Delhi,Delhi,2000-09-24,2023-02-13,ACTIVE
102000,Customer_02000,PREMIUM,Delhi,Delhi,1997-07-16,2021-09-18,ACTIVE
102001,Customer_02001,PREMIUM,Ahmedabad,Gujarat,2007-11-04,2022-06-11,ACTIVE
102002,Customer_02002,BUSINESS,Mumbai,Maharashtra,2006-04-20,2022-05-18,ACTIVE
102003,Customer_02003,RETAIL,Bangalore,Karnataka,2016-09-09,2026-06-28,ACTIVE
102004,Customer_02004,RETAIL,Bangalore,Karnataka,1994-03-07,2024-10-24,ACTIVE
102005,Customer_02005,PREMIUM,Kolkata,West Bengal,2010-02-18,2025-08-22,ACTIVE
102006,Customer_02006,RETAIL,Pune,Maharashtra,1988-06-28,2025-02-08,ACTIVE
102007,Customer_02007,PREMIUM,Bangalore,Karnataka,2017-08-24,2023-02-17,ACTIVE
102008,Customer_02008,RETAIL,Pune,Maharashtra,1982-08-07,2025-03-11,ACTIVE
102009,Customer_02009,RETAIL,Kolkata,West Bengal,2009-12-22,2024-03-15,ACTIVE
102010,Customer_02010,RETAIL,Hyderabad,Telangana,1983-05-06,2024-11-11,ACTIVE
102011,Customer_02011,RETAIL,Bangalore,Karnataka,2015-04-24,2021-12-23,ACTIVE
102012,Customer_02012,BUSINESS,Bangalore,Karnataka,2018-07-26,2021-07-09,ACTIVE
102013,Customer_02013,RETAIL,Pune,Maharashtra,2012-10-03,2021-03-08,ACTIVE
102014,Customer_02014,PREMIUM,Ahmedabad,Gujarat,2011-07-18,2021-11-24,ACTIVE
102015,Customer_02015,RETAIL,Hyderabad,Telangana,1998-10-20,2026-06-06,ACTIVE
102016,Customer_02016,BUSINESS,Delhi,Delhi,1989-03-23,2026-03-10,ACTIVE
102017,Customer_02017,RETAIL,Bangalore,Karnataka,2019-08-24,2020-12-17,ACTIVE
102018,Customer_02018,RETAIL,Hyderabad,Telangana,2000-11-23,2023-08-22,ACTIVE
102019,Customer_02019,RETAIL,Hyderabad,Telangana,2012-09-11,2026-03-06,ACTIVE
102020,Customer_02020,RETAIL,Bangalore,Karnataka,2008-06-30,2024-12-15,ACTIVE
102021,Customer_02021,BUSINESS,Delhi,Delhi,2007-12-17,2024-01-09,ACTIVE
102022,Customer_02022,BUSINESS,Hyderabad,Telangana,1993-08-23,2023-12-09,ACTIVE
102023,Customer_02023,RETAIL,Hyderabad,Telangana,1996-09-10,2022-02-21,ACTIVE
102024,Customer_02024,RETAIL,Chennai,Tamil Nadu,1997-03-26,2026-01-27,ACTIVE
102025,Customer_02025,RETAIL,Mumbai,Maharashtra,2003-11-28,2020-07-18,ACTIVE
102026,Customer_02026,RETAIL,Bangalore,Karnataka,2008-08-31,2025-09-16,ACTIVE
102027,Customer_02027,RETAIL,Chennai,Tamil Nadu,1987-04-30,2025-09-21,ACTIVE
102028,Customer_02028,RETAIL,Ahmedabad,Gujarat,1988-07-03,2021-09-19,ACTIVE
102029,Customer_02029,RETAIL,Chennai,Tamil Nadu,1981-02-24,2023-05-13,ACTIVE
102030,Customer_02030,PREMIUM,Delhi,Delhi,2000-10-12,2025-10-24,ACTIVE
102031,Customer_02031,RETAIL,Chennai,Tamil Nadu,2006-08-19,2023-02-12,ACTIVE
102032,Customer_02032,RETAIL,Pune,Maharashtra,1987-10-17,2021-12-21,ACTIVE
102033,Customer_02033,RETAIL,Mumbai,Maharashtra,2008-05-25,2020-06-17,ACTIVE
102034,Customer_02034,RETAIL,Hyderabad,Telangana,1979-04-17,2022-11-24,INACTIVE
102035,Customer_02035,RETAIL,Ahmedabad,Gujarat,2014-10-01,2021-10-28,ACTIVE
102036,Customer_02036,RETAIL,Kolkata,West Bengal,2007-07-06,2025-08-04,ACTIVE
102037,Customer_02037,RETAIL,Chennai,Tamil Nadu,2007-03-24,2025-08-28,ACTIVE
102038,Customer_02038,PREMIUM,Mumbai,Maharashtra,2008-03-17,2022-02-16,ACTIVE
102039,Customer_02039,PREMIUM,Ahmedabad,Gujarat,1993-11-22,2021-05-20,ACTIVE
102040,Customer_02040,BUSINESS,Bangalore,Karnataka,2020-01-21,2021-11-28,ACTIVE
102041,Customer_02041,PREMIUM,Delhi,Delhi,2009-10-28,2022-08-22,INACTIVE
102042,Customer_02042,RETAIL,Ahmedabad,Gujarat,1986-08-07,2024-05-23,ACTIVE
102043,Customer_02043,RETAIL,Hyderabad,Telangana,2017-01-17,2020-12-31,ACTIVE
102044,Customer_02044,RETAIL,Hyderabad,Telangana,2009-07-15,2026-07-27,ACTIVE
102045,Customer_02045,BUSINESS,Delhi,Delhi,1991-12-07,2024-08-07,ACTIVE
102046,Customer_02046,BUSINESS,Ahmedabad,Gujarat,2018-02-04,2020-11-10,ACTIVE
102047,Customer_02047,RETAIL,Bangalore,Karnataka,1989-05-13,2022-01-25,ACTIVE
102048,Customer_02048,RETAIL,Chennai,Tamil Nadu,2005-08-20,2024-08-09,ACTIVE
102049,Customer_02049,RETAIL,Kolkata,West Bengal,2006-09-07,2023-04-24,INACTIVE
102050,Customer_02050,RETAIL,Hyderabad,Telangana,2018-09-20,2023-06-18,ACTIVE
102051,Customer_02051,BUSINESS,Pune,Maharashtra,2002-07-30,2020-04-09,ACTIVE
102052,Customer_02052,RETAIL,Delhi,Delhi,2020-01-02,2022-09-12,ACTIVE
102053,Customer_02053,RETAIL,Delhi,Delhi,1990-11-03,2024-01-14,ACTIVE
102054,Customer_02054,RETAIL,Ahmedabad,Gujarat,2012-02-01,2024-12-04,ACTIVE
102055,Customer_02055,RETAIL,Hyderabad,Telangana,1989-03-29,2022-12-08,ACTIVE
102056,Customer_02056,RETAIL,Delhi,Delhi,2020-03-15,2023-08-24,ACTIVE
102057,Customer_02057,PREMIUM,Hyderabad,Telangana,2010-07-12,2021-06-16,ACTIVE
102058,Customer_02058,RETAIL,Hyderabad,Telangana,2004-11-12,2025-03-29,ACTIVE
102059,Customer_02059,RETAIL,Bangalore,Karnataka,1981-11-21,2024-08-01,ACTIVE
102060,Customer_02060,RETAIL,Bangalore,Karnataka,1999-07-30,2024-11-20,ACTIVE
102061,Customer_02061,RETAIL,Ahmedabad,Gujarat,1985-01-29,2024-05-22,ACTIVE
102062,Customer_02062,RETAIL,Chennai,Tamil Nadu,2016-11-06,2026-06-22,ACTIVE
102063,Customer_02063,RETAIL,Pune,Maharashtra,1994-09-25,2025-10-12,ACTIVE
102064,Customer_02064,RETAIL,Hyderabad,Telangana,2013-04-16,2025-04-30,ACTIVE
102065,Customer_02065,RETAIL,Chennai,Tamil Nadu,2016-05-17,2022-03-15,ACTIVE
102066,Customer_02066,PREMIUM,Chennai,Tamil Nadu,1983-09-08,2020-06-09,ACTIVE
102067,Customer_02067,PREMIUM,Hyderabad,Telangana,2010-05-06,2020-01-02,ACTIVE
102068,Customer_02068,BUSINESS,Ahmedabad,Gujarat,1991-08-06,2025-02-13,ACTIVE
102069,Customer_02069,RETAIL,Delhi,Delhi,1983-08-19,2025-11-27,ACTIVE
102070,Customer_02070,PREMIUM,Bangalore,Karnataka,1989-11-13,2024-04-08,ACTIVE
102071,Customer_02071,PREMIUM,Pune,Maharashtra,2001-10-01,2024-09-26,ACTIVE
102072,Customer_02072,RETAIL,Hyderabad,Telangana,2014-04-15,2020-08-03,INACTIVE
102073,Customer_02073,RETAIL,Bangalore,Karnataka,2007-07-27,2023-09-19,ACTIVE
102074,Customer_02074,RETAIL,Delhi,Delhi,1988-09-28,2023-12-24,ACTIVE
102075,Customer_02075,PREMIUM,Hyderabad,Telangana,1991-04-27,2021-01-10,ACTIVE
102076,Customer_02076,RETAIL,Bangalore,Karnataka,1991-08-26,2024-12-06,ACTIVE
102077,Customer_02077,RETAIL,Bangalore,Karnataka,2009-05-23,2022-03-15,INACTIVE
102078,Customer_02078,BUSINESS,Bangalore,Karnataka,2000-06-20,2021-04-18,ACTIVE
102079,Customer_02079,RETAIL,Delhi,Delhi,1980-02-23,2024-07-28,ACTIVE
102080,Customer_02080,BUSINESS,Pune,Maharashtra,1982-04-16,2022-11-09,ACTIVE
102081,Customer_02081,PREMIUM,Kolkata,West Bengal,1982-04-09,2023-07-10,ACTIVE
102082,Customer_02082,PREMIUM,Mumbai,Maharashtra,2018-08-22,2023-07-25,ACTIVE
102083,Customer_02083,PREMIUM,Delhi,Delhi,1999-11-22,2024-02-03,ACTIVE
102084,Customer_02084,RETAIL,Hyderabad,Telangana,1999-05-01,2022-09-18,ACTIVE
102085,Customer_02085,RETAIL,Pune,Maharashtra,2010-06-03,2025-05-09,ACTIVE
102086,Customer_02086,PREMIUM,Hyderabad,Telangana,1986-12-26,2025-10-03,ACTIVE
102087,Customer_02087,PREMIUM,Hyderabad,Telangana,1980-06-17,2023-03-07,ACTIVE
102088,Customer_02088,RETAIL,Hyderabad,Telangana,1990-04-15,2021-02-09,ACTIVE
102089,Customer_02089,RETAIL,Delhi,Delhi,1987-09-23,2021-10-31,ACTIVE
102090,Customer_02090,RETAIL,Mumbai,Maharashtra,2011-12-10,2025-01-25,ACTIVE
102091,Customer_02091,RETAIL,Ahmedabad,Gujarat,2012-10-09,2021-09-07,ACTIVE
102092,Customer_02092,RETAIL,Delhi,Delhi,2005-03-15,2025-02-10,ACTIVE
102093,Customer_02093,PREMIUM,Kolkata,West Bengal,2016-07-14,2024-05-08,INACTIVE
102094,Customer_02094,PREMIUM,Pune,Maharashtra,1998-03-31,2022-12-11,ACTIVE
102095,Customer_02095,PREMIUM,Pune,Maharashtra,1989-01-14,2020-10-30,ACTIVE
102096,Customer_02096,RETAIL,Kolkata,West Bengal,1992-10-13,2023-07-18,ACTIVE
102097,Customer_02097,RETAIL,Ahmedabad,Gujarat,1984-12-24,2024-07-20,ACTIVE
102098,Customer_02098,RETAIL,Kolkata,West Bengal,2016-02-26,2021-01-03,ACTIVE
102099,Customer_02099,RETAIL,Kolkata,West Bengal,2003-12-23,2025-06-02,ACTIVE
102100,Customer_02100,RETAIL,Pune,Maharashtra,2010-11-22,2021-04-13,ACTIVE
102101,Customer_02101,RETAIL,Ahmedabad,Gujarat,1990-09-23,2022-09-17,ACTIVE
102102,Customer_02102,RETAIL,Hyderabad,Telangana,2008-08-27,2023-06-29,ACTIVE
102103,Customer_02103,RETAIL,Pune,Maharashtra,1992-09-26,2024-11-08,ACTIVE
102104,Customer_02104,RETAIL,Pune,Maharashtra,1997-06-25,2021-06-23,ACTIVE
102105,Customer_02105,RETAIL,Kolkata,West Bengal,2005-12-07,2022-03-17,ACTIVE
102106,Customer_02106,RETAIL,Delhi,Delhi,2019-06-17,2025-04-19,ACTIVE
102107,Customer_02107,RETAIL,Kolkata,West Bengal,2002-02-01,2022-03-02,ACTIVE
102108,Customer_02108,RETAIL,Pune,Maharashtra,2008-04-29,2024-01-18,ACTIVE
102109,Customer_02109,RETAIL,Delhi,Delhi,2003-08-03,2022-08-12,ACTIVE
102110,Customer_02110,RETAIL,Delhi,Delhi,1996-07-24,2020-05-15,ACTIVE
102111,Customer_02111,BUSINESS,Delhi,Delhi,2017-06-18,2023-05-19,ACTIVE
102112,Customer_02112,RETAIL,Hyderabad,Telangana,2018-08-12,2022-05-08,ACTIVE
102113,Customer_02113,PREMIUM,Ahmedabad,Gujarat,1991-11-30,2021-09-27,ACTIVE
102114,Customer_02114,RETAIL,Ahmedabad,Gujarat,2015-12-13,2025-08-22,ACTIVE
102115,Customer_02115,PREMIUM,Hyderabad,Telangana,1997-09-11,2025-02-01,ACTIVE
102116,Customer_02116,PREMIUM,Pune,Maharashtra,2009-07-21,2021-10-27,ACTIVE
102117,Customer_02117,RETAIL,Ahmedabad,Gujarat,2000-05-26,2023-06-11,ACTIVE
102118,Customer_02118,PREMIUM,Chennai,Tamil Nadu,2010-08-30,2024-09-23,ACTIVE
102119,Customer_02119,RETAIL,Chennai,Tamil Nadu,2014-12-16,2020-05-07,ACTIVE
102120,Customer_02120,PREMIUM,Hyderabad,Telangana,1996-07-24,2020-08-13,ACTIVE
102121,Customer_02121,RETAIL,Kolkata,West Bengal,2007-12-10,2023-07-19,ACTIVE
102122,Customer_02122,RETAIL,Ahmedabad,Gujarat,2000-01-01,2026-02-11,ACTIVE
102123,Customer_02123,BUSINESS,Chennai,Tamil Nadu,2011-12-24,2026-02-03,ACTIVE
102124,Customer_02124,PREMIUM,Chennai,Tamil Nadu,1987-01-12,2022-12-14,ACTIVE
102125,Customer_02125,RETAIL,Hyderabad,Telangana,2009-02-07,2024-08-16,ACTIVE
102126,Customer_02126,BUSINESS,Delhi,Delhi,2003-08-13,2023-03-25,ACTIVE
102127,Customer_02127,RETAIL,Delhi,Delhi,1997-09-14,2025-12-11,ACTIVE
102128,Customer_02128,RETAIL,Hyderabad,Telangana,1994-05-10,2023-09-29,ACTIVE
102129,Customer_02129,PREMIUM,Mumbai,Maharashtra,2007-12-25,2025-11-09,ACTIVE
102130,Customer_02130,RETAIL,Delhi,Delhi,1993-06-07,2022-05-22,ACTIVE
102131,Customer_02131,RETAIL,Hyderabad,Telangana,1980-07-07,2026-02-12,ACTIVE
102132,Customer_02132,PREMIUM,Ahmedabad,Gujarat,2018-02-08,2024-10-06,ACTIVE
102133,Customer_02133,RETAIL,Chennai,Tamil Nadu,1997-07-23,2025-01-16,ACTIVE
102134,Customer_02134,RETAIL,Bangalore,Karnataka,1985-12-06,2020-02-05,ACTIVE
102135,Customer_02135,RETAIL,Bangalore,Karnataka,1988-06-07,2025-04-19,ACTIVE
102136,Customer_02136,PREMIUM,Hyderabad,Telangana,2013-04-01,2021-01-24,INACTIVE
102137,Customer_02137,RETAIL,Chennai,Tamil Nadu,1992-10-13,2026-02-24,ACTIVE
102138,Customer_02138,RETAIL,Mumbai,Maharashtra,1990-09-22,2021-03-29,ACTIVE
102139,Customer_02139,PREMIUM,Chennai,Tamil Nadu,1999-03-06,2025-06-05,ACTIVE
102140,Customer_02140,RETAIL,Bangalore,Karnataka,1980-05-04,2024-03-04,ACTIVE
102141,Customer_02141,RETAIL,Hyderabad,Telangana,2002-03-04,2022-07-31,ACTIVE
102142,Customer_02142,PREMIUM,Ahmedabad,Gujarat,1980-10-28,2025-11-07,ACTIVE
102143,Customer_02143,PREMIUM,Ahmedabad,Gujarat,2013-06-25,2022-07-20,ACTIVE
102144,Customer_02144,RETAIL,Chennai,Tamil Nadu,1996-10-15,2020-06-01,ACTIVE
102145,Customer_02145,PREMIUM,Delhi,Delhi,1988-02-16,2020-06-30,INACTIVE
102146,Customer_02146,PREMIUM,Bangalore,Karnataka,1997-10-29,2025-08-07,ACTIVE
102147,Customer_02147,RETAIL,Pune,Maharashtra,1986-05-17,2022-07-11,INACTIVE
102148,Customer_02148,PREMIUM,Ahmedabad,Gujarat,1992-04-25,2025-05-20,ACTIVE
102149,Customer_02149,PREMIUM,Kolkata,West Bengal,1984-07-13,2020-02-18,INACTIVE
102150,Customer_02150,RETAIL,Kolkata,West Bengal,2006-08-18,2020-07-02,ACTIVE
102151,Customer_02151,RETAIL,Delhi,Delhi,2019-04-02,2026-06-29,ACTIVE
102152,Customer_02152,PREMIUM,Delhi,Delhi,1999-02-05,2020-12-09,ACTIVE
102153,Customer_02153,BUSINESS,Kolkata,West Bengal,1983-03-19,2024-07-08,ACTIVE
102154,Customer_02154,RETAIL,Chennai,Tamil Nadu,1982-03-17,2022-04-20,ACTIVE
102155,Customer_02155,PREMIUM,Hyderabad,Telangana,2013-05-04,2023-04-15,ACTIVE
102156,Customer_02156,PREMIUM,Bangalore,Karnataka,1993-06-17,2020-10-02,ACTIVE
102157,Customer_02157,PREMIUM,Bangalore,Karnataka,1991-04-29,2021-10-02,ACTIVE
102158,Customer_02158,BUSINESS,Hyderabad,Telangana,1983-05-09,2024-12-24,ACTIVE
102159,Customer_02159,RETAIL,Kolkata,West Bengal,2006-06-04,2023-07-09,ACTIVE
102160,Customer_02160,RETAIL,Delhi,Delhi,1981-09-30,2023-04-24,ACTIVE
102161,Customer_02161,RETAIL,Kolkata,West Bengal,2016-04-18,2026-03-17,ACTIVE
102162,Customer_02162,RETAIL,Pune,Maharashtra,1987-09-20,2022-09-12,ACTIVE
102163,Customer_02163,RETAIL,Bangalore,Karnataka,1981-12-31,2025-04-12,ACTIVE
102164,Customer_02164,PREMIUM,Ahmedabad,Gujarat,2007-12-08,2024-10-05,ACTIVE
102165,Customer_02165,BUSINESS,Ahmedabad,Gujarat,1993-09-16,2023-01-10,ACTIVE
102166,Customer_02166,RETAIL,Ahmedabad,Gujarat,2007-10-01,2021-12-03,ACTIVE
102167,Customer_02167,PREMIUM,Delhi,Delhi,1980-10-18,2022-04-29,ACTIVE
102168,Customer_02168,RETAIL,Kolkata,West Bengal,2014-07-16,2025-09-22,ACTIVE
102169,Customer_02169,RETAIL,Ahmedabad,Gujarat,1991-11-20,2022-01-04,ACTIVE
102170,Customer_02170,RETAIL,Ahmedabad,Gujarat,2010-03-25,2024-04-18,ACTIVE
102171,Customer_02171,RETAIL,Mumbai,Maharashtra,2017-08-03,2020-10-25,ACTIVE
102172,Customer_02172,RETAIL,Hyderabad,Telangana,2001-02-26,2022-04-11,ACTIVE
102173,Customer_02173,PREMIUM,Ahmedabad,Gujarat,1992-11-18,2026-02-20,ACTIVE
102174,Customer_02174,RETAIL,Kolkata,West Bengal,1992-01-02,2023-07-19,ACTIVE
102175,Customer_02175,RETAIL,Pune,Maharashtra,2007-05-09,2025-05-27,ACTIVE
102176,Customer_02176,RETAIL,Kolkata,West Bengal,1979-05-28,2021-09-14,ACTIVE
102177,Customer_02177,RETAIL,Mumbai,Maharashtra,1985-03-13,2024-12-31,ACTIVE
102178,Customer_02178,BUSINESS,Bangalore,Karnataka,2005-09-28,2026-06-21,ACTIVE
102179,Customer_02179,BUSINESS,Hyderabad,Telangana,1980-03-21,2026-01-29,ACTIVE
102180,Customer_02180,RETAIL,Bangalore,Karnataka,1991-01-23,2022-11-11,ACTIVE
102181,Customer_02181,RETAIL,Hyderabad,Telangana,2005-10-06,2024-06-24,ACTIVE
102182,Customer_02182,RETAIL,Pune,Maharashtra,1989-06-08,2025-11-22,ACTIVE
102183,Customer_02183,PREMIUM,Chennai,Tamil Nadu,2017-05-21,2025-05-06,ACTIVE
102184,Customer_02184,RETAIL,Hyderabad,Telangana,2019-03-14,2026-06-05,ACTIVE
102185,Customer_02185,RETAIL,Hyderabad,Telangana,1980-07-17,2020-03-16,ACTIVE
102186,Customer_02186,RETAIL,Delhi,Delhi,1986-04-27,2023-07-09,ACTIVE
102187,Customer_02187,RETAIL,Delhi,Delhi,2016-06-06,2025-03-14,ACTIVE
102188,Customer_02188,RETAIL,Delhi,Delhi,1980-06-30,2024-10-17,ACTIVE
102189,Customer_02189,RETAIL,Bangalore,Karnataka,1999-02-24,2021-01-03,ACTIVE
102190,Customer_02190,PREMIUM,Chennai,Tamil Nadu,2018-02-25,2023-10-05,ACTIVE
102191,Customer_02191,RETAIL,Delhi,Delhi,2003-05-03,2021-01-31,ACTIVE
102192,Customer_02192,RETAIL,Bangalore,Karnataka,1991-09-25,2020-08-07,ACTIVE
102193,Customer_02193,RETAIL,Delhi,Delhi,1979-06-05,2020-09-24,ACTIVE
102194,Customer_02194,RETAIL,Pune,Maharashtra,1995-04-28,2026-04-04,ACTIVE
102195,Customer_02195,PREMIUM,Hyderabad,Telangana,2001-06-02,2021-10-14,ACTIVE
102196,Customer_02196,BUSINESS,Kolkata,West Bengal,1982-06-28,2022-12-31,ACTIVE
102197,Customer_02197,RETAIL,Delhi,Delhi,2000-11-09,2021-09-07,ACTIVE
102198,Customer_02198,PREMIUM,Kolkata,West Bengal,1995-10-04,2025-11-15,ACTIVE
102199,Customer_02199,PREMIUM,Chennai,Tamil Nadu,1992-07-18,2025-11-03,INACTIVE
102200,Customer_02200,PREMIUM,Pune,Maharashtra,2019-02-03,2024-04-22,ACTIVE
102201,Customer_02201,RETAIL,Delhi,Delhi,2015-11-13,2025-06-11,ACTIVE
102202,Customer_02202,RETAIL,Mumbai,Maharashtra,2007-09-01,2020-09-09,ACTIVE
102203,Customer_02203,RETAIL,Mumbai,Maharashtra,2003-06-07,2026-07-27,ACTIVE
102204,Customer_02204,BUSINESS,Delhi,Delhi,1998-08-16,2022-09-27,ACTIVE
102205,Customer_02205,RETAIL,Bangalore,Karnataka,1982-01-20,2022-08-19,ACTIVE
102206,Customer_02206,RETAIL,Kolkata,West Bengal,1991-10-17,2021-04-15,ACTIVE
102207,Customer_02207,RETAIL,Pune,Maharashtra,1979-08-05,2025-10-05,ACTIVE
102208,Customer_02208,RETAIL,Kolkata,West Bengal,1994-03-13,2021-02-11,ACTIVE
102209,Customer_02209,RETAIL,Pune,Maharashtra,1998-08-13,2025-08-20,ACTIVE
102210,Customer_02210,RETAIL,Pune,Maharashtra,2004-04-07,2024-09-12,ACTIVE
102211,Customer_02211,RETAIL,Hyderabad,Telangana,1993-09-28,2025-01-26,ACTIVE
102212,Customer_02212,PREMIUM,Kolkata,West Bengal,1989-08-12,2020-03-13,ACTIVE
102213,Customer_02213,PREMIUM,Chennai,Tamil Nadu,2008-04-28,2024-11-07,ACTIVE
102214,Customer_02214,RETAIL,Mumbai,Maharashtra,1985-05-28,2026-05-07,ACTIVE
102215,Customer_02215,PREMIUM,Mumbai,Maharashtra,1984-04-25,2022-08-04,ACTIVE
102216,Customer_02216,RETAIL,Bangalore,Karnataka,2007-10-04,2022-12-15,ACTIVE
102217,Customer_02217,PREMIUM,Bangalore,Karnataka,2003-03-24,2020-09-25,ACTIVE
102218,Customer_02218,PREMIUM,Ahmedabad,Gujarat,2014-11-15,2023-03-21,ACTIVE
102219,Customer_02219,RETAIL,Delhi,Delhi,2009-07-06,2024-06-04,ACTIVE
102220,Customer_02220,RETAIL,Pune,Maharashtra,2016-03-10,2021-12-19,ACTIVE
102221,Customer_02221,RETAIL,Ahmedabad,Gujarat,2006-06-13,2024-11-14,ACTIVE
102222,Customer_02222,RETAIL,Pune,Maharashtra,2013-09-20,2020-07-24,ACTIVE
102223,Customer_02223,RETAIL,Mumbai,Maharashtra,1986-02-10,2024-06-05,ACTIVE
102224,Customer_02224,RETAIL,Bangalore,Karnataka,2000-12-14,2023-11-12,ACTIVE
102225,Customer_02225,PREMIUM,Bangalore,Karnataka,2017-12-14,2021-07-05,ACTIVE
102226,Customer_02226,RETAIL,Chennai,Tamil Nadu,2011-07-24,2022-04-07,ACTIVE
102227,Customer_02227,RETAIL,Ahmedabad,Gujarat,1995-09-20,2021-07-29,ACTIVE
102228,Customer_02228,RETAIL,Ahmedabad,Gujarat,2017-03-17,2024-02-06,ACTIVE
102229,Customer_02229,RETAIL,Delhi,Delhi,1991-12-31,2024-03-08,ACTIVE
102230,Customer_02230,BUSINESS,Ahmedabad,Gujarat,1980-02-15,2023-08-26,ACTIVE
102231,Customer_02231,RETAIL,Hyderabad,Telangana,2011-11-17,2021-04-10,ACTIVE
102232,Customer_02232,RETAIL,Mumbai,Maharashtra,1996-02-02,2021-06-04,ACTIVE
102233,Customer_02233,RETAIL,Ahmedabad,Gujarat,1980-07-28,2025-04-30,INACTIVE
102234,Customer_02234,RETAIL,Pune,Maharashtra,1987-07-19,2023-01-12,ACTIVE
102235,Customer_02235,RETAIL,Chennai,Tamil Nadu,1982-02-13,2022-11-11,ACTIVE
102236,Customer_02236,PREMIUM,Kolkata,West Bengal,2020-02-06,2022-01-09,ACTIVE
102237,Customer_02237,RETAIL,Pune,Maharashtra,2013-12-23,2026-02-10,ACTIVE
102238,Customer_02238,RETAIL,Delhi,Delhi,2017-05-04,2021-07-29,ACTIVE
102239,Customer_02239,RETAIL,Bangalore,Karnataka,1986-08-22,2025-01-19,ACTIVE
102240,Customer_02240,PREMIUM,Ahmedabad,Gujarat,2012-02-09,2025-01-21,ACTIVE
102241,Customer_02241,RETAIL,Pune,Maharashtra,2002-04-26,2021-08-07,ACTIVE
102242,Customer_02242,RETAIL,Hyderabad,Telangana,1991-04-26,2020-01-29,ACTIVE
102243,Customer_02243,PREMIUM,Bangalore,Karnataka,2006-08-20,2021-08-22,ACTIVE
102244,Customer_02244,PREMIUM,Mumbai,Maharashtra,2018-04-07,2021-10-07,ACTIVE
102245,Customer_02245,RETAIL,Hyderabad,Telangana,1998-01-28,2024-11-22,ACTIVE
102246,Customer_02246,BUSINESS,Kolkata,West Bengal,1980-05-13,2023-06-28,ACTIVE
102247,Customer_02247,PREMIUM,Chennai,Tamil Nadu,2013-10-05,2022-10-29,ACTIVE
102248,Customer_02248,RETAIL,Pune,Maharashtra,1986-11-20,2023-02-16,ACTIVE
102249,Customer_02249,PREMIUM,Pune,Maharashtra,1986-08-30,2026-04-05,ACTIVE
102250,Customer_02250,RETAIL,Bangalore,Karnataka,2004-07-01,2026-03-06,ACTIVE
102251,Customer_02251,RETAIL,Chennai,Tamil Nadu,2011-12-22,2020-03-02,ACTIVE
102252,Customer_02252,RETAIL,Chennai,Tamil Nadu,2011-09-25,2025-07-17,ACTIVE
102253,Customer_02253,PREMIUM,Pune,Maharashtra,2014-10-23,2022-05-16,ACTIVE
102254,Customer_02254,RETAIL,Chennai,Tamil Nadu,2015-06-15,2024-12-08,INACTIVE
102255,Customer_02255,RETAIL,Delhi,Delhi,1984-06-07,2026-06-21,ACTIVE
102256,Customer_02256,RETAIL,Hyderabad,Telangana,1991-07-04,2023-05-18,ACTIVE
102257,Customer_02257,RETAIL,Kolkata,West Bengal,2008-09-26,2024-02-06,ACTIVE
102258,Customer_02258,BUSINESS,Hyderabad,Telangana,1995-03-20,2022-10-26,ACTIVE
102259,Customer_02259,PREMIUM,Mumbai,Maharashtra,2008-07-26,2020-06-28,ACTIVE
102260,Customer_02260,RETAIL,Ahmedabad,Gujarat,1997-11-04,2020-03-28,INACTIVE
102261,Customer_02261,PREMIUM,Mumbai,Maharashtra,1997-09-14,2022-05-14,ACTIVE
102262,Customer_02262,PREMIUM,Ahmedabad,Gujarat,1980-04-09,2025-05-26,ACTIVE
102263,Customer_02263,RETAIL,Mumbai,Maharashtra,2004-02-23,2022-03-30,ACTIVE
102264,Customer_02264,RETAIL,Chennai,Tamil Nadu,2014-08-24,2022-10-30,ACTIVE
102265,Customer_02265,RETAIL,Mumbai,Maharashtra,2012-10-14,2023-06-28,ACTIVE
102266,Customer_02266,RETAIL,Mumbai,Maharashtra,1993-01-16,2022-02-09,ACTIVE
102267,Customer_02267,RETAIL,Hyderabad,Telangana,2006-12-16,2023-03-21,ACTIVE
102268,Customer_02268,RETAIL,Hyderabad,Telangana,1987-05-08,2023-12-26,ACTIVE
102269,Customer_02269,BUSINESS,Mumbai,Maharashtra,2005-03-08,2025-08-04,ACTIVE
102270,Customer_02270,RETAIL,Ahmedabad,Gujarat,1995-12-20,2024-12-14,ACTIVE
102271,Customer_02271,PREMIUM,Delhi,Delhi,2017-03-22,2025-05-16,ACTIVE
102272,Customer_02272,BUSINESS,Delhi,Delhi,2008-05-06,2023-06-09,ACTIVE
102273,Customer_02273,RETAIL,Delhi,Delhi,1982-03-05,2024-08-03,ACTIVE
102274,Customer_02274,RETAIL,Bangalore,Karnataka,2014-12-06,2020-12-24,ACTIVE
102275,Customer_02275,PREMIUM,Pune,Maharashtra,2008-11-26,2020-12-20,ACTIVE
102276,Customer_02276,PREMIUM,Bangalore,Karnataka,1988-01-04,2026-01-20,ACTIVE
102277,Customer_02277,RETAIL,Pune,Maharashtra,1990-10-08,2023-12-20,ACTIVE
102278,Customer_02278,PREMIUM,Mumbai,Maharashtra,1986-04-03,2020-09-27,ACTIVE
102279,Customer_02279,RETAIL,Delhi,Delhi,1991-11-26,2022-09-05,ACTIVE
102280,Customer_02280,PREMIUM,Hyderabad,Telangana,2017-12-03,2026-05-15,ACTIVE
102281,Customer_02281,PREMIUM,Kolkata,West Bengal,2016-03-20,2020-02-20,ACTIVE
102282,Customer_02282,RETAIL,Delhi,Delhi,2001-10-15,2022-11-27,ACTIVE
102283,Customer_02283,RETAIL,Delhi,Delhi,1994-01-15,2025-07-01,ACTIVE
102284,Customer_02284,RETAIL,Kolkata,West Bengal,1994-03-09,2026-03-21,ACTIVE
102285,Customer_02285,BUSINESS,Hyderabad,Telangana,2018-06-19,2022-06-03,ACTIVE
102286,Customer_02286,BUSINESS,Kolkata,West Bengal,1987-05-08,2026-01-04,ACTIVE
102287,Customer_02287,PREMIUM,Ahmedabad,Gujarat,2010-04-10,2024-09-14,ACTIVE
102288,Customer_02288,RETAIL,Kolkata,West Bengal,2020-01-14,2022-09-02,ACTIVE
102289,Customer_02289,RETAIL,Ahmedabad,Gujarat,2014-04-16,2025-02-13,ACTIVE
102290,Customer_02290,RETAIL,Bangalore,Karnataka,2008-09-12,2025-04-04,ACTIVE
102291,Customer_02291,RETAIL,Bangalore,Karnataka,2016-02-13,2021-10-22,ACTIVE
102292,Customer_02292,RETAIL,Delhi,Delhi,1988-02-11,2020-08-03,ACTIVE
102293,Customer_02293,PREMIUM,Pune,Maharashtra,2019-07-26,2025-02-17,ACTIVE
102294,Customer_02294,RETAIL,Hyderabad,Telangana,1982-11-29,2020-07-17,ACTIVE
102295,Customer_02295,RETAIL,Hyderabad,Telangana,1979-09-25,2025-02-11,ACTIVE
102296,Customer_02296,BUSINESS,Kolkata,West Bengal,1987-05-08,2022-05-04,ACTIVE
102297,Customer_02297,PREMIUM,Pune,Maharashtra,2004-03-03,2024-08-14,ACTIVE
102298,Customer_02298,RETAIL,Bangalore,Karnataka,1989-05-04,2024-01-03,ACTIVE
102299,Customer_02299,BUSINESS,Pune,Maharashtra,2005-03-07,2020-04-02,ACTIVE
102300,Customer_02300,RETAIL,Ahmedabad,Gujarat,1983-09-23,2020-01-23,ACTIVE
102301,Customer_02301,RETAIL,Delhi,Delhi,2007-10-17,2024-02-20,ACTIVE
102302,Customer_02302,PREMIUM,Pune,Maharashtra,1988-08-05,2023-05-21,ACTIVE
102303,Customer_02303,PREMIUM,Chennai,Tamil Nadu,2000-08-30,2020-04-14,ACTIVE
102304,Customer_02304,RETAIL,Ahmedabad,Gujarat,1983-12-17,2026-05-30,ACTIVE
102305,Customer_02305,RETAIL,Ahmedabad,Gujarat,2019-01-04,2021-07-26,ACTIVE
102306,Customer_02306,RETAIL,Mumbai,Maharashtra,1994-09-04,2025-08-22,ACTIVE
102307,Customer_02307,RETAIL,Delhi,Delhi,2003-12-31,2020-10-07,ACTIVE
102308,Customer_02308,PREMIUM,Pune,Maharashtra,1999-02-17,2021-07-11,ACTIVE
102309,Customer_02309,RETAIL,Delhi,Delhi,2003-08-12,2023-06-23,ACTIVE
102310,Customer_02310,RETAIL,Chennai,Tamil Nadu,1997-11-11,2023-06-21,ACTIVE
102311,Customer_02311,RETAIL,Delhi,Delhi,1982-03-03,2023-12-19,ACTIVE
102312,Customer_02312,RETAIL,Mumbai,Maharashtra,2013-03-21,2021-02-15,ACTIVE
102313,Customer_02313,RETAIL,Chennai,Tamil Nadu,2005-07-20,2021-09-26,ACTIVE
102314,Customer_02314,RETAIL,Mumbai,Maharashtra,1989-08-05,2021-09-23,INACTIVE
102315,Customer_02315,RETAIL,Pune,Maharashtra,1982-08-13,2022-11-23,INACTIVE
102316,Customer_02316,RETAIL,Mumbai,Maharashtra,2015-08-06,2026-01-24,ACTIVE
102317,Customer_02317,PREMIUM,Mumbai,Maharashtra,1992-10-27,2023-01-14,ACTIVE
102318,Customer_02318,BUSINESS,Bangalore,Karnataka,2016-06-16,2026-07-22,ACTIVE
102319,Customer_02319,RETAIL,Kolkata,West Bengal,2010-08-14,2021-08-26,ACTIVE
102320,Customer_02320,RETAIL,Kolkata,West Bengal,2018-07-31,2021-08-05,ACTIVE
102321,Customer_02321,RETAIL,Mumbai,Maharashtra,2006-04-07,2020-08-30,ACTIVE
102322,Customer_02322,RETAIL,Mumbai,Maharashtra,1986-08-06,2021-05-23,ACTIVE
102323,Customer_02323,RETAIL,Delhi,Delhi,1980-08-14,2022-01-18,ACTIVE
102324,Customer_02324,BUSINESS,Hyderabad,Telangana,1989-04-04,2022-07-10,INACTIVE
102325,Customer_02325,PREMIUM,Hyderabad,Telangana,1997-03-15,2024-09-08,INACTIVE
102326,Customer_02326,RETAIL,Kolkata,West Bengal,2004-10-13,2022-12-06,ACTIVE
102327,Customer_02327,BUSINESS,Delhi,Delhi,2015-12-16,2024-07-04,ACTIVE
102328,Customer_02328,RETAIL,Pune,Maharashtra,1984-12-13,2020-08-02,ACTIVE
102329,Customer_02329,RETAIL,Mumbai,Maharashtra,2005-03-29,2026-03-22,ACTIVE
102330,Customer_02330,RETAIL,Pune,Maharashtra,1982-09-06,2020-12-20,ACTIVE
102331,Customer_02331,RETAIL,Mumbai,Maharashtra,1998-12-08,2020-03-21,ACTIVE
102332,Customer_02332,PREMIUM,Kolkata,West Bengal,1982-03-11,2022-10-16,ACTIVE
102333,Customer_02333,RETAIL,Delhi,Delhi,1994-07-09,2024-04-12,ACTIVE
102334,Customer_02334,PREMIUM,Kolkata,West Bengal,2004-01-22,2021-07-19,INACTIVE
102335,Customer_02335,RETAIL,Chennai,Tamil Nadu,2009-07-06,2021-01-26,ACTIVE
102336,Customer_02336,BUSINESS,Chennai,Tamil Nadu,2012-03-18,2025-07-20,ACTIVE
102337,Customer_02337,RETAIL,Bangalore,Karnataka,2000-09-14,2025-06-02,ACTIVE
102338,Customer_02338,RETAIL,Kolkata,West Bengal,1989-10-18,2024-12-08,ACTIVE
102339,Customer_02339,RETAIL,Mumbai,Maharashtra,2016-08-29,2021-06-13,ACTIVE
102340,Customer_02340,BUSINESS,Mumbai,Maharashtra,2017-07-03,2023-07-11,ACTIVE
102341,Customer_02341,RETAIL,Bangalore,Karnataka,2018-11-25,2024-07-12,ACTIVE
102342,Customer_02342,RETAIL,Bangalore,Karnataka,2011-09-09,2022-11-04,ACTIVE
102343,Customer_02343,PREMIUM,Chennai,Tamil Nadu,2011-02-10,2021-03-05,ACTIVE
102344,Customer_02344,RETAIL,Hyderabad,Telangana,1982-05-06,2025-06-17,ACTIVE
102345,Customer_02345,RETAIL,Chennai,Tamil Nadu,2002-09-05,2026-03-02,INACTIVE
102346,Customer_02346,RETAIL,Delhi,Delhi,1995-11-22,2021-02-02,ACTIVE
102347,Customer_02347,RETAIL,Delhi,Delhi,1989-10-19,2024-08-14,ACTIVE
102348,Customer_02348,RETAIL,Kolkata,West Bengal,1981-12-16,2025-10-30,ACTIVE
102349,Customer_02349,RETAIL,Pune,Maharashtra,1987-12-04,2023-07-22,ACTIVE
102350,Customer_02350,RETAIL,Chennai,Tamil Nadu,2016-09-30,2020-04-27,ACTIVE
102351,Customer_02351,RETAIL,Chennai,Tamil Nadu,2016-06-25,2024-07-15,ACTIVE
102352,Customer_02352,RETAIL,Kolkata,West Bengal,2009-09-02,2026-01-25,ACTIVE
102353,Customer_02353,BUSINESS,Hyderabad,Telangana,1983-05-03,2021-09-19,ACTIVE
102354,Customer_02354,RETAIL,Bangalore,Karnataka,2007-05-12,2020-11-29,ACTIVE
102355,Customer_02355,RETAIL,Delhi,Delhi,1984-05-15,2021-08-29,ACTIVE
102356,Customer_02356,RETAIL,Delhi,Delhi,2007-03-15,2025-05-03,ACTIVE
102357,Customer_02357,PREMIUM,Bangalore,Karnataka,1980-07-19,2023-08-30,ACTIVE
102358,Customer_02358,RETAIL,Pune,Maharashtra,1990-11-16,2020-02-13,ACTIVE
102359,Customer_02359,RETAIL,Hyderabad,Telangana,1984-03-12,2023-11-11,ACTIVE
102360,Customer_02360,PREMIUM,Pune,Maharashtra,2017-07-03,2025-05-10,ACTIVE
102361,Customer_02361,RETAIL,Hyderabad,Telangana,2002-07-10,2021-03-20,ACTIVE
102362,Customer_02362,PREMIUM,Kolkata,West Bengal,2017-01-22,2023-11-02,ACTIVE
102363,Customer_02363,PREMIUM,Ahmedabad,Gujarat,1979-12-31,2021-07-03,ACTIVE
102364,Customer_02364,PREMIUM,Mumbai,Maharashtra,2009-07-14,2020-02-15,ACTIVE
102365,Customer_02365,RETAIL,Kolkata,West Bengal,1998-11-14,2022-08-19,ACTIVE
102366,Customer_02366,RETAIL,Mumbai,Maharashtra,1998-06-03,2025-02-01,ACTIVE
102367,Customer_02367,RETAIL,Delhi,Delhi,2015-01-10,2024-05-24,ACTIVE
102368,Customer_02368,PREMIUM,Pune,Maharashtra,1981-02-05,2020-08-31,ACTIVE
102369,Customer_02369,BUSINESS,Pune,Maharashtra,2017-12-09,2021-03-22,ACTIVE
102370,Customer_02370,BUSINESS,Pune,Maharashtra,1980-04-29,2023-07-19,INACTIVE
102371,Customer_02371,RETAIL,Mumbai,Maharashtra,1994-01-23,2022-02-08,ACTIVE
102372,Customer_02372,PREMIUM,Kolkata,West Bengal,1984-11-02,2022-03-07,ACTIVE
102373,Customer_02373,RETAIL,Mumbai,Maharashtra,2000-08-25,2022-11-12,ACTIVE
102374,Customer_02374,PREMIUM,Bangalore,Karnataka,2003-08-19,2024-12-27,ACTIVE
102375,Customer_02375,RETAIL,Hyderabad,Telangana,2005-07-13,2023-10-13,INACTIVE
102376,Customer_02376,RETAIL,Ahmedabad,Gujarat,2011-12-10,2025-08-09,ACTIVE
102377,Customer_02377,RETAIL,Kolkata,West Bengal,2010-01-02,2020-09-02,ACTIVE
102378,Customer_02378,BUSINESS,Pune,Maharashtra,2018-02-11,2023-01-19,ACTIVE
102379,Customer_02379,RETAIL,Ahmedabad,Gujarat,1997-08-18,2023-08-13,ACTIVE
102380,Customer_02380,RETAIL,Hyderabad,Telangana,1986-05-14,2024-12-24,ACTIVE
102381,Customer_02381,RETAIL,Pune,Maharashtra,1985-07-23,2023-05-21,ACTIVE
102382,Customer_02382,RETAIL,Bangalore,Karnataka,1990-06-24,2026-01-08,ACTIVE
102383,Customer_02383,BUSINESS,Ahmedabad,Gujarat,2003-12-04,2025-07-03,ACTIVE
102384,Customer_02384,RETAIL,Bangalore,Karnataka,1981-05-21,2024-07-12,ACTIVE
102385,Customer_02385,RETAIL,Pune,Maharashtra,2018-05-18,2022-08-12,ACTIVE
102386,Customer_02386,PREMIUM,Ahmedabad,Gujarat,2019-10-13,2022-02-11,ACTIVE
102387,Customer_02387,RETAIL,Ahmedabad,Gujarat,1985-12-07,2023-07-04,INACTIVE
102388,Customer_02388,RETAIL,Ahmedabad,Gujarat,2011-03-27,2023-01-16,ACTIVE
102389,Customer_02389,RETAIL,Ahmedabad,Gujarat,2003-08-27,2020-03-11,INACTIVE
102390,Customer_02390,RETAIL,Kolkata,West Bengal,1998-11-27,2021-07-05,ACTIVE
102391,Customer_02391,RETAIL,Bangalore,Karnataka,2009-05-02,2025-06-27,ACTIVE
102392,Customer_02392,RETAIL,Pune,Maharashtra,2002-10-20,2023-01-05,ACTIVE
102393,Customer_02393,RETAIL,Chennai,Tamil Nadu,1992-06-16,2026-03-29,ACTIVE
102394,Customer_02394,PREMIUM,Pune,Maharashtra,2002-04-02,2021-08-13,INACTIVE
102395,Customer_02395,PREMIUM,Bangalore,Karnataka,1984-09-27,2026-05-11,ACTIVE
102396,Customer_02396,PREMIUM,Hyderabad,Telangana,1989-08-11,2025-04-21,ACTIVE
102397,Customer_02397,RETAIL,Ahmedabad,Gujarat,2019-02-14,2022-05-10,ACTIVE
102398,Customer_02398,RETAIL,Delhi,Delhi,1986-10-11,2024-01-03,ACTIVE
102399,Customer_02399,BUSINESS,Delhi,Delhi,2003-09-25,2026-06-30,ACTIVE
102400,Customer_02400,PREMIUM,Hyderabad,Telangana,1991-05-12,2024-02-28,INACTIVE
102401,Customer_02401,RETAIL,Mumbai,Maharashtra,1998-04-02,2026-02-14,ACTIVE
102402,Customer_02402,RETAIL,Chennai,Tamil Nadu,1989-04-25,2020-09-21,ACTIVE
102403,Customer_02403,RETAIL,Hyderabad,Telangana,2002-07-10,2021-01-27,ACTIVE
102404,Customer_02404,RETAIL,Chennai,Tamil Nadu,2002-01-22,2020-01-04,ACTIVE
102405,Customer_02405,RETAIL,Bangalore,Karnataka,2004-07-12,2022-02-19,ACTIVE
102406,Customer_02406,RETAIL,Kolkata,West Bengal,1991-10-28,2025-03-09,ACTIVE
102407,Customer_02407,BUSINESS,Delhi,Delhi,2002-12-08,2026-05-02,ACTIVE
102408,Customer_02408,RETAIL,Hyderabad,Telangana,2009-02-06,2023-07-25,ACTIVE
102409,Customer_02409,RETAIL,Bangalore,Karnataka,2008-09-24,2022-10-11,ACTIVE
102410,Customer_02410,RETAIL,Mumbai,Maharashtra,2002-06-28,2026-02-13,ACTIVE
102411,Customer_02411,PREMIUM,Chennai,Tamil Nadu,1991-06-14,2023-11-12,ACTIVE
102412,Customer_02412,PREMIUM,Mumbai,Maharashtra,2001-01-08,2023-07-13,ACTIVE
102413,Customer_02413,RETAIL,Ahmedabad,Gujarat,2001-03-20,2020-07-22,INACTIVE
102414,Customer_02414,RETAIL,Chennai,Tamil Nadu,2018-03-26,2021-05-30,ACTIVE
102415,Customer_02415,PREMIUM,Delhi,Delhi,1994-08-25,2024-08-01,INACTIVE
102416,Customer_02416,PREMIUM,Bangalore,Karnataka,1992-05-28,2024-08-03,ACTIVE
102417,Customer_02417,RETAIL,Chennai,Tamil Nadu,2009-12-17,2023-04-05,ACTIVE
102418,Customer_02418,PREMIUM,Delhi,Delhi,2005-04-03,2024-08-09,ACTIVE
102419,Customer_02419,RETAIL,Delhi,Delhi,1996-09-14,2024-07-17,ACTIVE
102420,Customer_02420,RETAIL,Bangalore,Karnataka,1979-03-02,2020-06-06,ACTIVE
102421,Customer_02421,RETAIL,Delhi,Delhi,2008-02-11,2025-06-26,ACTIVE
102422,Customer_02422,RETAIL,Kolkata,West Bengal,2009-06-05,2024-07-22,ACTIVE
102423,Customer_02423,RETAIL,Mumbai,Maharashtra,2017-05-16,2021-06-10,ACTIVE
102424,Customer_02424,RETAIL,Kolkata,West Bengal,1999-10-21,2021-05-25,ACTIVE
102425,Customer_02425,PREMIUM,Delhi,Delhi,2000-04-26,2026-04-18,ACTIVE
102426,Customer_02426,RETAIL,Chennai,Tamil Nadu,1987-09-21,2021-09-02,ACTIVE
102427,Customer_02427,BUSINESS,Pune,Maharashtra,1998-01-16,2020-03-18,ACTIVE
102428,Customer_02428,RETAIL,Bangalore,Karnataka,1979-03-24,2020-03-16,ACTIVE
102429,Customer_02429,RETAIL,Kolkata,West Bengal,1999-09-23,2021-07-01,ACTIVE
102430,Customer_02430,BUSINESS,Delhi,Delhi,2008-03-13,2024-02-14,ACTIVE
102431,Customer_02431,PREMIUM,Pune,Maharashtra,2011-06-10,2022-12-31,ACTIVE
102432,Customer_02432,RETAIL,Chennai,Tamil Nadu,2006-05-19,2024-10-22,ACTIVE
102433,Customer_02433,PREMIUM,Pune,Maharashtra,2012-03-29,2021-07-10,ACTIVE
102434,Customer_02434,RETAIL,Delhi,Delhi,2006-06-29,2021-07-07,ACTIVE
102435,Customer_02435,RETAIL,Bangalore,Karnataka,2011-03-11,2022-08-28,ACTIVE
102436,Customer_02436,RETAIL,Chennai,Tamil Nadu,1997-02-16,2025-03-17,ACTIVE
102437,Customer_02437,RETAIL,Hyderabad,Telangana,2003-11-23,2023-04-22,ACTIVE
102438,Customer_02438,RETAIL,Hyderabad,Telangana,2005-06-02,2025-01-02,ACTIVE
102439,Customer_02439,RETAIL,Kolkata,West Bengal,2002-09-05,2020-08-12,ACTIVE
102440,Customer_02440,BUSINESS,Mumbai,Maharashtra,2002-08-18,2022-09-10,ACTIVE
102441,Customer_02441,PREMIUM,Delhi,Delhi,2011-04-10,2022-11-15,ACTIVE
102442,Customer_02442,PREMIUM,Mumbai,Maharashtra,1988-12-22,2020-06-12,ACTIVE
102443,Customer_02443,PREMIUM,Mumbai,Maharashtra,1992-03-06,2022-01-24,ACTIVE
102444,Customer_02444,RETAIL,Pune,Maharashtra,2000-06-20,2021-11-03,INACTIVE
102445,Customer_02445,RETAIL,Chennai,Tamil Nadu,2005-09-01,2022-12-29,ACTIVE
102446,Customer_02446,PREMIUM,Ahmedabad,Gujarat,2000-04-18,2021-02-01,ACTIVE
102447,Customer_02447,RETAIL,Kolkata,West Bengal,1987-05-10,2021-10-09,ACTIVE
102448,Customer_02448,RETAIL,Hyderabad,Telangana,2012-12-27,2026-04-20,ACTIVE
102449,Customer_02449,RETAIL,Kolkata,West Bengal,2001-07-31,2020-12-09,ACTIVE
102450,Customer_02450,RETAIL,Pune,Maharashtra,1996-12-19,2025-05-16,ACTIVE
102451,Customer_02451,RETAIL,Kolkata,West Bengal,2015-03-24,2023-07-26,ACTIVE
102452,Customer_02452,RETAIL,Ahmedabad,Gujarat,1997-01-27,2020-07-07,ACTIVE
102453,Customer_02453,RETAIL,Mumbai,Maharashtra,1985-10-18,2022-08-20,ACTIVE
102454,Customer_02454,RETAIL,Bangalore,Karnataka,2019-08-05,2023-05-17,ACTIVE
102455,Customer_02455,BUSINESS,Kolkata,West Bengal,1994-11-17,2021-10-27,ACTIVE
102456,Customer_02456,RETAIL,Bangalore,Karnataka,2015-11-24,2021-10-02,ACTIVE
102457,Customer_02457,PREMIUM,Kolkata,West Bengal,2000-05-22,2024-09-05,ACTIVE
102458,Customer_02458,PREMIUM,Ahmedabad,Gujarat,1989-02-11,2020-03-18,ACTIVE
102459,Customer_02459,RETAIL,Bangalore,Karnataka,1994-08-18,2026-02-05,ACTIVE
102460,Customer_02460,PREMIUM,Mumbai,Maharashtra,2016-07-19,2022-02-12,ACTIVE
102461,Customer_02461,RETAIL,Delhi,Delhi,2017-12-17,2022-07-04,ACTIVE
102462,Customer_02462,RETAIL,Pune,Maharashtra,1984-10-30,2020-11-02,ACTIVE
102463,Customer_02463,RETAIL,Bangalore,Karnataka,2019-09-14,2025-10-15,ACTIVE
102464,Customer_02464,BUSINESS,Chennai,Tamil Nadu,2014-03-18,2021-06-18,ACTIVE
102465,Customer_02465,BUSINESS,Bangalore,Karnataka,2005-10-06,2025-04-12,INACTIVE
102466,Customer_02466,RETAIL,Pune,Maharashtra,1986-09-10,2022-02-22,ACTIVE
102467,Customer_02467,RETAIL,Delhi,Delhi,2003-04-03,2020-03-17,ACTIVE
102468,Customer_02468,RETAIL,Hyderabad,Telangana,1996-08-23,2022-09-08,ACTIVE
102469,Customer_02469,PREMIUM,Mumbai,Maharashtra,1984-04-11,2023-06-09,ACTIVE
102470,Customer_02470,RETAIL,Pune,Maharashtra,2019-07-28,2023-01-29,ACTIVE
102471,Customer_02471,RETAIL,Ahmedabad,Gujarat,2003-12-12,2026-06-26,ACTIVE
102472,Customer_02472,PREMIUM,Mumbai,Maharashtra,1983-02-24,2023-06-02,ACTIVE
102473,Customer_02473,RETAIL,Bangalore,Karnataka,1993-03-13,2025-02-12,ACTIVE
102474,Customer_02474,RETAIL,Pune,Maharashtra,2013-08-26,2022-06-07,ACTIVE
102475,Customer_02475,RETAIL,Mumbai,Maharashtra,1997-04-29,2020-12-13,ACTIVE
102476,Customer_02476,RETAIL,Bangalore,Karnataka,1999-06-26,2023-04-11,ACTIVE
102477,Customer_02477,RETAIL,Chennai,Tamil Nadu,1985-01-06,2023-09-05,ACTIVE
102478,Customer_02478,RETAIL,Pune,Maharashtra,1983-09-21,2022-09-29,ACTIVE
102479,Customer_02479,RETAIL,Mumbai,Maharashtra,2019-04-29,2025-01-13,ACTIVE
102480,Customer_02480,BUSINESS,Pune,Maharashtra,2018-04-13,2026-05-03,ACTIVE
102481,Customer_02481,RETAIL,Hyderabad,Telangana,1983-01-29,2020-07-12,ACTIVE
102482,Customer_02482,BUSINESS,Kolkata,West Bengal,2001-09-20,2020-06-11,ACTIVE
102483,Customer_02483,RETAIL,Pune,Maharashtra,2007-02-18,2021-10-19,ACTIVE
102484,Customer_02484,PREMIUM,Delhi,Delhi,2015-05-01,2023-11-07,ACTIVE
102485,Customer_02485,RETAIL,Delhi,Delhi,2002-02-23,2020-04-11,ACTIVE
102486,Customer_02486,PREMIUM,Delhi,Delhi,2014-11-09,2021-04-09,ACTIVE
102487,Customer_02487,RETAIL,Pune,Maharashtra,1984-02-17,2022-09-08,ACTIVE
102488,Customer_02488,RETAIL,Mumbai,Maharashtra,1979-10-07,2022-06-20,ACTIVE
102489,Customer_02489,RETAIL,Chennai,Tamil Nadu,1998-04-04,2025-07-24,ACTIVE
102490,Customer_02490,RETAIL,Delhi,Delhi,1990-01-15,2023-08-04,ACTIVE
102491,Customer_02491,BUSINESS,Delhi,Delhi,2010-03-06,2025-09-24,ACTIVE
102492,Customer_02492,BUSINESS,Delhi,Delhi,1992-12-31,2024-12-28,ACTIVE
102493,Customer_02493,PREMIUM,Ahmedabad,Gujarat,1995-11-18,2022-09-20,ACTIVE
102494,Customer_02494,RETAIL,Chennai,Tamil Nadu,2001-02-16,2026-06-04,ACTIVE
102495,Customer_02495,PREMIUM,Bangalore,Karnataka,2018-08-25,2025-07-17,ACTIVE
102496,Customer_02496,PREMIUM,Pune,Maharashtra,1982-02-11,2023-03-30,ACTIVE
102497,Customer_02497,RETAIL,Kolkata,West Bengal,2001-11-09,2025-08-03,ACTIVE
102498,Customer_02498,RETAIL,Ahmedabad,Gujarat,1995-02-20,2021-09-08,ACTIVE
102499,Customer_02499,PREMIUM,Mumbai,Maharashtra,1980-08-23,2021-05-14,ACTIVE
102500,Customer_02500,RETAIL,Ahmedabad,Gujarat,2012-08-14,2025-03-14,ACTIVE
102501,Customer_02501,RETAIL,Hyderabad,Telangana,2016-09-12,2025-03-08,ACTIVE
102502,Customer_02502,PREMIUM,Mumbai,Maharashtra,1986-04-11,2021-06-15,ACTIVE
102503,Customer_02503,RETAIL,Kolkata,West Bengal,2010-05-14,2024-12-14,ACTIVE
102504,Customer_02504,RETAIL,Mumbai,Maharashtra,2007-12-19,2023-05-03,ACTIVE
102505,Customer_02505,RETAIL,Mumbai,Maharashtra,2008-02-18,2023-09-02,ACTIVE
102506,Customer_02506,PREMIUM,Mumbai,Maharashtra,1998-01-25,2025-07-25,ACTIVE
102507,Customer_02507,BUSINESS,Bangalore,Karnataka,1992-04-24,2021-01-19,ACTIVE
102508,Customer_02508,PREMIUM,Chennai,Tamil Nadu,1982-01-25,2022-08-27,ACTIVE
102509,Customer_02509,RETAIL,Bangalore,Karnataka,1980-08-06,2021-11-26,ACTIVE
102510,Customer_02510,RETAIL,Mumbai,Maharashtra,1986-06-13,2023-08-29,ACTIVE
102511,Customer_02511,RETAIL,Pune,Maharashtra,2000-11-03,2021-01-13,ACTIVE
102512,Customer_02512,RETAIL,Kolkata,West Bengal,1984-12-15,2020-10-13,ACTIVE
102513,Customer_02513,RETAIL,Ahmedabad,Gujarat,2007-05-12,2024-07-28,ACTIVE
102514,Customer_02514,PREMIUM,Kolkata,West Bengal,2004-08-12,2020-05-14,ACTIVE
102515,Customer_02515,PREMIUM,Mumbai,Maharashtra,1993-04-25,2022-09-28,ACTIVE
102516,Customer_02516,RETAIL,Kolkata,West Bengal,1982-10-01,2026-06-25,ACTIVE
102517,Customer_02517,PREMIUM,Hyderabad,Telangana,2000-05-31,2026-07-25,ACTIVE
102518,Customer_02518,PREMIUM,Chennai,Tamil Nadu,2012-12-18,2021-03-05,ACTIVE
102519,Customer_02519,RETAIL,Pune,Maharashtra,1995-05-03,2026-02-03,ACTIVE
102520,Customer_02520,RETAIL,Ahmedabad,Gujarat,2012-04-16,2022-03-16,ACTIVE
102521,Customer_02521,RETAIL,Bangalore,Karnataka,1990-12-02,2021-04-21,ACTIVE
102522,Customer_02522,RETAIL,Mumbai,Maharashtra,1982-06-14,2023-04-26,ACTIVE
102523,Customer_02523,RETAIL,Pune,Maharashtra,2005-11-09,2023-03-18,ACTIVE
102524,Customer_02524,RETAIL,Bangalore,Karnataka,2015-08-22,2022-06-17,ACTIVE
102525,Customer_02525,RETAIL,Mumbai,Maharashtra,2015-06-15,2022-10-22,INACTIVE
102526,Customer_02526,RETAIL,Delhi,Delhi,2018-07-22,2020-08-21,ACTIVE
102527,Customer_02527,PREMIUM,Bangalore,Karnataka,1983-08-04,2021-09-24,ACTIVE
102528,Customer_02528,PREMIUM,Ahmedabad,Gujarat,1980-12-13,2021-04-17,ACTIVE
102529,Customer_02529,RETAIL,Mumbai,Maharashtra,2002-07-21,2026-02-15,ACTIVE
102530,Customer_02530,RETAIL,Chennai,Tamil Nadu,2018-03-11,2023-03-30,INACTIVE
102531,Customer_02531,RETAIL,Ahmedabad,Gujarat,2020-02-23,2023-08-03,ACTIVE
102532,Customer_02532,RETAIL,Kolkata,West Bengal,1990-08-22,2022-11-19,ACTIVE
102533,Customer_02533,RETAIL,Ahmedabad,Gujarat,1994-07-28,2025-10-24,ACTIVE
102534,Customer_02534,RETAIL,Pune,Maharashtra,2006-06-19,2025-03-30,ACTIVE
102535,Customer_02535,RETAIL,Kolkata,West Bengal,2016-09-07,2024-07-12,ACTIVE
102536,Customer_02536,BUSINESS,Ahmedabad,Gujarat,1986-05-06,2022-01-18,ACTIVE
102537,Customer_02537,RETAIL,Delhi,Delhi,2019-03-26,2022-01-10,ACTIVE
102538,Customer_02538,PREMIUM,Bangalore,Karnataka,2012-09-25,2026-03-06,ACTIVE
102539,Customer_02539,RETAIL,Chennai,Tamil Nadu,1981-12-17,2026-02-10,ACTIVE
102540,Customer_02540,RETAIL,Bangalore,Karnataka,2013-09-27,2021-11-09,ACTIVE
102541,Customer_02541,BUSINESS,Delhi,Delhi,2005-07-07,2022-03-18,ACTIVE
102542,Customer_02542,RETAIL,Ahmedabad,Gujarat,2019-05-06,2022-03-06,ACTIVE
102543,Customer_02543,RETAIL,Ahmedabad,Gujarat,1987-10-06,2025-02-25,ACTIVE
102544,Customer_02544,BUSINESS,Bangalore,Karnataka,2019-12-05,2026-03-28,ACTIVE
102545,Customer_02545,RETAIL,Kolkata,West Bengal,1981-02-12,2025-10-31,ACTIVE
102546,Customer_02546,RETAIL,Bangalore,Karnataka,1982-04-12,2025-07-10,INACTIVE
102547,Customer_02547,RETAIL,Kolkata,West Bengal,1997-07-20,2022-04-16,ACTIVE
102548,Customer_02548,RETAIL,Chennai,Tamil Nadu,2006-03-09,2022-01-30,ACTIVE
102549,Customer_02549,RETAIL,Bangalore,Karnataka,1986-01-07,2025-11-03,ACTIVE
102550,Customer_02550,RETAIL,Pune,Maharashtra,1990-05-18,2022-08-06,ACTIVE
102551,Customer_02551,PREMIUM,Hyderabad,Telangana,1995-03-06,2021-05-31,ACTIVE
102552,Customer_02552,PREMIUM,Delhi,Delhi,1984-04-27,2025-07-14,ACTIVE
102553,Customer_02553,RETAIL,Pune,Maharashtra,1986-05-23,2023-02-25,ACTIVE
102554,Customer_02554,RETAIL,Pune,Maharashtra,1985-04-10,2020-07-25,ACTIVE
102555,Customer_02555,PREMIUM,Ahmedabad,Gujarat,2018-05-06,2025-11-20,ACTIVE
102556,Customer_02556,BUSINESS,Mumbai,Maharashtra,2017-08-15,2021-12-08,ACTIVE
102557,Customer_02557,RETAIL,Kolkata,West Bengal,2004-12-23,2022-01-11,ACTIVE
102558,Customer_02558,RETAIL,Kolkata,West Bengal,2007-03-29,2023-06-29,ACTIVE
102559,Customer_02559,PREMIUM,Mumbai,Maharashtra,1984-10-17,2021-10-10,ACTIVE
102560,Customer_02560,PREMIUM,Chennai,Tamil Nadu,1981-03-27,2025-06-12,ACTIVE
102561,Customer_02561,BUSINESS,Chennai,Tamil Nadu,1994-08-24,2024-07-17,ACTIVE
102562,Customer_02562,RETAIL,Delhi,Delhi,2019-08-02,2023-09-17,ACTIVE
102563,Customer_02563,RETAIL,Hyderabad,Telangana,1998-10-16,2021-04-25,ACTIVE
102564,Customer_02564,RETAIL,Bangalore,Karnataka,2012-05-04,2023-03-21,ACTIVE
102565,Customer_02565,RETAIL,Bangalore,Karnataka,1994-05-09,2021-10-15,ACTIVE
102566,Customer_02566,PREMIUM,Bangalore,Karnataka,1991-11-11,2026-04-28,ACTIVE
102567,Customer_02567,RETAIL,Kolkata,West Bengal,2012-07-08,2025-03-17,ACTIVE
102568,Customer_02568,RETAIL,Hyderabad,Telangana,1998-07-03,2020-10-06,ACTIVE
102569,Customer_02569,BUSINESS,Bangalore,Karnataka,2009-03-23,2023-06-21,ACTIVE
102570,Customer_02570,BUSINESS,Ahmedabad,Gujarat,2009-01-01,2025-02-15,ACTIVE
102571,Customer_02571,PREMIUM,Kolkata,West Bengal,2009-01-09,2023-06-09,ACTIVE
102572,Customer_02572,BUSINESS,Ahmedabad,Gujarat,2006-12-05,2020-10-31,ACTIVE
102573,Customer_02573,RETAIL,Hyderabad,Telangana,2012-05-28,2020-12-01,ACTIVE
102574,Customer_02574,RETAIL,Bangalore,Karnataka,1998-03-08,2024-10-24,ACTIVE
102575,Customer_02575,RETAIL,Kolkata,West Bengal,1991-08-13,2023-06-11,ACTIVE
102576,Customer_02576,BUSINESS,Delhi,Delhi,2000-03-16,2023-07-27,ACTIVE
102577,Customer_02577,BUSINESS,Delhi,Delhi,1992-06-29,2021-10-09,ACTIVE
102578,Customer_02578,RETAIL,Bangalore,Karnataka,1980-12-09,2021-09-27,ACTIVE
102579,Customer_02579,RETAIL,Ahmedabad,Gujarat,1994-01-09,2022-09-04,ACTIVE
102580,Customer_02580,RETAIL,Chennai,Tamil Nadu,1999-09-22,2023-07-28,ACTIVE
102581,Customer_02581,RETAIL,Bangalore,Karnataka,2000-07-14,2023-01-29,INACTIVE
102582,Customer_02582,PREMIUM,Bangalore,Karnataka,1993-02-19,2025-10-11,ACTIVE
102583,Customer_02583,RETAIL,Delhi,Delhi,2008-12-16,2021-03-29,ACTIVE
102584,Customer_02584,PREMIUM,Hyderabad,Telangana,1990-11-14,2023-02-07,ACTIVE
102585,Customer_02585,RETAIL,Delhi,Delhi,2005-10-04,2021-07-18,INACTIVE
102586,Customer_02586,RETAIL,Chennai,Tamil Nadu,1990-03-28,2020-01-16,ACTIVE
102587,Customer_02587,RETAIL,Delhi,Delhi,2019-09-07,2022-09-22,ACTIVE
102588,Customer_02588,BUSINESS,Delhi,Delhi,2005-10-25,2020-05-15,ACTIVE
102589,Customer_02589,RETAIL,Ahmedabad,Gujarat,2002-01-12,2022-06-12,ACTIVE
102590,Customer_02590,RETAIL,Delhi,Delhi,1996-10-16,2024-02-27,ACTIVE
102591,Customer_02591,RETAIL,Mumbai,Maharashtra,2010-03-18,2022-06-20,ACTIVE
102592,Customer_02592,BUSINESS,Bangalore,Karnataka,1996-08-26,2024-06-15,ACTIVE
102593,Customer_02593,PREMIUM,Chennai,Tamil Nadu,2012-02-25,2021-12-08,ACTIVE
102594,Customer_02594,PREMIUM,Mumbai,Maharashtra,1985-09-13,2022-08-22,INACTIVE
102595,Customer_02595,RETAIL,Delhi,Delhi,2012-11-05,2025-10-01,INACTIVE
102596,Customer_02596,PREMIUM,Pune,Maharashtra,2018-08-31,2021-08-05,ACTIVE
102597,Customer_02597,RETAIL,Chennai,Tamil Nadu,1989-02-15,2023-04-17,ACTIVE
102598,Customer_02598,PREMIUM,Hyderabad,Telangana,1988-05-11,2024-09-14,ACTIVE
102599,Customer_02599,RETAIL,Ahmedabad,Gujarat,2018-05-19,2022-05-18,ACTIVE
102600,Customer_02600,RETAIL,Bangalore,Karnataka,1995-11-04,2021-12-30,INACTIVE
102601,Customer_02601,BUSINESS,Kolkata,West Bengal,2007-09-21,2024-08-01,ACTIVE
102602,Customer_02602,BUSINESS,Pune,Maharashtra,1986-12-23,2020-06-26,ACTIVE
102603,Customer_02603,RETAIL,Kolkata,West Bengal,1996-09-21,2021-09-29,ACTIVE
102604,Customer_02604,RETAIL,Chennai,Tamil Nadu,2008-01-16,2022-09-10,ACTIVE
102605,Customer_02605,PREMIUM,Kolkata,West Bengal,2015-11-30,2021-06-05,ACTIVE
102606,Customer_02606,BUSINESS,Kolkata,West Bengal,1997-01-27,2023-07-17,ACTIVE
102607,Customer_02607,PREMIUM,Chennai,Tamil Nadu,1982-04-02,2024-01-26,ACTIVE
102608,Customer_02608,RETAIL,Delhi,Delhi,1996-02-25,2026-05-06,ACTIVE
102609,Customer_02609,RETAIL,Chennai,Tamil Nadu,2005-07-26,2023-12-15,ACTIVE
102610,Customer_02610,PREMIUM,Kolkata,West Bengal,2015-02-07,2023-11-22,ACTIVE
102611,Customer_02611,PREMIUM,Ahmedabad,Gujarat,2013-05-30,2024-10-08,ACTIVE
102612,Customer_02612,PREMIUM,Ahmedabad,Gujarat,2010-05-10,2021-05-14,ACTIVE
102613,Customer_02613,PREMIUM,Pune,Maharashtra,1985-12-14,2023-02-03,ACTIVE
102614,Customer_02614,RETAIL,Chennai,Tamil Nadu,2000-07-07,2025-06-20,ACTIVE
102615,Customer_02615,RETAIL,Mumbai,Maharashtra,2002-10-28,2021-02-25,ACTIVE
102616,Customer_02616,PREMIUM,Hyderabad,Telangana,1998-05-29,2021-11-30,ACTIVE
102617,Customer_02617,RETAIL,Ahmedabad,Gujarat,2017-01-26,2021-06-11,ACTIVE
102618,Customer_02618,PREMIUM,Mumbai,Maharashtra,2018-08-02,2026-04-21,ACTIVE
102619,Customer_02619,PREMIUM,Hyderabad,Telangana,1987-10-19,2022-04-30,ACTIVE
102620,Customer_02620,PREMIUM,Ahmedabad,Gujarat,2018-06-11,2022-02-19,ACTIVE
102621,Customer_02621,RETAIL,Kolkata,West Bengal,2013-12-05,2025-05-10,ACTIVE
102622,Customer_02622,PREMIUM,Bangalore,Karnataka,2008-02-09,2025-12-22,ACTIVE
102623,Customer_02623,RETAIL,Mumbai,Maharashtra,1994-10-30,2020-01-12,ACTIVE
102624,Customer_02624,RETAIL,Ahmedabad,Gujarat,2010-05-20,2025-10-10,ACTIVE
102625,Customer_02625,RETAIL,Ahmedabad,Gujarat,2003-03-28,2024-08-24,ACTIVE
102626,Customer_02626,RETAIL,Chennai,Tamil Nadu,2016-02-02,2025-09-04,ACTIVE
102627,Customer_02627,BUSINESS,Ahmedabad,Gujarat,2008-05-16,2020-07-27,ACTIVE
102628,Customer_02628,BUSINESS,Mumbai,Maharashtra,2018-10-07,2020-04-04,ACTIVE
102629,Customer_02629,RETAIL,Chennai,Tamil Nadu,1996-05-19,2022-03-16,ACTIVE
102630,Customer_02630,PREMIUM,Mumbai,Maharashtra,1982-07-18,2025-08-01,ACTIVE
102631,Customer_02631,RETAIL,Ahmedabad,Gujarat,1999-05-15,2023-04-11,ACTIVE
102632,Customer_02632,PREMIUM,Hyderabad,Telangana,2020-02-15,2024-09-27,ACTIVE
102633,Customer_02633,PREMIUM,Ahmedabad,Gujarat,2006-01-24,2021-08-11,ACTIVE
102634,Customer_02634,RETAIL,Chennai,Tamil Nadu,2008-01-14,2022-03-13,INACTIVE
102635,Customer_02635,RETAIL,Mumbai,Maharashtra,2004-11-04,2025-10-07,ACTIVE
102636,Customer_02636,RETAIL,Mumbai,Maharashtra,2003-07-05,2023-03-22,INACTIVE
102637,Customer_02637,RETAIL,Delhi,Delhi,1981-09-07,2025-02-14,ACTIVE
102638,Customer_02638,BUSINESS,Hyderabad,Telangana,1996-02-18,2024-03-15,ACTIVE
102639,Customer_02639,RETAIL,Pune,Maharashtra,1982-09-18,2021-02-25,ACTIVE
102640,Customer_02640,RETAIL,Kolkata,West Bengal,1992-12-23,2026-03-14,INACTIVE
102641,Customer_02641,RETAIL,Pune,Maharashtra,2008-09-22,2026-03-20,ACTIVE
102642,Customer_02642,BUSINESS,Bangalore,Karnataka,2012-03-11,2025-02-15,ACTIVE
102643,Customer_02643,RETAIL,Pune,Maharashtra,1988-05-07,2023-01-31,ACTIVE
102644,Customer_02644,PREMIUM,Bangalore,Karnataka,2006-01-15,2022-10-25,ACTIVE
102645,Customer_02645,PREMIUM,Bangalore,Karnataka,1988-06-19,2021-12-15,ACTIVE
102646,Customer_02646,RETAIL,Mumbai,Maharashtra,1987-05-29,2024-03-29,ACTIVE
102647,Customer_02647,RETAIL,Chennai,Tamil Nadu,2018-08-03,2022-01-14,ACTIVE
102648,Customer_02648,RETAIL,Kolkata,West Bengal,2004-03-18,2021-03-22,ACTIVE
102649,Customer_02649,RETAIL,Ahmedabad,Gujarat,1987-04-11,2020-05-25,INACTIVE
102650,Customer_02650,PREMIUM,Delhi,Delhi,1984-12-17,2022-10-14,ACTIVE
102651,Customer_02651,PREMIUM,Ahmedabad,Gujarat,1981-03-13,2025-05-10,ACTIVE
102652,Customer_02652,RETAIL,Ahmedabad,Gujarat,1999-07-28,2025-03-14,ACTIVE
102653,Customer_02653,RETAIL,Ahmedabad,Gujarat,1983-04-28,2025-07-31,ACTIVE
102654,Customer_02654,RETAIL,Delhi,Delhi,2003-02-15,2023-12-26,ACTIVE
102655,Customer_02655,RETAIL,Kolkata,West Bengal,1996-12-23,2025-09-13,ACTIVE
102656,Customer_02656,PREMIUM,Chennai,Tamil Nadu,2005-04-09,2025-02-22,ACTIVE
102657,Customer_02657,PREMIUM,Mumbai,Maharashtra,1987-09-08,2025-04-20,ACTIVE
102658,Customer_02658,PREMIUM,Delhi,Delhi,1985-02-16,2023-05-08,ACTIVE
102659,Customer_02659,RETAIL,Hyderabad,Telangana,1983-04-21,2020-07-24,ACTIVE
102660,Customer_02660,RETAIL,Pune,Maharashtra,1983-02-02,2022-07-01,ACTIVE
102661,Customer_02661,RETAIL,Bangalore,Karnataka,1982-02-18,2025-07-26,ACTIVE
102662,Customer_02662,BUSINESS,Kolkata,West Bengal,1989-10-15,2024-11-17,ACTIVE
102663,Customer_02663,PREMIUM,Pune,Maharashtra,2012-01-14,2020-01-31,INACTIVE
102664,Customer_02664,BUSINESS,Bangalore,Karnataka,2004-02-04,2020-08-13,ACTIVE
102665,Customer_02665,RETAIL,Pune,Maharashtra,1989-06-12,2024-04-29,ACTIVE
102666,Customer_02666,RETAIL,Chennai,Tamil Nadu,2017-06-05,2026-06-06,INACTIVE
102667,Customer_02667,PREMIUM,Pune,Maharashtra,2010-06-02,2024-10-21,ACTIVE
102668,Customer_02668,RETAIL,Ahmedabad,Gujarat,2011-02-28,2026-03-26,ACTIVE
102669,Customer_02669,RETAIL,Mumbai,Maharashtra,2016-01-25,2020-06-08,ACTIVE
102670,Customer_02670,RETAIL,Ahmedabad,Gujarat,2009-10-15,2025-10-13,ACTIVE
102671,Customer_02671,BUSINESS,Kolkata,West Bengal,2018-06-16,2020-11-03,ACTIVE
102672,Customer_02672,RETAIL,Kolkata,West Bengal,1992-09-22,2025-10-23,ACTIVE
102673,Customer_02673,BUSINESS,Kolkata,West Bengal,2014-04-29,2026-05-27,ACTIVE
102674,Customer_02674,RETAIL,Pune,Maharashtra,1983-10-02,2023-05-11,ACTIVE
102675,Customer_02675,RETAIL,Ahmedabad,Gujarat,1991-06-29,2023-07-02,ACTIVE
102676,Customer_02676,RETAIL,Chennai,Tamil Nadu,2015-10-18,2023-04-10,ACTIVE
102677,Customer_02677,RETAIL,Ahmedabad,Gujarat,1984-08-22,2023-08-20,ACTIVE
102678,Customer_02678,BUSINESS,Ahmedabad,Gujarat,1999-09-25,2025-05-22,INACTIVE
102679,Customer_02679,BUSINESS,Chennai,Tamil Nadu,1993-02-24,2021-11-06,ACTIVE
102680,Customer_02680,BUSINESS,Delhi,Delhi,1983-04-17,2021-11-10,ACTIVE
102681,Customer_02681,BUSINESS,Mumbai,Maharashtra,1988-11-08,2026-05-13,ACTIVE
102682,Customer_02682,PREMIUM,Mumbai,Maharashtra,2001-02-18,2025-08-01,ACTIVE
102683,Customer_02683,RETAIL,Bangalore,Karnataka,2005-01-24,2023-07-20,ACTIVE
102684,Customer_02684,PREMIUM,Kolkata,West Bengal,2006-11-26,2021-04-27,ACTIVE
102685,Customer_02685,RETAIL,Chennai,Tamil Nadu,1984-07-25,2026-04-12,ACTIVE
102686,Customer_02686,PREMIUM,Bangalore,Karnataka,1992-04-20,2025-10-10,ACTIVE
102687,Customer_02687,RETAIL,Pune,Maharashtra,1983-06-11,2022-02-27,ACTIVE
102688,Customer_02688,PREMIUM,Chennai,Tamil Nadu,1979-07-18,2023-07-22,ACTIVE
102689,Customer_02689,RETAIL,Hyderabad,Telangana,1995-03-16,2022-10-03,ACTIVE
102690,Customer_02690,RETAIL,Ahmedabad,Gujarat,2004-09-10,2025-07-16,ACTIVE
102691,Customer_02691,RETAIL,Hyderabad,Telangana,1994-05-24,2024-07-07,ACTIVE
102692,Customer_02692,RETAIL,Chennai,Tamil Nadu,1980-10-23,2023-03-29,ACTIVE
102693,Customer_02693,RETAIL,Ahmedabad,Gujarat,1988-03-13,2026-05-12,ACTIVE
102694,Customer_02694,RETAIL,Bangalore,Karnataka,1996-12-08,2023-12-31,INACTIVE
102695,Customer_02695,RETAIL,Ahmedabad,Gujarat,1993-10-10,2023-03-07,ACTIVE
102696,Customer_02696,RETAIL,Delhi,Delhi,2013-01-13,2026-02-02,ACTIVE
102697,Customer_02697,RETAIL,Pune,Maharashtra,2003-09-21,2022-12-15,ACTIVE
102698,Customer_02698,PREMIUM,Bangalore,Karnataka,2020-03-08,2022-09-30,ACTIVE
102699,Customer_02699,RETAIL,Pune,Maharashtra,1986-05-16,2022-07-21,ACTIVE
102700,Customer_02700,RETAIL,Mumbai,Maharashtra,1994-05-16,2021-06-12,ACTIVE
102701,Customer_02701,RETAIL,Ahmedabad,Gujarat,1982-10-02,2021-11-01,ACTIVE
102702,Customer_02702,RETAIL,Kolkata,West Bengal,1979-12-28,2020-08-06,ACTIVE
102703,Customer_02703,RETAIL,Pune,Maharashtra,2017-02-09,2024-10-13,ACTIVE
102704,Customer_02704,RETAIL,Kolkata,West Bengal,1999-05-29,2023-11-16,ACTIVE
102705,Customer_02705,RETAIL,Mumbai,Maharashtra,2006-04-06,2026-02-16,ACTIVE
102706,Customer_02706,RETAIL,Delhi,Delhi,1990-07-06,2024-01-06,ACTIVE
102707,Customer_02707,RETAIL,Hyderabad,Telangana,1981-04-13,2020-07-11,ACTIVE
102708,Customer_02708,RETAIL,Delhi,Delhi,2015-10-30,2024-01-29,ACTIVE
102709,Customer_02709,RETAIL,Hyderabad,Telangana,2006-03-16,2021-02-24,ACTIVE
102710,Customer_02710,PREMIUM,Kolkata,West Bengal,2008-05-20,2020-03-30,ACTIVE
102711,Customer_02711,RETAIL,Mumbai,Maharashtra,2001-01-25,2024-05-09,INACTIVE
102712,Customer_02712,PREMIUM,Mumbai,Maharashtra,1995-10-08,2020-03-06,ACTIVE
102713,Customer_02713,RETAIL,Ahmedabad,Gujarat,1996-07-04,2022-09-08,ACTIVE
102714,Customer_02714,RETAIL,Chennai,Tamil Nadu,2010-06-17,2025-11-19,ACTIVE
102715,Customer_02715,RETAIL,Chennai,Tamil Nadu,1988-06-30,2021-09-06,ACTIVE
102716,Customer_02716,RETAIL,Bangalore,Karnataka,1993-03-06,2024-07-27,ACTIVE
102717,Customer_02717,RETAIL,Bangalore,Karnataka,1991-10-16,2022-06-22,ACTIVE
102718,Customer_02718,PREMIUM,Hyderabad,Telangana,2000-08-04,2020-09-28,ACTIVE
102719,Customer_02719,PREMIUM,Chennai,Tamil Nadu,2018-11-26,2021-04-17,ACTIVE
102720,Customer_02720,RETAIL,Pune,Maharashtra,2017-01-22,2020-06-28,ACTIVE
102721,Customer_02721,RETAIL,Hyderabad,Telangana,2001-07-16,2020-12-28,ACTIVE
102722,Customer_02722,PREMIUM,Hyderabad,Telangana,1987-05-21,2021-01-23,ACTIVE
102723,Customer_02723,RETAIL,Mumbai,Maharashtra,2017-10-14,2025-10-20,ACTIVE
102724,Customer_02724,RETAIL,Bangalore,Karnataka,1992-01-08,2025-04-20,ACTIVE
102725,Customer_02725,PREMIUM,Kolkata,West Bengal,1993-10-18,2022-04-28,ACTIVE
102726,Customer_02726,RETAIL,Chennai,Tamil Nadu,2015-07-14,2024-10-01,ACTIVE
102727,Customer_02727,RETAIL,Pune,Maharashtra,1989-12-23,2021-05-05,INACTIVE
102728,Customer_02728,RETAIL,Mumbai,Maharashtra,1998-02-18,2024-03-12,ACTIVE
102729,Customer_02729,RETAIL,Chennai,Tamil Nadu,2016-10-24,2021-04-30,ACTIVE
102730,Customer_02730,RETAIL,Bangalore,Karnataka,1992-03-21,2024-03-17,ACTIVE
102731,Customer_02731,PREMIUM,Ahmedabad,Gujarat,2004-10-20,2022-05-08,ACTIVE
102732,Customer_02732,RETAIL,Chennai,Tamil Nadu,1980-09-11,2025-08-23,ACTIVE
102733,Customer_02733,RETAIL,Ahmedabad,Gujarat,2020-01-19,2025-06-27,ACTIVE
102734,Customer_02734,RETAIL,Pune,Maharashtra,1996-05-15,2022-03-11,ACTIVE
102735,Customer_02735,PREMIUM,Bangalore,Karnataka,2006-09-10,2020-04-08,ACTIVE
102736,Customer_02736,RETAIL,Pune,Maharashtra,1999-09-22,2022-02-12,ACTIVE
102737,Customer_02737,PREMIUM,Chennai,Tamil Nadu,1996-12-26,2021-11-07,ACTIVE
102738,Customer_02738,RETAIL,Pune,Maharashtra,1995-11-07,2022-10-18,ACTIVE
102739,Customer_02739,RETAIL,Bangalore,Karnataka,1979-11-23,2023-10-10,ACTIVE
102740,Customer_02740,RETAIL,Delhi,Delhi,1990-07-23,2026-07-03,ACTIVE
102741,Customer_02741,RETAIL,Pune,Maharashtra,1994-10-18,2020-05-30,ACTIVE
102742,Customer_02742,RETAIL,Mumbai,Maharashtra,1994-04-28,2023-08-24,ACTIVE
102743,Customer_02743,PREMIUM,Chennai,Tamil Nadu,1990-05-26,2021-02-15,ACTIVE
102744,Customer_02744,BUSINESS,Ahmedabad,Gujarat,2005-07-19,2023-08-05,ACTIVE
102745,Customer_02745,PREMIUM,Pune,Maharashtra,2013-03-20,2024-03-08,ACTIVE
102746,Customer_02746,RETAIL,Bangalore,Karnataka,2015-10-08,2025-04-27,ACTIVE
102747,Customer_02747,RETAIL,Pune,Maharashtra,2019-02-04,2023-09-05,ACTIVE
102748,Customer_02748,RETAIL,Kolkata,West Bengal,2005-11-05,2021-03-03,ACTIVE
102749,Customer_02749,RETAIL,Bangalore,Karnataka,1996-01-17,2026-01-01,ACTIVE
102750,Customer_02750,PREMIUM,Ahmedabad,Gujarat,2005-09-13,2022-08-30,INACTIVE
102751,Customer_02751,PREMIUM,Pune,Maharashtra,1984-08-07,2023-02-24,ACTIVE
102752,Customer_02752,RETAIL,Mumbai,Maharashtra,2012-09-17,2024-03-19,ACTIVE
102753,Customer_02753,BUSINESS,Chennai,Tamil Nadu,2001-02-18,2021-09-27,ACTIVE
102754,Customer_02754,PREMIUM,Hyderabad,Telangana,1985-12-12,2026-06-29,ACTIVE
102755,Customer_02755,RETAIL,Ahmedabad,Gujarat,1996-08-26,2020-04-16,ACTIVE
102756,Customer_02756,BUSINESS,Kolkata,West Bengal,1991-07-13,2021-01-05,ACTIVE
102757,Customer_02757,RETAIL,Ahmedabad,Gujarat,1993-07-09,2026-07-04,ACTIVE
102758,Customer_02758,RETAIL,Hyderabad,Telangana,1981-03-29,2022-12-20,INACTIVE
102759,Customer_02759,RETAIL,Delhi,Delhi,1979-10-28,2025-11-13,ACTIVE
102760,Customer_02760,RETAIL,Bangalore,Karnataka,1993-07-10,2025-12-13,ACTIVE
102761,Customer_02761,RETAIL,Pune,Maharashtra,1991-07-22,2026-07-04,ACTIVE
102762,Customer_02762,BUSINESS,Bangalore,Karnataka,2020-03-08,2024-10-07,ACTIVE
102763,Customer_02763,RETAIL,Delhi,Delhi,1989-12-12,2024-06-27,ACTIVE
102764,Customer_02764,RETAIL,Mumbai,Maharashtra,1992-09-08,2024-01-13,ACTIVE
102765,Customer_02765,RETAIL,Pune,Maharashtra,2016-10-01,2024-06-27,ACTIVE
102766,Customer_02766,RETAIL,Chennai,Tamil Nadu,2014-06-22,2021-09-09,ACTIVE
102767,Customer_02767,PREMIUM,Delhi,Delhi,1981-07-01,2025-05-10,ACTIVE
102768,Customer_02768,RETAIL,Ahmedabad,Gujarat,1982-09-08,2021-03-25,ACTIVE
102769,Customer_02769,BUSINESS,Bangalore,Karnataka,1983-01-24,2023-02-24,ACTIVE
102770,Customer_02770,PREMIUM,Ahmedabad,Gujarat,1998-01-16,2022-06-17,ACTIVE
102771,Customer_02771,RETAIL,Hyderabad,Telangana,2002-09-05,2025-01-01,ACTIVE
102772,Customer_02772,RETAIL,Mumbai,Maharashtra,1993-08-06,2021-09-04,ACTIVE
102773,Customer_02773,RETAIL,Pune,Maharashtra,1979-09-12,2021-05-10,ACTIVE
102774,Customer_02774,BUSINESS,Hyderabad,Telangana,1987-06-11,2025-04-24,ACTIVE
102775,Customer_02775,PREMIUM,Chennai,Tamil Nadu,2004-05-28,2023-03-14,ACTIVE
102776,Customer_02776,RETAIL,Delhi,Delhi,1994-06-18,2024-09-25,ACTIVE
102777,Customer_02777,RETAIL,Chennai,Tamil Nadu,1984-03-28,2025-10-10,INACTIVE
102778,Customer_02778,PREMIUM,Ahmedabad,Gujarat,2005-11-29,2025-06-27,ACTIVE
102779,Customer_02779,RETAIL,Bangalore,Karnataka,2004-05-09,2022-08-17,ACTIVE
102780,Customer_02780,PREMIUM,Mumbai,Maharashtra,1999-04-20,2021-02-14,ACTIVE
102781,Customer_02781,PREMIUM,Delhi,Delhi,2017-10-10,2026-04-23,ACTIVE
102782,Customer_02782,RETAIL,Ahmedabad,Gujarat,2013-11-03,2022-01-13,ACTIVE
102783,Customer_02783,RETAIL,Kolkata,West Bengal,1980-10-18,2025-01-20,ACTIVE
102784,Customer_02784,RETAIL,Kolkata,West Bengal,2016-04-30,2025-01-18,ACTIVE
102785,Customer_02785,RETAIL,Ahmedabad,Gujarat,1981-03-15,2022-11-28,ACTIVE
102786,Customer_02786,BUSINESS,Mumbai,Maharashtra,1998-12-15,2021-01-27,ACTIVE
102787,Customer_02787,PREMIUM,Delhi,Delhi,2016-03-12,2023-02-07,ACTIVE
102788,Customer_02788,PREMIUM,Mumbai,Maharashtra,2019-06-25,2020-12-15,ACTIVE
102789,Customer_02789,RETAIL,Mumbai,Maharashtra,1980-02-03,2022-04-25,ACTIVE
102790,Customer_02790,RETAIL,Kolkata,West Bengal,1982-02-14,2022-07-08,ACTIVE
102791,Customer_02791,PREMIUM,Ahmedabad,Gujarat,1989-01-27,2023-05-28,INACTIVE
102792,Customer_02792,RETAIL,Pune,Maharashtra,1990-07-07,2021-03-23,ACTIVE
102793,Customer_02793,RETAIL,Hyderabad,Telangana,1990-08-22,2025-07-23,ACTIVE
102794,Customer_02794,RETAIL,Chennai,Tamil Nadu,1996-04-11,2020-07-08,ACTIVE
102795,Customer_02795,RETAIL,Mumbai,Maharashtra,1992-04-04,2026-06-23,ACTIVE
102796,Customer_02796,PREMIUM,Ahmedabad,Gujarat,2003-02-04,2022-01-20,ACTIVE
102797,Customer_02797,RETAIL,Kolkata,West Bengal,2014-03-27,2023-03-20,ACTIVE
102798,Customer_02798,PREMIUM,Chennai,Tamil Nadu,2001-08-01,2025-10-02,ACTIVE
102799,Customer_02799,RETAIL,Hyderabad,Telangana,1992-10-17,2024-04-19,ACTIVE
102800,Customer_02800,RETAIL,Bangalore,Karnataka,2002-06-28,2020-05-15,ACTIVE
102801,Customer_02801,RETAIL,Kolkata,West Bengal,2004-08-23,2023-12-20,ACTIVE
102802,Customer_02802,PREMIUM,Bangalore,Karnataka,2015-12-21,2023-09-20,ACTIVE
102803,Customer_02803,RETAIL,Ahmedabad,Gujarat,2018-01-27,2026-02-16,ACTIVE
102804,Customer_02804,RETAIL,Mumbai,Maharashtra,1990-07-25,2023-09-13,ACTIVE
102805,Customer_02805,RETAIL,Pune,Maharashtra,2016-11-15,2026-07-09,ACTIVE
102806,Customer_02806,PREMIUM,Ahmedabad,Gujarat,2012-09-16,2023-06-28,ACTIVE
102807,Customer_02807,PREMIUM,Delhi,Delhi,1984-06-05,2021-04-06,ACTIVE
102808,Customer_02808,RETAIL,Delhi,Delhi,2002-01-30,2023-04-28,ACTIVE
102809,Customer_02809,BUSINESS,Kolkata,West Bengal,1985-06-01,2026-01-10,ACTIVE
102810,Customer_02810,RETAIL,Pune,Maharashtra,1999-04-23,2020-02-11,ACTIVE
102811,Customer_02811,RETAIL,Chennai,Tamil Nadu,1980-12-31,2022-08-15,ACTIVE
102812,Customer_02812,RETAIL,Delhi,Delhi,1991-06-18,2020-04-23,ACTIVE
102813,Customer_02813,PREMIUM,Pune,Maharashtra,2003-04-26,2025-07-13,ACTIVE
102814,Customer_02814,RETAIL,Ahmedabad,Gujarat,1991-08-27,2023-05-11,ACTIVE
102815,Customer_02815,RETAIL,Pune,Maharashtra,1979-07-31,2024-09-14,ACTIVE
102816,Customer_02816,RETAIL,Mumbai,Maharashtra,1995-02-13,2026-05-12,ACTIVE
102817,Customer_02817,RETAIL,Hyderabad,Telangana,2001-05-22,2025-06-20,ACTIVE
102818,Customer_02818,PREMIUM,Kolkata,West Bengal,2010-07-09,2022-09-06,ACTIVE
102819,Customer_02819,BUSINESS,Pune,Maharashtra,1984-10-07,2026-02-21,ACTIVE
102820,Customer_02820,RETAIL,Hyderabad,Telangana,1998-09-28,2023-02-07,ACTIVE
102821,Customer_02821,RETAIL,Chennai,Tamil Nadu,1987-04-30,2026-06-06,ACTIVE
102822,Customer_02822,RETAIL,Kolkata,West Bengal,1985-06-25,2026-06-14,INACTIVE
102823,Customer_02823,RETAIL,Pune,Maharashtra,1984-03-04,2021-06-15,ACTIVE
102824,Customer_02824,RETAIL,Ahmedabad,Gujarat,2010-05-15,2025-02-12,INACTIVE
102825,Customer_02825,BUSINESS,Chennai,Tamil Nadu,2016-12-04,2024-08-01,INACTIVE
102826,Customer_02826,RETAIL,Kolkata,West Bengal,2006-05-29,2025-01-22,ACTIVE
102827,Customer_02827,PREMIUM,Delhi,Delhi,1994-09-13,2021-02-06,ACTIVE
102828,Customer_02828,RETAIL,Ahmedabad,Gujarat,2018-02-23,2023-04-26,ACTIVE
102829,Customer_02829,PREMIUM,Hyderabad,Telangana,1999-08-01,2020-12-29,ACTIVE
102830,Customer_02830,RETAIL,Pune,Maharashtra,2000-11-27,2025-11-24,ACTIVE
102831,Customer_02831,BUSINESS,Ahmedabad,Gujarat,2005-03-22,2025-09-26,ACTIVE
102832,Customer_02832,PREMIUM,Kolkata,West Bengal,2006-01-15,2023-10-26,ACTIVE
102833,Customer_02833,RETAIL,Delhi,Delhi,1999-05-18,2020-11-07,ACTIVE
102834,Customer_02834,PREMIUM,Chennai,Tamil Nadu,1998-11-06,2024-04-25,ACTIVE
102835,Customer_02835,RETAIL,Bangalore,Karnataka,1992-03-21,2022-11-20,ACTIVE
102836,Customer_02836,RETAIL,Chennai,Tamil Nadu,2007-02-14,2025-03-05,ACTIVE
102837,Customer_02837,RETAIL,Ahmedabad,Gujarat,2006-10-11,2020-08-26,INACTIVE
102838,Customer_02838,PREMIUM,Ahmedabad,Gujarat,1997-01-27,2022-09-02,ACTIVE
102839,Customer_02839,PREMIUM,Pune,Maharashtra,2008-05-29,2022-05-17,ACTIVE
102840,Customer_02840,RETAIL,Ahmedabad,Gujarat,1984-10-28,2026-04-06,ACTIVE
102841,Customer_02841,PREMIUM,Bangalore,Karnataka,1996-04-04,2021-12-16,ACTIVE
102842,Customer_02842,RETAIL,Hyderabad,Telangana,2019-09-08,2026-06-29,ACTIVE
102843,Customer_02843,RETAIL,Kolkata,West Bengal,2009-04-17,2026-01-21,ACTIVE
102844,Customer_02844,RETAIL,Bangalore,Karnataka,2008-09-30,2023-11-10,INACTIVE
102845,Customer_02845,RETAIL,Bangalore,Karnataka,2014-08-13,2021-02-23,ACTIVE
102846,Customer_02846,RETAIL,Bangalore,Karnataka,2004-02-28,2021-06-16,INACTIVE
102847,Customer_02847,RETAIL,Kolkata,West Bengal,2006-05-17,2020-02-11,ACTIVE
102848,Customer_02848,RETAIL,Bangalore,Karnataka,1998-12-08,2025-02-02,ACTIVE
102849,Customer_02849,RETAIL,Delhi,Delhi,2013-02-04,2024-10-07,ACTIVE
102850,Customer_02850,PREMIUM,Delhi,Delhi,2008-05-19,2022-02-12,ACTIVE
102851,Customer_02851,RETAIL,Pune,Maharashtra,2000-08-31,2024-10-21,ACTIVE
102852,Customer_02852,PREMIUM,Bangalore,Karnataka,1984-05-15,2023-10-17,ACTIVE
102853,Customer_02853,RETAIL,Mumbai,Maharashtra,2012-04-07,2025-05-13,ACTIVE
102854,Customer_02854,RETAIL,Mumbai,Maharashtra,1992-07-22,2020-07-27,ACTIVE
102855,Customer_02855,RETAIL,Hyderabad,Telangana,1993-11-28,2021-04-22,ACTIVE
102856,Customer_02856,PREMIUM,Mumbai,Maharashtra,1984-04-14,2025-04-21,ACTIVE
102857,Customer_02857,RETAIL,Chennai,Tamil Nadu,1988-01-29,2022-06-06,ACTIVE
102858,Customer_02858,RETAIL,Kolkata,West Bengal,1984-05-04,2026-04-20,ACTIVE
102859,Customer_02859,PREMIUM,Hyderabad,Telangana,1983-03-03,2025-10-14,ACTIVE
102860,Customer_02860,PREMIUM,Bangalore,Karnataka,1980-01-16,2020-08-14,ACTIVE
102861,Customer_02861,RETAIL,Pune,Maharashtra,1991-04-08,2022-08-26,ACTIVE
102862,Customer_02862,RETAIL,Ahmedabad,Gujarat,2010-03-17,2024-10-21,ACTIVE
102863,Customer_02863,RETAIL,Kolkata,West Bengal,2014-08-23,2020-11-23,ACTIVE
102864,Customer_02864,RETAIL,Chennai,Tamil Nadu,1988-07-01,2025-08-28,ACTIVE
102865,Customer_02865,PREMIUM,Mumbai,Maharashtra,1996-07-27,2020-08-23,ACTIVE
102866,Customer_02866,RETAIL,Mumbai,Maharashtra,2013-05-02,2020-09-19,ACTIVE
102867,Customer_02867,RETAIL,Delhi,Delhi,2008-03-12,2023-07-28,ACTIVE
102868,Customer_02868,RETAIL,Pune,Maharashtra,2016-04-22,2021-08-15,ACTIVE
102869,Customer_02869,RETAIL,Kolkata,West Bengal,1996-06-06,2024-03-13,INACTIVE
102870,Customer_02870,PREMIUM,Pune,Maharashtra,1986-02-01,2022-07-29,ACTIVE
102871,Customer_02871,RETAIL,Delhi,Delhi,1985-01-17,2021-10-11,ACTIVE
102872,Customer_02872,RETAIL,Ahmedabad,Gujarat,2008-04-10,2025-07-01,ACTIVE
102873,Customer_02873,RETAIL,Kolkata,West Bengal,1980-03-30,2021-01-17,ACTIVE
102874,Customer_02874,RETAIL,Pune,Maharashtra,1998-01-25,2023-03-30,ACTIVE
102875,Customer_02875,RETAIL,Bangalore,Karnataka,1993-09-03,2021-02-08,ACTIVE
102876,Customer_02876,RETAIL,Chennai,Tamil Nadu,2016-11-26,2020-11-24,ACTIVE
102877,Customer_02877,RETAIL,Hyderabad,Telangana,2020-02-27,2021-05-07,ACTIVE
102878,Customer_02878,PREMIUM,Ahmedabad,Gujarat,1999-01-22,2021-09-07,ACTIVE
102879,Customer_02879,BUSINESS,Kolkata,West Bengal,2002-12-28,2022-09-15,ACTIVE
102880,Customer_02880,BUSINESS,Ahmedabad,Gujarat,1994-09-22,2023-01-26,ACTIVE
102881,Customer_02881,RETAIL,Mumbai,Maharashtra,2011-01-26,2020-11-29,ACTIVE
102882,Customer_02882,RETAIL,Pune,Maharashtra,1991-04-06,2020-04-04,ACTIVE
102883,Customer_02883,RETAIL,Chennai,Tamil Nadu,2009-09-25,2020-08-15,ACTIVE
102884,Customer_02884,PREMIUM,Mumbai,Maharashtra,2016-04-10,2024-02-23,ACTIVE
102885,Customer_02885,RETAIL,Delhi,Delhi,1986-03-20,2026-05-26,ACTIVE
102886,Customer_02886,RETAIL,Pune,Maharashtra,1988-06-14,2020-03-01,ACTIVE
102887,Customer_02887,RETAIL,Ahmedabad,Gujarat,1994-09-12,2020-03-24,ACTIVE
102888,Customer_02888,RETAIL,Mumbai,Maharashtra,2013-02-26,2025-02-17,ACTIVE
102889,Customer_02889,PREMIUM,Pune,Maharashtra,2005-06-27,2024-10-05,ACTIVE
102890,Customer_02890,PREMIUM,Pune,Maharashtra,1987-02-20,2024-10-27,ACTIVE
102891,Customer_02891,RETAIL,Pune,Maharashtra,1994-04-12,2021-02-19,ACTIVE
102892,Customer_02892,BUSINESS,Chennai,Tamil Nadu,2005-08-02,2025-09-08,ACTIVE
102893,Customer_02893,RETAIL,Delhi,Delhi,2018-10-14,2024-02-05,ACTIVE
102894,Customer_02894,RETAIL,Ahmedabad,Gujarat,1997-09-08,2021-01-13,ACTIVE
102895,Customer_02895,RETAIL,Delhi,Delhi,1982-03-23,2020-10-04,ACTIVE
102896,Customer_02896,PREMIUM,Chennai,Tamil Nadu,1983-06-18,2023-12-17,ACTIVE
102897,Customer_02897,RETAIL,Hyderabad,Telangana,1980-05-06,2025-02-12,ACTIVE
102898,Customer_02898,RETAIL,Hyderabad,Telangana,1984-05-02,2025-02-17,ACTIVE
102899,Customer_02899,BUSINESS,Kolkata,West Bengal,1996-02-09,2023-11-11,ACTIVE
102900,Customer_02900,RETAIL,Pune,Maharashtra,1990-09-22,2023-05-22,ACTIVE
102901,Customer_02901,RETAIL,Chennai,Tamil Nadu,1991-07-12,2024-07-26,ACTIVE
102902,Customer_02902,RETAIL,Kolkata,West Bengal,2010-08-25,2020-11-09,ACTIVE
102903,Customer_02903,BUSINESS,Kolkata,West Bengal,1998-10-05,2022-05-25,ACTIVE
102904,Customer_02904,PREMIUM,Chennai,Tamil Nadu,2009-02-06,2020-08-25,ACTIVE
102905,Customer_02905,BUSINESS,Hyderabad,Telangana,2001-06-03,2025-07-06,ACTIVE
102906,Customer_02906,RETAIL,Kolkata,West Bengal,1987-08-03,2023-12-25,ACTIVE
102907,Customer_02907,RETAIL,Chennai,Tamil Nadu,2018-02-08,2025-02-08,ACTIVE
102908,Customer_02908,PREMIUM,Ahmedabad,Gujarat,1998-09-21,2023-04-09,ACTIVE
102909,Customer_02909,RETAIL,Pune,Maharashtra,2013-07-02,2026-02-09,ACTIVE
102910,Customer_02910,RETAIL,Delhi,Delhi,1983-02-23,2026-02-08,ACTIVE
102911,Customer_02911,BUSINESS,Mumbai,Maharashtra,2014-01-19,2024-01-19,ACTIVE
102912,Customer_02912,RETAIL,Mumbai,Maharashtra,2008-07-26,2025-06-24,ACTIVE
102913,Customer_02913,RETAIL,Bangalore,Karnataka,1989-06-06,2024-05-01,ACTIVE
102914,Customer_02914,PREMIUM,Pune,Maharashtra,2011-09-29,2024-10-02,ACTIVE
102915,Customer_02915,BUSINESS,Bangalore,Karnataka,2009-08-29,2021-08-16,ACTIVE
102916,Customer_02916,BUSINESS,Bangalore,Karnataka,2015-11-10,2026-06-15,ACTIVE
102917,Customer_02917,PREMIUM,Chennai,Tamil Nadu,1987-10-11,2021-03-18,ACTIVE
102918,Customer_02918,RETAIL,Ahmedabad,Gujarat,2015-07-17,2024-07-25,ACTIVE
102919,Customer_02919,BUSINESS,Kolkata,West Bengal,2010-06-18,2023-12-27,ACTIVE
102920,Customer_02920,RETAIL,Bangalore,Karnataka,1993-01-15,2020-08-09,ACTIVE
102921,Customer_02921,PREMIUM,Delhi,Delhi,1993-07-22,2025-02-02,ACTIVE
102922,Customer_02922,RETAIL,Kolkata,West Bengal,1989-08-14,2020-07-05,ACTIVE
102923,Customer_02923,PREMIUM,Mumbai,Maharashtra,1998-09-29,2023-05-07,ACTIVE
102924,Customer_02924,RETAIL,Chennai,Tamil Nadu,2015-12-26,2025-05-12,ACTIVE
102925,Customer_02925,PREMIUM,Bangalore,Karnataka,2013-07-26,2020-10-27,ACTIVE
102926,Customer_02926,RETAIL,Pune,Maharashtra,1985-02-28,2022-05-15,ACTIVE
102927,Customer_02927,RETAIL,Chennai,Tamil Nadu,1984-07-22,2023-05-04,ACTIVE
102928,Customer_02928,RETAIL,Delhi,Delhi,1981-08-08,2026-01-27,ACTIVE
102929,Customer_02929,RETAIL,Pune,Maharashtra,2004-05-19,2022-07-05,ACTIVE
102930,Customer_02930,PREMIUM,Hyderabad,Telangana,1992-01-26,2020-10-10,ACTIVE
102931,Customer_02931,RETAIL,Pune,Maharashtra,2010-05-30,2020-11-11,ACTIVE
102932,Customer_02932,RETAIL,Hyderabad,Telangana,2010-05-22,2021-04-22,ACTIVE
102933,Customer_02933,RETAIL,Pune,Maharashtra,1987-04-14,2025-09-10,ACTIVE
102934,Customer_02934,RETAIL,Bangalore,Karnataka,2007-09-03,2025-01-29,ACTIVE
102935,Customer_02935,RETAIL,Kolkata,West Bengal,2010-07-24,2022-09-29,ACTIVE
102936,Customer_02936,RETAIL,Pune,Maharashtra,2019-09-13,2025-07-26,ACTIVE
102937,Customer_02937,RETAIL,Kolkata,West Bengal,2008-11-04,2026-01-13,ACTIVE
102938,Customer_02938,RETAIL,Hyderabad,Telangana,1993-12-06,2025-09-12,ACTIVE
102939,Customer_02939,RETAIL,Ahmedabad,Gujarat,2020-03-21,2020-01-11,ACTIVE
102940,Customer_02940,RETAIL,Pune,Maharashtra,1990-06-29,2020-08-25,ACTIVE
102941,Customer_02941,RETAIL,Hyderabad,Telangana,2012-03-27,2024-10-07,ACTIVE
102942,Customer_02942,RETAIL,Ahmedabad,Gujarat,1994-09-12,2022-07-05,ACTIVE
102943,Customer_02943,PREMIUM,Kolkata,West Bengal,2017-07-25,2021-01-16,ACTIVE
102944,Customer_02944,RETAIL,Pune,Maharashtra,2011-04-16,2024-03-31,ACTIVE
102945,Customer_02945,RETAIL,Kolkata,West Bengal,2003-10-17,2022-05-03,ACTIVE
102946,Customer_02946,RETAIL,Mumbai,Maharashtra,1987-12-19,2026-01-14,ACTIVE
102947,Customer_02947,BUSINESS,Chennai,Tamil Nadu,1986-11-26,2023-10-16,ACTIVE
102948,Customer_02948,RETAIL,Bangalore,Karnataka,2018-02-01,2021-07-27,ACTIVE
102949,Customer_02949,RETAIL,Chennai,Tamil Nadu,2012-02-02,2026-02-21,ACTIVE
102950,Customer_02950,BUSINESS,Chennai,Tamil Nadu,2000-03-19,2023-12-11,ACTIVE
102951,Customer_02951,PREMIUM,Mumbai,Maharashtra,2015-03-14,2021-12-12,ACTIVE
102952,Customer_02952,RETAIL,Chennai,Tamil Nadu,2011-04-30,2020-12-10,ACTIVE
102953,Customer_02953,PREMIUM,Ahmedabad,Gujarat,1995-02-01,2023-08-25,ACTIVE
102954,Customer_02954,RETAIL,Bangalore,Karnataka,2013-02-19,2024-11-28,ACTIVE
102955,Customer_02955,PREMIUM,Delhi,Delhi,2011-11-09,2025-06-29,ACTIVE
102956,Customer_02956,PREMIUM,Ahmedabad,Gujarat,1998-10-30,2020-11-02,ACTIVE
102957,Customer_02957,RETAIL,Mumbai,Maharashtra,1979-12-19,2022-11-03,ACTIVE
102958,Customer_02958,RETAIL,Bangalore,Karnataka,2009-08-11,2026-07-27,ACTIVE
102959,Customer_02959,RETAIL,Chennai,Tamil Nadu,1993-02-10,2024-05-05,ACTIVE
102960,Customer_02960,BUSINESS,Bangalore,Karnataka,1994-02-21,2020-08-09,ACTIVE
102961,Customer_02961,RETAIL,Ahmedabad,Gujarat,2008-06-21,2026-01-09,ACTIVE
102962,Customer_02962,RETAIL,Bangalore,Karnataka,2012-06-19,2024-07-02,ACTIVE
102963,Customer_02963,PREMIUM,Ahmedabad,Gujarat,1982-10-10,2023-01-09,ACTIVE
102964,Customer_02964,PREMIUM,Mumbai,Maharashtra,2012-12-31,2025-02-07,ACTIVE
102965,Customer_02965,RETAIL,Hyderabad,Telangana,1991-03-12,2024-04-05,ACTIVE
102966,Customer_02966,PREMIUM,Chennai,Tamil Nadu,2002-06-02,2021-09-11,ACTIVE
102967,Customer_02967,RETAIL,Pune,Maharashtra,2014-10-31,2025-03-26,ACTIVE
102968,Customer_02968,PREMIUM,Pune,Maharashtra,1988-02-15,2021-09-03,ACTIVE
102969,Customer_02969,RETAIL,Hyderabad,Telangana,1988-03-28,2021-07-03,ACTIVE
102970,Customer_02970,RETAIL,Hyderabad,Telangana,2019-01-04,2023-12-01,ACTIVE
102971,Customer_02971,RETAIL,Chennai,Tamil Nadu,1994-06-26,2020-02-14,ACTIVE
102972,Customer_02972,RETAIL,Mumbai,Maharashtra,2018-01-20,2024-02-22,ACTIVE
102973,Customer_02973,RETAIL,Chennai,Tamil Nadu,1993-10-31,2023-08-14,INACTIVE
102974,Customer_02974,RETAIL,Ahmedabad,Gujarat,2004-08-14,2024-09-25,ACTIVE
102975,Customer_02975,PREMIUM,Mumbai,Maharashtra,2000-02-13,2021-01-17,ACTIVE
102976,Customer_02976,PREMIUM,Bangalore,Karnataka,2019-07-28,2023-10-24,ACTIVE
102977,Customer_02977,PREMIUM,Bangalore,Karnataka,2001-10-05,2022-11-25,ACTIVE
102978,Customer_02978,BUSINESS,Ahmedabad,Gujarat,1999-10-24,2021-02-22,ACTIVE
102979,Customer_02979,BUSINESS,Delhi,Delhi,1998-04-25,2022-12-20,ACTIVE
102980,Customer_02980,RETAIL,Bangalore,Karnataka,1994-08-02,2026-01-26,ACTIVE
102981,Customer_02981,RETAIL,Hyderabad,Telangana,1997-03-28,2025-06-01,ACTIVE
102982,Customer_02982,PREMIUM,Mumbai,Maharashtra,1998-01-28,2021-02-03,ACTIVE
102983,Customer_02983,BUSINESS,Kolkata,West Bengal,2010-07-11,2025-07-25,ACTIVE
102984,Customer_02984,BUSINESS,Kolkata,West Bengal,1981-01-18,2023-09-18,ACTIVE
102985,Customer_02985,PREMIUM,Hyderabad,Telangana,1999-09-27,2020-04-23,ACTIVE
102986,Customer_02986,RETAIL,Hyderabad,Telangana,2001-09-18,2026-01-17,INACTIVE
102987,Customer_02987,BUSINESS,Hyderabad,Telangana,2010-02-04,2023-06-16,ACTIVE
102988,Customer_02988,BUSINESS,Kolkata,West Bengal,2006-07-11,2025-12-31,ACTIVE
102989,Customer_02989,PREMIUM,Ahmedabad,Gujarat,1996-11-25,2020-08-24,ACTIVE
102990,Customer_02990,PREMIUM,Bangalore,Karnataka,1983-08-30,2021-02-06,ACTIVE
102991,Customer_02991,RETAIL,Bangalore,Karnataka,1994-06-11,2025-12-04,ACTIVE
102992,Customer_02992,BUSINESS,Hyderabad,Telangana,1989-08-29,2021-07-26,ACTIVE
102993,Customer_02993,RETAIL,Pune,Maharashtra,1987-07-19,2023-08-11,ACTIVE
102994,Customer_02994,PREMIUM,Kolkata,West Bengal,2008-10-12,2023-12-15,ACTIVE
102995,Customer_02995,RETAIL,Kolkata,West Bengal,1998-10-19,2026-03-25,ACTIVE
102996,Customer_02996,RETAIL,Hyderabad,Telangana,2011-10-03,2022-03-20,ACTIVE
102997,Customer_02997,RETAIL,Delhi,Delhi,1984-11-06,2024-12-14,ACTIVE
102998,Customer_02998,RETAIL,Delhi,Delhi,2019-08-27,2024-10-20,ACTIVE
102999,Customer_02999,RETAIL,Bangalore,Karnataka,1998-08-09,2024-08-09,ACTIVE
103000,Customer_03000,BUSINESS,Hyderabad,Telangana,1989-07-25,2023-06-07,ACTIVE
103001,Customer_03001,RETAIL,Kolkata,West Bengal,1994-01-25,2020-06-19,ACTIVE
103002,Customer_03002,PREMIUM,Hyderabad,Telangana,2013-09-20,2021-09-30,ACTIVE
103003,Customer_03003,RETAIL,Ahmedabad,Gujarat,2008-04-27,2023-09-08,ACTIVE
103004,Customer_03004,RETAIL,Ahmedabad,Gujarat,1986-03-26,2022-09-13,ACTIVE
103005,Customer_03005,PREMIUM,Hyderabad,Telangana,2019-10-29,2021-03-18,INACTIVE
103006,Customer_03006,PREMIUM,Delhi,Delhi,1984-07-16,2024-07-16,ACTIVE
103007,Customer_03007,RETAIL,Chennai,Tamil Nadu,1990-06-22,2023-01-11,ACTIVE
103008,Customer_03008,PREMIUM,Bangalore,Karnataka,2009-02-10,2025-02-27,ACTIVE
103009,Customer_03009,PREMIUM,Hyderabad,Telangana,2000-12-01,2023-08-08,ACTIVE
103010,Customer_03010,RETAIL,Kolkata,West Bengal,1997-06-23,2022-06-05,ACTIVE
103011,Customer_03011,BUSINESS,Delhi,Delhi,2017-03-16,2020-09-18,ACTIVE
103012,Customer_03012,PREMIUM,Chennai,Tamil Nadu,2011-10-08,2020-09-08,ACTIVE
103013,Customer_03013,PREMIUM,Mumbai,Maharashtra,2018-09-05,2023-05-02,ACTIVE
103014,Customer_03014,RETAIL,Hyderabad,Telangana,1990-10-08,2022-04-27,ACTIVE
103015,Customer_03015,RETAIL,Bangalore,Karnataka,2014-02-05,2024-09-19,ACTIVE
103016,Customer_03016,RETAIL,Bangalore,Karnataka,1987-12-02,2024-02-22,ACTIVE
103017,Customer_03017,PREMIUM,Chennai,Tamil Nadu,2012-04-05,2021-11-13,ACTIVE
103018,Customer_03018,PREMIUM,Pune,Maharashtra,2001-09-13,2024-12-28,ACTIVE
103019,Customer_03019,RETAIL,Chennai,Tamil Nadu,2003-09-20,2023-09-19,ACTIVE
103020,Customer_03020,RETAIL,Hyderabad,Telangana,1983-11-25,2025-10-12,ACTIVE
103021,Customer_03021,RETAIL,Delhi,Delhi,2015-04-09,2026-04-06,ACTIVE
103022,Customer_03022,RETAIL,Pune,Maharashtra,1990-08-12,2026-04-27,ACTIVE
103023,Customer_03023,BUSINESS,Bangalore,Karnataka,2003-09-23,2020-10-31,ACTIVE
103024,Customer_03024,RETAIL,Pune,Maharashtra,1985-12-28,2023-06-24,ACTIVE
103025,Customer_03025,RETAIL,Delhi,Delhi,2017-03-11,2020-03-10,ACTIVE
103026,Customer_03026,RETAIL,Hyderabad,Telangana,1992-04-22,2025-10-13,ACTIVE
103027,Customer_03027,RETAIL,Mumbai,Maharashtra,2010-06-27,2024-08-13,ACTIVE
103028,Customer_03028,PREMIUM,Hyderabad,Telangana,2010-08-08,2021-09-20,ACTIVE
103029,Customer_03029,BUSINESS,Pune,Maharashtra,2001-10-06,2023-12-28,ACTIVE
103030,Customer_03030,RETAIL,Ahmedabad,Gujarat,1984-02-15,2023-09-05,ACTIVE
103031,Customer_03031,RETAIL,Hyderabad,Telangana,1990-08-29,2023-07-27,ACTIVE
103032,Customer_03032,RETAIL,Delhi,Delhi,2004-04-17,2023-07-18,ACTIVE
103033,Customer_03033,RETAIL,Chennai,Tamil Nadu,2001-03-04,2026-06-19,ACTIVE
103034,Customer_03034,RETAIL,Mumbai,Maharashtra,2003-03-07,2025-01-18,ACTIVE
103035,Customer_03035,RETAIL,Mumbai,Maharashtra,1989-05-28,2022-08-23,ACTIVE
103036,Customer_03036,PREMIUM,Ahmedabad,Gujarat,2001-04-06,2025-01-29,ACTIVE
103037,Customer_03037,RETAIL,Kolkata,West Bengal,1982-09-01,2020-12-04,ACTIVE
103038,Customer_03038,RETAIL,Pune,Maharashtra,1999-01-19,2021-11-15,ACTIVE
103039,Customer_03039,RETAIL,Delhi,Delhi,1982-12-02,2020-10-08,ACTIVE
103040,Customer_03040,PREMIUM,Pune,Maharashtra,2006-06-05,2025-10-27,ACTIVE
103041,Customer_03041,RETAIL,Bangalore,Karnataka,2002-06-10,2020-02-27,ACTIVE
103042,Customer_03042,RETAIL,Delhi,Delhi,2014-02-23,2025-11-09,ACTIVE
103043,Customer_03043,PREMIUM,Delhi,Delhi,1998-02-20,2025-06-20,ACTIVE
103044,Customer_03044,RETAIL,Chennai,Tamil Nadu,1985-10-26,2026-03-25,ACTIVE
103045,Customer_03045,BUSINESS,Pune,Maharashtra,1988-10-28,2025-01-12,ACTIVE
103046,Customer_03046,RETAIL,Ahmedabad,Gujarat,2012-08-06,2023-01-03,ACTIVE
103047,Customer_03047,PREMIUM,Hyderabad,Telangana,2018-07-08,2025-05-01,ACTIVE
103048,Customer_03048,BUSINESS,Kolkata,West Bengal,1981-09-09,2026-06-27,ACTIVE
103049,Customer_03049,RETAIL,Pune,Maharashtra,2006-12-11,2025-11-11,ACTIVE
103050,Customer_03050,PREMIUM,Hyderabad,Telangana,1998-12-18,2025-02-26,ACTIVE
103051,Customer_03051,RETAIL,Kolkata,West Bengal,1989-10-02,2025-01-14,ACTIVE
103052,Customer_03052,PREMIUM,Pune,Maharashtra,2000-03-02,2024-04-16,ACTIVE
103053,Customer_03053,BUSINESS,Kolkata,West Bengal,2017-08-05,2025-11-10,ACTIVE
103054,Customer_03054,PREMIUM,Delhi,Delhi,1987-04-12,2022-11-03,ACTIVE
103055,Customer_03055,BUSINESS,Kolkata,West Bengal,2013-07-17,2023-04-16,ACTIVE
103056,Customer_03056,RETAIL,Bangalore,Karnataka,1982-11-06,2025-07-14,ACTIVE
103057,Customer_03057,RETAIL,Kolkata,West Bengal,2008-10-04,2021-09-21,ACTIVE
103058,Customer_03058,RETAIL,Pune,Maharashtra,1982-03-29,2025-01-07,ACTIVE
103059,Customer_03059,PREMIUM,Bangalore,Karnataka,1981-08-28,2020-09-21,ACTIVE
103060,Customer_03060,PREMIUM,Delhi,Delhi,1980-09-10,2023-11-06,ACTIVE
103061,Customer_03061,RETAIL,Pune,Maharashtra,2012-03-19,2020-03-24,ACTIVE
103062,Customer_03062,RETAIL,Delhi,Delhi,2002-09-20,2026-07-21,ACTIVE
103063,Customer_03063,RETAIL,Bangalore,Karnataka,2007-07-08,2025-07-13,ACTIVE
103064,Customer_03064,PREMIUM,Pune,Maharashtra,1985-07-20,2021-08-21,ACTIVE
103065,Customer_03065,BUSINESS,Hyderabad,Telangana,2017-01-03,2020-12-26,ACTIVE
103066,Customer_03066,RETAIL,Chennai,Tamil Nadu,2012-05-17,2024-03-20,ACTIVE
103067,Customer_03067,RETAIL,Kolkata,West Bengal,1999-03-26,2025-12-03,ACTIVE
103068,Customer_03068,RETAIL,Hyderabad,Telangana,2016-01-31,2022-02-09,ACTIVE
103069,Customer_03069,RETAIL,Pune,Maharashtra,1985-01-14,2026-04-26,ACTIVE
103070,Customer_03070,BUSINESS,Mumbai,Maharashtra,1991-03-05,2023-01-03,INACTIVE
103071,Customer_03071,RETAIL,Bangalore,Karnataka,1981-02-25,2022-11-26,INACTIVE
103072,Customer_03072,RETAIL,Bangalore,Karnataka,1985-12-01,2022-03-24,ACTIVE
103073,Customer_03073,RETAIL,Pune,Maharashtra,2013-09-21,2021-10-11,ACTIVE
103074,Customer_03074,RETAIL,Kolkata,West Bengal,1995-12-27,2022-03-13,ACTIVE
103075,Customer_03075,BUSINESS,Chennai,Tamil Nadu,2005-08-31,2021-02-19,ACTIVE
103076,Customer_03076,RETAIL,Hyderabad,Telangana,2015-05-15,2022-06-23,ACTIVE
103077,Customer_03077,RETAIL,Mumbai,Maharashtra,2010-07-17,2021-11-26,ACTIVE
103078,Customer_03078,RETAIL,Kolkata,West Bengal,1995-08-02,2020-05-16,ACTIVE
103079,Customer_03079,BUSINESS,Pune,Maharashtra,1993-06-20,2022-05-20,ACTIVE
103080,Customer_03080,BUSINESS,Bangalore,Karnataka,1983-08-13,2020-04-05,INACTIVE
103081,Customer_03081,RETAIL,Bangalore,Karnataka,2013-03-27,2021-03-10,ACTIVE
103082,Customer_03082,RETAIL,Kolkata,West Bengal,2019-08-09,2024-10-05,ACTIVE
103083,Customer_03083,RETAIL,Delhi,Delhi,1999-09-15,2020-03-01,ACTIVE
103084,Customer_03084,RETAIL,Pune,Maharashtra,1999-09-08,2022-01-16,ACTIVE
103085,Customer_03085,RETAIL,Delhi,Delhi,2014-01-02,2024-06-30,ACTIVE
103086,Customer_03086,PREMIUM,Delhi,Delhi,1993-03-23,2020-02-20,ACTIVE
103087,Customer_03087,BUSINESS,Pune,Maharashtra,1995-11-11,2024-11-04,ACTIVE
103088,Customer_03088,RETAIL,Pune,Maharashtra,2015-11-12,2020-07-14,ACTIVE
103089,Customer_03089,RETAIL,Pune,Maharashtra,1994-09-29,2020-05-12,ACTIVE
103090,Customer_03090,RETAIL,Bangalore,Karnataka,2017-04-02,2021-04-15,ACTIVE
103091,Customer_03091,RETAIL,Delhi,Delhi,1985-10-17,2025-08-26,ACTIVE
103092,Customer_03092,RETAIL,Bangalore,Karnataka,1999-07-27,2020-04-25,ACTIVE
103093,Customer_03093,RETAIL,Hyderabad,Telangana,1999-04-12,2020-08-24,ACTIVE
103094,Customer_03094,BUSINESS,Pune,Maharashtra,1991-10-05,2026-03-20,ACTIVE
103095,Customer_03095,RETAIL,Ahmedabad,Gujarat,2018-09-18,2024-01-04,ACTIVE
103096,Customer_03096,PREMIUM,Kolkata,West Bengal,1998-12-26,2023-09-26,ACTIVE
103097,Customer_03097,RETAIL,Pune,Maharashtra,2015-04-07,2020-04-07,ACTIVE
103098,Customer_03098,RETAIL,Delhi,Delhi,1988-03-03,2022-08-03,ACTIVE
103099,Customer_03099,RETAIL,Pune,Maharashtra,1993-06-30,2023-10-15,ACTIVE
103100,Customer_03100,BUSINESS,Delhi,Delhi,1998-10-21,2023-07-02,ACTIVE
103101,Customer_03101,RETAIL,Delhi,Delhi,2002-04-29,2023-06-05,ACTIVE
103102,Customer_03102,RETAIL,Pune,Maharashtra,1988-08-02,2020-09-27,ACTIVE
103103,Customer_03103,PREMIUM,Mumbai,Maharashtra,1992-01-09,2026-07-01,ACTIVE
103104,Customer_03104,PREMIUM,Bangalore,Karnataka,2004-09-19,2024-08-11,ACTIVE
103105,Customer_03105,PREMIUM,Hyderabad,Telangana,1990-08-08,2021-08-02,ACTIVE
103106,Customer_03106,RETAIL,Delhi,Delhi,2010-05-16,2026-05-16,ACTIVE
103107,Customer_03107,RETAIL,Kolkata,West Bengal,1998-10-04,2021-12-24,ACTIVE
103108,Customer_03108,PREMIUM,Delhi,Delhi,2018-12-23,2020-11-09,ACTIVE
103109,Customer_03109,RETAIL,Ahmedabad,Gujarat,1988-12-04,2025-11-13,ACTIVE
103110,Customer_03110,RETAIL,Pune,Maharashtra,2013-10-07,2021-01-01,ACTIVE
103111,Customer_03111,RETAIL,Chennai,Tamil Nadu,1999-04-18,2020-05-26,ACTIVE
103112,Customer_03112,RETAIL,Kolkata,West Bengal,1982-09-14,2024-02-17,ACTIVE
103113,Customer_03113,BUSINESS,Mumbai,Maharashtra,2008-02-15,2021-09-25,ACTIVE
103114,Customer_03114,PREMIUM,Ahmedabad,Gujarat,1987-11-07,2020-12-30,ACTIVE
103115,Customer_03115,RETAIL,Delhi,Delhi,1984-11-07,2020-09-02,ACTIVE
103116,Customer_03116,BUSINESS,Bangalore,Karnataka,2000-12-31,2020-10-29,ACTIVE
103117,Customer_03117,RETAIL,Hyderabad,Telangana,2011-06-10,2026-04-25,ACTIVE
103118,Customer_03118,RETAIL,Hyderabad,Telangana,1989-09-28,2024-05-28,ACTIVE
103119,Customer_03119,RETAIL,Mumbai,Maharashtra,2004-10-01,2025-07-15,ACTIVE
103120,Customer_03120,PREMIUM,Kolkata,West Bengal,1979-10-03,2024-01-24,ACTIVE
103121,Customer_03121,RETAIL,Chennai,Tamil Nadu,1986-09-30,2023-07-28,ACTIVE
103122,Customer_03122,RETAIL,Ahmedabad,Gujarat,2010-02-28,2021-06-06,ACTIVE
103123,Customer_03123,PREMIUM,Bangalore,Karnataka,1979-09-11,2026-05-10,ACTIVE
103124,Customer_03124,RETAIL,Chennai,Tamil Nadu,1993-11-09,2025-05-29,ACTIVE
103125,Customer_03125,BUSINESS,Bangalore,Karnataka,2000-01-08,2023-06-21,ACTIVE
103126,Customer_03126,RETAIL,Ahmedabad,Gujarat,1981-11-17,2020-09-09,ACTIVE
103127,Customer_03127,RETAIL,Kolkata,West Bengal,2019-05-09,2024-12-29,ACTIVE
103128,Customer_03128,PREMIUM,Ahmedabad,Gujarat,2000-01-23,2022-03-09,ACTIVE
103129,Customer_03129,RETAIL,Chennai,Tamil Nadu,1993-01-25,2021-05-16,ACTIVE
103130,Customer_03130,RETAIL,Kolkata,West Bengal,2019-04-19,2024-11-08,ACTIVE
103131,Customer_03131,RETAIL,Delhi,Delhi,2002-02-06,2025-07-02,ACTIVE
103132,Customer_03132,BUSINESS,Bangalore,Karnataka,2007-01-12,2024-01-13,ACTIVE
103133,Customer_03133,PREMIUM,Kolkata,West Bengal,1982-11-16,2020-06-26,ACTIVE
103134,Customer_03134,PREMIUM,Mumbai,Maharashtra,1985-09-07,2023-12-11,ACTIVE
103135,Customer_03135,RETAIL,Hyderabad,Telangana,1981-01-08,2026-01-14,ACTIVE
103136,Customer_03136,RETAIL,Mumbai,Maharashtra,2000-04-14,2024-07-05,ACTIVE
103137,Customer_03137,RETAIL,Chennai,Tamil Nadu,2013-07-06,2021-09-29,ACTIVE
103138,Customer_03138,RETAIL,Bangalore,Karnataka,2016-03-12,2024-03-31,ACTIVE
103139,Customer_03139,PREMIUM,Bangalore,Karnataka,2002-10-02,2021-08-20,ACTIVE
103140,Customer_03140,RETAIL,Bangalore,Karnataka,1981-05-23,2025-09-29,ACTIVE
103141,Customer_03141,RETAIL,Bangalore,Karnataka,2004-11-17,2025-07-22,ACTIVE
103142,Customer_03142,RETAIL,Bangalore,Karnataka,2005-05-12,2023-09-27,ACTIVE
103143,Customer_03143,RETAIL,Bangalore,Karnataka,2003-09-08,2020-11-20,ACTIVE
103144,Customer_03144,RETAIL,Chennai,Tamil Nadu,2008-10-14,2022-08-21,ACTIVE
103145,Customer_03145,RETAIL,Kolkata,West Bengal,2002-01-18,2020-10-16,ACTIVE
103146,Customer_03146,RETAIL,Chennai,Tamil Nadu,2008-01-29,2025-01-12,ACTIVE
103147,Customer_03147,RETAIL,Hyderabad,Telangana,1999-02-20,2024-06-21,ACTIVE
103148,Customer_03148,RETAIL,Kolkata,West Bengal,1985-05-01,2021-09-14,ACTIVE
103149,Customer_03149,PREMIUM,Ahmedabad,Gujarat,1982-06-13,2025-08-17,ACTIVE
103150,Customer_03150,RETAIL,Mumbai,Maharashtra,2016-06-04,2024-12-28,ACTIVE
103151,Customer_03151,RETAIL,Hyderabad,Telangana,1997-04-10,2026-02-25,ACTIVE
103152,Customer_03152,RETAIL,Pune,Maharashtra,1992-05-26,2021-11-02,ACTIVE
103153,Customer_03153,RETAIL,Pune,Maharashtra,1991-03-17,2021-02-23,INACTIVE
103154,Customer_03154,PREMIUM,Kolkata,West Bengal,1981-04-16,2023-02-26,ACTIVE
103155,Customer_03155,RETAIL,Mumbai,Maharashtra,2017-12-23,2021-09-28,ACTIVE
103156,Customer_03156,BUSINESS,Kolkata,West Bengal,1982-08-01,2024-11-09,ACTIVE
103157,Customer_03157,PREMIUM,Kolkata,West Bengal,1988-02-28,2022-10-18,ACTIVE
103158,Customer_03158,RETAIL,Ahmedabad,Gujarat,1997-12-15,2024-02-15,ACTIVE
103159,Customer_03159,RETAIL,Hyderabad,Telangana,1993-11-14,2021-02-16,ACTIVE
103160,Customer_03160,RETAIL,Kolkata,West Bengal,1980-10-21,2020-07-24,ACTIVE
103161,Customer_03161,RETAIL,Mumbai,Maharashtra,1992-09-06,2026-02-28,ACTIVE
103162,Customer_03162,RETAIL,Ahmedabad,Gujarat,2011-03-07,2022-12-07,ACTIVE
103163,Customer_03163,RETAIL,Pune,Maharashtra,1989-06-15,2020-11-30,ACTIVE
103164,Customer_03164,RETAIL,Delhi,Delhi,2014-09-21,2025-05-02,ACTIVE
103165,Customer_03165,RETAIL,Pune,Maharashtra,1993-12-15,2020-11-14,ACTIVE
103166,Customer_03166,PREMIUM,Bangalore,Karnataka,1979-09-18,2026-07-20,ACTIVE
103167,Customer_03167,PREMIUM,Hyderabad,Telangana,1983-08-21,2022-07-15,ACTIVE
103168,Customer_03168,BUSINESS,Delhi,Delhi,2012-06-06,2023-01-25,ACTIVE
103169,Customer_03169,RETAIL,Kolkata,West Bengal,1995-10-27,2021-09-14,ACTIVE
103170,Customer_03170,RETAIL,Chennai,Tamil Nadu,2019-06-18,2020-07-25,ACTIVE
103171,Customer_03171,BUSINESS,Hyderabad,Telangana,2011-07-24,2022-09-08,ACTIVE
103172,Customer_03172,PREMIUM,Ahmedabad,Gujarat,1980-05-30,2022-05-28,ACTIVE
103173,Customer_03173,RETAIL,Bangalore,Karnataka,1991-12-31,2022-12-11,ACTIVE
103174,Customer_03174,RETAIL,Delhi,Delhi,2008-12-08,2023-03-21,ACTIVE
103175,Customer_03175,RETAIL,Ahmedabad,Gujarat,1981-10-03,2024-02-22,ACTIVE
103176,Customer_03176,PREMIUM,Chennai,Tamil Nadu,2020-03-12,2020-06-25,ACTIVE
103177,Customer_03177,RETAIL,Chennai,Tamil Nadu,1985-12-29,2022-05-20,ACTIVE
103178,Customer_03178,RETAIL,Delhi,Delhi,2011-11-25,2025-09-05,ACTIVE
103179,Customer_03179,RETAIL,Pune,Maharashtra,2013-09-06,2026-04-03,ACTIVE
103180,Customer_03180,RETAIL,Pune,Maharashtra,1999-12-02,2023-07-17,ACTIVE
103181,Customer_03181,RETAIL,Pune,Maharashtra,2012-03-01,2022-05-28,ACTIVE
103182,Customer_03182,PREMIUM,Pune,Maharashtra,2015-07-03,2022-09-25,ACTIVE
103183,Customer_03183,RETAIL,Hyderabad,Telangana,2009-04-28,2025-02-20,ACTIVE
103184,Customer_03184,RETAIL,Mumbai,Maharashtra,2008-03-27,2022-08-11,INACTIVE
103185,Customer_03185,RETAIL,Hyderabad,Telangana,1995-02-15,2026-03-17,ACTIVE
103186,Customer_03186,BUSINESS,Ahmedabad,Gujarat,1991-03-05,2020-03-08,ACTIVE
103187,Customer_03187,RETAIL,Kolkata,West Bengal,2014-10-19,2023-12-25,ACTIVE
103188,Customer_03188,RETAIL,Bangalore,Karnataka,1988-05-17,2023-05-30,ACTIVE
103189,Customer_03189,RETAIL,Mumbai,Maharashtra,1996-03-09,2022-12-19,ACTIVE
103190,Customer_03190,PREMIUM,Kolkata,West Bengal,2000-03-19,2023-02-15,ACTIVE
103191,Customer_03191,PREMIUM,Mumbai,Maharashtra,1995-03-18,2021-01-16,ACTIVE
103192,Customer_03192,PREMIUM,Hyderabad,Telangana,1994-06-25,2022-04-10,ACTIVE
103193,Customer_03193,RETAIL,Hyderabad,Telangana,2003-10-09,2022-04-28,ACTIVE
103194,Customer_03194,BUSINESS,Pune,Maharashtra,1992-09-11,2024-04-29,ACTIVE
103195,Customer_03195,BUSINESS,Hyderabad,Telangana,2019-10-09,2023-12-06,ACTIVE
103196,Customer_03196,RETAIL,Pune,Maharashtra,1986-06-21,2022-09-13,ACTIVE
103197,Customer_03197,RETAIL,Pune,Maharashtra,1995-02-20,2023-05-26,ACTIVE
103198,Customer_03198,RETAIL,Kolkata,West Bengal,2013-11-17,2023-10-04,INACTIVE
103199,Customer_03199,RETAIL,Ahmedabad,Gujarat,1998-09-10,2020-04-23,INACTIVE
103200,Customer_03200,RETAIL,Delhi,Delhi,2008-02-13,2025-10-25,ACTIVE
103201,Customer_03201,RETAIL,Ahmedabad,Gujarat,2005-09-25,2025-11-11,ACTIVE
103202,Customer_03202,BUSINESS,Ahmedabad,Gujarat,1992-10-08,2022-05-23,ACTIVE
103203,Customer_03203,RETAIL,Kolkata,West Bengal,2009-09-22,2024-12-31,ACTIVE
103204,Customer_03204,RETAIL,Pune,Maharashtra,1988-12-04,2022-08-13,ACTIVE
103205,Customer_03205,RETAIL,Delhi,Delhi,2009-12-15,2020-06-11,ACTIVE
103206,Customer_03206,RETAIL,Hyderabad,Telangana,1984-06-05,2025-09-09,ACTIVE
103207,Customer_03207,RETAIL,Ahmedabad,Gujarat,2007-09-02,2021-10-04,ACTIVE
103208,Customer_03208,RETAIL,Kolkata,West Bengal,1983-10-14,2022-05-09,INACTIVE
103209,Customer_03209,RETAIL,Bangalore,Karnataka,2014-11-05,2023-10-13,INACTIVE
103210,Customer_03210,BUSINESS,Pune,Maharashtra,2004-11-07,2022-11-20,ACTIVE
103211,Customer_03211,RETAIL,Ahmedabad,Gujarat,1980-10-28,2021-09-29,ACTIVE
103212,Customer_03212,BUSINESS,Delhi,Delhi,1983-08-20,2025-04-05,ACTIVE
103213,Customer_03213,PREMIUM,Delhi,Delhi,1986-11-11,2022-05-04,ACTIVE
103214,Customer_03214,RETAIL,Ahmedabad,Gujarat,2018-08-07,2023-11-21,ACTIVE
103215,Customer_03215,RETAIL,Chennai,Tamil Nadu,2003-05-16,2024-05-16,ACTIVE
103216,Customer_03216,RETAIL,Delhi,Delhi,1990-08-18,2026-02-19,ACTIVE
103217,Customer_03217,PREMIUM,Mumbai,Maharashtra,1990-07-14,2023-02-23,ACTIVE
103218,Customer_03218,RETAIL,Bangalore,Karnataka,1980-03-23,2023-02-03,ACTIVE
103219,Customer_03219,RETAIL,Ahmedabad,Gujarat,1987-07-05,2025-12-31,ACTIVE
103220,Customer_03220,PREMIUM,Bangalore,Karnataka,2014-04-16,2023-02-23,ACTIVE
103221,Customer_03221,RETAIL,Hyderabad,Telangana,2003-10-04,2021-12-15,ACTIVE
103222,Customer_03222,PREMIUM,Delhi,Delhi,1994-04-05,2020-04-13,ACTIVE
103223,Customer_03223,RETAIL,Kolkata,West Bengal,1980-01-14,2022-02-18,ACTIVE
103224,Customer_03224,BUSINESS,Kolkata,West Bengal,1993-04-01,2021-04-18,ACTIVE
103225,Customer_03225,RETAIL,Chennai,Tamil Nadu,1994-11-21,2022-01-01,ACTIVE
103226,Customer_03226,RETAIL,Kolkata,West Bengal,1984-01-14,2023-07-19,ACTIVE
103227,Customer_03227,PREMIUM,Chennai,Tamil Nadu,2004-02-07,2023-06-13,ACTIVE
103228,Customer_03228,RETAIL,Bangalore,Karnataka,2006-04-15,2021-03-25,ACTIVE
103229,Customer_03229,BUSINESS,Hyderabad,Telangana,2020-02-27,2023-01-18,ACTIVE
103230,Customer_03230,PREMIUM,Kolkata,West Bengal,1993-11-24,2022-12-24,ACTIVE
103231,Customer_03231,RETAIL,Kolkata,West Bengal,1990-07-01,2020-04-12,ACTIVE
103232,Customer_03232,RETAIL,Pune,Maharashtra,2012-12-17,2021-11-10,INACTIVE
103233,Customer_03233,BUSINESS,Hyderabad,Telangana,1993-07-22,2024-09-30,ACTIVE
103234,Customer_03234,RETAIL,Mumbai,Maharashtra,2005-01-23,2020-02-19,ACTIVE
103235,Customer_03235,PREMIUM,Chennai,Tamil Nadu,2009-06-14,2021-12-23,ACTIVE
103236,Customer_03236,RETAIL,Chennai,Tamil Nadu,2015-04-20,2023-02-14,ACTIVE
103237,Customer_03237,BUSINESS,Delhi,Delhi,1992-04-02,2021-02-03,ACTIVE
103238,Customer_03238,RETAIL,Ahmedabad,Gujarat,2004-09-24,2024-03-31,INACTIVE
103239,Customer_03239,PREMIUM,Ahmedabad,Gujarat,1984-07-19,2024-09-13,INACTIVE
103240,Customer_03240,RETAIL,Mumbai,Maharashtra,2011-03-03,2022-03-22,ACTIVE
103241,Customer_03241,RETAIL,Pune,Maharashtra,1981-01-05,2021-07-06,ACTIVE
103242,Customer_03242,BUSINESS,Pune,Maharashtra,2007-10-09,2025-02-06,ACTIVE
103243,Customer_03243,BUSINESS,Ahmedabad,Gujarat,1987-10-01,2021-05-31,ACTIVE
103244,Customer_03244,RETAIL,Chennai,Tamil Nadu,1998-02-28,2020-12-16,ACTIVE
103245,Customer_03245,BUSINESS,Hyderabad,Telangana,1982-04-20,2020-03-20,ACTIVE
103246,Customer_03246,RETAIL,Kolkata,West Bengal,2007-06-13,2020-08-07,ACTIVE
103247,Customer_03247,RETAIL,Kolkata,West Bengal,1998-12-19,2025-09-22,ACTIVE
103248,Customer_03248,RETAIL,Mumbai,Maharashtra,2006-06-02,2026-02-21,ACTIVE
103249,Customer_03249,RETAIL,Pune,Maharashtra,1993-06-08,2023-08-03,ACTIVE
103250,Customer_03250,RETAIL,Bangalore,Karnataka,1979-06-10,2026-01-20,ACTIVE
103251,Customer_03251,RETAIL,Delhi,Delhi,2003-01-09,2024-08-23,ACTIVE
103252,Customer_03252,RETAIL,Hyderabad,Telangana,2007-11-09,2022-09-02,ACTIVE
103253,Customer_03253,PREMIUM,Pune,Maharashtra,2006-06-19,2024-09-07,ACTIVE
103254,Customer_03254,PREMIUM,Delhi,Delhi,1989-12-06,2022-10-04,ACTIVE
103255,Customer_03255,PREMIUM,Pune,Maharashtra,2008-08-04,2026-04-27,INACTIVE
103256,Customer_03256,RETAIL,Pune,Maharashtra,2001-06-01,2025-08-04,ACTIVE
103257,Customer_03257,PREMIUM,Pune,Maharashtra,1987-10-18,2025-07-20,ACTIVE
103258,Customer_03258,RETAIL,Pune,Maharashtra,1983-09-26,2023-06-27,ACTIVE
103259,Customer_03259,PREMIUM,Chennai,Tamil Nadu,1992-07-10,2023-05-28,ACTIVE
103260,Customer_03260,RETAIL,Bangalore,Karnataka,1980-02-10,2020-10-08,ACTIVE
103261,Customer_03261,RETAIL,Bangalore,Karnataka,2008-07-28,2024-04-15,ACTIVE
103262,Customer_03262,RETAIL,Bangalore,Karnataka,1979-10-14,2020-10-02,INACTIVE
103263,Customer_03263,PREMIUM,Hyderabad,Telangana,1981-02-25,2023-07-21,ACTIVE
103264,Customer_03264,BUSINESS,Kolkata,West Bengal,1985-08-29,2020-11-10,ACTIVE
103265,Customer_03265,PREMIUM,Chennai,Tamil Nadu,1992-07-21,2023-02-16,ACTIVE
103266,Customer_03266,BUSINESS,Hyderabad,Telangana,1979-12-25,2025-02-16,ACTIVE
103267,Customer_03267,BUSINESS,Hyderabad,Telangana,2005-01-12,2022-01-10,ACTIVE
103268,Customer_03268,RETAIL,Hyderabad,Telangana,1984-08-07,2023-12-15,ACTIVE
103269,Customer_03269,PREMIUM,Pune,Maharashtra,2012-02-25,2021-09-15,ACTIVE
103270,Customer_03270,RETAIL,Ahmedabad,Gujarat,2002-02-16,2021-12-20,ACTIVE
103271,Customer_03271,RETAIL,Pune,Maharashtra,1982-08-03,2021-03-14,ACTIVE
103272,Customer_03272,RETAIL,Bangalore,Karnataka,1995-08-09,2021-01-23,ACTIVE
103273,Customer_03273,BUSINESS,Hyderabad,Telangana,1984-12-03,2022-06-11,ACTIVE
103274,Customer_03274,PREMIUM,Bangalore,Karnataka,2019-06-11,2020-10-23,ACTIVE
103275,Customer_03275,RETAIL,Pune,Maharashtra,2003-07-01,2025-11-09,ACTIVE
103276,Customer_03276,RETAIL,Ahmedabad,Gujarat,2012-05-17,2024-11-14,ACTIVE
103277,Customer_03277,RETAIL,Mumbai,Maharashtra,1994-07-16,2021-06-15,ACTIVE
103278,Customer_03278,PREMIUM,Pune,Maharashtra,1985-03-11,2025-10-27,ACTIVE
103279,Customer_03279,BUSINESS,Ahmedabad,Gujarat,1988-10-23,2022-05-26,INACTIVE
103280,Customer_03280,RETAIL,Hyderabad,Telangana,1996-04-12,2023-06-28,INACTIVE
103281,Customer_03281,RETAIL,Mumbai,Maharashtra,2010-10-22,2024-08-04,ACTIVE
103282,Customer_03282,RETAIL,Kolkata,West Bengal,1996-11-11,2025-01-28,ACTIVE
103283,Customer_03283,RETAIL,Ahmedabad,Gujarat,2017-04-20,2020-01-19,ACTIVE
103284,Customer_03284,RETAIL,Mumbai,Maharashtra,1994-01-13,2021-11-10,ACTIVE
103285,Customer_03285,RETAIL,Bangalore,Karnataka,1988-09-28,2022-03-18,ACTIVE
103286,Customer_03286,RETAIL,Bangalore,Karnataka,1999-07-08,2023-11-06,ACTIVE
103287,Customer_03287,RETAIL,Pune,Maharashtra,1983-09-24,2025-09-24,ACTIVE
103288,Customer_03288,BUSINESS,Pune,Maharashtra,2006-09-04,2022-11-17,ACTIVE
103289,Customer_03289,RETAIL,Pune,Maharashtra,1983-04-24,2023-01-17,ACTIVE
103290,Customer_03290,RETAIL,Pune,Maharashtra,2005-06-26,2020-07-29,INACTIVE
103291,Customer_03291,PREMIUM,Bangalore,Karnataka,1994-11-16,2023-06-16,ACTIVE
103292,Customer_03292,BUSINESS,Bangalore,Karnataka,1993-10-30,2023-03-15,ACTIVE
103293,Customer_03293,RETAIL,Pune,Maharashtra,2004-04-01,2024-03-08,ACTIVE
103294,Customer_03294,RETAIL,Delhi,Delhi,2008-02-13,2025-07-25,ACTIVE
103295,Customer_03295,PREMIUM,Pune,Maharashtra,2017-04-25,2023-09-23,ACTIVE
103296,Customer_03296,RETAIL,Kolkata,West Bengal,1991-01-20,2020-05-04,ACTIVE
103297,Customer_03297,PREMIUM,Pune,Maharashtra,2012-07-04,2025-05-15,ACTIVE
103298,Customer_03298,RETAIL,Ahmedabad,Gujarat,2013-06-23,2023-02-19,ACTIVE
103299,Customer_03299,RETAIL,Chennai,Tamil Nadu,2020-01-21,2023-03-13,ACTIVE
103300,Customer_03300,RETAIL,Kolkata,West Bengal,2018-10-08,2025-09-26,ACTIVE
103301,Customer_03301,PREMIUM,Hyderabad,Telangana,2011-08-17,2023-11-16,ACTIVE
103302,Customer_03302,RETAIL,Delhi,Delhi,1991-04-09,2025-03-11,ACTIVE
103303,Customer_03303,RETAIL,Chennai,Tamil Nadu,2007-09-09,2025-10-13,ACTIVE
103304,Customer_03304,RETAIL,Delhi,Delhi,2011-05-23,2023-03-30,ACTIVE
103305,Customer_03305,PREMIUM,Mumbai,Maharashtra,1991-02-18,2026-06-15,ACTIVE
103306,Customer_03306,RETAIL,Delhi,Delhi,2012-07-27,2021-02-15,ACTIVE
103307,Customer_03307,PREMIUM,Delhi,Delhi,2007-12-28,2025-09-22,INACTIVE
103308,Customer_03308,PREMIUM,Pune,Maharashtra,1999-04-27,2025-07-29,ACTIVE
103309,Customer_03309,RETAIL,Mumbai,Maharashtra,2014-07-22,2020-08-27,ACTIVE
103310,Customer_03310,BUSINESS,Ahmedabad,Gujarat,1982-10-08,2021-01-02,ACTIVE
103311,Customer_03311,PREMIUM,Chennai,Tamil Nadu,2007-04-02,2020-03-29,ACTIVE
103312,Customer_03312,RETAIL,Bangalore,Karnataka,2011-06-14,2021-10-26,ACTIVE
103313,Customer_03313,RETAIL,Ahmedabad,Gujarat,1980-10-27,2026-07-07,ACTIVE
103314,Customer_03314,RETAIL,Pune,Maharashtra,1995-11-25,2020-10-25,ACTIVE
103315,Customer_03315,RETAIL,Bangalore,Karnataka,2000-05-25,2020-03-22,ACTIVE
103316,Customer_03316,RETAIL,Kolkata,West Bengal,1987-09-17,2023-01-06,ACTIVE
103317,Customer_03317,BUSINESS,Hyderabad,Telangana,2015-04-12,2022-04-28,ACTIVE
103318,Customer_03318,PREMIUM,Bangalore,Karnataka,2004-11-24,2024-02-19,ACTIVE
103319,Customer_03319,RETAIL,Delhi,Delhi,1990-06-18,2023-12-26,ACTIVE
103320,Customer_03320,RETAIL,Mumbai,Maharashtra,1997-02-09,2025-06-08,ACTIVE
103321,Customer_03321,RETAIL,Mumbai,Maharashtra,1983-10-07,2022-09-22,ACTIVE
103322,Customer_03322,RETAIL,Pune,Maharashtra,1982-10-05,2023-01-12,ACTIVE
103323,Customer_03323,RETAIL,Kolkata,West Bengal,2009-10-26,2020-02-24,ACTIVE
103324,Customer_03324,BUSINESS,Hyderabad,Telangana,2019-07-25,2026-05-18,ACTIVE
103325,Customer_03325,PREMIUM,Bangalore,Karnataka,1990-07-13,2021-05-26,ACTIVE
103326,Customer_03326,RETAIL,Kolkata,West Bengal,1989-03-18,2023-12-01,ACTIVE
103327,Customer_03327,PREMIUM,Pune,Maharashtra,2007-04-02,2025-10-14,INACTIVE
103328,Customer_03328,RETAIL,Pune,Maharashtra,2000-02-24,2023-12-21,ACTIVE
103329,Customer_03329,PREMIUM,Bangalore,Karnataka,1984-11-21,2024-02-09,INACTIVE
103330,Customer_03330,RETAIL,Ahmedabad,Gujarat,2006-07-27,2021-02-24,ACTIVE
103331,Customer_03331,RETAIL,Chennai,Tamil Nadu,1987-10-13,2024-08-28,ACTIVE
103332,Customer_03332,RETAIL,Kolkata,West Bengal,1983-11-22,2021-04-01,ACTIVE
103333,Customer_03333,RETAIL,Pune,Maharashtra,1998-03-25,2024-07-18,INACTIVE
103334,Customer_03334,RETAIL,Kolkata,West Bengal,2009-07-13,2023-10-15,ACTIVE
103335,Customer_03335,RETAIL,Mumbai,Maharashtra,2000-07-26,2023-03-20,ACTIVE
103336,Customer_03336,PREMIUM,Pune,Maharashtra,2005-10-15,2024-09-26,ACTIVE
103337,Customer_03337,PREMIUM,Chennai,Tamil Nadu,1988-12-08,2024-09-23,ACTIVE
103338,Customer_03338,RETAIL,Mumbai,Maharashtra,1999-06-11,2021-05-06,ACTIVE
103339,Customer_03339,RETAIL,Kolkata,West Bengal,2008-06-11,2022-06-20,ACTIVE
103340,Customer_03340,PREMIUM,Kolkata,West Bengal,2000-11-10,2023-03-07,ACTIVE
103341,Customer_03341,RETAIL,Chennai,Tamil Nadu,1989-01-02,2020-12-30,ACTIVE
103342,Customer_03342,RETAIL,Delhi,Delhi,2018-05-17,2022-05-04,ACTIVE
103343,Customer_03343,PREMIUM,Mumbai,Maharashtra,1981-12-05,2020-04-09,ACTIVE
103344,Customer_03344,RETAIL,Chennai,Tamil Nadu,2016-07-28,2022-11-19,ACTIVE
103345,Customer_03345,PREMIUM,Chennai,Tamil Nadu,2008-12-02,2021-05-08,ACTIVE
103346,Customer_03346,RETAIL,Kolkata,West Bengal,1983-10-06,2021-06-17,ACTIVE
103347,Customer_03347,RETAIL,Chennai,Tamil Nadu,1989-08-23,2025-05-18,ACTIVE
103348,Customer_03348,RETAIL,Pune,Maharashtra,1994-04-23,2020-12-03,ACTIVE
103349,Customer_03349,RETAIL,Mumbai,Maharashtra,2018-06-29,2020-10-16,ACTIVE
103350,Customer_03350,RETAIL,Kolkata,West Bengal,2000-05-21,2022-02-08,ACTIVE
103351,Customer_03351,BUSINESS,Pune,Maharashtra,1989-10-06,2020-02-26,ACTIVE
103352,Customer_03352,PREMIUM,Ahmedabad,Gujarat,2016-12-11,2025-09-16,ACTIVE
103353,Customer_03353,PREMIUM,Mumbai,Maharashtra,1984-01-05,2026-06-26,ACTIVE
103354,Customer_03354,RETAIL,Hyderabad,Telangana,2012-09-12,2025-04-16,ACTIVE
103355,Customer_03355,RETAIL,Ahmedabad,Gujarat,2013-04-12,2025-04-02,ACTIVE
103356,Customer_03356,PREMIUM,Bangalore,Karnataka,1995-01-14,2020-08-31,ACTIVE
103357,Customer_03357,PREMIUM,Mumbai,Maharashtra,1980-12-07,2023-08-23,ACTIVE
103358,Customer_03358,RETAIL,Ahmedabad,Gujarat,2015-07-24,2020-07-29,ACTIVE
103359,Customer_03359,PREMIUM,Pune,Maharashtra,2018-11-23,2021-12-22,ACTIVE
103360,Customer_03360,RETAIL,Chennai,Tamil Nadu,1994-09-11,2023-03-29,ACTIVE
103361,Customer_03361,RETAIL,Ahmedabad,Gujarat,1986-10-17,2024-06-23,ACTIVE
103362,Customer_03362,BUSINESS,Hyderabad,Telangana,1990-04-20,2021-10-27,ACTIVE
103363,Customer_03363,RETAIL,Mumbai,Maharashtra,1984-10-07,2021-09-06,ACTIVE
103364,Customer_03364,RETAIL,Kolkata,West Bengal,2004-03-18,2025-05-30,ACTIVE
103365,Customer_03365,RETAIL,Pune,Maharashtra,2000-06-17,2021-06-22,ACTIVE
103366,Customer_03366,BUSINESS,Hyderabad,Telangana,1993-10-12,2023-03-12,ACTIVE
103367,Customer_03367,RETAIL,Chennai,Tamil Nadu,2005-11-19,2021-11-19,ACTIVE
103368,Customer_03368,PREMIUM,Delhi,Delhi,2004-09-22,2025-08-08,ACTIVE
103369,Customer_03369,RETAIL,Bangalore,Karnataka,1979-08-17,2023-07-07,ACTIVE
103370,Customer_03370,RETAIL,Mumbai,Maharashtra,1995-12-28,2020-09-16,ACTIVE
103371,Customer_03371,RETAIL,Ahmedabad,Gujarat,2014-08-17,2020-12-21,ACTIVE
103372,Customer_03372,RETAIL,Pune,Maharashtra,2011-11-05,2026-05-17,ACTIVE
103373,Customer_03373,RETAIL,Delhi,Delhi,2014-04-10,2026-03-06,ACTIVE
103374,Customer_03374,RETAIL,Chennai,Tamil Nadu,2018-05-10,2025-01-15,ACTIVE
103375,Customer_03375,RETAIL,Hyderabad,Telangana,1981-09-08,2020-07-05,ACTIVE
103376,Customer_03376,RETAIL,Chennai,Tamil Nadu,1990-04-07,2024-10-22,ACTIVE
103377,Customer_03377,PREMIUM,Chennai,Tamil Nadu,1998-01-11,2024-05-04,ACTIVE
103378,Customer_03378,PREMIUM,Chennai,Tamil Nadu,2000-02-10,2026-03-06,ACTIVE
103379,Customer_03379,RETAIL,Kolkata,West Bengal,2011-06-15,2023-03-13,ACTIVE
103380,Customer_03380,RETAIL,Bangalore,Karnataka,2008-11-30,2023-02-02,ACTIVE
103381,Customer_03381,RETAIL,Kolkata,West Bengal,2008-03-02,2024-02-27,ACTIVE
103382,Customer_03382,RETAIL,Kolkata,West Bengal,1985-09-03,2020-12-23,ACTIVE
103383,Customer_03383,RETAIL,Ahmedabad,Gujarat,2006-12-29,2024-11-24,ACTIVE
103384,Customer_03384,RETAIL,Ahmedabad,Gujarat,2011-11-07,2023-04-07,ACTIVE
103385,Customer_03385,RETAIL,Kolkata,West Bengal,2010-01-19,2021-03-26,ACTIVE
103386,Customer_03386,RETAIL,Pune,Maharashtra,2003-02-08,2025-05-10,ACTIVE
103387,Customer_03387,BUSINESS,Kolkata,West Bengal,1982-10-16,2021-09-26,ACTIVE
103388,Customer_03388,RETAIL,Hyderabad,Telangana,1985-04-25,2025-08-24,ACTIVE
103389,Customer_03389,RETAIL,Delhi,Delhi,2009-09-07,2021-10-16,ACTIVE
103390,Customer_03390,RETAIL,Hyderabad,Telangana,2014-10-27,2023-03-18,ACTIVE
103391,Customer_03391,PREMIUM,Delhi,Delhi,2013-01-22,2022-11-14,ACTIVE
103392,Customer_03392,RETAIL,Chennai,Tamil Nadu,1996-09-08,2024-10-23,ACTIVE
103393,Customer_03393,RETAIL,Kolkata,West Bengal,2003-04-14,2021-03-22,ACTIVE
103394,Customer_03394,PREMIUM,Pune,Maharashtra,1986-06-02,2021-08-15,ACTIVE
103395,Customer_03395,RETAIL,Delhi,Delhi,2003-06-21,2021-04-06,ACTIVE
103396,Customer_03396,RETAIL,Kolkata,West Bengal,1987-03-10,2021-07-07,ACTIVE
103397,Customer_03397,RETAIL,Bangalore,Karnataka,2011-10-26,2022-12-22,ACTIVE
103398,Customer_03398,PREMIUM,Ahmedabad,Gujarat,2011-06-04,2023-11-08,ACTIVE
103399,Customer_03399,BUSINESS,Mumbai,Maharashtra,1981-04-07,2025-09-03,ACTIVE
103400,Customer_03400,PREMIUM,Hyderabad,Telangana,2017-08-04,2022-10-09,ACTIVE
103401,Customer_03401,RETAIL,Kolkata,West Bengal,2011-11-10,2022-09-10,ACTIVE
103402,Customer_03402,RETAIL,Ahmedabad,Gujarat,1994-09-12,2021-01-21,ACTIVE
103403,Customer_03403,RETAIL,Pune,Maharashtra,1997-09-10,2020-08-25,ACTIVE
103404,Customer_03404,PREMIUM,Ahmedabad,Gujarat,1982-05-27,2025-01-01,ACTIVE
103405,Customer_03405,BUSINESS,Bangalore,Karnataka,2017-08-13,2024-02-27,ACTIVE
103406,Customer_03406,PREMIUM,Delhi,Delhi,1983-04-22,2023-07-01,ACTIVE
103407,Customer_03407,RETAIL,Delhi,Delhi,2017-01-17,2022-12-01,ACTIVE
103408,Customer_03408,PREMIUM,Hyderabad,Telangana,2006-01-16,2023-06-02,ACTIVE
103409,Customer_03409,PREMIUM,Hyderabad,Telangana,2016-11-22,2025-07-22,INACTIVE
103410,Customer_03410,PREMIUM,Bangalore,Karnataka,1994-05-23,2021-03-30,ACTIVE
103411,Customer_03411,PREMIUM,Mumbai,Maharashtra,2015-12-13,2023-04-12,ACTIVE
103412,Customer_03412,RETAIL,Ahmedabad,Gujarat,1996-08-30,2021-08-01,ACTIVE
103413,Customer_03413,RETAIL,Pune,Maharashtra,1993-07-17,2020-09-08,ACTIVE
103414,Customer_03414,RETAIL,Mumbai,Maharashtra,1993-01-02,2024-07-20,ACTIVE
103415,Customer_03415,RETAIL,Chennai,Tamil Nadu,2018-04-05,2024-08-18,ACTIVE
103416,Customer_03416,PREMIUM,Bangalore,Karnataka,1998-04-14,2025-08-06,ACTIVE
103417,Customer_03417,BUSINESS,Chennai,Tamil Nadu,1998-10-26,2020-02-21,ACTIVE
103418,Customer_03418,PREMIUM,Ahmedabad,Gujarat,2005-08-05,2021-03-01,ACTIVE
103419,Customer_03419,RETAIL,Mumbai,Maharashtra,2001-12-28,2023-10-10,ACTIVE
103420,Customer_03420,RETAIL,Delhi,Delhi,2001-05-22,2025-05-03,ACTIVE
103421,Customer_03421,RETAIL,Chennai,Tamil Nadu,1994-09-24,2026-03-06,ACTIVE
103422,Customer_03422,PREMIUM,Kolkata,West Bengal,1985-11-28,2025-03-06,ACTIVE
103423,Customer_03423,PREMIUM,Chennai,Tamil Nadu,2020-01-04,2025-12-11,ACTIVE
103424,Customer_03424,BUSINESS,Bangalore,Karnataka,1999-05-05,2025-05-09,ACTIVE
103425,Customer_03425,RETAIL,Chennai,Tamil Nadu,2019-02-03,2022-01-27,ACTIVE
103426,Customer_03426,RETAIL,Ahmedabad,Gujarat,1998-01-30,2023-10-28,ACTIVE
103427,Customer_03427,PREMIUM,Bangalore,Karnataka,2003-10-13,2024-03-04,ACTIVE
103428,Customer_03428,RETAIL,Ahmedabad,Gujarat,2001-07-30,2022-04-24,ACTIVE
103429,Customer_03429,BUSINESS,Kolkata,West Bengal,2018-10-29,2025-10-26,ACTIVE
103430,Customer_03430,RETAIL,Delhi,Delhi,1983-09-17,2025-01-24,ACTIVE
103431,Customer_03431,RETAIL,Pune,Maharashtra,2000-06-01,2023-05-25,ACTIVE
103432,Customer_03432,RETAIL,Kolkata,West Bengal,1985-06-20,2023-02-25,ACTIVE
103433,Customer_03433,PREMIUM,Pune,Maharashtra,2014-10-24,2025-03-17,ACTIVE
103434,Customer_03434,RETAIL,Delhi,Delhi,2000-12-09,2021-06-16,INACTIVE
103435,Customer_03435,PREMIUM,Pune,Maharashtra,2017-01-26,2021-06-08,ACTIVE
103436,Customer_03436,PREMIUM,Chennai,Tamil Nadu,1990-06-23,2022-08-23,ACTIVE
103437,Customer_03437,RETAIL,Delhi,Delhi,1985-11-08,2020-11-02,INACTIVE
103438,Customer_03438,PREMIUM,Hyderabad,Telangana,2004-12-30,2023-01-03,ACTIVE
103439,Customer_03439,BUSINESS,Ahmedabad,Gujarat,1985-02-24,2022-11-03,INACTIVE
103440,Customer_03440,RETAIL,Kolkata,West Bengal,1994-06-22,2023-04-27,ACTIVE
103441,Customer_03441,PREMIUM,Ahmedabad,Gujarat,1992-01-20,2023-01-12,ACTIVE
103442,Customer_03442,RETAIL,Mumbai,Maharashtra,1988-03-25,2025-11-24,ACTIVE
103443,Customer_03443,RETAIL,Bangalore,Karnataka,1984-07-13,2021-10-20,ACTIVE
103444,Customer_03444,RETAIL,Pune,Maharashtra,2006-02-13,2022-09-13,ACTIVE
103445,Customer_03445,PREMIUM,Ahmedabad,Gujarat,2010-04-20,2024-11-06,ACTIVE
103446,Customer_03446,RETAIL,Hyderabad,Telangana,1995-05-05,2021-11-14,ACTIVE
103447,Customer_03447,RETAIL,Delhi,Delhi,1990-09-15,2024-04-24,ACTIVE
103448,Customer_03448,PREMIUM,Chennai,Tamil Nadu,1985-08-21,2026-04-28,ACTIVE
103449,Customer_03449,RETAIL,Chennai,Tamil Nadu,2006-12-20,2022-06-19,ACTIVE
103450,Customer_03450,PREMIUM,Bangalore,Karnataka,2012-05-19,2021-08-03,ACTIVE
103451,Customer_03451,BUSINESS,Bangalore,Karnataka,2001-09-02,2021-04-01,ACTIVE
103452,Customer_03452,RETAIL,Mumbai,Maharashtra,1996-11-23,2020-01-27,ACTIVE
103453,Customer_03453,RETAIL,Bangalore,Karnataka,2005-10-16,2021-11-12,ACTIVE
103454,Customer_03454,BUSINESS,Delhi,Delhi,2016-09-29,2025-08-01,ACTIVE
103455,Customer_03455,RETAIL,Kolkata,West Bengal,2019-10-23,2021-09-03,ACTIVE
103456,Customer_03456,RETAIL,Kolkata,West Bengal,1987-02-09,2026-04-09,ACTIVE
103457,Customer_03457,BUSINESS,Kolkata,West Bengal,1998-09-28,2026-04-06,ACTIVE
103458,Customer_03458,PREMIUM,Mumbai,Maharashtra,2015-02-26,2024-06-25,ACTIVE
103459,Customer_03459,PREMIUM,Kolkata,West Bengal,2005-02-25,2026-06-12,ACTIVE
103460,Customer_03460,RETAIL,Bangalore,Karnataka,2012-09-02,2022-09-05,ACTIVE
103461,Customer_03461,BUSINESS,Bangalore,Karnataka,2020-01-23,2026-04-14,ACTIVE
103462,Customer_03462,PREMIUM,Ahmedabad,Gujarat,1983-06-07,2023-07-29,ACTIVE
103463,Customer_03463,PREMIUM,Kolkata,West Bengal,2004-04-24,2020-07-12,ACTIVE
103464,Customer_03464,PREMIUM,Mumbai,Maharashtra,2000-12-31,2025-06-19,ACTIVE
103465,Customer_03465,PREMIUM,Delhi,Delhi,1990-11-09,2026-03-31,ACTIVE
103466,Customer_03466,RETAIL,Hyderabad,Telangana,2006-01-04,2025-10-25,ACTIVE
103467,Customer_03467,RETAIL,Chennai,Tamil Nadu,1983-06-06,2022-09-27,ACTIVE
103468,Customer_03468,RETAIL,Delhi,Delhi,1999-07-07,2020-09-03,ACTIVE
103469,Customer_03469,RETAIL,Chennai,Tamil Nadu,1996-03-12,2023-11-06,ACTIVE
103470,Customer_03470,RETAIL,Kolkata,West Bengal,1995-03-11,2025-09-14,ACTIVE
103471,Customer_03471,RETAIL,Pune,Maharashtra,2004-05-21,2025-07-10,ACTIVE
103472,Customer_03472,PREMIUM,Hyderabad,Telangana,2017-12-04,2024-01-21,ACTIVE
103473,Customer_03473,RETAIL,Hyderabad,Telangana,2018-01-27,2025-03-02,INACTIVE
103474,Customer_03474,RETAIL,Ahmedabad,Gujarat,2007-12-12,2020-03-18,ACTIVE
103475,Customer_03475,RETAIL,Delhi,Delhi,1992-10-04,2024-02-05,ACTIVE
103476,Customer_03476,RETAIL,Pune,Maharashtra,2018-10-31,2020-09-17,ACTIVE
103477,Customer_03477,PREMIUM,Chennai,Tamil Nadu,2020-03-01,2024-12-03,INACTIVE
103478,Customer_03478,RETAIL,Chennai,Tamil Nadu,2013-12-01,2020-04-19,ACTIVE
103479,Customer_03479,RETAIL,Bangalore,Karnataka,2015-01-09,2023-11-28,ACTIVE
103480,Customer_03480,PREMIUM,Kolkata,West Bengal,2012-09-20,2026-03-26,ACTIVE
103481,Customer_03481,RETAIL,Kolkata,West Bengal,2010-05-19,2020-09-25,ACTIVE
103482,Customer_03482,RETAIL,Pune,Maharashtra,2008-12-18,2022-10-20,ACTIVE
103483,Customer_03483,PREMIUM,Kolkata,West Bengal,2005-05-19,2020-04-08,ACTIVE
103484,Customer_03484,RETAIL,Pune,Maharashtra,2005-09-12,2024-09-13,ACTIVE
103485,Customer_03485,PREMIUM,Bangalore,Karnataka,1995-03-04,2026-01-29,ACTIVE
103486,Customer_03486,PREMIUM,Mumbai,Maharashtra,2015-08-02,2020-01-05,ACTIVE
103487,Customer_03487,BUSINESS,Delhi,Delhi,2005-03-24,2023-08-03,ACTIVE
103488,Customer_03488,RETAIL,Ahmedabad,Gujarat,2004-05-10,2025-03-18,ACTIVE
103489,Customer_03489,PREMIUM,Bangalore,Karnataka,2009-08-18,2020-03-01,ACTIVE
103490,Customer_03490,PREMIUM,Hyderabad,Telangana,1982-04-04,2023-03-02,ACTIVE
103491,Customer_03491,RETAIL,Mumbai,Maharashtra,2016-11-25,2020-11-05,ACTIVE
103492,Customer_03492,BUSINESS,Hyderabad,Telangana,2003-02-02,2026-01-25,ACTIVE
103493,Customer_03493,RETAIL,Delhi,Delhi,2017-12-12,2023-05-07,ACTIVE
103494,Customer_03494,PREMIUM,Hyderabad,Telangana,1983-05-22,2023-06-04,ACTIVE
103495,Customer_03495,RETAIL,Ahmedabad,Gujarat,1988-10-04,2026-07-21,ACTIVE
103496,Customer_03496,RETAIL,Chennai,Tamil Nadu,2018-02-24,2025-03-08,ACTIVE
103497,Customer_03497,RETAIL,Mumbai,Maharashtra,2007-08-14,2022-01-23,ACTIVE
103498,Customer_03498,BUSINESS,Bangalore,Karnataka,2005-09-21,2024-02-19,ACTIVE
103499,Customer_03499,RETAIL,Mumbai,Maharashtra,1995-10-08,2021-12-13,ACTIVE
103500,Customer_03500,RETAIL,Bangalore,Karnataka,2001-12-25,2023-06-03,ACTIVE
103501,Customer_03501,RETAIL,Mumbai,Maharashtra,2001-08-07,2025-05-03,ACTIVE
103502,Customer_03502,PREMIUM,Hyderabad,Telangana,1987-04-16,2026-03-25,ACTIVE
103503,Customer_03503,RETAIL,Delhi,Delhi,2002-06-07,2026-04-02,ACTIVE
103504,Customer_03504,RETAIL,Pune,Maharashtra,2000-05-06,2023-04-04,ACTIVE
103505,Customer_03505,PREMIUM,Mumbai,Maharashtra,1992-01-09,2025-11-18,ACTIVE
103506,Customer_03506,RETAIL,Ahmedabad,Gujarat,1993-03-25,2025-11-11,ACTIVE
103507,Customer_03507,RETAIL,Kolkata,West Bengal,2010-09-13,2023-08-04,ACTIVE
103508,Customer_03508,RETAIL,Kolkata,West Bengal,2006-11-25,2020-03-27,ACTIVE
103509,Customer_03509,BUSINESS,Mumbai,Maharashtra,1998-06-18,2020-10-12,INACTIVE
103510,Customer_03510,PREMIUM,Delhi,Delhi,2003-12-27,2024-04-26,ACTIVE
103511,Customer_03511,RETAIL,Ahmedabad,Gujarat,1989-01-26,2025-06-15,ACTIVE
103512,Customer_03512,RETAIL,Chennai,Tamil Nadu,1999-09-02,2025-12-27,ACTIVE
103513,Customer_03513,RETAIL,Pune,Maharashtra,2002-03-27,2021-08-06,ACTIVE
103514,Customer_03514,BUSINESS,Pune,Maharashtra,1989-07-18,2025-11-28,ACTIVE
103515,Customer_03515,RETAIL,Delhi,Delhi,1986-02-15,2025-06-06,ACTIVE
103516,Customer_03516,RETAIL,Ahmedabad,Gujarat,2000-10-03,2023-03-10,ACTIVE
103517,Customer_03517,BUSINESS,Pune,Maharashtra,2017-10-19,2022-06-16,INACTIVE
103518,Customer_03518,RETAIL,Ahmedabad,Gujarat,1998-02-15,2023-02-07,ACTIVE
103519,Customer_03519,RETAIL,Hyderabad,Telangana,2016-03-08,2024-06-09,INACTIVE
103520,Customer_03520,RETAIL,Ahmedabad,Gujarat,2014-02-14,2025-04-29,ACTIVE
103521,Customer_03521,RETAIL,Kolkata,West Bengal,2009-10-01,2021-02-15,INACTIVE
103522,Customer_03522,RETAIL,Delhi,Delhi,2015-11-23,2022-03-15,ACTIVE
103523,Customer_03523,BUSINESS,Kolkata,West Bengal,1996-01-21,2020-10-15,ACTIVE
103524,Customer_03524,RETAIL,Pune,Maharashtra,2010-05-06,2026-02-27,ACTIVE
103525,Customer_03525,RETAIL,Delhi,Delhi,1985-02-09,2022-09-03,ACTIVE
103526,Customer_03526,PREMIUM,Pune,Maharashtra,1992-04-16,2021-08-24,ACTIVE
103527,Customer_03527,PREMIUM,Pune,Maharashtra,2002-06-08,2021-05-02,ACTIVE
103528,Customer_03528,PREMIUM,Mumbai,Maharashtra,1980-09-23,2020-06-27,ACTIVE
103529,Customer_03529,PREMIUM,Pune,Maharashtra,2010-08-04,2023-02-05,ACTIVE
103530,Customer_03530,RETAIL,Mumbai,Maharashtra,2017-03-02,2025-01-26,ACTIVE
103531,Customer_03531,RETAIL,Bangalore,Karnataka,1983-06-28,2022-02-14,ACTIVE
103532,Customer_03532,RETAIL,Mumbai,Maharashtra,2019-11-27,2022-08-29,ACTIVE
103533,Customer_03533,RETAIL,Mumbai,Maharashtra,1982-10-14,2024-03-07,ACTIVE
103534,Customer_03534,BUSINESS,Ahmedabad,Gujarat,1984-05-19,2022-05-03,ACTIVE
103535,Customer_03535,PREMIUM,Mumbai,Maharashtra,2010-06-23,2024-11-08,ACTIVE
103536,Customer_03536,RETAIL,Mumbai,Maharashtra,2007-04-28,2022-02-09,ACTIVE
103537,Customer_03537,RETAIL,Mumbai,Maharashtra,2017-08-09,2022-12-06,ACTIVE
103538,Customer_03538,BUSINESS,Pune,Maharashtra,1996-08-16,2026-06-11,INACTIVE
103539,Customer_03539,RETAIL,Chennai,Tamil Nadu,2002-09-04,2025-06-29,ACTIVE
103540,Customer_03540,RETAIL,Kolkata,West Bengal,1985-04-06,2023-10-04,ACTIVE
103541,Customer_03541,RETAIL,Hyderabad,Telangana,2007-07-30,2022-07-29,ACTIVE
103542,Customer_03542,RETAIL,Chennai,Tamil Nadu,2020-02-26,2026-07-08,ACTIVE
103543,Customer_03543,RETAIL,Mumbai,Maharashtra,2003-09-04,2023-01-15,INACTIVE
103544,Customer_03544,BUSINESS,Kolkata,West Bengal,2017-06-28,2022-04-04,INACTIVE
103545,Customer_03545,RETAIL,Mumbai,Maharashtra,1995-04-30,2023-12-01,ACTIVE
103546,Customer_03546,RETAIL,Hyderabad,Telangana,2019-07-09,2022-09-20,ACTIVE
103547,Customer_03547,PREMIUM,Bangalore,Karnataka,2001-03-16,2025-11-04,ACTIVE
103548,Customer_03548,RETAIL,Ahmedabad,Gujarat,1985-01-27,2021-05-23,ACTIVE
103549,Customer_03549,PREMIUM,Delhi,Delhi,1994-01-20,2020-04-30,ACTIVE
103550,Customer_03550,PREMIUM,Hyderabad,Telangana,1999-05-14,2022-10-29,INACTIVE
103551,Customer_03551,RETAIL,Bangalore,Karnataka,1981-12-01,2026-03-25,ACTIVE
103552,Customer_03552,RETAIL,Chennai,Tamil Nadu,2015-12-14,2020-05-28,ACTIVE
103553,Customer_03553,PREMIUM,Ahmedabad,Gujarat,1988-12-26,2025-04-23,ACTIVE
103554,Customer_03554,PREMIUM,Hyderabad,Telangana,2006-11-22,2020-01-02,ACTIVE
103555,Customer_03555,PREMIUM,Bangalore,Karnataka,2016-12-11,2023-08-31,ACTIVE
103556,Customer_03556,RETAIL,Bangalore,Karnataka,1997-01-05,2022-12-23,ACTIVE
103557,Customer_03557,PREMIUM,Hyderabad,Telangana,2004-03-09,2021-01-18,ACTIVE
103558,Customer_03558,PREMIUM,Delhi,Delhi,2000-05-20,2024-11-25,ACTIVE
103559,Customer_03559,RETAIL,Pune,Maharashtra,2010-07-19,2021-02-24,ACTIVE
103560,Customer_03560,PREMIUM,Bangalore,Karnataka,1980-10-01,2022-11-14,ACTIVE
103561,Customer_03561,RETAIL,Mumbai,Maharashtra,1993-12-07,2023-09-01,ACTIVE
103562,Customer_03562,RETAIL,Pune,Maharashtra,2004-04-11,2023-05-28,ACTIVE
103563,Customer_03563,PREMIUM,Bangalore,Karnataka,1982-12-01,2020-03-17,ACTIVE
103564,Customer_03564,RETAIL,Kolkata,West Bengal,2014-06-21,2022-12-05,ACTIVE
103565,Customer_03565,RETAIL,Kolkata,West Bengal,2005-02-13,2024-04-20,ACTIVE
103566,Customer_03566,RETAIL,Delhi,Delhi,1979-04-12,2023-06-18,ACTIVE
103567,Customer_03567,PREMIUM,Bangalore,Karnataka,1979-08-31,2024-10-18,ACTIVE
103568,Customer_03568,RETAIL,Pune,Maharashtra,1985-09-25,2025-02-04,ACTIVE
103569,Customer_03569,PREMIUM,Kolkata,West Bengal,2006-06-06,2021-03-06,ACTIVE
103570,Customer_03570,PREMIUM,Pune,Maharashtra,2000-06-08,2025-04-13,ACTIVE
103571,Customer_03571,RETAIL,Kolkata,West Bengal,1998-12-21,2025-11-17,ACTIVE
103572,Customer_03572,BUSINESS,Kolkata,West Bengal,2002-03-15,2025-07-04,ACTIVE
103573,Customer_03573,PREMIUM,Hyderabad,Telangana,1999-06-25,2025-08-05,ACTIVE
103574,Customer_03574,RETAIL,Delhi,Delhi,1993-04-07,2021-05-24,ACTIVE
103575,Customer_03575,BUSINESS,Ahmedabad,Gujarat,1979-06-19,2024-04-13,ACTIVE
103576,Customer_03576,RETAIL,Hyderabad,Telangana,1980-04-24,2023-01-03,ACTIVE
103577,Customer_03577,RETAIL,Hyderabad,Telangana,2007-06-18,2026-06-19,ACTIVE
103578,Customer_03578,RETAIL,Kolkata,West Bengal,2009-09-14,2025-06-17,ACTIVE
103579,Customer_03579,RETAIL,Ahmedabad,Gujarat,1989-01-05,2021-01-22,ACTIVE
103580,Customer_03580,RETAIL,Mumbai,Maharashtra,1989-02-20,2026-03-10,ACTIVE
103581,Customer_03581,RETAIL,Ahmedabad,Gujarat,1995-11-30,2024-07-31,ACTIVE
103582,Customer_03582,RETAIL,Kolkata,West Bengal,2005-08-20,2023-07-27,ACTIVE
103583,Customer_03583,RETAIL,Pune,Maharashtra,2003-07-16,2022-12-06,ACTIVE
103584,Customer_03584,RETAIL,Delhi,Delhi,2002-02-16,2023-03-29,ACTIVE
103585,Customer_03585,PREMIUM,Kolkata,West Bengal,1980-09-02,2025-01-24,ACTIVE
103586,Customer_03586,RETAIL,Pune,Maharashtra,1996-11-09,2025-01-09,ACTIVE
103587,Customer_03587,RETAIL,Bangalore,Karnataka,2010-01-27,2023-08-17,ACTIVE
103588,Customer_03588,RETAIL,Hyderabad,Telangana,2003-05-29,2026-07-08,ACTIVE
103589,Customer_03589,RETAIL,Hyderabad,Telangana,2012-04-20,2021-07-11,ACTIVE
103590,Customer_03590,RETAIL,Ahmedabad,Gujarat,2007-09-16,2022-10-19,ACTIVE
103591,Customer_03591,RETAIL,Mumbai,Maharashtra,2016-02-11,2023-12-07,ACTIVE
103592,Customer_03592,RETAIL,Delhi,Delhi,2002-08-31,2021-01-31,ACTIVE
103593,Customer_03593,PREMIUM,Ahmedabad,Gujarat,2002-07-18,2023-04-12,ACTIVE
103594,Customer_03594,RETAIL,Chennai,Tamil Nadu,2002-01-22,2025-06-25,ACTIVE
103595,Customer_03595,RETAIL,Pune,Maharashtra,1990-01-11,2024-06-09,ACTIVE
103596,Customer_03596,PREMIUM,Delhi,Delhi,1997-01-27,2024-09-01,ACTIVE
103597,Customer_03597,PREMIUM,Delhi,Delhi,1986-02-03,2021-01-23,ACTIVE
103598,Customer_03598,RETAIL,Chennai,Tamil Nadu,1996-10-28,2020-12-14,ACTIVE
103599,Customer_03599,RETAIL,Delhi,Delhi,1985-04-25,2022-11-26,ACTIVE
103600,Customer_03600,RETAIL,Chennai,Tamil Nadu,1999-04-30,2022-02-15,ACTIVE
103601,Customer_03601,RETAIL,Bangalore,Karnataka,2018-05-08,2020-01-25,ACTIVE
103602,Customer_03602,RETAIL,Chennai,Tamil Nadu,1997-09-24,2023-08-20,ACTIVE
103603,Customer_03603,RETAIL,Pune,Maharashtra,2009-07-01,2024-12-15,ACTIVE
103604,Customer_03604,BUSINESS,Chennai,Tamil Nadu,1997-03-12,2024-10-21,ACTIVE
103605,Customer_03605,PREMIUM,Ahmedabad,Gujarat,2016-05-14,2020-09-04,ACTIVE
103606,Customer_03606,RETAIL,Pune,Maharashtra,1987-10-21,2025-02-16,ACTIVE
103607,Customer_03607,RETAIL,Delhi,Delhi,2013-06-05,2022-07-02,ACTIVE
103608,Customer_03608,PREMIUM,Hyderabad,Telangana,2008-12-06,2021-01-08,ACTIVE
103609,Customer_03609,RETAIL,Chennai,Tamil Nadu,2015-08-31,2023-02-06,ACTIVE
103610,Customer_03610,RETAIL,Hyderabad,Telangana,1984-08-16,2021-06-04,ACTIVE
103611,Customer_03611,RETAIL,Chennai,Tamil Nadu,2015-11-29,2024-06-02,ACTIVE
103612,Customer_03612,PREMIUM,Hyderabad,Telangana,2016-06-25,2024-11-20,ACTIVE
103613,Customer_03613,RETAIL,Chennai,Tamil Nadu,1991-04-27,2024-10-07,ACTIVE
103614,Customer_03614,RETAIL,Mumbai,Maharashtra,2004-10-28,2020-10-05,ACTIVE
103615,Customer_03615,RETAIL,Kolkata,West Bengal,2003-04-04,2022-04-16,INACTIVE
103616,Customer_03616,RETAIL,Bangalore,Karnataka,1981-03-04,2023-04-10,ACTIVE
103617,Customer_03617,RETAIL,Mumbai,Maharashtra,2000-09-26,2026-06-21,ACTIVE
103618,Customer_03618,PREMIUM,Bangalore,Karnataka,2006-03-24,2023-08-03,ACTIVE
103619,Customer_03619,RETAIL,Bangalore,Karnataka,1987-08-03,2024-04-17,ACTIVE
103620,Customer_03620,PREMIUM,Mumbai,Maharashtra,1994-01-04,2022-03-25,ACTIVE
103621,Customer_03621,BUSINESS,Ahmedabad,Gujarat,2003-03-17,2021-12-09,ACTIVE
103622,Customer_03622,RETAIL,Pune,Maharashtra,2017-05-07,2025-03-26,ACTIVE
103623,Customer_03623,RETAIL,Delhi,Delhi,1981-08-26,2025-06-25,ACTIVE
103624,Customer_03624,PREMIUM,Bangalore,Karnataka,2017-08-10,2020-05-12,ACTIVE
103625,Customer_03625,RETAIL,Kolkata,West Bengal,2012-09-06,2023-07-17,ACTIVE
103626,Customer_03626,RETAIL,Hyderabad,Telangana,2013-11-26,2025-02-08,ACTIVE
103627,Customer_03627,RETAIL,Kolkata,West Bengal,1981-02-13,2021-01-13,ACTIVE
103628,Customer_03628,BUSINESS,Pune,Maharashtra,2002-06-26,2024-03-30,ACTIVE
103629,Customer_03629,RETAIL,Kolkata,West Bengal,1994-04-21,2023-02-10,ACTIVE
103630,Customer_03630,PREMIUM,Kolkata,West Bengal,2016-11-29,2023-05-02,ACTIVE
103631,Customer_03631,RETAIL,Bangalore,Karnataka,2009-08-04,2023-11-26,ACTIVE
103632,Customer_03632,RETAIL,Chennai,Tamil Nadu,2005-11-07,2025-09-24,ACTIVE
103633,Customer_03633,RETAIL,Mumbai,Maharashtra,1980-04-21,2020-07-27,ACTIVE
103634,Customer_03634,RETAIL,Kolkata,West Bengal,2015-02-07,2021-04-30,ACTIVE
103635,Customer_03635,RETAIL,Ahmedabad,Gujarat,1999-04-11,2022-04-08,ACTIVE
103636,Customer_03636,RETAIL,Bangalore,Karnataka,1985-09-26,2025-04-05,ACTIVE
103637,Customer_03637,RETAIL,Chennai,Tamil Nadu,2015-01-22,2023-11-22,ACTIVE
103638,Customer_03638,RETAIL,Bangalore,Karnataka,2016-04-18,2021-03-26,ACTIVE
103639,Customer_03639,RETAIL,Mumbai,Maharashtra,1999-07-24,2020-02-26,ACTIVE
103640,Customer_03640,RETAIL,Chennai,Tamil Nadu,2006-05-02,2026-07-05,ACTIVE
103641,Customer_03641,RETAIL,Hyderabad,Telangana,2004-03-26,2020-11-26,ACTIVE
103642,Customer_03642,BUSINESS,Ahmedabad,Gujarat,1991-08-15,2020-03-19,ACTIVE
103643,Customer_03643,RETAIL,Ahmedabad,Gujarat,2009-11-24,2022-09-02,ACTIVE
103644,Customer_03644,RETAIL,Bangalore,Karnataka,2020-02-22,2023-08-20,INACTIVE
103645,Customer_03645,RETAIL,Ahmedabad,Gujarat,2017-07-12,2021-09-12,ACTIVE
103646,Customer_03646,RETAIL,Chennai,Tamil Nadu,2007-05-17,2021-02-07,ACTIVE
103647,Customer_03647,PREMIUM,Hyderabad,Telangana,1993-12-17,2020-07-26,ACTIVE
103648,Customer_03648,RETAIL,Chennai,Tamil Nadu,2016-06-21,2022-09-06,ACTIVE
103649,Customer_03649,RETAIL,Ahmedabad,Gujarat,2017-04-02,2026-04-03,ACTIVE
103650,Customer_03650,RETAIL,Hyderabad,Telangana,1979-05-24,2020-12-21,ACTIVE
103651,Customer_03651,RETAIL,Mumbai,Maharashtra,1993-01-23,2023-10-06,ACTIVE
103652,Customer_03652,BUSINESS,Mumbai,Maharashtra,2001-11-06,2021-04-10,ACTIVE
103653,Customer_03653,BUSINESS,Bangalore,Karnataka,2002-11-23,2024-06-04,ACTIVE
103654,Customer_03654,RETAIL,Chennai,Tamil Nadu,2008-06-04,2020-05-26,ACTIVE
103655,Customer_03655,RETAIL,Hyderabad,Telangana,2000-04-04,2021-05-02,ACTIVE
103656,Customer_03656,RETAIL,Bangalore,Karnataka,1979-09-24,2020-01-20,ACTIVE
103657,Customer_03657,RETAIL,Chennai,Tamil Nadu,1985-12-21,2024-04-05,ACTIVE
103658,Customer_03658,RETAIL,Ahmedabad,Gujarat,2010-06-25,2024-09-22,ACTIVE
103659,Customer_03659,RETAIL,Delhi,Delhi,2007-08-22,2021-02-15,ACTIVE
103660,Customer_03660,RETAIL,Bangalore,Karnataka,2005-12-01,2022-12-24,ACTIVE
103661,Customer_03661,RETAIL,Chennai,Tamil Nadu,1997-04-09,2021-12-04,ACTIVE
103662,Customer_03662,RETAIL,Bangalore,Karnataka,1990-06-13,2020-04-19,ACTIVE
103663,Customer_03663,BUSINESS,Ahmedabad,Gujarat,1991-10-25,2020-03-30,ACTIVE
103664,Customer_03664,BUSINESS,Ahmedabad,Gujarat,2007-06-17,2026-03-03,ACTIVE
103665,Customer_03665,RETAIL,Chennai,Tamil Nadu,1999-11-16,2024-04-02,ACTIVE
103666,Customer_03666,PREMIUM,Bangalore,Karnataka,1984-07-16,2024-05-16,ACTIVE
103667,Customer_03667,RETAIL,Chennai,Tamil Nadu,1995-07-28,2021-12-09,ACTIVE
103668,Customer_03668,PREMIUM,Pune,Maharashtra,2013-01-02,2021-09-26,ACTIVE
103669,Customer_03669,RETAIL,Bangalore,Karnataka,2003-10-07,2025-03-22,ACTIVE
103670,Customer_03670,PREMIUM,Pune,Maharashtra,2014-09-27,2022-11-18,ACTIVE
103671,Customer_03671,RETAIL,Pune,Maharashtra,2000-01-20,2020-09-02,ACTIVE
103672,Customer_03672,RETAIL,Mumbai,Maharashtra,1999-02-07,2023-03-20,ACTIVE
103673,Customer_03673,BUSINESS,Chennai,Tamil Nadu,2018-02-25,2023-06-05,ACTIVE
103674,Customer_03674,RETAIL,Mumbai,Maharashtra,2000-01-02,2023-09-29,ACTIVE
103675,Customer_03675,RETAIL,Hyderabad,Telangana,1984-09-18,2023-07-12,ACTIVE
103676,Customer_03676,PREMIUM,Bangalore,Karnataka,1995-09-04,2025-08-19,ACTIVE
103677,Customer_03677,PREMIUM,Delhi,Delhi,2005-10-06,2021-08-09,INACTIVE
103678,Customer_03678,PREMIUM,Kolkata,West Bengal,1993-05-07,2023-11-16,ACTIVE
103679,Customer_03679,PREMIUM,Chennai,Tamil Nadu,1996-01-05,2025-10-31,ACTIVE
103680,Customer_03680,PREMIUM,Hyderabad,Telangana,2015-01-05,2026-06-06,ACTIVE
103681,Customer_03681,RETAIL,Hyderabad,Telangana,1997-01-13,2026-05-04,ACTIVE
103682,Customer_03682,RETAIL,Mumbai,Maharashtra,1991-09-08,2024-10-10,ACTIVE
103683,Customer_03683,PREMIUM,Pune,Maharashtra,1983-08-05,2020-09-13,ACTIVE
103684,Customer_03684,PREMIUM,Chennai,Tamil Nadu,1995-09-16,2026-06-30,ACTIVE
103685,Customer_03685,RETAIL,Ahmedabad,Gujarat,2010-08-25,2020-03-18,ACTIVE
103686,Customer_03686,RETAIL,Pune,Maharashtra,1991-06-25,2023-08-14,ACTIVE
103687,Customer_03687,PREMIUM,Mumbai,Maharashtra,1998-06-29,2022-12-08,ACTIVE
103688,Customer_03688,RETAIL,Ahmedabad,Gujarat,2006-02-18,2024-06-16,ACTIVE
103689,Customer_03689,RETAIL,Ahmedabad,Gujarat,2017-04-10,2025-02-21,ACTIVE
103690,Customer_03690,PREMIUM,Pune,Maharashtra,2012-08-08,2024-11-05,ACTIVE
103691,Customer_03691,RETAIL,Bangalore,Karnataka,1990-12-02,2021-06-28,ACTIVE
103692,Customer_03692,RETAIL,Hyderabad,Telangana,1985-11-30,2024-12-16,ACTIVE
103693,Customer_03693,RETAIL,Pune,Maharashtra,2006-09-17,2024-12-23,ACTIVE
103694,Customer_03694,RETAIL,Delhi,Delhi,1989-08-17,2020-02-28,ACTIVE
103695,Customer_03695,PREMIUM,Bangalore,Karnataka,1995-04-13,2024-03-09,INACTIVE
103696,Customer_03696,RETAIL,Hyderabad,Telangana,1983-06-10,2020-11-01,ACTIVE
103697,Customer_03697,RETAIL,Delhi,Delhi,2010-12-19,2023-09-10,ACTIVE
103698,Customer_03698,RETAIL,Bangalore,Karnataka,1985-09-28,2021-06-30,ACTIVE
103699,Customer_03699,RETAIL,Delhi,Delhi,1994-10-18,2022-05-10,ACTIVE
103700,Customer_03700,RETAIL,Kolkata,West Bengal,1995-11-16,2021-10-13,ACTIVE
103701,Customer_03701,RETAIL,Pune,Maharashtra,1980-11-29,2025-08-31,ACTIVE
103702,Customer_03702,RETAIL,Pune,Maharashtra,2011-01-11,2025-12-12,ACTIVE
103703,Customer_03703,RETAIL,Pune,Maharashtra,2004-07-26,2025-03-30,ACTIVE
103704,Customer_03704,RETAIL,Ahmedabad,Gujarat,2001-05-29,2024-09-30,ACTIVE
103705,Customer_03705,RETAIL,Ahmedabad,Gujarat,1986-06-22,2022-05-21,ACTIVE
103706,Customer_03706,RETAIL,Chennai,Tamil Nadu,1981-05-09,2020-12-09,ACTIVE
103707,Customer_03707,RETAIL,Pune,Maharashtra,1981-06-13,2023-09-25,ACTIVE
103708,Customer_03708,RETAIL,Kolkata,West Bengal,2004-11-01,2022-10-20,ACTIVE
103709,Customer_03709,RETAIL,Bangalore,Karnataka,2009-11-15,2021-11-08,ACTIVE
103710,Customer_03710,RETAIL,Kolkata,West Bengal,2011-10-29,2021-08-06,ACTIVE
103711,Customer_03711,PREMIUM,Delhi,Delhi,2012-01-13,2021-01-21,ACTIVE
103712,Customer_03712,RETAIL,Ahmedabad,Gujarat,1995-04-29,2025-06-14,ACTIVE
103713,Customer_03713,PREMIUM,Kolkata,West Bengal,1979-03-22,2022-02-10,ACTIVE
103714,Customer_03714,PREMIUM,Pune,Maharashtra,1989-03-24,2026-01-11,ACTIVE
103715,Customer_03715,RETAIL,Hyderabad,Telangana,2011-06-27,2024-05-26,ACTIVE
103716,Customer_03716,RETAIL,Delhi,Delhi,2010-07-16,2021-01-29,ACTIVE
103717,Customer_03717,RETAIL,Delhi,Delhi,2000-01-04,2020-05-30,ACTIVE
103718,Customer_03718,RETAIL,Delhi,Delhi,1980-02-23,2022-09-26,ACTIVE
103719,Customer_03719,RETAIL,Hyderabad,Telangana,2011-01-23,2020-07-14,ACTIVE
103720,Customer_03720,RETAIL,Delhi,Delhi,2012-08-28,2026-04-05,ACTIVE
103721,Customer_03721,PREMIUM,Hyderabad,Telangana,1988-06-26,2025-12-17,ACTIVE
103722,Customer_03722,RETAIL,Chennai,Tamil Nadu,2012-03-11,2024-04-26,ACTIVE
103723,Customer_03723,PREMIUM,Kolkata,West Bengal,2005-06-09,2021-12-04,ACTIVE
103724,Customer_03724,PREMIUM,Ahmedabad,Gujarat,2015-08-19,2025-09-14,INACTIVE
103725,Customer_03725,RETAIL,Mumbai,Maharashtra,2004-11-22,2024-04-01,ACTIVE
103726,Customer_03726,BUSINESS,Ahmedabad,Gujarat,1982-11-03,2022-05-08,ACTIVE
103727,Customer_03727,BUSINESS,Mumbai,Maharashtra,2005-09-25,2025-10-12,ACTIVE
103728,Customer_03728,RETAIL,Chennai,Tamil Nadu,1983-08-04,2021-05-18,ACTIVE
103729,Customer_03729,RETAIL,Delhi,Delhi,1989-10-15,2023-09-24,ACTIVE
103730,Customer_03730,RETAIL,Hyderabad,Telangana,2015-01-03,2024-07-17,ACTIVE
103731,Customer_03731,RETAIL,Hyderabad,Telangana,2018-12-03,2025-12-18,ACTIVE
103732,Customer_03732,RETAIL,Kolkata,West Bengal,1998-09-06,2020-11-25,ACTIVE
103733,Customer_03733,RETAIL,Bangalore,Karnataka,1991-02-13,2021-11-21,ACTIVE
103734,Customer_03734,RETAIL,Ahmedabad,Gujarat,1995-04-12,2025-07-08,ACTIVE
103735,Customer_03735,PREMIUM,Delhi,Delhi,1989-02-09,2023-04-14,ACTIVE
103736,Customer_03736,RETAIL,Pune,Maharashtra,2002-09-16,2024-12-16,ACTIVE
103737,Customer_03737,RETAIL,Bangalore,Karnataka,1996-06-17,2025-01-30,ACTIVE
103738,Customer_03738,RETAIL,Chennai,Tamil Nadu,1981-07-27,2022-01-01,ACTIVE
103739,Customer_03739,PREMIUM,Hyderabad,Telangana,2004-03-20,2022-03-06,ACTIVE
103740,Customer_03740,RETAIL,Kolkata,West Bengal,2005-08-07,2023-04-11,ACTIVE
103741,Customer_03741,RETAIL,Pune,Maharashtra,2006-07-23,2020-03-08,ACTIVE
103742,Customer_03742,PREMIUM,Delhi,Delhi,2017-12-23,2025-04-02,ACTIVE
103743,Customer_03743,RETAIL,Ahmedabad,Gujarat,2008-01-30,2020-10-04,ACTIVE
103744,Customer_03744,PREMIUM,Bangalore,Karnataka,2006-11-30,2026-02-21,ACTIVE
103745,Customer_03745,RETAIL,Pune,Maharashtra,1987-11-09,2025-02-12,ACTIVE
103746,Customer_03746,RETAIL,Ahmedabad,Gujarat,1998-03-30,2022-04-25,ACTIVE
103747,Customer_03747,PREMIUM,Bangalore,Karnataka,1997-01-03,2020-06-22,INACTIVE
103748,Customer_03748,PREMIUM,Ahmedabad,Gujarat,2018-08-17,2025-03-10,ACTIVE
103749,Customer_03749,PREMIUM,Ahmedabad,Gujarat,1998-08-24,2022-12-12,ACTIVE
103750,Customer_03750,RETAIL,Ahmedabad,Gujarat,2007-06-10,2021-04-11,ACTIVE
103751,Customer_03751,PREMIUM,Chennai,Tamil Nadu,2001-05-14,2022-10-27,ACTIVE
103752,Customer_03752,RETAIL,Kolkata,West Bengal,1981-07-03,2025-12-08,ACTIVE
103753,Customer_03753,PREMIUM,Ahmedabad,Gujarat,2017-08-03,2024-07-10,ACTIVE
103754,Customer_03754,PREMIUM,Delhi,Delhi,2006-09-06,2024-07-05,ACTIVE
103755,Customer_03755,RETAIL,Mumbai,Maharashtra,1988-08-16,2023-05-19,ACTIVE
103756,Customer_03756,RETAIL,Delhi,Delhi,1981-08-13,2021-01-01,ACTIVE
103757,Customer_03757,RETAIL,Hyderabad,Telangana,2017-08-21,2026-03-29,ACTIVE
103758,Customer_03758,RETAIL,Chennai,Tamil Nadu,1991-10-13,2024-11-10,ACTIVE
103759,Customer_03759,RETAIL,Mumbai,Maharashtra,1979-11-13,2023-05-21,ACTIVE
103760,Customer_03760,RETAIL,Chennai,Tamil Nadu,2004-06-13,2024-10-03,ACTIVE
103761,Customer_03761,RETAIL,Pune,Maharashtra,1979-11-02,2022-05-20,ACTIVE
103762,Customer_03762,RETAIL,Chennai,Tamil Nadu,1988-01-08,2024-11-16,ACTIVE
103763,Customer_03763,RETAIL,Chennai,Tamil Nadu,2015-11-09,2026-05-12,ACTIVE
103764,Customer_03764,PREMIUM,Hyderabad,Telangana,1980-09-24,2022-04-07,ACTIVE
103765,Customer_03765,RETAIL,Bangalore,Karnataka,2010-01-20,2020-01-21,ACTIVE
103766,Customer_03766,RETAIL,Bangalore,Karnataka,2004-07-17,2024-11-10,ACTIVE
103767,Customer_03767,PREMIUM,Hyderabad,Telangana,1991-09-24,2025-08-06,ACTIVE
103768,Customer_03768,BUSINESS,Hyderabad,Telangana,1990-11-26,2025-06-06,ACTIVE
103769,Customer_03769,RETAIL,Kolkata,West Bengal,1998-08-31,2026-05-29,ACTIVE
103770,Customer_03770,RETAIL,Delhi,Delhi,2001-01-19,2022-04-13,ACTIVE
103771,Customer_03771,RETAIL,Bangalore,Karnataka,2015-09-24,2026-01-12,ACTIVE
103772,Customer_03772,BUSINESS,Delhi,Delhi,1989-11-21,2021-05-14,ACTIVE
103773,Customer_03773,PREMIUM,Chennai,Tamil Nadu,2003-05-28,2023-11-10,ACTIVE
103774,Customer_03774,PREMIUM,Pune,Maharashtra,2007-05-10,2025-10-31,ACTIVE
103775,Customer_03775,PREMIUM,Bangalore,Karnataka,1979-09-07,2026-01-06,ACTIVE
103776,Customer_03776,RETAIL,Pune,Maharashtra,2015-12-13,2024-01-29,ACTIVE
103777,Customer_03777,RETAIL,Chennai,Tamil Nadu,2019-11-26,2023-08-03,ACTIVE
103778,Customer_03778,PREMIUM,Kolkata,West Bengal,1982-09-20,2023-01-09,ACTIVE
103779,Customer_03779,PREMIUM,Ahmedabad,Gujarat,1989-12-02,2025-09-13,ACTIVE
103780,Customer_03780,RETAIL,Bangalore,Karnataka,2011-06-16,2025-10-12,ACTIVE
103781,Customer_03781,RETAIL,Mumbai,Maharashtra,2012-05-25,2021-07-28,ACTIVE
103782,Customer_03782,RETAIL,Pune,Maharashtra,1985-07-29,2020-11-22,ACTIVE
103783,Customer_03783,BUSINESS,Mumbai,Maharashtra,2016-11-03,2025-05-07,ACTIVE
103784,Customer_03784,RETAIL,Kolkata,West Bengal,1992-09-10,2025-04-29,ACTIVE
103785,Customer_03785,PREMIUM,Ahmedabad,Gujarat,1991-03-22,2020-08-27,ACTIVE
103786,Customer_03786,RETAIL,Chennai,Tamil Nadu,1993-11-03,2023-03-23,ACTIVE
103787,Customer_03787,RETAIL,Pune,Maharashtra,2006-09-29,2023-04-30,ACTIVE
103788,Customer_03788,PREMIUM,Mumbai,Maharashtra,1987-08-21,2020-04-12,ACTIVE
103789,Customer_03789,RETAIL,Ahmedabad,Gujarat,2001-06-16,2024-05-12,ACTIVE
103790,Customer_03790,PREMIUM,Delhi,Delhi,1982-04-03,2026-05-23,ACTIVE
103791,Customer_03791,PREMIUM,Mumbai,Maharashtra,1985-03-13,2021-05-22,ACTIVE
103792,Customer_03792,PREMIUM,Pune,Maharashtra,2010-09-22,2025-02-10,ACTIVE
103793,Customer_03793,RETAIL,Delhi,Delhi,1994-12-03,2020-07-13,ACTIVE
103794,Customer_03794,PREMIUM,Hyderabad,Telangana,2011-10-04,2021-05-30,ACTIVE
103795,Customer_03795,RETAIL,Ahmedabad,Gujarat,2009-06-17,2023-09-18,ACTIVE
103796,Customer_03796,RETAIL,Delhi,Delhi,2020-02-07,2026-01-25,ACTIVE
103797,Customer_03797,RETAIL,Hyderabad,Telangana,1984-10-24,2025-10-26,ACTIVE
103798,Customer_03798,RETAIL,Mumbai,Maharashtra,2017-07-19,2026-02-22,ACTIVE
103799,Customer_03799,RETAIL,Mumbai,Maharashtra,2015-10-18,2026-06-28,ACTIVE
103800,Customer_03800,RETAIL,Mumbai,Maharashtra,1997-01-05,2025-04-05,INACTIVE
103801,Customer_03801,RETAIL,Ahmedabad,Gujarat,1984-09-20,2022-05-22,ACTIVE
103802,Customer_03802,RETAIL,Chennai,Tamil Nadu,1984-08-22,2020-11-01,ACTIVE
103803,Customer_03803,RETAIL,Kolkata,West Bengal,2000-02-21,2025-05-27,ACTIVE
103804,Customer_03804,RETAIL,Mumbai,Maharashtra,1979-08-09,2021-03-23,ACTIVE
103805,Customer_03805,PREMIUM,Mumbai,Maharashtra,1983-02-04,2023-06-03,ACTIVE
103806,Customer_03806,RETAIL,Kolkata,West Bengal,2000-12-28,2024-12-14,ACTIVE
103807,Customer_03807,RETAIL,Mumbai,Maharashtra,2002-04-17,2020-03-24,ACTIVE
103808,Customer_03808,PREMIUM,Pune,Maharashtra,2014-07-04,2026-01-02,ACTIVE
103809,Customer_03809,BUSINESS,Chennai,Tamil Nadu,2019-03-08,2021-12-29,ACTIVE
103810,Customer_03810,PREMIUM,Chennai,Tamil Nadu,1990-03-02,2021-05-31,ACTIVE
103811,Customer_03811,PREMIUM,Pune,Maharashtra,1992-09-22,2022-06-11,ACTIVE
103812,Customer_03812,BUSINESS,Bangalore,Karnataka,1987-05-03,2023-01-10,ACTIVE
103813,Customer_03813,RETAIL,Hyderabad,Telangana,1988-05-22,2022-12-26,ACTIVE
103814,Customer_03814,BUSINESS,Bangalore,Karnataka,1997-03-11,2021-01-06,ACTIVE
103815,Customer_03815,BUSINESS,Bangalore,Karnataka,2019-12-13,2021-03-30,ACTIVE
103816,Customer_03816,RETAIL,Mumbai,Maharashtra,2015-11-10,2023-02-21,ACTIVE
103817,Customer_03817,PREMIUM,Bangalore,Karnataka,2016-08-29,2021-06-27,ACTIVE
103818,Customer_03818,PREMIUM,Kolkata,West Bengal,1997-09-18,2024-03-22,ACTIVE
103819,Customer_03819,PREMIUM,Hyderabad,Telangana,2006-02-27,2025-11-27,ACTIVE
103820,Customer_03820,PREMIUM,Ahmedabad,Gujarat,2008-11-04,2020-02-14,INACTIVE
103821,Customer_03821,RETAIL,Pune,Maharashtra,1989-02-23,2020-03-27,ACTIVE
103822,Customer_03822,RETAIL,Mumbai,Maharashtra,1998-02-27,2024-03-23,ACTIVE
103823,Customer_03823,RETAIL,Chennai,Tamil Nadu,2001-10-04,2020-03-09,INACTIVE
103824,Customer_03824,PREMIUM,Pune,Maharashtra,1994-06-25,2024-03-15,INACTIVE
103825,Customer_03825,PREMIUM,Chennai,Tamil Nadu,1998-08-05,2023-03-22,ACTIVE
103826,Customer_03826,PREMIUM,Ahmedabad,Gujarat,1997-04-09,2022-12-28,ACTIVE
103827,Customer_03827,PREMIUM,Delhi,Delhi,1981-09-04,2023-12-26,ACTIVE
103828,Customer_03828,BUSINESS,Chennai,Tamil Nadu,2010-09-21,2025-11-18,ACTIVE
103829,Customer_03829,RETAIL,Hyderabad,Telangana,2016-02-22,2020-11-01,ACTIVE
103830,Customer_03830,BUSINESS,Pune,Maharashtra,2010-02-23,2020-11-19,ACTIVE
103831,Customer_03831,RETAIL,Ahmedabad,Gujarat,2017-07-05,2024-07-29,INACTIVE
103832,Customer_03832,RETAIL,Pune,Maharashtra,1996-11-23,2020-05-03,ACTIVE
103833,Customer_03833,RETAIL,Kolkata,West Bengal,1981-06-16,2022-10-26,ACTIVE
103834,Customer_03834,RETAIL,Hyderabad,Telangana,1990-02-26,2023-04-04,ACTIVE
103835,Customer_03835,RETAIL,Pune,Maharashtra,2014-03-27,2022-07-29,ACTIVE
103836,Customer_03836,RETAIL,Hyderabad,Telangana,1984-11-16,2023-07-03,ACTIVE
103837,Customer_03837,RETAIL,Pune,Maharashtra,2001-08-20,2020-09-29,ACTIVE
103838,Customer_03838,PREMIUM,Chennai,Tamil Nadu,1979-03-22,2021-10-02,ACTIVE
103839,Customer_03839,RETAIL,Ahmedabad,Gujarat,1992-06-17,2020-01-13,ACTIVE
103840,Customer_03840,PREMIUM,Ahmedabad,Gujarat,1983-10-25,2026-04-26,ACTIVE
103841,Customer_03841,RETAIL,Kolkata,West Bengal,1983-10-28,2025-06-19,INACTIVE
103842,Customer_03842,RETAIL,Bangalore,Karnataka,1985-12-04,2021-08-31,ACTIVE
103843,Customer_03843,RETAIL,Chennai,Tamil Nadu,2001-04-08,2020-03-28,ACTIVE
103844,Customer_03844,RETAIL,Delhi,Delhi,2007-07-02,2021-10-10,ACTIVE
103845,Customer_03845,PREMIUM,Ahmedabad,Gujarat,1990-12-31,2026-04-13,ACTIVE
103846,Customer_03846,RETAIL,Bangalore,Karnataka,2012-10-02,2025-04-30,ACTIVE
103847,Customer_03847,PREMIUM,Kolkata,West Bengal,1995-04-06,2024-04-30,ACTIVE
103848,Customer_03848,RETAIL,Delhi,Delhi,2009-06-06,2026-01-23,INACTIVE
103849,Customer_03849,PREMIUM,Hyderabad,Telangana,2000-12-01,2021-02-27,ACTIVE
103850,Customer_03850,BUSINESS,Pune,Maharashtra,2008-11-12,2023-07-10,ACTIVE
103851,Customer_03851,RETAIL,Hyderabad,Telangana,2019-05-11,2025-03-20,ACTIVE
103852,Customer_03852,RETAIL,Mumbai,Maharashtra,2019-12-31,2020-02-15,INACTIVE
103853,Customer_03853,RETAIL,Mumbai,Maharashtra,2003-04-12,2022-11-10,ACTIVE
103854,Customer_03854,RETAIL,Delhi,Delhi,2018-09-11,2022-05-03,ACTIVE
103855,Customer_03855,RETAIL,Bangalore,Karnataka,2007-12-21,2021-02-28,ACTIVE
103856,Customer_03856,RETAIL,Hyderabad,Telangana,1990-03-16,2021-06-21,ACTIVE
103857,Customer_03857,PREMIUM,Delhi,Delhi,2017-07-29,2026-05-12,ACTIVE
103858,Customer_03858,BUSINESS,Mumbai,Maharashtra,1985-02-14,2023-05-11,ACTIVE
103859,Customer_03859,RETAIL,Delhi,Delhi,1998-05-24,2020-07-14,ACTIVE
103860,Customer_03860,RETAIL,Bangalore,Karnataka,1985-06-17,2024-06-26,ACTIVE
103861,Customer_03861,RETAIL,Chennai,Tamil Nadu,2011-05-19,2023-11-19,ACTIVE
103862,Customer_03862,RETAIL,Hyderabad,Telangana,2015-12-12,2022-07-30,ACTIVE
103863,Customer_03863,PREMIUM,Pune,Maharashtra,2012-10-15,2022-08-10,ACTIVE
103864,Customer_03864,RETAIL,Chennai,Tamil Nadu,1983-05-15,2023-07-13,ACTIVE
103865,Customer_03865,RETAIL,Hyderabad,Telangana,1990-04-15,2026-02-07,ACTIVE
103866,Customer_03866,RETAIL,Kolkata,West Bengal,1993-02-18,2024-12-28,ACTIVE
103867,Customer_03867,RETAIL,Chennai,Tamil Nadu,1983-11-30,2022-08-19,INACTIVE
103868,Customer_03868,RETAIL,Kolkata,West Bengal,2000-12-11,2021-08-13,ACTIVE
103869,Customer_03869,RETAIL,Pune,Maharashtra,1980-07-24,2020-09-17,ACTIVE
103870,Customer_03870,RETAIL,Hyderabad,Telangana,2004-05-10,2021-04-15,ACTIVE
103871,Customer_03871,RETAIL,Mumbai,Maharashtra,2002-10-07,2020-11-25,ACTIVE
103872,Customer_03872,PREMIUM,Mumbai,Maharashtra,2003-08-18,2025-04-17,ACTIVE
103873,Customer_03873,RETAIL,Kolkata,West Bengal,2016-08-26,2023-10-13,ACTIVE
103874,Customer_03874,PREMIUM,Bangalore,Karnataka,2011-06-18,2020-03-29,ACTIVE
103875,Customer_03875,RETAIL,Chennai,Tamil Nadu,1989-10-30,2026-01-31,ACTIVE
103876,Customer_03876,RETAIL,Chennai,Tamil Nadu,2002-08-23,2020-12-27,ACTIVE
103877,Customer_03877,PREMIUM,Hyderabad,Telangana,2012-02-13,2024-03-29,ACTIVE
103878,Customer_03878,PREMIUM,Pune,Maharashtra,2014-02-11,2020-01-30,ACTIVE
103879,Customer_03879,RETAIL,Pune,Maharashtra,2005-07-30,2023-11-14,ACTIVE
103880,Customer_03880,RETAIL,Mumbai,Maharashtra,1982-08-22,2023-08-25,ACTIVE
103881,Customer_03881,PREMIUM,Kolkata,West Bengal,1997-01-05,2025-12-21,ACTIVE
103882,Customer_03882,BUSINESS,Pune,Maharashtra,2014-06-10,2023-12-11,ACTIVE
103883,Customer_03883,RETAIL,Chennai,Tamil Nadu,1982-03-13,2023-03-20,ACTIVE
103884,Customer_03884,RETAIL,Bangalore,Karnataka,2003-05-25,2023-06-28,ACTIVE
103885,Customer_03885,RETAIL,Pune,Maharashtra,2001-05-14,2024-02-28,ACTIVE
103886,Customer_03886,RETAIL,Bangalore,Karnataka,1988-04-26,2022-09-21,ACTIVE
103887,Customer_03887,RETAIL,Mumbai,Maharashtra,1993-04-18,2024-09-09,ACTIVE
103888,Customer_03888,RETAIL,Pune,Maharashtra,2019-04-27,2023-06-23,ACTIVE
103889,Customer_03889,PREMIUM,Pune,Maharashtra,2003-08-17,2026-05-15,ACTIVE
103890,Customer_03890,RETAIL,Kolkata,West Bengal,2017-10-04,2021-04-10,ACTIVE
103891,Customer_03891,PREMIUM,Chennai,Tamil Nadu,1998-07-09,2024-10-16,ACTIVE
103892,Customer_03892,PREMIUM,Ahmedabad,Gujarat,2013-11-23,2025-06-05,ACTIVE
103893,Customer_03893,PREMIUM,Bangalore,Karnataka,2004-08-14,2024-09-19,ACTIVE
103894,Customer_03894,RETAIL,Pune,Maharashtra,2016-08-07,2026-06-11,ACTIVE
103895,Customer_03895,RETAIL,Chennai,Tamil Nadu,1992-08-01,2022-11-07,ACTIVE
103896,Customer_03896,RETAIL,Ahmedabad,Gujarat,1994-11-10,2023-07-21,ACTIVE
103897,Customer_03897,RETAIL,Chennai,Tamil Nadu,1980-10-28,2021-01-04,ACTIVE
103898,Customer_03898,RETAIL,Mumbai,Maharashtra,1988-07-09,2022-06-17,ACTIVE
103899,Customer_03899,RETAIL,Delhi,Delhi,1984-11-07,2021-01-18,ACTIVE
103900,Customer_03900,RETAIL,Ahmedabad,Gujarat,1986-09-04,2025-03-15,ACTIVE
103901,Customer_03901,RETAIL,Chennai,Tamil Nadu,1991-10-30,2025-02-20,ACTIVE
103902,Customer_03902,BUSINESS,Ahmedabad,Gujarat,2015-01-18,2021-04-08,ACTIVE
103903,Customer_03903,PREMIUM,Chennai,Tamil Nadu,1994-09-16,2025-04-10,ACTIVE
103904,Customer_03904,RETAIL,Mumbai,Maharashtra,2013-02-10,2022-02-08,ACTIVE
103905,Customer_03905,BUSINESS,Kolkata,West Bengal,2012-08-15,2024-10-17,ACTIVE
103906,Customer_03906,RETAIL,Kolkata,West Bengal,2019-06-14,2026-03-05,ACTIVE
103907,Customer_03907,RETAIL,Hyderabad,Telangana,2000-01-20,2025-06-13,ACTIVE
103908,Customer_03908,PREMIUM,Ahmedabad,Gujarat,2013-12-31,2021-03-23,ACTIVE
103909,Customer_03909,RETAIL,Pune,Maharashtra,1996-05-22,2021-03-08,ACTIVE
103910,Customer_03910,RETAIL,Ahmedabad,Gujarat,2005-02-18,2020-09-26,ACTIVE
103911,Customer_03911,RETAIL,Pune,Maharashtra,2012-06-19,2025-07-13,ACTIVE
103912,Customer_03912,RETAIL,Ahmedabad,Gujarat,1985-01-03,2023-08-04,ACTIVE
103913,Customer_03913,RETAIL,Pune,Maharashtra,1981-07-11,2021-01-09,ACTIVE
103914,Customer_03914,RETAIL,Chennai,Tamil Nadu,1985-12-07,2023-11-10,ACTIVE
103915,Customer_03915,RETAIL,Kolkata,West Bengal,2008-10-11,2023-06-25,ACTIVE
103916,Customer_03916,RETAIL,Mumbai,Maharashtra,1998-08-14,2023-12-04,ACTIVE
103917,Customer_03917,RETAIL,Mumbai,Maharashtra,1990-08-31,2024-03-03,ACTIVE
103918,Customer_03918,RETAIL,Kolkata,West Bengal,2010-09-11,2021-01-29,ACTIVE
103919,Customer_03919,PREMIUM,Mumbai,Maharashtra,1979-10-14,2022-07-18,ACTIVE
103920,Customer_03920,PREMIUM,Chennai,Tamil Nadu,1986-04-13,2024-09-26,ACTIVE
103921,Customer_03921,RETAIL,Ahmedabad,Gujarat,1998-06-17,2025-12-21,ACTIVE
103922,Customer_03922,PREMIUM,Chennai,Tamil Nadu,2016-10-05,2021-08-04,ACTIVE
103923,Customer_03923,RETAIL,Bangalore,Karnataka,2009-12-03,2023-10-02,ACTIVE
103924,Customer_03924,RETAIL,Bangalore,Karnataka,2007-03-31,2026-03-25,ACTIVE
103925,Customer_03925,RETAIL,Hyderabad,Telangana,2008-05-11,2023-12-13,ACTIVE
103926,Customer_03926,RETAIL,Chennai,Tamil Nadu,1991-12-28,2021-07-01,ACTIVE
103927,Customer_03927,PREMIUM,Chennai,Tamil Nadu,1997-07-22,2023-11-02,ACTIVE
103928,Customer_03928,BUSINESS,Pune,Maharashtra,2015-07-17,2020-02-11,ACTIVE
103929,Customer_03929,RETAIL,Hyderabad,Telangana,2009-02-15,2023-03-19,ACTIVE
103930,Customer_03930,RETAIL,Hyderabad,Telangana,2003-10-01,2023-09-24,ACTIVE
103931,Customer_03931,RETAIL,Hyderabad,Telangana,1982-07-27,2020-05-15,ACTIVE
103932,Customer_03932,RETAIL,Mumbai,Maharashtra,2009-04-10,2021-05-01,ACTIVE
103933,Customer_03933,RETAIL,Hyderabad,Telangana,1994-03-08,2026-07-01,ACTIVE
103934,Customer_03934,BUSINESS,Hyderabad,Telangana,1994-12-29,2024-02-17,ACTIVE
103935,Customer_03935,PREMIUM,Pune,Maharashtra,2006-11-03,2023-01-05,ACTIVE
103936,Customer_03936,BUSINESS,Kolkata,West Bengal,1995-04-30,2021-07-04,ACTIVE
103937,Customer_03937,RETAIL,Chennai,Tamil Nadu,2002-09-10,2020-10-24,ACTIVE
103938,Customer_03938,RETAIL,Bangalore,Karnataka,1979-09-07,2022-10-24,ACTIVE
103939,Customer_03939,RETAIL,Hyderabad,Telangana,1986-10-06,2023-08-02,ACTIVE
103940,Customer_03940,BUSINESS,Chennai,Tamil Nadu,2001-04-03,2021-03-06,ACTIVE
103941,Customer_03941,RETAIL,Chennai,Tamil Nadu,2018-06-30,2025-04-06,ACTIVE
103942,Customer_03942,RETAIL,Delhi,Delhi,2010-05-29,2022-10-26,ACTIVE
103943,Customer_03943,RETAIL,Ahmedabad,Gujarat,1996-04-24,2020-05-13,ACTIVE
103944,Customer_03944,PREMIUM,Ahmedabad,Gujarat,2018-12-14,2020-11-23,ACTIVE
103945,Customer_03945,PREMIUM,Pune,Maharashtra,1990-06-23,2025-08-29,ACTIVE
103946,Customer_03946,PREMIUM,Hyderabad,Telangana,2015-10-22,2022-03-22,ACTIVE
103947,Customer_03947,RETAIL,Mumbai,Maharashtra,1995-09-25,2022-06-13,ACTIVE
103948,Customer_03948,PREMIUM,Delhi,Delhi,1982-09-26,2021-04-22,ACTIVE
103949,Customer_03949,RETAIL,Ahmedabad,Gujarat,1979-04-08,2025-04-22,ACTIVE
103950,Customer_03950,RETAIL,Pune,Maharashtra,2019-06-07,2025-05-12,ACTIVE
103951,Customer_03951,RETAIL,Bangalore,Karnataka,2005-07-16,2021-08-04,ACTIVE
103952,Customer_03952,RETAIL,Pune,Maharashtra,1985-04-21,2024-10-16,ACTIVE
103953,Customer_03953,RETAIL,Hyderabad,Telangana,2019-11-26,2022-12-21,ACTIVE
103954,Customer_03954,BUSINESS,Bangalore,Karnataka,1980-11-07,2021-02-04,ACTIVE
103955,Customer_03955,RETAIL,Chennai,Tamil Nadu,1992-11-28,2025-03-25,ACTIVE
103956,Customer_03956,RETAIL,Ahmedabad,Gujarat,2009-12-02,2020-07-17,ACTIVE
103957,Customer_03957,PREMIUM,Chennai,Tamil Nadu,1981-05-08,2025-09-29,ACTIVE
103958,Customer_03958,PREMIUM,Hyderabad,Telangana,2016-05-14,2020-03-02,ACTIVE
103959,Customer_03959,RETAIL,Mumbai,Maharashtra,2007-01-04,2022-02-14,ACTIVE
103960,Customer_03960,RETAIL,Pune,Maharashtra,2018-03-03,2021-06-28,ACTIVE
103961,Customer_03961,RETAIL,Ahmedabad,Gujarat,2013-07-19,2021-07-18,ACTIVE
103962,Customer_03962,RETAIL,Kolkata,West Bengal,2013-01-16,2023-02-26,ACTIVE
103963,Customer_03963,PREMIUM,Hyderabad,Telangana,1988-07-04,2024-12-09,ACTIVE
103964,Customer_03964,RETAIL,Bangalore,Karnataka,1987-07-31,2022-08-17,ACTIVE
103965,Customer_03965,RETAIL,Pune,Maharashtra,1989-02-09,2023-05-23,ACTIVE
103966,Customer_03966,RETAIL,Kolkata,West Bengal,1985-06-28,2026-05-20,ACTIVE
103967,Customer_03967,RETAIL,Kolkata,West Bengal,2006-06-12,2023-04-09,ACTIVE
103968,Customer_03968,RETAIL,Pune,Maharashtra,1981-08-02,2025-03-16,ACTIVE
103969,Customer_03969,BUSINESS,Chennai,Tamil Nadu,1996-10-05,2022-07-12,ACTIVE
103970,Customer_03970,RETAIL,Chennai,Tamil Nadu,2003-01-24,2020-07-06,ACTIVE
103971,Customer_03971,PREMIUM,Bangalore,Karnataka,2001-04-18,2021-09-06,ACTIVE
103972,Customer_03972,RETAIL,Ahmedabad,Gujarat,1999-03-05,2021-01-16,INACTIVE
103973,Customer_03973,PREMIUM,Mumbai,Maharashtra,1988-04-29,2025-12-17,ACTIVE
103974,Customer_03974,RETAIL,Delhi,Delhi,1983-08-27,2020-03-04,ACTIVE
103975,Customer_03975,RETAIL,Mumbai,Maharashtra,2019-10-02,2025-05-27,ACTIVE
103976,Customer_03976,RETAIL,Hyderabad,Telangana,1998-04-03,2020-11-27,ACTIVE
103977,Customer_03977,RETAIL,Hyderabad,Telangana,2003-08-06,2020-12-27,ACTIVE
103978,Customer_03978,BUSINESS,Ahmedabad,Gujarat,2002-06-18,2023-06-24,ACTIVE
103979,Customer_03979,PREMIUM,Chennai,Tamil Nadu,1994-04-25,2020-07-13,ACTIVE
103980,Customer_03980,RETAIL,Pune,Maharashtra,2008-11-08,2020-07-03,ACTIVE
103981,Customer_03981,RETAIL,Bangalore,Karnataka,1994-08-13,2025-02-04,ACTIVE
103982,Customer_03982,RETAIL,Mumbai,Maharashtra,1996-03-04,2020-05-23,ACTIVE
103983,Customer_03983,RETAIL,Hyderabad,Telangana,2012-02-29,2023-12-04,ACTIVE
103984,Customer_03984,PREMIUM,Hyderabad,Telangana,1992-03-28,2020-10-10,ACTIVE
103985,Customer_03985,RETAIL,Kolkata,West Bengal,2007-11-22,2020-07-24,ACTIVE
103986,Customer_03986,PREMIUM,Delhi,Delhi,2006-07-03,2024-05-25,ACTIVE
103987,Customer_03987,RETAIL,Delhi,Delhi,1980-06-02,2022-07-30,ACTIVE
103988,Customer_03988,BUSINESS,Mumbai,Maharashtra,2007-04-07,2020-02-16,ACTIVE
103989,Customer_03989,RETAIL,Bangalore,Karnataka,2012-01-28,2024-06-23,ACTIVE
103990,Customer_03990,RETAIL,Bangalore,Karnataka,1990-04-09,2026-05-16,ACTIVE
103991,Customer_03991,PREMIUM,Kolkata,West Bengal,2016-09-18,2023-09-08,ACTIVE
103992,Customer_03992,RETAIL,Kolkata,West Bengal,1979-12-24,2022-07-02,ACTIVE
103993,Customer_03993,RETAIL,Pune,Maharashtra,1986-07-18,2025-07-18,ACTIVE
103994,Customer_03994,RETAIL,Delhi,Delhi,2018-01-01,2022-03-18,ACTIVE
103995,Customer_03995,RETAIL,Chennai,Tamil Nadu,2014-04-19,2024-01-11,ACTIVE
103996,Customer_03996,BUSINESS,Delhi,Delhi,2010-03-08,2023-02-13,ACTIVE
103997,Customer_03997,PREMIUM,Mumbai,Maharashtra,2003-12-20,2024-10-09,ACTIVE
103998,Customer_03998,RETAIL,Kolkata,West Bengal,1987-06-04,2023-05-27,ACTIVE
103999,Customer_03999,BUSINESS,Hyderabad,Telangana,1999-04-04,2023-03-02,ACTIVE
104000,Customer_04000,RETAIL,Chennai,Tamil Nadu,2002-05-24,2022-10-05,ACTIVE
104001,Customer_04001,PREMIUM,Delhi,Delhi,1982-11-06,2021-12-11,ACTIVE
104002,Customer_04002,RETAIL,Kolkata,West Bengal,2003-08-07,2023-03-13,ACTIVE
104003,Customer_04003,RETAIL,Mumbai,Maharashtra,1982-10-30,2020-05-25,ACTIVE
104004,Customer_04004,RETAIL,Bangalore,Karnataka,1984-05-03,2022-03-26,ACTIVE
104005,Customer_04005,RETAIL,Kolkata,West Bengal,1986-02-23,2020-07-02,ACTIVE
104006,Customer_04006,PREMIUM,Ahmedabad,Gujarat,1987-01-13,2022-02-11,ACTIVE
104007,Customer_04007,RETAIL,Delhi,Delhi,1982-07-14,2022-04-23,ACTIVE
104008,Customer_04008,RETAIL,Hyderabad,Telangana,2018-06-15,2020-03-06,INACTIVE
104009,Customer_04009,PREMIUM,Pune,Maharashtra,2012-02-15,2021-12-12,ACTIVE
104010,Customer_04010,RETAIL,Mumbai,Maharashtra,2000-01-11,2024-05-31,ACTIVE
104011,Customer_04011,RETAIL,Delhi,Delhi,1994-04-21,2026-05-16,ACTIVE
104012,Customer_04012,PREMIUM,Ahmedabad,Gujarat,1987-01-10,2024-01-21,ACTIVE
104013,Customer_04013,PREMIUM,Hyderabad,Telangana,2018-02-20,2024-09-04,ACTIVE
104014,Customer_04014,RETAIL,Bangalore,Karnataka,2011-12-02,2024-05-24,ACTIVE
104015,Customer_04015,BUSINESS,Delhi,Delhi,2010-01-17,2026-03-16,ACTIVE
104016,Customer_04016,PREMIUM,Pune,Maharashtra,1998-06-28,2026-03-08,ACTIVE
104017,Customer_04017,PREMIUM,Delhi,Delhi,1980-04-16,2020-10-01,ACTIVE
104018,Customer_04018,RETAIL,Pune,Maharashtra,2005-05-20,2023-02-09,ACTIVE
104019,Customer_04019,PREMIUM,Pune,Maharashtra,1999-03-10,2025-12-18,ACTIVE
104020,Customer_04020,PREMIUM,Hyderabad,Telangana,1991-05-20,2025-10-17,ACTIVE
104021,Customer_04021,RETAIL,Pune,Maharashtra,1992-02-08,2023-07-06,ACTIVE
104022,Customer_04022,BUSINESS,Mumbai,Maharashtra,1981-07-17,2022-12-01,ACTIVE
104023,Customer_04023,BUSINESS,Chennai,Tamil Nadu,2014-12-18,2020-05-19,ACTIVE
104024,Customer_04024,RETAIL,Delhi,Delhi,1985-12-09,2023-02-20,ACTIVE
104025,Customer_04025,PREMIUM,Bangalore,Karnataka,2012-07-22,2023-04-30,ACTIVE
104026,Customer_04026,RETAIL,Pune,Maharashtra,2019-02-15,2024-02-28,ACTIVE
104027,Customer_04027,PREMIUM,Pune,Maharashtra,1981-01-19,2023-06-06,ACTIVE
104028,Customer_04028,PREMIUM,Bangalore,Karnataka,2004-10-09,2021-06-02,ACTIVE
104029,Customer_04029,RETAIL,Hyderabad,Telangana,1981-11-27,2026-05-12,ACTIVE
104030,Customer_04030,RETAIL,Bangalore,Karnataka,2013-04-18,2021-06-05,ACTIVE
104031,Customer_04031,RETAIL,Chennai,Tamil Nadu,1999-12-29,2022-07-07,ACTIVE
104032,Customer_04032,BUSINESS,Chennai,Tamil Nadu,1980-01-18,2023-05-08,ACTIVE
104033,Customer_04033,RETAIL,Delhi,Delhi,2010-11-19,2021-12-04,ACTIVE
104034,Customer_04034,PREMIUM,Delhi,Delhi,2010-08-07,2020-06-13,ACTIVE
104035,Customer_04035,RETAIL,Bangalore,Karnataka,2017-02-23,2024-01-06,ACTIVE
104036,Customer_04036,RETAIL,Mumbai,Maharashtra,1999-01-30,2021-07-21,ACTIVE
104037,Customer_04037,BUSINESS,Hyderabad,Telangana,2017-06-24,2025-10-10,ACTIVE
104038,Customer_04038,RETAIL,Chennai,Tamil Nadu,2006-06-27,2025-03-19,ACTIVE
104039,Customer_04039,RETAIL,Delhi,Delhi,2000-10-06,2022-10-24,ACTIVE
104040,Customer_04040,RETAIL,Delhi,Delhi,1993-11-16,2023-01-17,ACTIVE
104041,Customer_04041,RETAIL,Delhi,Delhi,1991-03-14,2026-03-29,INACTIVE
104042,Customer_04042,RETAIL,Hyderabad,Telangana,2004-08-30,2020-03-04,ACTIVE
104043,Customer_04043,RETAIL,Kolkata,West Bengal,2009-07-15,2022-06-27,ACTIVE
104044,Customer_04044,RETAIL,Mumbai,Maharashtra,1980-08-17,2020-05-25,ACTIVE
104045,Customer_04045,RETAIL,Bangalore,Karnataka,1996-01-30,2020-11-28,ACTIVE
104046,Customer_04046,RETAIL,Mumbai,Maharashtra,1981-01-13,2026-01-15,INACTIVE
104047,Customer_04047,RETAIL,Bangalore,Karnataka,1995-06-15,2020-08-31,ACTIVE
104048,Customer_04048,RETAIL,Pune,Maharashtra,2011-12-21,2026-04-15,ACTIVE
104049,Customer_04049,BUSINESS,Delhi,Delhi,2007-07-14,2025-02-24,ACTIVE
104050,Customer_04050,RETAIL,Bangalore,Karnataka,1984-04-10,2024-03-18,ACTIVE
104051,Customer_04051,RETAIL,Delhi,Delhi,2008-08-08,2024-11-15,ACTIVE
104052,Customer_04052,RETAIL,Bangalore,Karnataka,1979-09-27,2021-03-19,ACTIVE
104053,Customer_04053,BUSINESS,Kolkata,West Bengal,1979-09-03,2020-10-08,ACTIVE
104054,Customer_04054,PREMIUM,Kolkata,West Bengal,2016-08-20,2022-06-02,INACTIVE
104055,Customer_04055,PREMIUM,Mumbai,Maharashtra,1980-07-04,2025-01-08,ACTIVE
104056,Customer_04056,BUSINESS,Bangalore,Karnataka,1990-01-25,2022-01-03,ACTIVE
104057,Customer_04057,RETAIL,Kolkata,West Bengal,1984-08-01,2021-02-25,ACTIVE
104058,Customer_04058,BUSINESS,Chennai,Tamil Nadu,2003-01-30,2025-02-27,ACTIVE
104059,Customer_04059,RETAIL,Pune,Maharashtra,2000-08-12,2024-03-01,ACTIVE
104060,Customer_04060,PREMIUM,Chennai,Tamil Nadu,2013-08-13,2023-07-13,ACTIVE
104061,Customer_04061,PREMIUM,Pune,Maharashtra,2019-09-14,2022-09-16,ACTIVE
104062,Customer_04062,BUSINESS,Mumbai,Maharashtra,2009-10-18,2025-02-14,ACTIVE
104063,Customer_04063,RETAIL,Hyderabad,Telangana,1998-05-01,2024-10-28,ACTIVE
104064,Customer_04064,PREMIUM,Chennai,Tamil Nadu,1981-01-29,2022-05-15,ACTIVE
104065,Customer_04065,RETAIL,Kolkata,West Bengal,2017-01-17,2020-11-06,ACTIVE
104066,Customer_04066,RETAIL,Delhi,Delhi,2002-03-15,2025-09-17,ACTIVE
104067,Customer_04067,RETAIL,Kolkata,West Bengal,1988-02-05,2020-11-24,ACTIVE
104068,Customer_04068,RETAIL,Bangalore,Karnataka,2001-05-31,2022-10-26,ACTIVE
104069,Customer_04069,PREMIUM,Hyderabad,Telangana,1995-04-03,2025-11-20,INACTIVE
104070,Customer_04070,RETAIL,Mumbai,Maharashtra,1993-07-17,2022-09-28,ACTIVE
104071,Customer_04071,RETAIL,Mumbai,Maharashtra,1997-10-12,2025-06-18,ACTIVE
104072,Customer_04072,RETAIL,Kolkata,West Bengal,2010-02-10,2023-03-19,ACTIVE
104073,Customer_04073,PREMIUM,Kolkata,West Bengal,1985-11-22,2024-11-23,ACTIVE
104074,Customer_04074,PREMIUM,Ahmedabad,Gujarat,2018-10-03,2023-11-21,ACTIVE
104075,Customer_04075,PREMIUM,Delhi,Delhi,1981-09-23,2021-11-03,ACTIVE
104076,Customer_04076,RETAIL,Mumbai,Maharashtra,1985-03-17,2025-11-15,ACTIVE
104077,Customer_04077,PREMIUM,Ahmedabad,Gujarat,2006-12-08,2023-01-26,ACTIVE
104078,Customer_04078,PREMIUM,Chennai,Tamil Nadu,1985-02-16,2023-01-03,ACTIVE
104079,Customer_04079,RETAIL,Pune,Maharashtra,2011-02-06,2024-04-29,ACTIVE
104080,Customer_04080,RETAIL,Kolkata,West Bengal,2009-05-04,2026-02-10,ACTIVE
104081,Customer_04081,RETAIL,Ahmedabad,Gujarat,1996-10-26,2025-09-22,ACTIVE
104082,Customer_04082,RETAIL,Delhi,Delhi,1997-10-29,2022-08-02,ACTIVE
104083,Customer_04083,RETAIL,Kolkata,West Bengal,2020-03-25,2021-07-09,ACTIVE
104084,Customer_04084,RETAIL,Kolkata,West Bengal,2011-10-28,2022-02-17,ACTIVE
104085,Customer_04085,RETAIL,Chennai,Tamil Nadu,2005-02-13,2021-09-22,ACTIVE
104086,Customer_04086,RETAIL,Hyderabad,Telangana,1984-12-16,2021-12-09,ACTIVE
104087,Customer_04087,RETAIL,Delhi,Delhi,2003-05-20,2022-10-30,ACTIVE
104088,Customer_04088,PREMIUM,Ahmedabad,Gujarat,1980-10-19,2020-02-20,ACTIVE
104089,Customer_04089,RETAIL,Ahmedabad,Gujarat,1989-07-04,2023-07-03,ACTIVE
104090,Customer_04090,RETAIL,Ahmedabad,Gujarat,2007-10-30,2025-07-30,INACTIVE
104091,Customer_04091,PREMIUM,Hyderabad,Telangana,1995-11-27,2022-10-29,ACTIVE
104092,Customer_04092,RETAIL,Mumbai,Maharashtra,2020-01-06,2020-07-09,ACTIVE
104093,Customer_04093,RETAIL,Delhi,Delhi,2017-09-28,2022-07-24,ACTIVE
104094,Customer_04094,RETAIL,Bangalore,Karnataka,1983-01-21,2022-03-13,ACTIVE
104095,Customer_04095,RETAIL,Ahmedabad,Gujarat,2015-06-12,2023-11-27,ACTIVE
104096,Customer_04096,RETAIL,Chennai,Tamil Nadu,2014-08-30,2021-08-24,ACTIVE
104097,Customer_04097,RETAIL,Chennai,Tamil Nadu,1983-07-11,2021-12-23,ACTIVE
104098,Customer_04098,RETAIL,Pune,Maharashtra,1994-12-27,2024-11-21,ACTIVE
104099,Customer_04099,RETAIL,Kolkata,West Bengal,2018-02-14,2021-02-25,INACTIVE
104100,Customer_04100,BUSINESS,Delhi,Delhi,1979-11-08,2026-02-16,ACTIVE
104101,Customer_04101,RETAIL,Mumbai,Maharashtra,1981-07-28,2021-12-15,ACTIVE
104102,Customer_04102,RETAIL,Ahmedabad,Gujarat,2000-02-10,2025-05-14,ACTIVE
104103,Customer_04103,RETAIL,Pune,Maharashtra,2018-04-22,2020-07-15,ACTIVE
104104,Customer_04104,PREMIUM,Mumbai,Maharashtra,1990-08-13,2022-02-06,ACTIVE
104105,Customer_04105,PREMIUM,Mumbai,Maharashtra,2010-11-26,2022-06-24,ACTIVE
104106,Customer_04106,PREMIUM,Bangalore,Karnataka,2007-08-23,2022-12-29,ACTIVE
104107,Customer_04107,RETAIL,Mumbai,Maharashtra,1985-02-28,2020-08-08,ACTIVE
104108,Customer_04108,RETAIL,Kolkata,West Bengal,1990-12-26,2021-08-15,ACTIVE
104109,Customer_04109,PREMIUM,Chennai,Tamil Nadu,2004-10-17,2025-10-06,ACTIVE
104110,Customer_04110,RETAIL,Delhi,Delhi,1998-12-12,2026-01-26,ACTIVE
104111,Customer_04111,BUSINESS,Mumbai,Maharashtra,1988-11-28,2022-11-24,INACTIVE
104112,Customer_04112,RETAIL,Bangalore,Karnataka,1987-05-27,2020-10-11,ACTIVE
104113,Customer_04113,RETAIL,Pune,Maharashtra,2002-01-17,2021-10-23,ACTIVE
104114,Customer_04114,RETAIL,Ahmedabad,Gujarat,2013-03-04,2026-04-03,ACTIVE
104115,Customer_04115,RETAIL,Delhi,Delhi,1996-02-15,2026-01-14,ACTIVE
104116,Customer_04116,PREMIUM,Bangalore,Karnataka,2017-03-03,2025-05-06,ACTIVE
104117,Customer_04117,RETAIL,Mumbai,Maharashtra,2006-07-26,2025-09-02,ACTIVE
104118,Customer_04118,RETAIL,Pune,Maharashtra,1995-09-24,2024-09-03,ACTIVE
104119,Customer_04119,RETAIL,Pune,Maharashtra,2008-03-12,2024-02-05,ACTIVE
104120,Customer_04120,PREMIUM,Mumbai,Maharashtra,1997-08-07,2025-01-31,ACTIVE
104121,Customer_04121,RETAIL,Hyderabad,Telangana,2010-03-29,2024-03-31,ACTIVE
104122,Customer_04122,BUSINESS,Ahmedabad,Gujarat,2019-07-10,2022-03-25,INACTIVE
104123,Customer_04123,PREMIUM,Ahmedabad,Gujarat,2011-07-10,2024-03-18,ACTIVE
104124,Customer_04124,RETAIL,Delhi,Delhi,1984-12-31,2021-12-11,ACTIVE
104125,Customer_04125,PREMIUM,Kolkata,West Bengal,1982-02-08,2024-02-09,ACTIVE
104126,Customer_04126,BUSINESS,Chennai,Tamil Nadu,2012-05-16,2022-07-04,ACTIVE
104127,Customer_04127,RETAIL,Mumbai,Maharashtra,2013-12-16,2023-03-15,ACTIVE
104128,Customer_04128,RETAIL,Mumbai,Maharashtra,2002-06-18,2021-03-11,ACTIVE
104129,Customer_04129,RETAIL,Chennai,Tamil Nadu,1989-03-23,2026-04-15,ACTIVE
104130,Customer_04130,RETAIL,Bangalore,Karnataka,2015-05-03,2024-11-26,ACTIVE
104131,Customer_04131,RETAIL,Mumbai,Maharashtra,1997-07-31,2020-09-14,ACTIVE
104132,Customer_04132,PREMIUM,Ahmedabad,Gujarat,1991-03-05,2023-02-14,ACTIVE
104133,Customer_04133,RETAIL,Hyderabad,Telangana,1994-03-16,2022-12-26,ACTIVE
104134,Customer_04134,RETAIL,Chennai,Tamil Nadu,1991-04-30,2025-10-26,ACTIVE
104135,Customer_04135,RETAIL,Ahmedabad,Gujarat,1990-10-05,2024-12-17,ACTIVE
104136,Customer_04136,PREMIUM,Ahmedabad,Gujarat,1992-07-18,2025-10-09,ACTIVE
104137,Customer_04137,RETAIL,Ahmedabad,Gujarat,2006-11-07,2023-01-25,ACTIVE
104138,Customer_04138,RETAIL,Delhi,Delhi,1979-11-06,2021-01-09,ACTIVE
104139,Customer_04139,RETAIL,Ahmedabad,Gujarat,1994-01-25,2024-09-27,ACTIVE
104140,Customer_04140,RETAIL,Chennai,Tamil Nadu,1986-02-21,2021-06-09,ACTIVE
104141,Customer_04141,RETAIL,Hyderabad,Telangana,2005-10-13,2024-03-07,INACTIVE
104142,Customer_04142,BUSINESS,Kolkata,West Bengal,2020-01-04,2022-09-12,ACTIVE
104143,Customer_04143,RETAIL,Pune,Maharashtra,2011-07-09,2022-04-19,ACTIVE
104144,Customer_04144,PREMIUM,Bangalore,Karnataka,1989-05-22,2020-10-12,ACTIVE
104145,Customer_04145,RETAIL,Pune,Maharashtra,2000-03-28,2025-04-04,ACTIVE
104146,Customer_04146,PREMIUM,Delhi,Delhi,1979-12-25,2024-07-12,ACTIVE
104147,Customer_04147,RETAIL,Bangalore,Karnataka,1996-02-14,2022-03-31,ACTIVE
104148,Customer_04148,RETAIL,Kolkata,West Bengal,1990-08-09,2024-11-05,ACTIVE
104149,Customer_04149,RETAIL,Kolkata,West Bengal,1999-10-09,2026-06-25,ACTIVE
104150,Customer_04150,RETAIL,Bangalore,Karnataka,1995-12-08,2024-09-27,ACTIVE
104151,Customer_04151,RETAIL,Delhi,Delhi,2007-03-14,2026-03-28,INACTIVE
104152,Customer_04152,RETAIL,Chennai,Tamil Nadu,2001-08-29,2023-02-02,ACTIVE
104153,Customer_04153,RETAIL,Ahmedabad,Gujarat,2017-09-21,2022-06-23,ACTIVE
104154,Customer_04154,BUSINESS,Ahmedabad,Gujarat,1981-12-24,2025-07-16,ACTIVE
104155,Customer_04155,RETAIL,Pune,Maharashtra,2017-12-15,2024-05-10,ACTIVE
104156,Customer_04156,BUSINESS,Pune,Maharashtra,2011-08-17,2023-12-25,ACTIVE
104157,Customer_04157,RETAIL,Hyderabad,Telangana,2008-06-10,2024-03-20,ACTIVE
104158,Customer_04158,RETAIL,Delhi,Delhi,2013-01-24,2026-07-12,ACTIVE
104159,Customer_04159,RETAIL,Pune,Maharashtra,1981-03-26,2024-07-07,ACTIVE
104160,Customer_04160,RETAIL,Mumbai,Maharashtra,1987-12-02,2025-05-11,ACTIVE
104161,Customer_04161,RETAIL,Bangalore,Karnataka,1979-03-14,2020-03-27,ACTIVE
104162,Customer_04162,PREMIUM,Bangalore,Karnataka,2011-12-15,2024-09-29,ACTIVE
104163,Customer_04163,PREMIUM,Chennai,Tamil Nadu,1993-09-23,2022-02-01,ACTIVE
104164,Customer_04164,RETAIL,Pune,Maharashtra,1994-01-03,2020-10-22,ACTIVE
104165,Customer_04165,RETAIL,Hyderabad,Telangana,2004-03-29,2021-10-25,ACTIVE
104166,Customer_04166,RETAIL,Hyderabad,Telangana,1996-07-16,2025-06-21,ACTIVE
104167,Customer_04167,RETAIL,Bangalore,Karnataka,2005-05-02,2025-05-16,ACTIVE
104168,Customer_04168,RETAIL,Pune,Maharashtra,2017-08-14,2022-01-03,ACTIVE
104169,Customer_04169,RETAIL,Chennai,Tamil Nadu,1992-10-20,2021-04-05,ACTIVE
104170,Customer_04170,RETAIL,Hyderabad,Telangana,2015-10-17,2022-10-02,INACTIVE
104171,Customer_04171,RETAIL,Delhi,Delhi,2001-01-10,2022-03-07,ACTIVE
104172,Customer_04172,PREMIUM,Delhi,Delhi,1994-07-27,2023-01-15,ACTIVE
104173,Customer_04173,RETAIL,Chennai,Tamil Nadu,2016-11-29,2025-02-24,ACTIVE
104174,Customer_04174,RETAIL,Delhi,Delhi,1999-03-18,2022-03-06,ACTIVE
104175,Customer_04175,BUSINESS,Bangalore,Karnataka,1984-05-30,2021-02-20,ACTIVE
104176,Customer_04176,BUSINESS,Delhi,Delhi,1990-12-06,2020-09-17,ACTIVE
104177,Customer_04177,RETAIL,Delhi,Delhi,2013-11-20,2024-07-02,ACTIVE
104178,Customer_04178,RETAIL,Hyderabad,Telangana,2000-05-01,2021-04-23,ACTIVE
104179,Customer_04179,PREMIUM,Bangalore,Karnataka,2002-03-01,2021-06-11,ACTIVE
104180,Customer_04180,RETAIL,Bangalore,Karnataka,2007-03-03,2025-04-12,ACTIVE
104181,Customer_04181,RETAIL,Hyderabad,Telangana,1987-02-24,2020-08-10,ACTIVE
104182,Customer_04182,RETAIL,Delhi,Delhi,1982-12-21,2024-04-14,ACTIVE
104183,Customer_04183,RETAIL,Mumbai,Maharashtra,1997-04-01,2020-01-28,ACTIVE
104184,Customer_04184,BUSINESS,Kolkata,West Bengal,2016-12-09,2026-03-12,ACTIVE
104185,Customer_04185,PREMIUM,Mumbai,Maharashtra,1984-05-21,2024-09-08,ACTIVE
104186,Customer_04186,BUSINESS,Chennai,Tamil Nadu,2008-09-08,2025-05-24,ACTIVE
104187,Customer_04187,PREMIUM,Delhi,Delhi,2019-05-19,2024-05-18,ACTIVE
104188,Customer_04188,RETAIL,Pune,Maharashtra,1983-02-20,2022-08-23,ACTIVE
104189,Customer_04189,PREMIUM,Mumbai,Maharashtra,1984-08-19,2026-07-16,ACTIVE
104190,Customer_04190,PREMIUM,Ahmedabad,Gujarat,2014-11-07,2025-03-01,ACTIVE
104191,Customer_04191,RETAIL,Bangalore,Karnataka,1983-08-15,2020-08-01,ACTIVE
104192,Customer_04192,RETAIL,Delhi,Delhi,2009-09-15,2023-10-15,ACTIVE
104193,Customer_04193,RETAIL,Hyderabad,Telangana,2011-11-27,2023-07-26,ACTIVE
104194,Customer_04194,RETAIL,Mumbai,Maharashtra,1992-01-09,2021-11-18,ACTIVE
104195,Customer_04195,RETAIL,Chennai,Tamil Nadu,1991-02-21,2022-12-30,ACTIVE
104196,Customer_04196,RETAIL,Bangalore,Karnataka,2000-07-30,2026-05-29,ACTIVE
104197,Customer_04197,RETAIL,Chennai,Tamil Nadu,1999-12-20,2020-07-26,ACTIVE
104198,Customer_04198,RETAIL,Mumbai,Maharashtra,2014-06-27,2026-02-06,ACTIVE
104199,Customer_04199,RETAIL,Ahmedabad,Gujarat,2003-06-29,2024-08-07,ACTIVE
104200,Customer_04200,RETAIL,Pune,Maharashtra,2018-12-03,2020-09-26,ACTIVE
104201,Customer_04201,RETAIL,Hyderabad,Telangana,1989-01-06,2022-01-02,ACTIVE
104202,Customer_04202,BUSINESS,Hyderabad,Telangana,1990-09-16,2025-07-07,INACTIVE
104203,Customer_04203,RETAIL,Delhi,Delhi,1989-01-23,2024-08-15,ACTIVE
104204,Customer_04204,RETAIL,Pune,Maharashtra,2005-11-18,2020-07-05,ACTIVE
104205,Customer_04205,RETAIL,Delhi,Delhi,1980-07-16,2020-12-19,ACTIVE
104206,Customer_04206,PREMIUM,Kolkata,West Bengal,2014-06-29,2026-02-07,ACTIVE
104207,Customer_04207,RETAIL,Ahmedabad,Gujarat,2010-11-11,2021-01-13,ACTIVE
104208,Customer_04208,RETAIL,Ahmedabad,Gujarat,2019-09-30,2024-02-06,ACTIVE
104209,Customer_04209,RETAIL,Pune,Maharashtra,2018-07-11,2026-07-17,ACTIVE
104210,Customer_04210,PREMIUM,Chennai,Tamil Nadu,1982-01-25,2021-02-03,ACTIVE
104211,Customer_04211,BUSINESS,Pune,Maharashtra,2009-11-14,2020-04-16,ACTIVE
104212,Customer_04212,RETAIL,Hyderabad,Telangana,1999-11-06,2025-05-15,ACTIVE
104213,Customer_04213,RETAIL,Bangalore,Karnataka,2009-05-15,2026-03-29,ACTIVE
104214,Customer_04214,RETAIL,Hyderabad,Telangana,2015-01-16,2023-05-22,ACTIVE
104215,Customer_04215,RETAIL,Hyderabad,Telangana,2003-02-11,2021-07-13,ACTIVE
104216,Customer_04216,PREMIUM,Ahmedabad,Gujarat,1979-04-18,2020-05-22,ACTIVE
104217,Customer_04217,BUSINESS,Bangalore,Karnataka,2014-09-05,2025-12-27,ACTIVE
104218,Customer_04218,BUSINESS,Delhi,Delhi,1997-02-13,2025-03-31,ACTIVE
104219,Customer_04219,PREMIUM,Chennai,Tamil Nadu,1998-01-02,2025-11-21,ACTIVE
104220,Customer_04220,RETAIL,Pune,Maharashtra,2003-02-26,2025-03-07,ACTIVE
104221,Customer_04221,BUSINESS,Mumbai,Maharashtra,2016-08-08,2022-11-04,ACTIVE
104222,Customer_04222,RETAIL,Chennai,Tamil Nadu,2000-10-14,2023-03-02,INACTIVE
104223,Customer_04223,RETAIL,Kolkata,West Bengal,1987-09-10,2022-07-06,ACTIVE
104224,Customer_04224,PREMIUM,Chennai,Tamil Nadu,2009-04-04,2024-10-20,ACTIVE
104225,Customer_04225,RETAIL,Kolkata,West Bengal,2005-02-28,2020-08-28,ACTIVE
104226,Customer_04226,PREMIUM,Pune,Maharashtra,1981-11-08,2020-04-06,INACTIVE
104227,Customer_04227,BUSINESS,Bangalore,Karnataka,2001-01-15,2026-04-26,ACTIVE
104228,Customer_04228,PREMIUM,Chennai,Tamil Nadu,2011-06-03,2022-02-02,ACTIVE
104229,Customer_04229,PREMIUM,Delhi,Delhi,2015-06-22,2020-03-24,ACTIVE
104230,Customer_04230,RETAIL,Mumbai,Maharashtra,1990-10-17,2024-06-03,ACTIVE
104231,Customer_04231,RETAIL,Mumbai,Maharashtra,2000-08-15,2022-08-15,ACTIVE
104232,Customer_04232,PREMIUM,Ahmedabad,Gujarat,2013-01-05,2021-07-07,ACTIVE
104233,Customer_04233,RETAIL,Chennai,Tamil Nadu,2003-02-20,2022-11-08,ACTIVE
104234,Customer_04234,BUSINESS,Delhi,Delhi,1996-05-23,2022-12-16,ACTIVE
104235,Customer_04235,RETAIL,Delhi,Delhi,1986-09-24,2024-01-08,ACTIVE
104236,Customer_04236,RETAIL,Mumbai,Maharashtra,1980-12-04,2026-02-14,ACTIVE
104237,Customer_04237,RETAIL,Ahmedabad,Gujarat,2007-07-04,2025-10-15,ACTIVE
104238,Customer_04238,PREMIUM,Mumbai,Maharashtra,2018-10-01,2025-06-07,ACTIVE
104239,Customer_04239,PREMIUM,Kolkata,West Bengal,2003-11-03,2023-03-27,ACTIVE
104240,Customer_04240,BUSINESS,Pune,Maharashtra,2011-03-22,2023-09-01,ACTIVE
104241,Customer_04241,RETAIL,Delhi,Delhi,2006-12-22,2020-11-13,ACTIVE
104242,Customer_04242,RETAIL,Delhi,Delhi,1993-06-13,2023-10-16,ACTIVE
104243,Customer_04243,RETAIL,Kolkata,West Bengal,2000-08-20,2024-05-30,ACTIVE
104244,Customer_04244,RETAIL,Mumbai,Maharashtra,1990-04-03,2025-10-29,ACTIVE
104245,Customer_04245,RETAIL,Delhi,Delhi,1988-05-01,2020-04-21,ACTIVE
104246,Customer_04246,RETAIL,Delhi,Delhi,2003-05-09,2025-09-02,ACTIVE
104247,Customer_04247,RETAIL,Delhi,Delhi,2005-09-11,2023-05-29,ACTIVE
104248,Customer_04248,RETAIL,Pune,Maharashtra,2019-09-17,2020-07-30,ACTIVE
104249,Customer_04249,RETAIL,Ahmedabad,Gujarat,1988-11-11,2026-07-17,ACTIVE
104250,Customer_04250,PREMIUM,Bangalore,Karnataka,1991-01-30,2023-01-22,ACTIVE
104251,Customer_04251,RETAIL,Bangalore,Karnataka,1985-12-26,2022-09-14,ACTIVE
104252,Customer_04252,RETAIL,Bangalore,Karnataka,2018-02-09,2021-04-03,ACTIVE
104253,Customer_04253,PREMIUM,Ahmedabad,Gujarat,2011-04-05,2020-06-25,ACTIVE
104254,Customer_04254,PREMIUM,Delhi,Delhi,1992-09-24,2020-07-18,ACTIVE
104255,Customer_04255,PREMIUM,Delhi,Delhi,2018-12-16,2021-10-03,ACTIVE
104256,Customer_04256,RETAIL,Delhi,Delhi,2008-01-30,2021-12-02,ACTIVE
104257,Customer_04257,RETAIL,Delhi,Delhi,1998-09-23,2023-01-16,ACTIVE
104258,Customer_04258,BUSINESS,Mumbai,Maharashtra,1994-11-04,2024-01-05,ACTIVE
104259,Customer_04259,RETAIL,Chennai,Tamil Nadu,2002-07-17,2026-07-08,ACTIVE
104260,Customer_04260,RETAIL,Mumbai,Maharashtra,1982-08-28,2025-03-21,ACTIVE
104261,Customer_04261,BUSINESS,Pune,Maharashtra,1986-03-25,2023-03-12,ACTIVE
104262,Customer_04262,RETAIL,Pune,Maharashtra,2017-08-11,2025-12-29,ACTIVE
104263,Customer_04263,PREMIUM,Delhi,Delhi,1987-08-26,2023-08-31,ACTIVE
104264,Customer_04264,PREMIUM,Kolkata,West Bengal,1985-11-23,2022-10-12,ACTIVE
104265,Customer_04265,RETAIL,Chennai,Tamil Nadu,2014-06-24,2021-06-05,ACTIVE
104266,Customer_04266,PREMIUM,Ahmedabad,Gujarat,2017-12-17,2022-10-10,ACTIVE
104267,Customer_04267,RETAIL,Delhi,Delhi,2012-10-03,2020-04-08,ACTIVE
104268,Customer_04268,PREMIUM,Ahmedabad,Gujarat,1983-05-29,2021-01-02,INACTIVE
104269,Customer_04269,BUSINESS,Mumbai,Maharashtra,2013-08-13,2026-03-17,ACTIVE
104270,Customer_04270,PREMIUM,Chennai,Tamil Nadu,1990-02-16,2021-04-12,ACTIVE
104271,Customer_04271,RETAIL,Kolkata,West Bengal,1979-08-14,2023-09-23,ACTIVE
104272,Customer_04272,PREMIUM,Chennai,Tamil Nadu,2016-12-25,2020-09-02,ACTIVE
104273,Customer_04273,BUSINESS,Ahmedabad,Gujarat,1990-02-26,2023-12-13,ACTIVE
104274,Customer_04274,RETAIL,Delhi,Delhi,2006-03-18,2026-05-31,ACTIVE
104275,Customer_04275,RETAIL,Mumbai,Maharashtra,1982-03-12,2023-01-03,ACTIVE
104276,Customer_04276,RETAIL,Kolkata,West Bengal,1986-12-12,2020-11-02,ACTIVE
104277,Customer_04277,PREMIUM,Mumbai,Maharashtra,2015-05-03,2020-02-24,ACTIVE
104278,Customer_04278,RETAIL,Kolkata,West Bengal,2003-06-25,2024-12-20,ACTIVE
104279,Customer_04279,RETAIL,Hyderabad,Telangana,2020-03-05,2020-09-04,ACTIVE
104280,Customer_04280,BUSINESS,Kolkata,West Bengal,1986-07-28,2022-02-01,ACTIVE
104281,Customer_04281,BUSINESS,Bangalore,Karnataka,2015-09-30,2025-07-17,ACTIVE
104282,Customer_04282,BUSINESS,Ahmedabad,Gujarat,2015-01-28,2023-07-13,ACTIVE
104283,Customer_04283,RETAIL,Pune,Maharashtra,2017-02-12,2025-09-26,ACTIVE
104284,Customer_04284,RETAIL,Bangalore,Karnataka,1981-03-18,2025-09-25,ACTIVE
104285,Customer_04285,RETAIL,Mumbai,Maharashtra,1983-06-16,2024-05-06,ACTIVE
104286,Customer_04286,RETAIL,Kolkata,West Bengal,2000-12-02,2026-02-24,ACTIVE
104287,Customer_04287,PREMIUM,Hyderabad,Telangana,1983-12-01,2020-03-28,ACTIVE
104288,Customer_04288,RETAIL,Kolkata,West Bengal,1981-10-09,2021-07-30,ACTIVE
104289,Customer_04289,RETAIL,Kolkata,West Bengal,2012-06-26,2021-10-26,ACTIVE
104290,Customer_04290,RETAIL,Delhi,Delhi,2007-09-16,2025-12-27,ACTIVE
104291,Customer_04291,RETAIL,Mumbai,Maharashtra,2013-10-29,2024-01-31,ACTIVE
104292,Customer_04292,PREMIUM,Ahmedabad,Gujarat,2017-08-05,2021-08-27,ACTIVE
104293,Customer_04293,PREMIUM,Bangalore,Karnataka,1985-01-07,2021-05-15,ACTIVE
104294,Customer_04294,RETAIL,Mumbai,Maharashtra,2013-04-17,2025-04-15,ACTIVE
104295,Customer_04295,RETAIL,Ahmedabad,Gujarat,1980-12-17,2025-08-23,INACTIVE
104296,Customer_04296,RETAIL,Ahmedabad,Gujarat,1994-06-06,2020-02-06,ACTIVE
104297,Customer_04297,RETAIL,Bangalore,Karnataka,1991-05-21,2022-05-26,ACTIVE
104298,Customer_04298,BUSINESS,Kolkata,West Bengal,1988-11-22,2023-07-08,ACTIVE
104299,Customer_04299,PREMIUM,Mumbai,Maharashtra,2008-09-03,2021-07-18,ACTIVE
104300,Customer_04300,RETAIL,Mumbai,Maharashtra,1984-02-19,2024-10-07,ACTIVE
104301,Customer_04301,PREMIUM,Delhi,Delhi,2012-05-23,2024-12-23,ACTIVE
104302,Customer_04302,RETAIL,Hyderabad,Telangana,2015-01-16,2025-07-06,ACTIVE
104303,Customer_04303,RETAIL,Pune,Maharashtra,2006-07-03,2025-03-01,ACTIVE
104304,Customer_04304,RETAIL,Mumbai,Maharashtra,1982-06-30,2025-07-11,ACTIVE
104305,Customer_04305,RETAIL,Hyderabad,Telangana,2003-09-01,2022-05-27,ACTIVE
104306,Customer_04306,RETAIL,Kolkata,West Bengal,2004-12-27,2021-12-18,INACTIVE
104307,Customer_04307,PREMIUM,Hyderabad,Telangana,1994-06-26,2022-01-28,ACTIVE
104308,Customer_04308,BUSINESS,Kolkata,West Bengal,1994-04-01,2025-08-09,ACTIVE
104309,Customer_04309,RETAIL,Kolkata,West Bengal,1998-06-07,2024-04-06,ACTIVE
104310,Customer_04310,RETAIL,Chennai,Tamil Nadu,2020-01-22,2022-02-15,ACTIVE
104311,Customer_04311,RETAIL,Chennai,Tamil Nadu,1979-04-25,2024-09-27,ACTIVE
104312,Customer_04312,RETAIL,Kolkata,West Bengal,2000-01-23,2021-07-15,ACTIVE
104313,Customer_04313,RETAIL,Delhi,Delhi,1992-03-06,2021-10-01,ACTIVE
104314,Customer_04314,RETAIL,Mumbai,Maharashtra,2001-09-13,2020-01-04,ACTIVE
104315,Customer_04315,RETAIL,Kolkata,West Bengal,1979-04-30,2026-05-08,INACTIVE
104316,Customer_04316,BUSINESS,Delhi,Delhi,2016-11-10,2021-07-19,ACTIVE
104317,Customer_04317,PREMIUM,Ahmedabad,Gujarat,1997-12-06,2024-12-10,ACTIVE
104318,Customer_04318,RETAIL,Bangalore,Karnataka,2018-12-26,2020-10-11,ACTIVE
104319,Customer_04319,PREMIUM,Kolkata,West Bengal,1985-07-01,2020-03-27,ACTIVE
104320,Customer_04320,RETAIL,Mumbai,Maharashtra,2003-02-18,2024-06-07,ACTIVE
104321,Customer_04321,PREMIUM,Hyderabad,Telangana,2007-01-31,2020-08-24,ACTIVE
104322,Customer_04322,RETAIL,Bangalore,Karnataka,2011-11-11,2020-12-13,INACTIVE
104323,Customer_04323,RETAIL,Bangalore,Karnataka,1979-07-15,2022-03-03,ACTIVE
104324,Customer_04324,PREMIUM,Delhi,Delhi,2005-03-26,2023-11-05,ACTIVE
104325,Customer_04325,RETAIL,Ahmedabad,Gujarat,1985-03-27,2020-02-13,INACTIVE
104326,Customer_04326,RETAIL,Bangalore,Karnataka,1996-09-19,2020-10-30,ACTIVE
104327,Customer_04327,RETAIL,Kolkata,West Bengal,1981-05-10,2022-03-22,ACTIVE
104328,Customer_04328,RETAIL,Bangalore,Karnataka,1981-07-08,2024-08-17,ACTIVE
104329,Customer_04329,RETAIL,Mumbai,Maharashtra,2010-08-20,2020-08-22,ACTIVE
104330,Customer_04330,RETAIL,Ahmedabad,Gujarat,2008-08-22,2021-11-16,ACTIVE
104331,Customer_04331,RETAIL,Pune,Maharashtra,2015-12-07,2021-04-07,ACTIVE
104332,Customer_04332,RETAIL,Delhi,Delhi,2007-12-03,2022-01-10,ACTIVE
104333,Customer_04333,RETAIL,Kolkata,West Bengal,2003-08-20,2021-09-10,ACTIVE
104334,Customer_04334,RETAIL,Ahmedabad,Gujarat,1983-12-16,2024-03-16,ACTIVE
104335,Customer_04335,PREMIUM,Ahmedabad,Gujarat,2010-08-02,2020-06-10,ACTIVE
104336,Customer_04336,PREMIUM,Bangalore,Karnataka,1988-08-12,2026-03-03,ACTIVE
104337,Customer_04337,RETAIL,Kolkata,West Bengal,1983-07-18,2021-08-09,ACTIVE
104338,Customer_04338,RETAIL,Delhi,Delhi,2009-03-25,2026-07-07,ACTIVE
104339,Customer_04339,RETAIL,Hyderabad,Telangana,2003-04-25,2024-10-16,ACTIVE
104340,Customer_04340,RETAIL,Chennai,Tamil Nadu,1985-04-24,2022-05-07,ACTIVE
104341,Customer_04341,RETAIL,Mumbai,Maharashtra,2001-09-20,2021-12-26,ACTIVE
104342,Customer_04342,RETAIL,Bangalore,Karnataka,2007-07-17,2026-03-21,ACTIVE
104343,Customer_04343,PREMIUM,Bangalore,Karnataka,1999-08-27,2026-07-19,ACTIVE
104344,Customer_04344,RETAIL,Delhi,Delhi,2008-08-25,2024-01-09,ACTIVE
104345,Customer_04345,RETAIL,Delhi,Delhi,1999-11-19,2020-04-23,ACTIVE
104346,Customer_04346,RETAIL,Chennai,Tamil Nadu,1993-09-04,2025-12-15,ACTIVE
104347,Customer_04347,RETAIL,Mumbai,Maharashtra,1988-05-04,2023-02-18,ACTIVE
104348,Customer_04348,PREMIUM,Pune,Maharashtra,1989-10-07,2020-03-07,ACTIVE
104349,Customer_04349,PREMIUM,Kolkata,West Bengal,2012-05-23,2025-04-08,ACTIVE
104350,Customer_04350,RETAIL,Delhi,Delhi,1994-06-26,2020-03-20,ACTIVE
104351,Customer_04351,PREMIUM,Chennai,Tamil Nadu,2008-07-29,2022-06-11,ACTIVE
104352,Customer_04352,RETAIL,Chennai,Tamil Nadu,1993-11-30,2020-06-27,ACTIVE
104353,Customer_04353,RETAIL,Chennai,Tamil Nadu,2000-09-28,2022-11-14,ACTIVE
104354,Customer_04354,PREMIUM,Bangalore,Karnataka,2004-02-04,2025-04-14,ACTIVE
104355,Customer_04355,PREMIUM,Bangalore,Karnataka,1998-10-13,2020-11-05,ACTIVE
104356,Customer_04356,RETAIL,Kolkata,West Bengal,2009-09-17,2020-11-27,ACTIVE
104357,Customer_04357,BUSINESS,Ahmedabad,Gujarat,2017-02-12,2026-04-14,ACTIVE
104358,Customer_04358,RETAIL,Delhi,Delhi,2014-07-22,2021-02-27,ACTIVE
104359,Customer_04359,RETAIL,Hyderabad,Telangana,2017-01-02,2020-09-27,ACTIVE
104360,Customer_04360,RETAIL,Ahmedabad,Gujarat,1980-05-24,2023-11-05,ACTIVE
104361,Customer_04361,RETAIL,Mumbai,Maharashtra,2010-05-07,2021-10-26,ACTIVE
104362,Customer_04362,RETAIL,Kolkata,West Bengal,2009-01-01,2026-04-16,ACTIVE
104363,Customer_04363,RETAIL,Bangalore,Karnataka,1996-02-07,2021-01-27,ACTIVE
104364,Customer_04364,RETAIL,Ahmedabad,Gujarat,1992-01-25,2023-09-23,ACTIVE
104365,Customer_04365,PREMIUM,Chennai,Tamil Nadu,1981-05-07,2026-01-19,ACTIVE
104366,Customer_04366,RETAIL,Kolkata,West Bengal,2013-08-09,2024-10-24,ACTIVE
104367,Customer_04367,PREMIUM,Pune,Maharashtra,2013-09-01,2020-03-10,ACTIVE
104368,Customer_04368,PREMIUM,Pune,Maharashtra,1982-04-10,2021-03-26,ACTIVE
104369,Customer_04369,PREMIUM,Ahmedabad,Gujarat,2003-01-27,2020-10-27,ACTIVE
104370,Customer_04370,PREMIUM,Chennai,Tamil Nadu,2001-10-19,2026-01-03,ACTIVE
104371,Customer_04371,PREMIUM,Chennai,Tamil Nadu,1986-03-31,2021-04-29,ACTIVE
104372,Customer_04372,RETAIL,Pune,Maharashtra,2001-09-12,2020-05-14,ACTIVE
104373,Customer_04373,PREMIUM,Pune,Maharashtra,2012-07-02,2022-07-07,ACTIVE
104374,Customer_04374,BUSINESS,Kolkata,West Bengal,1992-07-28,2021-11-09,ACTIVE
104375,Customer_04375,RETAIL,Delhi,Delhi,2008-12-20,2021-01-28,ACTIVE
104376,Customer_04376,RETAIL,Chennai,Tamil Nadu,2019-01-05,2022-12-24,ACTIVE
104377,Customer_04377,BUSINESS,Delhi,Delhi,1997-11-03,2025-12-01,ACTIVE
104378,Customer_04378,RETAIL,Delhi,Delhi,1983-07-22,2021-06-26,ACTIVE
104379,Customer_04379,RETAIL,Pune,Maharashtra,1991-05-18,2026-06-13,ACTIVE
104380,Customer_04380,RETAIL,Ahmedabad,Gujarat,1984-10-06,2024-05-12,ACTIVE
104381,Customer_04381,RETAIL,Ahmedabad,Gujarat,1993-08-26,2022-07-06,ACTIVE
104382,Customer_04382,RETAIL,Mumbai,Maharashtra,2005-08-15,2024-06-17,ACTIVE
104383,Customer_04383,RETAIL,Delhi,Delhi,1987-06-27,2022-04-16,ACTIVE
104384,Customer_04384,BUSINESS,Chennai,Tamil Nadu,2000-04-14,2021-05-23,ACTIVE
104385,Customer_04385,RETAIL,Bangalore,Karnataka,2020-02-26,2021-07-16,ACTIVE
104386,Customer_04386,RETAIL,Hyderabad,Telangana,1990-01-10,2020-01-21,ACTIVE
104387,Customer_04387,PREMIUM,Delhi,Delhi,2015-04-20,2024-04-05,ACTIVE
104388,Customer_04388,PREMIUM,Mumbai,Maharashtra,1991-08-30,2020-06-27,ACTIVE
104389,Customer_04389,RETAIL,Delhi,Delhi,2004-05-20,2021-04-21,ACTIVE
104390,Customer_04390,RETAIL,Chennai,Tamil Nadu,1985-08-12,2020-01-02,ACTIVE
104391,Customer_04391,RETAIL,Pune,Maharashtra,1990-03-05,2020-06-05,ACTIVE
104392,Customer_04392,PREMIUM,Kolkata,West Bengal,2014-10-20,2025-12-12,INACTIVE
104393,Customer_04393,RETAIL,Mumbai,Maharashtra,2003-05-21,2020-02-27,INACTIVE
104394,Customer_04394,RETAIL,Mumbai,Maharashtra,2002-07-21,2024-01-31,ACTIVE
104395,Customer_04395,PREMIUM,Chennai,Tamil Nadu,2000-02-20,2022-02-25,ACTIVE
104396,Customer_04396,PREMIUM,Chennai,Tamil Nadu,1989-03-21,2020-11-28,ACTIVE
104397,Customer_04397,RETAIL,Delhi,Delhi,2017-04-28,2021-12-20,INACTIVE
104398,Customer_04398,PREMIUM,Delhi,Delhi,1995-04-28,2020-08-10,ACTIVE
104399,Customer_04399,PREMIUM,Mumbai,Maharashtra,1979-08-20,2022-01-21,ACTIVE
104400,Customer_04400,PREMIUM,Hyderabad,Telangana,2016-05-26,2025-05-16,ACTIVE
104401,Customer_04401,PREMIUM,Bangalore,Karnataka,1981-01-28,2024-01-28,ACTIVE
104402,Customer_04402,PREMIUM,Mumbai,Maharashtra,2015-08-02,2025-04-30,ACTIVE
104403,Customer_04403,RETAIL,Bangalore,Karnataka,1990-02-02,2024-07-29,ACTIVE
104404,Customer_04404,RETAIL,Ahmedabad,Gujarat,1982-01-01,2026-02-03,ACTIVE
104405,Customer_04405,PREMIUM,Delhi,Delhi,1988-03-20,2020-09-16,INACTIVE
104406,Customer_04406,RETAIL,Ahmedabad,Gujarat,2006-01-10,2021-01-17,ACTIVE
104407,Customer_04407,RETAIL,Delhi,Delhi,2001-07-30,2022-09-14,ACTIVE
104408,Customer_04408,RETAIL,Pune,Maharashtra,1985-06-12,2023-06-07,ACTIVE
104409,Customer_04409,PREMIUM,Delhi,Delhi,1991-06-29,2025-02-24,ACTIVE
104410,Customer_04410,RETAIL,Delhi,Delhi,1987-10-29,2020-10-18,ACTIVE
104411,Customer_04411,RETAIL,Mumbai,Maharashtra,2005-12-28,2020-09-22,ACTIVE
104412,Customer_04412,RETAIL,Chennai,Tamil Nadu,2014-08-28,2025-03-24,ACTIVE
104413,Customer_04413,RETAIL,Delhi,Delhi,1989-08-22,2023-08-11,ACTIVE
104414,Customer_04414,BUSINESS,Hyderabad,Telangana,2015-12-05,2022-09-16,ACTIVE
104415,Customer_04415,PREMIUM,Bangalore,Karnataka,1995-12-04,2021-06-17,ACTIVE
104416,Customer_04416,RETAIL,Bangalore,Karnataka,1982-07-24,2024-07-27,ACTIVE
104417,Customer_04417,RETAIL,Bangalore,Karnataka,1992-05-28,2025-04-09,ACTIVE
104418,Customer_04418,PREMIUM,Pune,Maharashtra,2015-01-20,2020-03-13,ACTIVE
104419,Customer_04419,RETAIL,Hyderabad,Telangana,2012-05-14,2020-05-09,ACTIVE
104420,Customer_04420,BUSINESS,Mumbai,Maharashtra,2009-01-30,2025-02-10,ACTIVE
104421,Customer_04421,RETAIL,Hyderabad,Telangana,1995-07-17,2025-10-22,ACTIVE
104422,Customer_04422,RETAIL,Ahmedabad,Gujarat,2011-01-08,2021-07-04,ACTIVE
104423,Customer_04423,RETAIL,Kolkata,West Bengal,2008-05-02,2024-08-21,ACTIVE
104424,Customer_04424,RETAIL,Bangalore,Karnataka,2011-09-07,2025-07-15,ACTIVE
104425,Customer_04425,RETAIL,Delhi,Delhi,2002-01-26,2020-09-28,ACTIVE
104426,Customer_04426,PREMIUM,Kolkata,West Bengal,1999-12-30,2021-03-22,ACTIVE
104427,Customer_04427,RETAIL,Delhi,Delhi,2018-11-13,2020-11-08,ACTIVE
104428,Customer_04428,RETAIL,Bangalore,Karnataka,2018-01-19,2025-03-11,ACTIVE
104429,Customer_04429,PREMIUM,Kolkata,West Bengal,2001-03-08,2025-01-25,INACTIVE
104430,Customer_04430,PREMIUM,Ahmedabad,Gujarat,1987-05-24,2020-11-17,ACTIVE
104431,Customer_04431,RETAIL,Ahmedabad,Gujarat,1995-12-17,2021-02-22,ACTIVE
104432,Customer_04432,RETAIL,Mumbai,Maharashtra,1999-11-26,2024-05-11,ACTIVE
104433,Customer_04433,RETAIL,Ahmedabad,Gujarat,2006-12-21,2025-11-23,ACTIVE
104434,Customer_04434,RETAIL,Mumbai,Maharashtra,1992-03-31,2025-02-13,ACTIVE
104435,Customer_04435,PREMIUM,Chennai,Tamil Nadu,1981-01-11,2021-02-06,ACTIVE
104436,Customer_04436,RETAIL,Ahmedabad,Gujarat,2012-12-09,2022-07-15,INACTIVE
104437,Customer_04437,RETAIL,Hyderabad,Telangana,2018-02-20,2020-06-08,ACTIVE
104438,Customer_04438,PREMIUM,Ahmedabad,Gujarat,1982-07-24,2021-08-09,ACTIVE
104439,Customer_04439,RETAIL,Delhi,Delhi,1992-03-30,2023-09-14,INACTIVE
104440,Customer_04440,RETAIL,Delhi,Delhi,1996-12-22,2022-04-06,ACTIVE
104441,Customer_04441,RETAIL,Delhi,Delhi,2010-05-24,2023-12-27,ACTIVE
104442,Customer_04442,BUSINESS,Delhi,Delhi,2010-12-06,2021-12-12,ACTIVE
104443,Customer_04443,PREMIUM,Hyderabad,Telangana,1993-04-06,2023-09-14,ACTIVE
104444,Customer_04444,RETAIL,Bangalore,Karnataka,1991-12-29,2024-02-28,ACTIVE
104445,Customer_04445,PREMIUM,Hyderabad,Telangana,1995-10-21,2021-04-11,ACTIVE
104446,Customer_04446,RETAIL,Bangalore,Karnataka,1989-01-15,2020-04-16,ACTIVE
104447,Customer_04447,RETAIL,Delhi,Delhi,1997-02-02,2022-03-22,ACTIVE
104448,Customer_04448,RETAIL,Pune,Maharashtra,1989-12-12,2020-04-09,ACTIVE
104449,Customer_04449,RETAIL,Chennai,Tamil Nadu,1981-08-21,2021-01-17,ACTIVE
104450,Customer_04450,RETAIL,Ahmedabad,Gujarat,2008-06-20,2021-11-21,ACTIVE
104451,Customer_04451,BUSINESS,Kolkata,West Bengal,2011-06-29,2022-03-22,INACTIVE
104452,Customer_04452,RETAIL,Delhi,Delhi,1990-12-10,2021-10-26,ACTIVE
104453,Customer_04453,PREMIUM,Bangalore,Karnataka,1995-08-17,2020-05-08,ACTIVE
104454,Customer_04454,PREMIUM,Hyderabad,Telangana,1995-09-14,2021-02-28,ACTIVE
104455,Customer_04455,RETAIL,Chennai,Tamil Nadu,1980-01-28,2025-10-19,ACTIVE
104456,Customer_04456,RETAIL,Mumbai,Maharashtra,2001-07-29,2024-09-16,ACTIVE
104457,Customer_04457,RETAIL,Chennai,Tamil Nadu,1997-12-28,2022-12-02,ACTIVE
104458,Customer_04458,RETAIL,Mumbai,Maharashtra,2017-10-19,2020-02-27,INACTIVE
104459,Customer_04459,RETAIL,Mumbai,Maharashtra,1994-06-07,2022-05-09,ACTIVE
104460,Customer_04460,BUSINESS,Hyderabad,Telangana,2011-10-15,2026-01-27,ACTIVE
104461,Customer_04461,PREMIUM,Mumbai,Maharashtra,1995-03-17,2025-04-27,ACTIVE
104462,Customer_04462,RETAIL,Delhi,Delhi,1986-10-10,2024-12-22,INACTIVE
104463,Customer_04463,RETAIL,Chennai,Tamil Nadu,1993-06-25,2021-08-19,ACTIVE
104464,Customer_04464,RETAIL,Hyderabad,Telangana,2015-06-07,2022-08-25,ACTIVE
104465,Customer_04465,BUSINESS,Bangalore,Karnataka,1989-09-09,2020-03-09,ACTIVE
104466,Customer_04466,RETAIL,Mumbai,Maharashtra,2013-11-09,2025-08-23,ACTIVE
104467,Customer_04467,RETAIL,Kolkata,West Bengal,2006-06-30,2020-09-28,ACTIVE
104468,Customer_04468,RETAIL,Ahmedabad,Gujarat,2009-10-08,2024-01-23,ACTIVE
104469,Customer_04469,RETAIL,Ahmedabad,Gujarat,2010-01-25,2021-11-07,ACTIVE
104470,Customer_04470,RETAIL,Hyderabad,Telangana,2000-05-23,2023-09-30,ACTIVE
104471,Customer_04471,PREMIUM,Bangalore,Karnataka,2003-11-18,2025-06-08,INACTIVE
104472,Customer_04472,RETAIL,Ahmedabad,Gujarat,1982-01-12,2022-01-21,ACTIVE
104473,Customer_04473,RETAIL,Bangalore,Karnataka,2007-11-15,2020-02-10,ACTIVE
104474,Customer_04474,RETAIL,Pune,Maharashtra,2008-05-20,2024-05-10,ACTIVE
104475,Customer_04475,RETAIL,Kolkata,West Bengal,1983-06-04,2023-07-01,ACTIVE
104476,Customer_04476,BUSINESS,Delhi,Delhi,2000-06-14,2020-12-01,ACTIVE
104477,Customer_04477,RETAIL,Ahmedabad,Gujarat,2000-01-25,2020-04-26,ACTIVE
104478,Customer_04478,PREMIUM,Delhi,Delhi,1991-11-20,2023-06-13,ACTIVE
104479,Customer_04479,RETAIL,Kolkata,West Bengal,1981-11-18,2024-01-12,ACTIVE
104480,Customer_04480,PREMIUM,Chennai,Tamil Nadu,1979-07-29,2020-10-05,ACTIVE
104481,Customer_04481,BUSINESS,Bangalore,Karnataka,1987-09-24,2023-12-08,ACTIVE
104482,Customer_04482,RETAIL,Delhi,Delhi,1988-08-26,2022-12-04,INACTIVE
104483,Customer_04483,BUSINESS,Kolkata,West Bengal,1987-11-13,2020-11-25,ACTIVE
104484,Customer_04484,RETAIL,Mumbai,Maharashtra,2004-01-15,2024-01-19,ACTIVE
104485,Customer_04485,PREMIUM,Bangalore,Karnataka,1996-06-17,2024-03-29,ACTIVE
104486,Customer_04486,RETAIL,Delhi,Delhi,1983-10-11,2021-01-08,ACTIVE
104487,Customer_04487,RETAIL,Chennai,Tamil Nadu,1982-08-11,2024-06-04,ACTIVE
104488,Customer_04488,RETAIL,Delhi,Delhi,2006-01-30,2021-06-17,ACTIVE
104489,Customer_04489,BUSINESS,Hyderabad,Telangana,2017-07-18,2023-12-04,ACTIVE
104490,Customer_04490,BUSINESS,Bangalore,Karnataka,2012-10-29,2025-05-05,ACTIVE
104491,Customer_04491,RETAIL,Pune,Maharashtra,2010-04-14,2026-02-27,ACTIVE
104492,Customer_04492,BUSINESS,Pune,Maharashtra,1992-03-25,2021-09-05,ACTIVE
104493,Customer_04493,PREMIUM,Hyderabad,Telangana,2008-01-28,2022-03-24,ACTIVE
104494,Customer_04494,RETAIL,Delhi,Delhi,1982-07-13,2020-08-17,INACTIVE
104495,Customer_04495,RETAIL,Delhi,Delhi,1986-03-15,2026-05-15,ACTIVE
104496,Customer_04496,RETAIL,Hyderabad,Telangana,1984-11-25,2022-03-04,ACTIVE
104497,Customer_04497,RETAIL,Delhi,Delhi,1986-09-16,2025-04-09,ACTIVE
104498,Customer_04498,RETAIL,Bangalore,Karnataka,1993-11-11,2026-02-22,ACTIVE
104499,Customer_04499,BUSINESS,Pune,Maharashtra,1980-12-15,2023-02-15,ACTIVE
104500,Customer_04500,RETAIL,Delhi,Delhi,2012-07-27,2024-07-23,ACTIVE
104501,Customer_04501,PREMIUM,Hyderabad,Telangana,2008-07-12,2023-02-07,ACTIVE
104502,Customer_04502,RETAIL,Chennai,Tamil Nadu,2005-03-19,2023-10-13,ACTIVE
104503,Customer_04503,RETAIL,Ahmedabad,Gujarat,1986-05-16,2021-08-22,ACTIVE
104504,Customer_04504,RETAIL,Kolkata,West Bengal,2014-10-22,2025-07-10,ACTIVE
104505,Customer_04505,RETAIL,Mumbai,Maharashtra,1979-06-05,2020-10-22,ACTIVE
104506,Customer_04506,RETAIL,Bangalore,Karnataka,2020-01-02,2024-05-03,ACTIVE
104507,Customer_04507,RETAIL,Delhi,Delhi,2009-01-04,2026-01-16,ACTIVE
104508,Customer_04508,RETAIL,Chennai,Tamil Nadu,1987-06-26,2025-04-30,ACTIVE
104509,Customer_04509,PREMIUM,Delhi,Delhi,1987-03-31,2024-12-25,ACTIVE
104510,Customer_04510,RETAIL,Ahmedabad,Gujarat,2007-09-13,2024-04-26,ACTIVE
104511,Customer_04511,RETAIL,Delhi,Delhi,2012-05-09,2026-03-19,ACTIVE
104512,Customer_04512,RETAIL,Chennai,Tamil Nadu,1998-04-28,2025-09-05,ACTIVE
104513,Customer_04513,RETAIL,Mumbai,Maharashtra,1981-08-19,2021-10-21,ACTIVE
104514,Customer_04514,PREMIUM,Ahmedabad,Gujarat,1999-06-07,2024-02-06,ACTIVE
104515,Customer_04515,RETAIL,Ahmedabad,Gujarat,1998-11-08,2022-10-25,ACTIVE
104516,Customer_04516,BUSINESS,Kolkata,West Bengal,1992-07-14,2021-09-27,ACTIVE
104517,Customer_04517,PREMIUM,Delhi,Delhi,2016-03-31,2025-05-17,ACTIVE
104518,Customer_04518,RETAIL,Mumbai,Maharashtra,1993-03-25,2020-04-08,ACTIVE
104519,Customer_04519,RETAIL,Hyderabad,Telangana,1989-03-02,2020-11-03,ACTIVE
104520,Customer_04520,RETAIL,Bangalore,Karnataka,2006-12-09,2020-09-09,INACTIVE
104521,Customer_04521,BUSINESS,Ahmedabad,Gujarat,2004-07-22,2021-04-29,ACTIVE
104522,Customer_04522,RETAIL,Hyderabad,Telangana,2004-08-29,2023-05-14,ACTIVE
104523,Customer_04523,RETAIL,Chennai,Tamil Nadu,1999-11-12,2026-03-11,ACTIVE
104524,Customer_04524,RETAIL,Ahmedabad,Gujarat,1992-03-30,2026-05-21,ACTIVE
104525,Customer_04525,RETAIL,Kolkata,West Bengal,1989-09-29,2025-11-30,ACTIVE
104526,Customer_04526,RETAIL,Bangalore,Karnataka,1984-01-13,2024-12-27,ACTIVE
104527,Customer_04527,RETAIL,Mumbai,Maharashtra,1986-10-16,2023-01-08,ACTIVE
104528,Customer_04528,RETAIL,Mumbai,Maharashtra,2002-11-29,2025-02-04,ACTIVE
104529,Customer_04529,PREMIUM,Bangalore,Karnataka,1995-11-04,2021-10-05,INACTIVE
104530,Customer_04530,RETAIL,Chennai,Tamil Nadu,2009-07-12,2024-05-12,ACTIVE
104531,Customer_04531,RETAIL,Mumbai,Maharashtra,2012-03-12,2020-01-20,ACTIVE
104532,Customer_04532,RETAIL,Pune,Maharashtra,2002-02-08,2025-12-08,ACTIVE
104533,Customer_04533,BUSINESS,Hyderabad,Telangana,1983-06-18,2026-05-20,ACTIVE
104534,Customer_04534,RETAIL,Kolkata,West Bengal,1979-04-25,2024-10-31,ACTIVE
104535,Customer_04535,BUSINESS,Mumbai,Maharashtra,1988-07-18,2021-02-23,ACTIVE
104536,Customer_04536,RETAIL,Chennai,Tamil Nadu,1990-10-04,2021-09-12,ACTIVE
104537,Customer_04537,PREMIUM,Mumbai,Maharashtra,1982-03-10,2024-11-10,ACTIVE
104538,Customer_04538,RETAIL,Hyderabad,Telangana,2011-02-20,2023-04-13,ACTIVE
104539,Customer_04539,PREMIUM,Kolkata,West Bengal,1994-03-29,2023-08-07,ACTIVE
104540,Customer_04540,RETAIL,Kolkata,West Bengal,2009-08-29,2022-08-28,ACTIVE
104541,Customer_04541,BUSINESS,Chennai,Tamil Nadu,1987-09-28,2025-06-28,ACTIVE
104542,Customer_04542,BUSINESS,Hyderabad,Telangana,1979-08-05,2021-01-31,ACTIVE
104543,Customer_04543,RETAIL,Ahmedabad,Gujarat,1984-10-15,2022-11-26,ACTIVE
104544,Customer_04544,RETAIL,Chennai,Tamil Nadu,1998-06-24,2021-06-17,ACTIVE
104545,Customer_04545,RETAIL,Bangalore,Karnataka,1998-11-12,2024-07-18,INACTIVE
104546,Customer_04546,RETAIL,Kolkata,West Bengal,1997-02-14,2021-11-15,ACTIVE
104547,Customer_04547,PREMIUM,Chennai,Tamil Nadu,2018-07-26,2021-12-19,ACTIVE
104548,Customer_04548,PREMIUM,Kolkata,West Bengal,2005-12-14,2021-02-20,ACTIVE
104549,Customer_04549,RETAIL,Chennai,Tamil Nadu,2009-03-23,2025-09-03,ACTIVE
104550,Customer_04550,RETAIL,Kolkata,West Bengal,1984-04-18,2021-06-05,ACTIVE
104551,Customer_04551,BUSINESS,Mumbai,Maharashtra,1998-04-14,2025-09-15,ACTIVE
104552,Customer_04552,RETAIL,Mumbai,Maharashtra,2004-09-07,2026-01-08,ACTIVE
104553,Customer_04553,RETAIL,Mumbai,Maharashtra,2003-03-07,2026-05-02,ACTIVE
104554,Customer_04554,RETAIL,Chennai,Tamil Nadu,2018-01-19,2022-04-03,ACTIVE
104555,Customer_04555,RETAIL,Hyderabad,Telangana,1998-09-13,2024-04-20,ACTIVE
104556,Customer_04556,RETAIL,Pune,Maharashtra,1994-06-07,2025-06-09,ACTIVE
104557,Customer_04557,RETAIL,Pune,Maharashtra,2017-12-12,2020-07-06,ACTIVE
104558,Customer_04558,RETAIL,Kolkata,West Bengal,1993-01-07,2020-06-03,ACTIVE
104559,Customer_04559,RETAIL,Kolkata,West Bengal,2002-08-01,2021-05-11,ACTIVE
104560,Customer_04560,PREMIUM,Hyderabad,Telangana,1980-04-29,2026-06-14,INACTIVE
104561,Customer_04561,PREMIUM,Bangalore,Karnataka,1985-12-18,2020-08-03,ACTIVE
104562,Customer_04562,RETAIL,Bangalore,Karnataka,1981-07-09,2025-01-09,ACTIVE
104563,Customer_04563,RETAIL,Mumbai,Maharashtra,1996-04-28,2025-07-06,ACTIVE
104564,Customer_04564,RETAIL,Pune,Maharashtra,2017-06-03,2025-12-16,ACTIVE
104565,Customer_04565,PREMIUM,Ahmedabad,Gujarat,1982-02-03,2023-06-22,ACTIVE
104566,Customer_04566,RETAIL,Delhi,Delhi,2019-03-24,2023-06-16,INACTIVE
104567,Customer_04567,RETAIL,Hyderabad,Telangana,2014-11-07,2024-11-16,ACTIVE
104568,Customer_04568,PREMIUM,Hyderabad,Telangana,1979-05-25,2024-03-02,INACTIVE
104569,Customer_04569,RETAIL,Delhi,Delhi,1979-10-19,2025-03-02,ACTIVE
104570,Customer_04570,RETAIL,Pune,Maharashtra,2016-02-26,2022-05-15,ACTIVE
104571,Customer_04571,RETAIL,Hyderabad,Telangana,2003-03-15,2026-02-18,ACTIVE
104572,Customer_04572,PREMIUM,Mumbai,Maharashtra,1986-04-23,2022-11-02,ACTIVE
104573,Customer_04573,RETAIL,Bangalore,Karnataka,2018-05-03,2021-08-18,ACTIVE
104574,Customer_04574,PREMIUM,Ahmedabad,Gujarat,2002-03-21,2024-12-06,ACTIVE
104575,Customer_04575,RETAIL,Hyderabad,Telangana,2005-04-02,2024-01-30,ACTIVE
104576,Customer_04576,RETAIL,Kolkata,West Bengal,2007-01-06,2020-04-29,INACTIVE
104577,Customer_04577,RETAIL,Mumbai,Maharashtra,1987-06-12,2021-02-03,INACTIVE
104578,Customer_04578,PREMIUM,Pune,Maharashtra,1993-11-28,2020-03-28,INACTIVE
104579,Customer_04579,RETAIL,Delhi,Delhi,1984-06-13,2023-10-14,ACTIVE
104580,Customer_04580,RETAIL,Delhi,Delhi,2000-11-20,2025-09-30,ACTIVE
104581,Customer_04581,PREMIUM,Pune,Maharashtra,2019-09-17,2022-02-13,ACTIVE
104582,Customer_04582,RETAIL,Ahmedabad,Gujarat,2004-12-08,2020-09-21,ACTIVE
104583,Customer_04583,RETAIL,Pune,Maharashtra,2007-08-01,2025-08-05,INACTIVE
104584,Customer_04584,PREMIUM,Hyderabad,Telangana,1987-02-16,2024-09-26,ACTIVE
104585,Customer_04585,PREMIUM,Chennai,Tamil Nadu,2001-06-03,2023-08-01,ACTIVE
104586,Customer_04586,PREMIUM,Chennai,Tamil Nadu,2019-12-30,2021-04-23,ACTIVE
104587,Customer_04587,RETAIL,Pune,Maharashtra,1982-10-13,2024-06-01,ACTIVE
104588,Customer_04588,RETAIL,Delhi,Delhi,1987-07-16,2022-05-28,ACTIVE
104589,Customer_04589,PREMIUM,Chennai,Tamil Nadu,2008-09-23,2021-08-11,ACTIVE
104590,Customer_04590,RETAIL,Delhi,Delhi,1979-08-04,2021-12-05,ACTIVE
104591,Customer_04591,PREMIUM,Hyderabad,Telangana,1987-08-25,2020-05-27,ACTIVE
104592,Customer_04592,RETAIL,Mumbai,Maharashtra,2017-12-11,2023-03-22,ACTIVE
104593,Customer_04593,BUSINESS,Mumbai,Maharashtra,1979-12-14,2024-12-12,ACTIVE
104594,Customer_04594,RETAIL,Hyderabad,Telangana,1996-10-14,2025-06-06,ACTIVE
104595,Customer_04595,RETAIL,Chennai,Tamil Nadu,1992-09-18,2024-10-03,ACTIVE
104596,Customer_04596,RETAIL,Mumbai,Maharashtra,1995-07-15,2025-10-02,ACTIVE
104597,Customer_04597,RETAIL,Ahmedabad,Gujarat,1989-10-05,2026-05-01,ACTIVE
104598,Customer_04598,RETAIL,Mumbai,Maharashtra,1990-06-27,2021-06-16,INACTIVE
104599,Customer_04599,PREMIUM,Ahmedabad,Gujarat,2010-05-28,2022-11-06,ACTIVE
104600,Customer_04600,RETAIL,Hyderabad,Telangana,1980-03-23,2022-03-21,ACTIVE
104601,Customer_04601,RETAIL,Ahmedabad,Gujarat,1984-06-26,2024-07-01,ACTIVE
104602,Customer_04602,RETAIL,Ahmedabad,Gujarat,1990-01-11,2025-07-01,ACTIVE
104603,Customer_04603,PREMIUM,Delhi,Delhi,2013-02-08,2025-11-05,ACTIVE
104604,Customer_04604,RETAIL,Kolkata,West Bengal,1995-04-26,2020-08-03,ACTIVE
104605,Customer_04605,RETAIL,Pune,Maharashtra,1980-08-05,2023-05-20,ACTIVE
104606,Customer_04606,BUSINESS,Bangalore,Karnataka,2000-07-13,2020-10-07,ACTIVE
104607,Customer_04607,RETAIL,Pune,Maharashtra,2004-12-05,2022-03-02,ACTIVE
104608,Customer_04608,RETAIL,Bangalore,Karnataka,1997-12-16,2023-02-24,ACTIVE
104609,Customer_04609,BUSINESS,Kolkata,West Bengal,1982-10-21,2024-01-27,ACTIVE
104610,Customer_04610,RETAIL,Bangalore,Karnataka,2015-04-07,2025-03-11,ACTIVE
104611,Customer_04611,BUSINESS,Mumbai,Maharashtra,2014-05-29,2026-07-14,ACTIVE
104612,Customer_04612,PREMIUM,Delhi,Delhi,2016-08-03,2022-03-17,ACTIVE
104613,Customer_04613,RETAIL,Kolkata,West Bengal,2018-10-02,2023-09-04,ACTIVE
104614,Customer_04614,RETAIL,Chennai,Tamil Nadu,1992-03-10,2020-06-15,ACTIVE
104615,Customer_04615,RETAIL,Chennai,Tamil Nadu,1996-06-24,2020-09-24,ACTIVE
104616,Customer_04616,RETAIL,Bangalore,Karnataka,2018-07-28,2026-05-11,ACTIVE
104617,Customer_04617,RETAIL,Delhi,Delhi,1997-08-20,2026-03-02,ACTIVE
104618,Customer_04618,RETAIL,Chennai,Tamil Nadu,2014-09-08,2026-03-03,ACTIVE
104619,Customer_04619,RETAIL,Hyderabad,Telangana,2005-10-06,2021-09-19,ACTIVE
104620,Customer_04620,PREMIUM,Ahmedabad,Gujarat,2017-04-05,2024-04-13,ACTIVE
104621,Customer_04621,RETAIL,Chennai,Tamil Nadu,1979-08-05,2021-07-03,ACTIVE
104622,Customer_04622,PREMIUM,Ahmedabad,Gujarat,2008-03-03,2024-06-24,ACTIVE
104623,Customer_04623,BUSINESS,Kolkata,West Bengal,2012-01-20,2023-03-09,ACTIVE
104624,Customer_04624,PREMIUM,Mumbai,Maharashtra,1987-04-23,2026-02-18,ACTIVE
104625,Customer_04625,PREMIUM,Bangalore,Karnataka,2009-05-14,2022-06-15,ACTIVE
104626,Customer_04626,PREMIUM,Bangalore,Karnataka,1987-03-08,2024-03-25,ACTIVE
104627,Customer_04627,RETAIL,Mumbai,Maharashtra,2016-04-28,2024-05-01,ACTIVE
104628,Customer_04628,RETAIL,Pune,Maharashtra,2016-06-24,2025-03-07,ACTIVE
104629,Customer_04629,BUSINESS,Kolkata,West Bengal,1979-04-26,2020-05-04,ACTIVE
104630,Customer_04630,PREMIUM,Delhi,Delhi,1999-12-27,2023-01-17,ACTIVE
104631,Customer_04631,PREMIUM,Pune,Maharashtra,1994-11-15,2022-12-21,ACTIVE
104632,Customer_04632,BUSINESS,Delhi,Delhi,2015-09-26,2021-07-01,ACTIVE
104633,Customer_04633,RETAIL,Delhi,Delhi,1992-04-26,2025-04-15,ACTIVE
104634,Customer_04634,RETAIL,Pune,Maharashtra,2008-10-03,2025-06-21,ACTIVE
104635,Customer_04635,RETAIL,Mumbai,Maharashtra,1983-12-16,2020-07-14,ACTIVE
104636,Customer_04636,RETAIL,Kolkata,West Bengal,1987-11-22,2024-06-30,ACTIVE
104637,Customer_04637,RETAIL,Kolkata,West Bengal,2019-08-17,2025-08-29,ACTIVE
104638,Customer_04638,PREMIUM,Bangalore,Karnataka,1994-12-19,2021-11-25,ACTIVE
104639,Customer_04639,RETAIL,Chennai,Tamil Nadu,2010-08-13,2024-02-26,ACTIVE
104640,Customer_04640,RETAIL,Ahmedabad,Gujarat,2018-11-29,2024-02-04,ACTIVE
104641,Customer_04641,PREMIUM,Kolkata,West Bengal,2018-10-21,2020-02-14,ACTIVE
104642,Customer_04642,RETAIL,Mumbai,Maharashtra,1979-12-20,2025-05-13,ACTIVE
104643,Customer_04643,PREMIUM,Ahmedabad,Gujarat,1988-09-20,2024-12-05,ACTIVE
104644,Customer_04644,RETAIL,Mumbai,Maharashtra,2008-07-05,2021-10-10,ACTIVE
104645,Customer_04645,PREMIUM,Mumbai,Maharashtra,2017-03-23,2022-01-23,ACTIVE
104646,Customer_04646,RETAIL,Bangalore,Karnataka,2019-05-12,2025-01-17,INACTIVE
104647,Customer_04647,RETAIL,Hyderabad,Telangana,2008-09-28,2025-04-08,ACTIVE
104648,Customer_04648,RETAIL,Mumbai,Maharashtra,1983-06-11,2020-06-22,ACTIVE
104649,Customer_04649,RETAIL,Delhi,Delhi,2009-08-28,2022-05-11,ACTIVE
104650,Customer_04650,RETAIL,Delhi,Delhi,1990-05-02,2024-02-08,ACTIVE
104651,Customer_04651,PREMIUM,Bangalore,Karnataka,2012-05-16,2020-11-01,ACTIVE
104652,Customer_04652,PREMIUM,Ahmedabad,Gujarat,2001-08-18,2026-07-25,ACTIVE
104653,Customer_04653,RETAIL,Delhi,Delhi,1986-09-19,2021-05-16,INACTIVE
104654,Customer_04654,PREMIUM,Pune,Maharashtra,2013-10-25,2025-09-10,ACTIVE
104655,Customer_04655,PREMIUM,Mumbai,Maharashtra,2019-10-10,2020-06-03,ACTIVE
104656,Customer_04656,PREMIUM,Pune,Maharashtra,1999-12-19,2025-10-02,ACTIVE
104657,Customer_04657,RETAIL,Pune,Maharashtra,2012-07-14,2020-04-06,ACTIVE
104658,Customer_04658,RETAIL,Chennai,Tamil Nadu,1981-08-11,2024-06-20,ACTIVE
104659,Customer_04659,BUSINESS,Bangalore,Karnataka,1990-04-20,2022-05-14,ACTIVE
104660,Customer_04660,RETAIL,Bangalore,Karnataka,1984-05-21,2023-01-11,ACTIVE
104661,Customer_04661,RETAIL,Kolkata,West Bengal,1990-10-28,2020-09-17,ACTIVE
104662,Customer_04662,PREMIUM,Chennai,Tamil Nadu,1994-08-09,2024-06-13,ACTIVE
104663,Customer_04663,RETAIL,Pune,Maharashtra,1996-11-17,2024-02-02,ACTIVE
104664,Customer_04664,PREMIUM,Bangalore,Karnataka,1992-05-30,2022-02-09,ACTIVE
104665,Customer_04665,RETAIL,Delhi,Delhi,2001-07-15,2023-02-07,ACTIVE
104666,Customer_04666,PREMIUM,Kolkata,West Bengal,1988-03-09,2023-08-19,ACTIVE
104667,Customer_04667,BUSINESS,Delhi,Delhi,1993-06-12,2024-07-09,ACTIVE
104668,Customer_04668,BUSINESS,Pune,Maharashtra,2013-08-31,2023-07-19,ACTIVE
104669,Customer_04669,BUSINESS,Hyderabad,Telangana,2002-04-03,2020-05-21,ACTIVE
104670,Customer_04670,PREMIUM,Bangalore,Karnataka,1980-04-08,2023-07-28,INACTIVE
104671,Customer_04671,RETAIL,Mumbai,Maharashtra,1992-08-24,2022-04-16,ACTIVE
104672,Customer_04672,BUSINESS,Hyderabad,Telangana,2013-03-23,2022-09-15,ACTIVE
104673,Customer_04673,BUSINESS,Pune,Maharashtra,1986-07-25,2022-06-08,ACTIVE
104674,Customer_04674,RETAIL,Kolkata,West Bengal,2017-01-06,2022-04-26,ACTIVE
104675,Customer_04675,RETAIL,Kolkata,West Bengal,1991-04-26,2021-07-20,ACTIVE
104676,Customer_04676,RETAIL,Delhi,Delhi,2005-01-15,2022-03-03,ACTIVE
104677,Customer_04677,RETAIL,Chennai,Tamil Nadu,1998-09-03,2024-09-05,ACTIVE
104678,Customer_04678,PREMIUM,Chennai,Tamil Nadu,2004-11-05,2021-06-23,ACTIVE
104679,Customer_04679,RETAIL,Hyderabad,Telangana,2011-11-29,2024-12-26,ACTIVE
104680,Customer_04680,RETAIL,Mumbai,Maharashtra,1985-04-14,2022-11-18,ACTIVE
104681,Customer_04681,RETAIL,Delhi,Delhi,1993-08-18,2024-01-05,ACTIVE
104682,Customer_04682,RETAIL,Pune,Maharashtra,2002-07-03,2020-10-09,ACTIVE
104683,Customer_04683,BUSINESS,Hyderabad,Telangana,1989-11-12,2021-05-12,ACTIVE
104684,Customer_04684,RETAIL,Mumbai,Maharashtra,1994-07-28,2025-12-03,ACTIVE
104685,Customer_04685,RETAIL,Chennai,Tamil Nadu,2015-07-18,2025-06-17,ACTIVE
104686,Customer_04686,RETAIL,Hyderabad,Telangana,1988-07-27,2020-06-16,ACTIVE
104687,Customer_04687,PREMIUM,Ahmedabad,Gujarat,1986-12-15,2025-12-08,ACTIVE
104688,Customer_04688,PREMIUM,Delhi,Delhi,2003-02-13,2025-07-02,ACTIVE
104689,Customer_04689,RETAIL,Mumbai,Maharashtra,1983-04-06,2020-11-24,ACTIVE
104690,Customer_04690,RETAIL,Hyderabad,Telangana,1979-03-19,2021-08-01,ACTIVE
104691,Customer_04691,RETAIL,Mumbai,Maharashtra,2014-11-17,2021-03-02,ACTIVE
104692,Customer_04692,RETAIL,Mumbai,Maharashtra,1990-07-08,2025-08-09,ACTIVE
104693,Customer_04693,PREMIUM,Ahmedabad,Gujarat,1984-02-11,2025-08-10,ACTIVE
104694,Customer_04694,RETAIL,Kolkata,West Bengal,2006-02-08,2024-09-24,ACTIVE
104695,Customer_04695,RETAIL,Hyderabad,Telangana,1998-11-30,2021-08-23,ACTIVE
104696,Customer_04696,RETAIL,Kolkata,West Bengal,1997-11-07,2026-01-19,ACTIVE
104697,Customer_04697,RETAIL,Mumbai,Maharashtra,1997-03-02,2025-07-26,ACTIVE
104698,Customer_04698,RETAIL,Mumbai,Maharashtra,1985-02-22,2025-09-19,ACTIVE
104699,Customer_04699,RETAIL,Delhi,Delhi,2014-06-04,2022-05-13,ACTIVE
104700,Customer_04700,RETAIL,Mumbai,Maharashtra,1979-03-21,2024-08-09,ACTIVE
104701,Customer_04701,RETAIL,Ahmedabad,Gujarat,1999-01-03,2024-06-08,ACTIVE
104702,Customer_04702,RETAIL,Mumbai,Maharashtra,1990-04-09,2020-12-30,ACTIVE
104703,Customer_04703,BUSINESS,Chennai,Tamil Nadu,2005-07-08,2023-10-30,ACTIVE
104704,Customer_04704,RETAIL,Kolkata,West Bengal,2001-09-17,2023-08-10,ACTIVE
104705,Customer_04705,RETAIL,Hyderabad,Telangana,1994-12-20,2023-11-04,ACTIVE
104706,Customer_04706,RETAIL,Pune,Maharashtra,2001-02-12,2022-03-26,ACTIVE
104707,Customer_04707,PREMIUM,Bangalore,Karnataka,1988-06-26,2024-05-25,ACTIVE
104708,Customer_04708,BUSINESS,Chennai,Tamil Nadu,1984-07-19,2025-10-26,ACTIVE
104709,Customer_04709,PREMIUM,Kolkata,West Bengal,2016-05-05,2023-12-22,ACTIVE
104710,Customer_04710,RETAIL,Bangalore,Karnataka,2004-05-14,2025-09-24,ACTIVE
104711,Customer_04711,PREMIUM,Delhi,Delhi,2006-01-06,2025-01-25,ACTIVE
104712,Customer_04712,RETAIL,Kolkata,West Bengal,2020-03-09,2022-01-23,INACTIVE
104713,Customer_04713,PREMIUM,Ahmedabad,Gujarat,2016-04-18,2024-11-01,ACTIVE
104714,Customer_04714,PREMIUM,Bangalore,Karnataka,2003-03-09,2024-05-31,ACTIVE
104715,Customer_04715,RETAIL,Mumbai,Maharashtra,2011-09-15,2026-03-14,ACTIVE
104716,Customer_04716,RETAIL,Chennai,Tamil Nadu,2000-10-31,2022-03-22,ACTIVE
104717,Customer_04717,RETAIL,Ahmedabad,Gujarat,1988-12-07,2021-01-28,ACTIVE
104718,Customer_04718,RETAIL,Ahmedabad,Gujarat,2004-09-25,2024-06-15,ACTIVE
104719,Customer_04719,PREMIUM,Bangalore,Karnataka,2016-08-29,2024-02-26,ACTIVE
104720,Customer_04720,RETAIL,Pune,Maharashtra,2015-04-17,2024-01-13,ACTIVE
104721,Customer_04721,PREMIUM,Chennai,Tamil Nadu,1999-11-29,2024-11-10,ACTIVE
104722,Customer_04722,BUSINESS,Kolkata,West Bengal,2018-01-05,2023-05-11,ACTIVE
104723,Customer_04723,RETAIL,Ahmedabad,Gujarat,1987-04-12,2020-03-13,ACTIVE
104724,Customer_04724,RETAIL,Mumbai,Maharashtra,1980-11-06,2025-10-09,ACTIVE
104725,Customer_04725,RETAIL,Delhi,Delhi,1995-09-22,2021-10-27,ACTIVE
104726,Customer_04726,PREMIUM,Bangalore,Karnataka,1987-08-01,2021-08-13,ACTIVE
104727,Customer_04727,RETAIL,Mumbai,Maharashtra,2018-06-30,2025-05-07,ACTIVE
104728,Customer_04728,RETAIL,Ahmedabad,Gujarat,1983-12-02,2025-03-28,ACTIVE
104729,Customer_04729,RETAIL,Mumbai,Maharashtra,2001-02-13,2023-04-28,ACTIVE
104730,Customer_04730,BUSINESS,Hyderabad,Telangana,2010-11-19,2024-07-12,ACTIVE
104731,Customer_04731,RETAIL,Ahmedabad,Gujarat,1983-09-20,2020-07-12,ACTIVE
104732,Customer_04732,RETAIL,Hyderabad,Telangana,1981-01-13,2021-11-06,ACTIVE
104733,Customer_04733,BUSINESS,Kolkata,West Bengal,2001-11-24,2021-08-05,ACTIVE
104734,Customer_04734,RETAIL,Delhi,Delhi,2016-03-26,2022-10-09,ACTIVE
104735,Customer_04735,RETAIL,Kolkata,West Bengal,1979-11-01,2022-05-07,ACTIVE
104736,Customer_04736,RETAIL,Bangalore,Karnataka,1980-01-04,2020-06-14,ACTIVE
104737,Customer_04737,RETAIL,Mumbai,Maharashtra,2017-03-04,2024-07-10,ACTIVE
104738,Customer_04738,RETAIL,Delhi,Delhi,2003-11-29,2023-12-05,ACTIVE
104739,Customer_04739,RETAIL,Delhi,Delhi,2007-12-20,2022-06-29,ACTIVE
104740,Customer_04740,PREMIUM,Chennai,Tamil Nadu,1990-06-25,2025-10-31,ACTIVE
104741,Customer_04741,RETAIL,Delhi,Delhi,1991-12-29,2022-05-15,ACTIVE
104742,Customer_04742,RETAIL,Bangalore,Karnataka,1998-06-28,2020-10-09,ACTIVE
104743,Customer_04743,RETAIL,Bangalore,Karnataka,1987-12-15,2025-07-28,ACTIVE
104744,Customer_04744,RETAIL,Delhi,Delhi,1997-04-24,2020-11-12,INACTIVE
104745,Customer_04745,PREMIUM,Hyderabad,Telangana,2018-05-05,2020-06-20,ACTIVE
104746,Customer_04746,PREMIUM,Delhi,Delhi,2009-12-02,2023-02-12,ACTIVE
104747,Customer_04747,PREMIUM,Kolkata,West Bengal,2014-11-09,2023-10-21,INACTIVE
104748,Customer_04748,PREMIUM,Delhi,Delhi,1999-07-24,2021-11-05,ACTIVE
104749,Customer_04749,PREMIUM,Kolkata,West Bengal,2011-07-04,2025-07-06,INACTIVE
104750,Customer_04750,RETAIL,Delhi,Delhi,1996-06-18,2021-10-26,INACTIVE
104751,Customer_04751,BUSINESS,Mumbai,Maharashtra,2004-07-09,2026-05-01,INACTIVE
104752,Customer_04752,PREMIUM,Pune,Maharashtra,2009-02-26,2024-03-12,ACTIVE
104753,Customer_04753,RETAIL,Kolkata,West Bengal,2013-01-14,2021-03-18,ACTIVE
104754,Customer_04754,RETAIL,Kolkata,West Bengal,2017-03-09,2022-09-11,ACTIVE
104755,Customer_04755,RETAIL,Pune,Maharashtra,1983-07-01,2020-07-01,ACTIVE
104756,Customer_04756,RETAIL,Chennai,Tamil Nadu,2011-10-08,2025-07-20,ACTIVE
104757,Customer_04757,PREMIUM,Chennai,Tamil Nadu,2008-04-23,2024-04-04,ACTIVE
104758,Customer_04758,RETAIL,Pune,Maharashtra,2009-06-02,2022-10-26,ACTIVE
104759,Customer_04759,RETAIL,Bangalore,Karnataka,1979-10-08,2024-06-17,ACTIVE
104760,Customer_04760,RETAIL,Hyderabad,Telangana,1999-03-12,2024-01-16,INACTIVE
104761,Customer_04761,PREMIUM,Ahmedabad,Gujarat,2018-08-16,2023-12-10,ACTIVE
104762,Customer_04762,RETAIL,Kolkata,West Bengal,2016-02-19,2022-08-12,ACTIVE
104763,Customer_04763,PREMIUM,Mumbai,Maharashtra,1988-08-23,2022-04-23,ACTIVE
104764,Customer_04764,RETAIL,Pune,Maharashtra,1999-02-19,2021-09-06,ACTIVE
104765,Customer_04765,RETAIL,Bangalore,Karnataka,2014-08-23,2025-03-02,ACTIVE
104766,Customer_04766,RETAIL,Pune,Maharashtra,2017-05-15,2023-02-05,ACTIVE
104767,Customer_04767,RETAIL,Chennai,Tamil Nadu,1992-10-06,2023-01-30,ACTIVE
104768,Customer_04768,PREMIUM,Mumbai,Maharashtra,2012-02-20,2024-09-25,ACTIVE
104769,Customer_04769,PREMIUM,Mumbai,Maharashtra,2013-06-12,2023-06-28,ACTIVE
104770,Customer_04770,RETAIL,Mumbai,Maharashtra,1985-05-02,2026-04-05,ACTIVE
104771,Customer_04771,RETAIL,Delhi,Delhi,1980-06-23,2021-07-31,ACTIVE
104772,Customer_04772,PREMIUM,Kolkata,West Bengal,1981-02-03,2020-04-11,ACTIVE
104773,Customer_04773,PREMIUM,Pune,Maharashtra,1985-02-18,2022-10-08,ACTIVE
104774,Customer_04774,RETAIL,Ahmedabad,Gujarat,2009-08-03,2023-06-30,ACTIVE
104775,Customer_04775,PREMIUM,Delhi,Delhi,1995-02-28,2025-05-24,ACTIVE
104776,Customer_04776,RETAIL,Mumbai,Maharashtra,2007-05-01,2024-03-06,ACTIVE
104777,Customer_04777,RETAIL,Delhi,Delhi,1982-11-09,2026-03-04,ACTIVE
104778,Customer_04778,PREMIUM,Hyderabad,Telangana,2003-11-22,2020-07-24,ACTIVE
104779,Customer_04779,PREMIUM,Mumbai,Maharashtra,2009-10-06,2023-07-13,ACTIVE
104780,Customer_04780,PREMIUM,Mumbai,Maharashtra,2019-04-04,2025-06-13,ACTIVE
104781,Customer_04781,RETAIL,Kolkata,West Bengal,1992-04-11,2023-04-20,ACTIVE
104782,Customer_04782,RETAIL,Chennai,Tamil Nadu,2001-07-25,2021-10-24,ACTIVE
104783,Customer_04783,PREMIUM,Delhi,Delhi,1999-01-02,2025-01-18,ACTIVE
104784,Customer_04784,RETAIL,Kolkata,West Bengal,1993-06-14,2025-09-30,ACTIVE
104785,Customer_04785,RETAIL,Kolkata,West Bengal,2005-06-09,2021-09-13,ACTIVE
104786,Customer_04786,RETAIL,Delhi,Delhi,2002-05-14,2023-08-19,ACTIVE
104787,Customer_04787,RETAIL,Chennai,Tamil Nadu,2013-05-16,2025-04-15,ACTIVE
104788,Customer_04788,RETAIL,Mumbai,Maharashtra,1980-05-01,2020-12-30,ACTIVE
104789,Customer_04789,RETAIL,Delhi,Delhi,1988-04-11,2020-01-27,ACTIVE
104790,Customer_04790,BUSINESS,Chennai,Tamil Nadu,2002-12-14,2024-11-09,ACTIVE
104791,Customer_04791,RETAIL,Pune,Maharashtra,2002-09-23,2024-12-10,ACTIVE
104792,Customer_04792,RETAIL,Ahmedabad,Gujarat,2016-03-23,2021-01-12,ACTIVE
104793,Customer_04793,RETAIL,Ahmedabad,Gujarat,2006-11-17,2023-12-03,ACTIVE
104794,Customer_04794,RETAIL,Delhi,Delhi,1979-05-05,2024-09-24,ACTIVE
104795,Customer_04795,RETAIL,Bangalore,Karnataka,1999-04-03,2026-04-29,ACTIVE
104796,Customer_04796,RETAIL,Pune,Maharashtra,2013-11-17,2025-04-23,INACTIVE
104797,Customer_04797,RETAIL,Chennai,Tamil Nadu,2015-01-09,2021-06-11,ACTIVE
104798,Customer_04798,RETAIL,Mumbai,Maharashtra,2012-02-05,2023-10-13,ACTIVE
104799,Customer_04799,RETAIL,Bangalore,Karnataka,1998-10-09,2024-10-25,ACTIVE
104800,Customer_04800,RETAIL,Chennai,Tamil Nadu,1983-07-10,2021-10-12,ACTIVE
104801,Customer_04801,RETAIL,Chennai,Tamil Nadu,1987-12-04,2021-01-25,ACTIVE
104802,Customer_04802,RETAIL,Chennai,Tamil Nadu,2013-12-10,2022-11-15,ACTIVE
104803,Customer_04803,PREMIUM,Pune,Maharashtra,1993-02-25,2024-09-22,ACTIVE
104804,Customer_04804,PREMIUM,Kolkata,West Bengal,2010-07-10,2023-06-21,ACTIVE
104805,Customer_04805,RETAIL,Hyderabad,Telangana,1980-08-25,2023-12-21,ACTIVE
104806,Customer_04806,PREMIUM,Kolkata,West Bengal,1999-05-01,2024-05-16,ACTIVE
104807,Customer_04807,PREMIUM,Bangalore,Karnataka,2018-03-12,2026-04-12,ACTIVE
104808,Customer_04808,RETAIL,Ahmedabad,Gujarat,1989-03-27,2024-03-01,ACTIVE
104809,Customer_04809,RETAIL,Bangalore,Karnataka,1980-06-01,2020-11-19,ACTIVE
104810,Customer_04810,PREMIUM,Kolkata,West Bengal,1990-12-30,2022-08-19,ACTIVE
104811,Customer_04811,RETAIL,Pune,Maharashtra,1981-10-02,2021-02-11,ACTIVE
104812,Customer_04812,RETAIL,Pune,Maharashtra,2004-04-23,2024-12-24,ACTIVE
104813,Customer_04813,RETAIL,Chennai,Tamil Nadu,1987-01-15,2026-07-21,INACTIVE
104814,Customer_04814,RETAIL,Chennai,Tamil Nadu,1989-04-12,2025-01-25,ACTIVE
104815,Customer_04815,BUSINESS,Hyderabad,Telangana,2003-04-20,2021-08-13,ACTIVE
104816,Customer_04816,RETAIL,Delhi,Delhi,1992-07-11,2024-07-29,ACTIVE
104817,Customer_04817,RETAIL,Kolkata,West Bengal,2005-11-17,2020-02-20,ACTIVE
104818,Customer_04818,RETAIL,Delhi,Delhi,2017-05-23,2021-10-15,ACTIVE
104819,Customer_04819,RETAIL,Chennai,Tamil Nadu,2017-05-30,2021-12-28,ACTIVE
104820,Customer_04820,PREMIUM,Ahmedabad,Gujarat,2009-02-11,2023-01-31,ACTIVE
104821,Customer_04821,PREMIUM,Chennai,Tamil Nadu,2018-12-12,2022-02-08,ACTIVE
104822,Customer_04822,BUSINESS,Hyderabad,Telangana,2009-05-24,2022-11-04,ACTIVE
104823,Customer_04823,RETAIL,Ahmedabad,Gujarat,1981-12-13,2020-01-24,ACTIVE
104824,Customer_04824,RETAIL,Ahmedabad,Gujarat,2018-06-04,2025-05-14,ACTIVE
104825,Customer_04825,RETAIL,Bangalore,Karnataka,2002-06-11,2022-08-07,ACTIVE
104826,Customer_04826,RETAIL,Bangalore,Karnataka,1979-05-27,2025-04-23,ACTIVE
104827,Customer_04827,BUSINESS,Pune,Maharashtra,2004-08-24,2020-05-18,ACTIVE
104828,Customer_04828,RETAIL,Chennai,Tamil Nadu,1989-03-16,2025-09-09,ACTIVE
104829,Customer_04829,RETAIL,Ahmedabad,Gujarat,2001-02-10,2024-02-12,ACTIVE
104830,Customer_04830,RETAIL,Bangalore,Karnataka,2006-03-09,2021-07-08,ACTIVE
104831,Customer_04831,PREMIUM,Delhi,Delhi,1980-04-21,2024-12-11,ACTIVE
104832,Customer_04832,RETAIL,Mumbai,Maharashtra,1997-03-01,2024-12-01,INACTIVE
104833,Customer_04833,PREMIUM,Bangalore,Karnataka,1981-06-11,2024-10-09,ACTIVE
104834,Customer_04834,PREMIUM,Pune,Maharashtra,1983-10-19,2025-09-19,ACTIVE
104835,Customer_04835,PREMIUM,Ahmedabad,Gujarat,1987-11-04,2026-04-08,ACTIVE
104836,Customer_04836,RETAIL,Chennai,Tamil Nadu,2011-04-01,2021-02-03,ACTIVE
104837,Customer_04837,RETAIL,Pune,Maharashtra,1996-02-17,2021-11-08,ACTIVE
104838,Customer_04838,RETAIL,Mumbai,Maharashtra,1981-02-05,2020-04-05,ACTIVE
104839,Customer_04839,PREMIUM,Kolkata,West Bengal,2009-11-05,2020-06-08,ACTIVE
104840,Customer_04840,BUSINESS,Ahmedabad,Gujarat,2001-07-01,2020-09-10,ACTIVE
104841,Customer_04841,RETAIL,Kolkata,West Bengal,1984-12-24,2024-07-18,ACTIVE
104842,Customer_04842,RETAIL,Mumbai,Maharashtra,2002-04-06,2023-12-25,ACTIVE
104843,Customer_04843,RETAIL,Mumbai,Maharashtra,1989-05-19,2020-03-24,ACTIVE
104844,Customer_04844,RETAIL,Pune,Maharashtra,2005-04-13,2022-10-08,ACTIVE
104845,Customer_04845,RETAIL,Kolkata,West Bengal,2018-01-29,2020-09-22,ACTIVE
104846,Customer_04846,RETAIL,Kolkata,West Bengal,1992-02-16,2021-04-13,ACTIVE
104847,Customer_04847,PREMIUM,Kolkata,West Bengal,2009-10-11,2020-05-13,ACTIVE
104848,Customer_04848,RETAIL,Mumbai,Maharashtra,1980-02-19,2023-06-21,ACTIVE
104849,Customer_04849,RETAIL,Pune,Maharashtra,1995-11-20,2020-07-14,ACTIVE
104850,Customer_04850,RETAIL,Ahmedabad,Gujarat,2015-09-03,2025-02-28,ACTIVE
104851,Customer_04851,RETAIL,Ahmedabad,Gujarat,1982-03-25,2026-02-15,ACTIVE
104852,Customer_04852,PREMIUM,Hyderabad,Telangana,2017-04-29,2025-08-15,ACTIVE
104853,Customer_04853,RETAIL,Mumbai,Maharashtra,1983-01-04,2025-05-30,ACTIVE
104854,Customer_04854,RETAIL,Mumbai,Maharashtra,1998-12-16,2024-12-09,ACTIVE
104855,Customer_04855,RETAIL,Mumbai,Maharashtra,1986-08-07,2025-12-25,ACTIVE
104856,Customer_04856,RETAIL,Hyderabad,Telangana,1980-01-05,2025-10-26,ACTIVE
104857,Customer_04857,PREMIUM,Kolkata,West Bengal,1993-07-05,2021-06-02,ACTIVE
104858,Customer_04858,RETAIL,Hyderabad,Telangana,2003-01-08,2023-12-21,ACTIVE
104859,Customer_04859,RETAIL,Delhi,Delhi,2008-10-30,2022-01-04,ACTIVE
104860,Customer_04860,RETAIL,Kolkata,West Bengal,1992-02-20,2025-07-01,ACTIVE
104861,Customer_04861,RETAIL,Mumbai,Maharashtra,1999-05-22,2020-01-26,ACTIVE
104862,Customer_04862,RETAIL,Kolkata,West Bengal,1986-08-29,2022-09-28,ACTIVE
104863,Customer_04863,RETAIL,Ahmedabad,Gujarat,2009-02-16,2022-06-28,ACTIVE
104864,Customer_04864,BUSINESS,Hyderabad,Telangana,1986-02-07,2025-08-07,ACTIVE
104865,Customer_04865,RETAIL,Ahmedabad,Gujarat,2014-07-11,2021-12-07,ACTIVE
104866,Customer_04866,RETAIL,Chennai,Tamil Nadu,1986-07-11,2025-11-19,ACTIVE
104867,Customer_04867,RETAIL,Bangalore,Karnataka,2006-06-08,2023-04-06,ACTIVE
104868,Customer_04868,PREMIUM,Delhi,Delhi,1992-10-01,2024-07-05,ACTIVE
104869,Customer_04869,RETAIL,Ahmedabad,Gujarat,2020-02-02,2023-06-27,ACTIVE
104870,Customer_04870,BUSINESS,Hyderabad,Telangana,1990-09-09,2022-10-31,INACTIVE
104871,Customer_04871,RETAIL,Pune,Maharashtra,2018-02-15,2021-12-30,ACTIVE
104872,Customer_04872,PREMIUM,Ahmedabad,Gujarat,2013-07-07,2021-11-07,ACTIVE
104873,Customer_04873,PREMIUM,Mumbai,Maharashtra,1998-05-20,2024-03-16,ACTIVE
104874,Customer_04874,RETAIL,Chennai,Tamil Nadu,1999-07-04,2022-02-19,ACTIVE
104875,Customer_04875,RETAIL,Pune,Maharashtra,1993-09-10,2025-09-05,ACTIVE
104876,Customer_04876,RETAIL,Hyderabad,Telangana,1996-09-22,2020-11-13,ACTIVE
104877,Customer_04877,PREMIUM,Bangalore,Karnataka,1998-04-20,2021-06-01,ACTIVE
104878,Customer_04878,PREMIUM,Bangalore,Karnataka,1985-02-25,2020-04-23,ACTIVE
104879,Customer_04879,RETAIL,Hyderabad,Telangana,1992-06-04,2025-09-03,ACTIVE
104880,Customer_04880,RETAIL,Kolkata,West Bengal,2015-02-19,2022-09-21,ACTIVE
104881,Customer_04881,RETAIL,Bangalore,Karnataka,2019-05-14,2020-03-25,ACTIVE
104882,Customer_04882,RETAIL,Ahmedabad,Gujarat,1981-06-01,2020-04-12,ACTIVE
104883,Customer_04883,RETAIL,Bangalore,Karnataka,2009-03-28,2026-01-12,ACTIVE
104884,Customer_04884,RETAIL,Pune,Maharashtra,1988-12-31,2025-10-14,ACTIVE
104885,Customer_04885,RETAIL,Mumbai,Maharashtra,2006-01-07,2021-10-26,ACTIVE
104886,Customer_04886,PREMIUM,Pune,Maharashtra,2004-09-08,2024-04-08,ACTIVE
104887,Customer_04887,PREMIUM,Hyderabad,Telangana,2015-04-05,2021-08-29,ACTIVE
104888,Customer_04888,PREMIUM,Chennai,Tamil Nadu,2008-01-03,2025-07-17,ACTIVE
104889,Customer_04889,RETAIL,Delhi,Delhi,2012-12-27,2024-09-12,ACTIVE
104890,Customer_04890,BUSINESS,Bangalore,Karnataka,2012-01-25,2022-12-02,ACTIVE
104891,Customer_04891,RETAIL,Kolkata,West Bengal,2005-10-01,2026-02-06,ACTIVE
104892,Customer_04892,RETAIL,Chennai,Tamil Nadu,1996-01-06,2021-06-21,INACTIVE
104893,Customer_04893,RETAIL,Mumbai,Maharashtra,1993-01-03,2026-07-20,ACTIVE
104894,Customer_04894,PREMIUM,Mumbai,Maharashtra,1993-05-28,2021-11-27,ACTIVE
104895,Customer_04895,RETAIL,Bangalore,Karnataka,1993-11-22,2025-11-02,ACTIVE
104896,Customer_04896,PREMIUM,Bangalore,Karnataka,1991-01-06,2025-08-13,ACTIVE
104897,Customer_04897,PREMIUM,Kolkata,West Bengal,1991-12-04,2023-09-12,ACTIVE
104898,Customer_04898,PREMIUM,Chennai,Tamil Nadu,2002-06-30,2020-10-19,ACTIVE
104899,Customer_04899,PREMIUM,Kolkata,West Bengal,1990-04-05,2024-12-07,ACTIVE
104900,Customer_04900,BUSINESS,Chennai,Tamil Nadu,1993-06-25,2024-08-02,ACTIVE
104901,Customer_04901,RETAIL,Delhi,Delhi,2008-04-14,2025-09-07,ACTIVE
104902,Customer_04902,RETAIL,Hyderabad,Telangana,1992-08-21,2021-06-25,ACTIVE
104903,Customer_04903,PREMIUM,Chennai,Tamil Nadu,1983-07-17,2021-07-28,ACTIVE
104904,Customer_04904,RETAIL,Hyderabad,Telangana,1979-11-10,2022-04-27,ACTIVE
104905,Customer_04905,RETAIL,Pune,Maharashtra,2010-08-03,2022-06-04,ACTIVE
104906,Customer_04906,PREMIUM,Hyderabad,Telangana,2018-02-09,2020-01-08,ACTIVE
104907,Customer_04907,RETAIL,Delhi,Delhi,2007-03-13,2021-01-03,ACTIVE
104908,Customer_04908,PREMIUM,Kolkata,West Bengal,1981-08-26,2023-02-23,ACTIVE
104909,Customer_04909,RETAIL,Kolkata,West Bengal,2002-04-20,2026-05-09,ACTIVE
104910,Customer_04910,PREMIUM,Chennai,Tamil Nadu,1990-04-16,2020-11-04,ACTIVE
104911,Customer_04911,RETAIL,Ahmedabad,Gujarat,1992-05-03,2021-08-01,ACTIVE
104912,Customer_04912,RETAIL,Chennai,Tamil Nadu,2017-01-02,2025-08-25,ACTIVE
104913,Customer_04913,PREMIUM,Mumbai,Maharashtra,2013-01-07,2020-04-04,ACTIVE
104914,Customer_04914,RETAIL,Chennai,Tamil Nadu,2009-05-13,2020-08-22,ACTIVE
104915,Customer_04915,RETAIL,Kolkata,West Bengal,1999-09-26,2025-11-05,ACTIVE
104916,Customer_04916,RETAIL,Mumbai,Maharashtra,2002-11-28,2021-08-23,ACTIVE
104917,Customer_04917,RETAIL,Mumbai,Maharashtra,2016-10-11,2022-01-08,ACTIVE
104918,Customer_04918,RETAIL,Delhi,Delhi,2006-04-21,2020-02-05,ACTIVE
104919,Customer_04919,RETAIL,Kolkata,West Bengal,2002-12-10,2022-09-02,ACTIVE
104920,Customer_04920,PREMIUM,Chennai,Tamil Nadu,1983-02-24,2026-07-10,ACTIVE
104921,Customer_04921,RETAIL,Ahmedabad,Gujarat,2020-02-01,2026-06-23,ACTIVE
104922,Customer_04922,RETAIL,Kolkata,West Bengal,2012-05-16,2024-03-19,ACTIVE
104923,Customer_04923,RETAIL,Chennai,Tamil Nadu,1994-02-22,2024-06-08,ACTIVE
104924,Customer_04924,RETAIL,Hyderabad,Telangana,1989-06-08,2024-03-24,ACTIVE
104925,Customer_04925,RETAIL,Delhi,Delhi,2018-11-29,2024-07-25,ACTIVE
104926,Customer_04926,BUSINESS,Mumbai,Maharashtra,2018-06-08,2023-05-30,ACTIVE
104927,Customer_04927,PREMIUM,Bangalore,Karnataka,1996-06-04,2021-05-08,ACTIVE
104928,Customer_04928,RETAIL,Chennai,Tamil Nadu,1988-08-31,2025-09-14,ACTIVE
104929,Customer_04929,PREMIUM,Pune,Maharashtra,2011-12-06,2025-10-11,ACTIVE
104930,Customer_04930,RETAIL,Pune,Maharashtra,2004-11-05,2020-12-12,ACTIVE
104931,Customer_04931,RETAIL,Mumbai,Maharashtra,2016-02-17,2020-08-14,ACTIVE
104932,Customer_04932,PREMIUM,Hyderabad,Telangana,2001-07-23,2025-03-17,ACTIVE
104933,Customer_04933,RETAIL,Ahmedabad,Gujarat,2001-10-29,2020-04-24,ACTIVE
104934,Customer_04934,RETAIL,Kolkata,West Bengal,1985-01-15,2025-04-21,ACTIVE
104935,Customer_04935,PREMIUM,Bangalore,Karnataka,2003-12-07,2026-06-14,ACTIVE
104936,Customer_04936,RETAIL,Chennai,Tamil Nadu,1994-01-25,2020-03-27,ACTIVE
104937,Customer_04937,RETAIL,Ahmedabad,Gujarat,1987-08-08,2025-04-01,ACTIVE
104938,Customer_04938,RETAIL,Chennai,Tamil Nadu,2011-04-02,2020-11-14,ACTIVE
104939,Customer_04939,PREMIUM,Delhi,Delhi,1993-05-13,2021-11-27,ACTIVE
104940,Customer_04940,PREMIUM,Delhi,Delhi,1987-11-23,2023-08-06,ACTIVE
104941,Customer_04941,BUSINESS,Hyderabad,Telangana,2018-08-12,2024-06-20,ACTIVE
104942,Customer_04942,RETAIL,Bangalore,Karnataka,2018-09-15,2020-08-04,ACTIVE
104943,Customer_04943,PREMIUM,Kolkata,West Bengal,1999-06-23,2020-09-19,ACTIVE
104944,Customer_04944,RETAIL,Kolkata,West Bengal,1991-04-20,2021-11-08,ACTIVE
104945,Customer_04945,RETAIL,Mumbai,Maharashtra,1985-10-23,2024-06-24,ACTIVE
104946,Customer_04946,RETAIL,Hyderabad,Telangana,2004-11-25,2022-08-26,ACTIVE
104947,Customer_04947,PREMIUM,Delhi,Delhi,2004-04-01,2021-10-23,ACTIVE
104948,Customer_04948,RETAIL,Chennai,Tamil Nadu,2004-07-31,2021-01-12,ACTIVE
104949,Customer_04949,RETAIL,Delhi,Delhi,2010-09-11,2026-05-13,ACTIVE
104950,Customer_04950,RETAIL,Delhi,Delhi,1998-07-01,2024-08-16,INACTIVE
104951,Customer_04951,RETAIL,Delhi,Delhi,2007-03-24,2026-06-24,ACTIVE
104952,Customer_04952,BUSINESS,Mumbai,Maharashtra,2006-01-29,2023-04-03,ACTIVE
104953,Customer_04953,PREMIUM,Kolkata,West Bengal,2011-11-03,2025-05-18,ACTIVE
104954,Customer_04954,RETAIL,Pune,Maharashtra,2009-09-13,2024-03-15,ACTIVE
104955,Customer_04955,PREMIUM,Bangalore,Karnataka,1980-08-22,2023-06-14,ACTIVE
104956,Customer_04956,RETAIL,Pune,Maharashtra,2004-08-02,2023-02-12,ACTIVE
104957,Customer_04957,PREMIUM,Pune,Maharashtra,2019-03-23,2023-04-15,ACTIVE
104958,Customer_04958,RETAIL,Delhi,Delhi,2002-02-28,2022-09-16,ACTIVE
104959,Customer_04959,RETAIL,Ahmedabad,Gujarat,2000-12-02,2024-03-15,ACTIVE
104960,Customer_04960,RETAIL,Ahmedabad,Gujarat,2004-01-29,2023-03-27,ACTIVE
104961,Customer_04961,RETAIL,Bangalore,Karnataka,2002-02-28,2026-05-18,ACTIVE
104962,Customer_04962,RETAIL,Chennai,Tamil Nadu,1995-09-03,2025-11-28,ACTIVE
104963,Customer_04963,RETAIL,Ahmedabad,Gujarat,2019-12-26,2023-01-19,ACTIVE
104964,Customer_04964,BUSINESS,Pune,Maharashtra,1982-01-28,2022-08-08,ACTIVE
104965,Customer_04965,RETAIL,Ahmedabad,Gujarat,2012-08-08,2024-12-26,ACTIVE
104966,Customer_04966,RETAIL,Mumbai,Maharashtra,1985-09-21,2024-03-21,ACTIVE
104967,Customer_04967,RETAIL,Pune,Maharashtra,1987-08-23,2021-07-10,ACTIVE
104968,Customer_04968,RETAIL,Delhi,Delhi,2004-01-30,2025-06-24,ACTIVE
104969,Customer_04969,RETAIL,Mumbai,Maharashtra,2005-05-13,2024-06-25,ACTIVE
104970,Customer_04970,RETAIL,Kolkata,West Bengal,2017-03-29,2024-01-30,ACTIVE
104971,Customer_04971,PREMIUM,Kolkata,West Bengal,1991-04-02,2025-02-19,ACTIVE
104972,Customer_04972,RETAIL,Bangalore,Karnataka,1980-03-22,2021-06-26,ACTIVE
104973,Customer_04973,BUSINESS,Kolkata,West Bengal,1989-08-21,2025-04-03,ACTIVE
104974,Customer_04974,RETAIL,Kolkata,West Bengal,2001-07-04,2020-10-19,ACTIVE
104975,Customer_04975,RETAIL,Kolkata,West Bengal,1993-11-03,2025-03-19,ACTIVE
104976,Customer_04976,RETAIL,Kolkata,West Bengal,1989-07-07,2023-11-19,ACTIVE
104977,Customer_04977,PREMIUM,Chennai,Tamil Nadu,2016-09-14,2023-10-28,ACTIVE
104978,Customer_04978,PREMIUM,Mumbai,Maharashtra,2002-03-27,2024-10-11,ACTIVE
104979,Customer_04979,RETAIL,Ahmedabad,Gujarat,2006-10-06,2022-01-15,ACTIVE
104980,Customer_04980,RETAIL,Chennai,Tamil Nadu,2009-12-13,2025-01-18,ACTIVE
104981,Customer_04981,RETAIL,Ahmedabad,Gujarat,1995-12-20,2020-03-02,ACTIVE
104982,Customer_04982,RETAIL,Ahmedabad,Gujarat,2009-05-14,2024-07-23,ACTIVE
104983,Customer_04983,BUSINESS,Pune,Maharashtra,2018-09-29,2025-03-21,ACTIVE
104984,Customer_04984,RETAIL,Bangalore,Karnataka,2008-12-07,2020-01-09,ACTIVE
104985,Customer_04985,RETAIL,Pune,Maharashtra,1991-05-10,2024-07-25,ACTIVE
104986,Customer_04986,BUSINESS,Mumbai,Maharashtra,2011-02-25,2025-01-31,ACTIVE
104987,Customer_04987,PREMIUM,Ahmedabad,Gujarat,1988-11-10,2023-06-07,ACTIVE
104988,Customer_04988,PREMIUM,Ahmedabad,Gujarat,1982-02-23,2023-12-22,ACTIVE
104989,Customer_04989,RETAIL,Ahmedabad,Gujarat,1997-05-27,2020-05-22,INACTIVE
104990,Customer_04990,RETAIL,Ahmedabad,Gujarat,2000-02-03,2026-06-29,ACTIVE
104991,Customer_04991,RETAIL,Hyderabad,Telangana,1998-06-16,2026-05-09,ACTIVE
104992,Customer_04992,RETAIL,Chennai,Tamil Nadu,1989-11-30,2025-01-09,INACTIVE
104993,Customer_04993,RETAIL,Ahmedabad,Gujarat,1990-05-17,2020-02-06,ACTIVE
104994,Customer_04994,RETAIL,Chennai,Tamil Nadu,2016-12-31,2022-10-29,ACTIVE
104995,Customer_04995,RETAIL,Hyderabad,Telangana,1991-02-20,2025-05-17,INACTIVE
104996,Customer_04996,RETAIL,Pune,Maharashtra,2011-04-26,2024-06-10,ACTIVE
104997,Customer_04997,RETAIL,Hyderabad,Telangana,1989-09-28,2025-12-11,ACTIVE
104998,Customer_04998,RETAIL,Kolkata,West Bengal,1983-08-01,2024-01-18,ACTIVE
104999,Customer_04999,RETAIL,Hyderabad,Telangana,1981-10-05,2024-09-09,INACTIVE
105000,Customer_05000,RETAIL,Bangalore,Karnataka,1989-02-25,2022-03-20,ACTIVE
105001,Customer_05001,PREMIUM,Pune,Maharashtra,2013-09-18,2025-05-04,ACTIVE
105002,Customer_05002,PREMIUM,Mumbai,Maharashtra,1997-11-10,2023-07-04,ACTIVE
105003,Customer_05003,RETAIL,Hyderabad,Telangana,2007-09-16,2025-04-04,INACTIVE
105004,Customer_05004,RETAIL,Hyderabad,Telangana,2018-09-16,2021-05-05,ACTIVE
105005,Customer_05005,RETAIL,Kolkata,West Bengal,1981-02-20,2021-10-05,ACTIVE
105006,Customer_05006,RETAIL,Ahmedabad,Gujarat,1983-09-02,2020-07-29,ACTIVE
105007,Customer_05007,RETAIL,Bangalore,Karnataka,2016-12-13,2024-06-08,ACTIVE
105008,Customer_05008,BUSINESS,Kolkata,West Bengal,2002-06-28,2024-10-25,ACTIVE
105009,Customer_05009,RETAIL,Hyderabad,Telangana,2004-07-16,2021-11-11,ACTIVE
105010,Customer_05010,RETAIL,Delhi,Delhi,1993-03-07,2022-07-10,ACTIVE
105011,Customer_05011,PREMIUM,Kolkata,West Bengal,2013-02-12,2023-09-28,ACTIVE
105012,Customer_05012,RETAIL,Mumbai,Maharashtra,2005-09-16,2024-12-18,ACTIVE
105013,Customer_05013,RETAIL,Chennai,Tamil Nadu,1989-09-30,2021-12-28,ACTIVE
105014,Customer_05014,RETAIL,Ahmedabad,Gujarat,2005-10-21,2023-03-18,ACTIVE
105015,Customer_05015,BUSINESS,Hyderabad,Telangana,1979-04-29,2021-03-21,ACTIVE
105016,Customer_05016,RETAIL,Ahmedabad,Gujarat,1989-01-16,2025-04-27,ACTIVE
105017,Customer_05017,RETAIL,Mumbai,Maharashtra,1987-07-16,2025-09-27,ACTIVE
105018,Customer_05018,PREMIUM,Chennai,Tamil Nadu,2011-06-09,2024-11-10,ACTIVE
105019,Customer_05019,RETAIL,Kolkata,West Bengal,2009-05-10,2025-05-11,ACTIVE
105020,Customer_05020,PREMIUM,Hyderabad,Telangana,1982-11-29,2025-01-07,ACTIVE
105021,Customer_05021,RETAIL,Ahmedabad,Gujarat,2016-05-22,2025-06-28,ACTIVE
105022,Customer_05022,RETAIL,Bangalore,Karnataka,2012-10-06,2022-10-27,ACTIVE
105023,Customer_05023,RETAIL,Hyderabad,Telangana,1997-01-07,2021-05-08,ACTIVE
105024,Customer_05024,BUSINESS,Bangalore,Karnataka,1987-11-14,2026-04-25,INACTIVE
105025,Customer_05025,RETAIL,Kolkata,West Bengal,1996-06-04,2020-01-06,ACTIVE
105026,Customer_05026,RETAIL,Mumbai,Maharashtra,2003-05-18,2022-08-30,INACTIVE
105027,Customer_05027,BUSINESS,Delhi,Delhi,2005-01-15,2024-10-09,ACTIVE
105028,Customer_05028,RETAIL,Mumbai,Maharashtra,1993-06-05,2025-03-18,ACTIVE
105029,Customer_05029,PREMIUM,Hyderabad,Telangana,1983-05-03,2024-07-03,ACTIVE
105030,Customer_05030,PREMIUM,Pune,Maharashtra,2004-03-16,2023-03-21,ACTIVE
105031,Customer_05031,RETAIL,Delhi,Delhi,2008-02-15,2026-01-22,ACTIVE
105032,Customer_05032,PREMIUM,Kolkata,West Bengal,1990-02-23,2021-07-18,ACTIVE
105033,Customer_05033,PREMIUM,Delhi,Delhi,2005-06-05,2020-12-06,ACTIVE
105034,Customer_05034,RETAIL,Pune,Maharashtra,2002-07-13,2024-02-18,ACTIVE
105035,Customer_05035,BUSINESS,Mumbai,Maharashtra,1999-10-03,2022-02-08,ACTIVE
105036,Customer_05036,BUSINESS,Pune,Maharashtra,1979-07-02,2023-01-30,INACTIVE
105037,Customer_05037,PREMIUM,Ahmedabad,Gujarat,1991-10-14,2023-01-01,ACTIVE
105038,Customer_05038,RETAIL,Chennai,Tamil Nadu,1994-07-17,2021-09-25,ACTIVE
105039,Customer_05039,RETAIL,Ahmedabad,Gujarat,2013-05-29,2026-07-24,ACTIVE
105040,Customer_05040,RETAIL,Pune,Maharashtra,2013-02-06,2022-07-07,ACTIVE
105041,Customer_05041,RETAIL,Delhi,Delhi,2015-01-18,2024-05-27,ACTIVE
105042,Customer_05042,RETAIL,Pune,Maharashtra,1998-03-07,2021-01-18,ACTIVE
105043,Customer_05043,RETAIL,Bangalore,Karnataka,1992-08-03,2026-07-06,ACTIVE
105044,Customer_05044,PREMIUM,Chennai,Tamil Nadu,1999-09-01,2026-06-26,ACTIVE
105045,Customer_05045,RETAIL,Kolkata,West Bengal,2011-09-05,2020-06-14,ACTIVE
105046,Customer_05046,RETAIL,Delhi,Delhi,2004-09-09,2024-03-23,INACTIVE
105047,Customer_05047,RETAIL,Kolkata,West Bengal,2003-11-09,2023-11-28,ACTIVE
105048,Customer_05048,RETAIL,Hyderabad,Telangana,1996-12-30,2021-02-20,INACTIVE
105049,Customer_05049,BUSINESS,Delhi,Delhi,2007-10-08,2025-01-20,ACTIVE
105050,Customer_05050,PREMIUM,Ahmedabad,Gujarat,2014-10-10,2025-01-09,ACTIVE
105051,Customer_05051,RETAIL,Bangalore,Karnataka,2006-08-06,2025-07-18,ACTIVE
105052,Customer_05052,RETAIL,Pune,Maharashtra,1995-09-23,2023-12-15,ACTIVE
105053,Customer_05053,PREMIUM,Ahmedabad,Gujarat,2013-08-29,2024-08-24,ACTIVE
105054,Customer_05054,RETAIL,Ahmedabad,Gujarat,2017-11-15,2024-09-30,ACTIVE
105055,Customer_05055,PREMIUM,Mumbai,Maharashtra,2011-11-17,2025-01-15,ACTIVE
105056,Customer_05056,RETAIL,Ahmedabad,Gujarat,2015-03-07,2023-11-03,ACTIVE
105057,Customer_05057,RETAIL,Ahmedabad,Gujarat,1990-01-25,2024-11-22,ACTIVE
105058,Customer_05058,RETAIL,Kolkata,West Bengal,1996-06-16,2020-05-25,ACTIVE
105059,Customer_05059,PREMIUM,Delhi,Delhi,1989-05-28,2024-01-22,ACTIVE
105060,Customer_05060,BUSINESS,Hyderabad,Telangana,1994-03-10,2021-05-02,ACTIVE
105061,Customer_05061,PREMIUM,Chennai,Tamil Nadu,2009-04-15,2022-09-03,ACTIVE
105062,Customer_05062,RETAIL,Chennai,Tamil Nadu,2006-12-14,2025-01-18,ACTIVE
105063,Customer_05063,PREMIUM,Chennai,Tamil Nadu,1979-04-18,2020-09-30,ACTIVE
105064,Customer_05064,RETAIL,Hyderabad,Telangana,2010-03-08,2024-12-15,ACTIVE
105065,Customer_05065,RETAIL,Chennai,Tamil Nadu,1987-01-20,2021-09-14,ACTIVE
105066,Customer_05066,BUSINESS,Hyderabad,Telangana,1986-10-18,2024-12-14,ACTIVE
105067,Customer_05067,RETAIL,Chennai,Tamil Nadu,2001-06-28,2025-01-13,ACTIVE
105068,Customer_05068,BUSINESS,Mumbai,Maharashtra,1989-01-23,2020-02-06,ACTIVE
105069,Customer_05069,RETAIL,Mumbai,Maharashtra,2018-09-17,2021-07-15,ACTIVE
105070,Customer_05070,RETAIL,Ahmedabad,Gujarat,1985-03-03,2025-04-16,ACTIVE
105071,Customer_05071,RETAIL,Ahmedabad,Gujarat,1985-05-23,2022-04-01,ACTIVE
105072,Customer_05072,BUSINESS,Chennai,Tamil Nadu,2010-05-28,2022-11-19,ACTIVE
105073,Customer_05073,RETAIL,Pune,Maharashtra,1990-12-07,2020-02-07,ACTIVE
105074,Customer_05074,PREMIUM,Kolkata,West Bengal,2008-07-03,2024-07-22,ACTIVE
105075,Customer_05075,RETAIL,Pune,Maharashtra,2007-02-25,2020-08-11,ACTIVE
105076,Customer_05076,PREMIUM,Bangalore,Karnataka,1986-12-05,2021-10-14,ACTIVE
105077,Customer_05077,RETAIL,Delhi,Delhi,2002-12-24,2023-02-18,ACTIVE
105078,Customer_05078,RETAIL,Mumbai,Maharashtra,2001-03-19,2025-01-20,ACTIVE
105079,Customer_05079,PREMIUM,Kolkata,West Bengal,1983-01-18,2023-04-10,ACTIVE
105080,Customer_05080,PREMIUM,Chennai,Tamil Nadu,2010-07-20,2026-06-15,ACTIVE
105081,Customer_05081,RETAIL,Delhi,Delhi,2014-05-18,2023-06-07,ACTIVE
105082,Customer_05082,RETAIL,Chennai,Tamil Nadu,2018-01-21,2021-08-31,ACTIVE
105083,Customer_05083,RETAIL,Mumbai,Maharashtra,1982-10-10,2021-04-03,ACTIVE
105084,Customer_05084,BUSINESS,Bangalore,Karnataka,1986-06-30,2025-02-25,ACTIVE
105085,Customer_05085,PREMIUM,Chennai,Tamil Nadu,2013-01-18,2023-01-07,ACTIVE
105086,Customer_05086,PREMIUM,Delhi,Delhi,1991-08-30,2023-12-22,ACTIVE
105087,Customer_05087,PREMIUM,Kolkata,West Bengal,2004-11-08,2022-06-07,ACTIVE
105088,Customer_05088,PREMIUM,Pune,Maharashtra,1993-06-21,2021-10-17,ACTIVE
105089,Customer_05089,RETAIL,Pune,Maharashtra,1988-02-06,2023-12-10,ACTIVE
105090,Customer_05090,RETAIL,Chennai,Tamil Nadu,2004-10-30,2021-12-07,ACTIVE
105091,Customer_05091,PREMIUM,Ahmedabad,Gujarat,1987-08-09,2026-07-27,ACTIVE
105092,Customer_05092,RETAIL,Bangalore,Karnataka,1984-10-07,2024-10-21,ACTIVE
105093,Customer_05093,RETAIL,Mumbai,Maharashtra,2000-12-12,2025-05-21,ACTIVE
105094,Customer_05094,RETAIL,Ahmedabad,Gujarat,1987-02-09,2021-11-13,ACTIVE
105095,Customer_05095,PREMIUM,Bangalore,Karnataka,1987-01-22,2020-03-11,ACTIVE
105096,Customer_05096,PREMIUM,Pune,Maharashtra,2011-03-20,2020-04-24,ACTIVE
105097,Customer_05097,RETAIL,Chennai,Tamil Nadu,2000-11-17,2025-08-23,ACTIVE
105098,Customer_05098,BUSINESS,Delhi,Delhi,2001-06-04,2025-09-28,ACTIVE
105099,Customer_05099,RETAIL,Ahmedabad,Gujarat,1985-01-20,2024-06-18,ACTIVE
105100,Customer_05100,RETAIL,Delhi,Delhi,1985-10-01,2023-11-14,ACTIVE
105101,Customer_05101,BUSINESS,Chennai,Tamil Nadu,1995-03-19,2021-05-17,ACTIVE
105102,Customer_05102,PREMIUM,Chennai,Tamil Nadu,1995-02-12,2024-12-25,ACTIVE
105103,Customer_05103,BUSINESS,Pune,Maharashtra,1997-09-17,2023-05-24,ACTIVE
105104,Customer_05104,PREMIUM,Bangalore,Karnataka,1984-09-08,2023-12-18,ACTIVE
105105,Customer_05105,PREMIUM,Mumbai,Maharashtra,2016-01-23,2020-02-27,ACTIVE
105106,Customer_05106,RETAIL,Hyderabad,Telangana,1994-01-22,2023-05-24,ACTIVE
105107,Customer_05107,RETAIL,Kolkata,West Bengal,2012-09-07,2024-07-22,ACTIVE
105108,Customer_05108,BUSINESS,Ahmedabad,Gujarat,1995-08-07,2025-01-21,ACTIVE
105109,Customer_05109,PREMIUM,Delhi,Delhi,1998-07-22,2020-12-15,ACTIVE
105110,Customer_05110,RETAIL,Delhi,Delhi,1983-10-08,2020-03-18,INACTIVE
105111,Customer_05111,RETAIL,Chennai,Tamil Nadu,2006-12-15,2025-08-15,ACTIVE
105112,Customer_05112,RETAIL,Hyderabad,Telangana,1981-08-15,2022-01-18,INACTIVE
105113,Customer_05113,RETAIL,Ahmedabad,Gujarat,2009-11-17,2023-02-08,ACTIVE
105114,Customer_05114,PREMIUM,Mumbai,Maharashtra,2015-05-16,2024-02-14,ACTIVE
105115,Customer_05115,RETAIL,Pune,Maharashtra,1994-01-06,2023-03-25,ACTIVE
105116,Customer_05116,RETAIL,Delhi,Delhi,2015-08-14,2026-03-15,ACTIVE
105117,Customer_05117,BUSINESS,Delhi,Delhi,2007-11-11,2025-07-14,ACTIVE
105118,Customer_05118,RETAIL,Bangalore,Karnataka,1979-04-09,2022-08-02,ACTIVE
105119,Customer_05119,RETAIL,Kolkata,West Bengal,1987-07-01,2021-04-03,ACTIVE
105120,Customer_05120,RETAIL,Mumbai,Maharashtra,2005-07-01,2026-05-29,INACTIVE
105121,Customer_05121,RETAIL,Kolkata,West Bengal,2007-12-24,2024-08-26,INACTIVE
105122,Customer_05122,RETAIL,Chennai,Tamil Nadu,1983-01-05,2024-12-17,ACTIVE
105123,Customer_05123,RETAIL,Chennai,Tamil Nadu,2007-04-13,2023-01-18,INACTIVE
105124,Customer_05124,RETAIL,Hyderabad,Telangana,2012-06-08,2023-03-09,ACTIVE
105125,Customer_05125,RETAIL,Mumbai,Maharashtra,1982-12-09,2021-03-12,ACTIVE
105126,Customer_05126,RETAIL,Hyderabad,Telangana,2015-04-15,2022-10-26,ACTIVE
105127,Customer_05127,RETAIL,Pune,Maharashtra,2001-01-21,2023-07-26,ACTIVE
105128,Customer_05128,BUSINESS,Chennai,Tamil Nadu,2004-06-27,2020-11-06,ACTIVE
105129,Customer_05129,RETAIL,Hyderabad,Telangana,1981-03-29,2024-03-04,ACTIVE
105130,Customer_05130,RETAIL,Chennai,Tamil Nadu,2004-05-06,2024-01-16,ACTIVE
105131,Customer_05131,PREMIUM,Delhi,Delhi,1997-10-30,2025-07-11,ACTIVE
105132,Customer_05132,RETAIL,Bangalore,Karnataka,1994-06-03,2020-05-05,ACTIVE
105133,Customer_05133,RETAIL,Bangalore,Karnataka,2011-03-18,2021-06-25,ACTIVE
105134,Customer_05134,PREMIUM,Mumbai,Maharashtra,1989-05-30,2022-10-26,ACTIVE
105135,Customer_05135,RETAIL,Hyderabad,Telangana,1981-08-17,2025-10-12,ACTIVE
105136,Customer_05136,RETAIL,Mumbai,Maharashtra,1999-09-02,2021-07-24,ACTIVE
105137,Customer_05137,PREMIUM,Bangalore,Karnataka,2009-09-15,2026-05-22,ACTIVE
105138,Customer_05138,PREMIUM,Hyderabad,Telangana,1984-08-27,2026-04-14,ACTIVE
105139,Customer_05139,RETAIL,Mumbai,Maharashtra,2019-08-08,2020-08-15,ACTIVE
105140,Customer_05140,RETAIL,Ahmedabad,Gujarat,2006-10-09,2022-05-21,ACTIVE
105141,Customer_05141,RETAIL,Bangalore,Karnataka,2017-07-10,2021-09-13,ACTIVE
105142,Customer_05142,PREMIUM,Mumbai,Maharashtra,1998-06-21,2023-03-20,INACTIVE
105143,Customer_05143,RETAIL,Hyderabad,Telangana,1984-03-22,2026-01-27,ACTIVE
105144,Customer_05144,RETAIL,Chennai,Tamil Nadu,1986-06-17,2022-06-20,INACTIVE
105145,Customer_05145,RETAIL,Hyderabad,Telangana,1999-09-22,2024-05-10,ACTIVE
105146,Customer_05146,BUSINESS,Kolkata,West Bengal,2003-04-29,2020-11-25,ACTIVE
105147,Customer_05147,RETAIL,Bangalore,Karnataka,2009-04-25,2023-09-30,ACTIVE
105148,Customer_05148,RETAIL,Kolkata,West Bengal,2011-10-29,2022-04-26,ACTIVE
105149,Customer_05149,RETAIL,Delhi,Delhi,2010-06-27,2026-01-11,ACTIVE
105150,Customer_05150,PREMIUM,Chennai,Tamil Nadu,2003-05-06,2025-02-12,ACTIVE
105151,Customer_05151,RETAIL,Pune,Maharashtra,1979-11-27,2021-05-31,ACTIVE
105152,Customer_05152,PREMIUM,Chennai,Tamil Nadu,2000-11-30,2024-01-30,ACTIVE
105153,Customer_05153,RETAIL,Delhi,Delhi,2012-10-25,2022-04-01,ACTIVE
105154,Customer_05154,RETAIL,Hyderabad,Telangana,2013-12-23,2022-11-15,ACTIVE
105155,Customer_05155,RETAIL,Kolkata,West Bengal,2013-06-07,2023-01-15,ACTIVE
105156,Customer_05156,RETAIL,Kolkata,West Bengal,1979-08-10,2025-05-23,ACTIVE
105157,Customer_05157,RETAIL,Ahmedabad,Gujarat,1997-01-15,2021-11-27,ACTIVE
105158,Customer_05158,PREMIUM,Mumbai,Maharashtra,2004-06-29,2020-01-10,ACTIVE
105159,Customer_05159,RETAIL,Pune,Maharashtra,1989-04-30,2021-04-07,ACTIVE
105160,Customer_05160,PREMIUM,Ahmedabad,Gujarat,1995-12-28,2025-06-06,ACTIVE
105161,Customer_05161,RETAIL,Bangalore,Karnataka,1983-03-01,2021-12-13,ACTIVE
105162,Customer_05162,RETAIL,Mumbai,Maharashtra,1987-02-11,2020-05-22,ACTIVE
105163,Customer_05163,RETAIL,Delhi,Delhi,1979-05-27,2022-08-18,ACTIVE
105164,Customer_05164,RETAIL,Kolkata,West Bengal,2019-05-24,2025-09-19,ACTIVE
105165,Customer_05165,RETAIL,Delhi,Delhi,2014-06-21,2025-09-26,ACTIVE
105166,Customer_05166,BUSINESS,Mumbai,Maharashtra,1995-10-01,2026-03-24,ACTIVE
105167,Customer_05167,BUSINESS,Hyderabad,Telangana,1979-05-05,2024-06-29,ACTIVE
105168,Customer_05168,PREMIUM,Pune,Maharashtra,1992-12-06,2025-05-20,ACTIVE
105169,Customer_05169,PREMIUM,Delhi,Delhi,1996-12-27,2025-01-29,ACTIVE
105170,Customer_05170,RETAIL,Mumbai,Maharashtra,1986-02-08,2020-02-17,ACTIVE
105171,Customer_05171,RETAIL,Chennai,Tamil Nadu,2006-05-04,2022-09-30,ACTIVE
105172,Customer_05172,RETAIL,Bangalore,Karnataka,2020-02-21,2023-06-16,ACTIVE
105173,Customer_05173,PREMIUM,Kolkata,West Bengal,2013-10-27,2023-01-18,ACTIVE
105174,Customer_05174,RETAIL,Delhi,Delhi,2014-04-27,2025-06-12,ACTIVE
105175,Customer_05175,RETAIL,Pune,Maharashtra,2013-04-16,2026-06-15,ACTIVE
105176,Customer_05176,PREMIUM,Pune,Maharashtra,1982-01-14,2023-08-01,ACTIVE
105177,Customer_05177,RETAIL,Pune,Maharashtra,2001-10-24,2020-08-19,ACTIVE
105178,Customer_05178,PREMIUM,Bangalore,Karnataka,2002-05-26,2022-05-13,ACTIVE
105179,Customer_05179,RETAIL,Mumbai,Maharashtra,1983-04-23,2021-04-19,ACTIVE
105180,Customer_05180,PREMIUM,Bangalore,Karnataka,1985-03-21,2023-02-03,ACTIVE
105181,Customer_05181,PREMIUM,Kolkata,West Bengal,2002-05-18,2021-07-15,ACTIVE
105182,Customer_05182,RETAIL,Kolkata,West Bengal,2008-07-23,2020-07-12,ACTIVE
105183,Customer_05183,RETAIL,Hyderabad,Telangana,1987-10-02,2021-02-15,ACTIVE
105184,Customer_05184,RETAIL,Ahmedabad,Gujarat,1999-01-17,2023-04-06,INACTIVE
105185,Customer_05185,RETAIL,Kolkata,West Bengal,1982-04-03,2020-12-05,ACTIVE
105186,Customer_05186,RETAIL,Hyderabad,Telangana,1983-09-12,2020-03-07,ACTIVE
105187,Customer_05187,RETAIL,Kolkata,West Bengal,2002-12-29,2021-11-03,ACTIVE
105188,Customer_05188,RETAIL,Mumbai,Maharashtra,2002-01-15,2024-03-25,ACTIVE
105189,Customer_05189,RETAIL,Kolkata,West Bengal,2009-12-20,2024-02-22,ACTIVE
105190,Customer_05190,RETAIL,Delhi,Delhi,2016-07-25,2022-07-26,INACTIVE
105191,Customer_05191,BUSINESS,Hyderabad,Telangana,1986-12-19,2024-05-11,ACTIVE
105192,Customer_05192,RETAIL,Ahmedabad,Gujarat,1993-03-05,2021-04-04,ACTIVE
105193,Customer_05193,RETAIL,Bangalore,Karnataka,2014-04-25,2024-09-30,ACTIVE
105194,Customer_05194,RETAIL,Mumbai,Maharashtra,1981-04-02,2020-02-11,ACTIVE
105195,Customer_05195,RETAIL,Delhi,Delhi,2013-03-07,2020-11-20,ACTIVE
105196,Customer_05196,BUSINESS,Bangalore,Karnataka,2017-12-25,2026-01-22,ACTIVE
105197,Customer_05197,RETAIL,Ahmedabad,Gujarat,1983-04-09,2023-01-27,ACTIVE
105198,Customer_05198,PREMIUM,Ahmedabad,Gujarat,1984-12-26,2023-08-28,ACTIVE
105199,Customer_05199,RETAIL,Chennai,Tamil Nadu,2007-04-07,2022-08-11,ACTIVE
105200,Customer_05200,PREMIUM,Ahmedabad,Gujarat,1998-09-03,2024-04-01,ACTIVE
105201,Customer_05201,PREMIUM,Bangalore,Karnataka,2019-09-21,2024-11-30,ACTIVE
105202,Customer_05202,PREMIUM,Bangalore,Karnataka,2001-07-14,2025-02-13,ACTIVE
105203,Customer_05203,RETAIL,Kolkata,West Bengal,2006-01-25,2021-08-20,INACTIVE
105204,Customer_05204,RETAIL,Hyderabad,Telangana,1988-11-25,2024-02-12,ACTIVE
105205,Customer_05205,PREMIUM,Chennai,Tamil Nadu,1992-06-28,2025-02-25,ACTIVE
105206,Customer_05206,RETAIL,Bangalore,Karnataka,1986-06-14,2022-09-18,ACTIVE
105207,Customer_05207,RETAIL,Hyderabad,Telangana,1985-03-13,2022-07-05,ACTIVE
105208,Customer_05208,RETAIL,Kolkata,West Bengal,1983-10-24,2024-02-15,ACTIVE
105209,Customer_05209,RETAIL,Bangalore,Karnataka,2015-10-30,2023-10-09,ACTIVE
105210,Customer_05210,RETAIL,Mumbai,Maharashtra,1982-01-14,2021-08-29,ACTIVE
105211,Customer_05211,RETAIL,Mumbai,Maharashtra,2000-05-16,2026-04-17,ACTIVE
105212,Customer_05212,RETAIL,Pune,Maharashtra,2000-01-12,2023-09-09,ACTIVE
105213,Customer_05213,RETAIL,Bangalore,Karnataka,1981-06-17,2023-09-16,ACTIVE
105214,Customer_05214,RETAIL,Chennai,Tamil Nadu,2013-09-29,2021-05-08,ACTIVE
105215,Customer_05215,PREMIUM,Kolkata,West Bengal,1999-09-23,2024-06-08,ACTIVE
105216,Customer_05216,RETAIL,Pune,Maharashtra,1984-05-15,2026-01-10,ACTIVE
105217,Customer_05217,PREMIUM,Kolkata,West Bengal,1984-06-13,2024-10-08,ACTIVE
105218,Customer_05218,RETAIL,Hyderabad,Telangana,2007-12-09,2023-05-07,ACTIVE
105219,Customer_05219,RETAIL,Mumbai,Maharashtra,2004-08-12,2024-03-07,ACTIVE
105220,Customer_05220,PREMIUM,Delhi,Delhi,1996-02-10,2021-07-15,ACTIVE
105221,Customer_05221,PREMIUM,Delhi,Delhi,1995-10-21,2020-05-25,ACTIVE
105222,Customer_05222,PREMIUM,Ahmedabad,Gujarat,1980-08-11,2024-03-15,ACTIVE
105223,Customer_05223,PREMIUM,Ahmedabad,Gujarat,1980-06-21,2021-03-12,INACTIVE
105224,Customer_05224,PREMIUM,Kolkata,West Bengal,2001-03-05,2020-08-04,ACTIVE
105225,Customer_05225,PREMIUM,Chennai,Tamil Nadu,1994-02-05,2025-02-02,ACTIVE
105226,Customer_05226,PREMIUM,Bangalore,Karnataka,1989-07-07,2022-11-07,ACTIVE
105227,Customer_05227,PREMIUM,Delhi,Delhi,1994-09-25,2025-08-09,ACTIVE
105228,Customer_05228,RETAIL,Kolkata,West Bengal,2004-01-08,2025-09-09,ACTIVE
105229,Customer_05229,RETAIL,Mumbai,Maharashtra,1991-03-17,2020-10-22,ACTIVE
105230,Customer_05230,RETAIL,Delhi,Delhi,1993-07-05,2025-01-16,ACTIVE
105231,Customer_05231,RETAIL,Pune,Maharashtra,1990-10-11,2022-03-14,ACTIVE
105232,Customer_05232,PREMIUM,Bangalore,Karnataka,2006-07-14,2024-08-15,ACTIVE
105233,Customer_05233,RETAIL,Delhi,Delhi,1981-05-31,2020-04-15,ACTIVE
105234,Customer_05234,RETAIL,Pune,Maharashtra,2016-11-19,2023-02-03,ACTIVE
105235,Customer_05235,PREMIUM,Bangalore,Karnataka,2001-12-08,2024-02-17,INACTIVE
105236,Customer_05236,RETAIL,Kolkata,West Bengal,1989-03-17,2022-12-08,ACTIVE
105237,Customer_05237,PREMIUM,Chennai,Tamil Nadu,2010-05-09,2023-08-17,INACTIVE
105238,Customer_05238,RETAIL,Kolkata,West Bengal,2017-10-05,2020-01-28,INACTIVE
105239,Customer_05239,RETAIL,Ahmedabad,Gujarat,1981-07-22,2020-01-18,ACTIVE
105240,Customer_05240,RETAIL,Ahmedabad,Gujarat,1987-07-22,2023-12-11,ACTIVE
105241,Customer_05241,RETAIL,Delhi,Delhi,1985-01-27,2022-09-25,ACTIVE
105242,Customer_05242,RETAIL,Ahmedabad,Gujarat,1982-01-25,2023-10-16,ACTIVE
105243,Customer_05243,RETAIL,Ahmedabad,Gujarat,2009-07-02,2022-05-13,ACTIVE
105244,Customer_05244,RETAIL,Ahmedabad,Gujarat,1987-01-29,2020-01-13,ACTIVE
105245,Customer_05245,RETAIL,Delhi,Delhi,1994-12-01,2024-08-07,INACTIVE
105246,Customer_05246,PREMIUM,Pune,Maharashtra,2012-08-18,2020-11-24,ACTIVE
105247,Customer_05247,RETAIL,Chennai,Tamil Nadu,2004-04-15,2025-02-26,ACTIVE
105248,Customer_05248,RETAIL,Ahmedabad,Gujarat,2006-12-28,2020-01-30,ACTIVE
105249,Customer_05249,RETAIL,Ahmedabad,Gujarat,1983-03-06,2026-02-07,ACTIVE
105250,Customer_05250,BUSINESS,Chennai,Tamil Nadu,2019-01-13,2021-08-30,ACTIVE
105251,Customer_05251,PREMIUM,Pune,Maharashtra,1982-07-24,2025-11-12,ACTIVE
105252,Customer_05252,BUSINESS,Bangalore,Karnataka,2008-04-25,2020-01-10,ACTIVE
105253,Customer_05253,BUSINESS,Hyderabad,Telangana,2005-06-04,2022-12-16,ACTIVE
105254,Customer_05254,RETAIL,Chennai,Tamil Nadu,1996-02-10,2022-09-28,ACTIVE
105255,Customer_05255,PREMIUM,Delhi,Delhi,2013-08-01,2021-01-29,ACTIVE
105256,Customer_05256,RETAIL,Delhi,Delhi,2015-10-25,2023-02-17,INACTIVE
105257,Customer_05257,PREMIUM,Mumbai,Maharashtra,1982-01-19,2021-05-31,ACTIVE
105258,Customer_05258,RETAIL,Delhi,Delhi,2018-07-06,2022-11-14,ACTIVE
105259,Customer_05259,RETAIL,Hyderabad,Telangana,1989-01-24,2022-06-18,ACTIVE
105260,Customer_05260,BUSINESS,Pune,Maharashtra,2011-09-04,2021-04-23,ACTIVE
105261,Customer_05261,PREMIUM,Ahmedabad,Gujarat,2012-11-14,2025-03-07,ACTIVE
105262,Customer_05262,BUSINESS,Mumbai,Maharashtra,2002-01-09,2023-06-10,ACTIVE
105263,Customer_05263,RETAIL,Chennai,Tamil Nadu,2014-08-14,2025-07-05,INACTIVE
105264,Customer_05264,RETAIL,Bangalore,Karnataka,2013-01-28,2025-05-07,ACTIVE
105265,Customer_05265,RETAIL,Kolkata,West Bengal,2000-08-17,2021-09-21,ACTIVE
105266,Customer_05266,RETAIL,Ahmedabad,Gujarat,1986-07-08,2021-11-29,ACTIVE
105267,Customer_05267,RETAIL,Chennai,Tamil Nadu,1997-01-04,2026-04-02,ACTIVE
105268,Customer_05268,RETAIL,Hyderabad,Telangana,2016-02-21,2022-01-20,ACTIVE
105269,Customer_05269,PREMIUM,Hyderabad,Telangana,1987-06-28,2020-08-15,ACTIVE
105270,Customer_05270,RETAIL,Chennai,Tamil Nadu,2020-03-19,2023-07-26,ACTIVE
105271,Customer_05271,PREMIUM,Pune,Maharashtra,1986-08-17,2026-05-09,ACTIVE
105272,Customer_05272,PREMIUM,Bangalore,Karnataka,2006-06-25,2021-07-15,ACTIVE
105273,Customer_05273,RETAIL,Pune,Maharashtra,2005-06-27,2024-03-10,ACTIVE
105274,Customer_05274,RETAIL,Bangalore,Karnataka,1987-03-18,2022-03-21,ACTIVE
105275,Customer_05275,RETAIL,Chennai,Tamil Nadu,1998-07-24,2022-07-12,ACTIVE
105276,Customer_05276,RETAIL,Pune,Maharashtra,1985-02-04,2022-12-21,ACTIVE
105277,Customer_05277,PREMIUM,Pune,Maharashtra,1994-02-22,2020-12-09,ACTIVE
105278,Customer_05278,RETAIL,Kolkata,West Bengal,2018-07-26,2022-07-16,ACTIVE
105279,Customer_05279,RETAIL,Bangalore,Karnataka,1981-05-24,2021-10-17,ACTIVE
105280,Customer_05280,BUSINESS,Pune,Maharashtra,2014-12-13,2025-05-17,ACTIVE
105281,Customer_05281,PREMIUM,Hyderabad,Telangana,2006-12-27,2021-07-01,ACTIVE
105282,Customer_05282,PREMIUM,Hyderabad,Telangana,2009-11-29,2025-07-30,ACTIVE
105283,Customer_05283,RETAIL,Kolkata,West Bengal,1990-10-01,2020-02-10,ACTIVE
105284,Customer_05284,BUSINESS,Kolkata,West Bengal,2018-02-21,2022-08-24,ACTIVE
105285,Customer_05285,RETAIL,Ahmedabad,Gujarat,1989-07-28,2021-10-05,ACTIVE
105286,Customer_05286,RETAIL,Chennai,Tamil Nadu,1999-11-03,2022-12-10,ACTIVE
105287,Customer_05287,PREMIUM,Delhi,Delhi,1980-09-03,2025-01-24,ACTIVE
105288,Customer_05288,PREMIUM,Kolkata,West Bengal,2015-08-16,2026-04-15,ACTIVE
105289,Customer_05289,RETAIL,Delhi,Delhi,2008-02-06,2024-10-12,ACTIVE
105290,Customer_05290,RETAIL,Delhi,Delhi,1985-11-07,2023-04-22,ACTIVE
105291,Customer_05291,RETAIL,Kolkata,West Bengal,2006-05-10,2023-05-14,ACTIVE
105292,Customer_05292,PREMIUM,Ahmedabad,Gujarat,1986-09-03,2026-07-11,ACTIVE
105293,Customer_05293,PREMIUM,Delhi,Delhi,1997-06-01,2026-07-07,ACTIVE
105294,Customer_05294,RETAIL,Hyderabad,Telangana,2000-03-16,2025-01-04,ACTIVE
105295,Customer_05295,RETAIL,Ahmedabad,Gujarat,2017-05-30,2021-01-29,INACTIVE
105296,Customer_05296,PREMIUM,Kolkata,West Bengal,1992-10-26,2021-09-26,ACTIVE
105297,Customer_05297,PREMIUM,Mumbai,Maharashtra,1979-09-10,2021-10-15,ACTIVE
105298,Customer_05298,RETAIL,Hyderabad,Telangana,1996-12-04,2021-07-03,ACTIVE
105299,Customer_05299,RETAIL,Pune,Maharashtra,2017-03-20,2026-05-11,ACTIVE
105300,Customer_05300,BUSINESS,Kolkata,West Bengal,2011-12-11,2021-01-16,ACTIVE
105301,Customer_05301,RETAIL,Mumbai,Maharashtra,1981-08-04,2025-08-08,INACTIVE
105302,Customer_05302,RETAIL,Ahmedabad,Gujarat,1981-05-11,2025-04-18,ACTIVE
105303,Customer_05303,RETAIL,Pune,Maharashtra,2010-03-31,2023-06-22,ACTIVE
105304,Customer_05304,RETAIL,Bangalore,Karnataka,2008-10-07,2022-01-06,ACTIVE
105305,Customer_05305,PREMIUM,Pune,Maharashtra,2002-01-18,2021-09-29,ACTIVE
105306,Customer_05306,RETAIL,Kolkata,West Bengal,1982-10-15,2024-06-09,ACTIVE
105307,Customer_05307,RETAIL,Bangalore,Karnataka,1990-08-31,2024-05-29,ACTIVE
105308,Customer_05308,RETAIL,Hyderabad,Telangana,2013-12-20,2023-07-20,ACTIVE
105309,Customer_05309,PREMIUM,Mumbai,Maharashtra,1984-11-21,2023-09-26,ACTIVE
105310,Customer_05310,RETAIL,Bangalore,Karnataka,1987-06-16,2025-06-05,ACTIVE
105311,Customer_05311,RETAIL,Ahmedabad,Gujarat,1997-09-25,2024-12-15,ACTIVE
105312,Customer_05312,RETAIL,Ahmedabad,Gujarat,2009-05-07,2024-12-06,ACTIVE
105313,Customer_05313,RETAIL,Pune,Maharashtra,2013-03-06,2021-11-03,ACTIVE
105314,Customer_05314,BUSINESS,Bangalore,Karnataka,2003-06-22,2020-06-01,ACTIVE
105315,Customer_05315,PREMIUM,Bangalore,Karnataka,1999-05-23,2023-01-05,ACTIVE
105316,Customer_05316,PREMIUM,Chennai,Tamil Nadu,1995-01-01,2022-03-23,ACTIVE
105317,Customer_05317,RETAIL,Chennai,Tamil Nadu,1980-12-16,2022-03-14,ACTIVE
105318,Customer_05318,RETAIL,Mumbai,Maharashtra,1990-02-25,2023-06-02,ACTIVE
105319,Customer_05319,BUSINESS,Kolkata,West Bengal,1987-12-26,2026-01-29,INACTIVE
105320,Customer_05320,RETAIL,Pune,Maharashtra,1981-07-10,2025-04-12,ACTIVE
105321,Customer_05321,PREMIUM,Delhi,Delhi,2009-10-06,2024-06-08,ACTIVE
105322,Customer_05322,RETAIL,Kolkata,West Bengal,1993-09-04,2024-09-09,ACTIVE
105323,Customer_05323,RETAIL,Hyderabad,Telangana,2000-02-03,2022-09-20,ACTIVE
105324,Customer_05324,RETAIL,Bangalore,Karnataka,1987-05-26,2023-08-11,ACTIVE
105325,Customer_05325,RETAIL,Ahmedabad,Gujarat,2003-06-12,2022-11-06,ACTIVE
105326,Customer_05326,RETAIL,Bangalore,Karnataka,1984-09-29,2025-04-24,ACTIVE
105327,Customer_05327,RETAIL,Chennai,Tamil Nadu,2006-12-30,2026-07-04,ACTIVE
105328,Customer_05328,RETAIL,Pune,Maharashtra,2009-06-29,2022-11-09,ACTIVE
105329,Customer_05329,RETAIL,Pune,Maharashtra,1991-12-15,2024-09-26,ACTIVE
105330,Customer_05330,PREMIUM,Bangalore,Karnataka,1987-11-22,2020-05-13,ACTIVE
105331,Customer_05331,RETAIL,Chennai,Tamil Nadu,2011-03-16,2022-08-22,ACTIVE
105332,Customer_05332,PREMIUM,Kolkata,West Bengal,1988-04-30,2025-09-20,ACTIVE
105333,Customer_05333,RETAIL,Bangalore,Karnataka,1986-06-26,2024-07-05,ACTIVE
105334,Customer_05334,RETAIL,Ahmedabad,Gujarat,1993-02-23,2023-06-17,ACTIVE
105335,Customer_05335,RETAIL,Chennai,Tamil Nadu,2018-11-10,2021-05-28,ACTIVE
105336,Customer_05336,BUSINESS,Mumbai,Maharashtra,1998-03-01,2025-04-24,INACTIVE
105337,Customer_05337,RETAIL,Hyderabad,Telangana,1989-12-14,2026-05-18,ACTIVE
105338,Customer_05338,BUSINESS,Chennai,Tamil Nadu,2000-04-05,2022-07-29,ACTIVE
105339,Customer_05339,RETAIL,Bangalore,Karnataka,1993-06-21,2025-04-26,ACTIVE
105340,Customer_05340,PREMIUM,Bangalore,Karnataka,2006-06-16,2023-11-13,ACTIVE
105341,Customer_05341,PREMIUM,Delhi,Delhi,1997-03-09,2022-08-11,ACTIVE
105342,Customer_05342,BUSINESS,Chennai,Tamil Nadu,2003-05-02,2022-03-05,ACTIVE
105343,Customer_05343,RETAIL,Chennai,Tamil Nadu,1997-01-30,2023-04-22,ACTIVE
105344,Customer_05344,BUSINESS,Bangalore,Karnataka,1998-12-12,2022-09-09,ACTIVE
105345,Customer_05345,RETAIL,Delhi,Delhi,1997-07-12,2024-01-20,ACTIVE
105346,Customer_05346,PREMIUM,Bangalore,Karnataka,1995-05-06,2020-12-19,ACTIVE
105347,Customer_05347,RETAIL,Bangalore,Karnataka,2018-09-29,2023-02-19,ACTIVE
105348,Customer_05348,RETAIL,Bangalore,Karnataka,1990-01-29,2024-11-14,INACTIVE
105349,Customer_05349,RETAIL,Delhi,Delhi,2012-03-29,2025-07-21,ACTIVE
105350,Customer_05350,PREMIUM,Chennai,Tamil Nadu,2008-04-27,2021-11-03,ACTIVE
105351,Customer_05351,RETAIL,Pune,Maharashtra,2000-11-05,2023-12-11,ACTIVE
105352,Customer_05352,RETAIL,Chennai,Tamil Nadu,1992-03-15,2021-12-25,ACTIVE
105353,Customer_05353,RETAIL,Mumbai,Maharashtra,1999-01-13,2025-03-10,ACTIVE
105354,Customer_05354,PREMIUM,Bangalore,Karnataka,2014-01-20,2022-04-30,ACTIVE
105355,Customer_05355,RETAIL,Kolkata,West Bengal,1986-08-21,2024-06-04,ACTIVE
105356,Customer_05356,PREMIUM,Kolkata,West Bengal,2003-03-28,2022-11-03,ACTIVE
105357,Customer_05357,RETAIL,Hyderabad,Telangana,2010-07-29,2021-10-03,ACTIVE
105358,Customer_05358,PREMIUM,Hyderabad,Telangana,2005-03-14,2023-10-14,ACTIVE
105359,Customer_05359,PREMIUM,Mumbai,Maharashtra,1985-01-31,2024-02-06,ACTIVE
105360,Customer_05360,PREMIUM,Delhi,Delhi,2000-01-22,2024-06-26,ACTIVE
105361,Customer_05361,PREMIUM,Hyderabad,Telangana,1986-09-06,2025-03-14,ACTIVE
105362,Customer_05362,RETAIL,Kolkata,West Bengal,2017-04-19,2024-06-09,ACTIVE
105363,Customer_05363,RETAIL,Chennai,Tamil Nadu,1993-08-11,2025-08-05,ACTIVE
105364,Customer_05364,PREMIUM,Kolkata,West Bengal,1996-06-23,2022-10-13,ACTIVE
105365,Customer_05365,RETAIL,Delhi,Delhi,2014-05-19,2023-05-05,ACTIVE
105366,Customer_05366,RETAIL,Pune,Maharashtra,1996-09-12,2023-03-02,ACTIVE
105367,Customer_05367,PREMIUM,Mumbai,Maharashtra,1987-02-17,2023-10-19,ACTIVE
105368,Customer_05368,RETAIL,Chennai,Tamil Nadu,2015-11-03,2020-12-02,ACTIVE
105369,Customer_05369,RETAIL,Hyderabad,Telangana,2005-10-10,2025-08-12,ACTIVE
105370,Customer_05370,BUSINESS,Delhi,Delhi,2004-01-03,2023-06-05,ACTIVE
105371,Customer_05371,RETAIL,Kolkata,West Bengal,1982-04-08,2023-08-21,ACTIVE
105372,Customer_05372,RETAIL,Hyderabad,Telangana,1997-08-11,2025-10-05,ACTIVE
105373,Customer_05373,RETAIL,Delhi,Delhi,1998-01-10,2023-01-20,ACTIVE
105374,Customer_05374,RETAIL,Pune,Maharashtra,1989-12-06,2023-01-10,ACTIVE
105375,Customer_05375,PREMIUM,Hyderabad,Telangana,2002-05-06,2023-09-18,ACTIVE
105376,Customer_05376,PREMIUM,Hyderabad,Telangana,1989-03-24,2026-03-01,ACTIVE
105377,Customer_05377,RETAIL,Pune,Maharashtra,1998-07-04,2021-08-31,ACTIVE
105378,Customer_05378,RETAIL,Delhi,Delhi,2012-01-29,2021-01-08,ACTIVE
105379,Customer_05379,RETAIL,Bangalore,Karnataka,2009-05-12,2020-09-15,ACTIVE
105380,Customer_05380,RETAIL,Chennai,Tamil Nadu,1990-08-22,2024-11-03,ACTIVE
105381,Customer_05381,PREMIUM,Pune,Maharashtra,1987-09-08,2020-01-26,ACTIVE
105382,Customer_05382,RETAIL,Ahmedabad,Gujarat,1979-05-27,2024-08-26,ACTIVE
105383,Customer_05383,RETAIL,Bangalore,Karnataka,1993-05-10,2025-10-23,ACTIVE
105384,Customer_05384,PREMIUM,Bangalore,Karnataka,1979-12-18,2024-06-23,ACTIVE
105385,Customer_05385,PREMIUM,Mumbai,Maharashtra,1984-06-06,2021-02-13,ACTIVE
105386,Customer_05386,RETAIL,Ahmedabad,Gujarat,2019-05-07,2024-05-09,INACTIVE
105387,Customer_05387,RETAIL,Pune,Maharashtra,2014-04-22,2022-11-28,ACTIVE
105388,Customer_05388,RETAIL,Ahmedabad,Gujarat,2002-02-26,2020-02-23,ACTIVE
105389,Customer_05389,RETAIL,Bangalore,Karnataka,2010-12-22,2021-04-19,ACTIVE
105390,Customer_05390,RETAIL,Kolkata,West Bengal,1999-04-01,2024-11-16,ACTIVE
105391,Customer_05391,PREMIUM,Pune,Maharashtra,2003-11-10,2023-09-08,ACTIVE
105392,Customer_05392,BUSINESS,Pune,Maharashtra,2016-11-10,2023-04-14,ACTIVE
105393,Customer_05393,RETAIL,Kolkata,West Bengal,1982-05-24,2025-02-06,ACTIVE
105394,Customer_05394,RETAIL,Kolkata,West Bengal,1993-08-10,2023-06-12,INACTIVE
105395,Customer_05395,RETAIL,Chennai,Tamil Nadu,1984-01-20,2026-05-12,ACTIVE
105396,Customer_05396,RETAIL,Mumbai,Maharashtra,2011-10-24,2020-05-02,ACTIVE
105397,Customer_05397,RETAIL,Ahmedabad,Gujarat,2012-12-11,2021-11-18,ACTIVE
105398,Customer_05398,RETAIL,Bangalore,Karnataka,2008-10-22,2021-03-28,ACTIVE
105399,Customer_05399,BUSINESS,Ahmedabad,Gujarat,2004-03-04,2022-09-20,ACTIVE
105400,Customer_05400,PREMIUM,Kolkata,West Bengal,1998-10-04,2025-12-26,ACTIVE
105401,Customer_05401,BUSINESS,Kolkata,West Bengal,1980-02-17,2022-09-09,ACTIVE
105402,Customer_05402,RETAIL,Hyderabad,Telangana,2010-12-23,2022-01-27,ACTIVE
105403,Customer_05403,RETAIL,Hyderabad,Telangana,2015-11-17,2020-07-21,ACTIVE
105404,Customer_05404,RETAIL,Chennai,Tamil Nadu,2018-10-29,2022-08-03,ACTIVE
105405,Customer_05405,RETAIL,Mumbai,Maharashtra,1993-03-15,2021-07-03,ACTIVE
105406,Customer_05406,RETAIL,Bangalore,Karnataka,1987-05-28,2021-03-30,ACTIVE
105407,Customer_05407,PREMIUM,Hyderabad,Telangana,2006-01-08,2020-11-17,ACTIVE
105408,Customer_05408,PREMIUM,Kolkata,West Bengal,1979-11-19,2024-02-26,ACTIVE
105409,Customer_05409,RETAIL,Chennai,Tamil Nadu,1981-08-21,2024-08-28,ACTIVE
105410,Customer_05410,RETAIL,Hyderabad,Telangana,2012-11-24,2024-11-12,ACTIVE
105411,Customer_05411,RETAIL,Mumbai,Maharashtra,2018-06-17,2020-05-08,ACTIVE
105412,Customer_05412,RETAIL,Bangalore,Karnataka,1995-09-27,2026-01-20,ACTIVE
105413,Customer_05413,RETAIL,Chennai,Tamil Nadu,2000-01-08,2023-05-02,ACTIVE
105414,Customer_05414,RETAIL,Ahmedabad,Gujarat,2001-07-10,2023-09-10,ACTIVE
105415,Customer_05415,RETAIL,Delhi,Delhi,1984-11-07,2025-10-06,ACTIVE
105416,Customer_05416,BUSINESS,Pune,Maharashtra,1988-04-19,2021-10-23,ACTIVE
105417,Customer_05417,RETAIL,Delhi,Delhi,1991-06-03,2023-04-23,ACTIVE
105418,Customer_05418,RETAIL,Pune,Maharashtra,2013-09-25,2020-06-19,ACTIVE
105419,Customer_05419,RETAIL,Chennai,Tamil Nadu,1997-02-26,2023-03-27,ACTIVE
105420,Customer_05420,PREMIUM,Hyderabad,Telangana,2008-10-13,2021-09-30,ACTIVE
105421,Customer_05421,RETAIL,Kolkata,West Bengal,1987-02-24,2021-03-13,ACTIVE
105422,Customer_05422,RETAIL,Ahmedabad,Gujarat,2018-04-26,2024-01-24,ACTIVE
105423,Customer_05423,RETAIL,Mumbai,Maharashtra,2015-06-12,2020-11-08,ACTIVE
105424,Customer_05424,RETAIL,Pune,Maharashtra,1998-09-06,2026-05-26,ACTIVE
105425,Customer_05425,RETAIL,Delhi,Delhi,1988-06-05,2021-07-11,ACTIVE
105426,Customer_05426,RETAIL,Pune,Maharashtra,2019-04-09,2020-07-09,ACTIVE
105427,Customer_05427,RETAIL,Kolkata,West Bengal,2012-05-08,2022-12-07,ACTIVE
105428,Customer_05428,PREMIUM,Pune,Maharashtra,2000-02-22,2022-07-21,ACTIVE
105429,Customer_05429,RETAIL,Mumbai,Maharashtra,1990-02-25,2024-04-27,ACTIVE
105430,Customer_05430,RETAIL,Kolkata,West Bengal,2004-09-07,2024-05-20,ACTIVE
105431,Customer_05431,RETAIL,Ahmedabad,Gujarat,1994-05-17,2023-11-22,ACTIVE
105432,Customer_05432,RETAIL,Pune,Maharashtra,2006-11-06,2023-10-10,ACTIVE
105433,Customer_05433,RETAIL,Delhi,Delhi,2013-05-08,2025-02-08,ACTIVE
105434,Customer_05434,RETAIL,Chennai,Tamil Nadu,1999-04-12,2024-04-13,ACTIVE
105435,Customer_05435,RETAIL,Chennai,Tamil Nadu,1981-02-21,2020-11-30,ACTIVE
105436,Customer_05436,BUSINESS,Ahmedabad,Gujarat,2002-04-11,2023-01-16,ACTIVE
105437,Customer_05437,RETAIL,Bangalore,Karnataka,2014-06-05,2024-07-08,INACTIVE
105438,Customer_05438,BUSINESS,Mumbai,Maharashtra,1988-05-02,2021-10-02,ACTIVE
105439,Customer_05439,BUSINESS,Bangalore,Karnataka,2018-07-25,2025-09-03,ACTIVE
105440,Customer_05440,RETAIL,Chennai,Tamil Nadu,1994-01-17,2023-03-04,INACTIVE
105441,Customer_05441,RETAIL,Chennai,Tamil Nadu,2007-04-05,2022-02-10,ACTIVE
105442,Customer_05442,RETAIL,Chennai,Tamil Nadu,2007-12-29,2022-07-04,ACTIVE
105443,Customer_05443,BUSINESS,Ahmedabad,Gujarat,1986-08-23,2024-01-25,ACTIVE
105444,Customer_05444,RETAIL,Kolkata,West Bengal,1980-10-06,2024-08-29,ACTIVE
105445,Customer_05445,RETAIL,Delhi,Delhi,2018-02-16,2021-09-05,ACTIVE
105446,Customer_05446,RETAIL,Delhi,Delhi,2007-12-06,2021-02-15,INACTIVE
105447,Customer_05447,PREMIUM,Hyderabad,Telangana,2005-02-02,2020-08-07,ACTIVE
105448,Customer_05448,RETAIL,Bangalore,Karnataka,1991-08-22,2023-04-05,ACTIVE
105449,Customer_05449,RETAIL,Bangalore,Karnataka,1983-08-09,2026-02-03,ACTIVE
105450,Customer_05450,RETAIL,Pune,Maharashtra,1990-04-30,2026-04-20,ACTIVE
105451,Customer_05451,RETAIL,Delhi,Delhi,2001-08-28,2023-09-05,ACTIVE
105452,Customer_05452,PREMIUM,Hyderabad,Telangana,2007-08-24,2023-06-30,ACTIVE
105453,Customer_05453,PREMIUM,Kolkata,West Bengal,1992-04-07,2023-04-22,ACTIVE
105454,Customer_05454,RETAIL,Kolkata,West Bengal,1987-12-29,2021-07-23,ACTIVE
105455,Customer_05455,RETAIL,Delhi,Delhi,1989-05-30,2022-09-25,INACTIVE
105456,Customer_05456,PREMIUM,Pune,Maharashtra,2018-08-29,2026-02-24,ACTIVE
105457,Customer_05457,RETAIL,Pune,Maharashtra,2005-01-21,2024-01-18,ACTIVE
105458,Customer_05458,RETAIL,Bangalore,Karnataka,2019-11-07,2021-08-08,ACTIVE
105459,Customer_05459,RETAIL,Chennai,Tamil Nadu,1979-06-04,2020-07-29,ACTIVE
105460,Customer_05460,RETAIL,Ahmedabad,Gujarat,1997-12-23,2024-12-07,ACTIVE
105461,Customer_05461,BUSINESS,Ahmedabad,Gujarat,1997-12-12,2025-12-07,ACTIVE
105462,Customer_05462,PREMIUM,Mumbai,Maharashtra,1995-08-26,2020-09-19,ACTIVE
105463,Customer_05463,RETAIL,Hyderabad,Telangana,1995-03-31,2022-06-19,ACTIVE
105464,Customer_05464,PREMIUM,Delhi,Delhi,1982-05-30,2025-08-07,ACTIVE
105465,Customer_05465,RETAIL,Pune,Maharashtra,1980-06-26,2021-08-30,ACTIVE
105466,Customer_05466,PREMIUM,Chennai,Tamil Nadu,2011-02-15,2021-03-09,ACTIVE
105467,Customer_05467,RETAIL,Mumbai,Maharashtra,1997-04-03,2022-08-04,ACTIVE
105468,Customer_05468,RETAIL,Delhi,Delhi,1985-11-05,2022-08-04,ACTIVE
105469,Customer_05469,RETAIL,Chennai,Tamil Nadu,1993-06-09,2023-03-01,ACTIVE
105470,Customer_05470,RETAIL,Delhi,Delhi,2017-06-25,2026-05-06,ACTIVE
105471,Customer_05471,RETAIL,Chennai,Tamil Nadu,1998-05-16,2026-05-22,ACTIVE
105472,Customer_05472,RETAIL,Bangalore,Karnataka,2019-11-05,2023-10-22,ACTIVE
105473,Customer_05473,PREMIUM,Kolkata,West Bengal,1985-10-18,2020-06-29,ACTIVE
105474,Customer_05474,PREMIUM,Pune,Maharashtra,1984-03-11,2021-09-25,ACTIVE
105475,Customer_05475,RETAIL,Mumbai,Maharashtra,2002-04-27,2021-03-09,ACTIVE
105476,Customer_05476,RETAIL,Chennai,Tamil Nadu,2007-03-20,2020-01-02,ACTIVE
105477,Customer_05477,RETAIL,Delhi,Delhi,2019-06-19,2022-07-07,ACTIVE
105478,Customer_05478,RETAIL,Hyderabad,Telangana,1998-04-20,2020-01-17,ACTIVE
105479,Customer_05479,RETAIL,Mumbai,Maharashtra,1987-05-21,2023-10-10,ACTIVE
105480,Customer_05480,PREMIUM,Chennai,Tamil Nadu,2001-05-22,2021-10-21,ACTIVE
105481,Customer_05481,BUSINESS,Ahmedabad,Gujarat,1991-10-09,2024-10-05,ACTIVE
105482,Customer_05482,RETAIL,Mumbai,Maharashtra,1986-07-16,2023-06-18,ACTIVE
105483,Customer_05483,PREMIUM,Delhi,Delhi,1982-10-18,2026-03-31,ACTIVE
105484,Customer_05484,RETAIL,Kolkata,West Bengal,2008-11-16,2023-03-09,ACTIVE
105485,Customer_05485,RETAIL,Chennai,Tamil Nadu,2005-07-24,2021-01-10,ACTIVE
105486,Customer_05486,RETAIL,Pune,Maharashtra,1986-01-03,2026-01-21,ACTIVE
105487,Customer_05487,RETAIL,Pune,Maharashtra,2002-02-12,2022-01-11,ACTIVE
105488,Customer_05488,RETAIL,Kolkata,West Bengal,2015-07-10,2025-01-07,INACTIVE
105489,Customer_05489,BUSINESS,Kolkata,West Bengal,2012-10-05,2025-02-21,ACTIVE
105490,Customer_05490,RETAIL,Delhi,Delhi,1997-10-22,2026-01-28,ACTIVE
105491,Customer_05491,RETAIL,Bangalore,Karnataka,1981-07-08,2024-03-16,ACTIVE
105492,Customer_05492,RETAIL,Kolkata,West Bengal,2005-03-28,2023-05-13,ACTIVE
105493,Customer_05493,BUSINESS,Pune,Maharashtra,2000-05-13,2022-07-12,ACTIVE
105494,Customer_05494,RETAIL,Pune,Maharashtra,2017-01-07,2022-12-07,INACTIVE
105495,Customer_05495,BUSINESS,Kolkata,West Bengal,2001-11-20,2025-02-15,ACTIVE
105496,Customer_05496,PREMIUM,Pune,Maharashtra,2009-06-21,2023-09-20,ACTIVE
105497,Customer_05497,RETAIL,Kolkata,West Bengal,2000-11-12,2020-04-27,ACTIVE
105498,Customer_05498,PREMIUM,Bangalore,Karnataka,2001-05-17,2022-06-12,ACTIVE
105499,Customer_05499,PREMIUM,Ahmedabad,Gujarat,1992-03-14,2026-01-02,ACTIVE
105500,Customer_05500,PREMIUM,Mumbai,Maharashtra,1995-09-14,2021-05-20,ACTIVE
105501,Customer_05501,RETAIL,Ahmedabad,Gujarat,1991-04-26,2023-02-07,ACTIVE
105502,Customer_05502,RETAIL,Pune,Maharashtra,1998-02-22,2025-06-30,ACTIVE
105503,Customer_05503,RETAIL,Mumbai,Maharashtra,2018-03-29,2021-11-27,ACTIVE
105504,Customer_05504,RETAIL,Hyderabad,Telangana,1993-03-13,2024-06-21,ACTIVE
105505,Customer_05505,PREMIUM,Chennai,Tamil Nadu,1998-03-10,2025-02-27,ACTIVE
105506,Customer_05506,PREMIUM,Kolkata,West Bengal,2018-01-08,2022-02-20,ACTIVE
105507,Customer_05507,RETAIL,Mumbai,Maharashtra,1985-05-17,2025-11-19,ACTIVE
105508,Customer_05508,RETAIL,Mumbai,Maharashtra,1989-07-19,2022-12-07,ACTIVE
105509,Customer_05509,RETAIL,Chennai,Tamil Nadu,1999-06-02,2021-12-11,ACTIVE
105510,Customer_05510,PREMIUM,Ahmedabad,Gujarat,1995-12-23,2021-06-25,ACTIVE
105511,Customer_05511,RETAIL,Bangalore,Karnataka,1993-03-05,2021-10-01,ACTIVE
105512,Customer_05512,PREMIUM,Kolkata,West Bengal,2011-02-15,2023-09-12,ACTIVE
105513,Customer_05513,RETAIL,Ahmedabad,Gujarat,1999-08-27,2021-06-24,ACTIVE
105514,Customer_05514,RETAIL,Kolkata,West Bengal,1994-02-16,2022-05-10,ACTIVE
105515,Customer_05515,BUSINESS,Chennai,Tamil Nadu,1998-11-01,2024-09-01,ACTIVE
105516,Customer_05516,RETAIL,Hyderabad,Telangana,2015-07-30,2025-10-02,ACTIVE
105517,Customer_05517,RETAIL,Chennai,Tamil Nadu,2019-07-29,2024-06-17,ACTIVE
105518,Customer_05518,PREMIUM,Hyderabad,Telangana,1989-02-23,2023-06-22,ACTIVE
105519,Customer_05519,RETAIL,Chennai,Tamil Nadu,1980-10-24,2024-07-28,ACTIVE
105520,Customer_05520,BUSINESS,Chennai,Tamil Nadu,1980-06-14,2022-09-15,ACTIVE
105521,Customer_05521,BUSINESS,Bangalore,Karnataka,1997-06-16,2021-10-12,ACTIVE
105522,Customer_05522,PREMIUM,Hyderabad,Telangana,2004-12-26,2024-12-04,ACTIVE
105523,Customer_05523,RETAIL,Kolkata,West Bengal,1981-04-09,2020-11-20,ACTIVE
105524,Customer_05524,RETAIL,Ahmedabad,Gujarat,2000-01-14,2025-12-12,INACTIVE
105525,Customer_05525,PREMIUM,Chennai,Tamil Nadu,1995-07-30,2022-10-25,ACTIVE
105526,Customer_05526,RETAIL,Mumbai,Maharashtra,2017-06-25,2025-05-15,ACTIVE
105527,Customer_05527,BUSINESS,Chennai,Tamil Nadu,2003-12-14,2020-08-25,ACTIVE
105528,Customer_05528,PREMIUM,Delhi,Delhi,1996-07-16,2023-04-02,ACTIVE
105529,Customer_05529,RETAIL,Mumbai,Maharashtra,2003-04-04,2022-10-09,ACTIVE
105530,Customer_05530,RETAIL,Mumbai,Maharashtra,1984-09-24,2022-05-05,ACTIVE
105531,Customer_05531,PREMIUM,Chennai,Tamil Nadu,1998-09-03,2023-05-13,INACTIVE
105532,Customer_05532,RETAIL,Ahmedabad,Gujarat,1992-09-15,2024-05-08,INACTIVE
105533,Customer_05533,RETAIL,Chennai,Tamil Nadu,1986-08-06,2026-03-10,INACTIVE
105534,Customer_05534,PREMIUM,Bangalore,Karnataka,1995-04-25,2025-05-14,ACTIVE
105535,Customer_05535,RETAIL,Mumbai,Maharashtra,2005-05-28,2021-07-09,ACTIVE
105536,Customer_05536,RETAIL,Hyderabad,Telangana,2003-02-10,2026-06-06,ACTIVE
105537,Customer_05537,PREMIUM,Mumbai,Maharashtra,2018-10-02,2023-04-11,ACTIVE
105538,Customer_05538,PREMIUM,Kolkata,West Bengal,1990-06-09,2023-01-02,ACTIVE
105539,Customer_05539,RETAIL,Kolkata,West Bengal,2007-11-25,2020-01-27,ACTIVE
105540,Customer_05540,BUSINESS,Ahmedabad,Gujarat,2001-10-06,2024-05-22,INACTIVE
105541,Customer_05541,BUSINESS,Delhi,Delhi,2015-01-19,2025-10-29,ACTIVE
105542,Customer_05542,RETAIL,Pune,Maharashtra,2016-06-15,2021-12-04,ACTIVE
105543,Customer_05543,RETAIL,Delhi,Delhi,2008-03-21,2025-09-12,ACTIVE
105544,Customer_05544,PREMIUM,Kolkata,West Bengal,1996-07-25,2020-07-28,ACTIVE
105545,Customer_05545,RETAIL,Pune,Maharashtra,2001-01-25,2026-05-09,ACTIVE
105546,Customer_05546,PREMIUM,Ahmedabad,Gujarat,2005-12-03,2021-08-30,ACTIVE
105547,Customer_05547,RETAIL,Pune,Maharashtra,2012-04-05,2023-03-01,ACTIVE
105548,Customer_05548,RETAIL,Mumbai,Maharashtra,1988-07-25,2020-02-04,ACTIVE
105549,Customer_05549,RETAIL,Pune,Maharashtra,2015-01-06,2025-11-25,ACTIVE
105550,Customer_05550,RETAIL,Kolkata,West Bengal,2012-01-27,2023-05-07,ACTIVE
105551,Customer_05551,BUSINESS,Chennai,Tamil Nadu,1982-10-14,2026-05-18,ACTIVE
105552,Customer_05552,RETAIL,Delhi,Delhi,1990-03-29,2022-06-14,ACTIVE
105553,Customer_05553,BUSINESS,Hyderabad,Telangana,1988-11-06,2020-05-23,ACTIVE
105554,Customer_05554,RETAIL,Hyderabad,Telangana,2002-12-23,2024-06-15,ACTIVE
105555,Customer_05555,PREMIUM,Chennai,Tamil Nadu,1987-09-25,2021-01-26,ACTIVE
105556,Customer_05556,BUSINESS,Chennai,Tamil Nadu,1991-06-30,2024-01-16,ACTIVE
105557,Customer_05557,RETAIL,Mumbai,Maharashtra,1986-12-07,2020-03-24,ACTIVE
105558,Customer_05558,RETAIL,Delhi,Delhi,1981-12-07,2021-02-06,ACTIVE
105559,Customer_05559,PREMIUM,Chennai,Tamil Nadu,1998-01-11,2024-03-10,ACTIVE
105560,Customer_05560,PREMIUM,Pune,Maharashtra,1992-04-16,2024-06-05,ACTIVE
105561,Customer_05561,RETAIL,Bangalore,Karnataka,1999-11-19,2020-12-31,ACTIVE
105562,Customer_05562,RETAIL,Mumbai,Maharashtra,1987-11-15,2021-03-25,ACTIVE
105563,Customer_05563,PREMIUM,Kolkata,West Bengal,1990-12-04,2025-08-22,ACTIVE
105564,Customer_05564,RETAIL,Mumbai,Maharashtra,2015-10-29,2020-01-15,ACTIVE
105565,Customer_05565,RETAIL,Mumbai,Maharashtra,2012-03-23,2021-07-06,ACTIVE
105566,Customer_05566,RETAIL,Hyderabad,Telangana,1990-02-04,2026-05-17,ACTIVE
105567,Customer_05567,RETAIL,Pune,Maharashtra,1985-10-22,2023-08-07,ACTIVE
105568,Customer_05568,PREMIUM,Delhi,Delhi,2019-03-08,2020-03-05,ACTIVE
105569,Customer_05569,RETAIL,Delhi,Delhi,2007-02-16,2025-11-12,ACTIVE
105570,Customer_05570,BUSINESS,Pune,Maharashtra,1999-05-21,2022-03-31,ACTIVE
105571,Customer_05571,RETAIL,Kolkata,West Bengal,2007-11-20,2024-09-12,ACTIVE
105572,Customer_05572,RETAIL,Hyderabad,Telangana,1988-03-29,2024-03-10,ACTIVE
105573,Customer_05573,RETAIL,Pune,Maharashtra,1996-09-29,2022-05-30,ACTIVE
105574,Customer_05574,RETAIL,Hyderabad,Telangana,1995-03-28,2022-06-07,ACTIVE
105575,Customer_05575,PREMIUM,Hyderabad,Telangana,2008-10-08,2023-08-13,ACTIVE
105576,Customer_05576,PREMIUM,Chennai,Tamil Nadu,1986-09-12,2022-07-03,ACTIVE
105577,Customer_05577,PREMIUM,Chennai,Tamil Nadu,1999-04-02,2021-02-21,ACTIVE
105578,Customer_05578,RETAIL,Ahmedabad,Gujarat,2013-05-27,2024-09-30,ACTIVE
105579,Customer_05579,RETAIL,Bangalore,Karnataka,1987-03-24,2024-06-06,ACTIVE
105580,Customer_05580,RETAIL,Bangalore,Karnataka,1984-02-03,2023-12-16,ACTIVE
105581,Customer_05581,PREMIUM,Chennai,Tamil Nadu,2012-11-21,2024-11-14,ACTIVE
105582,Customer_05582,RETAIL,Kolkata,West Bengal,2015-01-14,2023-05-29,ACTIVE
105583,Customer_05583,RETAIL,Hyderabad,Telangana,1996-11-05,2026-02-06,ACTIVE
105584,Customer_05584,RETAIL,Mumbai,Maharashtra,1981-01-18,2025-10-28,ACTIVE
105585,Customer_05585,RETAIL,Bangalore,Karnataka,2001-05-15,2026-06-12,INACTIVE
105586,Customer_05586,PREMIUM,Hyderabad,Telangana,1991-06-21,2020-09-16,ACTIVE
105587,Customer_05587,RETAIL,Pune,Maharashtra,2003-04-16,2020-09-01,ACTIVE
105588,Customer_05588,BUSINESS,Ahmedabad,Gujarat,1984-11-28,2023-02-01,ACTIVE
105589,Customer_05589,RETAIL,Kolkata,West Bengal,2012-03-25,2024-07-20,ACTIVE
105590,Customer_05590,RETAIL,Kolkata,West Bengal,2007-04-22,2021-07-27,ACTIVE
105591,Customer_05591,RETAIL,Mumbai,Maharashtra,2005-08-30,2020-10-03,INACTIVE
105592,Customer_05592,PREMIUM,Chennai,Tamil Nadu,2000-03-15,2020-03-29,ACTIVE
105593,Customer_05593,RETAIL,Chennai,Tamil Nadu,1988-03-17,2023-08-24,ACTIVE
105594,Customer_05594,RETAIL,Hyderabad,Telangana,2017-09-28,2026-06-07,ACTIVE
105595,Customer_05595,PREMIUM,Kolkata,West Bengal,1990-01-29,2023-01-20,ACTIVE
105596,Customer_05596,RETAIL,Delhi,Delhi,1994-03-15,2024-10-27,ACTIVE
105597,Customer_05597,RETAIL,Chennai,Tamil Nadu,2017-03-15,2020-05-04,ACTIVE
105598,Customer_05598,RETAIL,Hyderabad,Telangana,1980-11-02,2021-06-02,ACTIVE
105599,Customer_05599,RETAIL,Kolkata,West Bengal,1984-04-20,2024-06-20,ACTIVE
105600,Customer_05600,PREMIUM,Kolkata,West Bengal,2010-06-11,2022-08-23,ACTIVE
105601,Customer_05601,PREMIUM,Delhi,Delhi,1994-04-11,2020-03-04,ACTIVE
105602,Customer_05602,PREMIUM,Ahmedabad,Gujarat,2002-12-18,2021-06-26,ACTIVE
105603,Customer_05603,PREMIUM,Mumbai,Maharashtra,2003-01-03,2025-03-18,ACTIVE
105604,Customer_05604,PREMIUM,Bangalore,Karnataka,2013-02-22,2024-07-01,ACTIVE
105605,Customer_05605,RETAIL,Chennai,Tamil Nadu,2004-08-21,2025-04-26,ACTIVE
105606,Customer_05606,RETAIL,Mumbai,Maharashtra,1996-08-31,2022-04-21,ACTIVE
105607,Customer_05607,RETAIL,Bangalore,Karnataka,2001-09-20,2026-02-07,ACTIVE
105608,Customer_05608,BUSINESS,Chennai,Tamil Nadu,2009-06-24,2026-01-16,ACTIVE
105609,Customer_05609,BUSINESS,Chennai,Tamil Nadu,1994-09-25,2022-06-01,ACTIVE
105610,Customer_05610,PREMIUM,Mumbai,Maharashtra,1986-03-10,2021-05-13,ACTIVE
105611,Customer_05611,RETAIL,Delhi,Delhi,1999-02-19,2026-04-27,ACTIVE
105612,Customer_05612,RETAIL,Pune,Maharashtra,2020-03-18,2022-04-19,ACTIVE
105613,Customer_05613,PREMIUM,Hyderabad,Telangana,1983-10-09,2023-04-05,ACTIVE
105614,Customer_05614,RETAIL,Delhi,Delhi,1986-04-18,2026-02-14,ACTIVE
105615,Customer_05615,RETAIL,Chennai,Tamil Nadu,2020-01-12,2021-10-07,ACTIVE
105616,Customer_05616,RETAIL,Hyderabad,Telangana,2013-03-30,2025-10-24,ACTIVE
105617,Customer_05617,RETAIL,Kolkata,West Bengal,1983-12-21,2021-01-20,ACTIVE
105618,Customer_05618,PREMIUM,Pune,Maharashtra,1987-11-21,2021-12-04,ACTIVE
105619,Customer_05619,BUSINESS,Ahmedabad,Gujarat,2007-07-15,2022-07-21,ACTIVE
105620,Customer_05620,PREMIUM,Pune,Maharashtra,2011-04-20,2023-03-05,ACTIVE
105621,Customer_05621,RETAIL,Mumbai,Maharashtra,2009-04-22,2021-08-06,ACTIVE
105622,Customer_05622,RETAIL,Mumbai,Maharashtra,2014-07-14,2025-10-21,ACTIVE
105623,Customer_05623,BUSINESS,Pune,Maharashtra,1999-12-23,2024-05-14,ACTIVE
105624,Customer_05624,RETAIL,Kolkata,West Bengal,2015-03-02,2024-05-28,ACTIVE
105625,Customer_05625,RETAIL,Pune,Maharashtra,2003-08-23,2024-10-22,ACTIVE
105626,Customer_05626,PREMIUM,Hyderabad,Telangana,1998-09-13,2024-03-09,ACTIVE
105627,Customer_05627,RETAIL,Bangalore,Karnataka,2005-04-20,2024-03-24,ACTIVE
105628,Customer_05628,RETAIL,Mumbai,Maharashtra,1996-10-10,2024-05-04,ACTIVE
105629,Customer_05629,PREMIUM,Bangalore,Karnataka,2004-01-25,2024-09-25,ACTIVE
105630,Customer_05630,RETAIL,Mumbai,Maharashtra,2013-05-28,2026-01-19,ACTIVE
105631,Customer_05631,RETAIL,Bangalore,Karnataka,2018-07-07,2021-04-16,ACTIVE
105632,Customer_05632,RETAIL,Chennai,Tamil Nadu,2002-12-18,2023-05-26,INACTIVE
105633,Customer_05633,BUSINESS,Chennai,Tamil Nadu,1979-05-26,2021-03-18,ACTIVE
105634,Customer_05634,RETAIL,Delhi,Delhi,2004-09-05,2021-03-12,ACTIVE
105635,Customer_05635,RETAIL,Kolkata,West Bengal,1989-07-05,2026-03-29,ACTIVE
105636,Customer_05636,RETAIL,Chennai,Tamil Nadu,1988-11-10,2023-02-08,ACTIVE
105637,Customer_05637,BUSINESS,Delhi,Delhi,2015-05-10,2024-08-17,ACTIVE
105638,Customer_05638,PREMIUM,Bangalore,Karnataka,1997-06-27,2024-10-15,ACTIVE
105639,Customer_05639,RETAIL,Mumbai,Maharashtra,2011-08-17,2020-03-17,ACTIVE
105640,Customer_05640,RETAIL,Ahmedabad,Gujarat,1994-05-03,2023-03-27,INACTIVE
105641,Customer_05641,PREMIUM,Kolkata,West Bengal,2004-02-01,2021-03-08,ACTIVE
105642,Customer_05642,PREMIUM,Delhi,Delhi,2006-06-27,2022-01-21,ACTIVE
105643,Customer_05643,PREMIUM,Hyderabad,Telangana,2015-11-06,2021-03-27,INACTIVE
105644,Customer_05644,BUSINESS,Hyderabad,Telangana,1987-03-27,2024-05-18,ACTIVE
105645,Customer_05645,RETAIL,Chennai,Tamil Nadu,2002-03-19,2020-11-12,ACTIVE
105646,Customer_05646,RETAIL,Mumbai,Maharashtra,1995-10-30,2022-12-16,ACTIVE
105647,Customer_05647,RETAIL,Ahmedabad,Gujarat,1998-03-19,2022-01-03,INACTIVE
105648,Customer_05648,PREMIUM,Ahmedabad,Gujarat,2014-01-07,2026-04-29,ACTIVE
105649,Customer_05649,RETAIL,Ahmedabad,Gujarat,1984-09-28,2025-03-06,ACTIVE
105650,Customer_05650,RETAIL,Ahmedabad,Gujarat,2001-08-09,2022-04-25,ACTIVE
105651,Customer_05651,PREMIUM,Ahmedabad,Gujarat,1995-02-03,2021-12-05,ACTIVE
105652,Customer_05652,RETAIL,Hyderabad,Telangana,2015-12-18,2024-09-17,ACTIVE
105653,Customer_05653,PREMIUM,Mumbai,Maharashtra,1988-01-20,2024-02-24,ACTIVE
105654,Customer_05654,RETAIL,Bangalore,Karnataka,1988-09-17,2023-08-25,ACTIVE
105655,Customer_05655,RETAIL,Pune,Maharashtra,1982-11-23,2020-06-22,ACTIVE
105656,Customer_05656,RETAIL,Pune,Maharashtra,1997-03-25,2020-07-05,ACTIVE
105657,Customer_05657,PREMIUM,Kolkata,West Bengal,1979-08-11,2024-03-07,ACTIVE
105658,Customer_05658,PREMIUM,Kolkata,West Bengal,1999-09-19,2023-02-01,ACTIVE
105659,Customer_05659,RETAIL,Chennai,Tamil Nadu,1988-05-06,2025-06-13,ACTIVE
105660,Customer_05660,RETAIL,Hyderabad,Telangana,1995-08-13,2020-03-10,ACTIVE
105661,Customer_05661,RETAIL,Pune,Maharashtra,2004-01-07,2021-03-22,ACTIVE
105662,Customer_05662,PREMIUM,Pune,Maharashtra,2007-04-11,2025-03-10,ACTIVE
105663,Customer_05663,BUSINESS,Kolkata,West Bengal,1981-09-05,2026-06-07,ACTIVE
105664,Customer_05664,PREMIUM,Bangalore,Karnataka,1985-04-09,2024-10-28,ACTIVE
105665,Customer_05665,RETAIL,Chennai,Tamil Nadu,1992-03-19,2020-01-31,ACTIVE
105666,Customer_05666,RETAIL,Bangalore,Karnataka,2000-06-30,2020-05-01,ACTIVE
105667,Customer_05667,RETAIL,Pune,Maharashtra,2015-06-13,2025-10-08,ACTIVE
105668,Customer_05668,RETAIL,Kolkata,West Bengal,1984-11-11,2023-04-14,ACTIVE
105669,Customer_05669,RETAIL,Kolkata,West Bengal,1981-12-14,2023-04-07,ACTIVE
105670,Customer_05670,RETAIL,Hyderabad,Telangana,2005-01-01,2026-04-26,ACTIVE
105671,Customer_05671,RETAIL,Delhi,Delhi,2019-05-14,2021-08-18,ACTIVE
105672,Customer_05672,PREMIUM,Hyderabad,Telangana,2013-04-05,2021-11-14,ACTIVE
105673,Customer_05673,RETAIL,Ahmedabad,Gujarat,2002-05-21,2024-07-04,ACTIVE
105674,Customer_05674,PREMIUM,Hyderabad,Telangana,1979-12-26,2025-12-10,ACTIVE
105675,Customer_05675,BUSINESS,Bangalore,Karnataka,2002-10-30,2022-05-28,ACTIVE
105676,Customer_05676,RETAIL,Delhi,Delhi,1997-12-06,2020-12-28,ACTIVE
105677,Customer_05677,RETAIL,Chennai,Tamil Nadu,1997-07-09,2020-05-14,ACTIVE
105678,Customer_05678,PREMIUM,Delhi,Delhi,1999-05-26,2020-01-16,INACTIVE
105679,Customer_05679,RETAIL,Chennai,Tamil Nadu,2002-03-23,2022-06-17,ACTIVE
105680,Customer_05680,RETAIL,Mumbai,Maharashtra,2008-09-28,2023-06-27,ACTIVE
105681,Customer_05681,RETAIL,Pune,Maharashtra,1987-01-20,2023-03-20,ACTIVE
105682,Customer_05682,PREMIUM,Kolkata,West Bengal,1982-03-26,2021-07-28,ACTIVE
105683,Customer_05683,PREMIUM,Bangalore,Karnataka,1981-04-11,2024-06-11,ACTIVE
105684,Customer_05684,PREMIUM,Bangalore,Karnataka,1995-11-03,2025-10-11,ACTIVE
105685,Customer_05685,PREMIUM,Chennai,Tamil Nadu,2000-01-10,2021-07-12,ACTIVE
105686,Customer_05686,RETAIL,Bangalore,Karnataka,2011-06-04,2024-06-05,ACTIVE
105687,Customer_05687,PREMIUM,Kolkata,West Bengal,1996-12-18,2023-07-31,ACTIVE
105688,Customer_05688,PREMIUM,Pune,Maharashtra,2001-01-07,2024-07-06,ACTIVE
105689,Customer_05689,RETAIL,Kolkata,West Bengal,2019-04-11,2020-02-05,ACTIVE
105690,Customer_05690,BUSINESS,Pune,Maharashtra,2009-12-16,2024-06-03,ACTIVE
105691,Customer_05691,PREMIUM,Delhi,Delhi,2007-07-16,2024-11-28,ACTIVE
105692,Customer_05692,RETAIL,Chennai,Tamil Nadu,1994-02-11,2024-06-17,ACTIVE
105693,Customer_05693,RETAIL,Ahmedabad,Gujarat,1985-05-31,2025-07-10,ACTIVE
105694,Customer_05694,RETAIL,Pune,Maharashtra,2016-12-13,2024-11-28,ACTIVE
105695,Customer_05695,PREMIUM,Chennai,Tamil Nadu,2001-11-23,2026-06-21,ACTIVE
105696,Customer_05696,RETAIL,Mumbai,Maharashtra,1982-05-05,2024-05-26,ACTIVE
105697,Customer_05697,RETAIL,Mumbai,Maharashtra,1998-12-21,2022-12-07,INACTIVE
105698,Customer_05698,RETAIL,Kolkata,West Bengal,1982-11-28,2025-06-25,ACTIVE
105699,Customer_05699,PREMIUM,Hyderabad,Telangana,2019-06-19,2024-07-25,ACTIVE
105700,Customer_05700,PREMIUM,Bangalore,Karnataka,2000-11-13,2023-09-01,ACTIVE
105701,Customer_05701,PREMIUM,Chennai,Tamil Nadu,2011-05-27,2023-10-20,ACTIVE
105702,Customer_05702,RETAIL,Bangalore,Karnataka,1998-07-02,2022-04-21,ACTIVE
105703,Customer_05703,RETAIL,Delhi,Delhi,1979-12-23,2024-01-12,ACTIVE
105704,Customer_05704,PREMIUM,Bangalore,Karnataka,2005-05-21,2023-01-25,ACTIVE
105705,Customer_05705,RETAIL,Delhi,Delhi,2005-12-26,2020-11-10,ACTIVE
105706,Customer_05706,RETAIL,Kolkata,West Bengal,1988-07-27,2022-11-22,ACTIVE
105707,Customer_05707,BUSINESS,Bangalore,Karnataka,2008-08-02,2026-03-29,ACTIVE
105708,Customer_05708,RETAIL,Delhi,Delhi,1988-06-12,2022-03-09,ACTIVE
105709,Customer_05709,RETAIL,Chennai,Tamil Nadu,2007-07-26,2024-06-13,ACTIVE
105710,Customer_05710,PREMIUM,Kolkata,West Bengal,2009-12-05,2022-09-24,ACTIVE
105711,Customer_05711,PREMIUM,Delhi,Delhi,1984-10-22,2021-11-16,ACTIVE
105712,Customer_05712,RETAIL,Ahmedabad,Gujarat,1991-02-23,2022-07-12,ACTIVE
105713,Customer_05713,RETAIL,Bangalore,Karnataka,1985-11-14,2026-04-20,ACTIVE
105714,Customer_05714,RETAIL,Hyderabad,Telangana,2009-01-12,2020-09-23,ACTIVE
105715,Customer_05715,RETAIL,Ahmedabad,Gujarat,1988-11-02,2024-05-21,ACTIVE
105716,Customer_05716,RETAIL,Bangalore,Karnataka,2005-06-23,2025-06-16,ACTIVE
105717,Customer_05717,RETAIL,Pune,Maharashtra,1996-04-24,2021-03-20,ACTIVE
105718,Customer_05718,PREMIUM,Hyderabad,Telangana,1982-08-02,2024-12-20,ACTIVE
105719,Customer_05719,RETAIL,Mumbai,Maharashtra,2015-06-01,2024-03-08,ACTIVE
105720,Customer_05720,RETAIL,Bangalore,Karnataka,2008-05-14,2022-03-21,ACTIVE
105721,Customer_05721,RETAIL,Ahmedabad,Gujarat,1989-11-28,2021-02-28,ACTIVE
105722,Customer_05722,RETAIL,Bangalore,Karnataka,2015-04-14,2026-03-18,ACTIVE
105723,Customer_05723,RETAIL,Hyderabad,Telangana,2008-04-10,2021-04-17,ACTIVE
105724,Customer_05724,RETAIL,Chennai,Tamil Nadu,2012-09-13,2026-03-28,ACTIVE
105725,Customer_05725,BUSINESS,Pune,Maharashtra,1986-06-24,2024-04-04,ACTIVE
105726,Customer_05726,BUSINESS,Delhi,Delhi,1979-07-12,2025-08-18,ACTIVE
105727,Customer_05727,PREMIUM,Chennai,Tamil Nadu,1981-09-14,2021-12-12,ACTIVE
105728,Customer_05728,RETAIL,Mumbai,Maharashtra,2001-04-30,2020-03-11,ACTIVE
105729,Customer_05729,PREMIUM,Bangalore,Karnataka,2011-06-22,2024-04-22,ACTIVE
105730,Customer_05730,PREMIUM,Bangalore,Karnataka,2016-09-03,2022-06-09,ACTIVE
105731,Customer_05731,RETAIL,Kolkata,West Bengal,2018-08-18,2023-08-13,ACTIVE
105732,Customer_05732,RETAIL,Mumbai,Maharashtra,2003-10-02,2023-01-02,ACTIVE
105733,Customer_05733,PREMIUM,Kolkata,West Bengal,2005-02-01,2022-02-10,ACTIVE
105734,Customer_05734,BUSINESS,Bangalore,Karnataka,1991-02-01,2024-09-20,ACTIVE
105735,Customer_05735,RETAIL,Hyderabad,Telangana,1979-03-19,2023-04-17,ACTIVE
105736,Customer_05736,RETAIL,Chennai,Tamil Nadu,1987-02-26,2024-03-03,ACTIVE
105737,Customer_05737,RETAIL,Delhi,Delhi,1981-06-12,2024-06-01,ACTIVE
105738,Customer_05738,RETAIL,Ahmedabad,Gujarat,2007-04-18,2024-06-16,ACTIVE
105739,Customer_05739,PREMIUM,Pune,Maharashtra,1999-10-29,2022-03-03,ACTIVE
105740,Customer_05740,RETAIL,Mumbai,Maharashtra,2010-11-02,2025-01-15,ACTIVE
105741,Customer_05741,BUSINESS,Kolkata,West Bengal,1985-03-31,2021-06-10,ACTIVE
105742,Customer_05742,PREMIUM,Chennai,Tamil Nadu,2016-08-22,2026-03-26,ACTIVE
105743,Customer_05743,RETAIL,Ahmedabad,Gujarat,2008-09-18,2025-04-26,ACTIVE
105744,Customer_05744,PREMIUM,Bangalore,Karnataka,2016-05-11,2023-08-16,ACTIVE
105745,Customer_05745,PREMIUM,Mumbai,Maharashtra,2005-10-17,2021-03-08,ACTIVE
105746,Customer_05746,RETAIL,Mumbai,Maharashtra,1993-02-05,2025-12-09,ACTIVE
105747,Customer_05747,RETAIL,Bangalore,Karnataka,2004-11-17,2023-08-23,ACTIVE
105748,Customer_05748,PREMIUM,Pune,Maharashtra,2003-12-19,2025-05-09,ACTIVE
105749,Customer_05749,RETAIL,Ahmedabad,Gujarat,1986-08-05,2020-03-06,INACTIVE
105750,Customer_05750,RETAIL,Mumbai,Maharashtra,1983-05-02,2022-03-22,ACTIVE
105751,Customer_05751,RETAIL,Ahmedabad,Gujarat,2005-11-14,2021-12-20,ACTIVE
105752,Customer_05752,RETAIL,Pune,Maharashtra,1983-01-16,2025-05-06,ACTIVE
105753,Customer_05753,PREMIUM,Mumbai,Maharashtra,1983-04-15,2023-01-19,ACTIVE
105754,Customer_05754,RETAIL,Delhi,Delhi,1982-02-06,2020-10-08,ACTIVE
105755,Customer_05755,RETAIL,Pune,Maharashtra,2004-09-18,2024-01-16,ACTIVE
105756,Customer_05756,RETAIL,Bangalore,Karnataka,2017-03-29,2021-01-16,ACTIVE
105757,Customer_05757,PREMIUM,Delhi,Delhi,1999-07-30,2022-12-07,ACTIVE
105758,Customer_05758,RETAIL,Chennai,Tamil Nadu,1985-06-04,2026-07-09,ACTIVE
105759,Customer_05759,BUSINESS,Chennai,Tamil Nadu,2000-03-20,2022-11-08,ACTIVE
105760,Customer_05760,BUSINESS,Mumbai,Maharashtra,1998-12-21,2022-10-25,ACTIVE
105761,Customer_05761,RETAIL,Mumbai,Maharashtra,2003-07-14,2020-04-06,ACTIVE
105762,Customer_05762,PREMIUM,Pune,Maharashtra,1996-12-13,2023-01-10,ACTIVE
105763,Customer_05763,RETAIL,Pune,Maharashtra,2001-01-06,2026-04-17,ACTIVE
105764,Customer_05764,PREMIUM,Mumbai,Maharashtra,1992-07-02,2026-04-01,ACTIVE
105765,Customer_05765,RETAIL,Delhi,Delhi,2016-05-18,2026-05-01,ACTIVE
105766,Customer_05766,RETAIL,Chennai,Tamil Nadu,2001-03-31,2022-05-18,ACTIVE
105767,Customer_05767,RETAIL,Delhi,Delhi,1991-12-05,2020-06-05,ACTIVE
105768,Customer_05768,RETAIL,Delhi,Delhi,1979-04-12,2021-07-22,ACTIVE
105769,Customer_05769,PREMIUM,Bangalore,Karnataka,2007-01-14,2021-05-22,ACTIVE
105770,Customer_05770,PREMIUM,Chennai,Tamil Nadu,1994-10-11,2020-07-05,ACTIVE
105771,Customer_05771,RETAIL,Delhi,Delhi,1989-05-23,2024-08-29,ACTIVE
105772,Customer_05772,RETAIL,Pune,Maharashtra,1998-11-07,2023-06-08,ACTIVE
105773,Customer_05773,RETAIL,Bangalore,Karnataka,1999-02-01,2024-09-27,ACTIVE
105774,Customer_05774,RETAIL,Mumbai,Maharashtra,2012-02-26,2021-04-24,ACTIVE
105775,Customer_05775,RETAIL,Bangalore,Karnataka,2001-06-12,2024-07-28,ACTIVE
105776,Customer_05776,RETAIL,Ahmedabad,Gujarat,2007-12-14,2020-06-04,ACTIVE
105777,Customer_05777,PREMIUM,Bangalore,Karnataka,2005-09-27,2024-09-27,ACTIVE
105778,Customer_05778,RETAIL,Mumbai,Maharashtra,2014-01-23,2025-05-05,ACTIVE
105779,Customer_05779,PREMIUM,Hyderabad,Telangana,1979-06-03,2021-08-31,ACTIVE
105780,Customer_05780,RETAIL,Pune,Maharashtra,1994-08-14,2022-02-27,ACTIVE
105781,Customer_05781,RETAIL,Pune,Maharashtra,2008-07-18,2022-11-11,ACTIVE
105782,Customer_05782,RETAIL,Pune,Maharashtra,1984-12-13,2023-10-22,ACTIVE
105783,Customer_05783,RETAIL,Ahmedabad,Gujarat,1997-04-23,2023-06-23,ACTIVE
105784,Customer_05784,RETAIL,Ahmedabad,Gujarat,1995-08-20,2020-09-08,ACTIVE
105785,Customer_05785,BUSINESS,Chennai,Tamil Nadu,2012-04-01,2022-06-27,ACTIVE
105786,Customer_05786,PREMIUM,Chennai,Tamil Nadu,2018-09-18,2023-04-28,ACTIVE
105787,Customer_05787,PREMIUM,Hyderabad,Telangana,1983-07-13,2024-01-13,ACTIVE
105788,Customer_05788,RETAIL,Chennai,Tamil Nadu,1987-12-19,2024-02-25,ACTIVE
105789,Customer_05789,RETAIL,Chennai,Tamil Nadu,2010-12-17,2024-05-16,ACTIVE
105790,Customer_05790,RETAIL,Ahmedabad,Gujarat,1986-05-05,2022-12-15,ACTIVE
105791,Customer_05791,BUSINESS,Hyderabad,Telangana,1999-07-29,2023-04-20,INACTIVE
105792,Customer_05792,PREMIUM,Mumbai,Maharashtra,2017-12-12,2022-03-20,ACTIVE
105793,Customer_05793,RETAIL,Bangalore,Karnataka,2019-03-21,2021-10-14,ACTIVE
105794,Customer_05794,BUSINESS,Ahmedabad,Gujarat,2018-03-05,2022-01-16,ACTIVE
105795,Customer_05795,RETAIL,Bangalore,Karnataka,1984-09-07,2022-11-18,ACTIVE
105796,Customer_05796,RETAIL,Pune,Maharashtra,1985-04-17,2020-09-19,ACTIVE
105797,Customer_05797,RETAIL,Kolkata,West Bengal,1986-05-24,2021-06-08,ACTIVE
105798,Customer_05798,RETAIL,Chennai,Tamil Nadu,2010-10-06,2020-10-04,INACTIVE
105799,Customer_05799,BUSINESS,Chennai,Tamil Nadu,1986-07-08,2022-09-07,ACTIVE
105800,Customer_05800,PREMIUM,Bangalore,Karnataka,1996-10-24,2023-04-04,ACTIVE
105801,Customer_05801,RETAIL,Mumbai,Maharashtra,2012-10-09,2021-01-26,ACTIVE
105802,Customer_05802,RETAIL,Bangalore,Karnataka,1999-05-19,2020-11-29,ACTIVE
105803,Customer_05803,RETAIL,Bangalore,Karnataka,2017-10-16,2023-06-15,ACTIVE
105804,Customer_05804,RETAIL,Ahmedabad,Gujarat,1999-08-24,2021-06-20,ACTIVE
105805,Customer_05805,RETAIL,Delhi,Delhi,1994-10-05,2025-09-14,ACTIVE
105806,Customer_05806,RETAIL,Pune,Maharashtra,2018-12-07,2021-01-30,ACTIVE
105807,Customer_05807,RETAIL,Bangalore,Karnataka,2001-08-18,2023-03-02,ACTIVE
105808,Customer_05808,RETAIL,Ahmedabad,Gujarat,1986-09-30,2025-04-09,ACTIVE
105809,Customer_05809,RETAIL,Bangalore,Karnataka,2005-03-21,2020-09-06,INACTIVE
105810,Customer_05810,BUSINESS,Bangalore,Karnataka,2010-11-29,2022-12-15,ACTIVE
105811,Customer_05811,RETAIL,Hyderabad,Telangana,2013-08-07,2023-02-06,ACTIVE
105812,Customer_05812,RETAIL,Hyderabad,Telangana,1979-05-26,2023-08-19,ACTIVE
105813,Customer_05813,RETAIL,Delhi,Delhi,1983-08-13,2025-10-26,ACTIVE
105814,Customer_05814,PREMIUM,Ahmedabad,Gujarat,2004-12-24,2023-10-31,ACTIVE
105815,Customer_05815,RETAIL,Chennai,Tamil Nadu,2009-08-19,2022-06-24,INACTIVE
105816,Customer_05816,RETAIL,Mumbai,Maharashtra,2005-12-20,2022-08-09,ACTIVE
105817,Customer_05817,PREMIUM,Bangalore,Karnataka,1994-11-20,2024-02-06,ACTIVE
105818,Customer_05818,PREMIUM,Ahmedabad,Gujarat,2010-02-12,2021-12-17,ACTIVE
105819,Customer_05819,RETAIL,Bangalore,Karnataka,2002-12-13,2024-07-01,ACTIVE
105820,Customer_05820,RETAIL,Chennai,Tamil Nadu,2017-03-11,2022-07-06,ACTIVE
105821,Customer_05821,BUSINESS,Chennai,Tamil Nadu,1994-04-07,2020-05-24,ACTIVE
105822,Customer_05822,RETAIL,Hyderabad,Telangana,2010-02-14,2023-07-07,INACTIVE
105823,Customer_05823,RETAIL,Kolkata,West Bengal,1985-01-25,2021-08-26,ACTIVE
105824,Customer_05824,RETAIL,Pune,Maharashtra,2009-03-26,2022-05-10,ACTIVE
105825,Customer_05825,RETAIL,Chennai,Tamil Nadu,2009-03-18,2022-02-16,ACTIVE
105826,Customer_05826,RETAIL,Chennai,Tamil Nadu,1989-08-02,2020-11-23,ACTIVE
105827,Customer_05827,PREMIUM,Pune,Maharashtra,1981-09-11,2021-11-24,ACTIVE
105828,Customer_05828,RETAIL,Hyderabad,Telangana,2019-12-09,2026-01-01,ACTIVE
105829,Customer_05829,RETAIL,Mumbai,Maharashtra,1982-04-22,2022-02-07,ACTIVE
105830,Customer_05830,RETAIL,Bangalore,Karnataka,1998-05-27,2024-10-23,ACTIVE
105831,Customer_05831,PREMIUM,Delhi,Delhi,1979-03-18,2022-09-07,ACTIVE
105832,Customer_05832,RETAIL,Pune,Maharashtra,1996-04-22,2020-06-08,ACTIVE
105833,Customer_05833,RETAIL,Kolkata,West Bengal,2012-11-17,2025-07-03,ACTIVE
105834,Customer_05834,PREMIUM,Pune,Maharashtra,1999-10-11,2025-12-13,ACTIVE
105835,Customer_05835,RETAIL,Delhi,Delhi,1989-01-04,2021-07-19,ACTIVE
105836,Customer_05836,RETAIL,Kolkata,West Bengal,1995-05-07,2021-02-13,ACTIVE
105837,Customer_05837,RETAIL,Ahmedabad,Gujarat,1982-12-16,2026-02-11,ACTIVE
105838,Customer_05838,PREMIUM,Mumbai,Maharashtra,2003-07-18,2020-08-22,ACTIVE
105839,Customer_05839,RETAIL,Delhi,Delhi,1979-05-02,2025-11-03,ACTIVE
105840,Customer_05840,PREMIUM,Hyderabad,Telangana,1993-07-10,2021-02-19,INACTIVE
105841,Customer_05841,PREMIUM,Kolkata,West Bengal,1981-08-28,2025-09-11,ACTIVE
105842,Customer_05842,RETAIL,Ahmedabad,Gujarat,1989-01-07,2026-02-17,ACTIVE
105843,Customer_05843,RETAIL,Chennai,Tamil Nadu,1981-12-07,2021-07-30,ACTIVE
105844,Customer_05844,PREMIUM,Mumbai,Maharashtra,2017-04-10,2021-06-15,ACTIVE
105845,Customer_05845,RETAIL,Kolkata,West Bengal,2010-11-14,2020-09-11,INACTIVE
105846,Customer_05846,BUSINESS,Pune,Maharashtra,2017-04-08,2025-03-03,ACTIVE
105847,Customer_05847,PREMIUM,Mumbai,Maharashtra,2007-03-21,2022-04-18,ACTIVE
105848,Customer_05848,RETAIL,Hyderabad,Telangana,1999-07-18,2024-03-23,ACTIVE
105849,Customer_05849,PREMIUM,Chennai,Tamil Nadu,1986-04-24,2024-01-14,ACTIVE
105850,Customer_05850,RETAIL,Mumbai,Maharashtra,2018-09-05,2023-05-28,ACTIVE
105851,Customer_05851,RETAIL,Pune,Maharashtra,2016-11-04,2021-08-05,ACTIVE
105852,Customer_05852,RETAIL,Chennai,Tamil Nadu,1996-03-27,2022-05-27,ACTIVE
105853,Customer_05853,RETAIL,Delhi,Delhi,1988-06-06,2023-04-16,ACTIVE
105854,Customer_05854,PREMIUM,Hyderabad,Telangana,1995-01-27,2020-08-11,ACTIVE
105855,Customer_05855,PREMIUM,Bangalore,Karnataka,1995-05-08,2022-08-27,ACTIVE
105856,Customer_05856,RETAIL,Chennai,Tamil Nadu,2016-10-26,2024-09-01,ACTIVE
105857,Customer_05857,RETAIL,Bangalore,Karnataka,1981-11-28,2022-10-09,ACTIVE
105858,Customer_05858,PREMIUM,Delhi,Delhi,2005-02-26,2022-08-05,ACTIVE
105859,Customer_05859,PREMIUM,Delhi,Delhi,2010-09-23,2025-07-09,ACTIVE
105860,Customer_05860,RETAIL,Hyderabad,Telangana,2010-06-24,2023-07-07,ACTIVE
105861,Customer_05861,RETAIL,Chennai,Tamil Nadu,1987-02-06,2024-11-04,ACTIVE
105862,Customer_05862,PREMIUM,Chennai,Tamil Nadu,1996-02-12,2020-05-04,ACTIVE
105863,Customer_05863,RETAIL,Chennai,Tamil Nadu,1993-03-18,2026-02-05,ACTIVE
105864,Customer_05864,RETAIL,Pune,Maharashtra,1995-11-18,2025-02-05,ACTIVE
105865,Customer_05865,RETAIL,Ahmedabad,Gujarat,1982-09-28,2025-06-07,ACTIVE
105866,Customer_05866,RETAIL,Chennai,Tamil Nadu,1982-08-02,2024-07-19,ACTIVE
105867,Customer_05867,RETAIL,Hyderabad,Telangana,1980-02-27,2023-07-16,ACTIVE
105868,Customer_05868,RETAIL,Ahmedabad,Gujarat,2018-11-13,2023-06-24,ACTIVE
105869,Customer_05869,PREMIUM,Ahmedabad,Gujarat,1996-04-12,2024-02-07,ACTIVE
105870,Customer_05870,BUSINESS,Hyderabad,Telangana,1988-07-11,2023-04-06,ACTIVE
105871,Customer_05871,RETAIL,Kolkata,West Bengal,2011-12-04,2024-10-16,ACTIVE
105872,Customer_05872,RETAIL,Bangalore,Karnataka,1999-06-19,2022-03-19,ACTIVE
105873,Customer_05873,PREMIUM,Hyderabad,Telangana,1994-02-19,2025-01-20,ACTIVE
105874,Customer_05874,RETAIL,Delhi,Delhi,1983-11-15,2022-04-01,ACTIVE
105875,Customer_05875,BUSINESS,Hyderabad,Telangana,1995-01-07,2023-02-15,ACTIVE
105876,Customer_05876,RETAIL,Mumbai,Maharashtra,2005-09-25,2020-06-13,ACTIVE
105877,Customer_05877,RETAIL,Ahmedabad,Gujarat,2004-10-07,2025-11-30,ACTIVE
105878,Customer_05878,RETAIL,Pune,Maharashtra,1995-03-21,2024-07-06,ACTIVE
105879,Customer_05879,RETAIL,Hyderabad,Telangana,2004-05-04,2021-08-22,ACTIVE
105880,Customer_05880,PREMIUM,Mumbai,Maharashtra,2010-09-09,2020-04-17,ACTIVE
105881,Customer_05881,RETAIL,Pune,Maharashtra,2017-05-15,2025-08-06,ACTIVE
105882,Customer_05882,PREMIUM,Ahmedabad,Gujarat,2000-11-11,2020-01-04,ACTIVE
105883,Customer_05883,PREMIUM,Kolkata,West Bengal,1988-07-08,2023-03-02,ACTIVE
105884,Customer_05884,PREMIUM,Pune,Maharashtra,1984-06-25,2020-03-15,ACTIVE
105885,Customer_05885,PREMIUM,Pune,Maharashtra,1985-08-22,2024-07-22,ACTIVE
105886,Customer_05886,RETAIL,Kolkata,West Bengal,1979-08-10,2021-05-03,ACTIVE
105887,Customer_05887,RETAIL,Ahmedabad,Gujarat,2002-01-31,2022-10-22,ACTIVE
105888,Customer_05888,PREMIUM,Pune,Maharashtra,1987-11-21,2023-09-30,ACTIVE
105889,Customer_05889,RETAIL,Hyderabad,Telangana,1988-06-13,2022-06-08,ACTIVE
105890,Customer_05890,RETAIL,Delhi,Delhi,2008-11-29,2024-06-22,ACTIVE
105891,Customer_05891,RETAIL,Hyderabad,Telangana,1992-04-17,2023-05-04,ACTIVE
105892,Customer_05892,RETAIL,Bangalore,Karnataka,2013-03-10,2022-10-06,ACTIVE
105893,Customer_05893,PREMIUM,Pune,Maharashtra,1984-10-16,2022-02-12,ACTIVE
105894,Customer_05894,RETAIL,Delhi,Delhi,1993-03-08,2022-09-07,ACTIVE
105895,Customer_05895,PREMIUM,Chennai,Tamil Nadu,1981-04-13,2022-02-09,ACTIVE
105896,Customer_05896,BUSINESS,Kolkata,West Bengal,2001-03-04,2023-10-16,ACTIVE
105897,Customer_05897,RETAIL,Mumbai,Maharashtra,1984-04-16,2025-01-08,ACTIVE
105898,Customer_05898,PREMIUM,Ahmedabad,Gujarat,1989-01-08,2023-12-03,ACTIVE
105899,Customer_05899,RETAIL,Hyderabad,Telangana,2009-05-15,2020-03-18,ACTIVE
105900,Customer_05900,RETAIL,Ahmedabad,Gujarat,2015-04-28,2025-07-20,ACTIVE
105901,Customer_05901,RETAIL,Ahmedabad,Gujarat,2001-07-25,2025-03-01,ACTIVE
105902,Customer_05902,RETAIL,Pune,Maharashtra,2018-10-21,2025-05-19,ACTIVE
105903,Customer_05903,RETAIL,Mumbai,Maharashtra,2010-03-29,2020-04-29,ACTIVE
105904,Customer_05904,RETAIL,Kolkata,West Bengal,2010-02-01,2025-05-30,ACTIVE
105905,Customer_05905,RETAIL,Pune,Maharashtra,2019-11-06,2023-01-26,ACTIVE
105906,Customer_05906,RETAIL,Pune,Maharashtra,1982-10-25,2025-07-19,ACTIVE
105907,Customer_05907,PREMIUM,Bangalore,Karnataka,1988-09-12,2025-02-18,ACTIVE
105908,Customer_05908,RETAIL,Ahmedabad,Gujarat,1997-02-11,2025-10-12,ACTIVE
105909,Customer_05909,PREMIUM,Kolkata,West Bengal,2004-07-23,2020-10-19,ACTIVE
105910,Customer_05910,BUSINESS,Chennai,Tamil Nadu,2019-11-04,2023-08-25,ACTIVE
105911,Customer_05911,PREMIUM,Pune,Maharashtra,1983-03-26,2024-10-14,ACTIVE
105912,Customer_05912,RETAIL,Delhi,Delhi,1988-08-01,2023-11-29,ACTIVE
105913,Customer_05913,PREMIUM,Hyderabad,Telangana,1991-05-30,2025-05-01,ACTIVE
105914,Customer_05914,PREMIUM,Pune,Maharashtra,2006-09-13,2024-10-11,ACTIVE
105915,Customer_05915,BUSINESS,Chennai,Tamil Nadu,2018-04-01,2020-03-26,INACTIVE
105916,Customer_05916,BUSINESS,Mumbai,Maharashtra,2017-09-16,2021-04-22,ACTIVE
105917,Customer_05917,RETAIL,Delhi,Delhi,2009-11-13,2024-03-02,ACTIVE
105918,Customer_05918,RETAIL,Pune,Maharashtra,2010-12-02,2022-05-15,ACTIVE
105919,Customer_05919,PREMIUM,Hyderabad,Telangana,1996-03-25,2022-05-06,INACTIVE
105920,Customer_05920,RETAIL,Ahmedabad,Gujarat,2004-03-02,2025-12-30,ACTIVE
105921,Customer_05921,RETAIL,Pune,Maharashtra,1986-03-08,2020-08-02,ACTIVE
105922,Customer_05922,PREMIUM,Kolkata,West Bengal,1999-12-22,2023-06-08,ACTIVE
105923,Customer_05923,PREMIUM,Hyderabad,Telangana,1991-03-08,2022-01-17,INACTIVE
105924,Customer_05924,RETAIL,Ahmedabad,Gujarat,2017-04-23,2020-05-04,ACTIVE
105925,Customer_05925,RETAIL,Ahmedabad,Gujarat,1994-04-04,2022-06-18,ACTIVE
105926,Customer_05926,RETAIL,Mumbai,Maharashtra,1995-05-18,2022-08-31,ACTIVE
105927,Customer_05927,RETAIL,Hyderabad,Telangana,1995-09-15,2022-12-27,ACTIVE
105928,Customer_05928,BUSINESS,Chennai,Tamil Nadu,2016-03-06,2021-01-20,ACTIVE
105929,Customer_05929,PREMIUM,Mumbai,Maharashtra,2017-06-17,2024-10-13,ACTIVE
105930,Customer_05930,RETAIL,Delhi,Delhi,1996-11-12,2022-05-05,ACTIVE
105931,Customer_05931,RETAIL,Ahmedabad,Gujarat,2020-01-21,2023-10-08,ACTIVE
105932,Customer_05932,PREMIUM,Chennai,Tamil Nadu,2010-03-27,2023-07-31,ACTIVE
105933,Customer_05933,PREMIUM,Delhi,Delhi,2013-12-04,2023-09-16,ACTIVE
105934,Customer_05934,RETAIL,Delhi,Delhi,2016-10-08,2023-04-27,ACTIVE
105935,Customer_05935,RETAIL,Kolkata,West Bengal,1992-10-26,2021-12-23,INACTIVE
105936,Customer_05936,RETAIL,Delhi,Delhi,2001-10-11,2023-03-23,ACTIVE
105937,Customer_05937,PREMIUM,Pune,Maharashtra,1990-11-15,2023-06-26,ACTIVE
105938,Customer_05938,RETAIL,Chennai,Tamil Nadu,1991-11-22,2020-02-14,ACTIVE
105939,Customer_05939,RETAIL,Ahmedabad,Gujarat,1998-03-26,2024-10-03,ACTIVE
105940,Customer_05940,BUSINESS,Pune,Maharashtra,1981-04-04,2022-12-04,ACTIVE
105941,Customer_05941,PREMIUM,Delhi,Delhi,1988-01-01,2021-12-03,ACTIVE
105942,Customer_05942,BUSINESS,Bangalore,Karnataka,2012-05-25,2020-03-10,ACTIVE
105943,Customer_05943,RETAIL,Pune,Maharashtra,1985-12-21,2022-01-01,ACTIVE
105944,Customer_05944,RETAIL,Hyderabad,Telangana,2004-09-16,2022-08-29,ACTIVE
105945,Customer_05945,BUSINESS,Delhi,Delhi,2010-08-10,2025-06-30,ACTIVE
105946,Customer_05946,BUSINESS,Pune,Maharashtra,1989-12-19,2024-04-01,ACTIVE
105947,Customer_05947,BUSINESS,Delhi,Delhi,1997-12-26,2022-09-30,ACTIVE
105948,Customer_05948,PREMIUM,Ahmedabad,Gujarat,2015-03-14,2020-10-29,ACTIVE
105949,Customer_05949,RETAIL,Ahmedabad,Gujarat,2013-06-23,2021-10-21,ACTIVE
105950,Customer_05950,RETAIL,Chennai,Tamil Nadu,2016-12-16,2026-01-09,ACTIVE
105951,Customer_05951,RETAIL,Bangalore,Karnataka,2004-12-20,2020-11-02,ACTIVE
105952,Customer_05952,BUSINESS,Kolkata,West Bengal,2015-08-07,2024-02-22,ACTIVE
105953,Customer_05953,RETAIL,Pune,Maharashtra,1995-07-12,2023-05-26,ACTIVE
105954,Customer_05954,PREMIUM,Hyderabad,Telangana,2003-11-13,2021-06-06,ACTIVE
105955,Customer_05955,BUSINESS,Hyderabad,Telangana,2006-07-26,2025-09-27,ACTIVE
105956,Customer_05956,BUSINESS,Hyderabad,Telangana,2019-04-09,2022-08-03,ACTIVE
105957,Customer_05957,BUSINESS,Pune,Maharashtra,1994-04-15,2024-05-05,ACTIVE
105958,Customer_05958,RETAIL,Hyderabad,Telangana,2015-02-03,2020-08-20,ACTIVE
105959,Customer_05959,RETAIL,Chennai,Tamil Nadu,2000-01-30,2026-05-06,ACTIVE
105960,Customer_05960,BUSINESS,Ahmedabad,Gujarat,1983-06-12,2020-02-22,ACTIVE
105961,Customer_05961,RETAIL,Pune,Maharashtra,2006-02-01,2022-01-14,ACTIVE
105962,Customer_05962,RETAIL,Chennai,Tamil Nadu,2019-06-16,2026-01-07,ACTIVE
105963,Customer_05963,BUSINESS,Kolkata,West Bengal,1997-10-13,2024-03-10,ACTIVE
105964,Customer_05964,PREMIUM,Delhi,Delhi,2001-09-14,2024-06-08,ACTIVE
105965,Customer_05965,RETAIL,Hyderabad,Telangana,2017-03-31,2022-01-24,ACTIVE
105966,Customer_05966,RETAIL,Mumbai,Maharashtra,2016-12-12,2025-02-14,ACTIVE
105967,Customer_05967,RETAIL,Hyderabad,Telangana,1995-08-06,2026-02-13,ACTIVE
105968,Customer_05968,BUSINESS,Chennai,Tamil Nadu,2010-05-23,2024-02-02,ACTIVE
105969,Customer_05969,RETAIL,Pune,Maharashtra,2005-01-28,2021-06-08,ACTIVE
105970,Customer_05970,RETAIL,Mumbai,Maharashtra,2005-10-04,2025-12-16,ACTIVE
105971,Customer_05971,RETAIL,Hyderabad,Telangana,2008-10-02,2020-01-11,ACTIVE
105972,Customer_05972,PREMIUM,Pune,Maharashtra,1992-07-31,2025-11-20,ACTIVE
105973,Customer_05973,BUSINESS,Bangalore,Karnataka,1991-09-07,2020-01-23,ACTIVE
105974,Customer_05974,RETAIL,Mumbai,Maharashtra,1980-04-10,2020-05-19,ACTIVE
105975,Customer_05975,RETAIL,Ahmedabad,Gujarat,2014-05-02,2020-04-10,ACTIVE
105976,Customer_05976,RETAIL,Chennai,Tamil Nadu,1990-07-13,2021-03-30,ACTIVE
105977,Customer_05977,RETAIL,Ahmedabad,Gujarat,2006-11-08,2024-10-11,ACTIVE
105978,Customer_05978,RETAIL,Pune,Maharashtra,2007-05-01,2022-08-07,ACTIVE
105979,Customer_05979,RETAIL,Pune,Maharashtra,2008-01-21,2020-07-08,ACTIVE
105980,Customer_05980,RETAIL,Chennai,Tamil Nadu,2014-08-11,2022-03-29,ACTIVE
105981,Customer_05981,RETAIL,Chennai,Tamil Nadu,2014-10-22,2026-07-22,ACTIVE
105982,Customer_05982,RETAIL,Kolkata,West Bengal,1979-04-06,2023-06-15,ACTIVE
105983,Customer_05983,RETAIL,Ahmedabad,Gujarat,2013-08-31,2024-10-15,ACTIVE
105984,Customer_05984,RETAIL,Kolkata,West Bengal,1987-09-15,2021-10-01,ACTIVE
105985,Customer_05985,PREMIUM,Pune,Maharashtra,2005-09-01,2023-06-04,ACTIVE
105986,Customer_05986,RETAIL,Delhi,Delhi,2006-10-22,2025-03-28,ACTIVE
105987,Customer_05987,RETAIL,Ahmedabad,Gujarat,1981-05-15,2024-06-06,ACTIVE
105988,Customer_05988,BUSINESS,Chennai,Tamil Nadu,1990-10-24,2020-01-18,ACTIVE
105989,Customer_05989,RETAIL,Kolkata,West Bengal,2016-07-17,2023-12-27,ACTIVE
105990,Customer_05990,PREMIUM,Chennai,Tamil Nadu,1984-12-25,2025-03-14,ACTIVE
105991,Customer_05991,RETAIL,Mumbai,Maharashtra,1988-09-08,2020-11-20,ACTIVE
105992,Customer_05992,PREMIUM,Bangalore,Karnataka,1982-07-13,2022-08-02,ACTIVE
105993,Customer_05993,RETAIL,Kolkata,West Bengal,1986-01-05,2024-03-27,ACTIVE
105994,Customer_05994,RETAIL,Hyderabad,Telangana,2005-05-12,2020-01-13,ACTIVE
105995,Customer_05995,PREMIUM,Pune,Maharashtra,2013-09-18,2024-09-01,ACTIVE
105996,Customer_05996,PREMIUM,Pune,Maharashtra,2003-08-05,2025-07-25,ACTIVE
105997,Customer_05997,RETAIL,Kolkata,West Bengal,1990-11-07,2023-06-17,ACTIVE
105998,Customer_05998,PREMIUM,Ahmedabad,Gujarat,2014-06-05,2022-12-08,ACTIVE
105999,Customer_05999,RETAIL,Kolkata,West Bengal,1994-04-02,2020-08-08,ACTIVE
106000,Customer_06000,BUSINESS,Mumbai,Maharashtra,1992-02-04,2024-10-05,ACTIVE
106001,Customer_06001,PREMIUM,Chennai,Tamil Nadu,1999-12-04,2026-03-13,ACTIVE
106002,Customer_06002,RETAIL,Kolkata,West Bengal,1984-10-11,2025-10-09,ACTIVE
106003,Customer_06003,PREMIUM,Hyderabad,Telangana,1993-10-18,2023-08-12,ACTIVE
106004,Customer_06004,BUSINESS,Chennai,Tamil Nadu,2011-12-26,2020-03-23,ACTIVE
106005,Customer_06005,PREMIUM,Bangalore,Karnataka,2004-02-23,2021-11-17,ACTIVE
106006,Customer_06006,RETAIL,Pune,Maharashtra,2019-09-30,2021-09-21,ACTIVE
106007,Customer_06007,PREMIUM,Delhi,Delhi,2011-01-08,2020-01-18,ACTIVE
106008,Customer_06008,RETAIL,Hyderabad,Telangana,1993-12-18,2020-10-12,ACTIVE
106009,Customer_06009,RETAIL,Mumbai,Maharashtra,2010-08-26,2023-10-11,ACTIVE
106010,Customer_06010,PREMIUM,Mumbai,Maharashtra,2014-09-14,2020-08-23,ACTIVE
106011,Customer_06011,RETAIL,Bangalore,Karnataka,2005-01-26,2020-04-02,INACTIVE
106012,Customer_06012,PREMIUM,Kolkata,West Bengal,2010-06-25,2026-03-19,ACTIVE
106013,Customer_06013,PREMIUM,Hyderabad,Telangana,1999-11-02,2023-12-22,ACTIVE
106014,Customer_06014,RETAIL,Chennai,Tamil Nadu,2016-08-07,2025-04-17,ACTIVE
106015,Customer_06015,BUSINESS,Chennai,Tamil Nadu,1988-12-03,2021-08-19,ACTIVE
106016,Customer_06016,RETAIL,Mumbai,Maharashtra,1996-08-04,2022-05-25,ACTIVE
106017,Customer_06017,RETAIL,Delhi,Delhi,1989-08-04,2024-01-05,ACTIVE
106018,Customer_06018,RETAIL,Mumbai,Maharashtra,1983-04-29,2024-07-07,ACTIVE
106019,Customer_06019,RETAIL,Kolkata,West Bengal,2004-06-17,2022-06-02,ACTIVE
106020,Customer_06020,PREMIUM,Kolkata,West Bengal,1984-01-10,2026-01-15,ACTIVE
106021,Customer_06021,RETAIL,Delhi,Delhi,1988-06-14,2024-08-15,ACTIVE
106022,Customer_06022,BUSINESS,Delhi,Delhi,2010-07-04,2021-06-13,ACTIVE
106023,Customer_06023,BUSINESS,Delhi,Delhi,1989-01-23,2020-08-23,ACTIVE
106024,Customer_06024,PREMIUM,Ahmedabad,Gujarat,2014-08-14,2020-02-03,ACTIVE
106025,Customer_06025,RETAIL,Bangalore,Karnataka,1981-03-08,2025-07-20,ACTIVE
106026,Customer_06026,PREMIUM,Kolkata,West Bengal,1997-12-07,2025-05-31,INACTIVE
106027,Customer_06027,RETAIL,Bangalore,Karnataka,1981-12-03,2023-02-23,ACTIVE
106028,Customer_06028,PREMIUM,Hyderabad,Telangana,1981-08-11,2024-09-30,ACTIVE
106029,Customer_06029,RETAIL,Chennai,Tamil Nadu,2011-08-25,2025-10-21,ACTIVE
106030,Customer_06030,BUSINESS,Delhi,Delhi,1981-11-26,2021-01-19,ACTIVE
106031,Customer_06031,RETAIL,Ahmedabad,Gujarat,2015-10-22,2026-06-11,ACTIVE
106032,Customer_06032,RETAIL,Hyderabad,Telangana,2003-10-01,2023-03-21,ACTIVE
106033,Customer_06033,BUSINESS,Kolkata,West Bengal,1998-12-25,2022-11-17,ACTIVE
106034,Customer_06034,RETAIL,Ahmedabad,Gujarat,2016-11-21,2021-01-20,INACTIVE
106035,Customer_06035,PREMIUM,Pune,Maharashtra,1995-02-01,2024-06-01,ACTIVE
106036,Customer_06036,BUSINESS,Mumbai,Maharashtra,1995-07-29,2023-12-17,ACTIVE
106037,Customer_06037,RETAIL,Chennai,Tamil Nadu,1996-01-01,2020-03-12,ACTIVE
106038,Customer_06038,RETAIL,Delhi,Delhi,2005-11-19,2024-04-03,ACTIVE
106039,Customer_06039,RETAIL,Bangalore,Karnataka,2013-12-16,2020-12-05,ACTIVE
106040,Customer_06040,PREMIUM,Pune,Maharashtra,2001-06-04,2021-10-26,ACTIVE
106041,Customer_06041,BUSINESS,Bangalore,Karnataka,1990-09-15,2024-01-08,ACTIVE
106042,Customer_06042,RETAIL,Bangalore,Karnataka,2015-09-15,2025-02-17,ACTIVE
106043,Customer_06043,PREMIUM,Delhi,Delhi,2003-10-06,2020-11-18,ACTIVE
106044,Customer_06044,RETAIL,Hyderabad,Telangana,2013-05-07,2023-02-10,ACTIVE
106045,Customer_06045,RETAIL,Chennai,Tamil Nadu,1996-12-01,2021-11-15,ACTIVE
106046,Customer_06046,PREMIUM,Bangalore,Karnataka,1987-05-09,2024-08-22,ACTIVE
106047,Customer_06047,PREMIUM,Mumbai,Maharashtra,2017-12-14,2025-06-10,ACTIVE
106048,Customer_06048,RETAIL,Chennai,Tamil Nadu,2006-12-28,2024-03-15,ACTIVE
106049,Customer_06049,RETAIL,Pune,Maharashtra,1991-10-21,2025-03-22,ACTIVE
106050,Customer_06050,RETAIL,Delhi,Delhi,2013-12-20,2022-12-17,ACTIVE
106051,Customer_06051,RETAIL,Bangalore,Karnataka,1979-07-16,2023-12-06,ACTIVE
106052,Customer_06052,RETAIL,Pune,Maharashtra,2017-05-14,2021-12-03,ACTIVE
106053,Customer_06053,PREMIUM,Bangalore,Karnataka,2002-12-05,2026-06-30,ACTIVE
106054,Customer_06054,RETAIL,Delhi,Delhi,2003-05-23,2021-05-05,ACTIVE
106055,Customer_06055,RETAIL,Kolkata,West Bengal,1979-09-18,2026-01-19,ACTIVE
106056,Customer_06056,PREMIUM,Kolkata,West Bengal,1986-05-22,2024-11-25,ACTIVE
106057,Customer_06057,RETAIL,Mumbai,Maharashtra,2008-10-04,2026-06-26,ACTIVE
106058,Customer_06058,RETAIL,Chennai,Tamil Nadu,2002-02-02,2024-03-20,ACTIVE
106059,Customer_06059,BUSINESS,Hyderabad,Telangana,1984-05-28,2022-04-25,ACTIVE
106060,Customer_06060,RETAIL,Bangalore,Karnataka,2006-07-05,2021-11-05,ACTIVE
106061,Customer_06061,RETAIL,Bangalore,Karnataka,2009-10-26,2021-03-07,ACTIVE
106062,Customer_06062,RETAIL,Kolkata,West Bengal,1990-05-10,2026-05-10,ACTIVE
106063,Customer_06063,RETAIL,Bangalore,Karnataka,2007-06-23,2020-09-12,ACTIVE
106064,Customer_06064,RETAIL,Mumbai,Maharashtra,2019-02-15,2025-04-28,ACTIVE
106065,Customer_06065,RETAIL,Delhi,Delhi,1998-12-23,2024-08-03,ACTIVE
106066,Customer_06066,RETAIL,Delhi,Delhi,1988-07-31,2020-10-31,ACTIVE
106067,Customer_06067,PREMIUM,Bangalore,Karnataka,2018-09-02,2026-01-06,ACTIVE
106068,Customer_06068,RETAIL,Pune,Maharashtra,2016-08-04,2021-01-25,ACTIVE
106069,Customer_06069,RETAIL,Pune,Maharashtra,1997-12-04,2021-01-20,ACTIVE
106070,Customer_06070,RETAIL,Ahmedabad,Gujarat,1996-08-16,2023-07-29,ACTIVE
106071,Customer_06071,BUSINESS,Pune,Maharashtra,2013-05-30,2020-09-04,INACTIVE
106072,Customer_06072,RETAIL,Hyderabad,Telangana,1979-03-10,2020-09-02,ACTIVE
106073,Customer_06073,PREMIUM,Hyderabad,Telangana,1991-12-28,2024-02-07,ACTIVE
106074,Customer_06074,RETAIL,Chennai,Tamil Nadu,2001-06-23,2026-05-03,ACTIVE
106075,Customer_06075,BUSINESS,Ahmedabad,Gujarat,2006-01-09,2020-05-07,ACTIVE
106076,Customer_06076,RETAIL,Mumbai,Maharashtra,2004-12-19,2024-03-11,ACTIVE
106077,Customer_06077,RETAIL,Delhi,Delhi,1994-05-20,2023-12-15,ACTIVE
106078,Customer_06078,RETAIL,Pune,Maharashtra,2014-11-13,2020-06-07,ACTIVE
106079,Customer_06079,RETAIL,Chennai,Tamil Nadu,2005-11-04,2020-12-24,ACTIVE
106080,Customer_06080,PREMIUM,Hyderabad,Telangana,2001-05-13,2022-11-30,ACTIVE
106081,Customer_06081,PREMIUM,Ahmedabad,Gujarat,2017-09-18,2024-07-21,ACTIVE
106082,Customer_06082,PREMIUM,Bangalore,Karnataka,1983-01-11,2021-06-16,ACTIVE
106083,Customer_06083,RETAIL,Pune,Maharashtra,2008-04-25,2022-11-08,ACTIVE
106084,Customer_06084,PREMIUM,Ahmedabad,Gujarat,2017-03-24,2023-03-23,ACTIVE
106085,Customer_06085,RETAIL,Hyderabad,Telangana,2006-05-06,2024-09-04,ACTIVE
106086,Customer_06086,BUSINESS,Kolkata,West Bengal,2002-05-20,2021-08-15,ACTIVE
106087,Customer_06087,PREMIUM,Bangalore,Karnataka,1994-02-17,2024-07-11,ACTIVE
106088,Customer_06088,RETAIL,Bangalore,Karnataka,1990-04-25,2025-06-19,ACTIVE
106089,Customer_06089,PREMIUM,Bangalore,Karnataka,2001-08-01,2023-10-30,ACTIVE
106090,Customer_06090,RETAIL,Hyderabad,Telangana,2016-01-29,2024-09-26,ACTIVE
106091,Customer_06091,RETAIL,Pune,Maharashtra,1998-02-23,2021-02-05,ACTIVE
106092,Customer_06092,RETAIL,Ahmedabad,Gujarat,1984-02-17,2025-12-15,ACTIVE
106093,Customer_06093,PREMIUM,Pune,Maharashtra,1999-01-10,2021-12-24,ACTIVE
106094,Customer_06094,RETAIL,Bangalore,Karnataka,1983-03-03,2021-04-20,ACTIVE
106095,Customer_06095,RETAIL,Delhi,Delhi,2017-08-10,2023-08-09,ACTIVE
106096,Customer_06096,PREMIUM,Hyderabad,Telangana,2001-02-19,2022-07-13,ACTIVE
106097,Customer_06097,RETAIL,Hyderabad,Telangana,1987-12-13,2023-01-12,ACTIVE
106098,Customer_06098,PREMIUM,Ahmedabad,Gujarat,2004-10-29,2025-04-17,ACTIVE
106099,Customer_06099,RETAIL,Kolkata,West Bengal,2001-04-01,2023-07-10,ACTIVE
106100,Customer_06100,RETAIL,Pune,Maharashtra,2000-02-24,2022-06-16,ACTIVE
106101,Customer_06101,PREMIUM,Pune,Maharashtra,2003-06-23,2025-04-04,INACTIVE
106102,Customer_06102,RETAIL,Ahmedabad,Gujarat,2017-04-25,2022-06-28,ACTIVE
106103,Customer_06103,PREMIUM,Bangalore,Karnataka,2014-04-27,2026-04-18,ACTIVE
106104,Customer_06104,RETAIL,Mumbai,Maharashtra,1989-12-16,2026-06-24,ACTIVE
106105,Customer_06105,PREMIUM,Kolkata,West Bengal,1989-01-04,2023-01-31,INACTIVE
106106,Customer_06106,RETAIL,Hyderabad,Telangana,2019-10-31,2025-01-24,ACTIVE
106107,Customer_06107,PREMIUM,Mumbai,Maharashtra,2005-08-25,2024-08-26,ACTIVE
106108,Customer_06108,RETAIL,Kolkata,West Bengal,1979-12-17,2025-08-27,ACTIVE
106109,Customer_06109,RETAIL,Chennai,Tamil Nadu,2000-11-29,2023-01-11,ACTIVE
106110,Customer_06110,RETAIL,Chennai,Tamil Nadu,1984-01-13,2022-09-03,ACTIVE
106111,Customer_06111,RETAIL,Kolkata,West Bengal,1980-05-22,2021-10-25,ACTIVE
106112,Customer_06112,RETAIL,Bangalore,Karnataka,1986-10-16,2023-11-07,ACTIVE
106113,Customer_06113,RETAIL,Bangalore,Karnataka,1989-08-15,2024-01-17,ACTIVE
106114,Customer_06114,RETAIL,Chennai,Tamil Nadu,1982-06-07,2022-12-17,ACTIVE
106115,Customer_06115,PREMIUM,Pune,Maharashtra,2013-06-23,2022-01-14,ACTIVE
106116,Customer_06116,RETAIL,Pune,Maharashtra,1997-02-28,2022-12-16,ACTIVE
106117,Customer_06117,RETAIL,Kolkata,West Bengal,2001-10-30,2023-04-20,ACTIVE
106118,Customer_06118,RETAIL,Pune,Maharashtra,2014-09-14,2020-11-02,ACTIVE
106119,Customer_06119,RETAIL,Chennai,Tamil Nadu,2013-07-18,2024-05-03,ACTIVE
106120,Customer_06120,PREMIUM,Delhi,Delhi,2012-11-14,2025-07-14,ACTIVE
106121,Customer_06121,BUSINESS,Pune,Maharashtra,1987-03-24,2022-02-11,ACTIVE
106122,Customer_06122,RETAIL,Chennai,Tamil Nadu,2009-10-01,2022-07-26,INACTIVE
106123,Customer_06123,PREMIUM,Kolkata,West Bengal,2020-01-21,2020-08-10,ACTIVE
106124,Customer_06124,RETAIL,Bangalore,Karnataka,1979-06-21,2023-10-28,ACTIVE
106125,Customer_06125,BUSINESS,Pune,Maharashtra,2014-10-25,2022-10-23,ACTIVE
106126,Customer_06126,RETAIL,Pune,Maharashtra,2014-09-19,2025-08-18,ACTIVE
106127,Customer_06127,RETAIL,Pune,Maharashtra,2013-09-19,2025-12-16,ACTIVE
106128,Customer_06128,RETAIL,Ahmedabad,Gujarat,1995-06-13,2025-01-30,INACTIVE
106129,Customer_06129,RETAIL,Delhi,Delhi,1987-05-03,2021-05-19,ACTIVE
106130,Customer_06130,PREMIUM,Delhi,Delhi,2009-03-18,2021-04-20,ACTIVE
106131,Customer_06131,RETAIL,Mumbai,Maharashtra,2004-10-01,2023-03-11,ACTIVE
106132,Customer_06132,RETAIL,Bangalore,Karnataka,2009-01-06,2024-01-24,ACTIVE
106133,Customer_06133,RETAIL,Ahmedabad,Gujarat,1989-09-04,2020-03-17,ACTIVE
106134,Customer_06134,BUSINESS,Bangalore,Karnataka,1986-06-15,2023-04-04,ACTIVE
106135,Customer_06135,PREMIUM,Hyderabad,Telangana,2016-03-10,2020-07-27,ACTIVE
106136,Customer_06136,BUSINESS,Pune,Maharashtra,2000-04-30,2021-09-16,ACTIVE
106137,Customer_06137,PREMIUM,Pune,Maharashtra,2014-02-15,2022-05-11,ACTIVE
106138,Customer_06138,BUSINESS,Hyderabad,Telangana,2017-03-14,2020-04-08,INACTIVE
106139,Customer_06139,RETAIL,Mumbai,Maharashtra,1998-01-10,2021-09-21,ACTIVE
106140,Customer_06140,RETAIL,Bangalore,Karnataka,1989-12-19,2024-02-20,ACTIVE
106141,Customer_06141,RETAIL,Delhi,Delhi,2015-12-15,2026-07-22,ACTIVE
106142,Customer_06142,RETAIL,Mumbai,Maharashtra,2008-07-12,2025-02-14,ACTIVE
106143,Customer_06143,PREMIUM,Chennai,Tamil Nadu,2006-07-07,2022-01-05,ACTIVE
106144,Customer_06144,RETAIL,Ahmedabad,Gujarat,2018-07-05,2026-03-10,ACTIVE
106145,Customer_06145,RETAIL,Mumbai,Maharashtra,1989-04-12,2022-11-22,ACTIVE
106146,Customer_06146,PREMIUM,Kolkata,West Bengal,1993-12-22,2022-05-01,ACTIVE
106147,Customer_06147,RETAIL,Chennai,Tamil Nadu,1980-10-07,2025-07-26,ACTIVE
106148,Customer_06148,RETAIL,Hyderabad,Telangana,1995-01-31,2022-08-16,ACTIVE
106149,Customer_06149,RETAIL,Mumbai,Maharashtra,1997-07-02,2024-11-08,ACTIVE
106150,Customer_06150,PREMIUM,Kolkata,West Bengal,1997-10-01,2021-01-26,ACTIVE
106151,Customer_06151,RETAIL,Mumbai,Maharashtra,1985-05-12,2022-03-08,ACTIVE
106152,Customer_06152,RETAIL,Ahmedabad,Gujarat,2012-05-22,2026-06-21,ACTIVE
106153,Customer_06153,RETAIL,Hyderabad,Telangana,1999-04-05,2021-08-08,ACTIVE
106154,Customer_06154,PREMIUM,Delhi,Delhi,1997-03-16,2025-08-01,ACTIVE
106155,Customer_06155,RETAIL,Mumbai,Maharashtra,2014-08-23,2023-01-24,ACTIVE
106156,Customer_06156,RETAIL,Chennai,Tamil Nadu,1999-02-18,2026-04-17,ACTIVE
106157,Customer_06157,BUSINESS,Mumbai,Maharashtra,2015-10-21,2022-09-25,ACTIVE
106158,Customer_06158,PREMIUM,Chennai,Tamil Nadu,1988-04-17,2023-04-03,ACTIVE
106159,Customer_06159,RETAIL,Kolkata,West Bengal,2014-02-05,2022-08-05,ACTIVE
106160,Customer_06160,RETAIL,Delhi,Delhi,2019-10-03,2021-05-18,ACTIVE
106161,Customer_06161,RETAIL,Pune,Maharashtra,2009-12-25,2025-07-18,ACTIVE
106162,Customer_06162,PREMIUM,Pune,Maharashtra,2015-10-24,2023-10-07,ACTIVE
106163,Customer_06163,RETAIL,Pune,Maharashtra,2009-07-24,2023-04-27,INACTIVE
106164,Customer_06164,BUSINESS,Mumbai,Maharashtra,2003-10-25,2022-06-12,ACTIVE
106165,Customer_06165,PREMIUM,Pune,Maharashtra,2010-07-13,2025-01-27,ACTIVE
106166,Customer_06166,RETAIL,Hyderabad,Telangana,2018-08-12,2022-04-14,ACTIVE
106167,Customer_06167,RETAIL,Delhi,Delhi,2004-01-05,2021-07-24,ACTIVE
106168,Customer_06168,PREMIUM,Kolkata,West Bengal,2007-05-18,2020-07-16,ACTIVE
106169,Customer_06169,PREMIUM,Kolkata,West Bengal,1982-06-01,2025-09-26,ACTIVE
106170,Customer_06170,PREMIUM,Kolkata,West Bengal,2018-07-21,2020-06-24,ACTIVE
106171,Customer_06171,RETAIL,Chennai,Tamil Nadu,2011-02-07,2025-07-20,ACTIVE
106172,Customer_06172,PREMIUM,Delhi,Delhi,1985-10-19,2022-06-28,ACTIVE
106173,Customer_06173,PREMIUM,Ahmedabad,Gujarat,1991-01-23,2020-01-07,ACTIVE
106174,Customer_06174,BUSINESS,Pune,Maharashtra,1988-06-03,2026-01-31,ACTIVE
106175,Customer_06175,RETAIL,Bangalore,Karnataka,1992-04-16,2024-11-13,ACTIVE
106176,Customer_06176,RETAIL,Bangalore,Karnataka,2015-07-08,2024-10-01,ACTIVE
106177,Customer_06177,RETAIL,Hyderabad,Telangana,1998-03-25,2023-08-08,ACTIVE
106178,Customer_06178,PREMIUM,Chennai,Tamil Nadu,1996-05-29,2024-12-30,ACTIVE
106179,Customer_06179,BUSINESS,Kolkata,West Bengal,2011-02-26,2020-11-15,INACTIVE
106180,Customer_06180,RETAIL,Ahmedabad,Gujarat,1994-05-29,2021-07-16,ACTIVE
106181,Customer_06181,RETAIL,Bangalore,Karnataka,2015-07-18,2023-07-29,ACTIVE
106182,Customer_06182,RETAIL,Kolkata,West Bengal,2010-02-22,2024-10-28,ACTIVE
106183,Customer_06183,RETAIL,Pune,Maharashtra,1989-09-20,2023-11-13,ACTIVE
106184,Customer_06184,PREMIUM,Ahmedabad,Gujarat,2005-01-18,2022-09-02,ACTIVE
106185,Customer_06185,RETAIL,Pune,Maharashtra,1998-12-27,2024-05-31,ACTIVE
106186,Customer_06186,RETAIL,Kolkata,West Bengal,1993-04-18,2020-05-22,ACTIVE
106187,Customer_06187,BUSINESS,Bangalore,Karnataka,2016-05-20,2023-05-04,ACTIVE
106188,Customer_06188,RETAIL,Ahmedabad,Gujarat,1995-07-03,2022-08-05,ACTIVE
106189,Customer_06189,RETAIL,Pune,Maharashtra,1983-12-16,2023-04-10,ACTIVE
106190,Customer_06190,RETAIL,Bangalore,Karnataka,1995-12-08,2020-11-11,ACTIVE
106191,Customer_06191,RETAIL,Ahmedabad,Gujarat,2000-05-21,2025-12-08,ACTIVE
106192,Customer_06192,RETAIL,Mumbai,Maharashtra,1984-05-08,2025-08-10,ACTIVE
106193,Customer_06193,PREMIUM,Delhi,Delhi,2009-08-31,2026-03-12,ACTIVE
106194,Customer_06194,RETAIL,Mumbai,Maharashtra,1988-08-04,2025-07-09,INACTIVE
106195,Customer_06195,RETAIL,Delhi,Delhi,1982-12-17,2024-05-13,ACTIVE
106196,Customer_06196,RETAIL,Bangalore,Karnataka,2001-03-28,2021-11-20,ACTIVE
106197,Customer_06197,RETAIL,Chennai,Tamil Nadu,1985-10-10,2020-09-30,ACTIVE
106198,Customer_06198,RETAIL,Delhi,Delhi,2011-04-10,2024-01-08,ACTIVE
106199,Customer_06199,RETAIL,Pune,Maharashtra,1981-12-22,2026-03-21,ACTIVE
106200,Customer_06200,RETAIL,Pune,Maharashtra,1996-05-16,2022-05-23,ACTIVE
106201,Customer_06201,PREMIUM,Ahmedabad,Gujarat,1981-04-16,2026-07-11,ACTIVE
106202,Customer_06202,RETAIL,Ahmedabad,Gujarat,1994-11-28,2021-01-05,ACTIVE
106203,Customer_06203,PREMIUM,Pune,Maharashtra,2017-06-29,2021-11-10,ACTIVE
106204,Customer_06204,RETAIL,Pune,Maharashtra,2005-11-17,2024-04-07,ACTIVE
106205,Customer_06205,RETAIL,Mumbai,Maharashtra,2001-02-21,2023-03-28,ACTIVE
106206,Customer_06206,RETAIL,Ahmedabad,Gujarat,1985-08-15,2024-12-29,ACTIVE
106207,Customer_06207,RETAIL,Hyderabad,Telangana,1992-01-05,2022-04-07,ACTIVE
106208,Customer_06208,RETAIL,Kolkata,West Bengal,1994-10-20,2025-02-02,ACTIVE
106209,Customer_06209,PREMIUM,Delhi,Delhi,2002-12-05,2021-12-23,ACTIVE
106210,Customer_06210,RETAIL,Hyderabad,Telangana,1987-09-18,2020-12-24,ACTIVE
106211,Customer_06211,RETAIL,Mumbai,Maharashtra,2020-03-25,2023-09-27,INACTIVE
106212,Customer_06212,PREMIUM,Hyderabad,Telangana,2005-12-04,2023-05-15,ACTIVE
106213,Customer_06213,RETAIL,Chennai,Tamil Nadu,1991-12-21,2023-09-22,ACTIVE
106214,Customer_06214,RETAIL,Delhi,Delhi,1983-10-12,2020-02-27,ACTIVE
106215,Customer_06215,RETAIL,Hyderabad,Telangana,2003-08-08,2022-09-13,ACTIVE
106216,Customer_06216,RETAIL,Hyderabad,Telangana,1997-07-22,2020-08-04,ACTIVE
106217,Customer_06217,PREMIUM,Bangalore,Karnataka,2006-11-03,2025-04-15,ACTIVE
106218,Customer_06218,RETAIL,Pune,Maharashtra,2003-08-25,2020-07-13,ACTIVE
106219,Customer_06219,RETAIL,Mumbai,Maharashtra,2005-06-18,2026-02-14,ACTIVE
106220,Customer_06220,PREMIUM,Ahmedabad,Gujarat,2013-05-27,2020-05-17,ACTIVE
106221,Customer_06221,RETAIL,Delhi,Delhi,2000-09-24,2024-01-05,ACTIVE
106222,Customer_06222,RETAIL,Delhi,Delhi,2008-12-02,2022-03-12,ACTIVE
106223,Customer_06223,RETAIL,Hyderabad,Telangana,1993-11-28,2020-09-22,ACTIVE
106224,Customer_06224,RETAIL,Delhi,Delhi,2017-11-19,2022-05-08,ACTIVE
106225,Customer_06225,RETAIL,Bangalore,Karnataka,1995-12-02,2020-04-05,ACTIVE
106226,Customer_06226,RETAIL,Hyderabad,Telangana,2007-02-01,2024-08-01,ACTIVE
106227,Customer_06227,RETAIL,Chennai,Tamil Nadu,2020-03-02,2025-09-21,ACTIVE
106228,Customer_06228,PREMIUM,Hyderabad,Telangana,1993-07-03,2022-03-02,ACTIVE
106229,Customer_06229,PREMIUM,Mumbai,Maharashtra,1983-05-03,2022-11-19,ACTIVE
106230,Customer_06230,PREMIUM,Bangalore,Karnataka,1988-09-05,2020-12-02,ACTIVE
106231,Customer_06231,RETAIL,Bangalore,Karnataka,1989-03-05,2023-03-03,ACTIVE
106232,Customer_06232,BUSINESS,Hyderabad,Telangana,1981-06-27,2026-03-22,ACTIVE
106233,Customer_06233,RETAIL,Pune,Maharashtra,2001-07-02,2023-07-15,ACTIVE
106234,Customer_06234,PREMIUM,Pune,Maharashtra,1990-07-25,2025-10-02,ACTIVE
106235,Customer_06235,PREMIUM,Kolkata,West Bengal,1983-02-24,2025-02-15,ACTIVE
106236,Customer_06236,RETAIL,Hyderabad,Telangana,1984-10-13,2020-10-25,ACTIVE
106237,Customer_06237,RETAIL,Kolkata,West Bengal,1990-05-23,2020-05-06,ACTIVE
106238,Customer_06238,PREMIUM,Delhi,Delhi,1994-04-30,2022-05-20,ACTIVE
106239,Customer_06239,PREMIUM,Ahmedabad,Gujarat,2019-03-09,2026-03-06,ACTIVE
106240,Customer_06240,RETAIL,Delhi,Delhi,2008-01-07,2021-02-07,ACTIVE
106241,Customer_06241,PREMIUM,Hyderabad,Telangana,2008-07-08,2020-04-16,INACTIVE
106242,Customer_06242,RETAIL,Pune,Maharashtra,2007-08-02,2026-04-20,ACTIVE
106243,Customer_06243,RETAIL,Ahmedabad,Gujarat,2012-02-25,2021-04-20,ACTIVE
106244,Customer_06244,RETAIL,Delhi,Delhi,1992-03-25,2022-05-04,ACTIVE
106245,Customer_06245,PREMIUM,Kolkata,West Bengal,1983-03-31,2025-02-15,ACTIVE
106246,Customer_06246,RETAIL,Delhi,Delhi,2000-01-19,2020-08-23,INACTIVE
106247,Customer_06247,RETAIL,Kolkata,West Bengal,1979-03-21,2021-02-14,ACTIVE
106248,Customer_06248,RETAIL,Bangalore,Karnataka,1988-01-25,2024-10-10,ACTIVE
106249,Customer_06249,RETAIL,Mumbai,Maharashtra,2010-02-02,2020-01-16,ACTIVE
106250,Customer_06250,RETAIL,Pune,Maharashtra,1999-10-27,2024-09-04,ACTIVE
106251,Customer_06251,RETAIL,Hyderabad,Telangana,2007-07-12,2023-07-25,ACTIVE
106252,Customer_06252,PREMIUM,Pune,Maharashtra,2000-02-11,2021-08-01,ACTIVE
106253,Customer_06253,RETAIL,Delhi,Delhi,2001-06-14,2024-01-12,ACTIVE
106254,Customer_06254,RETAIL,Chennai,Tamil Nadu,1991-07-16,2022-02-10,ACTIVE
106255,Customer_06255,RETAIL,Delhi,Delhi,1988-02-20,2026-03-27,ACTIVE
106256,Customer_06256,RETAIL,Pune,Maharashtra,1989-10-27,2022-09-23,ACTIVE
106257,Customer_06257,RETAIL,Chennai,Tamil Nadu,2011-12-09,2024-12-01,ACTIVE
106258,Customer_06258,RETAIL,Hyderabad,Telangana,2019-05-24,2021-10-04,ACTIVE
106259,Customer_06259,RETAIL,Hyderabad,Telangana,1982-07-11,2025-06-23,ACTIVE
106260,Customer_06260,RETAIL,Ahmedabad,Gujarat,2001-03-22,2021-11-24,ACTIVE
106261,Customer_06261,RETAIL,Mumbai,Maharashtra,1998-06-26,2023-05-04,ACTIVE
106262,Customer_06262,PREMIUM,Bangalore,Karnataka,2002-04-01,2025-04-07,ACTIVE
106263,Customer_06263,RETAIL,Pune,Maharashtra,1988-09-23,2026-01-31,ACTIVE
106264,Customer_06264,RETAIL,Ahmedabad,Gujarat,1979-06-26,2024-12-09,ACTIVE
106265,Customer_06265,RETAIL,Chennai,Tamil Nadu,1987-07-08,2024-05-20,ACTIVE
106266,Customer_06266,RETAIL,Mumbai,Maharashtra,1986-08-19,2024-07-20,ACTIVE
106267,Customer_06267,RETAIL,Hyderabad,Telangana,1981-04-25,2022-09-01,ACTIVE
106268,Customer_06268,PREMIUM,Mumbai,Maharashtra,1993-10-23,2024-07-06,INACTIVE
106269,Customer_06269,RETAIL,Delhi,Delhi,2007-04-02,2023-10-11,ACTIVE
106270,Customer_06270,RETAIL,Hyderabad,Telangana,2018-11-01,2023-06-06,ACTIVE
106271,Customer_06271,RETAIL,Chennai,Tamil Nadu,2006-02-26,2022-01-21,ACTIVE
106272,Customer_06272,RETAIL,Kolkata,West Bengal,1986-05-12,2022-04-22,ACTIVE
106273,Customer_06273,BUSINESS,Chennai,Tamil Nadu,1994-01-14,2020-10-23,INACTIVE
106274,Customer_06274,RETAIL,Kolkata,West Bengal,1991-08-15,2024-09-25,ACTIVE
106275,Customer_06275,RETAIL,Chennai,Tamil Nadu,1987-11-17,2020-02-23,ACTIVE
106276,Customer_06276,RETAIL,Mumbai,Maharashtra,2019-10-30,2020-10-06,ACTIVE
106277,Customer_06277,RETAIL,Mumbai,Maharashtra,2006-02-02,2021-12-04,ACTIVE
106278,Customer_06278,RETAIL,Kolkata,West Bengal,1998-12-03,2020-12-04,ACTIVE
106279,Customer_06279,RETAIL,Mumbai,Maharashtra,1997-02-06,2024-12-04,ACTIVE
106280,Customer_06280,RETAIL,Bangalore,Karnataka,1992-03-29,2020-10-30,ACTIVE
106281,Customer_06281,RETAIL,Mumbai,Maharashtra,1996-04-12,2022-12-31,ACTIVE
106282,Customer_06282,RETAIL,Delhi,Delhi,2005-03-20,2024-10-24,ACTIVE
106283,Customer_06283,RETAIL,Chennai,Tamil Nadu,2017-04-14,2023-11-14,ACTIVE
106284,Customer_06284,RETAIL,Pune,Maharashtra,1999-07-19,2023-11-20,ACTIVE
106285,Customer_06285,PREMIUM,Bangalore,Karnataka,1986-10-05,2022-04-05,ACTIVE
106286,Customer_06286,RETAIL,Ahmedabad,Gujarat,2018-06-26,2022-12-16,ACTIVE
106287,Customer_06287,BUSINESS,Mumbai,Maharashtra,1992-02-06,2025-01-14,ACTIVE
106288,Customer_06288,BUSINESS,Mumbai,Maharashtra,1982-07-31,2023-02-16,ACTIVE
106289,Customer_06289,RETAIL,Delhi,Delhi,2001-07-06,2024-08-06,ACTIVE
106290,Customer_06290,RETAIL,Kolkata,West Bengal,2011-08-19,2025-06-09,ACTIVE
106291,Customer_06291,PREMIUM,Bangalore,Karnataka,1989-09-28,2021-08-10,ACTIVE
106292,Customer_06292,RETAIL,Hyderabad,Telangana,1990-08-17,2020-10-19,ACTIVE
106293,Customer_06293,RETAIL,Mumbai,Maharashtra,1991-01-16,2023-01-16,ACTIVE
106294,Customer_06294,RETAIL,Hyderabad,Telangana,2012-04-17,2022-07-08,ACTIVE
106295,Customer_06295,RETAIL,Mumbai,Maharashtra,2018-06-25,2020-12-25,ACTIVE
106296,Customer_06296,PREMIUM,Hyderabad,Telangana,2013-12-23,2024-12-29,ACTIVE
106297,Customer_06297,PREMIUM,Pune,Maharashtra,1988-06-14,2024-02-06,ACTIVE
106298,Customer_06298,PREMIUM,Kolkata,West Bengal,2014-01-15,2024-04-27,ACTIVE
106299,Customer_06299,PREMIUM,Delhi,Delhi,1991-11-18,2024-08-28,ACTIVE
106300,Customer_06300,RETAIL,Pune,Maharashtra,2014-10-04,2022-11-10,ACTIVE
106301,Customer_06301,RETAIL,Delhi,Delhi,2019-11-17,2023-05-09,ACTIVE
106302,Customer_06302,BUSINESS,Mumbai,Maharashtra,2008-08-27,2021-06-22,ACTIVE
106303,Customer_06303,BUSINESS,Pune,Maharashtra,2018-05-22,2024-10-21,ACTIVE
106304,Customer_06304,PREMIUM,Chennai,Tamil Nadu,1985-01-05,2026-03-21,ACTIVE
106305,Customer_06305,PREMIUM,Delhi,Delhi,2006-01-21,2025-09-28,ACTIVE
106306,Customer_06306,RETAIL,Delhi,Delhi,1981-04-18,2022-09-06,ACTIVE
106307,Customer_06307,RETAIL,Kolkata,West Bengal,2005-12-13,2020-04-29,ACTIVE
106308,Customer_06308,PREMIUM,Mumbai,Maharashtra,1993-02-27,2025-10-07,ACTIVE
106309,Customer_06309,RETAIL,Bangalore,Karnataka,2018-12-30,2023-10-11,ACTIVE
106310,Customer_06310,RETAIL,Pune,Maharashtra,1999-07-01,2025-02-09,ACTIVE
106311,Customer_06311,RETAIL,Bangalore,Karnataka,2010-06-23,2021-12-23,ACTIVE
106312,Customer_06312,RETAIL,Delhi,Delhi,1991-08-05,2025-08-29,ACTIVE
106313,Customer_06313,RETAIL,Mumbai,Maharashtra,1982-03-29,2025-07-04,ACTIVE
106314,Customer_06314,RETAIL,Mumbai,Maharashtra,2009-08-24,2020-02-10,ACTIVE
106315,Customer_06315,RETAIL,Kolkata,West Bengal,1988-04-09,2023-09-17,ACTIVE
106316,Customer_06316,RETAIL,Mumbai,Maharashtra,2008-10-31,2023-02-19,ACTIVE
106317,Customer_06317,RETAIL,Kolkata,West Bengal,1998-03-31,2024-04-27,ACTIVE
106318,Customer_06318,RETAIL,Ahmedabad,Gujarat,2019-01-29,2021-09-14,ACTIVE
106319,Customer_06319,PREMIUM,Bangalore,Karnataka,1993-08-24,2020-08-23,ACTIVE
106320,Customer_06320,RETAIL,Delhi,Delhi,1995-08-13,2021-10-19,ACTIVE
106321,Customer_06321,RETAIL,Kolkata,West Bengal,2009-07-29,2023-06-14,ACTIVE
106322,Customer_06322,RETAIL,Ahmedabad,Gujarat,2011-06-07,2021-10-09,ACTIVE
106323,Customer_06323,RETAIL,Mumbai,Maharashtra,1984-04-30,2023-01-18,ACTIVE
106324,Customer_06324,PREMIUM,Ahmedabad,Gujarat,2009-08-08,2022-07-23,INACTIVE
106325,Customer_06325,RETAIL,Ahmedabad,Gujarat,1999-05-07,2024-07-23,ACTIVE
106326,Customer_06326,RETAIL,Pune,Maharashtra,2019-10-09,2022-09-12,ACTIVE
106327,Customer_06327,PREMIUM,Mumbai,Maharashtra,2005-01-29,2020-12-12,ACTIVE
106328,Customer_06328,RETAIL,Hyderabad,Telangana,2010-12-08,2024-03-01,ACTIVE
106329,Customer_06329,PREMIUM,Mumbai,Maharashtra,1993-04-15,2021-05-25,ACTIVE
106330,Customer_06330,BUSINESS,Chennai,Tamil Nadu,1990-10-23,2021-12-21,ACTIVE
106331,Customer_06331,RETAIL,Mumbai,Maharashtra,2011-05-29,2024-08-23,ACTIVE
106332,Customer_06332,BUSINESS,Hyderabad,Telangana,1979-10-17,2021-10-16,ACTIVE
106333,Customer_06333,RETAIL,Pune,Maharashtra,2003-01-01,2020-05-28,ACTIVE
106334,Customer_06334,RETAIL,Mumbai,Maharashtra,2018-12-04,2022-05-15,ACTIVE
106335,Customer_06335,RETAIL,Mumbai,Maharashtra,2019-11-14,2022-07-20,ACTIVE
106336,Customer_06336,RETAIL,Pune,Maharashtra,2008-07-28,2024-07-05,ACTIVE
106337,Customer_06337,RETAIL,Chennai,Tamil Nadu,1999-08-03,2024-08-28,ACTIVE
106338,Customer_06338,RETAIL,Mumbai,Maharashtra,2012-07-15,2020-01-01,ACTIVE
106339,Customer_06339,RETAIL,Kolkata,West Bengal,1979-10-07,2024-12-21,ACTIVE
106340,Customer_06340,RETAIL,Chennai,Tamil Nadu,2011-09-28,2024-11-27,ACTIVE
106341,Customer_06341,RETAIL,Delhi,Delhi,1986-12-19,2021-02-20,ACTIVE
106342,Customer_06342,RETAIL,Ahmedabad,Gujarat,2009-05-19,2022-03-24,ACTIVE
106343,Customer_06343,RETAIL,Hyderabad,Telangana,1993-06-16,2025-01-14,ACTIVE
106344,Customer_06344,RETAIL,Hyderabad,Telangana,2010-01-10,2023-10-14,ACTIVE
106345,Customer_06345,PREMIUM,Pune,Maharashtra,2003-12-10,2022-03-25,ACTIVE
106346,Customer_06346,RETAIL,Hyderabad,Telangana,2017-05-02,2025-01-01,ACTIVE
106347,Customer_06347,PREMIUM,Chennai,Tamil Nadu,2011-07-03,2024-02-24,ACTIVE
106348,Customer_06348,RETAIL,Ahmedabad,Gujarat,2016-09-14,2023-05-11,ACTIVE
106349,Customer_06349,RETAIL,Bangalore,Karnataka,1985-05-17,2020-01-15,ACTIVE
106350,Customer_06350,BUSINESS,Hyderabad,Telangana,1994-09-27,2024-04-02,ACTIVE
106351,Customer_06351,RETAIL,Delhi,Delhi,1997-02-16,2021-03-07,ACTIVE
106352,Customer_06352,RETAIL,Mumbai,Maharashtra,1980-06-08,2026-01-16,ACTIVE
106353,Customer_06353,RETAIL,Pune,Maharashtra,1980-02-06,2021-03-29,ACTIVE
106354,Customer_06354,RETAIL,Kolkata,West Bengal,1980-10-02,2020-03-12,ACTIVE
106355,Customer_06355,RETAIL,Hyderabad,Telangana,2010-09-03,2022-06-21,INACTIVE
106356,Customer_06356,RETAIL,Delhi,Delhi,1997-07-04,2022-04-18,ACTIVE
106357,Customer_06357,RETAIL,Hyderabad,Telangana,2010-01-13,2022-04-25,ACTIVE
106358,Customer_06358,BUSINESS,Mumbai,Maharashtra,2013-06-15,2026-02-02,ACTIVE
106359,Customer_06359,RETAIL,Mumbai,Maharashtra,1980-08-24,2021-10-20,ACTIVE
106360,Customer_06360,RETAIL,Chennai,Tamil Nadu,2013-12-22,2025-07-02,ACTIVE
106361,Customer_06361,PREMIUM,Chennai,Tamil Nadu,1988-06-06,2021-01-25,ACTIVE
106362,Customer_06362,RETAIL,Ahmedabad,Gujarat,1995-10-09,2024-01-20,ACTIVE
106363,Customer_06363,PREMIUM,Kolkata,West Bengal,2018-09-16,2020-11-09,ACTIVE
106364,Customer_06364,RETAIL,Delhi,Delhi,1991-07-21,2021-07-04,ACTIVE
106365,Customer_06365,RETAIL,Kolkata,West Bengal,2017-10-05,2020-12-21,ACTIVE
106366,Customer_06366,BUSINESS,Bangalore,Karnataka,1999-12-21,2022-03-04,ACTIVE
106367,Customer_06367,RETAIL,Kolkata,West Bengal,1979-09-18,2023-01-08,ACTIVE
106368,Customer_06368,PREMIUM,Pune,Maharashtra,2013-05-10,2025-08-21,ACTIVE
106369,Customer_06369,RETAIL,Mumbai,Maharashtra,1980-12-26,2024-12-20,ACTIVE
106370,Customer_06370,PREMIUM,Mumbai,Maharashtra,2005-04-21,2024-08-02,ACTIVE
106371,Customer_06371,RETAIL,Ahmedabad,Gujarat,1997-12-27,2023-03-19,ACTIVE
106372,Customer_06372,RETAIL,Mumbai,Maharashtra,1984-11-27,2021-11-16,ACTIVE
106373,Customer_06373,RETAIL,Ahmedabad,Gujarat,2000-04-19,2021-12-12,ACTIVE
106374,Customer_06374,BUSINESS,Hyderabad,Telangana,1994-01-15,2020-11-13,ACTIVE
106375,Customer_06375,RETAIL,Pune,Maharashtra,1983-03-18,2024-05-14,ACTIVE
106376,Customer_06376,RETAIL,Kolkata,West Bengal,2001-12-22,2025-02-16,ACTIVE
106377,Customer_06377,PREMIUM,Pune,Maharashtra,1980-12-18,2023-08-07,INACTIVE
106378,Customer_06378,RETAIL,Pune,Maharashtra,2001-04-08,2023-10-14,ACTIVE
106379,Customer_06379,RETAIL,Chennai,Tamil Nadu,1988-06-12,2022-06-12,ACTIVE
106380,Customer_06380,RETAIL,Delhi,Delhi,2013-04-11,2026-05-01,ACTIVE
106381,Customer_06381,RETAIL,Delhi,Delhi,2018-03-10,2025-10-31,ACTIVE
106382,Customer_06382,RETAIL,Pune,Maharashtra,2017-06-12,2022-09-02,ACTIVE
106383,Customer_06383,RETAIL,Chennai,Tamil Nadu,2017-09-03,2024-12-17,ACTIVE
106384,Customer_06384,RETAIL,Mumbai,Maharashtra,1983-04-16,2022-04-17,ACTIVE
106385,Customer_06385,RETAIL,Pune,Maharashtra,2000-02-06,2020-10-24,ACTIVE
106386,Customer_06386,RETAIL,Chennai,Tamil Nadu,1988-05-19,2021-11-28,ACTIVE
106387,Customer_06387,RETAIL,Bangalore,Karnataka,1983-02-19,2025-06-25,ACTIVE
106388,Customer_06388,PREMIUM,Hyderabad,Telangana,1995-04-09,2023-03-02,ACTIVE
106389,Customer_06389,RETAIL,Pune,Maharashtra,1996-10-17,2025-09-07,ACTIVE
106390,Customer_06390,RETAIL,Hyderabad,Telangana,1991-05-03,2022-02-13,ACTIVE
106391,Customer_06391,RETAIL,Kolkata,West Bengal,1983-11-08,2023-01-08,ACTIVE
106392,Customer_06392,RETAIL,Bangalore,Karnataka,1995-12-07,2020-06-24,ACTIVE
106393,Customer_06393,PREMIUM,Delhi,Delhi,1985-07-18,2025-02-17,ACTIVE
106394,Customer_06394,RETAIL,Chennai,Tamil Nadu,1980-11-01,2022-01-19,ACTIVE
106395,Customer_06395,PREMIUM,Chennai,Tamil Nadu,1997-09-12,2020-08-06,ACTIVE
106396,Customer_06396,PREMIUM,Mumbai,Maharashtra,1981-11-16,2021-06-09,ACTIVE
106397,Customer_06397,PREMIUM,Chennai,Tamil Nadu,2018-11-01,2024-05-16,ACTIVE
106398,Customer_06398,PREMIUM,Pune,Maharashtra,2013-08-05,2025-05-10,ACTIVE
106399,Customer_06399,RETAIL,Chennai,Tamil Nadu,2017-03-10,2026-04-10,ACTIVE
106400,Customer_06400,BUSINESS,Ahmedabad,Gujarat,1983-05-18,2021-07-19,ACTIVE
106401,Customer_06401,PREMIUM,Chennai,Tamil Nadu,1998-04-05,2023-11-18,ACTIVE
106402,Customer_06402,RETAIL,Kolkata,West Bengal,2013-01-03,2023-01-06,ACTIVE
106403,Customer_06403,RETAIL,Delhi,Delhi,2002-10-19,2024-09-12,ACTIVE
106404,Customer_06404,RETAIL,Ahmedabad,Gujarat,1991-10-02,2024-06-02,ACTIVE
106405,Customer_06405,RETAIL,Kolkata,West Bengal,2013-04-25,2020-06-17,ACTIVE
106406,Customer_06406,RETAIL,Ahmedabad,Gujarat,1991-11-12,2020-12-24,ACTIVE
106407,Customer_06407,PREMIUM,Hyderabad,Telangana,2019-02-27,2023-11-17,ACTIVE
106408,Customer_06408,RETAIL,Hyderabad,Telangana,1983-04-21,2023-06-29,ACTIVE
106409,Customer_06409,RETAIL,Chennai,Tamil Nadu,2008-02-27,2025-10-26,ACTIVE
106410,Customer_06410,RETAIL,Ahmedabad,Gujarat,1979-09-16,2025-07-26,ACTIVE
106411,Customer_06411,RETAIL,Kolkata,West Bengal,2016-09-17,2020-05-20,ACTIVE
106412,Customer_06412,RETAIL,Bangalore,Karnataka,1993-10-03,2023-11-02,ACTIVE
106413,Customer_06413,PREMIUM,Mumbai,Maharashtra,1980-01-01,2022-09-02,ACTIVE
106414,Customer_06414,RETAIL,Mumbai,Maharashtra,2013-06-21,2023-03-03,ACTIVE
106415,Customer_06415,BUSINESS,Pune,Maharashtra,2018-11-23,2020-06-04,ACTIVE
106416,Customer_06416,PREMIUM,Mumbai,Maharashtra,2016-12-11,2025-07-06,ACTIVE
106417,Customer_06417,PREMIUM,Pune,Maharashtra,1999-02-11,2021-01-31,INACTIVE
106418,Customer_06418,RETAIL,Mumbai,Maharashtra,1981-09-10,2026-03-23,ACTIVE
106419,Customer_06419,PREMIUM,Ahmedabad,Gujarat,1988-07-08,2026-02-13,ACTIVE
106420,Customer_06420,BUSINESS,Mumbai,Maharashtra,1980-06-07,2025-05-24,ACTIVE
106421,Customer_06421,PREMIUM,Hyderabad,Telangana,1980-12-25,2020-10-09,ACTIVE
106422,Customer_06422,RETAIL,Delhi,Delhi,1985-09-08,2022-09-07,ACTIVE
106423,Customer_06423,PREMIUM,Pune,Maharashtra,2002-04-17,2020-02-27,ACTIVE
106424,Customer_06424,RETAIL,Hyderabad,Telangana,2010-08-20,2024-01-08,ACTIVE
106425,Customer_06425,RETAIL,Ahmedabad,Gujarat,2003-03-08,2025-09-05,ACTIVE
106426,Customer_06426,PREMIUM,Kolkata,West Bengal,1987-07-31,2023-06-17,ACTIVE
106427,Customer_06427,PREMIUM,Ahmedabad,Gujarat,2003-11-17,2020-02-25,ACTIVE
106428,Customer_06428,RETAIL,Chennai,Tamil Nadu,1988-08-23,2021-12-28,ACTIVE
106429,Customer_06429,RETAIL,Hyderabad,Telangana,1998-02-06,2021-02-12,ACTIVE
106430,Customer_06430,PREMIUM,Pune,Maharashtra,2015-09-03,2022-11-10,ACTIVE
106431,Customer_06431,RETAIL,Kolkata,West Bengal,1984-09-09,2022-06-11,ACTIVE
106432,Customer_06432,RETAIL,Hyderabad,Telangana,2015-02-05,2025-06-13,ACTIVE
106433,Customer_06433,PREMIUM,Delhi,Delhi,1990-04-17,2021-06-14,INACTIVE
106434,Customer_06434,PREMIUM,Delhi,Delhi,2006-09-10,2021-12-22,ACTIVE
106435,Customer_06435,RETAIL,Chennai,Tamil Nadu,1989-11-23,2021-07-24,ACTIVE
106436,Customer_06436,RETAIL,Mumbai,Maharashtra,1985-11-25,2025-11-04,ACTIVE
106437,Customer_06437,RETAIL,Kolkata,West Bengal,1997-08-30,2021-12-07,ACTIVE
106438,Customer_06438,RETAIL,Delhi,Delhi,1994-10-26,2026-07-07,ACTIVE
106439,Customer_06439,PREMIUM,Mumbai,Maharashtra,2000-01-02,2024-05-18,ACTIVE
106440,Customer_06440,PREMIUM,Delhi,Delhi,1988-11-11,2022-01-06,ACTIVE
106441,Customer_06441,RETAIL,Kolkata,West Bengal,2019-05-05,2023-11-26,ACTIVE
106442,Customer_06442,RETAIL,Delhi,Delhi,2006-10-03,2020-10-21,INACTIVE
106443,Customer_06443,RETAIL,Chennai,Tamil Nadu,2013-09-08,2025-12-09,ACTIVE
106444,Customer_06444,RETAIL,Kolkata,West Bengal,2011-03-12,2026-04-16,ACTIVE
106445,Customer_06445,RETAIL,Mumbai,Maharashtra,2008-11-26,2021-12-05,ACTIVE
106446,Customer_06446,RETAIL,Kolkata,West Bengal,1985-01-01,2021-02-14,ACTIVE
106447,Customer_06447,PREMIUM,Delhi,Delhi,2003-04-26,2022-10-25,ACTIVE
106448,Customer_06448,RETAIL,Hyderabad,Telangana,2016-01-16,2025-01-25,ACTIVE
106449,Customer_06449,PREMIUM,Pune,Maharashtra,1983-02-10,2024-02-13,ACTIVE
106450,Customer_06450,RETAIL,Pune,Maharashtra,1998-03-04,2020-04-03,ACTIVE
106451,Customer_06451,PREMIUM,Kolkata,West Bengal,1986-09-26,2020-01-20,ACTIVE
106452,Customer_06452,BUSINESS,Kolkata,West Bengal,2011-10-25,2021-07-19,ACTIVE
106453,Customer_06453,RETAIL,Ahmedabad,Gujarat,2017-05-31,2024-12-15,ACTIVE
106454,Customer_06454,RETAIL,Hyderabad,Telangana,1981-04-14,2021-09-16,INACTIVE
106455,Customer_06455,PREMIUM,Bangalore,Karnataka,2012-01-28,2025-11-16,ACTIVE
106456,Customer_06456,RETAIL,Pune,Maharashtra,1993-12-21,2021-12-14,ACTIVE
106457,Customer_06457,RETAIL,Delhi,Delhi,2018-10-01,2025-11-12,INACTIVE
106458,Customer_06458,RETAIL,Hyderabad,Telangana,1979-10-09,2026-01-15,ACTIVE
106459,Customer_06459,PREMIUM,Delhi,Delhi,1987-01-10,2024-10-12,ACTIVE
106460,Customer_06460,RETAIL,Bangalore,Karnataka,2008-09-02,2021-02-24,ACTIVE
106461,Customer_06461,RETAIL,Pune,Maharashtra,2011-02-18,2020-06-21,ACTIVE
106462,Customer_06462,RETAIL,Bangalore,Karnataka,1982-06-05,2021-02-20,ACTIVE
106463,Customer_06463,PREMIUM,Pune,Maharashtra,1985-09-27,2024-02-27,ACTIVE
106464,Customer_06464,RETAIL,Mumbai,Maharashtra,1993-01-21,2024-07-18,ACTIVE
106465,Customer_06465,PREMIUM,Pune,Maharashtra,1980-08-05,2026-06-23,ACTIVE
106466,Customer_06466,PREMIUM,Chennai,Tamil Nadu,2011-04-09,2026-04-04,ACTIVE
106467,Customer_06467,RETAIL,Delhi,Delhi,2006-08-31,2022-01-08,ACTIVE
106468,Customer_06468,RETAIL,Mumbai,Maharashtra,2009-12-03,2022-07-23,INACTIVE
106469,Customer_06469,PREMIUM,Chennai,Tamil Nadu,1998-06-14,2025-01-27,ACTIVE
106470,Customer_06470,PREMIUM,Pune,Maharashtra,2005-06-17,2025-01-29,ACTIVE
106471,Customer_06471,RETAIL,Mumbai,Maharashtra,2002-09-08,2022-01-22,ACTIVE
106472,Customer_06472,RETAIL,Pune,Maharashtra,2007-09-01,2020-03-15,INACTIVE
106473,Customer_06473,RETAIL,Bangalore,Karnataka,1997-09-01,2020-08-19,ACTIVE
106474,Customer_06474,RETAIL,Ahmedabad,Gujarat,2005-11-28,2025-05-31,ACTIVE
106475,Customer_06475,RETAIL,Pune,Maharashtra,2005-09-01,2022-04-16,ACTIVE
106476,Customer_06476,RETAIL,Delhi,Delhi,2005-07-02,2024-10-02,ACTIVE
106477,Customer_06477,RETAIL,Pune,Maharashtra,2014-12-29,2025-04-06,ACTIVE
106478,Customer_06478,PREMIUM,Delhi,Delhi,1993-07-10,2025-11-21,ACTIVE
106479,Customer_06479,PREMIUM,Hyderabad,Telangana,2015-04-05,2023-03-27,ACTIVE
106480,Customer_06480,PREMIUM,Delhi,Delhi,1980-04-27,2024-03-09,ACTIVE
106481,Customer_06481,RETAIL,Hyderabad,Telangana,1999-02-17,2021-04-14,ACTIVE
106482,Customer_06482,RETAIL,Ahmedabad,Gujarat,1997-04-23,2026-03-09,ACTIVE
106483,Customer_06483,RETAIL,Ahmedabad,Gujarat,2014-10-25,2025-10-20,INACTIVE
106484,Customer_06484,PREMIUM,Chennai,Tamil Nadu,1981-01-11,2022-07-24,ACTIVE
106485,Customer_06485,RETAIL,Hyderabad,Telangana,1988-01-25,2022-05-31,ACTIVE
106486,Customer_06486,RETAIL,Ahmedabad,Gujarat,1998-06-03,2024-10-24,ACTIVE
106487,Customer_06487,BUSINESS,Kolkata,West Bengal,2012-08-26,2022-09-20,ACTIVE
106488,Customer_06488,PREMIUM,Delhi,Delhi,1998-03-23,2024-10-07,ACTIVE
106489,Customer_06489,RETAIL,Pune,Maharashtra,2005-05-28,2020-08-04,ACTIVE
106490,Customer_06490,PREMIUM,Mumbai,Maharashtra,1986-07-03,2021-10-06,INACTIVE
106491,Customer_06491,RETAIL,Ahmedabad,Gujarat,2017-11-26,2025-02-15,ACTIVE
106492,Customer_06492,RETAIL,Chennai,Tamil Nadu,2011-05-16,2026-01-18,ACTIVE
106493,Customer_06493,RETAIL,Delhi,Delhi,1980-12-05,2020-03-03,INACTIVE
106494,Customer_06494,RETAIL,Delhi,Delhi,2008-02-01,2025-02-13,ACTIVE
106495,Customer_06495,PREMIUM,Delhi,Delhi,1984-06-24,2020-06-15,ACTIVE
106496,Customer_06496,RETAIL,Kolkata,West Bengal,2002-02-22,2025-09-10,ACTIVE
106497,Customer_06497,RETAIL,Chennai,Tamil Nadu,2008-04-04,2021-08-30,ACTIVE
106498,Customer_06498,BUSINESS,Ahmedabad,Gujarat,2017-03-10,2022-05-20,ACTIVE
106499,Customer_06499,RETAIL,Delhi,Delhi,1982-01-22,2024-09-16,ACTIVE
106500,Customer_06500,RETAIL,Bangalore,Karnataka,1990-12-16,2025-07-12,ACTIVE
106501,Customer_06501,RETAIL,Mumbai,Maharashtra,2007-07-08,2022-09-21,ACTIVE
106502,Customer_06502,RETAIL,Ahmedabad,Gujarat,1989-12-04,2022-01-25,ACTIVE
106503,Customer_06503,RETAIL,Chennai,Tamil Nadu,2008-06-05,2026-06-09,ACTIVE
106504,Customer_06504,RETAIL,Chennai,Tamil Nadu,1986-09-12,2026-05-03,ACTIVE
106505,Customer_06505,PREMIUM,Bangalore,Karnataka,1985-11-18,2023-06-11,ACTIVE
106506,Customer_06506,RETAIL,Delhi,Delhi,2001-07-10,2020-02-27,ACTIVE
106507,Customer_06507,RETAIL,Ahmedabad,Gujarat,2007-06-19,2026-05-14,ACTIVE
106508,Customer_06508,RETAIL,Bangalore,Karnataka,1987-08-07,2024-01-26,ACTIVE
106509,Customer_06509,PREMIUM,Hyderabad,Telangana,2015-01-21,2023-08-19,ACTIVE
106510,Customer_06510,RETAIL,Mumbai,Maharashtra,2014-11-06,2020-09-26,ACTIVE
106511,Customer_06511,RETAIL,Delhi,Delhi,1982-07-02,2026-07-11,ACTIVE
106512,Customer_06512,BUSINESS,Kolkata,West Bengal,1991-08-30,2024-09-20,ACTIVE
106513,Customer_06513,RETAIL,Mumbai,Maharashtra,2002-01-01,2021-06-06,ACTIVE
106514,Customer_06514,RETAIL,Mumbai,Maharashtra,1999-04-29,2022-05-22,ACTIVE
106515,Customer_06515,RETAIL,Kolkata,West Bengal,1989-08-20,2022-04-04,ACTIVE
106516,Customer_06516,RETAIL,Delhi,Delhi,2000-11-28,2025-09-20,ACTIVE
106517,Customer_06517,BUSINESS,Delhi,Delhi,2018-09-14,2023-02-15,ACTIVE
106518,Customer_06518,RETAIL,Chennai,Tamil Nadu,1991-10-19,2025-09-25,ACTIVE
106519,Customer_06519,RETAIL,Pune,Maharashtra,1988-02-28,2024-07-09,ACTIVE
106520,Customer_06520,RETAIL,Mumbai,Maharashtra,2009-06-28,2022-06-02,ACTIVE
106521,Customer_06521,RETAIL,Mumbai,Maharashtra,2002-08-08,2022-08-31,ACTIVE
106522,Customer_06522,RETAIL,Mumbai,Maharashtra,2007-08-03,2025-04-27,ACTIVE
106523,Customer_06523,PREMIUM,Pune,Maharashtra,2005-09-16,2023-04-13,ACTIVE
106524,Customer_06524,RETAIL,Hyderabad,Telangana,2010-05-30,2024-06-22,ACTIVE
106525,Customer_06525,PREMIUM,Delhi,Delhi,2009-02-11,2020-10-21,ACTIVE
106526,Customer_06526,PREMIUM,Mumbai,Maharashtra,2004-01-18,2022-10-20,ACTIVE
106527,Customer_06527,RETAIL,Mumbai,Maharashtra,1997-10-30,2023-10-16,ACTIVE
106528,Customer_06528,PREMIUM,Bangalore,Karnataka,1998-01-23,2022-04-03,ACTIVE
106529,Customer_06529,PREMIUM,Kolkata,West Bengal,1990-01-23,2025-07-27,ACTIVE
106530,Customer_06530,RETAIL,Delhi,Delhi,1997-08-07,2021-05-19,INACTIVE
106531,Customer_06531,RETAIL,Mumbai,Maharashtra,2004-01-05,2025-07-31,ACTIVE
106532,Customer_06532,RETAIL,Pune,Maharashtra,2008-08-04,2020-05-31,ACTIVE
106533,Customer_06533,RETAIL,Bangalore,Karnataka,2010-11-27,2022-10-22,ACTIVE
106534,Customer_06534,PREMIUM,Pune,Maharashtra,1994-08-25,2023-05-26,ACTIVE
106535,Customer_06535,RETAIL,Ahmedabad,Gujarat,2009-04-07,2021-08-31,ACTIVE
106536,Customer_06536,RETAIL,Kolkata,West Bengal,1997-02-13,2023-07-20,ACTIVE
106537,Customer_06537,RETAIL,Delhi,Delhi,1993-11-18,2025-12-02,ACTIVE
106538,Customer_06538,RETAIL,Ahmedabad,Gujarat,1985-11-20,2022-12-01,ACTIVE
106539,Customer_06539,PREMIUM,Delhi,Delhi,1990-01-31,2023-07-17,ACTIVE
106540,Customer_06540,PREMIUM,Pune,Maharashtra,2007-01-28,2026-03-31,ACTIVE
106541,Customer_06541,PREMIUM,Ahmedabad,Gujarat,1988-01-20,2026-01-25,ACTIVE
106542,Customer_06542,RETAIL,Ahmedabad,Gujarat,1982-04-28,2020-02-02,ACTIVE
106543,Customer_06543,RETAIL,Delhi,Delhi,1990-05-02,2024-10-08,ACTIVE
106544,Customer_06544,PREMIUM,Chennai,Tamil Nadu,2019-11-04,2025-08-02,INACTIVE
106545,Customer_06545,RETAIL,Pune,Maharashtra,1985-04-25,2026-03-11,ACTIVE
106546,Customer_06546,PREMIUM,Hyderabad,Telangana,1985-01-25,2025-04-05,ACTIVE
106547,Customer_06547,RETAIL,Hyderabad,Telangana,1995-09-21,2020-07-17,ACTIVE
106548,Customer_06548,RETAIL,Hyderabad,Telangana,1994-11-22,2024-12-26,ACTIVE
106549,Customer_06549,RETAIL,Chennai,Tamil Nadu,2016-12-16,2025-07-19,ACTIVE
106550,Customer_06550,PREMIUM,Hyderabad,Telangana,1988-12-05,2023-06-13,ACTIVE
106551,Customer_06551,RETAIL,Chennai,Tamil Nadu,1996-04-19,2020-02-20,ACTIVE
106552,Customer_06552,PREMIUM,Kolkata,West Bengal,1991-02-06,2021-04-01,ACTIVE
106553,Customer_06553,RETAIL,Pune,Maharashtra,1989-06-05,2021-10-22,ACTIVE
106554,Customer_06554,RETAIL,Bangalore,Karnataka,1992-05-28,2025-09-01,ACTIVE
106555,Customer_06555,PREMIUM,Bangalore,Karnataka,1989-09-21,2020-10-28,ACTIVE
106556,Customer_06556,RETAIL,Chennai,Tamil Nadu,2008-08-31,2024-11-22,ACTIVE
106557,Customer_06557,RETAIL,Pune,Maharashtra,2011-08-12,2021-03-06,ACTIVE
106558,Customer_06558,BUSINESS,Delhi,Delhi,1986-06-04,2025-06-21,ACTIVE
106559,Customer_06559,PREMIUM,Ahmedabad,Gujarat,1999-07-13,2020-01-28,ACTIVE
106560,Customer_06560,RETAIL,Mumbai,Maharashtra,1989-12-31,2021-07-19,ACTIVE
106561,Customer_06561,PREMIUM,Hyderabad,Telangana,2014-10-17,2020-08-31,ACTIVE
106562,Customer_06562,RETAIL,Hyderabad,Telangana,1983-04-28,2023-08-23,ACTIVE
106563,Customer_06563,RETAIL,Bangalore,Karnataka,1995-12-20,2025-02-17,ACTIVE
106564,Customer_06564,RETAIL,Mumbai,Maharashtra,1992-10-10,2022-09-25,ACTIVE
106565,Customer_06565,RETAIL,Mumbai,Maharashtra,1994-02-03,2023-07-04,ACTIVE
106566,Customer_06566,RETAIL,Delhi,Delhi,2017-10-26,2024-03-15,INACTIVE
106567,Customer_06567,RETAIL,Mumbai,Maharashtra,2001-05-16,2022-12-27,ACTIVE
106568,Customer_06568,PREMIUM,Mumbai,Maharashtra,1994-10-10,2024-12-11,ACTIVE
106569,Customer_06569,RETAIL,Pune,Maharashtra,2012-05-06,2021-11-12,ACTIVE
106570,Customer_06570,RETAIL,Pune,Maharashtra,2011-02-02,2021-02-20,INACTIVE
106571,Customer_06571,PREMIUM,Kolkata,West Bengal,1985-02-10,2021-03-25,ACTIVE
106572,Customer_06572,BUSINESS,Hyderabad,Telangana,1998-02-15,2021-02-21,ACTIVE
106573,Customer_06573,RETAIL,Mumbai,Maharashtra,1996-02-02,2020-03-31,ACTIVE
106574,Customer_06574,BUSINESS,Hyderabad,Telangana,1997-08-17,2020-04-14,ACTIVE
106575,Customer_06575,PREMIUM,Pune,Maharashtra,1993-06-29,2020-05-06,ACTIVE
106576,Customer_06576,RETAIL,Bangalore,Karnataka,2013-01-01,2021-01-12,ACTIVE
106577,Customer_06577,RETAIL,Mumbai,Maharashtra,2020-01-25,2024-03-01,ACTIVE
106578,Customer_06578,RETAIL,Mumbai,Maharashtra,1980-04-07,2021-07-30,ACTIVE
106579,Customer_06579,PREMIUM,Pune,Maharashtra,2014-05-06,2023-11-03,INACTIVE
106580,Customer_06580,RETAIL,Bangalore,Karnataka,2014-09-07,2020-06-23,ACTIVE
106581,Customer_06581,RETAIL,Bangalore,Karnataka,1994-03-06,2025-04-05,ACTIVE
106582,Customer_06582,PREMIUM,Delhi,Delhi,1999-02-03,2022-05-03,ACTIVE
106583,Customer_06583,RETAIL,Chennai,Tamil Nadu,1983-05-11,2022-11-24,ACTIVE
106584,Customer_06584,RETAIL,Hyderabad,Telangana,1993-08-01,2024-06-08,ACTIVE
106585,Customer_06585,PREMIUM,Hyderabad,Telangana,1988-12-12,2026-07-22,ACTIVE
106586,Customer_06586,BUSINESS,Chennai,Tamil Nadu,2016-05-28,2025-03-18,ACTIVE
106587,Customer_06587,PREMIUM,Chennai,Tamil Nadu,1983-07-25,2022-08-21,INACTIVE
106588,Customer_06588,RETAIL,Bangalore,Karnataka,1993-02-13,2022-04-09,ACTIVE
106589,Customer_06589,RETAIL,Pune,Maharashtra,1998-11-30,2022-03-23,ACTIVE
106590,Customer_06590,RETAIL,Bangalore,Karnataka,2019-04-26,2020-07-20,ACTIVE
106591,Customer_06591,RETAIL,Mumbai,Maharashtra,2012-09-24,2022-03-21,ACTIVE
106592,Customer_06592,RETAIL,Ahmedabad,Gujarat,2017-08-14,2024-12-27,ACTIVE
106593,Customer_06593,BUSINESS,Delhi,Delhi,1991-11-26,2021-10-24,ACTIVE
106594,Customer_06594,PREMIUM,Kolkata,West Bengal,1990-03-02,2022-07-27,ACTIVE
106595,Customer_06595,RETAIL,Ahmedabad,Gujarat,2002-08-18,2020-06-15,ACTIVE
106596,Customer_06596,RETAIL,Bangalore,Karnataka,1993-02-25,2021-08-26,ACTIVE
106597,Customer_06597,RETAIL,Kolkata,West Bengal,1979-10-25,2020-06-13,ACTIVE
106598,Customer_06598,RETAIL,Bangalore,Karnataka,2012-07-08,2023-02-03,ACTIVE
106599,Customer_06599,PREMIUM,Pune,Maharashtra,1983-01-23,2021-12-13,ACTIVE
106600,Customer_06600,RETAIL,Mumbai,Maharashtra,1987-03-14,2026-05-16,INACTIVE
106601,Customer_06601,PREMIUM,Pune,Maharashtra,2017-11-25,2023-11-16,ACTIVE
106602,Customer_06602,RETAIL,Ahmedabad,Gujarat,2009-03-23,2022-06-13,ACTIVE
106603,Customer_06603,RETAIL,Bangalore,Karnataka,2005-07-20,2023-07-14,ACTIVE
106604,Customer_06604,BUSINESS,Delhi,Delhi,1984-06-20,2026-04-21,ACTIVE
106605,Customer_06605,RETAIL,Bangalore,Karnataka,1989-06-18,2021-03-09,ACTIVE
106606,Customer_06606,RETAIL,Delhi,Delhi,1987-08-11,2021-08-30,ACTIVE
106607,Customer_06607,RETAIL,Kolkata,West Bengal,2005-07-02,2023-08-01,ACTIVE
106608,Customer_06608,RETAIL,Ahmedabad,Gujarat,1999-09-20,2020-09-10,ACTIVE
106609,Customer_06609,RETAIL,Mumbai,Maharashtra,1993-12-21,2023-06-01,ACTIVE
106610,Customer_06610,RETAIL,Hyderabad,Telangana,2009-10-18,2021-01-12,ACTIVE
106611,Customer_06611,RETAIL,Delhi,Delhi,2011-02-11,2025-09-04,ACTIVE
106612,Customer_06612,RETAIL,Mumbai,Maharashtra,2009-07-13,2025-01-31,ACTIVE
106613,Customer_06613,RETAIL,Ahmedabad,Gujarat,1983-07-05,2020-04-26,ACTIVE
106614,Customer_06614,PREMIUM,Mumbai,Maharashtra,2004-03-03,2023-07-14,ACTIVE
106615,Customer_06615,PREMIUM,Pune,Maharashtra,1987-10-16,2021-05-18,ACTIVE
106616,Customer_06616,RETAIL,Mumbai,Maharashtra,1990-05-04,2023-10-28,ACTIVE
106617,Customer_06617,RETAIL,Bangalore,Karnataka,2019-05-05,2023-07-31,ACTIVE
106618,Customer_06618,RETAIL,Chennai,Tamil Nadu,1996-03-22,2026-05-11,ACTIVE
106619,Customer_06619,RETAIL,Delhi,Delhi,2011-07-05,2021-03-02,ACTIVE
106620,Customer_06620,RETAIL,Mumbai,Maharashtra,1989-04-11,2023-04-26,ACTIVE
106621,Customer_06621,PREMIUM,Mumbai,Maharashtra,2019-02-05,2026-05-06,ACTIVE
106622,Customer_06622,RETAIL,Ahmedabad,Gujarat,1990-07-17,2020-10-07,ACTIVE
106623,Customer_06623,RETAIL,Kolkata,West Bengal,1986-08-21,2021-09-01,ACTIVE
106624,Customer_06624,PREMIUM,Ahmedabad,Gujarat,1992-06-09,2024-09-20,ACTIVE
106625,Customer_06625,PREMIUM,Chennai,Tamil Nadu,1986-04-15,2020-09-16,ACTIVE
106626,Customer_06626,RETAIL,Chennai,Tamil Nadu,2003-10-04,2021-05-13,ACTIVE
106627,Customer_06627,RETAIL,Kolkata,West Bengal,1985-01-29,2026-04-16,INACTIVE
106628,Customer_06628,BUSINESS,Chennai,Tamil Nadu,1987-09-09,2023-10-27,ACTIVE
106629,Customer_06629,RETAIL,Bangalore,Karnataka,2008-01-01,2020-05-14,ACTIVE
106630,Customer_06630,PREMIUM,Delhi,Delhi,1980-11-29,2025-08-12,ACTIVE
106631,Customer_06631,PREMIUM,Bangalore,Karnataka,1997-04-03,2023-06-10,ACTIVE
106632,Customer_06632,RETAIL,Mumbai,Maharashtra,2007-08-08,2023-02-18,ACTIVE
106633,Customer_06633,RETAIL,Pune,Maharashtra,1997-06-17,2026-07-09,ACTIVE
106634,Customer_06634,RETAIL,Hyderabad,Telangana,1980-01-23,2022-01-24,ACTIVE
106635,Customer_06635,RETAIL,Kolkata,West Bengal,1985-08-27,2022-06-27,ACTIVE
106636,Customer_06636,RETAIL,Mumbai,Maharashtra,2019-01-12,2023-10-13,ACTIVE
106637,Customer_06637,PREMIUM,Mumbai,Maharashtra,2010-11-15,2021-08-02,ACTIVE
106638,Customer_06638,PREMIUM,Mumbai,Maharashtra,1993-07-20,2020-10-31,INACTIVE
106639,Customer_06639,BUSINESS,Kolkata,West Bengal,2015-01-17,2020-11-27,ACTIVE
106640,Customer_06640,BUSINESS,Delhi,Delhi,1979-06-08,2022-01-08,ACTIVE
106641,Customer_06641,PREMIUM,Delhi,Delhi,1981-02-09,2020-07-10,ACTIVE
106642,Customer_06642,RETAIL,Mumbai,Maharashtra,2015-06-29,2023-04-24,ACTIVE
106643,Customer_06643,RETAIL,Ahmedabad,Gujarat,2006-11-08,2026-07-12,ACTIVE
106644,Customer_06644,RETAIL,Bangalore,Karnataka,2003-10-19,2021-09-01,ACTIVE
106645,Customer_06645,RETAIL,Kolkata,West Bengal,1993-04-24,2020-04-07,ACTIVE
106646,Customer_06646,RETAIL,Hyderabad,Telangana,2012-09-24,2020-04-04,ACTIVE
106647,Customer_06647,RETAIL,Pune,Maharashtra,2004-02-21,2021-02-03,ACTIVE
106648,Customer_06648,RETAIL,Kolkata,West Bengal,1997-01-11,2023-11-05,ACTIVE
106649,Customer_06649,RETAIL,Chennai,Tamil Nadu,1994-10-17,2023-02-03,ACTIVE
106650,Customer_06650,PREMIUM,Chennai,Tamil Nadu,1993-09-16,2022-08-20,ACTIVE
106651,Customer_06651,RETAIL,Pune,Maharashtra,2002-10-16,2024-12-16,ACTIVE
106652,Customer_06652,RETAIL,Kolkata,West Bengal,2006-01-26,2022-07-26,ACTIVE
106653,Customer_06653,RETAIL,Ahmedabad,Gujarat,2012-03-19,2024-01-18,ACTIVE
106654,Customer_06654,RETAIL,Bangalore,Karnataka,1995-11-03,2026-07-20,ACTIVE
106655,Customer_06655,RETAIL,Mumbai,Maharashtra,1989-08-04,2021-02-10,ACTIVE
106656,Customer_06656,RETAIL,Kolkata,West Bengal,2002-01-03,2020-09-25,ACTIVE
106657,Customer_06657,RETAIL,Ahmedabad,Gujarat,2003-02-15,2021-06-06,ACTIVE
106658,Customer_06658,PREMIUM,Chennai,Tamil Nadu,1990-07-29,2021-01-05,ACTIVE
106659,Customer_06659,RETAIL,Chennai,Tamil Nadu,1982-03-05,2025-06-13,ACTIVE
106660,Customer_06660,BUSINESS,Pune,Maharashtra,1992-10-28,2025-10-04,ACTIVE
106661,Customer_06661,PREMIUM,Mumbai,Maharashtra,1982-01-23,2023-09-05,ACTIVE
106662,Customer_06662,RETAIL,Ahmedabad,Gujarat,1982-07-16,2020-11-08,ACTIVE
106663,Customer_06663,RETAIL,Bangalore,Karnataka,2018-10-31,2025-08-05,ACTIVE
106664,Customer_06664,RETAIL,Delhi,Delhi,2011-04-03,2026-01-11,ACTIVE
106665,Customer_06665,PREMIUM,Hyderabad,Telangana,1980-08-14,2022-09-05,ACTIVE
106666,Customer_06666,PREMIUM,Mumbai,Maharashtra,1993-06-28,2024-05-31,ACTIVE
106667,Customer_06667,PREMIUM,Mumbai,Maharashtra,1989-08-15,2023-12-31,ACTIVE
106668,Customer_06668,PREMIUM,Pune,Maharashtra,2019-03-16,2023-06-21,ACTIVE
106669,Customer_06669,RETAIL,Bangalore,Karnataka,1997-02-19,2022-04-27,ACTIVE
106670,Customer_06670,PREMIUM,Delhi,Delhi,1989-10-31,2021-10-30,ACTIVE
106671,Customer_06671,RETAIL,Pune,Maharashtra,2005-03-26,2021-10-23,ACTIVE
106672,Customer_06672,RETAIL,Delhi,Delhi,1998-09-03,2022-05-12,ACTIVE
106673,Customer_06673,RETAIL,Delhi,Delhi,1986-11-09,2024-12-28,ACTIVE
106674,Customer_06674,PREMIUM,Chennai,Tamil Nadu,1991-09-17,2025-06-05,ACTIVE
106675,Customer_06675,RETAIL,Chennai,Tamil Nadu,1984-05-24,2020-09-28,ACTIVE
106676,Customer_06676,RETAIL,Ahmedabad,Gujarat,2007-08-30,2020-05-18,ACTIVE
106677,Customer_06677,RETAIL,Kolkata,West Bengal,2019-01-11,2023-02-21,ACTIVE
106678,Customer_06678,BUSINESS,Delhi,Delhi,2012-05-12,2025-01-18,ACTIVE
106679,Customer_06679,RETAIL,Ahmedabad,Gujarat,1994-07-31,2023-09-08,ACTIVE
106680,Customer_06680,RETAIL,Chennai,Tamil Nadu,1999-03-02,2025-06-09,ACTIVE
106681,Customer_06681,RETAIL,Pune,Maharashtra,1981-08-30,2024-09-08,INACTIVE
106682,Customer_06682,RETAIL,Delhi,Delhi,1994-03-26,2024-08-21,ACTIVE
106683,Customer_06683,PREMIUM,Hyderabad,Telangana,1980-06-25,2023-07-16,ACTIVE
106684,Customer_06684,BUSINESS,Kolkata,West Bengal,2009-10-01,2020-05-10,ACTIVE
106685,Customer_06685,PREMIUM,Delhi,Delhi,2016-07-03,2021-03-07,ACTIVE
106686,Customer_06686,PREMIUM,Pune,Maharashtra,1987-01-10,2024-11-17,ACTIVE
106687,Customer_06687,RETAIL,Pune,Maharashtra,2006-11-04,2022-01-11,INACTIVE
106688,Customer_06688,RETAIL,Mumbai,Maharashtra,2003-10-13,2024-10-01,ACTIVE
106689,Customer_06689,RETAIL,Hyderabad,Telangana,1996-04-28,2022-03-25,ACTIVE
106690,Customer_06690,PREMIUM,Chennai,Tamil Nadu,2009-04-17,2020-02-01,ACTIVE
106691,Customer_06691,RETAIL,Bangalore,Karnataka,2007-01-30,2024-06-11,ACTIVE
106692,Customer_06692,PREMIUM,Hyderabad,Telangana,1990-03-23,2025-11-11,ACTIVE
106693,Customer_06693,RETAIL,Kolkata,West Bengal,2011-12-16,2022-12-06,ACTIVE
106694,Customer_06694,RETAIL,Kolkata,West Bengal,2006-02-03,2020-11-13,ACTIVE
106695,Customer_06695,RETAIL,Pune,Maharashtra,1991-12-31,2022-09-21,INACTIVE
106696,Customer_06696,PREMIUM,Chennai,Tamil Nadu,2009-05-11,2026-04-24,ACTIVE
106697,Customer_06697,PREMIUM,Ahmedabad,Gujarat,2005-06-22,2022-02-03,ACTIVE
106698,Customer_06698,RETAIL,Kolkata,West Bengal,1983-12-27,2020-06-18,ACTIVE
106699,Customer_06699,PREMIUM,Delhi,Delhi,1985-12-30,2025-01-16,ACTIVE
106700,Customer_06700,PREMIUM,Bangalore,Karnataka,1992-06-19,2021-07-25,ACTIVE
106701,Customer_06701,RETAIL,Ahmedabad,Gujarat,1980-12-26,2020-03-30,ACTIVE
106702,Customer_06702,PREMIUM,Mumbai,Maharashtra,1995-11-07,2024-07-14,ACTIVE
106703,Customer_06703,RETAIL,Chennai,Tamil Nadu,1998-02-13,2022-03-22,ACTIVE
106704,Customer_06704,RETAIL,Mumbai,Maharashtra,2011-01-12,2020-11-25,ACTIVE
106705,Customer_06705,RETAIL,Ahmedabad,Gujarat,1986-03-17,2020-05-09,ACTIVE
106706,Customer_06706,RETAIL,Mumbai,Maharashtra,2002-06-21,2021-03-19,ACTIVE
106707,Customer_06707,RETAIL,Mumbai,Maharashtra,2006-06-17,2020-12-25,ACTIVE
106708,Customer_06708,RETAIL,Delhi,Delhi,1997-08-17,2020-01-27,ACTIVE
106709,Customer_06709,RETAIL,Pune,Maharashtra,2016-06-05,2022-06-08,ACTIVE
106710,Customer_06710,PREMIUM,Bangalore,Karnataka,1992-04-03,2025-06-06,ACTIVE
106711,Customer_06711,RETAIL,Delhi,Delhi,1995-12-01,2022-08-07,ACTIVE
106712,Customer_06712,RETAIL,Delhi,Delhi,1979-05-01,2020-03-31,ACTIVE
106713,Customer_06713,RETAIL,Chennai,Tamil Nadu,1996-01-13,2025-10-17,ACTIVE
106714,Customer_06714,RETAIL,Chennai,Tamil Nadu,1979-12-30,2024-02-27,ACTIVE
106715,Customer_06715,PREMIUM,Ahmedabad,Gujarat,2019-07-27,2026-05-03,ACTIVE
106716,Customer_06716,PREMIUM,Bangalore,Karnataka,1989-01-14,2023-10-29,ACTIVE
106717,Customer_06717,RETAIL,Chennai,Tamil Nadu,2012-07-08,2023-02-18,ACTIVE
106718,Customer_06718,PREMIUM,Hyderabad,Telangana,1983-12-16,2023-05-11,ACTIVE
106719,Customer_06719,RETAIL,Pune,Maharashtra,1990-06-05,2020-01-16,ACTIVE
106720,Customer_06720,BUSINESS,Hyderabad,Telangana,1984-01-28,2022-06-19,ACTIVE
106721,Customer_06721,RETAIL,Kolkata,West Bengal,1994-04-22,2022-11-26,ACTIVE
106722,Customer_06722,RETAIL,Delhi,Delhi,2003-12-02,2021-12-19,ACTIVE
106723,Customer_06723,RETAIL,Pune,Maharashtra,1996-05-28,2025-07-02,INACTIVE
106724,Customer_06724,RETAIL,Delhi,Delhi,2004-01-11,2026-04-15,ACTIVE
106725,Customer_06725,RETAIL,Delhi,Delhi,2012-04-11,2023-02-21,ACTIVE
106726,Customer_06726,RETAIL,Chennai,Tamil Nadu,1981-01-01,2025-02-27,ACTIVE
106727,Customer_06727,RETAIL,Kolkata,West Bengal,1996-08-03,2021-06-19,ACTIVE
106728,Customer_06728,PREMIUM,Chennai,Tamil Nadu,2003-07-23,2026-01-23,ACTIVE
106729,Customer_06729,PREMIUM,Pune,Maharashtra,2000-08-29,2024-08-14,ACTIVE
106730,Customer_06730,RETAIL,Delhi,Delhi,1985-02-25,2024-10-27,ACTIVE
106731,Customer_06731,PREMIUM,Hyderabad,Telangana,1987-08-26,2023-11-28,ACTIVE
106732,Customer_06732,RETAIL,Delhi,Delhi,1994-08-28,2025-06-12,ACTIVE
106733,Customer_06733,BUSINESS,Chennai,Tamil Nadu,2005-11-29,2023-07-05,ACTIVE
106734,Customer_06734,RETAIL,Hyderabad,Telangana,2019-10-23,2026-05-03,ACTIVE
106735,Customer_06735,PREMIUM,Delhi,Delhi,1994-04-18,2024-05-08,ACTIVE
106736,Customer_06736,BUSINESS,Hyderabad,Telangana,2000-08-08,2022-12-24,ACTIVE
106737,Customer_06737,PREMIUM,Bangalore,Karnataka,1991-10-02,2021-05-15,ACTIVE
106738,Customer_06738,PREMIUM,Pune,Maharashtra,1980-07-26,2025-12-16,ACTIVE
106739,Customer_06739,RETAIL,Delhi,Delhi,1995-07-11,2020-05-14,INACTIVE
106740,Customer_06740,PREMIUM,Bangalore,Karnataka,1993-06-10,2020-04-13,ACTIVE
106741,Customer_06741,RETAIL,Mumbai,Maharashtra,1985-05-06,2020-03-15,ACTIVE
106742,Customer_06742,RETAIL,Ahmedabad,Gujarat,2006-09-19,2020-09-15,INACTIVE
106743,Customer_06743,BUSINESS,Chennai,Tamil Nadu,1989-10-12,2021-08-15,ACTIVE
106744,Customer_06744,RETAIL,Mumbai,Maharashtra,1988-05-21,2023-03-22,ACTIVE
106745,Customer_06745,RETAIL,Kolkata,West Bengal,1995-02-24,2021-10-25,ACTIVE
106746,Customer_06746,BUSINESS,Kolkata,West Bengal,2018-10-09,2022-12-25,ACTIVE
106747,Customer_06747,RETAIL,Mumbai,Maharashtra,2005-04-19,2022-12-10,ACTIVE
106748,Customer_06748,RETAIL,Pune,Maharashtra,1996-08-18,2022-11-17,ACTIVE
106749,Customer_06749,RETAIL,Delhi,Delhi,2012-11-12,2020-05-22,ACTIVE
106750,Customer_06750,PREMIUM,Chennai,Tamil Nadu,1980-01-12,2023-07-13,ACTIVE
106751,Customer_06751,PREMIUM,Hyderabad,Telangana,1992-12-30,2021-12-20,ACTIVE
106752,Customer_06752,RETAIL,Bangalore,Karnataka,2001-05-13,2023-07-16,ACTIVE
106753,Customer_06753,RETAIL,Chennai,Tamil Nadu,1999-03-27,2020-05-25,ACTIVE
106754,Customer_06754,RETAIL,Mumbai,Maharashtra,2006-12-07,2025-09-20,ACTIVE
106755,Customer_06755,PREMIUM,Hyderabad,Telangana,2007-12-26,2024-09-29,ACTIVE
106756,Customer_06756,PREMIUM,Ahmedabad,Gujarat,1997-11-21,2022-04-10,ACTIVE
106757,Customer_06757,BUSINESS,Chennai,Tamil Nadu,2017-05-05,2022-05-13,ACTIVE
106758,Customer_06758,RETAIL,Bangalore,Karnataka,2017-04-13,2022-01-28,ACTIVE
106759,Customer_06759,RETAIL,Delhi,Delhi,1998-09-05,2026-07-06,ACTIVE
106760,Customer_06760,RETAIL,Ahmedabad,Gujarat,2016-03-15,2024-08-11,ACTIVE
106761,Customer_06761,RETAIL,Mumbai,Maharashtra,2005-06-25,2023-01-09,ACTIVE
106762,Customer_06762,RETAIL,Delhi,Delhi,1984-11-14,2024-04-05,ACTIVE
106763,Customer_06763,RETAIL,Pune,Maharashtra,1984-01-28,2020-06-03,ACTIVE
106764,Customer_06764,RETAIL,Kolkata,West Bengal,1982-06-13,2025-06-14,ACTIVE
106765,Customer_06765,BUSINESS,Bangalore,Karnataka,1987-11-11,2023-11-30,ACTIVE
106766,Customer_06766,RETAIL,Ahmedabad,Gujarat,1991-12-28,2022-01-12,ACTIVE
106767,Customer_06767,RETAIL,Hyderabad,Telangana,1982-01-01,2024-07-21,ACTIVE
106768,Customer_06768,PREMIUM,Chennai,Tamil Nadu,2004-02-20,2020-01-16,ACTIVE
106769,Customer_06769,RETAIL,Chennai,Tamil Nadu,1996-01-20,2023-03-22,ACTIVE
106770,Customer_06770,RETAIL,Pune,Maharashtra,2003-11-14,2026-03-15,ACTIVE
106771,Customer_06771,RETAIL,Chennai,Tamil Nadu,1999-10-28,2024-12-28,ACTIVE
106772,Customer_06772,RETAIL,Hyderabad,Telangana,1990-04-27,2020-04-16,ACTIVE
106773,Customer_06773,RETAIL,Ahmedabad,Gujarat,2004-06-02,2023-11-16,ACTIVE
106774,Customer_06774,RETAIL,Chennai,Tamil Nadu,2018-03-23,2024-06-20,ACTIVE
106775,Customer_06775,RETAIL,Ahmedabad,Gujarat,1992-03-04,2023-06-17,ACTIVE
106776,Customer_06776,RETAIL,Ahmedabad,Gujarat,1991-10-14,2022-02-11,ACTIVE
106777,Customer_06777,RETAIL,Chennai,Tamil Nadu,2000-05-11,2024-06-17,ACTIVE
106778,Customer_06778,RETAIL,Bangalore,Karnataka,2012-03-10,2022-10-13,ACTIVE
106779,Customer_06779,RETAIL,Pune,Maharashtra,2000-12-28,2026-03-27,ACTIVE
106780,Customer_06780,BUSINESS,Delhi,Delhi,2013-05-01,2025-07-04,ACTIVE
106781,Customer_06781,RETAIL,Ahmedabad,Gujarat,1982-03-17,2025-12-22,ACTIVE
106782,Customer_06782,RETAIL,Pune,Maharashtra,1983-03-17,2022-10-03,ACTIVE
106783,Customer_06783,RETAIL,Bangalore,Karnataka,1995-11-07,2024-06-13,ACTIVE
106784,Customer_06784,PREMIUM,Hyderabad,Telangana,1988-09-18,2020-12-12,ACTIVE
106785,Customer_06785,RETAIL,Pune,Maharashtra,1980-02-13,2024-12-10,ACTIVE
106786,Customer_06786,RETAIL,Ahmedabad,Gujarat,1988-01-01,2024-12-15,ACTIVE
106787,Customer_06787,RETAIL,Hyderabad,Telangana,1990-04-19,2025-02-04,ACTIVE
106788,Customer_06788,RETAIL,Mumbai,Maharashtra,2016-12-06,2020-02-18,ACTIVE
106789,Customer_06789,PREMIUM,Pune,Maharashtra,2011-04-17,2022-12-30,ACTIVE
106790,Customer_06790,RETAIL,Hyderabad,Telangana,1993-08-01,2021-10-21,ACTIVE
106791,Customer_06791,PREMIUM,Kolkata,West Bengal,2018-07-05,2026-01-05,ACTIVE
106792,Customer_06792,RETAIL,Ahmedabad,Gujarat,2013-07-08,2023-07-15,ACTIVE
106793,Customer_06793,PREMIUM,Kolkata,West Bengal,1989-06-16,2024-01-07,ACTIVE
106794,Customer_06794,RETAIL,Mumbai,Maharashtra,1998-10-18,2022-11-16,ACTIVE
106795,Customer_06795,PREMIUM,Hyderabad,Telangana,2017-01-06,2020-09-30,ACTIVE
106796,Customer_06796,PREMIUM,Mumbai,Maharashtra,1997-12-10,2024-01-28,ACTIVE
106797,Customer_06797,RETAIL,Mumbai,Maharashtra,1994-05-25,2024-01-06,ACTIVE
106798,Customer_06798,RETAIL,Hyderabad,Telangana,2016-04-07,2022-07-04,ACTIVE
106799,Customer_06799,RETAIL,Bangalore,Karnataka,2006-04-15,2024-02-19,ACTIVE
106800,Customer_06800,RETAIL,Hyderabad,Telangana,1997-04-09,2022-07-26,ACTIVE
106801,Customer_06801,PREMIUM,Kolkata,West Bengal,2014-11-18,2024-05-03,ACTIVE
106802,Customer_06802,RETAIL,Mumbai,Maharashtra,2009-10-02,2022-04-16,ACTIVE
106803,Customer_06803,PREMIUM,Chennai,Tamil Nadu,1993-06-13,2025-01-29,ACTIVE
106804,Customer_06804,PREMIUM,Kolkata,West Bengal,1996-08-04,2025-10-30,ACTIVE
106805,Customer_06805,PREMIUM,Bangalore,Karnataka,1981-02-09,2023-03-08,ACTIVE
106806,Customer_06806,PREMIUM,Chennai,Tamil Nadu,1983-05-08,2020-02-11,ACTIVE
106807,Customer_06807,RETAIL,Bangalore,Karnataka,2018-05-11,2024-06-25,INACTIVE
106808,Customer_06808,RETAIL,Ahmedabad,Gujarat,1981-05-06,2026-03-05,ACTIVE
106809,Customer_06809,RETAIL,Mumbai,Maharashtra,2013-07-12,2024-08-30,ACTIVE
106810,Customer_06810,PREMIUM,Ahmedabad,Gujarat,1987-09-19,2022-05-09,INACTIVE
106811,Customer_06811,BUSINESS,Kolkata,West Bengal,2001-05-28,2023-09-16,ACTIVE
106812,Customer_06812,RETAIL,Kolkata,West Bengal,2008-10-29,2022-05-25,ACTIVE
106813,Customer_06813,BUSINESS,Bangalore,Karnataka,2019-11-14,2025-02-01,ACTIVE
106814,Customer_06814,BUSINESS,Chennai,Tamil Nadu,1994-07-05,2024-10-08,ACTIVE
106815,Customer_06815,RETAIL,Delhi,Delhi,2017-02-26,2024-02-09,ACTIVE
106816,Customer_06816,PREMIUM,Delhi,Delhi,1997-10-24,2022-07-20,ACTIVE
106817,Customer_06817,RETAIL,Ahmedabad,Gujarat,2014-10-10,2021-02-18,ACTIVE
106818,Customer_06818,RETAIL,Chennai,Tamil Nadu,1983-05-08,2024-01-19,ACTIVE
106819,Customer_06819,RETAIL,Hyderabad,Telangana,1990-03-04,2022-03-20,ACTIVE
106820,Customer_06820,RETAIL,Mumbai,Maharashtra,2004-10-01,2025-12-08,ACTIVE
106821,Customer_06821,PREMIUM,Kolkata,West Bengal,2008-02-29,2020-05-31,ACTIVE
106822,Customer_06822,RETAIL,Hyderabad,Telangana,2012-02-28,2025-07-23,ACTIVE
106823,Customer_06823,PREMIUM,Ahmedabad,Gujarat,1993-11-11,2025-02-14,ACTIVE
106824,Customer_06824,PREMIUM,Pune,Maharashtra,2004-10-26,2023-05-21,ACTIVE
106825,Customer_06825,PREMIUM,Chennai,Tamil Nadu,2004-08-28,2026-07-11,ACTIVE
106826,Customer_06826,RETAIL,Chennai,Tamil Nadu,2019-08-08,2024-09-15,ACTIVE
106827,Customer_06827,RETAIL,Chennai,Tamil Nadu,1983-12-23,2020-04-10,ACTIVE
106828,Customer_06828,RETAIL,Mumbai,Maharashtra,1979-11-02,2022-07-30,ACTIVE
106829,Customer_06829,RETAIL,Bangalore,Karnataka,2002-10-11,2025-07-09,INACTIVE
106830,Customer_06830,RETAIL,Delhi,Delhi,1979-10-23,2025-02-05,ACTIVE
106831,Customer_06831,RETAIL,Chennai,Tamil Nadu,1987-03-17,2021-01-20,ACTIVE
106832,Customer_06832,RETAIL,Pune,Maharashtra,1999-09-13,2021-02-12,ACTIVE
106833,Customer_06833,RETAIL,Bangalore,Karnataka,1990-03-01,2026-01-26,ACTIVE
106834,Customer_06834,RETAIL,Chennai,Tamil Nadu,1990-02-08,2020-04-19,ACTIVE
106835,Customer_06835,RETAIL,Mumbai,Maharashtra,1993-05-20,2026-03-29,ACTIVE
106836,Customer_06836,PREMIUM,Kolkata,West Bengal,2007-05-11,2023-07-21,ACTIVE
106837,Customer_06837,RETAIL,Hyderabad,Telangana,1994-03-10,2025-04-21,ACTIVE
106838,Customer_06838,BUSINESS,Mumbai,Maharashtra,2011-09-28,2021-05-31,ACTIVE
106839,Customer_06839,RETAIL,Mumbai,Maharashtra,1985-09-11,2022-04-05,ACTIVE
106840,Customer_06840,RETAIL,Kolkata,West Bengal,1983-05-16,2024-10-14,ACTIVE
106841,Customer_06841,BUSINESS,Delhi,Delhi,1986-01-01,2021-01-24,ACTIVE
106842,Customer_06842,PREMIUM,Kolkata,West Bengal,2016-11-02,2020-08-31,ACTIVE
106843,Customer_06843,RETAIL,Bangalore,Karnataka,1990-07-23,2024-01-01,ACTIVE
106844,Customer_06844,RETAIL,Delhi,Delhi,1980-05-23,2020-01-21,ACTIVE
106845,Customer_06845,RETAIL,Delhi,Delhi,1992-02-11,2026-03-03,ACTIVE
106846,Customer_06846,RETAIL,Hyderabad,Telangana,2007-06-09,2024-06-09,ACTIVE
106847,Customer_06847,PREMIUM,Mumbai,Maharashtra,1994-01-11,2024-09-08,ACTIVE
106848,Customer_06848,RETAIL,Bangalore,Karnataka,1994-12-15,2023-04-16,ACTIVE
106849,Customer_06849,RETAIL,Delhi,Delhi,1982-09-18,2024-02-06,ACTIVE
106850,Customer_06850,RETAIL,Pune,Maharashtra,2006-07-29,2026-04-03,ACTIVE
106851,Customer_06851,RETAIL,Delhi,Delhi,1988-03-22,2020-01-12,ACTIVE
106852,Customer_06852,RETAIL,Chennai,Tamil Nadu,1983-03-05,2021-08-16,ACTIVE
106853,Customer_06853,RETAIL,Hyderabad,Telangana,2008-07-09,2024-07-30,ACTIVE
106854,Customer_06854,PREMIUM,Mumbai,Maharashtra,2017-08-25,2020-10-22,ACTIVE
106855,Customer_06855,RETAIL,Kolkata,West Bengal,2004-03-27,2021-08-11,ACTIVE
106856,Customer_06856,RETAIL,Ahmedabad,Gujarat,2017-08-30,2020-02-25,ACTIVE
106857,Customer_06857,RETAIL,Hyderabad,Telangana,1995-09-06,2020-05-12,ACTIVE
106858,Customer_06858,RETAIL,Ahmedabad,Gujarat,2000-06-30,2022-12-02,ACTIVE
106859,Customer_06859,RETAIL,Bangalore,Karnataka,1993-10-31,2024-05-03,ACTIVE
106860,Customer_06860,RETAIL,Kolkata,West Bengal,2000-02-03,2020-08-29,INACTIVE
106861,Customer_06861,BUSINESS,Hyderabad,Telangana,2015-11-01,2026-06-16,ACTIVE
106862,Customer_06862,BUSINESS,Chennai,Tamil Nadu,2005-03-27,2025-02-04,ACTIVE
106863,Customer_06863,PREMIUM,Pune,Maharashtra,1980-04-05,2024-05-09,ACTIVE
106864,Customer_06864,PREMIUM,Chennai,Tamil Nadu,2002-12-27,2020-06-21,ACTIVE
106865,Customer_06865,RETAIL,Ahmedabad,Gujarat,1994-08-28,2023-05-30,ACTIVE
106866,Customer_06866,RETAIL,Ahmedabad,Gujarat,2001-06-27,2026-01-18,ACTIVE
106867,Customer_06867,RETAIL,Bangalore,Karnataka,2002-01-26,2021-07-25,ACTIVE
106868,Customer_06868,PREMIUM,Pune,Maharashtra,2003-05-12,2023-07-22,ACTIVE
106869,Customer_06869,RETAIL,Hyderabad,Telangana,2014-09-27,2023-09-15,ACTIVE
106870,Customer_06870,RETAIL,Mumbai,Maharashtra,2014-06-05,2024-07-29,ACTIVE
106871,Customer_06871,RETAIL,Pune,Maharashtra,2019-01-23,2026-01-13,ACTIVE
106872,Customer_06872,RETAIL,Chennai,Tamil Nadu,2004-04-05,2020-11-10,ACTIVE
106873,Customer_06873,PREMIUM,Ahmedabad,Gujarat,1990-11-18,2020-05-30,ACTIVE
106874,Customer_06874,RETAIL,Delhi,Delhi,1987-03-17,2020-08-02,ACTIVE
106875,Customer_06875,RETAIL,Bangalore,Karnataka,2014-01-16,2021-10-03,ACTIVE
106876,Customer_06876,RETAIL,Delhi,Delhi,2016-09-11,2022-04-28,ACTIVE
106877,Customer_06877,PREMIUM,Bangalore,Karnataka,1980-09-10,2025-10-09,INACTIVE
106878,Customer_06878,RETAIL,Mumbai,Maharashtra,1988-01-13,2023-06-03,INACTIVE
106879,Customer_06879,RETAIL,Chennai,Tamil Nadu,2007-01-24,2024-11-22,ACTIVE
106880,Customer_06880,RETAIL,Chennai,Tamil Nadu,1985-12-12,2023-10-13,ACTIVE
106881,Customer_06881,RETAIL,Delhi,Delhi,1981-03-21,2026-04-05,ACTIVE
106882,Customer_06882,PREMIUM,Delhi,Delhi,2020-02-10,2022-03-02,ACTIVE
106883,Customer_06883,RETAIL,Kolkata,West Bengal,1983-02-11,2024-05-24,ACTIVE
106884,Customer_06884,BUSINESS,Pune,Maharashtra,1987-12-06,2021-10-16,ACTIVE
106885,Customer_06885,RETAIL,Mumbai,Maharashtra,2019-10-12,2021-07-14,INACTIVE
106886,Customer_06886,RETAIL,Mumbai,Maharashtra,1983-04-11,2026-06-13,ACTIVE
106887,Customer_06887,BUSINESS,Ahmedabad,Gujarat,2012-01-05,2020-02-27,ACTIVE
106888,Customer_06888,RETAIL,Delhi,Delhi,2002-03-31,2021-10-16,ACTIVE
106889,Customer_06889,PREMIUM,Mumbai,Maharashtra,2001-05-03,2022-07-15,ACTIVE
106890,Customer_06890,RETAIL,Ahmedabad,Gujarat,2013-02-18,2020-11-27,ACTIVE
106891,Customer_06891,RETAIL,Pune,Maharashtra,1980-01-16,2025-01-26,ACTIVE
106892,Customer_06892,RETAIL,Delhi,Delhi,1981-08-29,2022-05-12,ACTIVE
106893,Customer_06893,RETAIL,Mumbai,Maharashtra,1987-03-13,2023-01-06,ACTIVE
106894,Customer_06894,PREMIUM,Hyderabad,Telangana,1999-04-17,2021-12-30,ACTIVE
106895,Customer_06895,RETAIL,Hyderabad,Telangana,2018-09-06,2025-11-10,ACTIVE
106896,Customer_06896,RETAIL,Kolkata,West Bengal,1981-12-23,2022-10-09,ACTIVE
106897,Customer_06897,RETAIL,Delhi,Delhi,1996-06-02,2025-03-04,ACTIVE
106898,Customer_06898,RETAIL,Delhi,Delhi,1996-10-08,2024-02-05,ACTIVE
106899,Customer_06899,RETAIL,Ahmedabad,Gujarat,1987-03-27,2026-04-12,ACTIVE
106900,Customer_06900,BUSINESS,Kolkata,West Bengal,1993-04-16,2023-12-18,ACTIVE
106901,Customer_06901,RETAIL,Mumbai,Maharashtra,1987-06-02,2026-06-23,ACTIVE
106902,Customer_06902,RETAIL,Hyderabad,Telangana,1984-10-17,2024-08-02,ACTIVE
106903,Customer_06903,RETAIL,Kolkata,West Bengal,2000-07-27,2020-05-21,ACTIVE
106904,Customer_06904,RETAIL,Chennai,Tamil Nadu,2017-05-26,2021-01-11,ACTIVE
106905,Customer_06905,RETAIL,Hyderabad,Telangana,1995-10-05,2025-03-10,ACTIVE
106906,Customer_06906,PREMIUM,Mumbai,Maharashtra,2005-03-28,2020-04-20,ACTIVE
106907,Customer_06907,RETAIL,Mumbai,Maharashtra,2006-09-08,2021-04-01,ACTIVE
106908,Customer_06908,PREMIUM,Mumbai,Maharashtra,2013-10-14,2025-03-12,ACTIVE
106909,Customer_06909,RETAIL,Pune,Maharashtra,2013-01-12,2022-05-01,ACTIVE
106910,Customer_06910,RETAIL,Ahmedabad,Gujarat,2016-05-15,2021-06-05,ACTIVE
106911,Customer_06911,PREMIUM,Hyderabad,Telangana,2012-08-12,2021-04-19,ACTIVE
106912,Customer_06912,PREMIUM,Kolkata,West Bengal,2017-05-13,2022-01-27,ACTIVE
106913,Customer_06913,BUSINESS,Delhi,Delhi,2018-11-03,2025-07-03,ACTIVE
106914,Customer_06914,RETAIL,Ahmedabad,Gujarat,2009-11-20,2022-12-29,ACTIVE
106915,Customer_06915,BUSINESS,Pune,Maharashtra,1999-06-02,2026-04-08,ACTIVE
106916,Customer_06916,PREMIUM,Ahmedabad,Gujarat,1991-10-09,2024-09-15,ACTIVE
106917,Customer_06917,PREMIUM,Mumbai,Maharashtra,2002-08-18,2021-10-05,ACTIVE
106918,Customer_06918,PREMIUM,Mumbai,Maharashtra,2013-03-16,2021-01-27,INACTIVE
106919,Customer_06919,BUSINESS,Mumbai,Maharashtra,2010-02-10,2026-03-15,ACTIVE
106920,Customer_06920,RETAIL,Kolkata,West Bengal,2000-07-11,2025-12-05,ACTIVE
106921,Customer_06921,PREMIUM,Delhi,Delhi,1982-04-16,2020-10-21,ACTIVE
106922,Customer_06922,PREMIUM,Bangalore,Karnataka,1990-04-27,2022-02-10,ACTIVE
106923,Customer_06923,PREMIUM,Bangalore,Karnataka,2002-11-14,2024-11-18,INACTIVE
106924,Customer_06924,PREMIUM,Kolkata,West Bengal,1995-01-03,2026-06-16,ACTIVE
106925,Customer_06925,RETAIL,Delhi,Delhi,1997-11-24,2025-12-08,ACTIVE
106926,Customer_06926,RETAIL,Mumbai,Maharashtra,1991-07-15,2021-11-15,ACTIVE
106927,Customer_06927,RETAIL,Bangalore,Karnataka,1982-04-16,2025-11-22,ACTIVE
106928,Customer_06928,PREMIUM,Delhi,Delhi,1998-04-24,2024-10-07,ACTIVE
106929,Customer_06929,PREMIUM,Hyderabad,Telangana,1997-06-09,2023-01-15,ACTIVE
106930,Customer_06930,PREMIUM,Kolkata,West Bengal,2011-04-03,2022-06-23,INACTIVE
106931,Customer_06931,PREMIUM,Mumbai,Maharashtra,1983-10-09,2025-05-05,ACTIVE
106932,Customer_06932,RETAIL,Kolkata,West Bengal,1999-01-29,2025-06-30,ACTIVE
106933,Customer_06933,RETAIL,Mumbai,Maharashtra,2014-03-25,2026-01-02,ACTIVE
106934,Customer_06934,RETAIL,Chennai,Tamil Nadu,1990-03-01,2023-01-14,ACTIVE
106935,Customer_06935,PREMIUM,Bangalore,Karnataka,1992-02-26,2021-10-02,ACTIVE
106936,Customer_06936,RETAIL,Delhi,Delhi,1982-10-03,2025-09-20,ACTIVE
106937,Customer_06937,PREMIUM,Bangalore,Karnataka,2002-10-05,2021-12-27,ACTIVE
106938,Customer_06938,BUSINESS,Delhi,Delhi,2014-04-23,2024-12-14,ACTIVE
106939,Customer_06939,RETAIL,Kolkata,West Bengal,1998-12-09,2023-05-07,INACTIVE
106940,Customer_06940,PREMIUM,Ahmedabad,Gujarat,1996-04-21,2023-11-07,ACTIVE
106941,Customer_06941,RETAIL,Kolkata,West Bengal,2009-12-04,2021-05-18,ACTIVE
106942,Customer_06942,RETAIL,Bangalore,Karnataka,1997-04-24,2021-08-22,ACTIVE
106943,Customer_06943,RETAIL,Chennai,Tamil Nadu,1995-07-15,2024-04-15,ACTIVE
106944,Customer_06944,RETAIL,Bangalore,Karnataka,2010-07-12,2021-09-15,ACTIVE
106945,Customer_06945,RETAIL,Kolkata,West Bengal,1990-10-30,2024-05-24,ACTIVE
106946,Customer_06946,RETAIL,Chennai,Tamil Nadu,2014-01-22,2026-07-07,ACTIVE
106947,Customer_06947,RETAIL,Bangalore,Karnataka,1990-03-06,2020-07-16,ACTIVE
106948,Customer_06948,RETAIL,Bangalore,Karnataka,2000-02-27,2026-01-29,ACTIVE
106949,Customer_06949,RETAIL,Bangalore,Karnataka,1989-06-10,2021-02-15,ACTIVE
106950,Customer_06950,RETAIL,Chennai,Tamil Nadu,2005-02-18,2020-11-28,INACTIVE
106951,Customer_06951,PREMIUM,Hyderabad,Telangana,1996-12-30,2025-06-24,ACTIVE
106952,Customer_06952,RETAIL,Bangalore,Karnataka,1988-12-26,2021-05-04,ACTIVE
106953,Customer_06953,RETAIL,Kolkata,West Bengal,2009-09-19,2024-04-03,ACTIVE
106954,Customer_06954,BUSINESS,Kolkata,West Bengal,2017-07-26,2020-09-13,ACTIVE
106955,Customer_06955,PREMIUM,Bangalore,Karnataka,1980-04-25,2020-07-26,INACTIVE
106956,Customer_06956,PREMIUM,Ahmedabad,Gujarat,2002-06-27,2021-04-28,ACTIVE
106957,Customer_06957,PREMIUM,Pune,Maharashtra,2008-09-02,2023-06-03,ACTIVE
106958,Customer_06958,RETAIL,Ahmedabad,Gujarat,2008-09-19,2021-11-27,ACTIVE
106959,Customer_06959,PREMIUM,Delhi,Delhi,1988-03-22,2021-06-20,ACTIVE
106960,Customer_06960,RETAIL,Chennai,Tamil Nadu,1983-11-09,2025-07-03,ACTIVE
106961,Customer_06961,RETAIL,Delhi,Delhi,2000-04-03,2021-02-21,INACTIVE
106962,Customer_06962,RETAIL,Bangalore,Karnataka,2005-04-27,2020-08-16,ACTIVE
106963,Customer_06963,PREMIUM,Delhi,Delhi,1991-01-20,2020-09-21,ACTIVE
106964,Customer_06964,RETAIL,Hyderabad,Telangana,1994-04-26,2025-10-18,ACTIVE
106965,Customer_06965,RETAIL,Mumbai,Maharashtra,2001-01-06,2023-02-15,ACTIVE
106966,Customer_06966,RETAIL,Kolkata,West Bengal,1997-08-24,2026-05-21,ACTIVE
106967,Customer_06967,PREMIUM,Ahmedabad,Gujarat,1999-01-08,2025-04-21,ACTIVE
106968,Customer_06968,RETAIL,Chennai,Tamil Nadu,2007-03-07,2021-11-07,ACTIVE
106969,Customer_06969,RETAIL,Chennai,Tamil Nadu,2019-08-03,2025-03-12,ACTIVE
106970,Customer_06970,RETAIL,Hyderabad,Telangana,2011-11-13,2022-12-30,ACTIVE
106971,Customer_06971,PREMIUM,Pune,Maharashtra,1979-07-03,2023-09-06,ACTIVE
106972,Customer_06972,RETAIL,Hyderabad,Telangana,1993-07-06,2023-06-24,ACTIVE
106973,Customer_06973,BUSINESS,Pune,Maharashtra,1979-07-25,2024-12-24,ACTIVE
106974,Customer_06974,RETAIL,Hyderabad,Telangana,2015-01-10,2021-05-08,ACTIVE
106975,Customer_06975,RETAIL,Delhi,Delhi,2005-08-18,2020-05-22,ACTIVE
106976,Customer_06976,RETAIL,Hyderabad,Telangana,1988-02-27,2024-10-21,ACTIVE
106977,Customer_06977,RETAIL,Kolkata,West Bengal,2013-08-16,2026-04-08,ACTIVE
106978,Customer_06978,RETAIL,Pune,Maharashtra,2002-04-13,2023-10-23,INACTIVE
106979,Customer_06979,RETAIL,Chennai,Tamil Nadu,1981-04-11,2020-10-08,ACTIVE
106980,Customer_06980,PREMIUM,Bangalore,Karnataka,1985-05-17,2020-09-26,ACTIVE
106981,Customer_06981,RETAIL,Delhi,Delhi,2012-05-27,2023-07-31,ACTIVE
106982,Customer_06982,RETAIL,Chennai,Tamil Nadu,1991-01-16,2025-11-20,ACTIVE
106983,Customer_06983,RETAIL,Ahmedabad,Gujarat,2000-09-15,2024-01-13,ACTIVE
106984,Customer_06984,RETAIL,Mumbai,Maharashtra,2015-12-09,2021-12-26,ACTIVE
106985,Customer_06985,RETAIL,Ahmedabad,Gujarat,1991-01-14,2024-01-29,ACTIVE
106986,Customer_06986,RETAIL,Kolkata,West Bengal,1979-08-22,2021-01-09,ACTIVE
106987,Customer_06987,RETAIL,Chennai,Tamil Nadu,1982-08-11,2023-02-24,ACTIVE
106988,Customer_06988,RETAIL,Chennai,Tamil Nadu,2016-10-07,2026-06-14,ACTIVE
106989,Customer_06989,BUSINESS,Delhi,Delhi,2003-10-20,2024-02-19,ACTIVE
106990,Customer_06990,PREMIUM,Pune,Maharashtra,1992-08-26,2020-09-03,ACTIVE
106991,Customer_06991,BUSINESS,Chennai,Tamil Nadu,1982-05-24,2021-04-28,ACTIVE
106992,Customer_06992,RETAIL,Kolkata,West Bengal,2007-09-27,2020-05-23,ACTIVE
106993,Customer_06993,PREMIUM,Pune,Maharashtra,1980-10-16,2022-08-22,ACTIVE
106994,Customer_06994,RETAIL,Hyderabad,Telangana,1982-12-06,2021-07-24,ACTIVE
106995,Customer_06995,RETAIL,Hyderabad,Telangana,2003-07-23,2026-06-09,ACTIVE
106996,Customer_06996,PREMIUM,Kolkata,West Bengal,2005-07-02,2022-02-05,ACTIVE
106997,Customer_06997,RETAIL,Delhi,Delhi,2002-07-25,2020-03-24,INACTIVE
106998,Customer_06998,RETAIL,Bangalore,Karnataka,2016-07-06,2022-11-07,INACTIVE
106999,Customer_06999,PREMIUM,Bangalore,Karnataka,1990-03-21,2024-11-04,ACTIVE
107000,Customer_07000,RETAIL,Kolkata,West Bengal,2001-12-19,2024-07-02,ACTIVE
107001,Customer_07001,RETAIL,Ahmedabad,Gujarat,1991-09-25,2026-06-02,ACTIVE
107002,Customer_07002,RETAIL,Bangalore,Karnataka,1994-01-13,2022-05-27,ACTIVE
107003,Customer_07003,RETAIL,Ahmedabad,Gujarat,1985-05-08,2023-06-08,ACTIVE
107004,Customer_07004,BUSINESS,Chennai,Tamil Nadu,2011-10-03,2023-09-04,ACTIVE
107005,Customer_07005,RETAIL,Bangalore,Karnataka,2008-01-24,2020-02-27,ACTIVE
107006,Customer_07006,RETAIL,Mumbai,Maharashtra,2008-06-07,2020-01-14,ACTIVE
107007,Customer_07007,RETAIL,Chennai,Tamil Nadu,1985-01-02,2025-03-25,INACTIVE
107008,Customer_07008,BUSINESS,Hyderabad,Telangana,1983-12-31,2022-07-12,ACTIVE
107009,Customer_07009,PREMIUM,Ahmedabad,Gujarat,2011-04-14,2024-07-09,ACTIVE
107010,Customer_07010,RETAIL,Hyderabad,Telangana,2006-07-03,2026-03-17,ACTIVE
107011,Customer_07011,BUSINESS,Mumbai,Maharashtra,1980-05-21,2021-08-10,ACTIVE
107012,Customer_07012,RETAIL,Chennai,Tamil Nadu,2006-06-17,2025-02-02,ACTIVE
107013,Customer_07013,PREMIUM,Hyderabad,Telangana,2019-05-31,2021-05-27,ACTIVE
107014,Customer_07014,RETAIL,Bangalore,Karnataka,2010-01-16,2024-11-12,ACTIVE
107015,Customer_07015,RETAIL,Bangalore,Karnataka,1990-07-27,2021-01-18,ACTIVE
107016,Customer_07016,RETAIL,Kolkata,West Bengal,1992-02-26,2021-12-31,ACTIVE
107017,Customer_07017,BUSINESS,Chennai,Tamil Nadu,2010-01-19,2023-02-02,ACTIVE
107018,Customer_07018,BUSINESS,Hyderabad,Telangana,1995-08-24,2023-03-17,ACTIVE
107019,Customer_07019,RETAIL,Bangalore,Karnataka,2009-06-02,2020-03-13,INACTIVE
107020,Customer_07020,RETAIL,Delhi,Delhi,2018-08-04,2025-07-19,INACTIVE
107021,Customer_07021,RETAIL,Chennai,Tamil Nadu,1995-10-26,2020-01-15,ACTIVE
107022,Customer_07022,RETAIL,Ahmedabad,Gujarat,2002-09-18,2025-10-13,ACTIVE
107023,Customer_07023,RETAIL,Chennai,Tamil Nadu,1999-04-12,2021-05-09,INACTIVE
107024,Customer_07024,RETAIL,Hyderabad,Telangana,2000-01-18,2024-09-01,ACTIVE
107025,Customer_07025,PREMIUM,Mumbai,Maharashtra,1982-04-10,2024-09-03,ACTIVE
107026,Customer_07026,RETAIL,Ahmedabad,Gujarat,2019-09-10,2022-12-31,ACTIVE
107027,Customer_07027,BUSINESS,Pune,Maharashtra,2001-05-16,2023-07-13,ACTIVE
107028,Customer_07028,RETAIL,Ahmedabad,Gujarat,1988-08-04,2020-06-24,ACTIVE
107029,Customer_07029,RETAIL,Bangalore,Karnataka,2002-09-25,2025-12-02,ACTIVE
107030,Customer_07030,RETAIL,Ahmedabad,Gujarat,1995-07-05,2020-10-13,ACTIVE
107031,Customer_07031,RETAIL,Ahmedabad,Gujarat,2012-12-01,2024-04-28,ACTIVE
107032,Customer_07032,RETAIL,Kolkata,West Bengal,2010-05-16,2020-01-01,ACTIVE
107033,Customer_07033,PREMIUM,Ahmedabad,Gujarat,1994-11-10,2024-11-25,ACTIVE
107034,Customer_07034,RETAIL,Chennai,Tamil Nadu,2008-06-13,2022-05-12,ACTIVE
107035,Customer_07035,RETAIL,Kolkata,West Bengal,1980-07-10,2023-03-01,ACTIVE
107036,Customer_07036,PREMIUM,Pune,Maharashtra,2018-11-12,2020-02-26,ACTIVE
107037,Customer_07037,RETAIL,Mumbai,Maharashtra,2000-02-23,2021-06-09,ACTIVE
107038,Customer_07038,RETAIL,Chennai,Tamil Nadu,2006-01-13,2022-11-10,ACTIVE
107039,Customer_07039,PREMIUM,Kolkata,West Bengal,2005-08-28,2024-09-18,ACTIVE
107040,Customer_07040,RETAIL,Kolkata,West Bengal,1992-01-09,2023-12-05,ACTIVE
107041,Customer_07041,RETAIL,Chennai,Tamil Nadu,2007-07-01,2021-09-17,ACTIVE
107042,Customer_07042,PREMIUM,Chennai,Tamil Nadu,1995-06-30,2023-12-01,ACTIVE
107043,Customer_07043,BUSINESS,Chennai,Tamil Nadu,2007-02-12,2021-06-19,ACTIVE
107044,Customer_07044,RETAIL,Kolkata,West Bengal,1982-11-06,2023-08-25,INACTIVE
107045,Customer_07045,RETAIL,Kolkata,West Bengal,1985-02-28,2023-07-20,ACTIVE
107046,Customer_07046,PREMIUM,Mumbai,Maharashtra,2017-02-05,2021-06-26,ACTIVE
107047,Customer_07047,RETAIL,Chennai,Tamil Nadu,2009-05-21,2021-04-25,ACTIVE
107048,Customer_07048,RETAIL,Bangalore,Karnataka,1984-06-13,2023-05-31,ACTIVE
107049,Customer_07049,RETAIL,Kolkata,West Bengal,1987-12-11,2023-11-09,ACTIVE
107050,Customer_07050,PREMIUM,Chennai,Tamil Nadu,2001-07-29,2026-06-09,ACTIVE
107051,Customer_07051,RETAIL,Ahmedabad,Gujarat,1979-05-29,2023-04-04,INACTIVE
107052,Customer_07052,RETAIL,Bangalore,Karnataka,1995-08-25,2022-12-03,ACTIVE
107053,Customer_07053,RETAIL,Hyderabad,Telangana,1992-07-29,2023-02-15,ACTIVE
107054,Customer_07054,RETAIL,Mumbai,Maharashtra,1984-09-04,2025-09-29,INACTIVE
107055,Customer_07055,BUSINESS,Ahmedabad,Gujarat,1991-06-24,2022-01-06,ACTIVE
107056,Customer_07056,RETAIL,Pune,Maharashtra,1991-03-13,2022-07-04,ACTIVE
107057,Customer_07057,RETAIL,Bangalore,Karnataka,1981-12-02,2022-06-04,ACTIVE
107058,Customer_07058,BUSINESS,Kolkata,West Bengal,2005-03-08,2024-02-04,ACTIVE
107059,Customer_07059,RETAIL,Ahmedabad,Gujarat,1990-05-09,2024-08-05,ACTIVE
107060,Customer_07060,RETAIL,Bangalore,Karnataka,1980-06-12,2023-03-02,ACTIVE
107061,Customer_07061,RETAIL,Bangalore,Karnataka,1980-01-27,2021-09-25,ACTIVE
107062,Customer_07062,PREMIUM,Mumbai,Maharashtra,2018-11-01,2024-07-10,ACTIVE
107063,Customer_07063,PREMIUM,Ahmedabad,Gujarat,1984-01-09,2021-10-23,ACTIVE
107064,Customer_07064,PREMIUM,Mumbai,Maharashtra,2016-07-01,2025-11-23,ACTIVE
107065,Customer_07065,RETAIL,Mumbai,Maharashtra,1986-01-03,2024-02-06,ACTIVE
107066,Customer_07066,RETAIL,Bangalore,Karnataka,1982-08-22,2022-11-24,ACTIVE
107067,Customer_07067,RETAIL,Mumbai,Maharashtra,2001-07-26,2021-07-13,ACTIVE
107068,Customer_07068,BUSINESS,Pune,Maharashtra,2014-10-29,2024-12-22,ACTIVE
107069,Customer_07069,RETAIL,Hyderabad,Telangana,1982-02-07,2024-01-03,ACTIVE
107070,Customer_07070,RETAIL,Hyderabad,Telangana,1992-08-28,2025-10-19,ACTIVE
107071,Customer_07071,PREMIUM,Delhi,Delhi,2010-01-28,2024-08-23,ACTIVE
107072,Customer_07072,RETAIL,Kolkata,West Bengal,1981-12-08,2025-03-09,ACTIVE
107073,Customer_07073,RETAIL,Chennai,Tamil Nadu,1986-02-16,2020-08-09,INACTIVE
107074,Customer_07074,RETAIL,Pune,Maharashtra,1991-09-26,2020-02-28,ACTIVE
107075,Customer_07075,RETAIL,Hyderabad,Telangana,2012-04-16,2024-04-29,ACTIVE
107076,Customer_07076,BUSINESS,Chennai,Tamil Nadu,2012-05-20,2020-01-01,ACTIVE
107077,Customer_07077,RETAIL,Kolkata,West Bengal,2008-04-19,2025-11-08,ACTIVE
107078,Customer_07078,BUSINESS,Pune,Maharashtra,2006-07-05,2025-10-20,ACTIVE
107079,Customer_07079,RETAIL,Pune,Maharashtra,1980-03-28,2023-11-05,ACTIVE
107080,Customer_07080,RETAIL,Delhi,Delhi,1988-12-17,2024-10-16,ACTIVE
107081,Customer_07081,BUSINESS,Delhi,Delhi,2017-01-06,2022-10-09,ACTIVE
107082,Customer_07082,PREMIUM,Ahmedabad,Gujarat,2008-09-12,2026-04-18,ACTIVE
107083,Customer_07083,RETAIL,Hyderabad,Telangana,1989-01-23,2020-03-27,ACTIVE
107084,Customer_07084,PREMIUM,Chennai,Tamil Nadu,2008-03-26,2021-12-02,ACTIVE
107085,Customer_07085,PREMIUM,Chennai,Tamil Nadu,2008-11-28,2024-08-01,ACTIVE
107086,Customer_07086,PREMIUM,Ahmedabad,Gujarat,2009-09-02,2025-03-06,ACTIVE
107087,Customer_07087,RETAIL,Bangalore,Karnataka,2019-06-01,2021-08-04,ACTIVE
107088,Customer_07088,RETAIL,Pune,Maharashtra,2001-05-14,2025-04-07,ACTIVE
107089,Customer_07089,RETAIL,Pune,Maharashtra,1981-08-15,2023-01-10,ACTIVE
107090,Customer_07090,RETAIL,Delhi,Delhi,2012-10-18,2025-08-19,ACTIVE
107091,Customer_07091,RETAIL,Hyderabad,Telangana,1979-10-12,2021-10-02,ACTIVE
107092,Customer_07092,RETAIL,Bangalore,Karnataka,2005-07-03,2024-07-18,ACTIVE
107093,Customer_07093,RETAIL,Bangalore,Karnataka,2011-11-15,2021-05-13,INACTIVE
107094,Customer_07094,RETAIL,Bangalore,Karnataka,1984-04-24,2020-11-27,ACTIVE
107095,Customer_07095,RETAIL,Ahmedabad,Gujarat,2011-11-29,2024-08-19,ACTIVE
107096,Customer_07096,RETAIL,Ahmedabad,Gujarat,2012-06-09,2024-06-22,ACTIVE
107097,Customer_07097,RETAIL,Pune,Maharashtra,2006-01-07,2021-12-05,ACTIVE
107098,Customer_07098,RETAIL,Mumbai,Maharashtra,1992-06-17,2023-12-21,ACTIVE
107099,Customer_07099,PREMIUM,Pune,Maharashtra,1987-06-17,2026-03-09,ACTIVE
107100,Customer_07100,RETAIL,Kolkata,West Bengal,2008-02-13,2022-03-11,ACTIVE
107101,Customer_07101,RETAIL,Bangalore,Karnataka,1985-08-11,2023-04-19,ACTIVE
107102,Customer_07102,RETAIL,Kolkata,West Bengal,2006-11-21,2021-05-15,ACTIVE
107103,Customer_07103,RETAIL,Hyderabad,Telangana,1986-02-16,2023-05-28,ACTIVE
107104,Customer_07104,RETAIL,Chennai,Tamil Nadu,1992-12-16,2025-10-25,ACTIVE
107105,Customer_07105,RETAIL,Delhi,Delhi,1999-12-19,2024-03-06,ACTIVE
107106,Customer_07106,RETAIL,Delhi,Delhi,1985-10-21,2020-12-06,ACTIVE
107107,Customer_07107,PREMIUM,Pune,Maharashtra,2011-10-17,2024-11-12,ACTIVE
107108,Customer_07108,RETAIL,Chennai,Tamil Nadu,2007-09-15,2022-10-10,ACTIVE
107109,Customer_07109,RETAIL,Delhi,Delhi,1979-11-01,2020-02-13,ACTIVE
107110,Customer_07110,RETAIL,Delhi,Delhi,2014-01-12,2024-02-03,ACTIVE
107111,Customer_07111,RETAIL,Mumbai,Maharashtra,2008-08-08,2021-12-18,ACTIVE
107112,Customer_07112,RETAIL,Kolkata,West Bengal,2013-08-03,2026-05-21,ACTIVE
107113,Customer_07113,PREMIUM,Ahmedabad,Gujarat,2003-11-16,2026-07-16,ACTIVE
107114,Customer_07114,RETAIL,Bangalore,Karnataka,2004-11-22,2024-05-29,ACTIVE
107115,Customer_07115,RETAIL,Chennai,Tamil Nadu,1994-12-01,2024-02-24,ACTIVE
107116,Customer_07116,RETAIL,Ahmedabad,Gujarat,1988-07-03,2022-01-01,ACTIVE
107117,Customer_07117,RETAIL,Chennai,Tamil Nadu,1988-10-31,2020-06-19,ACTIVE
107118,Customer_07118,PREMIUM,Chennai,Tamil Nadu,1992-02-25,2020-05-25,INACTIVE
107119,Customer_07119,RETAIL,Bangalore,Karnataka,1991-02-11,2023-01-18,ACTIVE
107120,Customer_07120,RETAIL,Chennai,Tamil Nadu,2010-02-26,2022-02-01,ACTIVE
107121,Customer_07121,RETAIL,Chennai,Tamil Nadu,2000-09-12,2026-04-24,ACTIVE
107122,Customer_07122,PREMIUM,Hyderabad,Telangana,1996-01-14,2021-12-03,ACTIVE
107123,Customer_07123,RETAIL,Chennai,Tamil Nadu,2008-12-12,2021-05-30,ACTIVE
107124,Customer_07124,BUSINESS,Chennai,Tamil Nadu,2009-03-31,2025-05-19,INACTIVE
107125,Customer_07125,BUSINESS,Mumbai,Maharashtra,2017-07-23,2025-06-28,ACTIVE
107126,Customer_07126,PREMIUM,Ahmedabad,Gujarat,1991-11-15,2022-06-22,INACTIVE
107127,Customer_07127,RETAIL,Ahmedabad,Gujarat,1989-02-26,2020-07-15,ACTIVE
107128,Customer_07128,PREMIUM,Pune,Maharashtra,1979-06-04,2020-08-24,ACTIVE
107129,Customer_07129,RETAIL,Delhi,Delhi,1985-09-23,2023-06-04,ACTIVE
107130,Customer_07130,PREMIUM,Ahmedabad,Gujarat,2003-12-13,2025-09-18,ACTIVE
107131,Customer_07131,RETAIL,Delhi,Delhi,2012-05-25,2022-07-17,ACTIVE
107132,Customer_07132,RETAIL,Kolkata,West Bengal,2003-11-04,2020-02-13,ACTIVE
107133,Customer_07133,RETAIL,Kolkata,West Bengal,2019-11-23,2022-06-18,ACTIVE
107134,Customer_07134,PREMIUM,Kolkata,West Bengal,2004-12-08,2020-01-08,ACTIVE
107135,Customer_07135,PREMIUM,Mumbai,Maharashtra,2015-05-30,2022-10-13,ACTIVE
107136,Customer_07136,RETAIL,Bangalore,Karnataka,1990-03-06,2023-02-13,ACTIVE
107137,Customer_07137,RETAIL,Chennai,Tamil Nadu,1992-06-19,2024-10-20,ACTIVE
107138,Customer_07138,PREMIUM,Kolkata,West Bengal,2012-06-22,2020-06-15,ACTIVE
107139,Customer_07139,PREMIUM,Pune,Maharashtra,2006-04-22,2023-02-27,ACTIVE
107140,Customer_07140,PREMIUM,Delhi,Delhi,1999-03-09,2021-03-01,ACTIVE
107141,Customer_07141,RETAIL,Pune,Maharashtra,2018-06-01,2023-01-24,ACTIVE
107142,Customer_07142,RETAIL,Kolkata,West Bengal,2010-06-22,2026-06-22,ACTIVE
107143,Customer_07143,PREMIUM,Ahmedabad,Gujarat,1991-04-18,2024-11-13,ACTIVE
107144,Customer_07144,RETAIL,Pune,Maharashtra,2004-04-05,2025-07-19,ACTIVE
107145,Customer_07145,RETAIL,Pune,Maharashtra,1995-06-06,2020-04-02,ACTIVE
107146,Customer_07146,RETAIL,Delhi,Delhi,1996-04-02,2025-01-07,ACTIVE
107147,Customer_07147,RETAIL,Ahmedabad,Gujarat,2012-03-23,2025-09-09,ACTIVE
107148,Customer_07148,PREMIUM,Bangalore,Karnataka,2007-01-28,2024-05-28,ACTIVE
107149,Customer_07149,RETAIL,Delhi,Delhi,1979-09-02,2025-02-19,ACTIVE
107150,Customer_07150,RETAIL,Delhi,Delhi,2002-10-11,2020-04-24,ACTIVE
107151,Customer_07151,RETAIL,Chennai,Tamil Nadu,2005-09-26,2024-11-07,ACTIVE
107152,Customer_07152,PREMIUM,Bangalore,Karnataka,2000-02-20,2025-06-29,ACTIVE
107153,Customer_07153,PREMIUM,Pune,Maharashtra,1991-06-26,2021-07-07,ACTIVE
107154,Customer_07154,RETAIL,Kolkata,West Bengal,2005-10-19,2023-02-04,ACTIVE
107155,Customer_07155,PREMIUM,Bangalore,Karnataka,2018-01-31,2022-10-11,ACTIVE
107156,Customer_07156,RETAIL,Delhi,Delhi,1982-09-11,2020-08-23,ACTIVE
107157,Customer_07157,PREMIUM,Hyderabad,Telangana,2003-12-04,2020-11-03,ACTIVE
107158,Customer_07158,PREMIUM,Hyderabad,Telangana,2016-07-18,2021-12-22,ACTIVE
107159,Customer_07159,RETAIL,Pune,Maharashtra,1995-08-12,2020-09-19,INACTIVE
107160,Customer_07160,BUSINESS,Mumbai,Maharashtra,1992-12-04,2023-04-19,ACTIVE
107161,Customer_07161,RETAIL,Mumbai,Maharashtra,1989-05-02,2020-05-14,ACTIVE
107162,Customer_07162,RETAIL,Kolkata,West Bengal,1988-05-23,2020-02-02,ACTIVE
107163,Customer_07163,RETAIL,Hyderabad,Telangana,1995-03-24,2024-02-19,ACTIVE
107164,Customer_07164,PREMIUM,Kolkata,West Bengal,2010-11-10,2021-08-28,ACTIVE
107165,Customer_07165,RETAIL,Hyderabad,Telangana,1986-08-18,2022-06-26,ACTIVE
107166,Customer_07166,RETAIL,Bangalore,Karnataka,1988-08-29,2022-03-17,ACTIVE
107167,Customer_07167,RETAIL,Chennai,Tamil Nadu,2020-03-07,2023-01-30,ACTIVE
107168,Customer_07168,BUSINESS,Hyderabad,Telangana,2020-01-22,2023-01-18,ACTIVE
107169,Customer_07169,RETAIL,Bangalore,Karnataka,1988-06-25,2020-11-15,ACTIVE
107170,Customer_07170,RETAIL,Ahmedabad,Gujarat,1996-06-07,2020-01-05,ACTIVE
107171,Customer_07171,RETAIL,Ahmedabad,Gujarat,1995-09-27,2022-11-29,ACTIVE
107172,Customer_07172,PREMIUM,Kolkata,West Bengal,1991-05-07,2023-09-19,ACTIVE
107173,Customer_07173,RETAIL,Ahmedabad,Gujarat,1985-06-10,2025-01-18,ACTIVE
107174,Customer_07174,RETAIL,Bangalore,Karnataka,1981-09-17,2021-04-19,ACTIVE
107175,Customer_07175,BUSINESS,Mumbai,Maharashtra,2004-05-15,2020-07-20,ACTIVE
107176,Customer_07176,RETAIL,Bangalore,Karnataka,1980-11-18,2023-12-04,ACTIVE
107177,Customer_07177,RETAIL,Hyderabad,Telangana,2004-08-31,2025-12-05,INACTIVE
107178,Customer_07178,PREMIUM,Kolkata,West Bengal,1983-01-27,2021-07-27,ACTIVE
107179,Customer_07179,RETAIL,Bangalore,Karnataka,1985-07-03,2020-07-24,ACTIVE
107180,Customer_07180,RETAIL,Delhi,Delhi,1979-05-16,2022-08-24,INACTIVE
107181,Customer_07181,RETAIL,Bangalore,Karnataka,1995-07-03,2023-09-07,ACTIVE
107182,Customer_07182,PREMIUM,Kolkata,West Bengal,1992-08-06,2024-02-05,ACTIVE
107183,Customer_07183,BUSINESS,Mumbai,Maharashtra,1992-10-22,2020-09-27,ACTIVE
107184,Customer_07184,RETAIL,Delhi,Delhi,1991-11-30,2024-04-24,ACTIVE
107185,Customer_07185,RETAIL,Pune,Maharashtra,2017-09-12,2022-04-03,ACTIVE
107186,Customer_07186,RETAIL,Kolkata,West Bengal,1996-10-29,2020-03-14,ACTIVE
107187,Customer_07187,RETAIL,Bangalore,Karnataka,2012-05-25,2026-01-22,ACTIVE
107188,Customer_07188,RETAIL,Mumbai,Maharashtra,1988-09-23,2023-07-08,ACTIVE
107189,Customer_07189,RETAIL,Delhi,Delhi,1999-01-03,2022-01-02,ACTIVE
107190,Customer_07190,RETAIL,Mumbai,Maharashtra,1981-09-28,2025-05-13,ACTIVE
107191,Customer_07191,PREMIUM,Bangalore,Karnataka,1989-10-14,2025-03-27,ACTIVE
107192,Customer_07192,RETAIL,Ahmedabad,Gujarat,1982-02-01,2021-05-10,ACTIVE
107193,Customer_07193,RETAIL,Chennai,Tamil Nadu,1980-01-06,2026-04-24,ACTIVE
107194,Customer_07194,RETAIL,Kolkata,West Bengal,1986-08-24,2023-06-30,ACTIVE
107195,Customer_07195,RETAIL,Hyderabad,Telangana,1985-09-10,2021-09-21,ACTIVE
107196,Customer_07196,RETAIL,Ahmedabad,Gujarat,1992-03-01,2022-12-10,ACTIVE
107197,Customer_07197,RETAIL,Delhi,Delhi,2009-09-14,2021-03-26,ACTIVE
107198,Customer_07198,RETAIL,Ahmedabad,Gujarat,1985-03-29,2025-08-01,ACTIVE
107199,Customer_07199,RETAIL,Pune,Maharashtra,2004-03-30,2021-10-06,ACTIVE
107200,Customer_07200,PREMIUM,Bangalore,Karnataka,1994-02-27,2022-11-19,ACTIVE
107201,Customer_07201,PREMIUM,Hyderabad,Telangana,1995-09-15,2020-06-13,ACTIVE
107202,Customer_07202,PREMIUM,Delhi,Delhi,2017-01-14,2026-03-15,ACTIVE
107203,Customer_07203,RETAIL,Delhi,Delhi,1998-04-04,2021-12-27,ACTIVE
107204,Customer_07204,BUSINESS,Pune,Maharashtra,1989-11-28,2024-04-14,ACTIVE
107205,Customer_07205,RETAIL,Mumbai,Maharashtra,1988-12-09,2022-04-27,ACTIVE
107206,Customer_07206,RETAIL,Chennai,Tamil Nadu,1986-01-29,2023-09-09,ACTIVE
107207,Customer_07207,RETAIL,Ahmedabad,Gujarat,2012-02-07,2023-09-06,ACTIVE
107208,Customer_07208,RETAIL,Pune,Maharashtra,2006-06-19,2021-12-01,ACTIVE
107209,Customer_07209,RETAIL,Bangalore,Karnataka,1990-02-28,2022-11-03,ACTIVE
107210,Customer_07210,RETAIL,Ahmedabad,Gujarat,1999-04-29,2023-12-02,ACTIVE
107211,Customer_07211,PREMIUM,Kolkata,West Bengal,1999-12-03,2021-06-05,INACTIVE
107212,Customer_07212,RETAIL,Mumbai,Maharashtra,1981-02-07,2020-11-10,ACTIVE
107213,Customer_07213,PREMIUM,Chennai,Tamil Nadu,2016-06-25,2021-03-03,ACTIVE
107214,Customer_07214,PREMIUM,Pune,Maharashtra,2011-07-09,2022-09-25,ACTIVE
107215,Customer_07215,RETAIL,Pune,Maharashtra,2001-02-25,2021-05-28,ACTIVE
107216,Customer_07216,RETAIL,Pune,Maharashtra,2008-07-17,2021-11-13,ACTIVE
107217,Customer_07217,RETAIL,Chennai,Tamil Nadu,1983-08-25,2024-07-03,ACTIVE
107218,Customer_07218,RETAIL,Pune,Maharashtra,2019-04-20,2024-05-27,ACTIVE
107219,Customer_07219,BUSINESS,Delhi,Delhi,2005-06-18,2026-03-14,ACTIVE
107220,Customer_07220,PREMIUM,Pune,Maharashtra,2017-09-12,2025-01-07,ACTIVE
107221,Customer_07221,PREMIUM,Delhi,Delhi,2014-08-28,2022-10-15,ACTIVE
107222,Customer_07222,RETAIL,Hyderabad,Telangana,2003-02-27,2026-02-06,ACTIVE
107223,Customer_07223,PREMIUM,Bangalore,Karnataka,1991-01-03,2026-01-19,ACTIVE
107224,Customer_07224,PREMIUM,Delhi,Delhi,2007-05-04,2021-06-17,INACTIVE
107225,Customer_07225,RETAIL,Chennai,Tamil Nadu,2000-03-14,2021-02-15,ACTIVE
107226,Customer_07226,RETAIL,Chennai,Tamil Nadu,1995-12-25,2025-10-24,ACTIVE
107227,Customer_07227,RETAIL,Mumbai,Maharashtra,2008-05-18,2025-11-06,ACTIVE
107228,Customer_07228,RETAIL,Ahmedabad,Gujarat,2015-08-27,2025-07-23,ACTIVE
107229,Customer_07229,PREMIUM,Ahmedabad,Gujarat,1986-03-15,2023-01-09,ACTIVE
107230,Customer_07230,RETAIL,Chennai,Tamil Nadu,2001-11-13,2025-08-31,ACTIVE
107231,Customer_07231,RETAIL,Chennai,Tamil Nadu,2011-02-18,2025-01-19,ACTIVE
107232,Customer_07232,BUSINESS,Hyderabad,Telangana,1992-07-14,2024-11-12,ACTIVE
107233,Customer_07233,RETAIL,Bangalore,Karnataka,1993-03-16,2023-12-16,ACTIVE
107234,Customer_07234,RETAIL,Delhi,Delhi,1979-07-22,2021-10-04,ACTIVE
107235,Customer_07235,BUSINESS,Delhi,Delhi,1992-06-07,2024-11-28,ACTIVE
107236,Customer_07236,BUSINESS,Pune,Maharashtra,2003-04-01,2025-10-07,ACTIVE
107237,Customer_07237,PREMIUM,Kolkata,West Bengal,2019-01-23,2025-10-23,ACTIVE
107238,Customer_07238,RETAIL,Delhi,Delhi,2000-09-28,2023-12-09,INACTIVE
107239,Customer_07239,BUSINESS,Delhi,Delhi,1991-02-09,2020-04-04,ACTIVE
107240,Customer_07240,PREMIUM,Ahmedabad,Gujarat,2012-07-04,2024-11-12,ACTIVE
107241,Customer_07241,PREMIUM,Chennai,Tamil Nadu,1986-11-15,2021-08-31,ACTIVE
107242,Customer_07242,RETAIL,Chennai,Tamil Nadu,1986-11-05,2021-05-07,ACTIVE
107243,Customer_07243,RETAIL,Pune,Maharashtra,2000-07-28,2020-07-07,ACTIVE
107244,Customer_07244,PREMIUM,Delhi,Delhi,2012-08-26,2021-01-12,ACTIVE
107245,Customer_07245,PREMIUM,Hyderabad,Telangana,1987-11-21,2023-03-22,ACTIVE
107246,Customer_07246,RETAIL,Bangalore,Karnataka,1979-10-17,2021-10-26,INACTIVE
107247,Customer_07247,RETAIL,Pune,Maharashtra,2008-11-18,2022-07-05,ACTIVE
107248,Customer_07248,PREMIUM,Kolkata,West Bengal,2003-04-14,2023-05-12,ACTIVE
107249,Customer_07249,RETAIL,Bangalore,Karnataka,2007-05-01,2023-06-18,ACTIVE
107250,Customer_07250,RETAIL,Hyderabad,Telangana,1995-06-18,2022-09-26,ACTIVE
107251,Customer_07251,RETAIL,Delhi,Delhi,1984-01-11,2022-12-23,ACTIVE
107252,Customer_07252,RETAIL,Chennai,Tamil Nadu,1992-10-11,2025-10-31,ACTIVE
107253,Customer_07253,PREMIUM,Kolkata,West Bengal,1998-06-16,2021-11-10,ACTIVE
107254,Customer_07254,RETAIL,Ahmedabad,Gujarat,1996-12-16,2020-02-01,ACTIVE
107255,Customer_07255,RETAIL,Pune,Maharashtra,2015-09-04,2025-04-04,ACTIVE
107256,Customer_07256,BUSINESS,Hyderabad,Telangana,1988-05-06,2020-07-11,ACTIVE
107257,Customer_07257,PREMIUM,Ahmedabad,Gujarat,1991-12-21,2025-02-01,ACTIVE
107258,Customer_07258,RETAIL,Hyderabad,Telangana,1986-09-12,2022-02-19,ACTIVE
107259,Customer_07259,RETAIL,Pune,Maharashtra,2002-08-08,2025-07-12,ACTIVE
107260,Customer_07260,PREMIUM,Pune,Maharashtra,2012-03-24,2021-02-06,ACTIVE
107261,Customer_07261,RETAIL,Pune,Maharashtra,2015-06-08,2021-01-29,ACTIVE
107262,Customer_07262,RETAIL,Mumbai,Maharashtra,1988-07-08,2022-09-03,ACTIVE
107263,Customer_07263,RETAIL,Kolkata,West Bengal,1996-10-24,2022-10-02,ACTIVE
107264,Customer_07264,RETAIL,Ahmedabad,Gujarat,2009-06-06,2024-09-18,ACTIVE
107265,Customer_07265,PREMIUM,Chennai,Tamil Nadu,1981-01-17,2024-04-02,ACTIVE
107266,Customer_07266,RETAIL,Chennai,Tamil Nadu,2008-05-18,2026-07-12,ACTIVE
107267,Customer_07267,RETAIL,Kolkata,West Bengal,1984-09-06,2024-06-13,ACTIVE
107268,Customer_07268,RETAIL,Bangalore,Karnataka,1980-07-15,2021-04-29,ACTIVE
107269,Customer_07269,RETAIL,Bangalore,Karnataka,1983-10-23,2020-07-31,ACTIVE
107270,Customer_07270,RETAIL,Chennai,Tamil Nadu,2015-05-08,2021-09-30,ACTIVE
107271,Customer_07271,PREMIUM,Delhi,Delhi,2007-02-16,2026-06-18,ACTIVE
107272,Customer_07272,RETAIL,Mumbai,Maharashtra,2011-08-01,2025-01-18,ACTIVE
107273,Customer_07273,RETAIL,Chennai,Tamil Nadu,2007-07-04,2024-11-13,ACTIVE
107274,Customer_07274,RETAIL,Kolkata,West Bengal,2011-11-10,2021-10-14,INACTIVE
107275,Customer_07275,PREMIUM,Mumbai,Maharashtra,1999-07-23,2023-01-30,ACTIVE
107276,Customer_07276,RETAIL,Pune,Maharashtra,2012-05-24,2024-08-15,ACTIVE
107277,Customer_07277,BUSINESS,Delhi,Delhi,1981-06-27,2026-03-22,ACTIVE
107278,Customer_07278,PREMIUM,Kolkata,West Bengal,2003-02-02,2023-11-01,ACTIVE
107279,Customer_07279,RETAIL,Chennai,Tamil Nadu,2010-03-05,2020-02-21,ACTIVE
107280,Customer_07280,PREMIUM,Chennai,Tamil Nadu,2019-12-17,2025-08-13,ACTIVE
107281,Customer_07281,RETAIL,Hyderabad,Telangana,1993-11-29,2026-02-19,ACTIVE
107282,Customer_07282,BUSINESS,Delhi,Delhi,1986-07-10,2020-03-21,ACTIVE
107283,Customer_07283,BUSINESS,Hyderabad,Telangana,2008-09-28,2022-07-30,ACTIVE
107284,Customer_07284,RETAIL,Mumbai,Maharashtra,1982-02-19,2026-06-09,ACTIVE
107285,Customer_07285,RETAIL,Mumbai,Maharashtra,2011-01-22,2026-04-07,ACTIVE
107286,Customer_07286,RETAIL,Kolkata,West Bengal,2008-01-31,2026-05-03,ACTIVE
107287,Customer_07287,RETAIL,Hyderabad,Telangana,2007-07-18,2026-05-30,ACTIVE
107288,Customer_07288,PREMIUM,Pune,Maharashtra,1991-03-28,2020-02-23,ACTIVE
107289,Customer_07289,BUSINESS,Bangalore,Karnataka,1984-02-07,2020-12-28,ACTIVE
107290,Customer_07290,RETAIL,Mumbai,Maharashtra,2004-02-22,2023-04-13,ACTIVE
107291,Customer_07291,PREMIUM,Hyderabad,Telangana,1994-01-23,2023-12-18,ACTIVE
107292,Customer_07292,PREMIUM,Kolkata,West Bengal,1995-04-02,2022-08-21,ACTIVE
107293,Customer_07293,RETAIL,Delhi,Delhi,1986-11-15,2021-10-05,ACTIVE
107294,Customer_07294,RETAIL,Delhi,Delhi,1992-11-10,2021-09-01,ACTIVE
107295,Customer_07295,PREMIUM,Pune,Maharashtra,2013-05-01,2023-12-18,ACTIVE
107296,Customer_07296,PREMIUM,Bangalore,Karnataka,2015-11-06,2026-06-04,ACTIVE
107297,Customer_07297,BUSINESS,Delhi,Delhi,1993-06-30,2025-06-06,ACTIVE
107298,Customer_07298,RETAIL,Pune,Maharashtra,1984-12-30,2021-02-23,ACTIVE
107299,Customer_07299,RETAIL,Bangalore,Karnataka,1980-07-22,2020-12-21,ACTIVE
107300,Customer_07300,RETAIL,Kolkata,West Bengal,1986-12-04,2021-09-24,ACTIVE
107301,Customer_07301,RETAIL,Kolkata,West Bengal,1979-07-26,2024-10-25,ACTIVE
107302,Customer_07302,RETAIL,Delhi,Delhi,2006-08-04,2020-01-20,ACTIVE
107303,Customer_07303,PREMIUM,Ahmedabad,Gujarat,2005-07-23,2024-08-17,ACTIVE
107304,Customer_07304,RETAIL,Pune,Maharashtra,2011-04-22,2023-10-24,ACTIVE
107305,Customer_07305,PREMIUM,Ahmedabad,Gujarat,1992-10-26,2024-05-02,ACTIVE
107306,Customer_07306,RETAIL,Delhi,Delhi,2013-05-05,2025-08-27,ACTIVE
107307,Customer_07307,RETAIL,Chennai,Tamil Nadu,1986-02-17,2023-11-19,ACTIVE
107308,Customer_07308,PREMIUM,Pune,Maharashtra,1988-08-28,2024-02-01,ACTIVE
107309,Customer_07309,PREMIUM,Kolkata,West Bengal,2016-10-12,2023-02-26,ACTIVE
107310,Customer_07310,RETAIL,Delhi,Delhi,2015-05-23,2024-04-12,ACTIVE
107311,Customer_07311,BUSINESS,Kolkata,West Bengal,2003-10-03,2022-07-01,ACTIVE
107312,Customer_07312,RETAIL,Mumbai,Maharashtra,2004-03-13,2020-06-08,ACTIVE
107313,Customer_07313,RETAIL,Chennai,Tamil Nadu,2007-12-09,2020-03-01,ACTIVE
107314,Customer_07314,RETAIL,Pune,Maharashtra,2012-12-21,2024-09-11,ACTIVE
107315,Customer_07315,PREMIUM,Ahmedabad,Gujarat,1988-08-30,2024-03-09,ACTIVE
107316,Customer_07316,RETAIL,Bangalore,Karnataka,1981-12-23,2022-09-08,ACTIVE
107317,Customer_07317,PREMIUM,Hyderabad,Telangana,1986-10-06,2024-11-26,ACTIVE
107318,Customer_07318,RETAIL,Ahmedabad,Gujarat,1993-10-27,2023-02-10,ACTIVE
107319,Customer_07319,RETAIL,Chennai,Tamil Nadu,1988-11-04,2021-09-03,INACTIVE
107320,Customer_07320,PREMIUM,Mumbai,Maharashtra,2000-09-19,2023-11-05,ACTIVE
107321,Customer_07321,RETAIL,Pune,Maharashtra,1984-11-01,2022-06-26,ACTIVE
107322,Customer_07322,RETAIL,Pune,Maharashtra,2002-11-10,2026-05-29,ACTIVE
107323,Customer_07323,RETAIL,Ahmedabad,Gujarat,2008-05-04,2024-09-26,ACTIVE
107324,Customer_07324,RETAIL,Ahmedabad,Gujarat,1983-03-27,2024-11-30,ACTIVE
107325,Customer_07325,RETAIL,Bangalore,Karnataka,1990-12-15,2024-07-08,ACTIVE
107326,Customer_07326,RETAIL,Ahmedabad,Gujarat,2001-04-14,2024-06-29,INACTIVE
107327,Customer_07327,RETAIL,Pune,Maharashtra,1981-11-19,2025-01-29,ACTIVE
107328,Customer_07328,RETAIL,Hyderabad,Telangana,2006-06-30,2022-11-02,ACTIVE
107329,Customer_07329,RETAIL,Bangalore,Karnataka,2010-02-10,2025-05-26,ACTIVE
107330,Customer_07330,RETAIL,Pune,Maharashtra,1994-01-05,2020-03-23,ACTIVE
107331,Customer_07331,RETAIL,Delhi,Delhi,1979-07-15,2024-05-18,ACTIVE
107332,Customer_07332,RETAIL,Bangalore,Karnataka,1999-09-24,2023-07-16,ACTIVE
107333,Customer_07333,PREMIUM,Delhi,Delhi,2014-11-07,2020-01-20,ACTIVE
107334,Customer_07334,RETAIL,Pune,Maharashtra,1991-03-07,2024-05-05,ACTIVE
107335,Customer_07335,RETAIL,Delhi,Delhi,2014-01-16,2020-01-06,ACTIVE
107336,Customer_07336,RETAIL,Pune,Maharashtra,2014-11-30,2024-08-17,ACTIVE
107337,Customer_07337,RETAIL,Ahmedabad,Gujarat,1990-09-11,2023-06-12,ACTIVE
107338,Customer_07338,RETAIL,Bangalore,Karnataka,2003-10-10,2023-12-29,ACTIVE
107339,Customer_07339,PREMIUM,Mumbai,Maharashtra,1980-11-23,2024-01-03,ACTIVE
107340,Customer_07340,RETAIL,Chennai,Tamil Nadu,2001-10-21,2021-12-21,ACTIVE
107341,Customer_07341,RETAIL,Ahmedabad,Gujarat,2015-04-14,2024-02-02,ACTIVE
107342,Customer_07342,BUSINESS,Delhi,Delhi,2017-12-12,2021-06-14,ACTIVE
107343,Customer_07343,RETAIL,Kolkata,West Bengal,1987-05-13,2024-12-25,ACTIVE
107344,Customer_07344,PREMIUM,Chennai,Tamil Nadu,2006-06-21,2020-08-04,INACTIVE
107345,Customer_07345,PREMIUM,Hyderabad,Telangana,1981-11-16,2020-12-06,ACTIVE
107346,Customer_07346,RETAIL,Delhi,Delhi,1990-08-28,2024-08-13,ACTIVE
107347,Customer_07347,RETAIL,Mumbai,Maharashtra,2013-06-19,2020-05-18,ACTIVE
107348,Customer_07348,RETAIL,Delhi,Delhi,2005-07-09,2026-05-18,ACTIVE
107349,Customer_07349,BUSINESS,Ahmedabad,Gujarat,1995-04-07,2020-03-15,ACTIVE
107350,Customer_07350,RETAIL,Kolkata,West Bengal,2018-08-28,2023-06-14,ACTIVE
107351,Customer_07351,PREMIUM,Kolkata,West Bengal,2010-04-26,2026-06-19,ACTIVE
107352,Customer_07352,RETAIL,Ahmedabad,Gujarat,1980-02-18,2024-06-03,ACTIVE
107353,Customer_07353,RETAIL,Delhi,Delhi,1982-06-12,2024-02-26,ACTIVE
107354,Customer_07354,RETAIL,Delhi,Delhi,2004-11-23,2024-07-20,ACTIVE
107355,Customer_07355,RETAIL,Ahmedabad,Gujarat,2015-03-04,2024-08-21,ACTIVE
107356,Customer_07356,RETAIL,Chennai,Tamil Nadu,1985-08-09,2021-01-22,ACTIVE
107357,Customer_07357,BUSINESS,Delhi,Delhi,2001-04-09,2022-01-10,ACTIVE
107358,Customer_07358,RETAIL,Delhi,Delhi,2012-09-10,2021-04-05,ACTIVE
107359,Customer_07359,BUSINESS,Ahmedabad,Gujarat,2014-07-31,2021-05-23,ACTIVE
107360,Customer_07360,BUSINESS,Mumbai,Maharashtra,2005-06-23,2021-05-14,ACTIVE
107361,Customer_07361,RETAIL,Mumbai,Maharashtra,2020-03-24,2024-03-10,INACTIVE
107362,Customer_07362,RETAIL,Hyderabad,Telangana,2017-08-23,2026-02-16,ACTIVE
107363,Customer_07363,RETAIL,Mumbai,Maharashtra,2013-06-01,2023-09-03,ACTIVE
107364,Customer_07364,RETAIL,Pune,Maharashtra,2006-08-30,2020-02-07,ACTIVE
107365,Customer_07365,BUSINESS,Ahmedabad,Gujarat,2019-08-20,2024-07-19,ACTIVE
107366,Customer_07366,PREMIUM,Bangalore,Karnataka,1979-11-15,2023-07-22,ACTIVE
107367,Customer_07367,BUSINESS,Hyderabad,Telangana,1982-11-02,2025-02-08,ACTIVE
107368,Customer_07368,RETAIL,Bangalore,Karnataka,2000-02-15,2022-06-24,ACTIVE
107369,Customer_07369,RETAIL,Mumbai,Maharashtra,2006-09-21,2022-10-25,ACTIVE
107370,Customer_07370,RETAIL,Pune,Maharashtra,2016-04-11,2024-05-01,ACTIVE
107371,Customer_07371,PREMIUM,Kolkata,West Bengal,2007-01-10,2024-08-25,ACTIVE
107372,Customer_07372,RETAIL,Mumbai,Maharashtra,1988-09-14,2021-06-13,ACTIVE
107373,Customer_07373,RETAIL,Chennai,Tamil Nadu,2016-06-24,2023-11-08,ACTIVE
107374,Customer_07374,RETAIL,Delhi,Delhi,1982-07-27,2026-04-25,ACTIVE
107375,Customer_07375,RETAIL,Delhi,Delhi,1983-01-24,2020-06-03,ACTIVE
107376,Customer_07376,RETAIL,Ahmedabad,Gujarat,2008-09-23,2022-03-05,ACTIVE
107377,Customer_07377,RETAIL,Chennai,Tamil Nadu,2018-09-23,2023-07-04,ACTIVE
107378,Customer_07378,PREMIUM,Chennai,Tamil Nadu,1999-10-20,2026-01-31,ACTIVE
107379,Customer_07379,PREMIUM,Delhi,Delhi,1984-09-13,2026-05-12,ACTIVE
107380,Customer_07380,RETAIL,Bangalore,Karnataka,1981-02-12,2023-11-15,ACTIVE
107381,Customer_07381,PREMIUM,Hyderabad,Telangana,2019-05-24,2023-08-05,ACTIVE
107382,Customer_07382,RETAIL,Mumbai,Maharashtra,1990-08-29,2022-09-21,ACTIVE
107383,Customer_07383,PREMIUM,Pune,Maharashtra,2005-06-02,2022-12-04,ACTIVE
107384,Customer_07384,RETAIL,Chennai,Tamil Nadu,1992-08-01,2024-10-27,ACTIVE
107385,Customer_07385,RETAIL,Chennai,Tamil Nadu,1987-12-23,2023-07-30,INACTIVE
107386,Customer_07386,RETAIL,Mumbai,Maharashtra,2006-08-04,2023-08-20,ACTIVE
107387,Customer_07387,RETAIL,Kolkata,West Bengal,2009-07-08,2025-07-18,ACTIVE
107388,Customer_07388,RETAIL,Chennai,Tamil Nadu,1998-07-14,2020-11-28,ACTIVE
107389,Customer_07389,PREMIUM,Pune,Maharashtra,2000-01-02,2026-04-17,ACTIVE
107390,Customer_07390,PREMIUM,Kolkata,West Bengal,1999-03-04,2024-08-17,ACTIVE
107391,Customer_07391,RETAIL,Ahmedabad,Gujarat,2003-06-13,2023-11-09,ACTIVE
107392,Customer_07392,RETAIL,Bangalore,Karnataka,2012-04-16,2023-10-22,ACTIVE
107393,Customer_07393,PREMIUM,Delhi,Delhi,2008-05-12,2023-10-16,ACTIVE
107394,Customer_07394,RETAIL,Delhi,Delhi,1990-08-07,2023-09-19,ACTIVE
107395,Customer_07395,RETAIL,Chennai,Tamil Nadu,1989-04-23,2022-04-21,ACTIVE
107396,Customer_07396,RETAIL,Mumbai,Maharashtra,2006-10-14,2024-11-06,ACTIVE
107397,Customer_07397,RETAIL,Bangalore,Karnataka,2005-08-31,2021-08-29,ACTIVE
107398,Customer_07398,RETAIL,Mumbai,Maharashtra,1994-04-05,2024-04-17,ACTIVE
107399,Customer_07399,RETAIL,Mumbai,Maharashtra,2013-08-09,2023-06-17,ACTIVE
107400,Customer_07400,RETAIL,Bangalore,Karnataka,1996-05-06,2022-05-28,ACTIVE
107401,Customer_07401,PREMIUM,Hyderabad,Telangana,1992-12-16,2025-04-13,ACTIVE
107402,Customer_07402,PREMIUM,Ahmedabad,Gujarat,2001-12-29,2022-02-03,ACTIVE
107403,Customer_07403,PREMIUM,Mumbai,Maharashtra,1987-01-30,2024-05-01,INACTIVE
107404,Customer_07404,RETAIL,Pune,Maharashtra,2007-09-25,2021-08-24,ACTIVE
107405,Customer_07405,BUSINESS,Bangalore,Karnataka,2016-01-02,2021-04-26,ACTIVE
107406,Customer_07406,PREMIUM,Chennai,Tamil Nadu,2017-12-24,2023-10-12,INACTIVE
107407,Customer_07407,RETAIL,Ahmedabad,Gujarat,1997-07-05,2026-05-30,ACTIVE
107408,Customer_07408,RETAIL,Hyderabad,Telangana,1990-03-19,2021-12-20,ACTIVE
107409,Customer_07409,RETAIL,Chennai,Tamil Nadu,1998-11-02,2020-10-01,ACTIVE
107410,Customer_07410,RETAIL,Mumbai,Maharashtra,1983-06-05,2020-10-16,ACTIVE
107411,Customer_07411,PREMIUM,Mumbai,Maharashtra,2006-08-03,2023-03-26,INACTIVE
107412,Customer_07412,PREMIUM,Pune,Maharashtra,1996-10-09,2025-02-21,ACTIVE
107413,Customer_07413,BUSINESS,Hyderabad,Telangana,1984-03-03,2024-09-05,ACTIVE
107414,Customer_07414,BUSINESS,Delhi,Delhi,2001-08-13,2021-05-16,ACTIVE
107415,Customer_07415,RETAIL,Pune,Maharashtra,2008-09-03,2025-06-26,INACTIVE
107416,Customer_07416,BUSINESS,Hyderabad,Telangana,1988-07-12,2021-01-30,ACTIVE
107417,Customer_07417,BUSINESS,Kolkata,West Bengal,1995-10-16,2023-09-04,ACTIVE
107418,Customer_07418,RETAIL,Bangalore,Karnataka,2015-09-26,2025-07-30,ACTIVE
107419,Customer_07419,RETAIL,Ahmedabad,Gujarat,2008-04-26,2025-04-22,INACTIVE
107420,Customer_07420,RETAIL,Hyderabad,Telangana,2011-12-21,2024-08-12,ACTIVE
107421,Customer_07421,RETAIL,Hyderabad,Telangana,1997-08-17,2022-03-05,ACTIVE
107422,Customer_07422,RETAIL,Kolkata,West Bengal,1999-06-09,2025-01-12,ACTIVE
107423,Customer_07423,RETAIL,Pune,Maharashtra,1999-07-29,2022-07-16,ACTIVE
107424,Customer_07424,RETAIL,Kolkata,West Bengal,1997-08-24,2022-04-20,ACTIVE
107425,Customer_07425,RETAIL,Ahmedabad,Gujarat,1985-02-01,2023-07-02,ACTIVE
107426,Customer_07426,RETAIL,Ahmedabad,Gujarat,1980-11-02,2024-01-21,ACTIVE
107427,Customer_07427,PREMIUM,Chennai,Tamil Nadu,2013-05-06,2021-05-16,ACTIVE
107428,Customer_07428,PREMIUM,Kolkata,West Bengal,2001-03-19,2026-02-15,ACTIVE
107429,Customer_07429,BUSINESS,Ahmedabad,Gujarat,2001-01-13,2025-09-11,ACTIVE
107430,Customer_07430,RETAIL,Kolkata,West Bengal,2003-08-19,2021-11-09,INACTIVE
107431,Customer_07431,RETAIL,Ahmedabad,Gujarat,1996-02-08,2021-08-03,ACTIVE
107432,Customer_07432,PREMIUM,Kolkata,West Bengal,2015-10-13,2020-06-14,ACTIVE
107433,Customer_07433,RETAIL,Bangalore,Karnataka,1998-06-19,2022-09-01,ACTIVE
107434,Customer_07434,BUSINESS,Hyderabad,Telangana,1999-09-29,2021-02-14,ACTIVE
107435,Customer_07435,PREMIUM,Bangalore,Karnataka,2000-12-26,2026-02-11,ACTIVE
107436,Customer_07436,RETAIL,Kolkata,West Bengal,1985-08-17,2025-11-23,ACTIVE
107437,Customer_07437,RETAIL,Kolkata,West Bengal,1986-04-14,2025-06-11,ACTIVE
107438,Customer_07438,RETAIL,Ahmedabad,Gujarat,1986-07-23,2021-11-06,INACTIVE
107439,Customer_07439,RETAIL,Chennai,Tamil Nadu,1989-08-07,2024-07-14,ACTIVE
107440,Customer_07440,RETAIL,Bangalore,Karnataka,1985-09-24,2023-03-25,ACTIVE
107441,Customer_07441,PREMIUM,Pune,Maharashtra,1988-05-14,2021-10-17,ACTIVE
107442,Customer_07442,RETAIL,Hyderabad,Telangana,2017-09-16,2023-07-06,ACTIVE
107443,Customer_07443,RETAIL,Chennai,Tamil Nadu,1993-12-23,2021-01-31,ACTIVE
107444,Customer_07444,RETAIL,Chennai,Tamil Nadu,2011-09-30,2026-04-23,ACTIVE
107445,Customer_07445,RETAIL,Hyderabad,Telangana,1995-04-25,2021-01-28,ACTIVE
107446,Customer_07446,RETAIL,Kolkata,West Bengal,2013-01-13,2021-12-24,ACTIVE
107447,Customer_07447,PREMIUM,Pune,Maharashtra,2010-02-03,2021-06-15,ACTIVE
107448,Customer_07448,RETAIL,Bangalore,Karnataka,2013-09-05,2023-06-05,ACTIVE
107449,Customer_07449,PREMIUM,Hyderabad,Telangana,1991-01-03,2024-05-31,ACTIVE
107450,Customer_07450,RETAIL,Kolkata,West Bengal,1983-02-03,2026-04-18,ACTIVE
107451,Customer_07451,RETAIL,Kolkata,West Bengal,1991-10-26,2022-07-21,ACTIVE
107452,Customer_07452,PREMIUM,Kolkata,West Bengal,2008-01-01,2021-04-28,ACTIVE
107453,Customer_07453,PREMIUM,Kolkata,West Bengal,2006-01-12,2020-02-21,ACTIVE
107454,Customer_07454,PREMIUM,Ahmedabad,Gujarat,2008-02-03,2023-12-05,ACTIVE
107455,Customer_07455,RETAIL,Chennai,Tamil Nadu,2019-12-18,2026-06-07,ACTIVE
107456,Customer_07456,PREMIUM,Pune,Maharashtra,1988-05-25,2020-06-01,ACTIVE
107457,Customer_07457,RETAIL,Chennai,Tamil Nadu,1997-05-28,2026-07-18,ACTIVE
107458,Customer_07458,RETAIL,Hyderabad,Telangana,1999-04-25,2021-09-23,ACTIVE
107459,Customer_07459,PREMIUM,Mumbai,Maharashtra,1985-04-17,2025-12-20,ACTIVE
107460,Customer_07460,RETAIL,Kolkata,West Bengal,2006-05-15,2020-06-15,ACTIVE
107461,Customer_07461,PREMIUM,Chennai,Tamil Nadu,1981-03-04,2025-11-10,ACTIVE
107462,Customer_07462,RETAIL,Ahmedabad,Gujarat,2016-01-07,2022-03-03,ACTIVE
107463,Customer_07463,RETAIL,Pune,Maharashtra,1982-10-17,2021-10-21,ACTIVE
107464,Customer_07464,RETAIL,Ahmedabad,Gujarat,1983-09-13,2021-05-10,ACTIVE
107465,Customer_07465,PREMIUM,Bangalore,Karnataka,1986-04-17,2020-11-16,ACTIVE
107466,Customer_07466,PREMIUM,Chennai,Tamil Nadu,2015-10-21,2025-03-31,ACTIVE
107467,Customer_07467,RETAIL,Hyderabad,Telangana,2014-07-18,2020-06-15,ACTIVE
107468,Customer_07468,RETAIL,Chennai,Tamil Nadu,2017-01-17,2023-01-17,ACTIVE
107469,Customer_07469,RETAIL,Ahmedabad,Gujarat,2013-05-20,2026-03-26,ACTIVE
107470,Customer_07470,RETAIL,Pune,Maharashtra,2017-02-04,2022-08-30,ACTIVE
107471,Customer_07471,PREMIUM,Hyderabad,Telangana,1998-07-11,2025-06-07,ACTIVE
107472,Customer_07472,RETAIL,Ahmedabad,Gujarat,1979-05-13,2024-07-19,ACTIVE
107473,Customer_07473,RETAIL,Pune,Maharashtra,1997-02-26,2025-03-23,INACTIVE
107474,Customer_07474,RETAIL,Delhi,Delhi,1988-03-28,2026-03-23,ACTIVE
107475,Customer_07475,RETAIL,Bangalore,Karnataka,1989-03-20,2020-08-22,ACTIVE
107476,Customer_07476,PREMIUM,Hyderabad,Telangana,2007-07-21,2021-12-24,ACTIVE
107477,Customer_07477,PREMIUM,Ahmedabad,Gujarat,1986-01-06,2022-02-10,ACTIVE
107478,Customer_07478,RETAIL,Kolkata,West Bengal,1992-05-18,2020-06-09,ACTIVE
107479,Customer_07479,BUSINESS,Kolkata,West Bengal,1995-04-16,2020-09-11,ACTIVE
107480,Customer_07480,RETAIL,Bangalore,Karnataka,1981-09-03,2020-09-20,ACTIVE
107481,Customer_07481,PREMIUM,Hyderabad,Telangana,2007-12-19,2026-03-29,ACTIVE
107482,Customer_07482,RETAIL,Pune,Maharashtra,2010-07-01,2025-08-19,ACTIVE
107483,Customer_07483,RETAIL,Bangalore,Karnataka,2002-02-06,2023-11-13,ACTIVE
107484,Customer_07484,PREMIUM,Pune,Maharashtra,1980-05-03,2025-07-23,ACTIVE
107485,Customer_07485,RETAIL,Mumbai,Maharashtra,2011-06-27,2022-04-05,ACTIVE
107486,Customer_07486,PREMIUM,Kolkata,West Bengal,1997-06-25,2023-02-14,ACTIVE
107487,Customer_07487,RETAIL,Kolkata,West Bengal,1990-02-07,2025-10-21,ACTIVE
107488,Customer_07488,RETAIL,Chennai,Tamil Nadu,2018-01-29,2020-12-20,INACTIVE
107489,Customer_07489,PREMIUM,Mumbai,Maharashtra,2014-06-16,2020-12-17,ACTIVE
107490,Customer_07490,RETAIL,Mumbai,Maharashtra,1997-03-30,2023-06-17,ACTIVE
107491,Customer_07491,RETAIL,Mumbai,Maharashtra,1997-05-15,2021-08-29,ACTIVE
107492,Customer_07492,RETAIL,Hyderabad,Telangana,2016-08-12,2024-05-23,ACTIVE
107493,Customer_07493,RETAIL,Pune,Maharashtra,1987-01-06,2024-03-06,ACTIVE
107494,Customer_07494,PREMIUM,Delhi,Delhi,1995-12-18,2022-03-08,ACTIVE
107495,Customer_07495,RETAIL,Kolkata,West Bengal,2002-08-04,2020-10-05,ACTIVE
107496,Customer_07496,BUSINESS,Ahmedabad,Gujarat,1993-05-27,2020-07-17,ACTIVE
107497,Customer_07497,RETAIL,Kolkata,West Bengal,1992-02-16,2022-11-29,ACTIVE
107498,Customer_07498,RETAIL,Delhi,Delhi,1983-07-29,2022-02-11,ACTIVE
107499,Customer_07499,RETAIL,Chennai,Tamil Nadu,1990-02-12,2020-03-22,ACTIVE
107500,Customer_07500,RETAIL,Pune,Maharashtra,1993-11-14,2024-07-15,ACTIVE
107501,Customer_07501,PREMIUM,Kolkata,West Bengal,2013-07-23,2026-04-16,ACTIVE
107502,Customer_07502,RETAIL,Mumbai,Maharashtra,1993-01-01,2026-06-06,ACTIVE
107503,Customer_07503,RETAIL,Hyderabad,Telangana,1985-10-13,2020-10-09,ACTIVE
107504,Customer_07504,PREMIUM,Chennai,Tamil Nadu,2013-12-06,2021-04-01,ACTIVE
107505,Customer_07505,RETAIL,Kolkata,West Bengal,1993-08-12,2022-11-02,ACTIVE
107506,Customer_07506,RETAIL,Bangalore,Karnataka,2016-12-10,2026-01-03,ACTIVE
107507,Customer_07507,PREMIUM,Pune,Maharashtra,1983-08-23,2023-10-10,INACTIVE
107508,Customer_07508,RETAIL,Kolkata,West Bengal,1980-01-24,2022-12-31,ACTIVE
107509,Customer_07509,PREMIUM,Hyderabad,Telangana,2017-01-06,2026-01-30,ACTIVE
107510,Customer_07510,PREMIUM,Bangalore,Karnataka,1983-03-14,2024-05-10,ACTIVE
107511,Customer_07511,RETAIL,Delhi,Delhi,1979-07-08,2026-06-21,ACTIVE
107512,Customer_07512,RETAIL,Delhi,Delhi,2005-07-31,2025-09-03,INACTIVE
107513,Customer_07513,RETAIL,Bangalore,Karnataka,1992-03-11,2026-07-23,ACTIVE
107514,Customer_07514,PREMIUM,Delhi,Delhi,1999-01-27,2023-08-30,INACTIVE
107515,Customer_07515,RETAIL,Delhi,Delhi,1995-12-08,2022-06-17,ACTIVE
107516,Customer_07516,PREMIUM,Delhi,Delhi,1991-05-11,2020-05-27,ACTIVE
107517,Customer_07517,RETAIL,Mumbai,Maharashtra,1998-12-04,2024-10-17,ACTIVE
107518,Customer_07518,RETAIL,Ahmedabad,Gujarat,1989-11-02,2021-09-29,INACTIVE
107519,Customer_07519,RETAIL,Pune,Maharashtra,1988-05-23,2020-01-27,ACTIVE
107520,Customer_07520,RETAIL,Pune,Maharashtra,1988-05-23,2025-04-10,INACTIVE
107521,Customer_07521,RETAIL,Pune,Maharashtra,1984-01-12,2022-10-14,ACTIVE
107522,Customer_07522,RETAIL,Ahmedabad,Gujarat,2000-09-28,2023-08-19,ACTIVE
107523,Customer_07523,BUSINESS,Bangalore,Karnataka,2001-09-09,2025-02-24,ACTIVE
107524,Customer_07524,RETAIL,Delhi,Delhi,1979-11-19,2022-02-28,ACTIVE
107525,Customer_07525,PREMIUM,Bangalore,Karnataka,1998-01-13,2025-05-14,ACTIVE
107526,Customer_07526,RETAIL,Mumbai,Maharashtra,2009-07-05,2023-10-31,ACTIVE
107527,Customer_07527,PREMIUM,Delhi,Delhi,1979-03-21,2023-09-24,ACTIVE
107528,Customer_07528,RETAIL,Pune,Maharashtra,1991-07-02,2021-10-06,ACTIVE
107529,Customer_07529,PREMIUM,Kolkata,West Bengal,2018-08-18,2025-03-08,ACTIVE
107530,Customer_07530,RETAIL,Mumbai,Maharashtra,1996-09-10,2021-08-01,ACTIVE
107531,Customer_07531,RETAIL,Bangalore,Karnataka,1979-11-05,2024-01-25,ACTIVE
107532,Customer_07532,RETAIL,Kolkata,West Bengal,2000-10-22,2025-06-11,ACTIVE
107533,Customer_07533,RETAIL,Kolkata,West Bengal,1996-01-14,2020-10-06,ACTIVE
107534,Customer_07534,RETAIL,Chennai,Tamil Nadu,1987-11-05,2022-08-18,ACTIVE
107535,Customer_07535,RETAIL,Pune,Maharashtra,1982-03-07,2024-06-14,ACTIVE
107536,Customer_07536,BUSINESS,Delhi,Delhi,2015-06-16,2021-10-19,ACTIVE
107537,Customer_07537,RETAIL,Pune,Maharashtra,2012-07-18,2020-03-08,ACTIVE
107538,Customer_07538,RETAIL,Hyderabad,Telangana,2007-03-06,2022-09-09,ACTIVE
107539,Customer_07539,PREMIUM,Delhi,Delhi,1979-11-21,2023-04-07,ACTIVE
107540,Customer_07540,PREMIUM,Hyderabad,Telangana,2014-11-27,2026-01-18,INACTIVE
107541,Customer_07541,RETAIL,Hyderabad,Telangana,1998-08-08,2025-04-21,ACTIVE
107542,Customer_07542,RETAIL,Ahmedabad,Gujarat,1998-09-09,2021-03-09,ACTIVE
107543,Customer_07543,RETAIL,Delhi,Delhi,2015-03-18,2021-10-26,ACTIVE
107544,Customer_07544,RETAIL,Ahmedabad,Gujarat,1996-12-03,2021-03-20,ACTIVE
107545,Customer_07545,RETAIL,Bangalore,Karnataka,1988-11-12,2025-12-25,ACTIVE
107546,Customer_07546,PREMIUM,Hyderabad,Telangana,1988-11-26,2022-04-29,ACTIVE
107547,Customer_07547,PREMIUM,Hyderabad,Telangana,2017-03-24,2025-11-08,ACTIVE
107548,Customer_07548,RETAIL,Kolkata,West Bengal,2001-07-16,2020-05-25,INACTIVE
107549,Customer_07549,RETAIL,Bangalore,Karnataka,2002-12-09,2023-09-03,ACTIVE
107550,Customer_07550,RETAIL,Kolkata,West Bengal,2003-07-11,2020-06-28,ACTIVE
107551,Customer_07551,RETAIL,Delhi,Delhi,1988-03-22,2023-08-23,ACTIVE
107552,Customer_07552,RETAIL,Bangalore,Karnataka,1996-05-29,2020-01-27,ACTIVE
107553,Customer_07553,RETAIL,Bangalore,Karnataka,2018-03-29,2021-01-10,ACTIVE
107554,Customer_07554,RETAIL,Hyderabad,Telangana,1985-02-18,2020-12-16,ACTIVE
107555,Customer_07555,BUSINESS,Chennai,Tamil Nadu,2018-03-26,2024-08-28,ACTIVE
107556,Customer_07556,RETAIL,Mumbai,Maharashtra,1990-05-19,2024-03-16,ACTIVE
107557,Customer_07557,RETAIL,Kolkata,West Bengal,1991-04-23,2023-09-02,ACTIVE
107558,Customer_07558,RETAIL,Kolkata,West Bengal,1979-10-01,2021-04-16,ACTIVE
107559,Customer_07559,RETAIL,Mumbai,Maharashtra,2006-06-03,2021-09-29,ACTIVE
107560,Customer_07560,RETAIL,Ahmedabad,Gujarat,1992-04-09,2022-06-25,ACTIVE
107561,Customer_07561,RETAIL,Hyderabad,Telangana,1998-01-11,2026-06-07,ACTIVE
107562,Customer_07562,RETAIL,Mumbai,Maharashtra,2003-01-06,2024-08-20,ACTIVE
107563,Customer_07563,PREMIUM,Bangalore,Karnataka,2005-03-17,2020-03-16,ACTIVE
107564,Customer_07564,BUSINESS,Kolkata,West Bengal,2018-05-31,2020-03-17,ACTIVE
107565,Customer_07565,RETAIL,Delhi,Delhi,2001-12-27,2022-04-14,ACTIVE
107566,Customer_07566,RETAIL,Ahmedabad,Gujarat,1986-06-21,2021-05-16,ACTIVE
107567,Customer_07567,RETAIL,Bangalore,Karnataka,2008-01-21,2022-09-03,ACTIVE
107568,Customer_07568,RETAIL,Pune,Maharashtra,1981-06-10,2026-07-18,ACTIVE
107569,Customer_07569,BUSINESS,Delhi,Delhi,2013-10-22,2021-04-14,ACTIVE
107570,Customer_07570,RETAIL,Chennai,Tamil Nadu,1991-05-02,2023-12-03,ACTIVE
107571,Customer_07571,PREMIUM,Hyderabad,Telangana,2008-10-28,2023-03-04,ACTIVE
107572,Customer_07572,BUSINESS,Ahmedabad,Gujarat,1985-08-08,2024-05-02,ACTIVE
107573,Customer_07573,RETAIL,Pune,Maharashtra,1995-11-13,2023-08-05,ACTIVE
107574,Customer_07574,RETAIL,Ahmedabad,Gujarat,2007-09-23,2023-05-23,INACTIVE
107575,Customer_07575,RETAIL,Chennai,Tamil Nadu,2004-09-06,2021-10-24,ACTIVE
107576,Customer_07576,RETAIL,Pune,Maharashtra,1979-05-27,2026-05-07,ACTIVE
107577,Customer_07577,RETAIL,Ahmedabad,Gujarat,1980-08-02,2021-10-03,ACTIVE
107578,Customer_07578,BUSINESS,Delhi,Delhi,2019-06-13,2020-12-12,ACTIVE
107579,Customer_07579,RETAIL,Chennai,Tamil Nadu,2000-11-18,2020-08-18,ACTIVE
107580,Customer_07580,RETAIL,Hyderabad,Telangana,2014-04-22,2020-06-10,ACTIVE
107581,Customer_07581,RETAIL,Mumbai,Maharashtra,1982-02-24,2022-04-27,ACTIVE
107582,Customer_07582,RETAIL,Pune,Maharashtra,1999-04-26,2025-05-12,ACTIVE
107583,Customer_07583,RETAIL,Hyderabad,Telangana,2002-10-31,2021-01-06,INACTIVE
107584,Customer_07584,PREMIUM,Delhi,Delhi,2016-12-26,2020-01-10,ACTIVE
107585,Customer_07585,RETAIL,Mumbai,Maharashtra,2008-05-06,2023-06-25,ACTIVE
107586,Customer_07586,RETAIL,Mumbai,Maharashtra,2004-12-15,2023-09-09,ACTIVE
107587,Customer_07587,RETAIL,Kolkata,West Bengal,1991-03-20,2023-09-14,ACTIVE
107588,Customer_07588,RETAIL,Pune,Maharashtra,2019-12-23,2020-01-04,ACTIVE
107589,Customer_07589,RETAIL,Mumbai,Maharashtra,1992-08-14,2021-05-02,ACTIVE
107590,Customer_07590,PREMIUM,Chennai,Tamil Nadu,1990-08-05,2022-04-15,ACTIVE
107591,Customer_07591,RETAIL,Mumbai,Maharashtra,2008-11-19,2024-11-10,ACTIVE
107592,Customer_07592,PREMIUM,Hyderabad,Telangana,2020-02-08,2024-04-11,ACTIVE
107593,Customer_07593,PREMIUM,Chennai,Tamil Nadu,2014-05-09,2025-05-08,ACTIVE
107594,Customer_07594,RETAIL,Hyderabad,Telangana,1986-07-26,2023-08-06,ACTIVE
107595,Customer_07595,RETAIL,Bangalore,Karnataka,2012-08-25,2022-08-26,INACTIVE
107596,Customer_07596,PREMIUM,Kolkata,West Bengal,1993-09-05,2023-09-05,ACTIVE
107597,Customer_07597,BUSINESS,Hyderabad,Telangana,1988-04-12,2022-07-12,ACTIVE
107598,Customer_07598,RETAIL,Bangalore,Karnataka,2017-07-29,2021-01-12,ACTIVE
107599,Customer_07599,RETAIL,Mumbai,Maharashtra,2018-03-04,2023-10-13,ACTIVE
107600,Customer_07600,RETAIL,Delhi,Delhi,1994-05-20,2021-12-08,INACTIVE
107601,Customer_07601,PREMIUM,Pune,Maharashtra,1980-03-29,2021-09-26,ACTIVE
107602,Customer_07602,BUSINESS,Mumbai,Maharashtra,1987-10-13,2024-08-31,ACTIVE
107603,Customer_07603,BUSINESS,Delhi,Delhi,2001-05-23,2020-06-07,ACTIVE
107604,Customer_07604,RETAIL,Pune,Maharashtra,1981-08-10,2020-02-25,ACTIVE
107605,Customer_07605,RETAIL,Mumbai,Maharashtra,1988-06-29,2022-05-04,INACTIVE
107606,Customer_07606,PREMIUM,Delhi,Delhi,1985-04-13,2023-11-29,ACTIVE
107607,Customer_07607,RETAIL,Chennai,Tamil Nadu,2018-04-07,2025-07-08,ACTIVE
107608,Customer_07608,BUSINESS,Pune,Maharashtra,1993-10-02,2023-05-25,INACTIVE
107609,Customer_07609,RETAIL,Delhi,Delhi,1994-10-09,2021-09-12,ACTIVE
107610,Customer_07610,PREMIUM,Mumbai,Maharashtra,1996-06-18,2022-04-05,ACTIVE
107611,Customer_07611,PREMIUM,Mumbai,Maharashtra,1979-09-13,2022-06-27,ACTIVE
107612,Customer_07612,RETAIL,Pune,Maharashtra,2001-06-10,2022-03-14,ACTIVE
107613,Customer_07613,RETAIL,Bangalore,Karnataka,2016-08-21,2024-05-23,ACTIVE
107614,Customer_07614,PREMIUM,Hyderabad,Telangana,2012-07-29,2025-04-01,ACTIVE
107615,Customer_07615,RETAIL,Kolkata,West Bengal,1989-06-17,2024-08-28,ACTIVE
107616,Customer_07616,PREMIUM,Hyderabad,Telangana,1979-09-19,2022-07-05,ACTIVE
107617,Customer_07617,RETAIL,Chennai,Tamil Nadu,2010-12-04,2021-11-21,ACTIVE
107618,Customer_07618,RETAIL,Ahmedabad,Gujarat,2013-09-15,2020-07-10,ACTIVE
107619,Customer_07619,RETAIL,Delhi,Delhi,2017-01-07,2025-03-30,ACTIVE
107620,Customer_07620,BUSINESS,Kolkata,West Bengal,2002-11-14,2026-04-27,ACTIVE
107621,Customer_07621,PREMIUM,Ahmedabad,Gujarat,1998-08-11,2020-05-11,ACTIVE
107622,Customer_07622,PREMIUM,Chennai,Tamil Nadu,2010-03-26,2020-11-08,ACTIVE
107623,Customer_07623,PREMIUM,Kolkata,West Bengal,2007-07-08,2021-05-29,ACTIVE
107624,Customer_07624,RETAIL,Pune,Maharashtra,2010-04-02,2025-03-28,ACTIVE
107625,Customer_07625,BUSINESS,Ahmedabad,Gujarat,1990-11-04,2021-06-03,INACTIVE
107626,Customer_07626,RETAIL,Chennai,Tamil Nadu,2016-04-04,2020-02-03,ACTIVE
107627,Customer_07627,RETAIL,Pune,Maharashtra,1980-09-09,2022-03-17,ACTIVE
107628,Customer_07628,RETAIL,Mumbai,Maharashtra,1982-12-31,2022-05-24,ACTIVE
107629,Customer_07629,RETAIL,Hyderabad,Telangana,2006-01-20,2022-08-06,ACTIVE
107630,Customer_07630,PREMIUM,Bangalore,Karnataka,2002-08-20,2023-05-21,ACTIVE
107631,Customer_07631,RETAIL,Delhi,Delhi,2001-12-01,2021-08-03,ACTIVE
107632,Customer_07632,PREMIUM,Bangalore,Karnataka,2016-06-30,2020-03-12,ACTIVE
107633,Customer_07633,BUSINESS,Ahmedabad,Gujarat,2014-12-05,2020-09-14,ACTIVE
107634,Customer_07634,RETAIL,Bangalore,Karnataka,2008-09-13,2024-10-27,ACTIVE
107635,Customer_07635,RETAIL,Mumbai,Maharashtra,1985-12-05,2024-05-02,ACTIVE
107636,Customer_07636,PREMIUM,Delhi,Delhi,1983-02-17,2021-09-17,ACTIVE
107637,Customer_07637,RETAIL,Pune,Maharashtra,1984-11-25,2026-03-07,ACTIVE
107638,Customer_07638,PREMIUM,Hyderabad,Telangana,2004-05-18,2023-07-22,ACTIVE
107639,Customer_07639,RETAIL,Kolkata,West Bengal,2008-06-09,2025-03-27,ACTIVE
107640,Customer_07640,RETAIL,Kolkata,West Bengal,2012-01-06,2025-03-16,ACTIVE
107641,Customer_07641,RETAIL,Hyderabad,Telangana,1983-05-26,2021-12-21,ACTIVE
107642,Customer_07642,RETAIL,Kolkata,West Bengal,1990-06-14,2023-11-19,ACTIVE
107643,Customer_07643,RETAIL,Bangalore,Karnataka,1993-01-17,2023-11-24,ACTIVE
107644,Customer_07644,RETAIL,Hyderabad,Telangana,2005-02-20,2022-12-29,ACTIVE
107645,Customer_07645,RETAIL,Mumbai,Maharashtra,1981-01-28,2024-03-04,ACTIVE
107646,Customer_07646,PREMIUM,Chennai,Tamil Nadu,2013-09-05,2022-03-17,INACTIVE
107647,Customer_07647,RETAIL,Chennai,Tamil Nadu,1982-06-22,2020-08-23,ACTIVE
107648,Customer_07648,RETAIL,Mumbai,Maharashtra,2000-09-05,2020-04-18,INACTIVE
107649,Customer_07649,RETAIL,Chennai,Tamil Nadu,2017-06-23,2022-12-08,ACTIVE
107650,Customer_07650,RETAIL,Hyderabad,Telangana,1987-02-20,2025-12-31,ACTIVE
107651,Customer_07651,RETAIL,Delhi,Delhi,2007-05-23,2021-05-29,ACTIVE
107652,Customer_07652,PREMIUM,Chennai,Tamil Nadu,2001-09-27,2023-11-21,ACTIVE
107653,Customer_07653,RETAIL,Delhi,Delhi,2012-11-01,2021-01-28,ACTIVE
107654,Customer_07654,PREMIUM,Delhi,Delhi,2003-04-25,2024-02-24,ACTIVE
107655,Customer_07655,RETAIL,Pune,Maharashtra,2013-12-31,2021-03-17,ACTIVE
107656,Customer_07656,RETAIL,Delhi,Delhi,1995-09-16,2022-11-23,ACTIVE
107657,Customer_07657,RETAIL,Kolkata,West Bengal,1985-11-24,2025-04-23,ACTIVE
107658,Customer_07658,PREMIUM,Ahmedabad,Gujarat,2007-01-28,2022-06-13,ACTIVE
107659,Customer_07659,BUSINESS,Hyderabad,Telangana,2018-11-26,2026-02-20,ACTIVE
107660,Customer_07660,RETAIL,Chennai,Tamil Nadu,1996-12-16,2020-04-21,ACTIVE
107661,Customer_07661,BUSINESS,Chennai,Tamil Nadu,2012-11-02,2020-07-20,ACTIVE
107662,Customer_07662,RETAIL,Bangalore,Karnataka,2015-03-14,2021-02-09,ACTIVE
107663,Customer_07663,RETAIL,Bangalore,Karnataka,2005-09-03,2021-08-08,ACTIVE
107664,Customer_07664,PREMIUM,Chennai,Tamil Nadu,2011-09-04,2022-10-18,ACTIVE
107665,Customer_07665,RETAIL,Kolkata,West Bengal,2002-04-14,2026-01-02,ACTIVE
107666,Customer_07666,RETAIL,Bangalore,Karnataka,2012-03-19,2021-08-03,ACTIVE
107667,Customer_07667,RETAIL,Chennai,Tamil Nadu,1992-12-20,2022-05-06,ACTIVE
107668,Customer_07668,PREMIUM,Bangalore,Karnataka,2000-10-08,2020-04-16,ACTIVE
107669,Customer_07669,RETAIL,Delhi,Delhi,1982-05-12,2024-09-10,ACTIVE
107670,Customer_07670,PREMIUM,Delhi,Delhi,1987-03-25,2023-08-03,ACTIVE
107671,Customer_07671,RETAIL,Mumbai,Maharashtra,2002-12-12,2020-04-18,ACTIVE
107672,Customer_07672,BUSINESS,Bangalore,Karnataka,2008-11-30,2023-01-18,ACTIVE
107673,Customer_07673,RETAIL,Hyderabad,Telangana,1980-05-21,2021-06-08,ACTIVE
107674,Customer_07674,RETAIL,Hyderabad,Telangana,1981-12-29,2022-10-08,ACTIVE
107675,Customer_07675,RETAIL,Ahmedabad,Gujarat,1979-06-05,2021-11-13,ACTIVE
107676,Customer_07676,RETAIL,Mumbai,Maharashtra,2000-06-02,2025-02-25,ACTIVE
107677,Customer_07677,RETAIL,Kolkata,West Bengal,1992-12-06,2020-05-17,ACTIVE
107678,Customer_07678,PREMIUM,Kolkata,West Bengal,1981-05-04,2023-12-09,ACTIVE
107679,Customer_07679,RETAIL,Bangalore,Karnataka,2011-10-04,2025-03-18,ACTIVE
107680,Customer_07680,RETAIL,Delhi,Delhi,2000-11-12,2020-01-04,ACTIVE
107681,Customer_07681,BUSINESS,Delhi,Delhi,1979-07-30,2025-12-10,ACTIVE
107682,Customer_07682,RETAIL,Hyderabad,Telangana,2007-05-02,2025-01-02,ACTIVE
107683,Customer_07683,RETAIL,Kolkata,West Bengal,2016-08-05,2021-11-01,ACTIVE
107684,Customer_07684,RETAIL,Hyderabad,Telangana,1996-05-18,2023-03-04,ACTIVE
107685,Customer_07685,RETAIL,Chennai,Tamil Nadu,2018-03-01,2024-06-22,ACTIVE
107686,Customer_07686,RETAIL,Hyderabad,Telangana,1996-04-14,2023-05-25,ACTIVE
107687,Customer_07687,PREMIUM,Mumbai,Maharashtra,1982-05-06,2024-12-20,ACTIVE
107688,Customer_07688,RETAIL,Chennai,Tamil Nadu,1984-03-16,2025-11-04,ACTIVE
107689,Customer_07689,RETAIL,Mumbai,Maharashtra,1981-11-30,2022-05-09,ACTIVE
107690,Customer_07690,RETAIL,Ahmedabad,Gujarat,1991-07-24,2020-09-19,ACTIVE
107691,Customer_07691,RETAIL,Ahmedabad,Gujarat,1994-12-20,2022-11-01,ACTIVE
107692,Customer_07692,RETAIL,Chennai,Tamil Nadu,1997-05-30,2023-12-09,ACTIVE
107693,Customer_07693,BUSINESS,Delhi,Delhi,1998-11-26,2025-02-03,ACTIVE
107694,Customer_07694,RETAIL,Hyderabad,Telangana,2014-08-18,2021-11-08,ACTIVE
107695,Customer_07695,RETAIL,Hyderabad,Telangana,1979-08-23,2026-02-05,ACTIVE
107696,Customer_07696,PREMIUM,Hyderabad,Telangana,2016-01-16,2020-03-29,ACTIVE
107697,Customer_07697,PREMIUM,Chennai,Tamil Nadu,1988-12-22,2023-10-25,ACTIVE
107698,Customer_07698,PREMIUM,Pune,Maharashtra,2018-04-29,2022-11-15,ACTIVE
107699,Customer_07699,PREMIUM,Mumbai,Maharashtra,1984-09-18,2024-07-25,ACTIVE
107700,Customer_07700,RETAIL,Delhi,Delhi,1983-04-13,2021-11-11,ACTIVE
107701,Customer_07701,RETAIL,Chennai,Tamil Nadu,1984-02-26,2026-02-14,ACTIVE
107702,Customer_07702,PREMIUM,Bangalore,Karnataka,1991-05-01,2020-01-04,ACTIVE
107703,Customer_07703,PREMIUM,Chennai,Tamil Nadu,2017-10-31,2025-05-11,ACTIVE
107704,Customer_07704,PREMIUM,Delhi,Delhi,1998-03-05,2023-03-29,ACTIVE
107705,Customer_07705,RETAIL,Ahmedabad,Gujarat,1985-12-13,2023-05-23,ACTIVE
107706,Customer_07706,PREMIUM,Delhi,Delhi,2005-07-09,2022-01-16,ACTIVE
107707,Customer_07707,RETAIL,Kolkata,West Bengal,2000-01-11,2022-07-29,ACTIVE
107708,Customer_07708,RETAIL,Bangalore,Karnataka,2008-01-10,2022-11-07,ACTIVE
107709,Customer_07709,RETAIL,Bangalore,Karnataka,2009-08-14,2022-01-16,ACTIVE
107710,Customer_07710,RETAIL,Chennai,Tamil Nadu,2011-06-12,2020-01-29,ACTIVE
107711,Customer_07711,PREMIUM,Delhi,Delhi,1985-05-18,2022-08-19,ACTIVE
107712,Customer_07712,RETAIL,Pune,Maharashtra,1999-07-13,2022-08-22,ACTIVE
107713,Customer_07713,PREMIUM,Bangalore,Karnataka,2005-01-23,2024-09-28,ACTIVE
107714,Customer_07714,RETAIL,Kolkata,West Bengal,2002-01-08,2023-02-02,ACTIVE
107715,Customer_07715,RETAIL,Pune,Maharashtra,2019-02-08,2023-08-11,ACTIVE
107716,Customer_07716,RETAIL,Bangalore,Karnataka,2018-08-12,2023-01-23,ACTIVE
107717,Customer_07717,RETAIL,Hyderabad,Telangana,2012-07-04,2022-10-14,ACTIVE
107718,Customer_07718,PREMIUM,Hyderabad,Telangana,1989-01-08,2024-09-16,ACTIVE
107719,Customer_07719,RETAIL,Bangalore,Karnataka,2000-11-19,2024-06-09,ACTIVE
107720,Customer_07720,RETAIL,Mumbai,Maharashtra,2012-03-04,2026-07-07,INACTIVE
107721,Customer_07721,RETAIL,Mumbai,Maharashtra,1990-03-08,2023-04-07,ACTIVE
107722,Customer_07722,RETAIL,Bangalore,Karnataka,2008-05-25,2020-03-07,ACTIVE
107723,Customer_07723,RETAIL,Kolkata,West Bengal,1989-05-25,2023-11-05,ACTIVE
107724,Customer_07724,BUSINESS,Mumbai,Maharashtra,1984-12-01,2022-08-08,ACTIVE
107725,Customer_07725,RETAIL,Ahmedabad,Gujarat,1989-01-07,2020-08-17,ACTIVE
107726,Customer_07726,RETAIL,Hyderabad,Telangana,2017-03-19,2025-08-18,ACTIVE
107727,Customer_07727,PREMIUM,Mumbai,Maharashtra,2020-01-16,2024-02-28,ACTIVE
107728,Customer_07728,PREMIUM,Delhi,Delhi,2014-04-17,2024-02-10,ACTIVE
107729,Customer_07729,RETAIL,Pune,Maharashtra,1990-04-22,2024-03-07,ACTIVE
107730,Customer_07730,RETAIL,Ahmedabad,Gujarat,2011-03-06,2026-06-18,ACTIVE
107731,Customer_07731,BUSINESS,Chennai,Tamil Nadu,1988-02-16,2024-07-09,ACTIVE
107732,Customer_07732,RETAIL,Delhi,Delhi,1984-05-15,2024-09-08,ACTIVE
107733,Customer_07733,RETAIL,Delhi,Delhi,1989-10-16,2024-12-07,ACTIVE
107734,Customer_07734,PREMIUM,Chennai,Tamil Nadu,1984-11-25,2024-10-04,ACTIVE
107735,Customer_07735,PREMIUM,Mumbai,Maharashtra,2005-06-20,2024-08-16,ACTIVE
107736,Customer_07736,BUSINESS,Delhi,Delhi,2007-03-22,2020-07-01,ACTIVE
107737,Customer_07737,RETAIL,Pune,Maharashtra,1980-08-17,2022-08-23,ACTIVE
107738,Customer_07738,BUSINESS,Chennai,Tamil Nadu,1983-07-28,2021-10-22,ACTIVE
107739,Customer_07739,RETAIL,Hyderabad,Telangana,1998-11-03,2025-11-07,ACTIVE
107740,Customer_07740,PREMIUM,Bangalore,Karnataka,1983-10-26,2023-11-02,ACTIVE
107741,Customer_07741,PREMIUM,Pune,Maharashtra,2013-03-06,2023-05-22,ACTIVE
107742,Customer_07742,RETAIL,Delhi,Delhi,1995-08-09,2023-06-07,ACTIVE
107743,Customer_07743,RETAIL,Kolkata,West Bengal,1996-02-13,2024-06-25,ACTIVE
107744,Customer_07744,RETAIL,Pune,Maharashtra,1979-05-21,2025-01-04,ACTIVE
107745,Customer_07745,PREMIUM,Pune,Maharashtra,2007-12-22,2021-04-28,ACTIVE
107746,Customer_07746,RETAIL,Mumbai,Maharashtra,2008-10-17,2026-07-12,ACTIVE
107747,Customer_07747,PREMIUM,Kolkata,West Bengal,2010-03-24,2025-01-02,ACTIVE
107748,Customer_07748,RETAIL,Mumbai,Maharashtra,2001-05-08,2021-05-11,ACTIVE
107749,Customer_07749,RETAIL,Chennai,Tamil Nadu,1990-03-27,2023-12-25,ACTIVE
107750,Customer_07750,RETAIL,Ahmedabad,Gujarat,1982-05-17,2022-10-25,ACTIVE
107751,Customer_07751,BUSINESS,Hyderabad,Telangana,1992-02-15,2022-06-23,ACTIVE
107752,Customer_07752,RETAIL,Bangalore,Karnataka,2001-06-27,2025-09-11,ACTIVE
107753,Customer_07753,RETAIL,Pune,Maharashtra,1983-12-15,2021-11-16,ACTIVE
107754,Customer_07754,RETAIL,Mumbai,Maharashtra,1981-05-21,2025-07-04,ACTIVE
107755,Customer_07755,BUSINESS,Pune,Maharashtra,1988-01-28,2024-03-08,ACTIVE
107756,Customer_07756,PREMIUM,Ahmedabad,Gujarat,1982-01-25,2025-05-15,ACTIVE
107757,Customer_07757,RETAIL,Pune,Maharashtra,1979-10-01,2024-11-23,ACTIVE
107758,Customer_07758,RETAIL,Mumbai,Maharashtra,1999-02-06,2024-01-28,ACTIVE
107759,Customer_07759,RETAIL,Kolkata,West Bengal,2009-10-06,2021-04-02,ACTIVE
107760,Customer_07760,RETAIL,Bangalore,Karnataka,1999-09-10,2026-07-11,ACTIVE
107761,Customer_07761,PREMIUM,Delhi,Delhi,1982-11-29,2024-03-21,ACTIVE
107762,Customer_07762,RETAIL,Hyderabad,Telangana,1993-01-31,2022-05-08,ACTIVE
107763,Customer_07763,RETAIL,Chennai,Tamil Nadu,1980-08-16,2021-09-07,ACTIVE
107764,Customer_07764,PREMIUM,Ahmedabad,Gujarat,2004-09-12,2020-10-06,ACTIVE
107765,Customer_07765,RETAIL,Bangalore,Karnataka,1988-09-26,2022-01-27,ACTIVE
107766,Customer_07766,RETAIL,Hyderabad,Telangana,1995-01-27,2020-11-14,ACTIVE
107767,Customer_07767,RETAIL,Ahmedabad,Gujarat,2016-03-17,2025-11-01,ACTIVE
107768,Customer_07768,RETAIL,Bangalore,Karnataka,2003-04-09,2022-11-11,ACTIVE
107769,Customer_07769,RETAIL,Delhi,Delhi,2010-07-29,2024-02-11,INACTIVE
107770,Customer_07770,RETAIL,Ahmedabad,Gujarat,1993-07-12,2025-04-15,ACTIVE
107771,Customer_07771,RETAIL,Pune,Maharashtra,2017-05-21,2026-04-26,ACTIVE
107772,Customer_07772,RETAIL,Mumbai,Maharashtra,2008-07-11,2022-12-22,ACTIVE
107773,Customer_07773,PREMIUM,Chennai,Tamil Nadu,2000-05-04,2020-05-05,ACTIVE
107774,Customer_07774,RETAIL,Ahmedabad,Gujarat,2002-12-15,2024-01-07,ACTIVE
107775,Customer_07775,RETAIL,Mumbai,Maharashtra,2004-10-04,2026-03-22,ACTIVE
107776,Customer_07776,RETAIL,Kolkata,West Bengal,1985-09-26,2022-05-09,ACTIVE
107777,Customer_07777,RETAIL,Kolkata,West Bengal,1989-07-02,2020-09-02,ACTIVE
107778,Customer_07778,RETAIL,Ahmedabad,Gujarat,2007-05-08,2024-09-11,ACTIVE
107779,Customer_07779,RETAIL,Bangalore,Karnataka,1997-04-07,2024-01-29,ACTIVE
107780,Customer_07780,PREMIUM,Delhi,Delhi,2011-05-12,2021-01-02,ACTIVE
107781,Customer_07781,RETAIL,Chennai,Tamil Nadu,2000-10-04,2020-01-09,ACTIVE
107782,Customer_07782,PREMIUM,Pune,Maharashtra,1981-11-14,2023-06-02,ACTIVE
107783,Customer_07783,RETAIL,Kolkata,West Bengal,2006-06-20,2020-12-22,ACTIVE
107784,Customer_07784,RETAIL,Hyderabad,Telangana,2004-03-19,2021-03-20,ACTIVE
107785,Customer_07785,RETAIL,Bangalore,Karnataka,1994-02-21,2022-01-11,ACTIVE
107786,Customer_07786,RETAIL,Chennai,Tamil Nadu,2011-08-17,2023-01-29,ACTIVE
107787,Customer_07787,PREMIUM,Hyderabad,Telangana,1993-07-26,2025-05-17,ACTIVE
107788,Customer_07788,PREMIUM,Chennai,Tamil Nadu,1983-11-15,2022-10-30,ACTIVE
107789,Customer_07789,PREMIUM,Kolkata,West Bengal,1984-02-22,2025-06-30,ACTIVE
107790,Customer_07790,RETAIL,Ahmedabad,Gujarat,2016-03-11,2023-12-21,ACTIVE
107791,Customer_07791,PREMIUM,Ahmedabad,Gujarat,1994-08-11,2022-07-31,ACTIVE
107792,Customer_07792,RETAIL,Chennai,Tamil Nadu,1996-03-13,2023-05-07,ACTIVE
107793,Customer_07793,RETAIL,Hyderabad,Telangana,1991-09-17,2020-12-04,ACTIVE
107794,Customer_07794,RETAIL,Delhi,Delhi,2009-06-19,2026-05-30,ACTIVE
107795,Customer_07795,RETAIL,Mumbai,Maharashtra,2004-01-12,2021-12-25,ACTIVE
107796,Customer_07796,RETAIL,Bangalore,Karnataka,2016-02-01,2025-11-30,ACTIVE
107797,Customer_07797,PREMIUM,Kolkata,West Bengal,2015-11-25,2024-03-28,ACTIVE
107798,Customer_07798,RETAIL,Pune,Maharashtra,2019-10-22,2021-12-06,ACTIVE
107799,Customer_07799,RETAIL,Chennai,Tamil Nadu,1992-09-05,2023-03-14,ACTIVE
107800,Customer_07800,RETAIL,Pune,Maharashtra,2003-02-22,2020-10-17,ACTIVE
107801,Customer_07801,BUSINESS,Bangalore,Karnataka,1993-05-24,2024-01-17,ACTIVE
107802,Customer_07802,PREMIUM,Pune,Maharashtra,2008-02-02,2020-06-04,ACTIVE
107803,Customer_07803,RETAIL,Hyderabad,Telangana,2009-11-21,2024-03-13,ACTIVE
107804,Customer_07804,RETAIL,Kolkata,West Bengal,1989-07-02,2021-04-20,ACTIVE
107805,Customer_07805,RETAIL,Kolkata,West Bengal,2014-06-21,2020-11-04,ACTIVE
107806,Customer_07806,RETAIL,Hyderabad,Telangana,1991-01-28,2021-06-17,ACTIVE
107807,Customer_07807,BUSINESS,Pune,Maharashtra,2019-07-19,2020-08-02,ACTIVE
107808,Customer_07808,BUSINESS,Chennai,Tamil Nadu,2014-02-07,2025-11-02,ACTIVE
107809,Customer_07809,BUSINESS,Mumbai,Maharashtra,1979-11-29,2026-02-24,ACTIVE
107810,Customer_07810,RETAIL,Delhi,Delhi,1995-07-09,2026-01-28,ACTIVE
107811,Customer_07811,PREMIUM,Chennai,Tamil Nadu,1995-02-11,2024-09-19,ACTIVE
107812,Customer_07812,PREMIUM,Hyderabad,Telangana,2012-12-09,2021-07-07,ACTIVE
107813,Customer_07813,RETAIL,Mumbai,Maharashtra,2008-11-30,2024-12-26,ACTIVE
107814,Customer_07814,RETAIL,Kolkata,West Bengal,1981-03-29,2024-12-25,ACTIVE
107815,Customer_07815,RETAIL,Bangalore,Karnataka,2013-09-08,2021-07-21,ACTIVE
107816,Customer_07816,RETAIL,Ahmedabad,Gujarat,1988-02-16,2025-06-28,ACTIVE
107817,Customer_07817,BUSINESS,Chennai,Tamil Nadu,1994-05-07,2026-07-20,ACTIVE
107818,Customer_07818,PREMIUM,Chennai,Tamil Nadu,1986-02-24,2022-06-25,ACTIVE
107819,Customer_07819,RETAIL,Hyderabad,Telangana,1985-08-19,2023-11-12,ACTIVE
107820,Customer_07820,RETAIL,Kolkata,West Bengal,2000-10-23,2025-09-22,ACTIVE
107821,Customer_07821,RETAIL,Pune,Maharashtra,1982-08-23,2021-09-21,ACTIVE
107822,Customer_07822,RETAIL,Chennai,Tamil Nadu,1982-06-21,2026-06-30,ACTIVE
107823,Customer_07823,RETAIL,Mumbai,Maharashtra,2011-06-07,2021-12-28,ACTIVE
107824,Customer_07824,RETAIL,Bangalore,Karnataka,1993-04-15,2026-05-11,ACTIVE
107825,Customer_07825,PREMIUM,Kolkata,West Bengal,2005-10-14,2021-07-15,ACTIVE
107826,Customer_07826,PREMIUM,Kolkata,West Bengal,2019-09-01,2024-11-15,ACTIVE
107827,Customer_07827,PREMIUM,Delhi,Delhi,1981-04-02,2023-06-14,ACTIVE
107828,Customer_07828,RETAIL,Bangalore,Karnataka,2011-10-13,2022-06-10,ACTIVE
107829,Customer_07829,PREMIUM,Chennai,Tamil Nadu,1983-09-01,2022-11-19,ACTIVE
107830,Customer_07830,RETAIL,Bangalore,Karnataka,2010-05-26,2021-06-28,ACTIVE
107831,Customer_07831,RETAIL,Pune,Maharashtra,1991-09-25,2024-05-31,ACTIVE
107832,Customer_07832,RETAIL,Delhi,Delhi,1984-09-17,2026-07-10,INACTIVE
107833,Customer_07833,RETAIL,Bangalore,Karnataka,1988-07-22,2023-11-06,ACTIVE
107834,Customer_07834,RETAIL,Chennai,Tamil Nadu,1994-02-19,2021-10-24,ACTIVE
107835,Customer_07835,RETAIL,Ahmedabad,Gujarat,2009-02-18,2024-05-26,ACTIVE
107836,Customer_07836,RETAIL,Chennai,Tamil Nadu,2007-02-11,2022-11-18,ACTIVE
107837,Customer_07837,BUSINESS,Bangalore,Karnataka,2009-02-01,2026-01-19,ACTIVE
107838,Customer_07838,RETAIL,Hyderabad,Telangana,1980-01-20,2021-09-25,ACTIVE
107839,Customer_07839,RETAIL,Kolkata,West Bengal,2019-03-21,2023-05-28,ACTIVE
107840,Customer_07840,BUSINESS,Bangalore,Karnataka,1996-12-26,2023-04-05,ACTIVE
107841,Customer_07841,RETAIL,Bangalore,Karnataka,1983-09-27,2025-10-26,ACTIVE
107842,Customer_07842,RETAIL,Pune,Maharashtra,2017-04-19,2020-09-21,ACTIVE
107843,Customer_07843,BUSINESS,Kolkata,West Bengal,2011-09-21,2024-01-22,ACTIVE
107844,Customer_07844,RETAIL,Kolkata,West Bengal,1982-07-19,2025-04-25,ACTIVE
107845,Customer_07845,RETAIL,Pune,Maharashtra,1997-02-07,2022-05-17,ACTIVE
107846,Customer_07846,RETAIL,Delhi,Delhi,2016-05-19,2023-04-27,ACTIVE
107847,Customer_07847,RETAIL,Delhi,Delhi,2007-03-14,2021-12-07,ACTIVE
107848,Customer_07848,PREMIUM,Ahmedabad,Gujarat,1987-02-25,2022-10-03,ACTIVE
107849,Customer_07849,RETAIL,Mumbai,Maharashtra,2007-12-06,2026-03-30,ACTIVE
107850,Customer_07850,RETAIL,Pune,Maharashtra,1986-12-06,2022-05-21,ACTIVE
107851,Customer_07851,PREMIUM,Delhi,Delhi,1993-08-12,2021-04-29,ACTIVE
107852,Customer_07852,BUSINESS,Chennai,Tamil Nadu,1987-03-11,2023-10-23,ACTIVE
107853,Customer_07853,RETAIL,Pune,Maharashtra,2007-08-22,2023-02-01,ACTIVE
107854,Customer_07854,RETAIL,Chennai,Tamil Nadu,2017-05-29,2025-02-14,ACTIVE
107855,Customer_07855,BUSINESS,Hyderabad,Telangana,1980-12-28,2020-03-28,ACTIVE
107856,Customer_07856,RETAIL,Kolkata,West Bengal,2003-12-17,2025-12-06,ACTIVE
107857,Customer_07857,RETAIL,Mumbai,Maharashtra,1989-05-14,2024-08-11,ACTIVE
107858,Customer_07858,RETAIL,Pune,Maharashtra,2009-12-30,2025-07-12,ACTIVE
107859,Customer_07859,PREMIUM,Mumbai,Maharashtra,1984-11-19,2022-09-04,ACTIVE
107860,Customer_07860,RETAIL,Ahmedabad,Gujarat,1994-03-19,2022-12-05,ACTIVE
107861,Customer_07861,RETAIL,Hyderabad,Telangana,1987-08-15,2022-03-13,ACTIVE
107862,Customer_07862,PREMIUM,Chennai,Tamil Nadu,2015-01-10,2025-06-24,ACTIVE
107863,Customer_07863,RETAIL,Kolkata,West Bengal,1982-07-22,2020-06-19,ACTIVE
107864,Customer_07864,RETAIL,Chennai,Tamil Nadu,2003-01-24,2023-06-22,ACTIVE
107865,Customer_07865,RETAIL,Pune,Maharashtra,1984-02-10,2021-09-15,ACTIVE
107866,Customer_07866,PREMIUM,Chennai,Tamil Nadu,2003-10-19,2024-03-11,ACTIVE
107867,Customer_07867,RETAIL,Hyderabad,Telangana,2010-09-13,2026-05-02,ACTIVE
107868,Customer_07868,PREMIUM,Mumbai,Maharashtra,2010-01-22,2024-06-06,ACTIVE
107869,Customer_07869,RETAIL,Chennai,Tamil Nadu,1980-07-14,2020-04-16,ACTIVE
107870,Customer_07870,RETAIL,Bangalore,Karnataka,2010-12-08,2022-08-17,ACTIVE
107871,Customer_07871,BUSINESS,Mumbai,Maharashtra,1991-05-11,2020-03-16,ACTIVE
107872,Customer_07872,RETAIL,Delhi,Delhi,2007-03-02,2023-03-12,ACTIVE
107873,Customer_07873,RETAIL,Bangalore,Karnataka,2018-09-30,2021-02-21,INACTIVE
107874,Customer_07874,PREMIUM,Delhi,Delhi,1984-01-18,2024-07-20,ACTIVE
107875,Customer_07875,RETAIL,Delhi,Delhi,1994-01-22,2023-07-04,ACTIVE
107876,Customer_07876,RETAIL,Hyderabad,Telangana,2014-10-04,2022-01-09,ACTIVE
107877,Customer_07877,PREMIUM,Bangalore,Karnataka,1984-12-22,2025-08-19,ACTIVE
107878,Customer_07878,RETAIL,Bangalore,Karnataka,1989-11-17,2024-11-27,ACTIVE
107879,Customer_07879,PREMIUM,Kolkata,West Bengal,2001-09-18,2024-02-14,ACTIVE
107880,Customer_07880,RETAIL,Mumbai,Maharashtra,2020-01-28,2022-04-29,ACTIVE
107881,Customer_07881,RETAIL,Delhi,Delhi,1991-04-08,2021-10-15,ACTIVE
107882,Customer_07882,PREMIUM,Mumbai,Maharashtra,1994-12-30,2023-11-06,ACTIVE
107883,Customer_07883,RETAIL,Ahmedabad,Gujarat,2011-11-05,2025-03-11,ACTIVE
107884,Customer_07884,PREMIUM,Pune,Maharashtra,1984-02-03,2025-07-03,ACTIVE
107885,Customer_07885,BUSINESS,Kolkata,West Bengal,1992-08-14,2025-02-08,ACTIVE
107886,Customer_07886,PREMIUM,Pune,Maharashtra,1992-02-23,2020-02-25,ACTIVE
107887,Customer_07887,RETAIL,Delhi,Delhi,1995-08-21,2026-06-21,ACTIVE
107888,Customer_07888,RETAIL,Chennai,Tamil Nadu,2002-09-20,2021-07-30,ACTIVE
107889,Customer_07889,PREMIUM,Kolkata,West Bengal,1988-04-07,2020-01-25,ACTIVE
107890,Customer_07890,RETAIL,Pune,Maharashtra,1995-03-29,2023-09-08,INACTIVE
107891,Customer_07891,PREMIUM,Pune,Maharashtra,2016-10-25,2022-12-28,ACTIVE
107892,Customer_07892,PREMIUM,Ahmedabad,Gujarat,2013-03-13,2020-09-11,ACTIVE
107893,Customer_07893,RETAIL,Delhi,Delhi,2018-06-08,2021-05-29,ACTIVE
107894,Customer_07894,RETAIL,Pune,Maharashtra,2007-03-08,2021-05-08,ACTIVE
107895,Customer_07895,RETAIL,Hyderabad,Telangana,2003-01-28,2022-11-21,ACTIVE
107896,Customer_07896,RETAIL,Mumbai,Maharashtra,1987-12-06,2024-12-02,ACTIVE
107897,Customer_07897,RETAIL,Kolkata,West Bengal,1985-09-09,2024-06-24,ACTIVE
107898,Customer_07898,RETAIL,Ahmedabad,Gujarat,2001-04-17,2020-03-02,ACTIVE
107899,Customer_07899,PREMIUM,Kolkata,West Bengal,1995-10-17,2021-02-20,ACTIVE
107900,Customer_07900,RETAIL,Delhi,Delhi,2011-07-04,2024-01-04,ACTIVE
107901,Customer_07901,RETAIL,Mumbai,Maharashtra,1979-07-24,2025-04-10,ACTIVE
107902,Customer_07902,PREMIUM,Bangalore,Karnataka,2015-10-07,2020-03-22,ACTIVE
107903,Customer_07903,PREMIUM,Delhi,Delhi,1986-03-02,2022-03-16,ACTIVE
107904,Customer_07904,BUSINESS,Ahmedabad,Gujarat,1995-05-21,2020-10-05,ACTIVE
107905,Customer_07905,RETAIL,Hyderabad,Telangana,1993-10-17,2023-03-11,ACTIVE
107906,Customer_07906,PREMIUM,Ahmedabad,Gujarat,2017-02-16,2022-07-25,ACTIVE
107907,Customer_07907,PREMIUM,Kolkata,West Bengal,2008-10-01,2021-02-21,ACTIVE
107908,Customer_07908,PREMIUM,Hyderabad,Telangana,1980-08-22,2026-05-04,ACTIVE
107909,Customer_07909,RETAIL,Mumbai,Maharashtra,2014-03-13,2025-01-04,ACTIVE
107910,Customer_07910,RETAIL,Mumbai,Maharashtra,2006-12-15,2023-08-03,INACTIVE
107911,Customer_07911,RETAIL,Mumbai,Maharashtra,1981-12-17,2025-01-11,ACTIVE
107912,Customer_07912,RETAIL,Chennai,Tamil Nadu,2011-04-12,2022-01-19,ACTIVE
107913,Customer_07913,RETAIL,Pune,Maharashtra,1980-07-22,2026-02-22,ACTIVE
107914,Customer_07914,BUSINESS,Ahmedabad,Gujarat,1996-08-16,2022-09-14,INACTIVE
107915,Customer_07915,RETAIL,Pune,Maharashtra,1985-10-27,2022-07-15,ACTIVE
107916,Customer_07916,BUSINESS,Ahmedabad,Gujarat,1979-08-13,2023-09-27,ACTIVE
107917,Customer_07917,RETAIL,Hyderabad,Telangana,2002-02-21,2023-10-19,ACTIVE
107918,Customer_07918,PREMIUM,Mumbai,Maharashtra,2007-05-19,2024-01-26,ACTIVE
107919,Customer_07919,RETAIL,Mumbai,Maharashtra,1998-11-12,2025-06-20,ACTIVE
107920,Customer_07920,RETAIL,Bangalore,Karnataka,1993-03-26,2021-10-04,ACTIVE
107921,Customer_07921,RETAIL,Delhi,Delhi,2000-04-02,2024-08-23,ACTIVE
107922,Customer_07922,BUSINESS,Delhi,Delhi,1985-05-26,2021-04-18,ACTIVE
107923,Customer_07923,RETAIL,Chennai,Tamil Nadu,1981-03-20,2021-07-30,ACTIVE
107924,Customer_07924,RETAIL,Pune,Maharashtra,1985-08-13,2023-04-03,ACTIVE
107925,Customer_07925,BUSINESS,Pune,Maharashtra,1981-05-23,2023-06-12,ACTIVE
107926,Customer_07926,RETAIL,Hyderabad,Telangana,2010-10-02,2024-03-27,ACTIVE
107927,Customer_07927,RETAIL,Ahmedabad,Gujarat,2004-02-29,2020-11-30,ACTIVE
107928,Customer_07928,RETAIL,Delhi,Delhi,1986-11-10,2025-05-13,ACTIVE
107929,Customer_07929,RETAIL,Ahmedabad,Gujarat,2002-07-26,2023-08-30,ACTIVE
107930,Customer_07930,RETAIL,Delhi,Delhi,1999-01-17,2023-11-23,ACTIVE
107931,Customer_07931,RETAIL,Delhi,Delhi,1983-09-26,2024-11-28,ACTIVE
107932,Customer_07932,RETAIL,Mumbai,Maharashtra,2019-01-06,2024-07-19,ACTIVE
107933,Customer_07933,RETAIL,Bangalore,Karnataka,2017-09-05,2022-10-26,ACTIVE
107934,Customer_07934,PREMIUM,Bangalore,Karnataka,2010-04-30,2023-03-07,ACTIVE
107935,Customer_07935,BUSINESS,Hyderabad,Telangana,2012-05-17,2021-07-12,ACTIVE
107936,Customer_07936,RETAIL,Pune,Maharashtra,2001-08-20,2023-09-22,INACTIVE
107937,Customer_07937,RETAIL,Pune,Maharashtra,2012-03-05,2021-05-02,ACTIVE
107938,Customer_07938,RETAIL,Bangalore,Karnataka,2000-11-10,2024-03-05,ACTIVE
107939,Customer_07939,PREMIUM,Mumbai,Maharashtra,1985-12-26,2022-09-29,ACTIVE
107940,Customer_07940,RETAIL,Pune,Maharashtra,1986-01-13,2021-07-21,ACTIVE
107941,Customer_07941,PREMIUM,Hyderabad,Telangana,2014-03-28,2023-02-16,ACTIVE
107942,Customer_07942,RETAIL,Ahmedabad,Gujarat,1997-07-01,2026-02-19,ACTIVE
107943,Customer_07943,RETAIL,Chennai,Tamil Nadu,2009-02-13,2023-09-11,ACTIVE
107944,Customer_07944,PREMIUM,Pune,Maharashtra,1985-02-11,2022-04-08,ACTIVE
107945,Customer_07945,RETAIL,Ahmedabad,Gujarat,1997-07-22,2022-12-16,ACTIVE
107946,Customer_07946,RETAIL,Chennai,Tamil Nadu,1982-08-06,2023-12-22,ACTIVE
107947,Customer_07947,RETAIL,Hyderabad,Telangana,1988-03-25,2021-01-03,INACTIVE
107948,Customer_07948,RETAIL,Pune,Maharashtra,1983-08-25,2023-09-08,ACTIVE
107949,Customer_07949,RETAIL,Chennai,Tamil Nadu,1987-09-17,2020-03-21,ACTIVE
107950,Customer_07950,PREMIUM,Mumbai,Maharashtra,2004-01-29,2025-08-10,ACTIVE
107951,Customer_07951,RETAIL,Hyderabad,Telangana,1979-05-22,2024-01-02,ACTIVE
107952,Customer_07952,RETAIL,Pune,Maharashtra,1987-02-11,2020-09-29,ACTIVE
107953,Customer_07953,RETAIL,Ahmedabad,Gujarat,2007-07-17,2023-01-23,ACTIVE
107954,Customer_07954,RETAIL,Mumbai,Maharashtra,1985-04-19,2025-10-23,ACTIVE
107955,Customer_07955,BUSINESS,Hyderabad,Telangana,2001-12-24,2026-05-04,ACTIVE
107956,Customer_07956,RETAIL,Pune,Maharashtra,2014-10-10,2020-11-24,ACTIVE
107957,Customer_07957,RETAIL,Hyderabad,Telangana,2011-03-14,2021-10-11,ACTIVE
107958,Customer_07958,RETAIL,Bangalore,Karnataka,1984-03-05,2020-12-12,ACTIVE
107959,Customer_07959,BUSINESS,Ahmedabad,Gujarat,1985-03-22,2022-06-04,ACTIVE
107960,Customer_07960,PREMIUM,Hyderabad,Telangana,2008-02-22,2025-08-31,INACTIVE
107961,Customer_07961,RETAIL,Delhi,Delhi,1993-05-24,2024-08-22,ACTIVE
107962,Customer_07962,RETAIL,Mumbai,Maharashtra,1996-04-16,2021-09-09,ACTIVE
107963,Customer_07963,PREMIUM,Chennai,Tamil Nadu,1998-09-29,2022-02-19,ACTIVE
107964,Customer_07964,PREMIUM,Bangalore,Karnataka,2002-12-12,2024-01-08,ACTIVE
107965,Customer_07965,RETAIL,Mumbai,Maharashtra,1997-08-11,2023-12-03,ACTIVE
107966,Customer_07966,PREMIUM,Chennai,Tamil Nadu,1980-02-15,2023-01-17,ACTIVE
107967,Customer_07967,RETAIL,Pune,Maharashtra,1983-01-17,2022-10-07,ACTIVE
107968,Customer_07968,RETAIL,Pune,Maharashtra,1979-03-02,2026-02-20,ACTIVE
107969,Customer_07969,RETAIL,Mumbai,Maharashtra,1990-01-16,2023-04-23,ACTIVE
107970,Customer_07970,RETAIL,Delhi,Delhi,2012-09-22,2025-02-20,ACTIVE
107971,Customer_07971,RETAIL,Pune,Maharashtra,2019-01-27,2026-04-22,ACTIVE
107972,Customer_07972,RETAIL,Mumbai,Maharashtra,1998-09-09,2022-03-14,ACTIVE
107973,Customer_07973,PREMIUM,Bangalore,Karnataka,1980-04-13,2025-02-12,ACTIVE
107974,Customer_07974,PREMIUM,Pune,Maharashtra,1982-02-03,2025-05-06,ACTIVE
107975,Customer_07975,RETAIL,Pune,Maharashtra,2012-08-20,2021-06-10,ACTIVE
107976,Customer_07976,RETAIL,Bangalore,Karnataka,1993-04-08,2021-06-25,ACTIVE
107977,Customer_07977,PREMIUM,Mumbai,Maharashtra,2015-05-16,2021-01-22,ACTIVE
107978,Customer_07978,RETAIL,Ahmedabad,Gujarat,1999-12-17,2024-01-17,ACTIVE
107979,Customer_07979,RETAIL,Bangalore,Karnataka,2015-04-09,2025-01-01,ACTIVE
107980,Customer_07980,PREMIUM,Ahmedabad,Gujarat,1984-09-23,2024-12-08,ACTIVE
107981,Customer_07981,RETAIL,Ahmedabad,Gujarat,2014-05-30,2022-07-19,ACTIVE
107982,Customer_07982,RETAIL,Ahmedabad,Gujarat,2001-08-08,2024-08-14,ACTIVE
107983,Customer_07983,PREMIUM,Chennai,Tamil Nadu,1997-02-17,2020-03-12,ACTIVE
107984,Customer_07984,RETAIL,Bangalore,Karnataka,2000-11-17,2024-04-25,ACTIVE
107985,Customer_07985,RETAIL,Hyderabad,Telangana,1992-08-07,2023-02-11,ACTIVE
107986,Customer_07986,PREMIUM,Mumbai,Maharashtra,2003-12-03,2025-06-14,ACTIVE
107987,Customer_07987,BUSINESS,Kolkata,West Bengal,2010-10-15,2026-05-11,ACTIVE
107988,Customer_07988,RETAIL,Delhi,Delhi,2012-06-09,2023-08-27,ACTIVE
107989,Customer_07989,RETAIL,Mumbai,Maharashtra,2019-05-04,2024-02-01,ACTIVE
107990,Customer_07990,RETAIL,Pune,Maharashtra,1996-02-12,2026-02-06,ACTIVE
107991,Customer_07991,RETAIL,Pune,Maharashtra,2010-09-27,2022-04-04,ACTIVE
107992,Customer_07992,RETAIL,Mumbai,Maharashtra,2015-08-28,2020-12-13,ACTIVE
107993,Customer_07993,RETAIL,Hyderabad,Telangana,1979-11-23,2023-04-30,ACTIVE
107994,Customer_07994,RETAIL,Mumbai,Maharashtra,1998-08-29,2022-05-03,ACTIVE
107995,Customer_07995,PREMIUM,Kolkata,West Bengal,2007-12-11,2024-03-03,ACTIVE
107996,Customer_07996,RETAIL,Bangalore,Karnataka,1997-12-09,2025-02-22,ACTIVE
107997,Customer_07997,PREMIUM,Hyderabad,Telangana,1983-04-10,2023-04-24,ACTIVE
107998,Customer_07998,RETAIL,Delhi,Delhi,2006-02-03,2022-01-09,ACTIVE
107999,Customer_07999,PREMIUM,Pune,Maharashtra,1995-11-04,2023-09-17,ACTIVE
108000,Customer_08000,RETAIL,Pune,Maharashtra,2004-07-10,2022-11-29,INACTIVE
108001,Customer_08001,RETAIL,Hyderabad,Telangana,1979-03-22,2021-03-21,ACTIVE
108002,Customer_08002,PREMIUM,Hyderabad,Telangana,1979-08-20,2025-01-28,ACTIVE
108003,Customer_08003,PREMIUM,Delhi,Delhi,2003-12-04,2022-03-08,ACTIVE
108004,Customer_08004,RETAIL,Delhi,Delhi,2019-07-06,2023-07-16,ACTIVE
108005,Customer_08005,RETAIL,Ahmedabad,Gujarat,2005-06-04,2025-12-20,INACTIVE
108006,Customer_08006,RETAIL,Kolkata,West Bengal,2017-11-17,2021-03-26,ACTIVE
108007,Customer_08007,RETAIL,Bangalore,Karnataka,2013-12-16,2022-10-22,ACTIVE
108008,Customer_08008,RETAIL,Pune,Maharashtra,1990-09-19,2021-02-23,ACTIVE
108009,Customer_08009,PREMIUM,Delhi,Delhi,1983-05-15,2022-11-14,ACTIVE
108010,Customer_08010,RETAIL,Chennai,Tamil Nadu,2002-02-07,2021-12-23,ACTIVE
108011,Customer_08011,RETAIL,Chennai,Tamil Nadu,2004-08-23,2026-01-06,ACTIVE
108012,Customer_08012,RETAIL,Pune,Maharashtra,2010-10-22,2021-12-28,ACTIVE
108013,Customer_08013,BUSINESS,Mumbai,Maharashtra,2000-07-24,2024-01-13,ACTIVE
108014,Customer_08014,RETAIL,Bangalore,Karnataka,2016-12-19,2020-11-24,ACTIVE
108015,Customer_08015,RETAIL,Kolkata,West Bengal,2013-10-28,2022-12-30,ACTIVE
108016,Customer_08016,RETAIL,Pune,Maharashtra,2003-03-24,2025-06-26,ACTIVE
108017,Customer_08017,PREMIUM,Bangalore,Karnataka,2001-10-22,2024-05-31,ACTIVE
108018,Customer_08018,RETAIL,Pune,Maharashtra,1979-12-11,2021-11-09,ACTIVE
108019,Customer_08019,RETAIL,Pune,Maharashtra,2011-03-27,2026-05-21,ACTIVE
108020,Customer_08020,RETAIL,Chennai,Tamil Nadu,2007-02-13,2025-04-09,ACTIVE
108021,Customer_08021,PREMIUM,Delhi,Delhi,2015-12-21,2022-08-23,ACTIVE
108022,Customer_08022,RETAIL,Delhi,Delhi,1982-12-27,2026-05-25,ACTIVE
108023,Customer_08023,RETAIL,Ahmedabad,Gujarat,1985-03-01,2021-03-25,ACTIVE
108024,Customer_08024,RETAIL,Pune,Maharashtra,2006-09-23,2022-03-07,ACTIVE
108025,Customer_08025,RETAIL,Pune,Maharashtra,1999-04-05,2026-02-11,ACTIVE
108026,Customer_08026,RETAIL,Ahmedabad,Gujarat,2003-04-16,2026-05-17,ACTIVE
108027,Customer_08027,RETAIL,Chennai,Tamil Nadu,1997-01-04,2025-05-29,ACTIVE
108028,Customer_08028,RETAIL,Mumbai,Maharashtra,2005-06-23,2021-04-03,ACTIVE
108029,Customer_08029,RETAIL,Bangalore,Karnataka,2006-03-17,2021-06-08,ACTIVE
108030,Customer_08030,RETAIL,Chennai,Tamil Nadu,1986-12-08,2024-04-02,INACTIVE
108031,Customer_08031,RETAIL,Delhi,Delhi,2010-05-23,2020-05-14,ACTIVE
108032,Customer_08032,RETAIL,Chennai,Tamil Nadu,1999-06-09,2026-07-06,ACTIVE
108033,Customer_08033,RETAIL,Hyderabad,Telangana,2002-10-20,2026-03-09,ACTIVE
108034,Customer_08034,RETAIL,Delhi,Delhi,2004-07-17,2025-04-24,ACTIVE
108035,Customer_08035,RETAIL,Kolkata,West Bengal,2009-09-26,2026-05-12,ACTIVE
108036,Customer_08036,PREMIUM,Bangalore,Karnataka,1991-07-01,2021-07-05,ACTIVE
108037,Customer_08037,BUSINESS,Ahmedabad,Gujarat,1979-06-11,2025-10-16,ACTIVE
108038,Customer_08038,RETAIL,Mumbai,Maharashtra,1986-08-16,2021-09-09,ACTIVE
108039,Customer_08039,RETAIL,Delhi,Delhi,2018-10-29,2020-10-17,ACTIVE
108040,Customer_08040,BUSINESS,Hyderabad,Telangana,1988-04-23,2021-09-21,ACTIVE
108041,Customer_08041,BUSINESS,Ahmedabad,Gujarat,1989-05-28,2025-02-02,ACTIVE
108042,Customer_08042,RETAIL,Pune,Maharashtra,2014-05-27,2026-03-13,ACTIVE
108043,Customer_08043,RETAIL,Ahmedabad,Gujarat,1988-11-05,2024-01-08,ACTIVE
108044,Customer_08044,PREMIUM,Pune,Maharashtra,1998-03-30,2021-08-11,ACTIVE
108045,Customer_08045,BUSINESS,Bangalore,Karnataka,1994-05-20,2023-12-13,ACTIVE
108046,Customer_08046,PREMIUM,Delhi,Delhi,2006-04-25,2023-05-08,ACTIVE
108047,Customer_08047,RETAIL,Bangalore,Karnataka,2003-07-31,2023-05-28,ACTIVE
108048,Customer_08048,RETAIL,Ahmedabad,Gujarat,2000-04-23,2022-04-19,ACTIVE
108049,Customer_08049,BUSINESS,Hyderabad,Telangana,1999-10-06,2020-11-28,ACTIVE
108050,Customer_08050,RETAIL,Kolkata,West Bengal,2013-06-02,2022-05-17,ACTIVE
108051,Customer_08051,RETAIL,Delhi,Delhi,2003-01-16,2025-11-06,ACTIVE
108052,Customer_08052,PREMIUM,Ahmedabad,Gujarat,2000-01-18,2022-09-06,ACTIVE
108053,Customer_08053,RETAIL,Bangalore,Karnataka,2015-08-10,2020-02-19,ACTIVE
108054,Customer_08054,RETAIL,Hyderabad,Telangana,1982-12-30,2022-04-08,ACTIVE
108055,Customer_08055,RETAIL,Hyderabad,Telangana,2013-05-24,2023-01-11,ACTIVE
108056,Customer_08056,RETAIL,Hyderabad,Telangana,1987-04-18,2023-12-10,ACTIVE
108057,Customer_08057,RETAIL,Chennai,Tamil Nadu,1992-10-14,2024-03-19,ACTIVE
108058,Customer_08058,RETAIL,Bangalore,Karnataka,1979-09-16,2022-10-18,ACTIVE
108059,Customer_08059,RETAIL,Hyderabad,Telangana,2002-08-18,2020-12-09,ACTIVE
108060,Customer_08060,RETAIL,Ahmedabad,Gujarat,2013-04-24,2022-11-24,INACTIVE
108061,Customer_08061,RETAIL,Bangalore,Karnataka,1994-11-04,2020-01-08,ACTIVE
108062,Customer_08062,BUSINESS,Chennai,Tamil Nadu,2006-05-28,2023-04-29,ACTIVE
108063,Customer_08063,RETAIL,Pune,Maharashtra,1995-04-22,2022-12-04,ACTIVE
108064,Customer_08064,BUSINESS,Delhi,Delhi,2010-05-06,2022-05-04,ACTIVE
108065,Customer_08065,RETAIL,Kolkata,West Bengal,2020-03-05,2024-05-07,ACTIVE
108066,Customer_08066,RETAIL,Hyderabad,Telangana,2008-07-12,2024-12-15,ACTIVE
108067,Customer_08067,PREMIUM,Pune,Maharashtra,1993-02-21,2021-09-25,ACTIVE
108068,Customer_08068,PREMIUM,Chennai,Tamil Nadu,2013-01-09,2023-04-23,ACTIVE
108069,Customer_08069,RETAIL,Kolkata,West Bengal,1980-09-21,2023-05-08,ACTIVE
108070,Customer_08070,RETAIL,Mumbai,Maharashtra,2019-09-12,2023-05-07,ACTIVE
108071,Customer_08071,PREMIUM,Mumbai,Maharashtra,2013-08-23,2022-08-25,ACTIVE
108072,Customer_08072,RETAIL,Bangalore,Karnataka,2006-01-01,2021-05-18,ACTIVE
108073,Customer_08073,RETAIL,Hyderabad,Telangana,2004-08-29,2021-02-15,ACTIVE
108074,Customer_08074,RETAIL,Delhi,Delhi,1989-07-10,2020-03-15,INACTIVE
108075,Customer_08075,RETAIL,Kolkata,West Bengal,1996-11-17,2020-05-05,INACTIVE
108076,Customer_08076,PREMIUM,Kolkata,West Bengal,1983-04-30,2025-04-26,ACTIVE
108077,Customer_08077,RETAIL,Chennai,Tamil Nadu,1993-01-28,2020-06-16,ACTIVE
108078,Customer_08078,PREMIUM,Bangalore,Karnataka,2003-05-21,2025-08-15,ACTIVE
108079,Customer_08079,PREMIUM,Mumbai,Maharashtra,1994-01-14,2025-11-21,ACTIVE
108080,Customer_08080,BUSINESS,Kolkata,West Bengal,2010-10-26,2021-08-01,ACTIVE
108081,Customer_08081,RETAIL,Ahmedabad,Gujarat,2014-03-15,2022-11-29,ACTIVE
108082,Customer_08082,RETAIL,Bangalore,Karnataka,2002-03-24,2022-05-14,ACTIVE
108083,Customer_08083,RETAIL,Chennai,Tamil Nadu,1993-03-01,2022-08-03,ACTIVE
108084,Customer_08084,RETAIL,Kolkata,West Bengal,1991-08-19,2022-05-09,ACTIVE
108085,Customer_08085,RETAIL,Hyderabad,Telangana,2001-08-13,2022-04-01,ACTIVE
108086,Customer_08086,PREMIUM,Pune,Maharashtra,2008-09-21,2024-06-30,ACTIVE
108087,Customer_08087,RETAIL,Hyderabad,Telangana,1984-05-14,2022-09-17,ACTIVE
108088,Customer_08088,RETAIL,Ahmedabad,Gujarat,1997-07-24,2021-03-25,INACTIVE
108089,Customer_08089,PREMIUM,Kolkata,West Bengal,1997-04-04,2022-06-28,INACTIVE
108090,Customer_08090,PREMIUM,Bangalore,Karnataka,1990-12-07,2026-06-06,ACTIVE
108091,Customer_08091,RETAIL,Chennai,Tamil Nadu,1988-12-05,2026-06-28,ACTIVE
108092,Customer_08092,PREMIUM,Delhi,Delhi,2013-09-15,2020-05-28,ACTIVE
108093,Customer_08093,RETAIL,Hyderabad,Telangana,1996-12-04,2023-10-13,ACTIVE
108094,Customer_08094,PREMIUM,Pune,Maharashtra,2002-11-03,2026-05-26,ACTIVE
108095,Customer_08095,RETAIL,Delhi,Delhi,1980-09-26,2021-04-10,ACTIVE
108096,Customer_08096,RETAIL,Delhi,Delhi,1990-10-21,2020-06-14,ACTIVE
108097,Customer_08097,RETAIL,Delhi,Delhi,1988-05-07,2021-05-23,ACTIVE
108098,Customer_08098,RETAIL,Delhi,Delhi,1992-08-29,2022-02-01,ACTIVE
108099,Customer_08099,PREMIUM,Mumbai,Maharashtra,2013-09-23,2026-02-21,ACTIVE
108100,Customer_08100,RETAIL,Hyderabad,Telangana,2002-08-22,2021-08-24,ACTIVE
108101,Customer_08101,RETAIL,Bangalore,Karnataka,2016-03-20,2022-03-07,ACTIVE
108102,Customer_08102,RETAIL,Ahmedabad,Gujarat,1996-07-13,2021-09-15,ACTIVE
108103,Customer_08103,RETAIL,Pune,Maharashtra,2010-10-15,2022-07-28,ACTIVE
108104,Customer_08104,PREMIUM,Hyderabad,Telangana,1985-10-03,2026-07-15,ACTIVE
108105,Customer_08105,RETAIL,Pune,Maharashtra,2012-08-24,2020-07-20,ACTIVE
108106,Customer_08106,PREMIUM,Chennai,Tamil Nadu,2004-03-27,2023-01-05,ACTIVE
108107,Customer_08107,PREMIUM,Bangalore,Karnataka,1980-10-03,2024-01-13,ACTIVE
108108,Customer_08108,RETAIL,Bangalore,Karnataka,2007-06-19,2020-10-13,ACTIVE
108109,Customer_08109,PREMIUM,Hyderabad,Telangana,1998-11-06,2020-04-16,ACTIVE
108110,Customer_08110,RETAIL,Kolkata,West Bengal,1979-03-03,2026-06-15,ACTIVE
108111,Customer_08111,RETAIL,Delhi,Delhi,2013-12-12,2021-10-08,INACTIVE
108112,Customer_08112,RETAIL,Kolkata,West Bengal,2001-03-19,2021-08-05,ACTIVE
108113,Customer_08113,RETAIL,Pune,Maharashtra,2004-01-28,2022-04-16,ACTIVE
108114,Customer_08114,RETAIL,Delhi,Delhi,2002-11-13,2020-06-23,ACTIVE
108115,Customer_08115,RETAIL,Delhi,Delhi,1982-11-19,2020-12-18,ACTIVE
108116,Customer_08116,PREMIUM,Ahmedabad,Gujarat,1992-10-19,2020-02-28,ACTIVE
108117,Customer_08117,RETAIL,Mumbai,Maharashtra,2007-12-25,2023-07-07,ACTIVE
108118,Customer_08118,BUSINESS,Bangalore,Karnataka,1993-01-27,2023-01-16,ACTIVE
108119,Customer_08119,RETAIL,Bangalore,Karnataka,2015-08-25,2021-10-19,ACTIVE
108120,Customer_08120,RETAIL,Kolkata,West Bengal,1992-03-17,2026-01-12,ACTIVE
108121,Customer_08121,RETAIL,Bangalore,Karnataka,1998-01-14,2022-01-02,ACTIVE
108122,Customer_08122,RETAIL,Ahmedabad,Gujarat,1997-06-14,2020-02-10,ACTIVE
108123,Customer_08123,RETAIL,Hyderabad,Telangana,1979-12-10,2020-08-27,ACTIVE
108124,Customer_08124,BUSINESS,Hyderabad,Telangana,2012-07-05,2024-10-06,ACTIVE
108125,Customer_08125,BUSINESS,Kolkata,West Bengal,1984-09-25,2023-07-03,ACTIVE
108126,Customer_08126,RETAIL,Pune,Maharashtra,1998-06-05,2021-09-17,ACTIVE
108127,Customer_08127,RETAIL,Bangalore,Karnataka,2016-06-12,2021-08-16,INACTIVE
108128,Customer_08128,RETAIL,Chennai,Tamil Nadu,2019-12-21,2021-06-09,ACTIVE
108129,Customer_08129,RETAIL,Pune,Maharashtra,1988-08-14,2022-10-09,ACTIVE
108130,Customer_08130,RETAIL,Mumbai,Maharashtra,1994-08-12,2024-08-16,ACTIVE
108131,Customer_08131,PREMIUM,Pune,Maharashtra,2002-05-26,2024-03-11,ACTIVE
108132,Customer_08132,PREMIUM,Kolkata,West Bengal,2007-11-18,2024-11-29,ACTIVE
108133,Customer_08133,RETAIL,Hyderabad,Telangana,1989-06-07,2020-04-08,ACTIVE
108134,Customer_08134,RETAIL,Delhi,Delhi,2001-09-16,2023-09-03,ACTIVE
108135,Customer_08135,RETAIL,Hyderabad,Telangana,2013-06-05,2025-01-08,ACTIVE
108136,Customer_08136,BUSINESS,Hyderabad,Telangana,2010-06-21,2021-04-30,ACTIVE
108137,Customer_08137,RETAIL,Kolkata,West Bengal,2012-12-04,2023-10-30,ACTIVE
108138,Customer_08138,RETAIL,Ahmedabad,Gujarat,2015-08-25,2020-01-16,ACTIVE
108139,Customer_08139,RETAIL,Ahmedabad,Gujarat,2014-07-16,2025-12-23,ACTIVE
108140,Customer_08140,PREMIUM,Pune,Maharashtra,2000-03-06,2024-11-04,ACTIVE
108141,Customer_08141,PREMIUM,Kolkata,West Bengal,2019-03-05,2024-02-04,ACTIVE
108142,Customer_08142,RETAIL,Bangalore,Karnataka,1999-06-22,2023-12-10,ACTIVE
108143,Customer_08143,RETAIL,Bangalore,Karnataka,2008-04-20,2024-05-26,ACTIVE
108144,Customer_08144,PREMIUM,Hyderabad,Telangana,2017-11-17,2022-10-11,ACTIVE
108145,Customer_08145,RETAIL,Chennai,Tamil Nadu,1980-12-09,2026-05-09,ACTIVE
108146,Customer_08146,RETAIL,Bangalore,Karnataka,2017-07-04,2021-05-27,ACTIVE
108147,Customer_08147,BUSINESS,Ahmedabad,Gujarat,2012-12-01,2025-04-29,ACTIVE
108148,Customer_08148,RETAIL,Pune,Maharashtra,2020-02-09,2025-01-02,ACTIVE
108149,Customer_08149,RETAIL,Mumbai,Maharashtra,2010-11-25,2025-07-03,ACTIVE
108150,Customer_08150,RETAIL,Mumbai,Maharashtra,1985-08-04,2020-06-19,ACTIVE
108151,Customer_08151,PREMIUM,Kolkata,West Bengal,1991-07-26,2022-12-04,ACTIVE
108152,Customer_08152,PREMIUM,Bangalore,Karnataka,1979-04-24,2024-03-22,ACTIVE
108153,Customer_08153,RETAIL,Bangalore,Karnataka,2004-02-16,2024-01-25,ACTIVE
108154,Customer_08154,PREMIUM,Hyderabad,Telangana,1997-02-14,2024-07-10,ACTIVE
108155,Customer_08155,BUSINESS,Bangalore,Karnataka,1998-08-29,2024-03-02,ACTIVE
108156,Customer_08156,PREMIUM,Chennai,Tamil Nadu,2009-04-13,2021-06-19,ACTIVE
108157,Customer_08157,RETAIL,Mumbai,Maharashtra,2012-11-06,2025-06-09,ACTIVE
108158,Customer_08158,RETAIL,Pune,Maharashtra,1982-02-26,2023-03-05,ACTIVE
108159,Customer_08159,PREMIUM,Ahmedabad,Gujarat,2016-10-26,2026-05-18,ACTIVE
108160,Customer_08160,RETAIL,Bangalore,Karnataka,1994-07-05,2023-06-02,ACTIVE
108161,Customer_08161,RETAIL,Pune,Maharashtra,2010-01-18,2023-07-14,ACTIVE
108162,Customer_08162,RETAIL,Delhi,Delhi,2003-01-16,2023-11-20,ACTIVE
108163,Customer_08163,PREMIUM,Delhi,Delhi,1997-05-22,2025-09-21,ACTIVE
108164,Customer_08164,RETAIL,Delhi,Delhi,1987-11-23,2025-12-02,ACTIVE
108165,Customer_08165,RETAIL,Delhi,Delhi,1986-12-14,2023-11-04,ACTIVE
108166,Customer_08166,RETAIL,Hyderabad,Telangana,2009-03-11,2023-08-04,ACTIVE
108167,Customer_08167,RETAIL,Mumbai,Maharashtra,1992-05-12,2020-05-10,ACTIVE
108168,Customer_08168,RETAIL,Delhi,Delhi,1988-08-04,2020-06-10,ACTIVE
108169,Customer_08169,RETAIL,Bangalore,Karnataka,1979-05-27,2024-11-02,ACTIVE
108170,Customer_08170,RETAIL,Chennai,Tamil Nadu,2013-09-09,2022-04-07,ACTIVE
108171,Customer_08171,BUSINESS,Ahmedabad,Gujarat,1995-05-30,2022-11-14,ACTIVE
108172,Customer_08172,RETAIL,Ahmedabad,Gujarat,1993-06-20,2024-02-16,ACTIVE
108173,Customer_08173,PREMIUM,Delhi,Delhi,1994-06-07,2021-06-16,ACTIVE
108174,Customer_08174,RETAIL,Chennai,Tamil Nadu,2003-10-01,2022-03-10,ACTIVE
108175,Customer_08175,RETAIL,Mumbai,Maharashtra,1998-12-15,2020-04-13,ACTIVE
108176,Customer_08176,RETAIL,Chennai,Tamil Nadu,2001-07-06,2025-01-17,ACTIVE
108177,Customer_08177,RETAIL,Pune,Maharashtra,1990-07-30,2023-05-05,ACTIVE
108178,Customer_08178,RETAIL,Mumbai,Maharashtra,1991-05-04,2021-03-31,ACTIVE
108179,Customer_08179,RETAIL,Hyderabad,Telangana,2014-08-06,2023-12-01,ACTIVE
108180,Customer_08180,BUSINESS,Pune,Maharashtra,1997-03-13,2020-12-09,ACTIVE
108181,Customer_08181,RETAIL,Bangalore,Karnataka,2019-02-14,2025-02-16,ACTIVE
108182,Customer_08182,BUSINESS,Mumbai,Maharashtra,2013-11-27,2021-07-08,ACTIVE
108183,Customer_08183,RETAIL,Hyderabad,Telangana,2008-05-23,2021-10-10,ACTIVE
108184,Customer_08184,RETAIL,Kolkata,West Bengal,2001-09-07,2025-10-03,ACTIVE
108185,Customer_08185,RETAIL,Chennai,Tamil Nadu,2013-07-22,2024-11-18,ACTIVE
108186,Customer_08186,RETAIL,Kolkata,West Bengal,1981-06-12,2024-06-22,ACTIVE
108187,Customer_08187,RETAIL,Bangalore,Karnataka,1999-08-29,2023-12-15,ACTIVE
108188,Customer_08188,RETAIL,Pune,Maharashtra,2008-06-12,2023-06-02,INACTIVE
108189,Customer_08189,RETAIL,Pune,Maharashtra,1983-08-10,2021-04-05,ACTIVE
108190,Customer_08190,PREMIUM,Pune,Maharashtra,1986-08-28,2021-12-21,ACTIVE
108191,Customer_08191,RETAIL,Pune,Maharashtra,1981-11-05,2026-04-29,ACTIVE
108192,Customer_08192,BUSINESS,Delhi,Delhi,1999-02-15,2026-01-13,ACTIVE
108193,Customer_08193,RETAIL,Pune,Maharashtra,2001-05-27,2024-10-09,ACTIVE
108194,Customer_08194,RETAIL,Chennai,Tamil Nadu,1998-05-29,2025-11-03,ACTIVE
108195,Customer_08195,RETAIL,Pune,Maharashtra,1981-06-03,2025-04-14,INACTIVE
108196,Customer_08196,RETAIL,Chennai,Tamil Nadu,1999-02-22,2022-08-16,ACTIVE
108197,Customer_08197,PREMIUM,Delhi,Delhi,2015-08-21,2024-09-13,ACTIVE
108198,Customer_08198,PREMIUM,Hyderabad,Telangana,1980-06-09,2024-12-11,ACTIVE
108199,Customer_08199,RETAIL,Chennai,Tamil Nadu,2011-01-12,2020-11-28,ACTIVE
108200,Customer_08200,RETAIL,Ahmedabad,Gujarat,1990-05-08,2026-01-01,ACTIVE
108201,Customer_08201,PREMIUM,Bangalore,Karnataka,1982-03-27,2023-03-29,ACTIVE
108202,Customer_08202,RETAIL,Delhi,Delhi,1981-04-01,2022-01-22,ACTIVE
108203,Customer_08203,RETAIL,Chennai,Tamil Nadu,1979-09-08,2023-02-11,ACTIVE
108204,Customer_08204,RETAIL,Hyderabad,Telangana,1996-03-16,2022-02-27,ACTIVE
108205,Customer_08205,RETAIL,Bangalore,Karnataka,1999-08-13,2022-03-09,ACTIVE
108206,Customer_08206,RETAIL,Chennai,Tamil Nadu,2004-09-06,2023-08-02,ACTIVE
108207,Customer_08207,RETAIL,Bangalore,Karnataka,1982-07-01,2026-07-22,ACTIVE
108208,Customer_08208,PREMIUM,Delhi,Delhi,2006-01-10,2022-09-07,ACTIVE
108209,Customer_08209,RETAIL,Delhi,Delhi,2009-07-18,2021-05-30,INACTIVE
108210,Customer_08210,BUSINESS,Ahmedabad,Gujarat,1981-10-25,2025-01-01,ACTIVE
108211,Customer_08211,PREMIUM,Hyderabad,Telangana,2006-11-21,2021-12-08,ACTIVE
108212,Customer_08212,RETAIL,Mumbai,Maharashtra,1984-01-18,2023-07-12,ACTIVE
108213,Customer_08213,RETAIL,Ahmedabad,Gujarat,1997-03-17,2021-08-31,ACTIVE
108214,Customer_08214,RETAIL,Hyderabad,Telangana,2006-05-01,2021-05-23,ACTIVE
108215,Customer_08215,PREMIUM,Mumbai,Maharashtra,2014-12-07,2021-08-27,ACTIVE
108216,Customer_08216,RETAIL,Hyderabad,Telangana,2000-12-23,2022-05-05,ACTIVE
108217,Customer_08217,BUSINESS,Chennai,Tamil Nadu,1997-01-17,2026-04-12,ACTIVE
108218,Customer_08218,RETAIL,Ahmedabad,Gujarat,2013-05-23,2024-05-29,ACTIVE
108219,Customer_08219,RETAIL,Bangalore,Karnataka,1988-01-16,2024-07-27,ACTIVE
108220,Customer_08220,RETAIL,Chennai,Tamil Nadu,1987-08-04,2020-05-08,ACTIVE
108221,Customer_08221,RETAIL,Delhi,Delhi,1998-04-26,2020-01-27,ACTIVE
108222,Customer_08222,PREMIUM,Delhi,Delhi,1984-02-09,2022-04-01,INACTIVE
108223,Customer_08223,PREMIUM,Chennai,Tamil Nadu,1980-01-29,2025-10-31,ACTIVE
108224,Customer_08224,RETAIL,Kolkata,West Bengal,1994-01-12,2020-02-08,ACTIVE
108225,Customer_08225,RETAIL,Ahmedabad,Gujarat,1985-06-05,2025-01-12,ACTIVE
108226,Customer_08226,RETAIL,Kolkata,West Bengal,2005-04-30,2025-05-24,ACTIVE
108227,Customer_08227,RETAIL,Chennai,Tamil Nadu,2001-09-10,2021-10-28,ACTIVE
108228,Customer_08228,RETAIL,Chennai,Tamil Nadu,1999-02-14,2020-10-08,ACTIVE
108229,Customer_08229,RETAIL,Delhi,Delhi,1999-07-19,2021-01-03,ACTIVE
108230,Customer_08230,PREMIUM,Kolkata,West Bengal,1983-03-19,2020-07-04,ACTIVE
108231,Customer_08231,RETAIL,Delhi,Delhi,1995-09-11,2025-07-17,ACTIVE
108232,Customer_08232,RETAIL,Delhi,Delhi,1982-02-03,2025-03-02,ACTIVE
108233,Customer_08233,PREMIUM,Kolkata,West Bengal,1993-09-27,2024-06-02,INACTIVE
108234,Customer_08234,PREMIUM,Chennai,Tamil Nadu,2006-12-30,2020-08-02,ACTIVE
108235,Customer_08235,PREMIUM,Delhi,Delhi,2019-09-04,2026-03-30,ACTIVE
108236,Customer_08236,RETAIL,Kolkata,West Bengal,1991-05-12,2024-06-30,ACTIVE
108237,Customer_08237,RETAIL,Ahmedabad,Gujarat,1990-01-04,2025-06-10,ACTIVE
108238,Customer_08238,PREMIUM,Delhi,Delhi,2006-08-29,2022-06-30,ACTIVE
108239,Customer_08239,RETAIL,Chennai,Tamil Nadu,2016-11-10,2021-04-19,INACTIVE
108240,Customer_08240,RETAIL,Bangalore,Karnataka,1991-04-11,2025-05-26,ACTIVE
108241,Customer_08241,RETAIL,Hyderabad,Telangana,2013-08-01,2020-05-03,ACTIVE
108242,Customer_08242,RETAIL,Ahmedabad,Gujarat,1992-02-03,2021-03-14,ACTIVE
108243,Customer_08243,BUSINESS,Chennai,Tamil Nadu,2005-06-03,2021-01-03,ACTIVE
108244,Customer_08244,RETAIL,Kolkata,West Bengal,1987-10-13,2020-07-21,ACTIVE
108245,Customer_08245,RETAIL,Chennai,Tamil Nadu,1989-12-04,2023-08-15,ACTIVE
108246,Customer_08246,BUSINESS,Ahmedabad,Gujarat,2019-07-25,2021-07-02,ACTIVE
108247,Customer_08247,BUSINESS,Bangalore,Karnataka,1995-02-22,2026-05-07,ACTIVE
108248,Customer_08248,RETAIL,Bangalore,Karnataka,1979-10-29,2026-02-15,ACTIVE
108249,Customer_08249,PREMIUM,Bangalore,Karnataka,2010-11-15,2021-02-08,ACTIVE
108250,Customer_08250,RETAIL,Ahmedabad,Gujarat,1984-05-22,2025-06-12,INACTIVE
108251,Customer_08251,PREMIUM,Chennai,Tamil Nadu,1983-09-17,2020-04-03,ACTIVE
108252,Customer_08252,RETAIL,Pune,Maharashtra,2013-07-05,2021-11-16,ACTIVE
108253,Customer_08253,RETAIL,Mumbai,Maharashtra,1993-06-24,2024-05-02,ACTIVE
108254,Customer_08254,RETAIL,Chennai,Tamil Nadu,1984-11-02,2021-05-09,ACTIVE
108255,Customer_08255,PREMIUM,Kolkata,West Bengal,2019-03-28,2020-07-06,ACTIVE
108256,Customer_08256,RETAIL,Bangalore,Karnataka,1990-09-10,2021-01-11,ACTIVE
108257,Customer_08257,RETAIL,Chennai,Tamil Nadu,2005-02-27,2024-04-29,ACTIVE
108258,Customer_08258,PREMIUM,Kolkata,West Bengal,1989-12-15,2021-06-14,ACTIVE
108259,Customer_08259,RETAIL,Chennai,Tamil Nadu,2003-01-11,2021-08-13,ACTIVE
108260,Customer_08260,PREMIUM,Ahmedabad,Gujarat,2007-10-15,2021-05-07,ACTIVE
108261,Customer_08261,RETAIL,Hyderabad,Telangana,2010-04-13,2025-10-17,ACTIVE
108262,Customer_08262,RETAIL,Hyderabad,Telangana,1996-01-20,2025-11-01,ACTIVE
108263,Customer_08263,RETAIL,Kolkata,West Bengal,2004-06-17,2025-04-15,ACTIVE
108264,Customer_08264,RETAIL,Hyderabad,Telangana,2013-09-07,2020-02-17,ACTIVE
108265,Customer_08265,RETAIL,Mumbai,Maharashtra,2013-09-03,2021-08-24,ACTIVE
108266,Customer_08266,RETAIL,Bangalore,Karnataka,2009-11-10,2025-10-13,ACTIVE
108267,Customer_08267,RETAIL,Pune,Maharashtra,1995-07-30,2023-08-22,ACTIVE
108268,Customer_08268,RETAIL,Chennai,Tamil Nadu,2000-12-22,2020-04-09,ACTIVE
108269,Customer_08269,RETAIL,Pune,Maharashtra,2018-11-26,2021-08-20,ACTIVE
108270,Customer_08270,PREMIUM,Chennai,Tamil Nadu,1989-05-23,2025-06-07,ACTIVE
108271,Customer_08271,RETAIL,Delhi,Delhi,2007-08-09,2025-10-10,INACTIVE
108272,Customer_08272,RETAIL,Mumbai,Maharashtra,2011-09-16,2022-10-18,ACTIVE
108273,Customer_08273,PREMIUM,Mumbai,Maharashtra,1998-11-29,2020-12-29,ACTIVE
108274,Customer_08274,RETAIL,Chennai,Tamil Nadu,2014-09-23,2020-07-04,ACTIVE
108275,Customer_08275,RETAIL,Mumbai,Maharashtra,1996-10-01,2021-06-24,ACTIVE
108276,Customer_08276,BUSINESS,Kolkata,West Bengal,2013-07-05,2025-04-01,ACTIVE
108277,Customer_08277,RETAIL,Kolkata,West Bengal,2005-08-17,2025-06-06,ACTIVE
108278,Customer_08278,BUSINESS,Hyderabad,Telangana,1981-04-15,2021-09-07,ACTIVE
108279,Customer_08279,RETAIL,Pune,Maharashtra,2012-12-23,2026-06-03,ACTIVE
108280,Customer_08280,RETAIL,Kolkata,West Bengal,2007-10-30,2025-10-08,ACTIVE
108281,Customer_08281,RETAIL,Hyderabad,Telangana,1988-04-18,2026-06-28,ACTIVE
108282,Customer_08282,RETAIL,Bangalore,Karnataka,2008-01-28,2024-12-10,ACTIVE
108283,Customer_08283,BUSINESS,Mumbai,Maharashtra,2000-03-04,2023-10-07,ACTIVE
108284,Customer_08284,RETAIL,Chennai,Tamil Nadu,2017-11-23,2026-06-14,ACTIVE
108285,Customer_08285,BUSINESS,Kolkata,West Bengal,1991-09-05,2024-07-10,ACTIVE
108286,Customer_08286,PREMIUM,Mumbai,Maharashtra,1989-12-26,2025-06-19,ACTIVE
108287,Customer_08287,BUSINESS,Mumbai,Maharashtra,1981-07-25,2022-08-24,ACTIVE
108288,Customer_08288,BUSINESS,Bangalore,Karnataka,2011-06-17,2021-08-01,ACTIVE
108289,Customer_08289,RETAIL,Chennai,Tamil Nadu,2019-08-16,2023-10-08,ACTIVE
108290,Customer_08290,BUSINESS,Bangalore,Karnataka,2007-06-19,2022-09-09,ACTIVE
108291,Customer_08291,PREMIUM,Bangalore,Karnataka,1994-05-01,2022-04-22,ACTIVE
108292,Customer_08292,RETAIL,Delhi,Delhi,2015-04-02,2024-07-29,ACTIVE
108293,Customer_08293,PREMIUM,Mumbai,Maharashtra,1989-07-27,2024-01-05,ACTIVE
108294,Customer_08294,RETAIL,Mumbai,Maharashtra,2007-08-21,2022-01-28,ACTIVE
108295,Customer_08295,RETAIL,Mumbai,Maharashtra,2003-09-06,2021-08-02,ACTIVE
108296,Customer_08296,RETAIL,Hyderabad,Telangana,2014-03-04,2023-08-04,ACTIVE
108297,Customer_08297,RETAIL,Kolkata,West Bengal,2019-01-27,2022-02-24,ACTIVE
108298,Customer_08298,RETAIL,Bangalore,Karnataka,1993-12-06,2021-07-24,ACTIVE
108299,Customer_08299,RETAIL,Mumbai,Maharashtra,1983-01-29,2021-06-17,ACTIVE
108300,Customer_08300,PREMIUM,Bangalore,Karnataka,1985-08-21,2024-05-10,ACTIVE
108301,Customer_08301,PREMIUM,Ahmedabad,Gujarat,2009-07-11,2022-09-23,INACTIVE
108302,Customer_08302,PREMIUM,Pune,Maharashtra,1994-02-01,2022-04-01,ACTIVE
108303,Customer_08303,BUSINESS,Bangalore,Karnataka,1984-11-28,2020-10-03,ACTIVE
108304,Customer_08304,PREMIUM,Chennai,Tamil Nadu,2012-08-20,2020-05-12,INACTIVE
108305,Customer_08305,RETAIL,Delhi,Delhi,2005-10-23,2024-07-25,ACTIVE
108306,Customer_08306,RETAIL,Bangalore,Karnataka,1984-07-27,2026-05-11,ACTIVE
108307,Customer_08307,BUSINESS,Bangalore,Karnataka,2008-06-15,2022-02-18,ACTIVE
108308,Customer_08308,RETAIL,Bangalore,Karnataka,2005-05-13,2025-07-18,ACTIVE
108309,Customer_08309,RETAIL,Hyderabad,Telangana,2019-08-10,2023-12-14,INACTIVE
108310,Customer_08310,RETAIL,Chennai,Tamil Nadu,2019-09-21,2021-12-29,INACTIVE
108311,Customer_08311,RETAIL,Mumbai,Maharashtra,2019-03-22,2023-09-22,ACTIVE
108312,Customer_08312,PREMIUM,Mumbai,Maharashtra,2015-12-03,2020-11-07,ACTIVE
108313,Customer_08313,RETAIL,Bangalore,Karnataka,2011-09-29,2022-03-21,ACTIVE
108314,Customer_08314,PREMIUM,Ahmedabad,Gujarat,2006-09-23,2024-10-30,ACTIVE
108315,Customer_08315,RETAIL,Mumbai,Maharashtra,2001-07-15,2025-08-04,ACTIVE
108316,Customer_08316,RETAIL,Mumbai,Maharashtra,2011-09-19,2021-06-13,ACTIVE
108317,Customer_08317,RETAIL,Hyderabad,Telangana,2018-10-31,2025-12-25,INACTIVE
108318,Customer_08318,RETAIL,Bangalore,Karnataka,1983-12-13,2023-12-24,ACTIVE
108319,Customer_08319,PREMIUM,Pune,Maharashtra,1984-10-07,2021-07-04,ACTIVE
108320,Customer_08320,RETAIL,Pune,Maharashtra,1999-08-26,2025-02-12,ACTIVE
108321,Customer_08321,RETAIL,Hyderabad,Telangana,1991-03-23,2025-10-15,INACTIVE
108322,Customer_08322,RETAIL,Chennai,Tamil Nadu,2001-01-03,2021-10-15,ACTIVE
108323,Customer_08323,PREMIUM,Hyderabad,Telangana,1991-12-12,2020-09-10,ACTIVE
108324,Customer_08324,BUSINESS,Delhi,Delhi,2011-04-23,2021-11-14,ACTIVE
108325,Customer_08325,PREMIUM,Chennai,Tamil Nadu,2016-01-22,2024-12-20,ACTIVE
108326,Customer_08326,RETAIL,Kolkata,West Bengal,1990-10-08,2020-05-27,ACTIVE
108327,Customer_08327,BUSINESS,Delhi,Delhi,2010-11-20,2021-11-25,ACTIVE
108328,Customer_08328,RETAIL,Bangalore,Karnataka,1983-07-16,2022-02-06,INACTIVE
108329,Customer_08329,RETAIL,Pune,Maharashtra,2011-11-20,2020-02-10,ACTIVE
108330,Customer_08330,RETAIL,Hyderabad,Telangana,2007-11-01,2023-12-04,ACTIVE
108331,Customer_08331,RETAIL,Mumbai,Maharashtra,2008-05-04,2025-04-18,ACTIVE
108332,Customer_08332,RETAIL,Pune,Maharashtra,1999-05-24,2021-01-08,ACTIVE
108333,Customer_08333,RETAIL,Hyderabad,Telangana,1983-07-23,2025-10-28,ACTIVE
108334,Customer_08334,RETAIL,Mumbai,Maharashtra,2013-10-03,2026-04-06,ACTIVE
108335,Customer_08335,RETAIL,Ahmedabad,Gujarat,1983-09-02,2025-09-20,ACTIVE
108336,Customer_08336,RETAIL,Bangalore,Karnataka,1998-12-09,2024-09-29,ACTIVE
108337,Customer_08337,RETAIL,Bangalore,Karnataka,1986-04-28,2022-12-11,INACTIVE
108338,Customer_08338,PREMIUM,Chennai,Tamil Nadu,2013-12-02,2021-05-04,ACTIVE
108339,Customer_08339,PREMIUM,Hyderabad,Telangana,2002-09-30,2025-12-31,ACTIVE
108340,Customer_08340,RETAIL,Bangalore,Karnataka,2000-01-08,2023-06-27,INACTIVE
108341,Customer_08341,RETAIL,Ahmedabad,Gujarat,1992-03-13,2022-12-20,ACTIVE
108342,Customer_08342,RETAIL,Ahmedabad,Gujarat,2011-04-23,2022-07-28,ACTIVE
108343,Customer_08343,RETAIL,Pune,Maharashtra,1987-10-17,2021-06-07,ACTIVE
108344,Customer_08344,RETAIL,Hyderabad,Telangana,2008-10-06,2022-07-06,ACTIVE
108345,Customer_08345,RETAIL,Delhi,Delhi,2018-12-20,2025-03-30,ACTIVE
108346,Customer_08346,PREMIUM,Ahmedabad,Gujarat,1990-02-03,2023-09-05,ACTIVE
108347,Customer_08347,PREMIUM,Delhi,Delhi,2007-05-04,2022-08-07,ACTIVE
108348,Customer_08348,PREMIUM,Delhi,Delhi,1991-11-14,2020-09-16,ACTIVE
108349,Customer_08349,RETAIL,Hyderabad,Telangana,2017-05-06,2022-09-22,ACTIVE
108350,Customer_08350,PREMIUM,Kolkata,West Bengal,2016-02-03,2021-05-31,ACTIVE
108351,Customer_08351,PREMIUM,Pune,Maharashtra,1992-01-19,2022-08-12,ACTIVE
108352,Customer_08352,PREMIUM,Chennai,Tamil Nadu,1988-08-26,2020-12-25,ACTIVE
108353,Customer_08353,PREMIUM,Delhi,Delhi,1982-07-22,2026-03-24,ACTIVE
108354,Customer_08354,PREMIUM,Chennai,Tamil Nadu,2007-10-23,2021-02-21,ACTIVE
108355,Customer_08355,PREMIUM,Chennai,Tamil Nadu,2016-12-06,2020-10-24,ACTIVE
108356,Customer_08356,RETAIL,Ahmedabad,Gujarat,1985-02-14,2024-04-21,INACTIVE
108357,Customer_08357,RETAIL,Ahmedabad,Gujarat,2012-09-05,2022-04-05,INACTIVE
108358,Customer_08358,RETAIL,Hyderabad,Telangana,2010-03-06,2026-07-18,INACTIVE
108359,Customer_08359,RETAIL,Hyderabad,Telangana,1998-07-19,2022-08-27,ACTIVE
108360,Customer_08360,RETAIL,Ahmedabad,Gujarat,1988-05-02,2024-04-11,ACTIVE
108361,Customer_08361,RETAIL,Pune,Maharashtra,2005-12-24,2025-06-24,ACTIVE
108362,Customer_08362,RETAIL,Hyderabad,Telangana,2003-07-24,2026-06-21,ACTIVE
108363,Customer_08363,RETAIL,Kolkata,West Bengal,2012-06-29,2025-04-27,ACTIVE
108364,Customer_08364,BUSINESS,Pune,Maharashtra,2002-05-03,2023-10-16,ACTIVE
108365,Customer_08365,RETAIL,Ahmedabad,Gujarat,1981-03-03,2025-05-08,ACTIVE
108366,Customer_08366,RETAIL,Hyderabad,Telangana,1987-07-10,2021-11-10,ACTIVE
108367,Customer_08367,RETAIL,Delhi,Delhi,1994-10-18,2025-09-19,ACTIVE
108368,Customer_08368,RETAIL,Bangalore,Karnataka,1999-05-07,2025-09-24,ACTIVE
108369,Customer_08369,PREMIUM,Bangalore,Karnataka,1993-07-14,2022-07-10,ACTIVE
108370,Customer_08370,RETAIL,Ahmedabad,Gujarat,2015-04-10,2020-06-10,ACTIVE
108371,Customer_08371,RETAIL,Ahmedabad,Gujarat,1990-09-17,2024-07-01,ACTIVE
108372,Customer_08372,RETAIL,Kolkata,West Bengal,2007-02-10,2020-09-02,ACTIVE
108373,Customer_08373,RETAIL,Hyderabad,Telangana,1994-01-03,2020-02-11,ACTIVE
108374,Customer_08374,PREMIUM,Mumbai,Maharashtra,2019-12-06,2026-03-24,ACTIVE
108375,Customer_08375,BUSINESS,Ahmedabad,Gujarat,2016-10-14,2023-09-24,ACTIVE
108376,Customer_08376,BUSINESS,Pune,Maharashtra,2011-05-21,2024-04-09,ACTIVE
108377,Customer_08377,RETAIL,Pune,Maharashtra,2010-07-30,2025-10-14,ACTIVE
108378,Customer_08378,PREMIUM,Mumbai,Maharashtra,2005-08-03,2026-02-07,ACTIVE
108379,Customer_08379,PREMIUM,Ahmedabad,Gujarat,2003-04-13,2026-04-14,ACTIVE
108380,Customer_08380,PREMIUM,Bangalore,Karnataka,2002-04-18,2020-11-14,ACTIVE
108381,Customer_08381,RETAIL,Pune,Maharashtra,1980-04-09,2022-02-16,ACTIVE
108382,Customer_08382,RETAIL,Mumbai,Maharashtra,2017-08-30,2025-01-17,ACTIVE
108383,Customer_08383,RETAIL,Bangalore,Karnataka,2019-06-24,2020-03-10,ACTIVE
108384,Customer_08384,RETAIL,Hyderabad,Telangana,2000-10-22,2021-07-17,ACTIVE
108385,Customer_08385,PREMIUM,Ahmedabad,Gujarat,2014-12-01,2023-05-20,ACTIVE
108386,Customer_08386,RETAIL,Chennai,Tamil Nadu,1995-09-14,2022-04-04,ACTIVE
108387,Customer_08387,RETAIL,Chennai,Tamil Nadu,1983-10-11,2021-02-18,ACTIVE
108388,Customer_08388,PREMIUM,Kolkata,West Bengal,2013-06-08,2025-11-27,INACTIVE
108389,Customer_08389,RETAIL,Ahmedabad,Gujarat,2000-02-01,2022-12-11,ACTIVE
108390,Customer_08390,BUSINESS,Delhi,Delhi,2017-10-11,2022-09-14,ACTIVE
108391,Customer_08391,PREMIUM,Ahmedabad,Gujarat,1987-12-03,2024-04-26,ACTIVE
108392,Customer_08392,PREMIUM,Chennai,Tamil Nadu,1998-10-31,2024-05-28,ACTIVE
108393,Customer_08393,PREMIUM,Ahmedabad,Gujarat,2006-07-29,2023-03-28,ACTIVE
108394,Customer_08394,RETAIL,Mumbai,Maharashtra,1984-10-19,2025-10-30,ACTIVE
108395,Customer_08395,RETAIL,Mumbai,Maharashtra,2020-02-04,2021-12-11,ACTIVE
108396,Customer_08396,BUSINESS,Ahmedabad,Gujarat,2004-02-24,2025-09-21,ACTIVE
108397,Customer_08397,RETAIL,Hyderabad,Telangana,1986-03-22,2025-09-14,ACTIVE
108398,Customer_08398,RETAIL,Pune,Maharashtra,2009-08-04,2020-01-22,ACTIVE
108399,Customer_08399,RETAIL,Ahmedabad,Gujarat,2015-03-29,2024-12-16,ACTIVE
108400,Customer_08400,RETAIL,Mumbai,Maharashtra,1994-07-05,2021-01-14,ACTIVE
108401,Customer_08401,RETAIL,Hyderabad,Telangana,2004-03-19,2023-03-11,ACTIVE
108402,Customer_08402,RETAIL,Pune,Maharashtra,2009-11-17,2026-01-13,ACTIVE
108403,Customer_08403,RETAIL,Mumbai,Maharashtra,1985-02-20,2021-04-14,ACTIVE
108404,Customer_08404,PREMIUM,Kolkata,West Bengal,2000-12-21,2023-09-11,ACTIVE
108405,Customer_08405,RETAIL,Kolkata,West Bengal,2002-02-16,2025-02-09,ACTIVE
108406,Customer_08406,RETAIL,Mumbai,Maharashtra,1991-07-17,2023-02-26,ACTIVE
108407,Customer_08407,RETAIL,Mumbai,Maharashtra,1991-06-22,2020-07-06,ACTIVE
108408,Customer_08408,RETAIL,Chennai,Tamil Nadu,2005-01-06,2020-06-05,ACTIVE
108409,Customer_08409,RETAIL,Mumbai,Maharashtra,2010-01-13,2023-05-27,ACTIVE
108410,Customer_08410,RETAIL,Hyderabad,Telangana,1995-02-20,2020-03-01,ACTIVE
108411,Customer_08411,PREMIUM,Ahmedabad,Gujarat,1985-03-07,2020-02-07,ACTIVE
108412,Customer_08412,RETAIL,Kolkata,West Bengal,2011-06-24,2026-04-07,ACTIVE
108413,Customer_08413,PREMIUM,Pune,Maharashtra,1986-04-19,2023-07-03,ACTIVE
108414,Customer_08414,RETAIL,Pune,Maharashtra,1979-04-17,2023-02-11,ACTIVE
108415,Customer_08415,RETAIL,Hyderabad,Telangana,1992-05-27,2020-08-28,ACTIVE
108416,Customer_08416,RETAIL,Mumbai,Maharashtra,2012-10-06,2025-03-02,ACTIVE
108417,Customer_08417,PREMIUM,Chennai,Tamil Nadu,2010-03-30,2023-05-10,ACTIVE
108418,Customer_08418,RETAIL,Bangalore,Karnataka,1991-10-03,2021-06-12,ACTIVE
108419,Customer_08419,RETAIL,Hyderabad,Telangana,2000-06-29,2024-12-11,ACTIVE
108420,Customer_08420,RETAIL,Pune,Maharashtra,2018-07-29,2021-07-22,ACTIVE
108421,Customer_08421,RETAIL,Kolkata,West Bengal,2008-09-07,2023-04-22,ACTIVE
108422,Customer_08422,PREMIUM,Hyderabad,Telangana,2010-05-05,2023-09-06,ACTIVE
108423,Customer_08423,BUSINESS,Pune,Maharashtra,1982-10-05,2021-10-31,ACTIVE
108424,Customer_08424,RETAIL,Delhi,Delhi,1989-01-23,2025-10-03,INACTIVE
108425,Customer_08425,RETAIL,Mumbai,Maharashtra,1983-06-09,2024-08-15,ACTIVE
108426,Customer_08426,RETAIL,Bangalore,Karnataka,2019-05-12,2021-11-23,ACTIVE
108427,Customer_08427,BUSINESS,Delhi,Delhi,1993-03-21,2021-01-10,ACTIVE
108428,Customer_08428,RETAIL,Mumbai,Maharashtra,1999-09-06,2022-02-28,ACTIVE
108429,Customer_08429,RETAIL,Chennai,Tamil Nadu,2001-10-25,2023-01-21,ACTIVE
108430,Customer_08430,BUSINESS,Chennai,Tamil Nadu,2000-08-21,2023-08-14,ACTIVE
108431,Customer_08431,BUSINESS,Mumbai,Maharashtra,1981-04-21,2022-08-18,ACTIVE
108432,Customer_08432,RETAIL,Pune,Maharashtra,2016-07-07,2020-04-06,ACTIVE
108433,Customer_08433,RETAIL,Mumbai,Maharashtra,1994-10-14,2024-06-10,ACTIVE
108434,Customer_08434,PREMIUM,Hyderabad,Telangana,2016-11-18,2022-06-28,ACTIVE
108435,Customer_08435,PREMIUM,Delhi,Delhi,2010-08-01,2022-03-16,ACTIVE
108436,Customer_08436,RETAIL,Mumbai,Maharashtra,2007-10-14,2023-08-28,ACTIVE
108437,Customer_08437,RETAIL,Pune,Maharashtra,2008-01-12,2025-06-27,INACTIVE
108438,Customer_08438,RETAIL,Ahmedabad,Gujarat,2019-05-07,2020-01-12,ACTIVE
108439,Customer_08439,RETAIL,Delhi,Delhi,1991-08-16,2026-04-24,ACTIVE
108440,Customer_08440,RETAIL,Hyderabad,Telangana,1992-09-02,2024-03-11,ACTIVE
108441,Customer_08441,PREMIUM,Bangalore,Karnataka,2006-09-15,2023-08-05,ACTIVE
108442,Customer_08442,RETAIL,Pune,Maharashtra,1988-09-15,2020-05-02,INACTIVE
108443,Customer_08443,RETAIL,Delhi,Delhi,2012-03-06,2024-09-02,ACTIVE
108444,Customer_08444,PREMIUM,Mumbai,Maharashtra,1980-05-13,2024-09-23,ACTIVE
108445,Customer_08445,RETAIL,Hyderabad,Telangana,2016-01-05,2023-09-07,ACTIVE
108446,Customer_08446,RETAIL,Delhi,Delhi,1993-05-22,2025-04-08,ACTIVE
108447,Customer_08447,BUSINESS,Bangalore,Karnataka,1979-05-09,2025-07-05,ACTIVE
108448,Customer_08448,RETAIL,Pune,Maharashtra,2003-11-30,2025-07-06,ACTIVE
108449,Customer_08449,PREMIUM,Kolkata,West Bengal,1990-06-24,2022-02-23,ACTIVE
108450,Customer_08450,RETAIL,Pune,Maharashtra,1991-09-15,2024-06-04,ACTIVE
108451,Customer_08451,RETAIL,Chennai,Tamil Nadu,1998-12-08,2020-05-17,ACTIVE
108452,Customer_08452,RETAIL,Kolkata,West Bengal,2002-12-20,2023-09-09,ACTIVE
108453,Customer_08453,RETAIL,Hyderabad,Telangana,1984-10-03,2020-12-16,ACTIVE
108454,Customer_08454,RETAIL,Chennai,Tamil Nadu,1981-02-24,2022-01-08,ACTIVE
108455,Customer_08455,RETAIL,Ahmedabad,Gujarat,1998-02-10,2024-06-12,ACTIVE
108456,Customer_08456,RETAIL,Pune,Maharashtra,1993-09-15,2022-10-16,ACTIVE
108457,Customer_08457,RETAIL,Ahmedabad,Gujarat,2003-01-26,2025-09-03,ACTIVE
108458,Customer_08458,PREMIUM,Chennai,Tamil Nadu,2009-11-19,2020-07-27,ACTIVE
108459,Customer_08459,RETAIL,Bangalore,Karnataka,2004-05-27,2026-05-21,ACTIVE
108460,Customer_08460,RETAIL,Delhi,Delhi,1983-06-13,2024-08-24,ACTIVE
108461,Customer_08461,RETAIL,Hyderabad,Telangana,2020-01-30,2022-10-30,ACTIVE
108462,Customer_08462,RETAIL,Ahmedabad,Gujarat,2008-07-09,2020-02-29,ACTIVE
108463,Customer_08463,RETAIL,Hyderabad,Telangana,1981-03-07,2020-04-10,ACTIVE
108464,Customer_08464,RETAIL,Mumbai,Maharashtra,2010-07-06,2022-09-19,ACTIVE
108465,Customer_08465,PREMIUM,Bangalore,Karnataka,2015-04-30,2023-10-05,ACTIVE
108466,Customer_08466,RETAIL,Hyderabad,Telangana,2002-07-10,2023-04-29,ACTIVE
108467,Customer_08467,RETAIL,Bangalore,Karnataka,2013-05-09,2021-12-14,ACTIVE
108468,Customer_08468,PREMIUM,Kolkata,West Bengal,2015-07-22,2024-04-09,ACTIVE
108469,Customer_08469,RETAIL,Hyderabad,Telangana,2018-10-04,2024-01-14,ACTIVE
108470,Customer_08470,RETAIL,Mumbai,Maharashtra,2018-05-14,2022-04-03,ACTIVE
108471,Customer_08471,PREMIUM,Chennai,Tamil Nadu,1987-02-14,2022-02-20,ACTIVE
108472,Customer_08472,PREMIUM,Pune,Maharashtra,1980-08-03,2022-11-28,ACTIVE
108473,Customer_08473,RETAIL,Bangalore,Karnataka,2005-12-06,2024-11-18,ACTIVE
108474,Customer_08474,RETAIL,Bangalore,Karnataka,2007-01-20,2023-11-10,ACTIVE
108475,Customer_08475,RETAIL,Kolkata,West Bengal,2002-07-12,2020-11-01,ACTIVE
108476,Customer_08476,RETAIL,Kolkata,West Bengal,1988-11-26,2026-01-24,ACTIVE
108477,Customer_08477,RETAIL,Bangalore,Karnataka,2018-02-16,2021-04-30,ACTIVE
108478,Customer_08478,RETAIL,Chennai,Tamil Nadu,1995-12-05,2024-05-31,ACTIVE
108479,Customer_08479,PREMIUM,Hyderabad,Telangana,2009-08-13,2020-02-10,ACTIVE
108480,Customer_08480,BUSINESS,Hyderabad,Telangana,2004-10-03,2021-09-02,ACTIVE
108481,Customer_08481,RETAIL,Hyderabad,Telangana,2015-12-11,2023-09-17,ACTIVE
108482,Customer_08482,RETAIL,Kolkata,West Bengal,2008-06-01,2025-07-26,INACTIVE
108483,Customer_08483,RETAIL,Ahmedabad,Gujarat,2005-03-24,2023-09-12,ACTIVE
108484,Customer_08484,RETAIL,Kolkata,West Bengal,2013-09-01,2020-05-12,INACTIVE
108485,Customer_08485,RETAIL,Pune,Maharashtra,1981-05-23,2026-04-12,ACTIVE
108486,Customer_08486,PREMIUM,Bangalore,Karnataka,2008-02-18,2021-10-15,ACTIVE
108487,Customer_08487,RETAIL,Bangalore,Karnataka,2003-03-29,2022-05-25,ACTIVE
108488,Customer_08488,RETAIL,Chennai,Tamil Nadu,2011-02-02,2020-09-16,ACTIVE
108489,Customer_08489,RETAIL,Chennai,Tamil Nadu,1988-05-15,2024-07-29,ACTIVE
108490,Customer_08490,BUSINESS,Hyderabad,Telangana,2003-10-08,2022-12-08,ACTIVE
108491,Customer_08491,RETAIL,Bangalore,Karnataka,1990-10-31,2021-06-10,ACTIVE
108492,Customer_08492,PREMIUM,Delhi,Delhi,1983-12-21,2024-03-08,ACTIVE
108493,Customer_08493,PREMIUM,Bangalore,Karnataka,2002-10-16,2021-04-15,ACTIVE
108494,Customer_08494,RETAIL,Kolkata,West Bengal,1980-01-17,2023-06-28,ACTIVE
108495,Customer_08495,RETAIL,Delhi,Delhi,1982-12-28,2024-05-11,ACTIVE
108496,Customer_08496,RETAIL,Mumbai,Maharashtra,2000-12-02,2025-05-01,ACTIVE
108497,Customer_08497,RETAIL,Ahmedabad,Gujarat,2016-01-25,2024-07-25,ACTIVE
108498,Customer_08498,RETAIL,Pune,Maharashtra,2008-07-20,2023-09-23,ACTIVE
108499,Customer_08499,RETAIL,Chennai,Tamil Nadu,1979-10-19,2020-03-22,ACTIVE
108500,Customer_08500,PREMIUM,Kolkata,West Bengal,1983-08-20,2021-07-12,ACTIVE
108501,Customer_08501,PREMIUM,Delhi,Delhi,1996-11-13,2023-10-18,ACTIVE
108502,Customer_08502,RETAIL,Delhi,Delhi,1996-10-17,2023-07-11,ACTIVE
108503,Customer_08503,RETAIL,Delhi,Delhi,1980-10-20,2023-07-04,ACTIVE
108504,Customer_08504,RETAIL,Pune,Maharashtra,1989-09-07,2024-10-31,ACTIVE
108505,Customer_08505,RETAIL,Pune,Maharashtra,1984-05-17,2025-12-11,ACTIVE
108506,Customer_08506,PREMIUM,Pune,Maharashtra,2002-06-15,2023-04-22,ACTIVE
108507,Customer_08507,RETAIL,Bangalore,Karnataka,2006-03-14,2020-11-18,ACTIVE
108508,Customer_08508,PREMIUM,Chennai,Tamil Nadu,1995-03-15,2022-11-26,ACTIVE
108509,Customer_08509,RETAIL,Mumbai,Maharashtra,2002-08-20,2021-08-29,ACTIVE
108510,Customer_08510,PREMIUM,Kolkata,West Bengal,1987-06-10,2023-06-23,ACTIVE
108511,Customer_08511,RETAIL,Hyderabad,Telangana,2014-02-20,2023-11-16,ACTIVE
108512,Customer_08512,RETAIL,Mumbai,Maharashtra,1979-05-06,2023-08-08,ACTIVE
108513,Customer_08513,PREMIUM,Kolkata,West Bengal,1999-11-17,2023-10-28,ACTIVE
108514,Customer_08514,RETAIL,Mumbai,Maharashtra,1992-05-14,2022-01-15,ACTIVE
108515,Customer_08515,RETAIL,Chennai,Tamil Nadu,1997-09-06,2021-02-28,ACTIVE
108516,Customer_08516,PREMIUM,Bangalore,Karnataka,2000-05-12,2025-08-12,ACTIVE
108517,Customer_08517,RETAIL,Chennai,Tamil Nadu,2005-09-11,2022-08-21,ACTIVE
108518,Customer_08518,RETAIL,Ahmedabad,Gujarat,2017-04-29,2021-05-13,ACTIVE
108519,Customer_08519,RETAIL,Ahmedabad,Gujarat,2002-03-18,2026-07-16,ACTIVE
108520,Customer_08520,RETAIL,Delhi,Delhi,1988-07-04,2020-03-19,ACTIVE
108521,Customer_08521,RETAIL,Chennai,Tamil Nadu,2000-09-08,2022-04-11,ACTIVE
108522,Customer_08522,PREMIUM,Ahmedabad,Gujarat,2000-03-14,2024-11-14,ACTIVE
108523,Customer_08523,RETAIL,Hyderabad,Telangana,2014-09-04,2022-09-13,ACTIVE
108524,Customer_08524,RETAIL,Ahmedabad,Gujarat,2002-06-06,2025-07-14,ACTIVE
108525,Customer_08525,RETAIL,Bangalore,Karnataka,2014-10-24,2022-05-11,ACTIVE
108526,Customer_08526,RETAIL,Delhi,Delhi,2005-10-29,2024-03-22,ACTIVE
108527,Customer_08527,PREMIUM,Chennai,Tamil Nadu,2002-08-25,2022-10-23,ACTIVE
108528,Customer_08528,RETAIL,Kolkata,West Bengal,1992-08-28,2023-01-30,ACTIVE
108529,Customer_08529,RETAIL,Ahmedabad,Gujarat,1989-09-05,2023-04-10,ACTIVE
108530,Customer_08530,RETAIL,Hyderabad,Telangana,1983-04-02,2026-05-29,ACTIVE
108531,Customer_08531,PREMIUM,Hyderabad,Telangana,2001-09-05,2024-12-28,ACTIVE
108532,Customer_08532,RETAIL,Chennai,Tamil Nadu,2017-01-01,2022-06-08,ACTIVE
108533,Customer_08533,RETAIL,Delhi,Delhi,1979-09-07,2022-09-26,ACTIVE
108534,Customer_08534,BUSINESS,Bangalore,Karnataka,2018-04-17,2022-09-01,ACTIVE
108535,Customer_08535,RETAIL,Bangalore,Karnataka,2014-06-16,2024-11-01,ACTIVE
108536,Customer_08536,RETAIL,Kolkata,West Bengal,1997-02-28,2023-11-19,ACTIVE
108537,Customer_08537,PREMIUM,Chennai,Tamil Nadu,1992-01-17,2023-07-06,ACTIVE
108538,Customer_08538,BUSINESS,Kolkata,West Bengal,2003-01-03,2022-10-30,ACTIVE
108539,Customer_08539,RETAIL,Mumbai,Maharashtra,2014-04-19,2022-08-14,INACTIVE
108540,Customer_08540,BUSINESS,Kolkata,West Bengal,1980-05-10,2023-08-25,ACTIVE
108541,Customer_08541,RETAIL,Chennai,Tamil Nadu,1997-08-14,2025-06-17,INACTIVE
108542,Customer_08542,BUSINESS,Ahmedabad,Gujarat,1981-02-07,2026-05-08,ACTIVE
108543,Customer_08543,RETAIL,Bangalore,Karnataka,2005-08-12,2020-05-26,ACTIVE
108544,Customer_08544,RETAIL,Bangalore,Karnataka,1982-04-25,2021-07-23,ACTIVE
108545,Customer_08545,RETAIL,Pune,Maharashtra,1992-03-02,2024-07-02,ACTIVE
108546,Customer_08546,PREMIUM,Kolkata,West Bengal,2009-07-03,2020-12-22,ACTIVE
108547,Customer_08547,BUSINESS,Hyderabad,Telangana,2010-01-17,2024-01-05,ACTIVE
108548,Customer_08548,RETAIL,Kolkata,West Bengal,1988-06-30,2022-10-13,ACTIVE
108549,Customer_08549,RETAIL,Mumbai,Maharashtra,2000-03-25,2021-04-02,ACTIVE
108550,Customer_08550,RETAIL,Pune,Maharashtra,1986-09-27,2023-04-24,INACTIVE
108551,Customer_08551,RETAIL,Ahmedabad,Gujarat,2003-06-18,2023-05-06,ACTIVE
108552,Customer_08552,PREMIUM,Mumbai,Maharashtra,1979-07-05,2024-09-07,ACTIVE
108553,Customer_08553,RETAIL,Chennai,Tamil Nadu,2012-08-01,2025-06-05,ACTIVE
108554,Customer_08554,BUSINESS,Bangalore,Karnataka,1980-02-08,2026-04-11,ACTIVE
108555,Customer_08555,BUSINESS,Ahmedabad,Gujarat,2004-02-27,2022-11-19,ACTIVE
108556,Customer_08556,RETAIL,Kolkata,West Bengal,1995-10-24,2024-07-10,ACTIVE
108557,Customer_08557,RETAIL,Ahmedabad,Gujarat,1988-05-05,2025-03-04,ACTIVE
108558,Customer_08558,BUSINESS,Delhi,Delhi,2001-05-30,2026-06-27,ACTIVE
108559,Customer_08559,PREMIUM,Chennai,Tamil Nadu,1984-12-26,2024-04-09,ACTIVE
108560,Customer_08560,PREMIUM,Hyderabad,Telangana,2002-12-11,2021-08-14,ACTIVE
108561,Customer_08561,RETAIL,Ahmedabad,Gujarat,2005-08-23,2022-03-31,ACTIVE
108562,Customer_08562,RETAIL,Mumbai,Maharashtra,1997-12-20,2021-05-16,ACTIVE
108563,Customer_08563,PREMIUM,Ahmedabad,Gujarat,1994-01-06,2021-04-19,ACTIVE
108564,Customer_08564,RETAIL,Delhi,Delhi,1998-01-14,2022-01-05,ACTIVE
108565,Customer_08565,PREMIUM,Pune,Maharashtra,2018-06-14,2023-04-11,ACTIVE
108566,Customer_08566,PREMIUM,Chennai,Tamil Nadu,2010-02-04,2025-03-04,ACTIVE
108567,Customer_08567,RETAIL,Kolkata,West Bengal,1979-05-28,2021-11-29,ACTIVE
108568,Customer_08568,RETAIL,Pune,Maharashtra,1991-01-21,2021-03-23,ACTIVE
108569,Customer_08569,RETAIL,Mumbai,Maharashtra,1980-03-09,2020-10-30,ACTIVE
108570,Customer_08570,PREMIUM,Ahmedabad,Gujarat,1988-12-04,2021-04-15,ACTIVE
108571,Customer_08571,RETAIL,Ahmedabad,Gujarat,2011-02-19,2022-11-04,ACTIVE
108572,Customer_08572,RETAIL,Pune,Maharashtra,2014-04-01,2022-09-15,ACTIVE
108573,Customer_08573,BUSINESS,Ahmedabad,Gujarat,1997-12-07,2022-08-15,ACTIVE
108574,Customer_08574,PREMIUM,Ahmedabad,Gujarat,2007-06-21,2022-02-01,ACTIVE
108575,Customer_08575,RETAIL,Ahmedabad,Gujarat,1994-05-20,2022-12-23,ACTIVE
108576,Customer_08576,PREMIUM,Pune,Maharashtra,1998-09-30,2024-03-31,INACTIVE
108577,Customer_08577,RETAIL,Chennai,Tamil Nadu,2013-03-20,2020-04-16,ACTIVE
108578,Customer_08578,BUSINESS,Ahmedabad,Gujarat,1990-06-23,2025-11-06,ACTIVE
108579,Customer_08579,PREMIUM,Ahmedabad,Gujarat,1992-03-28,2022-01-03,ACTIVE
108580,Customer_08580,RETAIL,Chennai,Tamil Nadu,1984-10-09,2020-11-28,ACTIVE
108581,Customer_08581,RETAIL,Pune,Maharashtra,1988-02-17,2021-02-23,ACTIVE
108582,Customer_08582,RETAIL,Mumbai,Maharashtra,1980-09-13,2023-08-05,ACTIVE
108583,Customer_08583,PREMIUM,Delhi,Delhi,2012-08-30,2023-06-03,ACTIVE
108584,Customer_08584,RETAIL,Mumbai,Maharashtra,2014-03-03,2020-07-31,ACTIVE
108585,Customer_08585,RETAIL,Pune,Maharashtra,1996-06-22,2023-04-13,ACTIVE
108586,Customer_08586,BUSINESS,Mumbai,Maharashtra,2003-07-14,2021-06-15,ACTIVE
108587,Customer_08587,RETAIL,Kolkata,West Bengal,1989-05-19,2025-12-26,ACTIVE
108588,Customer_08588,PREMIUM,Chennai,Tamil Nadu,1981-01-17,2022-01-11,ACTIVE
108589,Customer_08589,PREMIUM,Chennai,Tamil Nadu,2000-05-05,2026-07-26,ACTIVE
108590,Customer_08590,RETAIL,Kolkata,West Bengal,1985-09-04,2023-10-21,ACTIVE
108591,Customer_08591,RETAIL,Bangalore,Karnataka,2014-01-01,2026-05-03,ACTIVE
108592,Customer_08592,PREMIUM,Bangalore,Karnataka,1990-08-24,2023-08-24,ACTIVE
108593,Customer_08593,RETAIL,Pune,Maharashtra,2009-06-16,2020-10-29,ACTIVE
108594,Customer_08594,RETAIL,Bangalore,Karnataka,1989-12-20,2024-03-23,ACTIVE
108595,Customer_08595,PREMIUM,Pune,Maharashtra,1984-05-10,2023-02-20,ACTIVE
108596,Customer_08596,RETAIL,Chennai,Tamil Nadu,2001-09-07,2025-05-19,ACTIVE
108597,Customer_08597,RETAIL,Ahmedabad,Gujarat,1986-09-10,2022-07-28,ACTIVE
108598,Customer_08598,PREMIUM,Chennai,Tamil Nadu,1995-07-27,2021-03-25,ACTIVE
108599,Customer_08599,RETAIL,Delhi,Delhi,1991-03-18,2020-09-29,ACTIVE
108600,Customer_08600,RETAIL,Hyderabad,Telangana,2015-05-25,2024-11-19,ACTIVE
108601,Customer_08601,RETAIL,Kolkata,West Bengal,1999-10-28,2021-07-12,ACTIVE
108602,Customer_08602,RETAIL,Bangalore,Karnataka,2008-09-16,2024-05-19,ACTIVE
108603,Customer_08603,RETAIL,Delhi,Delhi,2003-05-07,2020-11-18,ACTIVE
108604,Customer_08604,RETAIL,Hyderabad,Telangana,2016-07-25,2020-07-10,ACTIVE
108605,Customer_08605,RETAIL,Pune,Maharashtra,1997-03-19,2024-09-01,ACTIVE
108606,Customer_08606,PREMIUM,Ahmedabad,Gujarat,2014-08-07,2022-04-07,ACTIVE
108607,Customer_08607,RETAIL,Delhi,Delhi,2016-01-20,2023-09-23,ACTIVE
108608,Customer_08608,BUSINESS,Delhi,Delhi,2017-01-01,2020-03-07,ACTIVE
108609,Customer_08609,RETAIL,Hyderabad,Telangana,2007-09-27,2021-03-27,ACTIVE
108610,Customer_08610,RETAIL,Mumbai,Maharashtra,2019-05-31,2020-08-04,ACTIVE
108611,Customer_08611,BUSINESS,Pune,Maharashtra,2009-10-06,2021-11-02,ACTIVE
108612,Customer_08612,RETAIL,Pune,Maharashtra,1991-12-19,2021-11-12,ACTIVE
108613,Customer_08613,RETAIL,Bangalore,Karnataka,1985-08-12,2022-06-17,ACTIVE
108614,Customer_08614,PREMIUM,Chennai,Tamil Nadu,1987-10-11,2021-08-06,INACTIVE
108615,Customer_08615,PREMIUM,Pune,Maharashtra,2002-09-23,2022-12-31,ACTIVE
108616,Customer_08616,RETAIL,Delhi,Delhi,1985-12-12,2025-11-30,ACTIVE
108617,Customer_08617,RETAIL,Kolkata,West Bengal,1988-12-03,2020-07-25,ACTIVE
108618,Customer_08618,BUSINESS,Ahmedabad,Gujarat,2004-12-16,2025-11-15,ACTIVE
108619,Customer_08619,RETAIL,Mumbai,Maharashtra,1992-10-30,2022-09-17,ACTIVE
108620,Customer_08620,PREMIUM,Hyderabad,Telangana,2007-02-17,2023-10-18,ACTIVE
108621,Customer_08621,RETAIL,Mumbai,Maharashtra,2020-02-14,2024-05-31,ACTIVE
108622,Customer_08622,RETAIL,Chennai,Tamil Nadu,1982-10-09,2024-10-30,ACTIVE
108623,Customer_08623,PREMIUM,Ahmedabad,Gujarat,2005-06-30,2026-03-15,ACTIVE
108624,Customer_08624,BUSINESS,Kolkata,West Bengal,2012-11-19,2026-07-27,ACTIVE
108625,Customer_08625,RETAIL,Pune,Maharashtra,1984-12-03,2020-08-24,ACTIVE
108626,Customer_08626,RETAIL,Delhi,Delhi,2011-04-28,2022-09-11,ACTIVE
108627,Customer_08627,PREMIUM,Kolkata,West Bengal,2000-01-01,2023-07-17,ACTIVE
108628,Customer_08628,RETAIL,Kolkata,West Bengal,2004-12-22,2023-06-07,ACTIVE
108629,Customer_08629,PREMIUM,Delhi,Delhi,1981-04-13,2026-07-07,ACTIVE
108630,Customer_08630,RETAIL,Mumbai,Maharashtra,1997-01-20,2024-04-11,ACTIVE
108631,Customer_08631,RETAIL,Bangalore,Karnataka,1994-03-27,2022-08-23,ACTIVE
108632,Customer_08632,PREMIUM,Chennai,Tamil Nadu,1985-06-22,2026-01-18,ACTIVE
108633,Customer_08633,BUSINESS,Bangalore,Karnataka,2010-06-29,2024-10-20,ACTIVE
108634,Customer_08634,RETAIL,Ahmedabad,Gujarat,1999-12-05,2025-03-27,ACTIVE
108635,Customer_08635,PREMIUM,Kolkata,West Bengal,2015-03-23,2024-02-15,ACTIVE
108636,Customer_08636,RETAIL,Kolkata,West Bengal,1985-09-13,2020-06-03,ACTIVE
108637,Customer_08637,RETAIL,Mumbai,Maharashtra,2009-03-05,2026-05-18,ACTIVE
108638,Customer_08638,RETAIL,Kolkata,West Bengal,2004-01-04,2024-09-07,ACTIVE
108639,Customer_08639,PREMIUM,Kolkata,West Bengal,2005-11-25,2020-12-24,ACTIVE
108640,Customer_08640,RETAIL,Bangalore,Karnataka,1991-11-23,2021-08-27,ACTIVE
108641,Customer_08641,RETAIL,Chennai,Tamil Nadu,2007-07-15,2022-03-29,ACTIVE
108642,Customer_08642,PREMIUM,Kolkata,West Bengal,1989-04-27,2021-09-03,ACTIVE
108643,Customer_08643,RETAIL,Ahmedabad,Gujarat,2010-06-20,2024-01-30,ACTIVE
108644,Customer_08644,RETAIL,Chennai,Tamil Nadu,1997-04-11,2023-08-06,ACTIVE
108645,Customer_08645,RETAIL,Mumbai,Maharashtra,1998-11-10,2021-05-24,ACTIVE
108646,Customer_08646,PREMIUM,Chennai,Tamil Nadu,2003-01-05,2024-07-29,ACTIVE
108647,Customer_08647,RETAIL,Hyderabad,Telangana,1982-08-17,2021-11-19,ACTIVE
108648,Customer_08648,PREMIUM,Mumbai,Maharashtra,1994-04-03,2021-01-17,ACTIVE
108649,Customer_08649,RETAIL,Kolkata,West Bengal,1987-07-07,2026-04-14,ACTIVE
108650,Customer_08650,RETAIL,Pune,Maharashtra,2018-09-27,2022-01-24,ACTIVE
108651,Customer_08651,PREMIUM,Ahmedabad,Gujarat,1996-06-25,2021-07-12,ACTIVE
108652,Customer_08652,RETAIL,Chennai,Tamil Nadu,1979-05-29,2024-09-14,INACTIVE
108653,Customer_08653,RETAIL,Delhi,Delhi,1980-03-26,2025-01-06,ACTIVE
108654,Customer_08654,RETAIL,Mumbai,Maharashtra,2016-08-26,2020-12-30,ACTIVE
108655,Customer_08655,RETAIL,Mumbai,Maharashtra,1985-08-08,2020-05-14,ACTIVE
108656,Customer_08656,RETAIL,Hyderabad,Telangana,1979-03-12,2025-08-01,ACTIVE
108657,Customer_08657,BUSINESS,Bangalore,Karnataka,1987-11-17,2023-04-24,ACTIVE
108658,Customer_08658,RETAIL,Kolkata,West Bengal,1988-01-24,2022-12-30,ACTIVE
108659,Customer_08659,RETAIL,Pune,Maharashtra,1982-06-12,2022-10-06,ACTIVE
108660,Customer_08660,RETAIL,Ahmedabad,Gujarat,2020-01-31,2023-11-07,ACTIVE
108661,Customer_08661,RETAIL,Ahmedabad,Gujarat,1981-08-04,2024-06-04,ACTIVE
108662,Customer_08662,RETAIL,Mumbai,Maharashtra,2009-01-24,2020-07-11,ACTIVE
108663,Customer_08663,BUSINESS,Hyderabad,Telangana,2013-07-14,2021-09-29,ACTIVE
108664,Customer_08664,RETAIL,Ahmedabad,Gujarat,2005-08-19,2026-04-09,ACTIVE
108665,Customer_08665,PREMIUM,Delhi,Delhi,1984-08-07,2021-02-04,ACTIVE
108666,Customer_08666,RETAIL,Mumbai,Maharashtra,2008-12-25,2025-12-18,ACTIVE
108667,Customer_08667,RETAIL,Ahmedabad,Gujarat,1992-09-14,2022-08-21,ACTIVE
108668,Customer_08668,BUSINESS,Bangalore,Karnataka,1995-12-07,2021-04-01,ACTIVE
108669,Customer_08669,RETAIL,Mumbai,Maharashtra,1989-06-27,2023-11-28,ACTIVE
108670,Customer_08670,PREMIUM,Kolkata,West Bengal,2011-05-16,2024-05-10,ACTIVE
108671,Customer_08671,PREMIUM,Hyderabad,Telangana,2002-12-23,2022-04-19,ACTIVE
108672,Customer_08672,BUSINESS,Mumbai,Maharashtra,1985-07-11,2025-03-18,ACTIVE
108673,Customer_08673,RETAIL,Delhi,Delhi,1995-11-24,2020-06-02,ACTIVE
108674,Customer_08674,RETAIL,Mumbai,Maharashtra,2011-10-08,2020-10-19,ACTIVE
108675,Customer_08675,RETAIL,Ahmedabad,Gujarat,2017-09-02,2024-01-31,ACTIVE
108676,Customer_08676,BUSINESS,Mumbai,Maharashtra,2017-09-30,2023-10-17,ACTIVE
108677,Customer_08677,RETAIL,Kolkata,West Bengal,1984-09-14,2024-08-04,ACTIVE
108678,Customer_08678,RETAIL,Chennai,Tamil Nadu,2014-05-22,2025-08-03,ACTIVE
108679,Customer_08679,RETAIL,Chennai,Tamil Nadu,2002-06-02,2026-02-10,ACTIVE
108680,Customer_08680,RETAIL,Kolkata,West Bengal,2009-07-16,2023-05-01,ACTIVE
108681,Customer_08681,RETAIL,Ahmedabad,Gujarat,1995-01-03,2023-04-18,ACTIVE
108682,Customer_08682,RETAIL,Pune,Maharashtra,2005-11-30,2026-01-26,ACTIVE
108683,Customer_08683,RETAIL,Mumbai,Maharashtra,1989-10-08,2026-04-24,ACTIVE
108684,Customer_08684,PREMIUM,Mumbai,Maharashtra,2000-07-25,2020-04-24,ACTIVE
108685,Customer_08685,RETAIL,Hyderabad,Telangana,1988-06-08,2023-04-28,ACTIVE
108686,Customer_08686,RETAIL,Chennai,Tamil Nadu,1995-05-25,2026-01-15,ACTIVE
108687,Customer_08687,RETAIL,Mumbai,Maharashtra,1995-12-02,2020-05-02,ACTIVE
108688,Customer_08688,RETAIL,Pune,Maharashtra,2014-09-18,2026-06-03,ACTIVE
108689,Customer_08689,RETAIL,Chennai,Tamil Nadu,2004-12-18,2024-12-02,ACTIVE
108690,Customer_08690,RETAIL,Hyderabad,Telangana,2005-10-02,2021-01-09,ACTIVE
108691,Customer_08691,RETAIL,Delhi,Delhi,1990-10-26,2024-03-17,ACTIVE
108692,Customer_08692,PREMIUM,Ahmedabad,Gujarat,1997-01-09,2022-10-31,ACTIVE
108693,Customer_08693,RETAIL,Ahmedabad,Gujarat,1998-08-01,2022-03-13,ACTIVE
108694,Customer_08694,RETAIL,Kolkata,West Bengal,2011-05-24,2024-01-29,ACTIVE
108695,Customer_08695,RETAIL,Bangalore,Karnataka,1986-10-14,2024-10-30,ACTIVE
108696,Customer_08696,RETAIL,Ahmedabad,Gujarat,1981-05-21,2025-11-13,ACTIVE
108697,Customer_08697,RETAIL,Hyderabad,Telangana,1999-11-28,2022-09-28,ACTIVE
108698,Customer_08698,RETAIL,Chennai,Tamil Nadu,2012-07-22,2021-01-17,ACTIVE
108699,Customer_08699,RETAIL,Bangalore,Karnataka,2009-04-16,2025-09-04,ACTIVE
108700,Customer_08700,RETAIL,Kolkata,West Bengal,2012-06-16,2022-03-12,ACTIVE
108701,Customer_08701,PREMIUM,Chennai,Tamil Nadu,1995-04-28,2024-12-27,ACTIVE
108702,Customer_08702,RETAIL,Pune,Maharashtra,1988-07-19,2025-03-30,INACTIVE
108703,Customer_08703,RETAIL,Ahmedabad,Gujarat,2006-04-07,2020-05-20,ACTIVE
108704,Customer_08704,RETAIL,Mumbai,Maharashtra,1980-09-17,2022-09-11,ACTIVE
108705,Customer_08705,RETAIL,Hyderabad,Telangana,2015-12-10,2020-07-22,ACTIVE
108706,Customer_08706,PREMIUM,Hyderabad,Telangana,2008-06-22,2023-12-22,ACTIVE
108707,Customer_08707,RETAIL,Chennai,Tamil Nadu,1999-11-10,2025-03-22,ACTIVE
108708,Customer_08708,RETAIL,Mumbai,Maharashtra,1987-05-17,2023-09-06,ACTIVE
108709,Customer_08709,BUSINESS,Bangalore,Karnataka,1989-06-12,2022-02-16,ACTIVE
108710,Customer_08710,RETAIL,Ahmedabad,Gujarat,2020-01-26,2026-05-24,ACTIVE
108711,Customer_08711,RETAIL,Pune,Maharashtra,1979-10-06,2020-07-24,ACTIVE
108712,Customer_08712,RETAIL,Hyderabad,Telangana,1979-07-17,2020-12-05,ACTIVE
108713,Customer_08713,BUSINESS,Kolkata,West Bengal,1993-06-07,2022-05-28,ACTIVE
108714,Customer_08714,RETAIL,Ahmedabad,Gujarat,1988-08-07,2026-03-26,ACTIVE
108715,Customer_08715,RETAIL,Chennai,Tamil Nadu,2006-12-16,2025-11-16,ACTIVE
108716,Customer_08716,RETAIL,Delhi,Delhi,1980-11-21,2023-09-15,ACTIVE
108717,Customer_08717,RETAIL,Hyderabad,Telangana,2011-06-04,2026-04-04,ACTIVE
108718,Customer_08718,RETAIL,Bangalore,Karnataka,2011-04-22,2025-12-09,ACTIVE
108719,Customer_08719,RETAIL,Hyderabad,Telangana,1988-08-03,2023-11-09,ACTIVE
108720,Customer_08720,RETAIL,Hyderabad,Telangana,2002-12-06,2020-10-10,ACTIVE
108721,Customer_08721,RETAIL,Hyderabad,Telangana,2006-10-01,2025-11-28,ACTIVE
108722,Customer_08722,RETAIL,Pune,Maharashtra,2014-01-03,2024-03-19,ACTIVE
108723,Customer_08723,PREMIUM,Kolkata,West Bengal,2009-04-01,2020-12-04,ACTIVE
108724,Customer_08724,PREMIUM,Chennai,Tamil Nadu,2018-09-12,2025-07-09,ACTIVE
108725,Customer_08725,PREMIUM,Ahmedabad,Gujarat,1983-12-05,2022-08-15,ACTIVE
108726,Customer_08726,BUSINESS,Hyderabad,Telangana,2004-03-21,2025-03-03,ACTIVE
108727,Customer_08727,RETAIL,Ahmedabad,Gujarat,2010-11-25,2021-09-20,ACTIVE
108728,Customer_08728,PREMIUM,Ahmedabad,Gujarat,1988-09-06,2020-01-24,ACTIVE
108729,Customer_08729,RETAIL,Ahmedabad,Gujarat,1988-02-19,2022-12-25,ACTIVE
108730,Customer_08730,BUSINESS,Hyderabad,Telangana,1982-12-20,2022-12-21,ACTIVE
108731,Customer_08731,RETAIL,Chennai,Tamil Nadu,2019-08-25,2025-09-03,ACTIVE
108732,Customer_08732,RETAIL,Mumbai,Maharashtra,2014-09-27,2020-10-03,ACTIVE
108733,Customer_08733,RETAIL,Bangalore,Karnataka,1984-02-18,2025-12-31,ACTIVE
108734,Customer_08734,PREMIUM,Bangalore,Karnataka,1989-03-25,2021-01-01,ACTIVE
108735,Customer_08735,PREMIUM,Kolkata,West Bengal,1997-12-25,2026-02-20,ACTIVE
108736,Customer_08736,PREMIUM,Chennai,Tamil Nadu,2015-11-10,2024-08-22,ACTIVE
108737,Customer_08737,RETAIL,Bangalore,Karnataka,2013-01-26,2022-05-13,ACTIVE
108738,Customer_08738,RETAIL,Pune,Maharashtra,2015-03-27,2026-04-14,ACTIVE
108739,Customer_08739,BUSINESS,Hyderabad,Telangana,2013-03-07,2022-05-11,ACTIVE
108740,Customer_08740,RETAIL,Bangalore,Karnataka,2004-12-12,2024-03-01,ACTIVE
108741,Customer_08741,RETAIL,Mumbai,Maharashtra,1991-02-11,2020-02-08,ACTIVE
108742,Customer_08742,RETAIL,Delhi,Delhi,2003-12-20,2020-09-02,ACTIVE
108743,Customer_08743,RETAIL,Ahmedabad,Gujarat,1999-06-17,2022-04-28,ACTIVE
108744,Customer_08744,PREMIUM,Mumbai,Maharashtra,2018-03-19,2021-08-08,INACTIVE
108745,Customer_08745,RETAIL,Bangalore,Karnataka,1997-07-31,2021-06-29,ACTIVE
108746,Customer_08746,PREMIUM,Chennai,Tamil Nadu,2010-03-19,2022-06-28,ACTIVE
108747,Customer_08747,PREMIUM,Mumbai,Maharashtra,1986-04-16,2023-12-31,ACTIVE
108748,Customer_08748,RETAIL,Pune,Maharashtra,2007-03-24,2020-10-27,ACTIVE
108749,Customer_08749,RETAIL,Ahmedabad,Gujarat,1997-10-20,2024-12-09,ACTIVE
108750,Customer_08750,RETAIL,Chennai,Tamil Nadu,1997-01-22,2025-07-28,ACTIVE
108751,Customer_08751,RETAIL,Pune,Maharashtra,2010-02-28,2025-06-28,ACTIVE
108752,Customer_08752,RETAIL,Pune,Maharashtra,1999-01-15,2021-04-11,ACTIVE
108753,Customer_08753,PREMIUM,Bangalore,Karnataka,1981-08-01,2025-10-14,ACTIVE
108754,Customer_08754,RETAIL,Hyderabad,Telangana,1995-02-19,2020-11-06,ACTIVE
108755,Customer_08755,RETAIL,Hyderabad,Telangana,2018-09-21,2020-09-13,ACTIVE
108756,Customer_08756,PREMIUM,Pune,Maharashtra,2018-01-10,2024-10-07,ACTIVE
108757,Customer_08757,BUSINESS,Hyderabad,Telangana,2004-05-24,2024-12-29,ACTIVE
108758,Customer_08758,RETAIL,Ahmedabad,Gujarat,2005-05-15,2020-10-31,ACTIVE
108759,Customer_08759,RETAIL,Pune,Maharashtra,1989-12-16,2022-09-24,ACTIVE
108760,Customer_08760,RETAIL,Mumbai,Maharashtra,2011-03-19,2022-09-11,ACTIVE
108761,Customer_08761,RETAIL,Ahmedabad,Gujarat,2003-10-13,2024-09-30,ACTIVE
108762,Customer_08762,RETAIL,Chennai,Tamil Nadu,1980-09-09,2023-05-22,ACTIVE
108763,Customer_08763,RETAIL,Kolkata,West Bengal,2018-02-26,2023-12-12,ACTIVE
108764,Customer_08764,RETAIL,Delhi,Delhi,2014-03-04,2020-07-11,ACTIVE
108765,Customer_08765,PREMIUM,Delhi,Delhi,1982-07-07,2026-06-02,ACTIVE
108766,Customer_08766,RETAIL,Pune,Maharashtra,1996-04-25,2023-08-26,ACTIVE
108767,Customer_08767,PREMIUM,Pune,Maharashtra,2009-08-28,2024-05-23,ACTIVE
108768,Customer_08768,RETAIL,Bangalore,Karnataka,2009-06-09,2023-02-26,ACTIVE
108769,Customer_08769,RETAIL,Mumbai,Maharashtra,1986-01-14,2021-08-14,ACTIVE
108770,Customer_08770,RETAIL,Kolkata,West Bengal,1980-10-22,2024-05-23,ACTIVE
108771,Customer_08771,BUSINESS,Chennai,Tamil Nadu,2019-08-08,2021-11-23,ACTIVE
108772,Customer_08772,RETAIL,Ahmedabad,Gujarat,2015-11-16,2021-06-09,INACTIVE
108773,Customer_08773,RETAIL,Chennai,Tamil Nadu,2009-06-27,2023-08-18,INACTIVE
108774,Customer_08774,RETAIL,Delhi,Delhi,2006-04-06,2022-05-05,ACTIVE
108775,Customer_08775,PREMIUM,Chennai,Tamil Nadu,2007-05-11,2025-11-16,ACTIVE
108776,Customer_08776,RETAIL,Pune,Maharashtra,1997-12-14,2024-05-02,ACTIVE
108777,Customer_08777,RETAIL,Kolkata,West Bengal,2007-04-09,2022-06-15,ACTIVE
108778,Customer_08778,PREMIUM,Hyderabad,Telangana,1991-08-19,2020-03-26,ACTIVE
108779,Customer_08779,RETAIL,Pune,Maharashtra,1982-08-08,2022-03-29,ACTIVE
108780,Customer_08780,RETAIL,Chennai,Tamil Nadu,1991-12-09,2020-10-04,ACTIVE
108781,Customer_08781,RETAIL,Chennai,Tamil Nadu,1991-03-27,2021-06-10,ACTIVE
108782,Customer_08782,BUSINESS,Pune,Maharashtra,1991-08-16,2021-11-11,ACTIVE
108783,Customer_08783,PREMIUM,Mumbai,Maharashtra,1998-07-04,2024-04-15,ACTIVE
108784,Customer_08784,RETAIL,Kolkata,West Bengal,1984-07-18,2020-09-12,ACTIVE
108785,Customer_08785,PREMIUM,Delhi,Delhi,1995-11-29,2021-01-23,ACTIVE
108786,Customer_08786,PREMIUM,Chennai,Tamil Nadu,1998-03-19,2020-04-04,ACTIVE
108787,Customer_08787,RETAIL,Pune,Maharashtra,1986-11-21,2026-01-09,ACTIVE
108788,Customer_08788,RETAIL,Hyderabad,Telangana,1997-10-15,2026-06-27,ACTIVE
108789,Customer_08789,RETAIL,Mumbai,Maharashtra,2006-11-10,2021-12-16,ACTIVE
108790,Customer_08790,RETAIL,Delhi,Delhi,1996-01-31,2022-12-29,ACTIVE
108791,Customer_08791,RETAIL,Chennai,Tamil Nadu,1979-04-08,2021-12-23,ACTIVE
108792,Customer_08792,PREMIUM,Bangalore,Karnataka,2008-01-15,2023-07-04,ACTIVE
108793,Customer_08793,RETAIL,Chennai,Tamil Nadu,2002-12-04,2023-08-15,INACTIVE
108794,Customer_08794,RETAIL,Pune,Maharashtra,1996-05-28,2021-09-03,ACTIVE
108795,Customer_08795,RETAIL,Bangalore,Karnataka,1980-02-07,2024-03-27,ACTIVE
108796,Customer_08796,RETAIL,Kolkata,West Bengal,1982-10-27,2020-01-19,ACTIVE
108797,Customer_08797,RETAIL,Delhi,Delhi,1982-06-05,2024-03-26,ACTIVE
108798,Customer_08798,RETAIL,Pune,Maharashtra,2014-02-26,2024-12-06,INACTIVE
108799,Customer_08799,RETAIL,Kolkata,West Bengal,1991-11-06,2020-05-07,ACTIVE
108800,Customer_08800,RETAIL,Kolkata,West Bengal,1996-08-15,2024-10-03,ACTIVE
108801,Customer_08801,RETAIL,Hyderabad,Telangana,2007-10-01,2024-11-05,ACTIVE
108802,Customer_08802,PREMIUM,Kolkata,West Bengal,2006-01-28,2026-05-23,ACTIVE
108803,Customer_08803,RETAIL,Kolkata,West Bengal,1981-10-22,2025-04-18,ACTIVE
108804,Customer_08804,RETAIL,Hyderabad,Telangana,2017-05-09,2020-02-20,ACTIVE
108805,Customer_08805,RETAIL,Chennai,Tamil Nadu,1990-01-19,2020-07-15,ACTIVE
108806,Customer_08806,RETAIL,Mumbai,Maharashtra,2010-09-06,2020-11-24,ACTIVE
108807,Customer_08807,RETAIL,Chennai,Tamil Nadu,2013-05-03,2023-10-28,ACTIVE
108808,Customer_08808,RETAIL,Delhi,Delhi,2001-04-16,2024-09-05,ACTIVE
108809,Customer_08809,RETAIL,Kolkata,West Bengal,1985-10-27,2024-04-28,ACTIVE
108810,Customer_08810,BUSINESS,Bangalore,Karnataka,2001-07-19,2022-03-03,ACTIVE
108811,Customer_08811,RETAIL,Ahmedabad,Gujarat,1989-03-17,2021-04-27,ACTIVE
108812,Customer_08812,PREMIUM,Chennai,Tamil Nadu,2014-01-19,2020-06-02,ACTIVE
108813,Customer_08813,PREMIUM,Chennai,Tamil Nadu,2010-02-24,2022-06-16,INACTIVE
108814,Customer_08814,PREMIUM,Ahmedabad,Gujarat,2012-12-27,2021-12-23,ACTIVE
108815,Customer_08815,RETAIL,Bangalore,Karnataka,2013-03-08,2021-12-29,INACTIVE
108816,Customer_08816,BUSINESS,Bangalore,Karnataka,1986-07-02,2020-07-29,ACTIVE
108817,Customer_08817,RETAIL,Delhi,Delhi,1980-05-29,2021-11-29,ACTIVE
108818,Customer_08818,PREMIUM,Ahmedabad,Gujarat,2004-11-22,2025-07-03,ACTIVE
108819,Customer_08819,RETAIL,Kolkata,West Bengal,2004-05-17,2021-08-01,ACTIVE
108820,Customer_08820,PREMIUM,Pune,Maharashtra,2014-09-19,2025-10-05,ACTIVE
108821,Customer_08821,BUSINESS,Bangalore,Karnataka,2005-05-11,2020-07-26,ACTIVE
108822,Customer_08822,BUSINESS,Delhi,Delhi,2012-02-26,2024-03-08,ACTIVE
108823,Customer_08823,RETAIL,Hyderabad,Telangana,1993-06-26,2020-09-15,ACTIVE
108824,Customer_08824,PREMIUM,Mumbai,Maharashtra,1984-04-14,2022-07-14,ACTIVE
108825,Customer_08825,RETAIL,Hyderabad,Telangana,1980-09-21,2026-04-08,ACTIVE
108826,Customer_08826,PREMIUM,Hyderabad,Telangana,1997-01-21,2025-01-19,ACTIVE
108827,Customer_08827,RETAIL,Pune,Maharashtra,1979-03-30,2023-05-17,ACTIVE
108828,Customer_08828,PREMIUM,Pune,Maharashtra,2000-06-12,2024-02-24,ACTIVE
108829,Customer_08829,RETAIL,Hyderabad,Telangana,1995-08-16,2024-05-03,ACTIVE
108830,Customer_08830,RETAIL,Delhi,Delhi,1989-10-02,2025-03-15,ACTIVE
108831,Customer_08831,RETAIL,Ahmedabad,Gujarat,2003-06-10,2023-11-23,INACTIVE
108832,Customer_08832,RETAIL,Kolkata,West Bengal,2007-01-26,2023-05-11,ACTIVE
108833,Customer_08833,RETAIL,Ahmedabad,Gujarat,1980-10-17,2020-06-30,ACTIVE
108834,Customer_08834,PREMIUM,Chennai,Tamil Nadu,1998-09-21,2026-04-19,ACTIVE
108835,Customer_08835,PREMIUM,Ahmedabad,Gujarat,2017-10-03,2023-09-20,ACTIVE
108836,Customer_08836,PREMIUM,Mumbai,Maharashtra,1991-05-20,2021-11-27,ACTIVE
108837,Customer_08837,PREMIUM,Delhi,Delhi,2011-03-30,2020-11-19,ACTIVE
108838,Customer_08838,RETAIL,Mumbai,Maharashtra,1992-12-30,2023-12-21,ACTIVE
108839,Customer_08839,RETAIL,Hyderabad,Telangana,1990-04-27,2025-02-20,ACTIVE
108840,Customer_08840,RETAIL,Chennai,Tamil Nadu,2014-05-07,2025-04-23,ACTIVE
108841,Customer_08841,RETAIL,Delhi,Delhi,1993-10-20,2025-10-27,INACTIVE
108842,Customer_08842,RETAIL,Delhi,Delhi,2014-09-26,2025-11-15,ACTIVE
108843,Customer_08843,PREMIUM,Hyderabad,Telangana,2006-01-18,2024-02-04,ACTIVE
108844,Customer_08844,RETAIL,Pune,Maharashtra,2012-07-11,2026-03-22,ACTIVE
108845,Customer_08845,PREMIUM,Chennai,Tamil Nadu,2012-08-16,2020-06-26,ACTIVE
108846,Customer_08846,RETAIL,Chennai,Tamil Nadu,2016-09-11,2022-08-06,ACTIVE
108847,Customer_08847,PREMIUM,Pune,Maharashtra,2001-12-13,2023-03-07,ACTIVE
108848,Customer_08848,RETAIL,Pune,Maharashtra,2018-04-10,2024-08-05,ACTIVE
108849,Customer_08849,PREMIUM,Delhi,Delhi,1981-08-13,2021-12-18,ACTIVE
108850,Customer_08850,RETAIL,Chennai,Tamil Nadu,1999-05-13,2021-11-27,ACTIVE
108851,Customer_08851,RETAIL,Delhi,Delhi,1995-06-14,2025-12-07,INACTIVE
108852,Customer_08852,RETAIL,Bangalore,Karnataka,1983-02-19,2024-04-07,ACTIVE
108853,Customer_08853,RETAIL,Chennai,Tamil Nadu,2015-01-11,2024-03-04,ACTIVE
108854,Customer_08854,RETAIL,Pune,Maharashtra,2012-01-09,2021-03-18,ACTIVE
108855,Customer_08855,RETAIL,Chennai,Tamil Nadu,2009-11-29,2023-04-15,ACTIVE
108856,Customer_08856,RETAIL,Pune,Maharashtra,2005-03-06,2022-10-08,ACTIVE
108857,Customer_08857,BUSINESS,Pune,Maharashtra,2003-11-20,2024-01-29,ACTIVE
108858,Customer_08858,RETAIL,Pune,Maharashtra,1994-10-16,2026-01-17,ACTIVE
108859,Customer_08859,RETAIL,Delhi,Delhi,2007-03-25,2021-10-30,ACTIVE
108860,Customer_08860,PREMIUM,Mumbai,Maharashtra,2019-03-24,2025-04-30,ACTIVE
108861,Customer_08861,RETAIL,Ahmedabad,Gujarat,1989-06-25,2024-02-29,ACTIVE
108862,Customer_08862,PREMIUM,Delhi,Delhi,1993-01-27,2023-04-06,ACTIVE
108863,Customer_08863,RETAIL,Kolkata,West Bengal,1983-08-27,2026-03-30,ACTIVE
108864,Customer_08864,RETAIL,Ahmedabad,Gujarat,2016-06-09,2020-12-18,INACTIVE
108865,Customer_08865,RETAIL,Kolkata,West Bengal,2000-12-07,2024-06-15,ACTIVE
108866,Customer_08866,RETAIL,Kolkata,West Bengal,2003-07-02,2022-08-14,ACTIVE
108867,Customer_08867,RETAIL,Mumbai,Maharashtra,1990-02-09,2024-06-24,ACTIVE
108868,Customer_08868,PREMIUM,Delhi,Delhi,1980-09-01,2020-11-28,ACTIVE
108869,Customer_08869,RETAIL,Hyderabad,Telangana,2012-03-20,2024-11-02,ACTIVE
108870,Customer_08870,BUSINESS,Chennai,Tamil Nadu,2014-07-01,2020-06-13,ACTIVE
108871,Customer_08871,RETAIL,Mumbai,Maharashtra,1993-03-04,2022-04-17,ACTIVE
108872,Customer_08872,RETAIL,Chennai,Tamil Nadu,2010-06-20,2025-12-15,ACTIVE
108873,Customer_08873,PREMIUM,Kolkata,West Bengal,2002-08-28,2024-02-27,ACTIVE
108874,Customer_08874,PREMIUM,Kolkata,West Bengal,2005-07-20,2023-03-25,ACTIVE
108875,Customer_08875,RETAIL,Bangalore,Karnataka,1986-04-05,2022-03-05,ACTIVE
108876,Customer_08876,RETAIL,Pune,Maharashtra,2004-05-27,2020-08-02,ACTIVE
108877,Customer_08877,RETAIL,Delhi,Delhi,1985-10-13,2020-09-23,ACTIVE
108878,Customer_08878,RETAIL,Delhi,Delhi,1988-02-25,2024-09-16,ACTIVE
108879,Customer_08879,PREMIUM,Delhi,Delhi,1993-10-26,2021-10-20,ACTIVE
108880,Customer_08880,RETAIL,Delhi,Delhi,1987-12-22,2020-06-27,ACTIVE
108881,Customer_08881,PREMIUM,Bangalore,Karnataka,2016-07-01,2022-11-17,ACTIVE
108882,Customer_08882,RETAIL,Mumbai,Maharashtra,1980-05-12,2022-08-08,ACTIVE
108883,Customer_08883,RETAIL,Delhi,Delhi,2016-04-16,2026-04-18,ACTIVE
108884,Customer_08884,RETAIL,Delhi,Delhi,1985-06-30,2021-07-06,ACTIVE
108885,Customer_08885,RETAIL,Pune,Maharashtra,2014-11-26,2021-10-04,ACTIVE
108886,Customer_08886,RETAIL,Ahmedabad,Gujarat,1992-12-25,2021-01-30,INACTIVE
108887,Customer_08887,BUSINESS,Hyderabad,Telangana,2016-12-29,2021-03-27,ACTIVE
108888,Customer_08888,PREMIUM,Ahmedabad,Gujarat,2001-05-15,2023-07-04,ACTIVE
108889,Customer_08889,PREMIUM,Chennai,Tamil Nadu,1999-04-10,2021-06-18,ACTIVE
108890,Customer_08890,RETAIL,Mumbai,Maharashtra,1984-07-15,2024-09-23,ACTIVE
108891,Customer_08891,BUSINESS,Ahmedabad,Gujarat,1996-12-19,2025-05-16,ACTIVE
108892,Customer_08892,PREMIUM,Bangalore,Karnataka,2002-01-23,2023-03-15,ACTIVE
108893,Customer_08893,PREMIUM,Hyderabad,Telangana,2019-07-21,2021-07-28,ACTIVE
108894,Customer_08894,RETAIL,Bangalore,Karnataka,1989-12-23,2025-05-23,ACTIVE
108895,Customer_08895,RETAIL,Bangalore,Karnataka,1982-07-26,2026-05-08,ACTIVE
108896,Customer_08896,PREMIUM,Bangalore,Karnataka,1989-08-05,2026-01-10,ACTIVE
108897,Customer_08897,RETAIL,Delhi,Delhi,1989-02-22,2026-01-17,ACTIVE
108898,Customer_08898,RETAIL,Chennai,Tamil Nadu,2018-02-04,2025-04-21,ACTIVE
108899,Customer_08899,RETAIL,Hyderabad,Telangana,1985-05-02,2024-11-06,ACTIVE
108900,Customer_08900,RETAIL,Mumbai,Maharashtra,2019-12-02,2026-04-14,INACTIVE
108901,Customer_08901,RETAIL,Pune,Maharashtra,1983-10-23,2022-03-25,ACTIVE
108902,Customer_08902,PREMIUM,Kolkata,West Bengal,2012-06-27,2026-02-07,ACTIVE
108903,Customer_08903,RETAIL,Chennai,Tamil Nadu,1996-03-11,2020-02-19,ACTIVE
108904,Customer_08904,RETAIL,Ahmedabad,Gujarat,1981-05-25,2025-06-21,ACTIVE
108905,Customer_08905,RETAIL,Chennai,Tamil Nadu,2004-05-16,2022-03-12,ACTIVE
108906,Customer_08906,BUSINESS,Hyderabad,Telangana,2009-02-01,2021-12-03,ACTIVE
108907,Customer_08907,RETAIL,Ahmedabad,Gujarat,2013-08-09,2024-06-08,ACTIVE
108908,Customer_08908,RETAIL,Hyderabad,Telangana,1986-06-29,2021-02-22,ACTIVE
108909,Customer_08909,RETAIL,Delhi,Delhi,2004-07-08,2026-07-13,ACTIVE
108910,Customer_08910,RETAIL,Chennai,Tamil Nadu,2002-07-17,2024-10-10,ACTIVE
108911,Customer_08911,PREMIUM,Pune,Maharashtra,1997-05-03,2020-02-16,ACTIVE
108912,Customer_08912,RETAIL,Delhi,Delhi,2015-11-13,2025-07-22,ACTIVE
108913,Customer_08913,PREMIUM,Hyderabad,Telangana,1996-07-17,2020-09-15,ACTIVE
108914,Customer_08914,RETAIL,Pune,Maharashtra,1994-10-11,2025-05-29,ACTIVE
108915,Customer_08915,BUSINESS,Hyderabad,Telangana,2000-09-26,2025-05-04,ACTIVE
108916,Customer_08916,RETAIL,Chennai,Tamil Nadu,2017-04-23,2024-03-24,ACTIVE
108917,Customer_08917,RETAIL,Delhi,Delhi,2014-10-14,2023-12-12,ACTIVE
108918,Customer_08918,RETAIL,Mumbai,Maharashtra,2008-04-03,2025-06-14,ACTIVE
108919,Customer_08919,RETAIL,Hyderabad,Telangana,1982-06-26,2025-08-03,ACTIVE
108920,Customer_08920,BUSINESS,Kolkata,West Bengal,1991-07-12,2024-08-24,ACTIVE
108921,Customer_08921,PREMIUM,Hyderabad,Telangana,1979-10-14,2021-02-14,ACTIVE
108922,Customer_08922,RETAIL,Bangalore,Karnataka,1983-01-23,2024-05-15,ACTIVE
108923,Customer_08923,RETAIL,Hyderabad,Telangana,2013-04-27,2021-04-28,ACTIVE
108924,Customer_08924,BUSINESS,Bangalore,Karnataka,2012-08-25,2020-04-21,ACTIVE
108925,Customer_08925,PREMIUM,Delhi,Delhi,1983-05-17,2020-12-30,ACTIVE
108926,Customer_08926,RETAIL,Delhi,Delhi,1997-12-22,2023-01-10,ACTIVE
108927,Customer_08927,RETAIL,Pune,Maharashtra,1990-08-19,2026-05-01,ACTIVE
108928,Customer_08928,RETAIL,Ahmedabad,Gujarat,1982-02-24,2020-03-22,ACTIVE
108929,Customer_08929,PREMIUM,Hyderabad,Telangana,1994-10-31,2020-06-27,ACTIVE
108930,Customer_08930,RETAIL,Pune,Maharashtra,1983-05-26,2020-08-09,ACTIVE
108931,Customer_08931,PREMIUM,Kolkata,West Bengal,2009-05-23,2021-04-02,ACTIVE
108932,Customer_08932,RETAIL,Pune,Maharashtra,2018-11-16,2023-07-22,ACTIVE
108933,Customer_08933,RETAIL,Chennai,Tamil Nadu,1996-07-08,2025-05-25,ACTIVE
108934,Customer_08934,RETAIL,Pune,Maharashtra,1989-02-22,2020-04-23,ACTIVE
108935,Customer_08935,PREMIUM,Delhi,Delhi,1999-09-06,2025-04-14,ACTIVE
108936,Customer_08936,RETAIL,Hyderabad,Telangana,2018-11-10,2025-12-31,ACTIVE
108937,Customer_08937,PREMIUM,Ahmedabad,Gujarat,1985-09-20,2020-07-09,ACTIVE
108938,Customer_08938,RETAIL,Ahmedabad,Gujarat,2007-02-20,2022-12-16,ACTIVE
108939,Customer_08939,PREMIUM,Ahmedabad,Gujarat,1982-12-28,2025-05-09,ACTIVE
108940,Customer_08940,PREMIUM,Pune,Maharashtra,1991-07-04,2024-08-06,INACTIVE
108941,Customer_08941,PREMIUM,Mumbai,Maharashtra,1997-03-17,2021-03-20,ACTIVE
108942,Customer_08942,RETAIL,Ahmedabad,Gujarat,1994-12-03,2020-12-20,ACTIVE
108943,Customer_08943,PREMIUM,Ahmedabad,Gujarat,1986-07-01,2022-12-05,ACTIVE
108944,Customer_08944,RETAIL,Delhi,Delhi,2011-01-28,2025-07-27,ACTIVE
108945,Customer_08945,RETAIL,Mumbai,Maharashtra,2006-10-22,2026-03-26,ACTIVE
108946,Customer_08946,PREMIUM,Hyderabad,Telangana,1997-01-17,2023-02-21,INACTIVE
108947,Customer_08947,PREMIUM,Mumbai,Maharashtra,1996-05-11,2023-06-24,ACTIVE
108948,Customer_08948,RETAIL,Mumbai,Maharashtra,1982-03-27,2023-09-03,ACTIVE
108949,Customer_08949,BUSINESS,Ahmedabad,Gujarat,2006-04-16,2023-03-22,ACTIVE
108950,Customer_08950,RETAIL,Bangalore,Karnataka,1988-08-08,2024-04-05,ACTIVE
108951,Customer_08951,BUSINESS,Mumbai,Maharashtra,1991-07-13,2021-10-18,ACTIVE
108952,Customer_08952,PREMIUM,Hyderabad,Telangana,2014-07-01,2023-07-19,ACTIVE
108953,Customer_08953,BUSINESS,Delhi,Delhi,2005-07-15,2024-01-10,ACTIVE
108954,Customer_08954,PREMIUM,Chennai,Tamil Nadu,2007-10-03,2023-09-13,ACTIVE
108955,Customer_08955,BUSINESS,Ahmedabad,Gujarat,1990-01-13,2026-05-28,ACTIVE
108956,Customer_08956,RETAIL,Pune,Maharashtra,1999-09-28,2024-11-21,ACTIVE
108957,Customer_08957,RETAIL,Hyderabad,Telangana,1979-09-23,2024-10-28,ACTIVE
108958,Customer_08958,RETAIL,Kolkata,West Bengal,1989-03-31,2025-04-19,ACTIVE
108959,Customer_08959,PREMIUM,Bangalore,Karnataka,2012-01-08,2023-06-20,ACTIVE
108960,Customer_08960,RETAIL,Ahmedabad,Gujarat,1998-08-27,2022-01-04,ACTIVE
108961,Customer_08961,BUSINESS,Bangalore,Karnataka,2005-03-27,2023-07-09,ACTIVE
108962,Customer_08962,RETAIL,Bangalore,Karnataka,2011-07-24,2026-01-21,ACTIVE
108963,Customer_08963,PREMIUM,Ahmedabad,Gujarat,2017-08-22,2025-10-11,ACTIVE
108964,Customer_08964,RETAIL,Hyderabad,Telangana,1982-07-07,2022-04-29,ACTIVE
108965,Customer_08965,PREMIUM,Kolkata,West Bengal,2003-01-10,2023-03-05,ACTIVE
108966,Customer_08966,BUSINESS,Kolkata,West Bengal,2020-01-07,2021-10-15,ACTIVE
108967,Customer_08967,RETAIL,Hyderabad,Telangana,1987-05-17,2020-01-30,ACTIVE
108968,Customer_08968,PREMIUM,Pune,Maharashtra,2014-06-22,2022-01-17,ACTIVE
108969,Customer_08969,RETAIL,Bangalore,Karnataka,2002-12-28,2020-08-30,ACTIVE
108970,Customer_08970,PREMIUM,Kolkata,West Bengal,1992-03-22,2022-05-10,ACTIVE
108971,Customer_08971,PREMIUM,Chennai,Tamil Nadu,2011-05-02,2020-05-08,ACTIVE
108972,Customer_08972,RETAIL,Delhi,Delhi,2014-12-01,2022-01-30,ACTIVE
108973,Customer_08973,RETAIL,Delhi,Delhi,1985-01-09,2024-09-10,ACTIVE
108974,Customer_08974,RETAIL,Kolkata,West Bengal,2007-02-28,2025-07-18,ACTIVE
108975,Customer_08975,RETAIL,Pune,Maharashtra,2017-08-15,2025-10-30,ACTIVE
108976,Customer_08976,PREMIUM,Mumbai,Maharashtra,2006-07-13,2023-09-08,ACTIVE
108977,Customer_08977,RETAIL,Kolkata,West Bengal,2001-08-20,2023-08-04,ACTIVE
108978,Customer_08978,BUSINESS,Delhi,Delhi,1984-11-25,2026-05-11,ACTIVE
108979,Customer_08979,BUSINESS,Kolkata,West Bengal,1997-08-27,2023-08-26,ACTIVE
108980,Customer_08980,BUSINESS,Chennai,Tamil Nadu,2016-05-14,2020-07-20,ACTIVE
108981,Customer_08981,RETAIL,Ahmedabad,Gujarat,2011-12-26,2026-02-24,ACTIVE
108982,Customer_08982,RETAIL,Chennai,Tamil Nadu,1997-08-29,2024-01-13,ACTIVE
108983,Customer_08983,PREMIUM,Kolkata,West Bengal,1991-11-07,2024-05-18,ACTIVE
108984,Customer_08984,PREMIUM,Kolkata,West Bengal,2012-02-25,2020-08-18,ACTIVE
108985,Customer_08985,BUSINESS,Pune,Maharashtra,2018-11-26,2023-02-01,ACTIVE
108986,Customer_08986,RETAIL,Ahmedabad,Gujarat,1991-06-19,2023-01-06,ACTIVE
108987,Customer_08987,RETAIL,Hyderabad,Telangana,2012-06-18,2025-05-09,ACTIVE
108988,Customer_08988,BUSINESS,Mumbai,Maharashtra,1991-10-25,2022-07-07,ACTIVE
108989,Customer_08989,PREMIUM,Mumbai,Maharashtra,2013-02-21,2022-04-03,ACTIVE
108990,Customer_08990,RETAIL,Delhi,Delhi,2018-10-13,2024-06-21,ACTIVE
108991,Customer_08991,PREMIUM,Mumbai,Maharashtra,2006-05-28,2020-02-07,ACTIVE
108992,Customer_08992,RETAIL,Delhi,Delhi,1999-07-24,2024-11-24,ACTIVE
108993,Customer_08993,RETAIL,Ahmedabad,Gujarat,1992-01-24,2020-01-18,ACTIVE
108994,Customer_08994,RETAIL,Bangalore,Karnataka,1981-08-16,2021-07-25,ACTIVE
108995,Customer_08995,RETAIL,Mumbai,Maharashtra,1981-04-27,2023-04-08,ACTIVE
108996,Customer_08996,RETAIL,Bangalore,Karnataka,2013-06-26,2021-04-09,ACTIVE
108997,Customer_08997,RETAIL,Pune,Maharashtra,2006-05-01,2020-03-25,ACTIVE
108998,Customer_08998,RETAIL,Kolkata,West Bengal,1988-06-30,2022-10-03,ACTIVE
108999,Customer_08999,RETAIL,Mumbai,Maharashtra,2001-11-01,2024-08-24,ACTIVE
109000,Customer_09000,RETAIL,Kolkata,West Bengal,2015-04-03,2021-08-03,ACTIVE
109001,Customer_09001,RETAIL,Bangalore,Karnataka,2005-10-08,2021-10-19,ACTIVE
109002,Customer_09002,PREMIUM,Mumbai,Maharashtra,2016-10-19,2024-06-11,ACTIVE
109003,Customer_09003,PREMIUM,Hyderabad,Telangana,1983-12-28,2026-03-24,ACTIVE
109004,Customer_09004,RETAIL,Bangalore,Karnataka,1982-02-25,2023-05-27,ACTIVE
109005,Customer_09005,RETAIL,Kolkata,West Bengal,2006-07-15,2023-09-03,ACTIVE
109006,Customer_09006,PREMIUM,Chennai,Tamil Nadu,2003-01-31,2025-06-07,ACTIVE
109007,Customer_09007,PREMIUM,Kolkata,West Bengal,2007-06-06,2020-06-07,ACTIVE
109008,Customer_09008,BUSINESS,Bangalore,Karnataka,2019-06-22,2026-06-13,ACTIVE
109009,Customer_09009,BUSINESS,Mumbai,Maharashtra,1983-08-21,2023-02-16,ACTIVE
109010,Customer_09010,RETAIL,Pune,Maharashtra,2017-05-24,2022-06-26,ACTIVE
109011,Customer_09011,PREMIUM,Bangalore,Karnataka,1981-08-30,2024-01-23,ACTIVE
109012,Customer_09012,RETAIL,Bangalore,Karnataka,2000-09-25,2025-12-28,ACTIVE
109013,Customer_09013,PREMIUM,Kolkata,West Bengal,2013-04-30,2026-02-26,ACTIVE
109014,Customer_09014,BUSINESS,Bangalore,Karnataka,2007-02-10,2025-02-08,ACTIVE
109015,Customer_09015,PREMIUM,Kolkata,West Bengal,1988-04-22,2023-03-06,ACTIVE
109016,Customer_09016,RETAIL,Pune,Maharashtra,2003-12-24,2020-12-23,ACTIVE
109017,Customer_09017,RETAIL,Bangalore,Karnataka,2016-03-18,2021-04-01,INACTIVE
109018,Customer_09018,RETAIL,Kolkata,West Bengal,1987-07-06,2025-06-29,ACTIVE
109019,Customer_09019,RETAIL,Mumbai,Maharashtra,2017-08-31,2020-10-27,ACTIVE
109020,Customer_09020,PREMIUM,Delhi,Delhi,2005-12-24,2023-03-01,ACTIVE
109021,Customer_09021,PREMIUM,Kolkata,West Bengal,1982-09-22,2022-09-05,ACTIVE
109022,Customer_09022,RETAIL,Chennai,Tamil Nadu,1992-11-05,2024-08-28,ACTIVE
109023,Customer_09023,PREMIUM,Kolkata,West Bengal,2014-07-27,2022-04-03,ACTIVE
109024,Customer_09024,RETAIL,Chennai,Tamil Nadu,1993-01-16,2024-08-13,ACTIVE
109025,Customer_09025,RETAIL,Kolkata,West Bengal,2018-01-16,2023-05-04,ACTIVE
109026,Customer_09026,RETAIL,Ahmedabad,Gujarat,1996-05-30,2025-10-27,ACTIVE
109027,Customer_09027,RETAIL,Ahmedabad,Gujarat,1993-03-28,2021-03-24,ACTIVE
109028,Customer_09028,PREMIUM,Mumbai,Maharashtra,2014-02-28,2024-12-31,ACTIVE
109029,Customer_09029,PREMIUM,Chennai,Tamil Nadu,2011-06-04,2024-09-27,ACTIVE
109030,Customer_09030,PREMIUM,Mumbai,Maharashtra,1988-12-14,2025-06-02,ACTIVE
109031,Customer_09031,RETAIL,Pune,Maharashtra,2011-03-28,2023-03-22,ACTIVE
109032,Customer_09032,PREMIUM,Delhi,Delhi,1989-06-18,2022-02-09,ACTIVE
109033,Customer_09033,RETAIL,Hyderabad,Telangana,2015-12-12,2023-05-26,ACTIVE
109034,Customer_09034,RETAIL,Bangalore,Karnataka,1979-06-20,2026-05-24,ACTIVE
109035,Customer_09035,RETAIL,Kolkata,West Bengal,2006-05-11,2021-04-12,ACTIVE
109036,Customer_09036,PREMIUM,Delhi,Delhi,1985-07-13,2024-05-06,INACTIVE
109037,Customer_09037,BUSINESS,Chennai,Tamil Nadu,2006-12-16,2021-06-22,ACTIVE
109038,Customer_09038,RETAIL,Kolkata,West Bengal,2019-05-11,2025-01-30,ACTIVE
109039,Customer_09039,PREMIUM,Ahmedabad,Gujarat,2006-08-01,2022-10-13,ACTIVE
109040,Customer_09040,RETAIL,Pune,Maharashtra,1996-12-25,2025-08-23,ACTIVE
109041,Customer_09041,RETAIL,Hyderabad,Telangana,2012-12-22,2021-01-27,ACTIVE
109042,Customer_09042,PREMIUM,Mumbai,Maharashtra,1987-03-07,2020-10-24,ACTIVE
109043,Customer_09043,PREMIUM,Chennai,Tamil Nadu,2001-06-20,2026-03-31,ACTIVE
109044,Customer_09044,PREMIUM,Bangalore,Karnataka,2018-10-28,2022-03-18,ACTIVE
109045,Customer_09045,PREMIUM,Ahmedabad,Gujarat,1993-10-12,2020-07-22,ACTIVE
109046,Customer_09046,RETAIL,Kolkata,West Bengal,1980-04-11,2025-06-29,ACTIVE
109047,Customer_09047,BUSINESS,Ahmedabad,Gujarat,1997-04-19,2022-09-20,ACTIVE
109048,Customer_09048,BUSINESS,Kolkata,West Bengal,1999-01-18,2026-01-21,ACTIVE
109049,Customer_09049,RETAIL,Bangalore,Karnataka,2012-07-05,2022-11-16,ACTIVE
109050,Customer_09050,RETAIL,Hyderabad,Telangana,2012-03-17,2024-12-19,ACTIVE
109051,Customer_09051,RETAIL,Mumbai,Maharashtra,1993-02-17,2023-10-21,ACTIVE
109052,Customer_09052,PREMIUM,Chennai,Tamil Nadu,2010-11-26,2023-03-03,ACTIVE
109053,Customer_09053,BUSINESS,Mumbai,Maharashtra,1985-01-15,2023-03-12,ACTIVE
109054,Customer_09054,PREMIUM,Hyderabad,Telangana,1986-12-08,2021-08-25,ACTIVE
109055,Customer_09055,RETAIL,Ahmedabad,Gujarat,2003-12-21,2024-11-02,ACTIVE
109056,Customer_09056,RETAIL,Hyderabad,Telangana,2008-03-25,2023-06-14,ACTIVE
109057,Customer_09057,RETAIL,Kolkata,West Bengal,2012-04-26,2020-01-04,ACTIVE
109058,Customer_09058,RETAIL,Pune,Maharashtra,2004-09-20,2022-08-11,ACTIVE
109059,Customer_09059,RETAIL,Ahmedabad,Gujarat,1984-05-29,2022-09-01,ACTIVE
109060,Customer_09060,RETAIL,Chennai,Tamil Nadu,2006-11-24,2025-10-26,ACTIVE
109061,Customer_09061,RETAIL,Hyderabad,Telangana,1996-10-16,2022-10-21,ACTIVE
109062,Customer_09062,RETAIL,Kolkata,West Bengal,1990-02-03,2023-09-23,ACTIVE
109063,Customer_09063,PREMIUM,Hyderabad,Telangana,1993-02-02,2020-07-17,INACTIVE
109064,Customer_09064,RETAIL,Delhi,Delhi,2012-06-17,2022-07-29,ACTIVE
109065,Customer_09065,RETAIL,Chennai,Tamil Nadu,1986-06-15,2021-11-12,ACTIVE
109066,Customer_09066,RETAIL,Hyderabad,Telangana,2002-02-17,2023-04-11,ACTIVE
109067,Customer_09067,BUSINESS,Kolkata,West Bengal,1982-07-28,2025-11-26,ACTIVE
109068,Customer_09068,PREMIUM,Bangalore,Karnataka,2008-12-10,2026-02-18,ACTIVE
109069,Customer_09069,RETAIL,Chennai,Tamil Nadu,1985-04-27,2021-11-19,ACTIVE
109070,Customer_09070,PREMIUM,Chennai,Tamil Nadu,2017-10-01,2024-01-11,ACTIVE
109071,Customer_09071,PREMIUM,Mumbai,Maharashtra,2015-05-22,2026-04-09,ACTIVE
109072,Customer_09072,PREMIUM,Mumbai,Maharashtra,2014-04-19,2021-07-03,ACTIVE
109073,Customer_09073,RETAIL,Mumbai,Maharashtra,1993-06-24,2022-11-17,ACTIVE
109074,Customer_09074,RETAIL,Hyderabad,Telangana,2011-04-18,2023-04-15,ACTIVE
109075,Customer_09075,RETAIL,Bangalore,Karnataka,1984-09-09,2020-01-08,ACTIVE
109076,Customer_09076,RETAIL,Kolkata,West Bengal,1991-01-22,2023-01-22,ACTIVE
109077,Customer_09077,RETAIL,Hyderabad,Telangana,1984-08-09,2020-10-18,ACTIVE
109078,Customer_09078,RETAIL,Pune,Maharashtra,1981-05-21,2022-01-14,ACTIVE
109079,Customer_09079,RETAIL,Mumbai,Maharashtra,1994-03-28,2020-10-04,ACTIVE
109080,Customer_09080,RETAIL,Delhi,Delhi,2002-10-06,2024-11-02,ACTIVE
109081,Customer_09081,RETAIL,Ahmedabad,Gujarat,2014-07-31,2025-06-26,ACTIVE
109082,Customer_09082,RETAIL,Mumbai,Maharashtra,1980-07-31,2021-10-05,ACTIVE
109083,Customer_09083,RETAIL,Pune,Maharashtra,1995-11-17,2020-04-06,ACTIVE
109084,Customer_09084,RETAIL,Mumbai,Maharashtra,2008-06-29,2023-03-28,ACTIVE
109085,Customer_09085,PREMIUM,Bangalore,Karnataka,1987-06-11,2020-10-02,ACTIVE
109086,Customer_09086,RETAIL,Ahmedabad,Gujarat,2009-06-04,2022-11-24,ACTIVE
109087,Customer_09087,RETAIL,Hyderabad,Telangana,2002-07-31,2023-07-29,ACTIVE
109088,Customer_09088,RETAIL,Bangalore,Karnataka,2002-04-13,2023-01-25,ACTIVE
109089,Customer_09089,RETAIL,Pune,Maharashtra,1984-04-17,2023-06-06,ACTIVE
109090,Customer_09090,RETAIL,Delhi,Delhi,1986-01-26,2023-09-22,ACTIVE
109091,Customer_09091,RETAIL,Chennai,Tamil Nadu,2015-03-13,2021-01-27,ACTIVE
109092,Customer_09092,RETAIL,Delhi,Delhi,2015-02-16,2024-06-27,ACTIVE
109093,Customer_09093,BUSINESS,Hyderabad,Telangana,1997-09-30,2024-05-23,ACTIVE
109094,Customer_09094,PREMIUM,Ahmedabad,Gujarat,2003-08-21,2020-12-09,ACTIVE
109095,Customer_09095,RETAIL,Pune,Maharashtra,2001-06-03,2022-11-07,ACTIVE
109096,Customer_09096,RETAIL,Delhi,Delhi,2000-04-23,2021-11-22,ACTIVE
109097,Customer_09097,PREMIUM,Pune,Maharashtra,2008-05-31,2022-08-11,ACTIVE
109098,Customer_09098,RETAIL,Hyderabad,Telangana,2002-06-22,2025-01-28,ACTIVE
109099,Customer_09099,BUSINESS,Bangalore,Karnataka,1984-04-22,2023-12-02,ACTIVE
109100,Customer_09100,RETAIL,Delhi,Delhi,1982-07-27,2025-12-18,ACTIVE
109101,Customer_09101,RETAIL,Pune,Maharashtra,2014-01-30,2023-09-27,ACTIVE
109102,Customer_09102,RETAIL,Mumbai,Maharashtra,2009-07-28,2020-04-17,ACTIVE
109103,Customer_09103,BUSINESS,Bangalore,Karnataka,1987-04-30,2024-09-03,ACTIVE
109104,Customer_09104,BUSINESS,Hyderabad,Telangana,1981-08-29,2020-06-25,ACTIVE
109105,Customer_09105,PREMIUM,Pune,Maharashtra,1988-03-06,2022-03-31,ACTIVE
109106,Customer_09106,RETAIL,Mumbai,Maharashtra,2002-12-01,2026-02-19,ACTIVE
109107,Customer_09107,PREMIUM,Bangalore,Karnataka,2003-02-21,2026-07-03,ACTIVE
109108,Customer_09108,RETAIL,Hyderabad,Telangana,1986-02-11,2020-12-21,ACTIVE
109109,Customer_09109,RETAIL,Delhi,Delhi,1986-05-26,2026-06-22,ACTIVE
109110,Customer_09110,PREMIUM,Delhi,Delhi,1987-09-11,2026-06-08,ACTIVE
109111,Customer_09111,BUSINESS,Pune,Maharashtra,1997-05-13,2025-10-09,ACTIVE
109112,Customer_09112,RETAIL,Hyderabad,Telangana,1988-09-28,2025-06-10,ACTIVE
109113,Customer_09113,RETAIL,Kolkata,West Bengal,1997-11-26,2020-06-29,ACTIVE
109114,Customer_09114,RETAIL,Kolkata,West Bengal,1979-10-02,2020-10-16,ACTIVE
109115,Customer_09115,RETAIL,Chennai,Tamil Nadu,2017-08-10,2024-01-12,ACTIVE
109116,Customer_09116,RETAIL,Hyderabad,Telangana,2015-10-16,2020-09-03,ACTIVE
109117,Customer_09117,PREMIUM,Bangalore,Karnataka,1993-01-26,2021-08-25,ACTIVE
109118,Customer_09118,RETAIL,Mumbai,Maharashtra,2012-03-11,2026-06-03,ACTIVE
109119,Customer_09119,PREMIUM,Delhi,Delhi,2001-02-24,2025-12-25,ACTIVE
109120,Customer_09120,RETAIL,Hyderabad,Telangana,1980-06-13,2021-09-03,ACTIVE
109121,Customer_09121,RETAIL,Hyderabad,Telangana,1990-11-09,2023-07-16,ACTIVE
109122,Customer_09122,RETAIL,Ahmedabad,Gujarat,1981-07-03,2023-07-16,ACTIVE
109123,Customer_09123,RETAIL,Ahmedabad,Gujarat,2008-03-28,2021-09-22,ACTIVE
109124,Customer_09124,RETAIL,Pune,Maharashtra,2011-04-26,2021-07-20,ACTIVE
109125,Customer_09125,RETAIL,Mumbai,Maharashtra,2004-07-05,2022-11-15,ACTIVE
109126,Customer_09126,BUSINESS,Delhi,Delhi,1979-06-12,2023-12-12,ACTIVE
109127,Customer_09127,RETAIL,Ahmedabad,Gujarat,1988-11-09,2025-04-14,ACTIVE
109128,Customer_09128,RETAIL,Kolkata,West Bengal,1998-06-04,2025-07-09,ACTIVE
109129,Customer_09129,BUSINESS,Mumbai,Maharashtra,1985-02-07,2020-02-19,ACTIVE
109130,Customer_09130,RETAIL,Pune,Maharashtra,1983-07-28,2024-04-25,ACTIVE
109131,Customer_09131,PREMIUM,Chennai,Tamil Nadu,1991-08-31,2024-01-18,ACTIVE
109132,Customer_09132,BUSINESS,Hyderabad,Telangana,2003-06-18,2020-04-21,ACTIVE
109133,Customer_09133,PREMIUM,Ahmedabad,Gujarat,1982-10-19,2025-06-26,ACTIVE
109134,Customer_09134,RETAIL,Kolkata,West Bengal,2020-03-01,2023-11-29,ACTIVE
109135,Customer_09135,PREMIUM,Pune,Maharashtra,1998-01-06,2024-09-21,ACTIVE
109136,Customer_09136,RETAIL,Mumbai,Maharashtra,1986-03-25,2024-05-05,ACTIVE
109137,Customer_09137,RETAIL,Hyderabad,Telangana,1979-12-27,2022-03-13,ACTIVE
109138,Customer_09138,BUSINESS,Chennai,Tamil Nadu,2018-06-15,2021-04-27,ACTIVE
109139,Customer_09139,RETAIL,Ahmedabad,Gujarat,2003-08-01,2022-06-25,ACTIVE
109140,Customer_09140,PREMIUM,Chennai,Tamil Nadu,2014-09-16,2025-01-03,ACTIVE
109141,Customer_09141,RETAIL,Chennai,Tamil Nadu,2011-01-22,2024-03-08,ACTIVE
109142,Customer_09142,RETAIL,Delhi,Delhi,2019-08-26,2024-02-13,ACTIVE
109143,Customer_09143,RETAIL,Mumbai,Maharashtra,2015-09-15,2020-11-08,ACTIVE
109144,Customer_09144,PREMIUM,Ahmedabad,Gujarat,2010-08-18,2020-01-23,ACTIVE
109145,Customer_09145,RETAIL,Kolkata,West Bengal,2014-02-13,2024-05-21,ACTIVE
109146,Customer_09146,PREMIUM,Pune,Maharashtra,2014-05-11,2026-03-31,ACTIVE
109147,Customer_09147,RETAIL,Hyderabad,Telangana,1989-08-18,2022-05-10,ACTIVE
109148,Customer_09148,BUSINESS,Delhi,Delhi,2003-08-01,2022-12-05,ACTIVE
109149,Customer_09149,RETAIL,Bangalore,Karnataka,2019-08-28,2026-04-17,ACTIVE
109150,Customer_09150,PREMIUM,Kolkata,West Bengal,2014-10-13,2021-07-11,ACTIVE
109151,Customer_09151,RETAIL,Kolkata,West Bengal,1983-06-27,2023-06-06,ACTIVE
109152,Customer_09152,RETAIL,Pune,Maharashtra,1983-09-29,2020-07-25,ACTIVE
109153,Customer_09153,BUSINESS,Delhi,Delhi,1987-05-19,2021-09-24,INACTIVE
109154,Customer_09154,RETAIL,Kolkata,West Bengal,2009-08-15,2022-06-17,ACTIVE
109155,Customer_09155,RETAIL,Ahmedabad,Gujarat,1995-05-03,2024-07-03,ACTIVE
109156,Customer_09156,PREMIUM,Mumbai,Maharashtra,2004-12-25,2022-01-08,ACTIVE
109157,Customer_09157,PREMIUM,Kolkata,West Bengal,1984-11-26,2023-01-10,ACTIVE
109158,Customer_09158,PREMIUM,Bangalore,Karnataka,1981-08-15,2021-12-16,ACTIVE
109159,Customer_09159,PREMIUM,Chennai,Tamil Nadu,2010-10-29,2020-12-04,ACTIVE
109160,Customer_09160,BUSINESS,Mumbai,Maharashtra,1991-02-20,2025-03-18,ACTIVE
109161,Customer_09161,RETAIL,Hyderabad,Telangana,1980-12-08,2024-06-03,ACTIVE
109162,Customer_09162,RETAIL,Hyderabad,Telangana,1988-01-15,2024-03-30,ACTIVE
109163,Customer_09163,PREMIUM,Hyderabad,Telangana,1992-06-07,2023-10-31,ACTIVE
109164,Customer_09164,PREMIUM,Kolkata,West Bengal,1995-10-21,2020-11-15,ACTIVE
109165,Customer_09165,RETAIL,Ahmedabad,Gujarat,2015-12-29,2023-05-21,INACTIVE
109166,Customer_09166,RETAIL,Kolkata,West Bengal,1987-04-24,2024-08-26,ACTIVE
109167,Customer_09167,RETAIL,Hyderabad,Telangana,2003-12-22,2023-04-01,ACTIVE
109168,Customer_09168,PREMIUM,Ahmedabad,Gujarat,1990-06-14,2024-10-02,ACTIVE
109169,Customer_09169,RETAIL,Hyderabad,Telangana,1999-08-21,2022-02-28,ACTIVE
109170,Customer_09170,PREMIUM,Hyderabad,Telangana,1991-04-28,2023-05-19,ACTIVE
109171,Customer_09171,PREMIUM,Chennai,Tamil Nadu,1993-04-22,2022-07-02,ACTIVE
109172,Customer_09172,RETAIL,Kolkata,West Bengal,2003-10-19,2026-07-17,ACTIVE
109173,Customer_09173,RETAIL,Mumbai,Maharashtra,2003-05-21,2021-03-05,ACTIVE
109174,Customer_09174,RETAIL,Chennai,Tamil Nadu,1984-09-14,2021-11-11,ACTIVE
109175,Customer_09175,RETAIL,Bangalore,Karnataka,1985-08-07,2024-06-22,ACTIVE
109176,Customer_09176,RETAIL,Ahmedabad,Gujarat,1989-01-24,2020-05-20,ACTIVE
109177,Customer_09177,RETAIL,Mumbai,Maharashtra,2016-02-06,2023-05-15,ACTIVE
109178,Customer_09178,PREMIUM,Hyderabad,Telangana,1992-03-10,2020-03-10,ACTIVE
109179,Customer_09179,RETAIL,Pune,Maharashtra,2002-11-24,2023-06-20,ACTIVE
109180,Customer_09180,RETAIL,Ahmedabad,Gujarat,1997-08-10,2022-02-08,ACTIVE
109181,Customer_09181,RETAIL,Kolkata,West Bengal,1993-09-15,2021-03-31,ACTIVE
109182,Customer_09182,PREMIUM,Pune,Maharashtra,1980-09-23,2023-04-10,ACTIVE
109183,Customer_09183,RETAIL,Kolkata,West Bengal,1997-04-13,2022-03-05,INACTIVE
109184,Customer_09184,RETAIL,Bangalore,Karnataka,2020-03-14,2020-07-06,ACTIVE
109185,Customer_09185,BUSINESS,Ahmedabad,Gujarat,2017-10-21,2023-07-02,ACTIVE
109186,Customer_09186,RETAIL,Hyderabad,Telangana,1991-07-02,2023-09-19,ACTIVE
109187,Customer_09187,RETAIL,Mumbai,Maharashtra,2001-01-21,2024-05-07,ACTIVE
109188,Customer_09188,RETAIL,Pune,Maharashtra,1990-12-19,2025-12-02,ACTIVE
109189,Customer_09189,PREMIUM,Bangalore,Karnataka,2017-01-03,2024-08-12,ACTIVE
109190,Customer_09190,PREMIUM,Pune,Maharashtra,2001-12-14,2025-03-27,ACTIVE
109191,Customer_09191,RETAIL,Pune,Maharashtra,2016-12-13,2024-04-04,ACTIVE
109192,Customer_09192,PREMIUM,Ahmedabad,Gujarat,2014-03-28,2024-06-01,ACTIVE
109193,Customer_09193,PREMIUM,Kolkata,West Bengal,1992-08-13,2025-03-18,ACTIVE
109194,Customer_09194,PREMIUM,Bangalore,Karnataka,1997-12-04,2024-05-07,ACTIVE
109195,Customer_09195,BUSINESS,Pune,Maharashtra,2002-07-21,2023-04-20,ACTIVE
109196,Customer_09196,PREMIUM,Pune,Maharashtra,1989-05-20,2024-10-18,INACTIVE
109197,Customer_09197,RETAIL,Ahmedabad,Gujarat,2013-04-25,2026-05-05,ACTIVE
109198,Customer_09198,RETAIL,Delhi,Delhi,2002-05-28,2023-04-01,ACTIVE
109199,Customer_09199,BUSINESS,Mumbai,Maharashtra,1987-09-06,2021-06-26,ACTIVE
109200,Customer_09200,RETAIL,Bangalore,Karnataka,1998-12-31,2022-08-22,ACTIVE
109201,Customer_09201,RETAIL,Bangalore,Karnataka,2012-11-27,2020-02-04,ACTIVE
109202,Customer_09202,BUSINESS,Chennai,Tamil Nadu,1996-07-16,2022-01-05,ACTIVE
109203,Customer_09203,PREMIUM,Delhi,Delhi,2008-05-01,2025-10-29,ACTIVE
109204,Customer_09204,PREMIUM,Ahmedabad,Gujarat,2019-07-28,2020-08-27,ACTIVE
109205,Customer_09205,PREMIUM,Hyderabad,Telangana,1992-12-03,2025-11-01,ACTIVE
109206,Customer_09206,RETAIL,Ahmedabad,Gujarat,2020-01-25,2023-09-11,ACTIVE
109207,Customer_09207,PREMIUM,Delhi,Delhi,1996-03-07,2022-02-03,ACTIVE
109208,Customer_09208,BUSINESS,Hyderabad,Telangana,2002-03-30,2023-02-08,ACTIVE
109209,Customer_09209,RETAIL,Delhi,Delhi,2010-11-28,2025-10-09,ACTIVE
109210,Customer_09210,RETAIL,Hyderabad,Telangana,1981-12-16,2020-10-12,ACTIVE
109211,Customer_09211,PREMIUM,Hyderabad,Telangana,2007-12-22,2023-09-19,ACTIVE
109212,Customer_09212,RETAIL,Delhi,Delhi,2002-06-12,2021-10-05,ACTIVE
109213,Customer_09213,RETAIL,Ahmedabad,Gujarat,2006-01-29,2023-07-22,ACTIVE
109214,Customer_09214,RETAIL,Kolkata,West Bengal,2018-04-13,2025-03-04,ACTIVE
109215,Customer_09215,RETAIL,Ahmedabad,Gujarat,1999-02-02,2026-01-20,ACTIVE
109216,Customer_09216,RETAIL,Pune,Maharashtra,2017-03-07,2021-09-05,ACTIVE
109217,Customer_09217,PREMIUM,Hyderabad,Telangana,2002-06-25,2024-05-11,ACTIVE
109218,Customer_09218,PREMIUM,Mumbai,Maharashtra,1988-01-06,2022-10-18,ACTIVE
109219,Customer_09219,PREMIUM,Mumbai,Maharashtra,2005-12-17,2023-04-21,ACTIVE
109220,Customer_09220,RETAIL,Ahmedabad,Gujarat,1986-12-21,2021-01-22,ACTIVE
109221,Customer_09221,RETAIL,Pune,Maharashtra,2016-02-04,2025-08-17,INACTIVE
109222,Customer_09222,RETAIL,Kolkata,West Bengal,1985-06-01,2021-02-11,ACTIVE
109223,Customer_09223,PREMIUM,Bangalore,Karnataka,1999-08-24,2020-04-05,ACTIVE
109224,Customer_09224,BUSINESS,Delhi,Delhi,2012-10-30,2024-12-20,ACTIVE
109225,Customer_09225,RETAIL,Mumbai,Maharashtra,1979-07-18,2022-08-31,ACTIVE
109226,Customer_09226,BUSINESS,Hyderabad,Telangana,1999-04-16,2020-06-09,ACTIVE
109227,Customer_09227,RETAIL,Hyderabad,Telangana,1999-12-18,2024-06-22,ACTIVE
109228,Customer_09228,RETAIL,Bangalore,Karnataka,1993-01-17,2021-11-15,ACTIVE
109229,Customer_09229,PREMIUM,Kolkata,West Bengal,2006-10-18,2026-05-31,ACTIVE
109230,Customer_09230,RETAIL,Delhi,Delhi,1992-07-03,2026-06-12,ACTIVE
109231,Customer_09231,BUSINESS,Chennai,Tamil Nadu,1994-07-16,2023-08-13,ACTIVE
109232,Customer_09232,RETAIL,Delhi,Delhi,1990-06-23,2023-02-16,ACTIVE
109233,Customer_09233,PREMIUM,Chennai,Tamil Nadu,2004-10-20,2022-12-03,ACTIVE
109234,Customer_09234,RETAIL,Pune,Maharashtra,2015-05-31,2023-12-25,ACTIVE
109235,Customer_09235,RETAIL,Bangalore,Karnataka,1986-06-17,2025-12-21,ACTIVE
109236,Customer_09236,RETAIL,Chennai,Tamil Nadu,1995-12-28,2024-03-17,ACTIVE
109237,Customer_09237,BUSINESS,Chennai,Tamil Nadu,1988-06-09,2020-08-26,ACTIVE
109238,Customer_09238,RETAIL,Bangalore,Karnataka,1989-03-09,2021-04-15,ACTIVE
109239,Customer_09239,RETAIL,Hyderabad,Telangana,2019-01-24,2024-02-19,ACTIVE
109240,Customer_09240,RETAIL,Chennai,Tamil Nadu,2008-05-04,2022-06-05,ACTIVE
109241,Customer_09241,RETAIL,Delhi,Delhi,2017-12-13,2023-02-24,ACTIVE
109242,Customer_09242,RETAIL,Pune,Maharashtra,2005-04-05,2022-08-19,ACTIVE
109243,Customer_09243,PREMIUM,Hyderabad,Telangana,2006-07-16,2023-12-01,ACTIVE
109244,Customer_09244,RETAIL,Ahmedabad,Gujarat,2008-07-17,2021-07-07,ACTIVE
109245,Customer_09245,RETAIL,Kolkata,West Bengal,2005-12-25,2020-06-25,ACTIVE
109246,Customer_09246,RETAIL,Hyderabad,Telangana,2012-12-02,2021-07-15,ACTIVE
109247,Customer_09247,RETAIL,Ahmedabad,Gujarat,1992-07-22,2024-05-22,ACTIVE
109248,Customer_09248,RETAIL,Ahmedabad,Gujarat,1983-04-28,2023-12-29,ACTIVE
109249,Customer_09249,RETAIL,Chennai,Tamil Nadu,1999-03-25,2025-04-25,ACTIVE
109250,Customer_09250,RETAIL,Mumbai,Maharashtra,1979-03-31,2020-09-17,ACTIVE
109251,Customer_09251,PREMIUM,Hyderabad,Telangana,1981-02-08,2020-12-05,ACTIVE
109252,Customer_09252,RETAIL,Chennai,Tamil Nadu,1981-03-29,2020-11-05,ACTIVE
109253,Customer_09253,PREMIUM,Delhi,Delhi,1982-05-06,2023-09-12,ACTIVE
109254,Customer_09254,RETAIL,Kolkata,West Bengal,2008-03-10,2023-10-07,ACTIVE
109255,Customer_09255,BUSINESS,Kolkata,West Bengal,2003-09-17,2021-01-17,ACTIVE
109256,Customer_09256,BUSINESS,Delhi,Delhi,2017-07-17,2022-12-14,ACTIVE
109257,Customer_09257,RETAIL,Bangalore,Karnataka,1991-01-26,2020-05-03,ACTIVE
109258,Customer_09258,RETAIL,Pune,Maharashtra,1992-10-05,2024-01-08,ACTIVE
109259,Customer_09259,RETAIL,Pune,Maharashtra,1999-04-17,2023-09-29,ACTIVE
109260,Customer_09260,PREMIUM,Delhi,Delhi,2011-03-31,2020-03-05,ACTIVE
109261,Customer_09261,RETAIL,Delhi,Delhi,2017-05-21,2020-07-31,ACTIVE
109262,Customer_09262,RETAIL,Delhi,Delhi,2009-02-09,2024-08-18,INACTIVE
109263,Customer_09263,RETAIL,Pune,Maharashtra,1999-12-29,2025-11-27,ACTIVE
109264,Customer_09264,RETAIL,Bangalore,Karnataka,2019-05-01,2025-08-01,ACTIVE
109265,Customer_09265,PREMIUM,Chennai,Tamil Nadu,1986-08-11,2023-09-23,ACTIVE
109266,Customer_09266,RETAIL,Delhi,Delhi,1998-07-01,2023-06-11,ACTIVE
109267,Customer_09267,PREMIUM,Chennai,Tamil Nadu,1989-04-21,2025-04-24,ACTIVE
109268,Customer_09268,PREMIUM,Delhi,Delhi,1985-12-26,2025-07-11,ACTIVE
109269,Customer_09269,RETAIL,Hyderabad,Telangana,1995-06-15,2025-12-15,ACTIVE
109270,Customer_09270,RETAIL,Hyderabad,Telangana,2010-08-04,2022-08-17,ACTIVE
109271,Customer_09271,BUSINESS,Ahmedabad,Gujarat,1992-04-21,2023-02-16,ACTIVE
109272,Customer_09272,PREMIUM,Mumbai,Maharashtra,2012-10-16,2020-07-08,ACTIVE
109273,Customer_09273,PREMIUM,Kolkata,West Bengal,2004-04-03,2021-02-24,INACTIVE
109274,Customer_09274,BUSINESS,Delhi,Delhi,2008-03-18,2022-06-25,ACTIVE
109275,Customer_09275,RETAIL,Mumbai,Maharashtra,1989-02-25,2025-04-26,ACTIVE
109276,Customer_09276,PREMIUM,Hyderabad,Telangana,2014-08-12,2022-12-07,ACTIVE
109277,Customer_09277,PREMIUM,Pune,Maharashtra,1987-07-14,2023-11-10,ACTIVE
109278,Customer_09278,RETAIL,Pune,Maharashtra,1994-05-29,2025-09-08,ACTIVE
109279,Customer_09279,RETAIL,Ahmedabad,Gujarat,2011-05-02,2023-02-15,ACTIVE
109280,Customer_09280,RETAIL,Pune,Maharashtra,2007-07-07,2022-03-14,ACTIVE
109281,Customer_09281,RETAIL,Chennai,Tamil Nadu,1991-06-18,2024-10-18,ACTIVE
109282,Customer_09282,RETAIL,Pune,Maharashtra,1989-12-31,2022-01-26,ACTIVE
109283,Customer_09283,PREMIUM,Mumbai,Maharashtra,1996-12-13,2022-07-20,ACTIVE
109284,Customer_09284,PREMIUM,Mumbai,Maharashtra,1997-07-01,2025-11-01,ACTIVE
109285,Customer_09285,RETAIL,Mumbai,Maharashtra,1981-08-10,2022-11-15,ACTIVE
109286,Customer_09286,RETAIL,Bangalore,Karnataka,1989-02-14,2021-08-25,ACTIVE
109287,Customer_09287,RETAIL,Bangalore,Karnataka,1985-07-06,2025-06-26,ACTIVE
109288,Customer_09288,RETAIL,Mumbai,Maharashtra,1985-07-06,2024-03-21,ACTIVE
109289,Customer_09289,RETAIL,Delhi,Delhi,1993-09-06,2025-01-16,ACTIVE
109290,Customer_09290,RETAIL,Delhi,Delhi,1980-08-22,2022-02-22,ACTIVE
109291,Customer_09291,PREMIUM,Chennai,Tamil Nadu,2006-12-22,2025-02-19,ACTIVE
109292,Customer_09292,RETAIL,Ahmedabad,Gujarat,2006-09-27,2026-04-02,ACTIVE
109293,Customer_09293,RETAIL,Hyderabad,Telangana,1988-03-20,2021-01-27,ACTIVE
109294,Customer_09294,PREMIUM,Ahmedabad,Gujarat,2015-02-10,2021-03-31,ACTIVE
109295,Customer_09295,RETAIL,Pune,Maharashtra,2003-07-19,2023-09-15,ACTIVE
109296,Customer_09296,PREMIUM,Pune,Maharashtra,1992-01-29,2024-10-03,ACTIVE
109297,Customer_09297,RETAIL,Kolkata,West Bengal,1987-02-18,2020-01-02,ACTIVE
109298,Customer_09298,RETAIL,Delhi,Delhi,1996-10-16,2023-08-13,INACTIVE
109299,Customer_09299,RETAIL,Kolkata,West Bengal,2018-08-06,2020-11-01,ACTIVE
109300,Customer_09300,RETAIL,Bangalore,Karnataka,1979-04-24,2026-06-06,ACTIVE
109301,Customer_09301,BUSINESS,Pune,Maharashtra,1979-12-28,2024-10-09,ACTIVE
109302,Customer_09302,PREMIUM,Kolkata,West Bengal,1996-02-13,2026-07-13,INACTIVE
109303,Customer_09303,RETAIL,Chennai,Tamil Nadu,2016-11-28,2021-06-07,INACTIVE
109304,Customer_09304,RETAIL,Kolkata,West Bengal,1990-09-19,2025-03-19,ACTIVE
109305,Customer_09305,BUSINESS,Bangalore,Karnataka,2009-11-09,2022-07-06,ACTIVE
109306,Customer_09306,RETAIL,Pune,Maharashtra,2002-09-30,2020-09-05,ACTIVE
109307,Customer_09307,RETAIL,Hyderabad,Telangana,1987-05-09,2023-02-26,ACTIVE
109308,Customer_09308,BUSINESS,Mumbai,Maharashtra,2016-06-22,2023-01-30,ACTIVE
109309,Customer_09309,RETAIL,Hyderabad,Telangana,1985-11-14,2023-04-15,ACTIVE
109310,Customer_09310,RETAIL,Bangalore,Karnataka,1999-12-14,2025-08-12,ACTIVE
109311,Customer_09311,RETAIL,Kolkata,West Bengal,2006-05-19,2021-11-01,ACTIVE
109312,Customer_09312,RETAIL,Kolkata,West Bengal,2006-11-27,2024-03-12,ACTIVE
109313,Customer_09313,PREMIUM,Bangalore,Karnataka,2014-04-02,2021-04-23,ACTIVE
109314,Customer_09314,RETAIL,Ahmedabad,Gujarat,2008-02-20,2025-10-10,ACTIVE
109315,Customer_09315,BUSINESS,Mumbai,Maharashtra,2006-02-27,2023-01-04,ACTIVE
109316,Customer_09316,RETAIL,Mumbai,Maharashtra,1985-06-04,2025-04-02,ACTIVE
109317,Customer_09317,RETAIL,Ahmedabad,Gujarat,1991-10-04,2021-10-07,INACTIVE
109318,Customer_09318,PREMIUM,Chennai,Tamil Nadu,1993-05-25,2022-01-21,ACTIVE
109319,Customer_09319,RETAIL,Bangalore,Karnataka,1994-05-27,2026-06-17,ACTIVE
109320,Customer_09320,RETAIL,Pune,Maharashtra,1983-10-24,2021-04-13,ACTIVE
109321,Customer_09321,RETAIL,Delhi,Delhi,1983-01-25,2023-09-09,ACTIVE
109322,Customer_09322,PREMIUM,Hyderabad,Telangana,1997-04-07,2022-02-13,ACTIVE
109323,Customer_09323,PREMIUM,Kolkata,West Bengal,2008-11-07,2022-07-25,ACTIVE
109324,Customer_09324,RETAIL,Ahmedabad,Gujarat,2015-08-09,2024-07-28,ACTIVE
109325,Customer_09325,RETAIL,Bangalore,Karnataka,2017-10-10,2025-02-19,ACTIVE
109326,Customer_09326,RETAIL,Bangalore,Karnataka,1998-12-01,2023-02-28,ACTIVE
109327,Customer_09327,RETAIL,Pune,Maharashtra,2016-01-18,2024-03-11,ACTIVE
109328,Customer_09328,RETAIL,Mumbai,Maharashtra,1997-11-24,2020-04-15,ACTIVE
109329,Customer_09329,BUSINESS,Bangalore,Karnataka,1998-08-09,2021-07-15,ACTIVE
109330,Customer_09330,RETAIL,Chennai,Tamil Nadu,1987-10-05,2024-11-16,ACTIVE
109331,Customer_09331,RETAIL,Mumbai,Maharashtra,2004-12-14,2024-05-17,ACTIVE
109332,Customer_09332,RETAIL,Bangalore,Karnataka,1991-11-27,2020-04-17,INACTIVE
109333,Customer_09333,RETAIL,Hyderabad,Telangana,1999-01-31,2025-11-08,ACTIVE
109334,Customer_09334,RETAIL,Kolkata,West Bengal,2017-08-17,2022-09-09,ACTIVE
109335,Customer_09335,RETAIL,Ahmedabad,Gujarat,2001-08-08,2021-12-30,ACTIVE
109336,Customer_09336,RETAIL,Delhi,Delhi,1991-08-10,2023-01-14,ACTIVE
109337,Customer_09337,RETAIL,Bangalore,Karnataka,2006-09-12,2022-08-05,ACTIVE
109338,Customer_09338,PREMIUM,Kolkata,West Bengal,2009-03-14,2023-04-22,ACTIVE
109339,Customer_09339,RETAIL,Hyderabad,Telangana,2004-01-29,2021-01-28,ACTIVE
109340,Customer_09340,RETAIL,Delhi,Delhi,1980-11-23,2020-11-29,ACTIVE
109341,Customer_09341,RETAIL,Hyderabad,Telangana,1988-06-13,2026-07-03,ACTIVE
109342,Customer_09342,RETAIL,Pune,Maharashtra,1984-06-07,2024-11-29,ACTIVE
109343,Customer_09343,RETAIL,Bangalore,Karnataka,2018-06-01,2022-05-16,ACTIVE
109344,Customer_09344,RETAIL,Delhi,Delhi,1991-12-16,2025-07-31,ACTIVE
109345,Customer_09345,RETAIL,Ahmedabad,Gujarat,1998-08-23,2025-03-24,ACTIVE
109346,Customer_09346,RETAIL,Mumbai,Maharashtra,2016-03-08,2024-08-01,ACTIVE
109347,Customer_09347,RETAIL,Kolkata,West Bengal,2019-11-15,2024-09-27,ACTIVE
109348,Customer_09348,PREMIUM,Delhi,Delhi,1988-03-03,2026-04-01,ACTIVE
109349,Customer_09349,BUSINESS,Mumbai,Maharashtra,2014-06-16,2025-06-24,ACTIVE
109350,Customer_09350,PREMIUM,Hyderabad,Telangana,2009-01-04,2021-09-10,ACTIVE
109351,Customer_09351,RETAIL,Hyderabad,Telangana,2004-05-19,2024-10-10,ACTIVE
109352,Customer_09352,PREMIUM,Pune,Maharashtra,1986-01-16,2021-01-20,ACTIVE
109353,Customer_09353,RETAIL,Mumbai,Maharashtra,2007-07-20,2023-04-21,ACTIVE
109354,Customer_09354,RETAIL,Mumbai,Maharashtra,2004-05-01,2020-06-10,ACTIVE
109355,Customer_09355,BUSINESS,Bangalore,Karnataka,1997-06-29,2021-02-10,INACTIVE
109356,Customer_09356,PREMIUM,Pune,Maharashtra,2003-04-07,2024-09-27,ACTIVE
109357,Customer_09357,RETAIL,Hyderabad,Telangana,1987-10-27,2022-06-10,ACTIVE
109358,Customer_09358,BUSINESS,Mumbai,Maharashtra,2004-09-15,2021-01-24,INACTIVE
109359,Customer_09359,RETAIL,Kolkata,West Bengal,1985-06-16,2026-06-08,ACTIVE
109360,Customer_09360,RETAIL,Kolkata,West Bengal,1990-12-03,2026-03-01,ACTIVE
109361,Customer_09361,RETAIL,Hyderabad,Telangana,1999-06-28,2021-07-04,ACTIVE
109362,Customer_09362,RETAIL,Ahmedabad,Gujarat,1985-10-27,2023-12-07,ACTIVE
109363,Customer_09363,BUSINESS,Ahmedabad,Gujarat,2016-09-08,2021-12-06,ACTIVE
109364,Customer_09364,RETAIL,Mumbai,Maharashtra,2015-07-28,2025-04-13,ACTIVE
109365,Customer_09365,RETAIL,Delhi,Delhi,1998-08-24,2024-07-09,ACTIVE
109366,Customer_09366,PREMIUM,Kolkata,West Bengal,2002-07-20,2022-11-09,ACTIVE
109367,Customer_09367,PREMIUM,Delhi,Delhi,1991-02-21,2026-02-12,ACTIVE
109368,Customer_09368,BUSINESS,Hyderabad,Telangana,1987-11-15,2024-10-29,ACTIVE
109369,Customer_09369,BUSINESS,Kolkata,West Bengal,2018-08-19,2020-12-29,ACTIVE
109370,Customer_09370,BUSINESS,Ahmedabad,Gujarat,1996-02-20,2022-11-30,ACTIVE
109371,Customer_09371,RETAIL,Delhi,Delhi,2018-04-29,2025-06-14,ACTIVE
109372,Customer_09372,RETAIL,Delhi,Delhi,1981-12-02,2023-07-17,ACTIVE
109373,Customer_09373,BUSINESS,Mumbai,Maharashtra,1983-07-19,2020-08-27,ACTIVE
109374,Customer_09374,RETAIL,Delhi,Delhi,1998-09-08,2025-01-30,INACTIVE
109375,Customer_09375,RETAIL,Delhi,Delhi,2011-04-11,2023-02-28,ACTIVE
109376,Customer_09376,RETAIL,Bangalore,Karnataka,1996-07-28,2021-07-25,ACTIVE
109377,Customer_09377,RETAIL,Bangalore,Karnataka,2013-08-27,2025-05-11,ACTIVE
109378,Customer_09378,RETAIL,Kolkata,West Bengal,1984-08-12,2025-10-23,ACTIVE
109379,Customer_09379,BUSINESS,Kolkata,West Bengal,2014-04-29,2023-11-11,ACTIVE
109380,Customer_09380,RETAIL,Hyderabad,Telangana,1997-05-31,2024-09-15,ACTIVE
109381,Customer_09381,RETAIL,Mumbai,Maharashtra,1990-11-14,2021-08-01,ACTIVE
109382,Customer_09382,RETAIL,Bangalore,Karnataka,2005-06-05,2024-11-26,ACTIVE
109383,Customer_09383,PREMIUM,Hyderabad,Telangana,2011-02-20,2025-12-10,ACTIVE
109384,Customer_09384,RETAIL,Pune,Maharashtra,2017-04-18,2021-07-25,ACTIVE
109385,Customer_09385,RETAIL,Bangalore,Karnataka,1982-10-05,2026-03-12,ACTIVE
109386,Customer_09386,RETAIL,Hyderabad,Telangana,2008-01-16,2020-08-04,ACTIVE
109387,Customer_09387,RETAIL,Kolkata,West Bengal,1992-01-30,2022-12-06,ACTIVE
109388,Customer_09388,RETAIL,Kolkata,West Bengal,1999-10-19,2020-06-23,ACTIVE
109389,Customer_09389,RETAIL,Bangalore,Karnataka,1998-02-17,2022-12-09,ACTIVE
109390,Customer_09390,RETAIL,Bangalore,Karnataka,2010-10-15,2024-04-01,ACTIVE
109391,Customer_09391,PREMIUM,Bangalore,Karnataka,1995-07-12,2025-09-20,ACTIVE
109392,Customer_09392,RETAIL,Hyderabad,Telangana,1990-08-30,2020-12-26,ACTIVE
109393,Customer_09393,RETAIL,Bangalore,Karnataka,1999-03-08,2025-10-30,ACTIVE
109394,Customer_09394,PREMIUM,Bangalore,Karnataka,2006-08-18,2026-07-26,ACTIVE
109395,Customer_09395,PREMIUM,Pune,Maharashtra,2013-12-03,2020-06-08,ACTIVE
109396,Customer_09396,RETAIL,Bangalore,Karnataka,1979-05-16,2026-04-25,INACTIVE
109397,Customer_09397,PREMIUM,Pune,Maharashtra,2002-07-07,2025-12-15,ACTIVE
109398,Customer_09398,RETAIL,Chennai,Tamil Nadu,1982-02-22,2020-03-11,ACTIVE
109399,Customer_09399,RETAIL,Ahmedabad,Gujarat,2004-08-16,2020-05-31,ACTIVE
109400,Customer_09400,PREMIUM,Kolkata,West Bengal,2004-10-19,2024-10-06,ACTIVE
109401,Customer_09401,RETAIL,Bangalore,Karnataka,2014-04-12,2022-10-04,ACTIVE
109402,Customer_09402,RETAIL,Ahmedabad,Gujarat,1987-01-27,2021-09-17,ACTIVE
109403,Customer_09403,PREMIUM,Ahmedabad,Gujarat,2011-10-18,2022-08-27,ACTIVE
109404,Customer_09404,PREMIUM,Bangalore,Karnataka,2007-06-13,2022-03-29,ACTIVE
109405,Customer_09405,BUSINESS,Kolkata,West Bengal,2006-06-25,2026-05-29,ACTIVE
109406,Customer_09406,PREMIUM,Delhi,Delhi,2005-04-25,2021-07-30,ACTIVE
109407,Customer_09407,RETAIL,Ahmedabad,Gujarat,2001-09-26,2020-07-31,ACTIVE
109408,Customer_09408,RETAIL,Delhi,Delhi,1981-10-12,2025-06-16,ACTIVE
109409,Customer_09409,RETAIL,Delhi,Delhi,2012-07-22,2025-07-08,ACTIVE
109410,Customer_09410,PREMIUM,Pune,Maharashtra,1995-04-14,2025-11-15,ACTIVE
109411,Customer_09411,RETAIL,Kolkata,West Bengal,1983-06-16,2026-05-19,ACTIVE
109412,Customer_09412,RETAIL,Delhi,Delhi,2004-05-04,2020-04-06,ACTIVE
109413,Customer_09413,RETAIL,Kolkata,West Bengal,2018-01-24,2025-01-19,ACTIVE
109414,Customer_09414,PREMIUM,Mumbai,Maharashtra,2008-06-19,2021-10-10,ACTIVE
109415,Customer_09415,RETAIL,Chennai,Tamil Nadu,1989-04-07,2022-10-08,INACTIVE
109416,Customer_09416,RETAIL,Bangalore,Karnataka,2012-09-05,2022-12-12,ACTIVE
109417,Customer_09417,PREMIUM,Bangalore,Karnataka,2013-12-07,2026-06-23,ACTIVE
109418,Customer_09418,PREMIUM,Pune,Maharashtra,1992-09-25,2023-06-06,ACTIVE
109419,Customer_09419,RETAIL,Mumbai,Maharashtra,2000-08-20,2021-06-18,ACTIVE
109420,Customer_09420,RETAIL,Delhi,Delhi,2013-07-11,2020-07-29,ACTIVE
109421,Customer_09421,BUSINESS,Bangalore,Karnataka,1985-08-19,2023-11-14,ACTIVE
109422,Customer_09422,RETAIL,Kolkata,West Bengal,1993-09-17,2025-06-15,ACTIVE
109423,Customer_09423,RETAIL,Bangalore,Karnataka,1997-11-27,2024-08-31,ACTIVE
109424,Customer_09424,BUSINESS,Pune,Maharashtra,1979-06-14,2026-02-19,ACTIVE
109425,Customer_09425,RETAIL,Delhi,Delhi,1986-01-09,2020-04-10,ACTIVE
109426,Customer_09426,RETAIL,Chennai,Tamil Nadu,2004-03-20,2022-08-24,ACTIVE
109427,Customer_09427,RETAIL,Bangalore,Karnataka,1989-12-26,2024-01-08,ACTIVE
109428,Customer_09428,RETAIL,Ahmedabad,Gujarat,1989-02-02,2025-08-19,ACTIVE
109429,Customer_09429,RETAIL,Bangalore,Karnataka,1991-04-29,2022-01-20,ACTIVE
109430,Customer_09430,PREMIUM,Chennai,Tamil Nadu,1984-04-09,2024-06-11,ACTIVE
109431,Customer_09431,RETAIL,Mumbai,Maharashtra,2005-04-26,2021-05-14,ACTIVE
109432,Customer_09432,PREMIUM,Pune,Maharashtra,1989-10-10,2023-11-21,ACTIVE
109433,Customer_09433,PREMIUM,Kolkata,West Bengal,2005-12-04,2025-02-03,ACTIVE
109434,Customer_09434,PREMIUM,Delhi,Delhi,2013-03-01,2025-05-19,ACTIVE
109435,Customer_09435,RETAIL,Bangalore,Karnataka,1998-10-28,2022-12-20,ACTIVE
109436,Customer_09436,PREMIUM,Chennai,Tamil Nadu,2016-09-13,2023-02-09,ACTIVE
109437,Customer_09437,RETAIL,Mumbai,Maharashtra,1987-03-24,2025-10-17,ACTIVE
109438,Customer_09438,PREMIUM,Chennai,Tamil Nadu,2018-08-29,2023-08-07,ACTIVE
109439,Customer_09439,RETAIL,Delhi,Delhi,1992-05-20,2022-04-20,ACTIVE
109440,Customer_09440,PREMIUM,Pune,Maharashtra,1991-08-08,2021-10-21,ACTIVE
109441,Customer_09441,RETAIL,Bangalore,Karnataka,2019-05-23,2024-09-04,ACTIVE
109442,Customer_09442,RETAIL,Bangalore,Karnataka,1997-11-20,2024-09-05,ACTIVE
109443,Customer_09443,RETAIL,Pune,Maharashtra,2009-11-11,2023-07-14,ACTIVE
109444,Customer_09444,RETAIL,Chennai,Tamil Nadu,2012-02-14,2021-01-16,ACTIVE
109445,Customer_09445,RETAIL,Hyderabad,Telangana,1997-07-28,2021-01-22,ACTIVE
109446,Customer_09446,RETAIL,Delhi,Delhi,1992-03-21,2021-08-06,ACTIVE
109447,Customer_09447,PREMIUM,Ahmedabad,Gujarat,1999-05-06,2020-01-29,ACTIVE
109448,Customer_09448,PREMIUM,Chennai,Tamil Nadu,1994-12-25,2023-02-25,ACTIVE
109449,Customer_09449,RETAIL,Kolkata,West Bengal,1996-04-07,2022-09-22,ACTIVE
109450,Customer_09450,PREMIUM,Mumbai,Maharashtra,1988-11-28,2022-07-13,ACTIVE
109451,Customer_09451,PREMIUM,Kolkata,West Bengal,2016-09-25,2026-02-21,ACTIVE
109452,Customer_09452,BUSINESS,Delhi,Delhi,2002-09-02,2021-07-28,ACTIVE
109453,Customer_09453,RETAIL,Hyderabad,Telangana,2011-11-17,2025-04-25,ACTIVE
109454,Customer_09454,RETAIL,Kolkata,West Bengal,2006-03-29,2021-04-05,ACTIVE
109455,Customer_09455,PREMIUM,Delhi,Delhi,1993-08-29,2024-01-08,ACTIVE
109456,Customer_09456,RETAIL,Delhi,Delhi,1992-03-29,2025-08-28,ACTIVE
109457,Customer_09457,RETAIL,Mumbai,Maharashtra,2019-07-05,2025-07-03,ACTIVE
109458,Customer_09458,RETAIL,Chennai,Tamil Nadu,1980-02-28,2023-11-19,ACTIVE
109459,Customer_09459,RETAIL,Kolkata,West Bengal,1991-04-11,2021-05-12,ACTIVE
109460,Customer_09460,RETAIL,Bangalore,Karnataka,2009-05-21,2022-06-24,ACTIVE
109461,Customer_09461,PREMIUM,Pune,Maharashtra,2001-07-31,2022-10-16,ACTIVE
109462,Customer_09462,RETAIL,Delhi,Delhi,2004-06-26,2025-07-22,INACTIVE
109463,Customer_09463,PREMIUM,Bangalore,Karnataka,1980-01-19,2022-06-24,ACTIVE
109464,Customer_09464,RETAIL,Ahmedabad,Gujarat,1988-02-27,2025-06-03,ACTIVE
109465,Customer_09465,PREMIUM,Mumbai,Maharashtra,2003-10-13,2026-04-02,ACTIVE
109466,Customer_09466,PREMIUM,Delhi,Delhi,1992-02-01,2020-09-23,ACTIVE
109467,Customer_09467,RETAIL,Hyderabad,Telangana,1998-06-26,2026-02-23,ACTIVE
109468,Customer_09468,RETAIL,Pune,Maharashtra,2018-06-21,2023-09-23,INACTIVE
109469,Customer_09469,RETAIL,Ahmedabad,Gujarat,2005-05-16,2023-12-13,INACTIVE
109470,Customer_09470,BUSINESS,Ahmedabad,Gujarat,2005-01-17,2022-01-03,ACTIVE
109471,Customer_09471,RETAIL,Bangalore,Karnataka,1987-03-26,2022-03-12,ACTIVE
109472,Customer_09472,RETAIL,Hyderabad,Telangana,2003-08-15,2023-07-22,ACTIVE
109473,Customer_09473,RETAIL,Kolkata,West Bengal,2018-08-04,2021-04-22,ACTIVE
109474,Customer_09474,RETAIL,Hyderabad,Telangana,2005-06-08,2024-09-19,ACTIVE
109475,Customer_09475,RETAIL,Pune,Maharashtra,2011-05-29,2024-05-19,ACTIVE
109476,Customer_09476,PREMIUM,Mumbai,Maharashtra,2018-05-12,2020-01-21,ACTIVE
109477,Customer_09477,RETAIL,Delhi,Delhi,2016-03-06,2021-05-20,ACTIVE
109478,Customer_09478,PREMIUM,Pune,Maharashtra,1993-02-13,2023-05-17,ACTIVE
109479,Customer_09479,RETAIL,Delhi,Delhi,1991-04-21,2024-11-16,ACTIVE
109480,Customer_09480,RETAIL,Hyderabad,Telangana,1990-09-13,2021-12-01,ACTIVE
109481,Customer_09481,PREMIUM,Chennai,Tamil Nadu,2010-10-18,2025-10-29,ACTIVE
109482,Customer_09482,PREMIUM,Pune,Maharashtra,1994-08-21,2023-07-05,ACTIVE
109483,Customer_09483,PREMIUM,Mumbai,Maharashtra,2012-12-10,2023-07-17,ACTIVE
109484,Customer_09484,RETAIL,Pune,Maharashtra,2012-01-22,2020-09-20,INACTIVE
109485,Customer_09485,RETAIL,Bangalore,Karnataka,2006-07-06,2024-02-16,ACTIVE
109486,Customer_09486,PREMIUM,Kolkata,West Bengal,1984-02-18,2025-05-16,ACTIVE
109487,Customer_09487,RETAIL,Delhi,Delhi,2008-05-25,2021-05-22,ACTIVE
109488,Customer_09488,PREMIUM,Delhi,Delhi,1987-08-29,2023-07-28,ACTIVE
109489,Customer_09489,RETAIL,Chennai,Tamil Nadu,2001-11-10,2020-01-16,ACTIVE
109490,Customer_09490,RETAIL,Mumbai,Maharashtra,1988-07-15,2021-05-21,ACTIVE
109491,Customer_09491,PREMIUM,Pune,Maharashtra,1981-09-17,2020-06-19,ACTIVE
109492,Customer_09492,PREMIUM,Mumbai,Maharashtra,2005-04-19,2025-01-21,ACTIVE
109493,Customer_09493,PREMIUM,Chennai,Tamil Nadu,1997-09-13,2026-07-17,ACTIVE
109494,Customer_09494,PREMIUM,Bangalore,Karnataka,2005-07-06,2020-03-31,ACTIVE
109495,Customer_09495,RETAIL,Chennai,Tamil Nadu,1999-04-24,2024-08-12,ACTIVE
109496,Customer_09496,RETAIL,Chennai,Tamil Nadu,1994-06-09,2023-11-23,ACTIVE
109497,Customer_09497,BUSINESS,Bangalore,Karnataka,1979-10-21,2024-08-11,ACTIVE
109498,Customer_09498,RETAIL,Kolkata,West Bengal,1990-07-04,2023-04-19,ACTIVE
109499,Customer_09499,RETAIL,Ahmedabad,Gujarat,2015-04-30,2026-07-07,ACTIVE
109500,Customer_09500,BUSINESS,Mumbai,Maharashtra,2010-02-26,2020-04-05,ACTIVE
109501,Customer_09501,RETAIL,Ahmedabad,Gujarat,1998-03-20,2020-12-24,ACTIVE
109502,Customer_09502,BUSINESS,Pune,Maharashtra,1980-06-19,2021-08-22,INACTIVE
109503,Customer_09503,RETAIL,Pune,Maharashtra,2019-08-13,2025-02-20,ACTIVE
109504,Customer_09504,PREMIUM,Chennai,Tamil Nadu,2009-07-03,2020-07-04,ACTIVE
109505,Customer_09505,RETAIL,Mumbai,Maharashtra,1980-01-27,2020-10-23,ACTIVE
109506,Customer_09506,PREMIUM,Delhi,Delhi,1987-10-20,2024-10-23,ACTIVE
109507,Customer_09507,PREMIUM,Pune,Maharashtra,1986-02-23,2022-10-01,ACTIVE
109508,Customer_09508,RETAIL,Bangalore,Karnataka,2016-03-28,2024-08-20,ACTIVE
109509,Customer_09509,RETAIL,Kolkata,West Bengal,2018-05-11,2022-05-29,ACTIVE
109510,Customer_09510,BUSINESS,Ahmedabad,Gujarat,1996-02-26,2020-08-02,ACTIVE
109511,Customer_09511,BUSINESS,Pune,Maharashtra,1986-06-21,2023-12-04,INACTIVE
109512,Customer_09512,BUSINESS,Chennai,Tamil Nadu,2005-07-17,2020-09-19,ACTIVE
109513,Customer_09513,RETAIL,Bangalore,Karnataka,1990-05-11,2023-02-23,ACTIVE
109514,Customer_09514,RETAIL,Bangalore,Karnataka,1984-02-18,2025-10-13,INACTIVE
109515,Customer_09515,RETAIL,Hyderabad,Telangana,1989-10-19,2021-03-15,ACTIVE
109516,Customer_09516,RETAIL,Ahmedabad,Gujarat,1989-08-04,2021-04-27,ACTIVE
109517,Customer_09517,RETAIL,Bangalore,Karnataka,1981-05-14,2026-03-25,INACTIVE
109518,Customer_09518,RETAIL,Mumbai,Maharashtra,2007-12-09,2021-12-29,ACTIVE
109519,Customer_09519,RETAIL,Ahmedabad,Gujarat,1993-08-17,2022-06-13,ACTIVE
109520,Customer_09520,RETAIL,Ahmedabad,Gujarat,2001-10-07,2024-06-30,ACTIVE
109521,Customer_09521,RETAIL,Delhi,Delhi,2001-10-09,2020-11-03,ACTIVE
109522,Customer_09522,RETAIL,Chennai,Tamil Nadu,2010-10-22,2020-05-25,INACTIVE
109523,Customer_09523,RETAIL,Kolkata,West Bengal,2010-06-21,2025-07-16,ACTIVE
109524,Customer_09524,PREMIUM,Chennai,Tamil Nadu,2002-04-21,2026-03-24,ACTIVE
109525,Customer_09525,BUSINESS,Bangalore,Karnataka,2013-07-31,2026-06-26,ACTIVE
109526,Customer_09526,RETAIL,Ahmedabad,Gujarat,2002-07-18,2020-02-25,ACTIVE
109527,Customer_09527,BUSINESS,Kolkata,West Bengal,1980-03-28,2023-06-25,ACTIVE
109528,Customer_09528,PREMIUM,Chennai,Tamil Nadu,2014-05-30,2025-07-30,ACTIVE
109529,Customer_09529,RETAIL,Pune,Maharashtra,2010-10-07,2025-07-20,ACTIVE
109530,Customer_09530,RETAIL,Bangalore,Karnataka,1996-08-09,2022-05-16,ACTIVE
109531,Customer_09531,RETAIL,Hyderabad,Telangana,1995-01-14,2023-03-22,ACTIVE
109532,Customer_09532,RETAIL,Delhi,Delhi,2015-12-03,2020-12-26,ACTIVE
109533,Customer_09533,RETAIL,Chennai,Tamil Nadu,1996-08-25,2020-11-30,ACTIVE
109534,Customer_09534,RETAIL,Hyderabad,Telangana,1994-06-14,2022-06-24,ACTIVE
109535,Customer_09535,BUSINESS,Mumbai,Maharashtra,2009-03-30,2021-07-06,INACTIVE
109536,Customer_09536,RETAIL,Chennai,Tamil Nadu,1992-08-28,2026-05-23,ACTIVE
109537,Customer_09537,RETAIL,Hyderabad,Telangana,1995-10-02,2020-07-11,ACTIVE
109538,Customer_09538,BUSINESS,Pune,Maharashtra,2011-03-05,2023-06-23,INACTIVE
109539,Customer_09539,BUSINESS,Chennai,Tamil Nadu,1988-05-02,2023-08-28,ACTIVE
109540,Customer_09540,PREMIUM,Hyderabad,Telangana,1979-08-22,2020-05-22,ACTIVE
109541,Customer_09541,PREMIUM,Mumbai,Maharashtra,1992-12-26,2022-11-23,ACTIVE
109542,Customer_09542,BUSINESS,Hyderabad,Telangana,1986-03-27,2026-03-09,ACTIVE
109543,Customer_09543,RETAIL,Delhi,Delhi,1994-01-08,2020-09-19,ACTIVE
109544,Customer_09544,PREMIUM,Bangalore,Karnataka,1982-02-10,2020-12-10,ACTIVE
109545,Customer_09545,RETAIL,Hyderabad,Telangana,2003-05-15,2021-01-31,ACTIVE
109546,Customer_09546,RETAIL,Mumbai,Maharashtra,2000-03-12,2020-05-11,ACTIVE
109547,Customer_09547,RETAIL,Mumbai,Maharashtra,1990-05-07,2025-10-24,ACTIVE
109548,Customer_09548,RETAIL,Bangalore,Karnataka,2004-12-16,2020-04-19,INACTIVE
109549,Customer_09549,RETAIL,Ahmedabad,Gujarat,1985-02-06,2021-11-05,ACTIVE
109550,Customer_09550,RETAIL,Mumbai,Maharashtra,1979-08-04,2025-06-06,ACTIVE
109551,Customer_09551,RETAIL,Kolkata,West Bengal,1998-09-30,2026-07-16,ACTIVE
109552,Customer_09552,RETAIL,Mumbai,Maharashtra,1985-10-17,2021-01-02,ACTIVE
109553,Customer_09553,RETAIL,Bangalore,Karnataka,2014-04-26,2022-05-14,ACTIVE
109554,Customer_09554,PREMIUM,Bangalore,Karnataka,1991-08-04,2021-03-05,ACTIVE
109555,Customer_09555,RETAIL,Bangalore,Karnataka,1996-10-09,2021-04-06,ACTIVE
109556,Customer_09556,PREMIUM,Mumbai,Maharashtra,1991-04-01,2026-03-15,ACTIVE
109557,Customer_09557,RETAIL,Kolkata,West Bengal,1996-12-21,2022-03-21,ACTIVE
109558,Customer_09558,PREMIUM,Delhi,Delhi,1983-02-25,2024-01-07,ACTIVE
109559,Customer_09559,RETAIL,Kolkata,West Bengal,2017-07-07,2021-01-11,ACTIVE
109560,Customer_09560,RETAIL,Hyderabad,Telangana,1986-04-06,2021-11-16,INACTIVE
109561,Customer_09561,RETAIL,Chennai,Tamil Nadu,1995-05-30,2022-05-16,ACTIVE
109562,Customer_09562,BUSINESS,Delhi,Delhi,2013-12-13,2023-11-08,ACTIVE
109563,Customer_09563,BUSINESS,Hyderabad,Telangana,1996-09-05,2025-11-30,ACTIVE
109564,Customer_09564,PREMIUM,Ahmedabad,Gujarat,2007-12-08,2021-08-06,ACTIVE
109565,Customer_09565,PREMIUM,Ahmedabad,Gujarat,1981-12-21,2024-03-28,ACTIVE
109566,Customer_09566,RETAIL,Ahmedabad,Gujarat,1991-04-29,2023-04-01,ACTIVE
109567,Customer_09567,PREMIUM,Pune,Maharashtra,2010-05-16,2025-03-23,ACTIVE
109568,Customer_09568,RETAIL,Chennai,Tamil Nadu,1989-12-25,2022-03-14,ACTIVE
109569,Customer_09569,RETAIL,Bangalore,Karnataka,1996-03-01,2022-10-13,ACTIVE
109570,Customer_09570,BUSINESS,Ahmedabad,Gujarat,1982-06-16,2024-02-03,ACTIVE
109571,Customer_09571,BUSINESS,Ahmedabad,Gujarat,1999-11-20,2022-11-29,ACTIVE
109572,Customer_09572,RETAIL,Kolkata,West Bengal,1993-06-29,2024-12-26,ACTIVE
109573,Customer_09573,RETAIL,Pune,Maharashtra,2014-07-01,2020-02-03,ACTIVE
109574,Customer_09574,RETAIL,Delhi,Delhi,1995-07-07,2022-04-16,ACTIVE
109575,Customer_09575,RETAIL,Hyderabad,Telangana,2013-02-18,2021-02-22,ACTIVE
109576,Customer_09576,RETAIL,Hyderabad,Telangana,2016-04-18,2020-12-11,ACTIVE
109577,Customer_09577,RETAIL,Delhi,Delhi,2013-08-15,2020-05-07,ACTIVE
109578,Customer_09578,RETAIL,Pune,Maharashtra,2009-09-06,2022-05-03,ACTIVE
109579,Customer_09579,RETAIL,Pune,Maharashtra,2003-02-23,2021-06-06,ACTIVE
109580,Customer_09580,RETAIL,Hyderabad,Telangana,1998-11-04,2024-12-24,ACTIVE
109581,Customer_09581,PREMIUM,Bangalore,Karnataka,1982-07-03,2023-04-19,ACTIVE
109582,Customer_09582,RETAIL,Bangalore,Karnataka,1984-09-13,2025-03-03,ACTIVE
109583,Customer_09583,RETAIL,Kolkata,West Bengal,1994-10-12,2025-10-25,ACTIVE
109584,Customer_09584,PREMIUM,Mumbai,Maharashtra,2006-02-10,2025-02-28,ACTIVE
109585,Customer_09585,PREMIUM,Kolkata,West Bengal,1979-05-15,2022-10-07,ACTIVE
109586,Customer_09586,RETAIL,Delhi,Delhi,2017-08-09,2026-05-27,ACTIVE
109587,Customer_09587,PREMIUM,Ahmedabad,Gujarat,2019-12-08,2022-07-13,ACTIVE
109588,Customer_09588,RETAIL,Ahmedabad,Gujarat,1982-05-15,2025-06-02,ACTIVE
109589,Customer_09589,RETAIL,Chennai,Tamil Nadu,1983-02-14,2021-02-18,ACTIVE
109590,Customer_09590,RETAIL,Delhi,Delhi,2014-01-06,2026-05-13,ACTIVE
109591,Customer_09591,BUSINESS,Pune,Maharashtra,1987-05-17,2021-12-28,ACTIVE
109592,Customer_09592,BUSINESS,Pune,Maharashtra,1986-07-24,2024-02-13,ACTIVE
109593,Customer_09593,PREMIUM,Ahmedabad,Gujarat,1986-11-08,2022-04-29,ACTIVE
109594,Customer_09594,BUSINESS,Pune,Maharashtra,2007-12-19,2021-07-04,ACTIVE
109595,Customer_09595,RETAIL,Bangalore,Karnataka,1984-08-11,2022-03-01,ACTIVE
109596,Customer_09596,PREMIUM,Bangalore,Karnataka,1986-09-18,2023-12-30,ACTIVE
109597,Customer_09597,RETAIL,Hyderabad,Telangana,1995-07-01,2020-09-25,ACTIVE
109598,Customer_09598,RETAIL,Kolkata,West Bengal,2003-10-22,2021-04-19,ACTIVE
109599,Customer_09599,RETAIL,Chennai,Tamil Nadu,2019-10-29,2026-01-16,ACTIVE
109600,Customer_09600,PREMIUM,Kolkata,West Bengal,1988-12-03,2020-07-23,ACTIVE
109601,Customer_09601,PREMIUM,Chennai,Tamil Nadu,1989-08-19,2024-09-29,ACTIVE
109602,Customer_09602,PREMIUM,Bangalore,Karnataka,2001-05-30,2021-12-24,INACTIVE
109603,Customer_09603,RETAIL,Pune,Maharashtra,1996-04-26,2022-02-05,ACTIVE
109604,Customer_09604,BUSINESS,Pune,Maharashtra,2003-10-24,2022-05-20,ACTIVE
109605,Customer_09605,PREMIUM,Bangalore,Karnataka,1989-04-15,2022-07-07,ACTIVE
109606,Customer_09606,PREMIUM,Mumbai,Maharashtra,2004-07-25,2024-08-28,ACTIVE
109607,Customer_09607,RETAIL,Delhi,Delhi,2017-03-04,2025-04-14,ACTIVE
109608,Customer_09608,RETAIL,Bangalore,Karnataka,2007-03-16,2022-05-21,ACTIVE
109609,Customer_09609,PREMIUM,Bangalore,Karnataka,2009-05-09,2021-02-15,ACTIVE
109610,Customer_09610,BUSINESS,Kolkata,West Bengal,1981-12-31,2020-01-08,ACTIVE
109611,Customer_09611,RETAIL,Ahmedabad,Gujarat,2016-03-21,2024-10-04,ACTIVE
109612,Customer_09612,RETAIL,Hyderabad,Telangana,2008-01-19,2026-01-09,ACTIVE
109613,Customer_09613,RETAIL,Mumbai,Maharashtra,2004-12-01,2020-03-23,ACTIVE
109614,Customer_09614,RETAIL,Bangalore,Karnataka,1985-07-06,2023-11-15,ACTIVE
109615,Customer_09615,PREMIUM,Hyderabad,Telangana,2001-11-27,2021-06-07,ACTIVE
109616,Customer_09616,RETAIL,Chennai,Tamil Nadu,2006-12-20,2021-05-20,INACTIVE
109617,Customer_09617,RETAIL,Bangalore,Karnataka,2004-10-09,2025-06-11,ACTIVE
109618,Customer_09618,PREMIUM,Bangalore,Karnataka,1984-04-04,2021-08-28,ACTIVE
109619,Customer_09619,RETAIL,Bangalore,Karnataka,1980-11-07,2021-12-30,ACTIVE
109620,Customer_09620,RETAIL,Chennai,Tamil Nadu,1998-11-08,2020-10-24,ACTIVE
109621,Customer_09621,RETAIL,Pune,Maharashtra,2008-08-14,2025-12-09,ACTIVE
109622,Customer_09622,RETAIL,Chennai,Tamil Nadu,1995-01-18,2025-12-15,ACTIVE
109623,Customer_09623,BUSINESS,Pune,Maharashtra,2007-05-27,2025-12-31,ACTIVE
109624,Customer_09624,PREMIUM,Hyderabad,Telangana,2018-11-22,2021-07-06,ACTIVE
109625,Customer_09625,BUSINESS,Kolkata,West Bengal,2015-09-11,2021-03-26,ACTIVE
109626,Customer_09626,RETAIL,Chennai,Tamil Nadu,2005-01-26,2026-03-07,ACTIVE
109627,Customer_09627,PREMIUM,Bangalore,Karnataka,2009-01-26,2024-01-11,ACTIVE
109628,Customer_09628,RETAIL,Ahmedabad,Gujarat,1982-10-15,2021-09-26,ACTIVE
109629,Customer_09629,PREMIUM,Hyderabad,Telangana,1982-08-31,2020-04-22,ACTIVE
109630,Customer_09630,RETAIL,Bangalore,Karnataka,2007-12-13,2025-04-02,ACTIVE
109631,Customer_09631,RETAIL,Mumbai,Maharashtra,2012-01-23,2025-04-09,ACTIVE
109632,Customer_09632,RETAIL,Mumbai,Maharashtra,1987-02-20,2020-01-26,ACTIVE
109633,Customer_09633,PREMIUM,Pune,Maharashtra,2003-06-30,2023-02-21,ACTIVE
109634,Customer_09634,PREMIUM,Pune,Maharashtra,1990-12-01,2023-03-05,ACTIVE
109635,Customer_09635,RETAIL,Hyderabad,Telangana,1983-08-16,2023-01-18,ACTIVE
109636,Customer_09636,RETAIL,Chennai,Tamil Nadu,1994-09-15,2022-06-05,ACTIVE
109637,Customer_09637,PREMIUM,Ahmedabad,Gujarat,1997-07-21,2022-02-27,ACTIVE
109638,Customer_09638,RETAIL,Chennai,Tamil Nadu,2011-01-16,2022-03-14,ACTIVE
109639,Customer_09639,RETAIL,Ahmedabad,Gujarat,2014-09-01,2026-01-17,INACTIVE
109640,Customer_09640,PREMIUM,Chennai,Tamil Nadu,2017-12-08,2026-07-09,ACTIVE
109641,Customer_09641,RETAIL,Delhi,Delhi,1983-06-16,2020-09-25,ACTIVE
109642,Customer_09642,PREMIUM,Hyderabad,Telangana,2017-02-15,2024-09-26,ACTIVE
109643,Customer_09643,PREMIUM,Bangalore,Karnataka,2000-06-05,2023-10-08,ACTIVE
109644,Customer_09644,PREMIUM,Delhi,Delhi,1986-03-05,2021-09-05,ACTIVE
109645,Customer_09645,RETAIL,Bangalore,Karnataka,2005-10-01,2021-03-22,INACTIVE
109646,Customer_09646,BUSINESS,Hyderabad,Telangana,1981-08-24,2024-12-10,ACTIVE
109647,Customer_09647,RETAIL,Bangalore,Karnataka,1998-02-14,2022-05-25,ACTIVE
109648,Customer_09648,PREMIUM,Hyderabad,Telangana,2013-03-10,2020-11-06,ACTIVE
109649,Customer_09649,PREMIUM,Ahmedabad,Gujarat,2019-01-19,2026-05-14,ACTIVE
109650,Customer_09650,PREMIUM,Bangalore,Karnataka,1991-01-01,2026-01-31,ACTIVE
109651,Customer_09651,RETAIL,Delhi,Delhi,1986-05-02,2022-10-01,ACTIVE
109652,Customer_09652,RETAIL,Bangalore,Karnataka,2003-02-06,2022-10-20,ACTIVE
109653,Customer_09653,RETAIL,Kolkata,West Bengal,1985-08-16,2022-10-06,ACTIVE
109654,Customer_09654,RETAIL,Pune,Maharashtra,2019-05-10,2021-04-02,ACTIVE
109655,Customer_09655,RETAIL,Ahmedabad,Gujarat,1992-08-16,2020-09-10,ACTIVE
109656,Customer_09656,RETAIL,Bangalore,Karnataka,1986-10-27,2021-10-16,ACTIVE
109657,Customer_09657,BUSINESS,Kolkata,West Bengal,1988-12-10,2022-07-17,ACTIVE
109658,Customer_09658,RETAIL,Kolkata,West Bengal,1994-07-23,2021-01-07,ACTIVE
109659,Customer_09659,RETAIL,Kolkata,West Bengal,2009-08-15,2020-03-26,ACTIVE
109660,Customer_09660,RETAIL,Ahmedabad,Gujarat,2014-10-17,2026-02-11,ACTIVE
109661,Customer_09661,RETAIL,Pune,Maharashtra,2009-05-28,2025-10-07,ACTIVE
109662,Customer_09662,RETAIL,Chennai,Tamil Nadu,2005-11-09,2022-01-04,ACTIVE
109663,Customer_09663,PREMIUM,Mumbai,Maharashtra,1990-04-05,2024-01-14,ACTIVE
109664,Customer_09664,RETAIL,Delhi,Delhi,2017-09-01,2020-12-08,ACTIVE
109665,Customer_09665,RETAIL,Mumbai,Maharashtra,2020-03-21,2026-02-02,ACTIVE
109666,Customer_09666,RETAIL,Hyderabad,Telangana,2005-02-08,2025-05-04,ACTIVE
109667,Customer_09667,RETAIL,Chennai,Tamil Nadu,2011-04-29,2021-02-26,ACTIVE
109668,Customer_09668,PREMIUM,Hyderabad,Telangana,1991-08-19,2021-05-26,ACTIVE
109669,Customer_09669,RETAIL,Pune,Maharashtra,1997-07-13,2022-03-09,ACTIVE
109670,Customer_09670,RETAIL,Delhi,Delhi,2012-03-24,2020-08-13,ACTIVE
109671,Customer_09671,RETAIL,Hyderabad,Telangana,1996-08-01,2022-04-12,ACTIVE
109672,Customer_09672,RETAIL,Kolkata,West Bengal,2010-05-06,2024-05-23,ACTIVE
109673,Customer_09673,RETAIL,Ahmedabad,Gujarat,2014-06-24,2024-10-08,ACTIVE
109674,Customer_09674,RETAIL,Mumbai,Maharashtra,2017-07-04,2020-01-18,ACTIVE
109675,Customer_09675,BUSINESS,Bangalore,Karnataka,1991-02-21,2022-04-24,ACTIVE
109676,Customer_09676,RETAIL,Mumbai,Maharashtra,1998-09-20,2025-06-20,ACTIVE
109677,Customer_09677,RETAIL,Kolkata,West Bengal,1995-01-04,2025-09-20,INACTIVE
109678,Customer_09678,PREMIUM,Mumbai,Maharashtra,1999-10-25,2023-09-12,ACTIVE
109679,Customer_09679,RETAIL,Kolkata,West Bengal,2009-08-31,2024-10-30,ACTIVE
109680,Customer_09680,RETAIL,Pune,Maharashtra,1992-06-18,2021-08-15,ACTIVE
109681,Customer_09681,PREMIUM,Mumbai,Maharashtra,1988-09-24,2025-09-14,ACTIVE
109682,Customer_09682,PREMIUM,Ahmedabad,Gujarat,1990-03-15,2023-02-10,ACTIVE
109683,Customer_09683,BUSINESS,Bangalore,Karnataka,2010-08-17,2024-07-18,ACTIVE
109684,Customer_09684,PREMIUM,Bangalore,Karnataka,2020-02-02,2021-09-21,ACTIVE
109685,Customer_09685,RETAIL,Hyderabad,Telangana,1983-05-26,2021-02-18,ACTIVE
109686,Customer_09686,BUSINESS,Delhi,Delhi,2019-04-19,2023-07-02,ACTIVE
109687,Customer_09687,RETAIL,Hyderabad,Telangana,1980-06-26,2023-06-07,ACTIVE
109688,Customer_09688,RETAIL,Bangalore,Karnataka,2000-11-30,2023-10-03,ACTIVE
109689,Customer_09689,PREMIUM,Delhi,Delhi,1984-08-28,2025-04-23,ACTIVE
109690,Customer_09690,PREMIUM,Bangalore,Karnataka,2018-05-22,2025-01-26,ACTIVE
109691,Customer_09691,BUSINESS,Mumbai,Maharashtra,2010-06-15,2021-12-25,ACTIVE
109692,Customer_09692,RETAIL,Delhi,Delhi,1993-10-16,2023-01-23,ACTIVE
109693,Customer_09693,PREMIUM,Chennai,Tamil Nadu,2007-05-10,2020-07-23,ACTIVE
109694,Customer_09694,RETAIL,Pune,Maharashtra,2014-01-26,2025-03-02,ACTIVE
109695,Customer_09695,PREMIUM,Mumbai,Maharashtra,1988-02-05,2020-11-20,ACTIVE
109696,Customer_09696,PREMIUM,Hyderabad,Telangana,2005-03-28,2020-06-15,ACTIVE
109697,Customer_09697,RETAIL,Bangalore,Karnataka,1991-06-21,2023-06-02,ACTIVE
109698,Customer_09698,PREMIUM,Pune,Maharashtra,2008-08-11,2026-01-20,ACTIVE
109699,Customer_09699,RETAIL,Hyderabad,Telangana,2002-06-21,2022-06-22,ACTIVE
109700,Customer_09700,RETAIL,Kolkata,West Bengal,2008-08-29,2021-03-21,ACTIVE
109701,Customer_09701,BUSINESS,Mumbai,Maharashtra,2005-04-24,2021-03-18,INACTIVE
109702,Customer_09702,PREMIUM,Pune,Maharashtra,2005-04-11,2025-06-30,INACTIVE
109703,Customer_09703,RETAIL,Delhi,Delhi,1982-08-22,2024-05-04,ACTIVE
109704,Customer_09704,RETAIL,Hyderabad,Telangana,2014-03-02,2023-04-02,ACTIVE
109705,Customer_09705,RETAIL,Mumbai,Maharashtra,1986-03-17,2026-02-03,ACTIVE
109706,Customer_09706,RETAIL,Kolkata,West Bengal,1995-04-07,2020-09-08,ACTIVE
109707,Customer_09707,RETAIL,Delhi,Delhi,2000-02-25,2024-01-19,ACTIVE
109708,Customer_09708,RETAIL,Pune,Maharashtra,2014-01-14,2022-05-13,ACTIVE
109709,Customer_09709,RETAIL,Kolkata,West Bengal,2005-01-02,2021-07-14,ACTIVE
109710,Customer_09710,PREMIUM,Mumbai,Maharashtra,1986-09-12,2026-01-12,ACTIVE
109711,Customer_09711,RETAIL,Pune,Maharashtra,1990-12-04,2026-04-15,ACTIVE
109712,Customer_09712,RETAIL,Ahmedabad,Gujarat,1987-05-18,2025-06-26,INACTIVE
109713,Customer_09713,BUSINESS,Chennai,Tamil Nadu,2003-06-08,2020-12-22,ACTIVE
109714,Customer_09714,RETAIL,Bangalore,Karnataka,2008-08-16,2024-09-29,ACTIVE
109715,Customer_09715,PREMIUM,Hyderabad,Telangana,2008-04-13,2022-05-10,ACTIVE
109716,Customer_09716,RETAIL,Hyderabad,Telangana,2009-12-20,2022-06-30,ACTIVE
109717,Customer_09717,RETAIL,Chennai,Tamil Nadu,2007-12-27,2021-04-09,ACTIVE
109718,Customer_09718,PREMIUM,Mumbai,Maharashtra,2016-03-21,2023-11-14,ACTIVE
109719,Customer_09719,RETAIL,Chennai,Tamil Nadu,2016-05-24,2025-08-19,ACTIVE
109720,Customer_09720,RETAIL,Delhi,Delhi,1990-06-12,2021-07-11,ACTIVE
109721,Customer_09721,PREMIUM,Kolkata,West Bengal,1991-09-01,2023-07-14,ACTIVE
109722,Customer_09722,RETAIL,Chennai,Tamil Nadu,1981-06-20,2024-04-03,ACTIVE
109723,Customer_09723,PREMIUM,Mumbai,Maharashtra,1990-02-21,2024-02-22,ACTIVE
109724,Customer_09724,RETAIL,Ahmedabad,Gujarat,2000-01-03,2021-09-18,ACTIVE
109725,Customer_09725,RETAIL,Delhi,Delhi,2006-03-21,2020-03-10,ACTIVE
109726,Customer_09726,PREMIUM,Delhi,Delhi,2015-02-11,2025-06-12,ACTIVE
109727,Customer_09727,RETAIL,Ahmedabad,Gujarat,2003-07-23,2023-12-02,ACTIVE
109728,Customer_09728,RETAIL,Kolkata,West Bengal,2019-01-22,2024-08-17,ACTIVE
109729,Customer_09729,BUSINESS,Kolkata,West Bengal,2001-11-18,2023-06-30,ACTIVE
109730,Customer_09730,RETAIL,Hyderabad,Telangana,2014-05-24,2022-07-15,ACTIVE
109731,Customer_09731,PREMIUM,Ahmedabad,Gujarat,2012-05-08,2021-08-27,ACTIVE
109732,Customer_09732,RETAIL,Mumbai,Maharashtra,1999-04-15,2024-05-01,ACTIVE
109733,Customer_09733,RETAIL,Chennai,Tamil Nadu,2014-12-29,2025-06-18,ACTIVE
109734,Customer_09734,PREMIUM,Delhi,Delhi,2014-08-15,2022-02-19,ACTIVE
109735,Customer_09735,PREMIUM,Bangalore,Karnataka,1991-12-30,2020-02-27,ACTIVE
109736,Customer_09736,RETAIL,Pune,Maharashtra,1987-12-14,2021-01-08,ACTIVE
109737,Customer_09737,PREMIUM,Pune,Maharashtra,1984-02-25,2023-10-22,ACTIVE
109738,Customer_09738,RETAIL,Bangalore,Karnataka,2016-12-29,2021-07-18,ACTIVE
109739,Customer_09739,RETAIL,Ahmedabad,Gujarat,1997-04-29,2025-05-08,ACTIVE
109740,Customer_09740,PREMIUM,Hyderabad,Telangana,2002-06-11,2021-10-14,ACTIVE
109741,Customer_09741,RETAIL,Delhi,Delhi,1990-05-22,2023-03-31,ACTIVE
109742,Customer_09742,RETAIL,Bangalore,Karnataka,1995-02-26,2021-06-27,ACTIVE
109743,Customer_09743,PREMIUM,Chennai,Tamil Nadu,1995-09-12,2022-12-26,ACTIVE
109744,Customer_09744,RETAIL,Pune,Maharashtra,2003-01-19,2024-06-16,ACTIVE
109745,Customer_09745,BUSINESS,Chennai,Tamil Nadu,1986-05-10,2025-03-24,ACTIVE
109746,Customer_09746,PREMIUM,Hyderabad,Telangana,2011-05-13,2024-11-10,ACTIVE
109747,Customer_09747,RETAIL,Pune,Maharashtra,1995-03-18,2023-05-02,ACTIVE
109748,Customer_09748,RETAIL,Chennai,Tamil Nadu,1989-01-09,2023-01-02,ACTIVE
109749,Customer_09749,BUSINESS,Hyderabad,Telangana,1979-10-07,2022-02-20,ACTIVE
109750,Customer_09750,PREMIUM,Chennai,Tamil Nadu,1983-05-08,2026-06-28,ACTIVE
109751,Customer_09751,RETAIL,Delhi,Delhi,1990-03-21,2024-10-26,ACTIVE
109752,Customer_09752,RETAIL,Chennai,Tamil Nadu,2009-04-09,2025-11-08,ACTIVE
109753,Customer_09753,RETAIL,Kolkata,West Bengal,2014-04-09,2024-11-10,ACTIVE
109754,Customer_09754,PREMIUM,Pune,Maharashtra,2018-04-13,2020-07-27,ACTIVE
109755,Customer_09755,BUSINESS,Chennai,Tamil Nadu,1991-05-25,2021-09-28,ACTIVE
109756,Customer_09756,PREMIUM,Hyderabad,Telangana,2005-04-28,2023-01-10,ACTIVE
109757,Customer_09757,RETAIL,Delhi,Delhi,1990-03-07,2022-01-25,ACTIVE
109758,Customer_09758,PREMIUM,Bangalore,Karnataka,1985-01-07,2025-12-20,ACTIVE
109759,Customer_09759,RETAIL,Ahmedabad,Gujarat,2001-06-18,2023-03-26,ACTIVE
109760,Customer_09760,RETAIL,Delhi,Delhi,2005-08-02,2021-06-12,ACTIVE
109761,Customer_09761,RETAIL,Chennai,Tamil Nadu,2010-05-30,2023-12-05,ACTIVE
109762,Customer_09762,RETAIL,Pune,Maharashtra,1983-12-15,2022-06-27,ACTIVE
109763,Customer_09763,RETAIL,Ahmedabad,Gujarat,2009-11-03,2020-11-03,ACTIVE
109764,Customer_09764,RETAIL,Chennai,Tamil Nadu,1991-08-18,2026-03-22,ACTIVE
109765,Customer_09765,RETAIL,Kolkata,West Bengal,1990-08-06,2026-03-19,ACTIVE
109766,Customer_09766,PREMIUM,Chennai,Tamil Nadu,1980-06-17,2025-02-05,ACTIVE
109767,Customer_09767,RETAIL,Delhi,Delhi,1987-07-24,2022-01-23,ACTIVE
109768,Customer_09768,RETAIL,Delhi,Delhi,1999-03-09,2025-06-20,INACTIVE
109769,Customer_09769,RETAIL,Hyderabad,Telangana,1986-12-07,2021-11-22,ACTIVE
109770,Customer_09770,RETAIL,Kolkata,West Bengal,1992-05-12,2025-10-11,ACTIVE
109771,Customer_09771,RETAIL,Pune,Maharashtra,2000-12-07,2025-10-23,ACTIVE
109772,Customer_09772,PREMIUM,Kolkata,West Bengal,1983-03-03,2021-02-14,ACTIVE
109773,Customer_09773,RETAIL,Kolkata,West Bengal,2015-02-07,2022-01-25,ACTIVE
109774,Customer_09774,RETAIL,Mumbai,Maharashtra,1991-11-09,2024-08-05,ACTIVE
109775,Customer_09775,PREMIUM,Mumbai,Maharashtra,2010-05-06,2021-07-15,ACTIVE
109776,Customer_09776,RETAIL,Hyderabad,Telangana,2005-10-04,2025-04-10,INACTIVE
109777,Customer_09777,PREMIUM,Kolkata,West Bengal,2010-01-07,2024-06-17,ACTIVE
109778,Customer_09778,RETAIL,Bangalore,Karnataka,1991-01-14,2021-06-27,ACTIVE
109779,Customer_09779,BUSINESS,Hyderabad,Telangana,1986-03-26,2025-02-04,ACTIVE
109780,Customer_09780,RETAIL,Ahmedabad,Gujarat,1985-01-15,2020-04-14,ACTIVE
109781,Customer_09781,RETAIL,Delhi,Delhi,1988-08-02,2022-07-10,ACTIVE
109782,Customer_09782,RETAIL,Pune,Maharashtra,2001-07-15,2021-03-04,ACTIVE
109783,Customer_09783,RETAIL,Ahmedabad,Gujarat,2004-10-20,2020-01-01,ACTIVE
109784,Customer_09784,PREMIUM,Delhi,Delhi,2010-02-05,2024-11-14,ACTIVE
109785,Customer_09785,RETAIL,Bangalore,Karnataka,2018-09-30,2021-01-01,ACTIVE
109786,Customer_09786,RETAIL,Bangalore,Karnataka,2013-04-04,2024-07-24,ACTIVE
109787,Customer_09787,PREMIUM,Chennai,Tamil Nadu,1993-10-28,2020-06-30,ACTIVE
109788,Customer_09788,PREMIUM,Delhi,Delhi,1998-07-21,2025-11-10,ACTIVE
109789,Customer_09789,RETAIL,Hyderabad,Telangana,2018-05-19,2026-06-04,ACTIVE
109790,Customer_09790,RETAIL,Hyderabad,Telangana,2008-05-14,2022-01-30,ACTIVE
109791,Customer_09791,PREMIUM,Pune,Maharashtra,1996-04-12,2023-03-12,ACTIVE
109792,Customer_09792,PREMIUM,Bangalore,Karnataka,2013-05-21,2024-02-01,ACTIVE
109793,Customer_09793,PREMIUM,Mumbai,Maharashtra,1984-10-03,2023-11-16,INACTIVE
109794,Customer_09794,PREMIUM,Pune,Maharashtra,2006-10-19,2020-03-05,ACTIVE
109795,Customer_09795,RETAIL,Ahmedabad,Gujarat,2018-02-16,2026-06-08,ACTIVE
109796,Customer_09796,RETAIL,Chennai,Tamil Nadu,2000-10-26,2026-02-22,ACTIVE
109797,Customer_09797,RETAIL,Chennai,Tamil Nadu,2004-05-05,2023-03-14,ACTIVE
109798,Customer_09798,RETAIL,Ahmedabad,Gujarat,1981-08-17,2023-08-23,ACTIVE
109799,Customer_09799,PREMIUM,Hyderabad,Telangana,2004-01-03,2021-02-11,ACTIVE
109800,Customer_09800,RETAIL,Kolkata,West Bengal,1991-01-28,2024-12-01,ACTIVE
109801,Customer_09801,RETAIL,Hyderabad,Telangana,2020-01-03,2023-05-19,ACTIVE
109802,Customer_09802,PREMIUM,Bangalore,Karnataka,1992-04-19,2021-11-12,ACTIVE
109803,Customer_09803,RETAIL,Hyderabad,Telangana,1992-01-21,2022-01-07,ACTIVE
109804,Customer_09804,RETAIL,Delhi,Delhi,1995-05-22,2020-07-15,ACTIVE
109805,Customer_09805,RETAIL,Ahmedabad,Gujarat,2007-10-16,2025-03-08,ACTIVE
109806,Customer_09806,PREMIUM,Pune,Maharashtra,2018-03-20,2020-05-30,ACTIVE
109807,Customer_09807,RETAIL,Ahmedabad,Gujarat,1993-05-20,2023-09-14,ACTIVE
109808,Customer_09808,RETAIL,Ahmedabad,Gujarat,1987-09-29,2025-05-09,ACTIVE
109809,Customer_09809,RETAIL,Pune,Maharashtra,2010-07-24,2020-05-05,ACTIVE
109810,Customer_09810,RETAIL,Hyderabad,Telangana,2001-05-28,2020-12-30,ACTIVE
109811,Customer_09811,BUSINESS,Ahmedabad,Gujarat,1997-11-02,2025-01-03,ACTIVE
109812,Customer_09812,RETAIL,Chennai,Tamil Nadu,2019-11-15,2025-05-31,ACTIVE
109813,Customer_09813,PREMIUM,Delhi,Delhi,1999-07-09,2020-07-13,ACTIVE
109814,Customer_09814,RETAIL,Ahmedabad,Gujarat,2004-07-29,2021-09-28,ACTIVE
109815,Customer_09815,RETAIL,Chennai,Tamil Nadu,2019-06-22,2023-12-26,ACTIVE
109816,Customer_09816,RETAIL,Mumbai,Maharashtra,1987-09-29,2023-07-23,ACTIVE
109817,Customer_09817,PREMIUM,Pune,Maharashtra,2016-03-28,2023-05-25,ACTIVE
109818,Customer_09818,BUSINESS,Hyderabad,Telangana,2018-08-06,2021-09-20,ACTIVE
109819,Customer_09819,RETAIL,Bangalore,Karnataka,1998-06-30,2023-07-17,ACTIVE
109820,Customer_09820,RETAIL,Pune,Maharashtra,1992-12-22,2020-04-30,ACTIVE
109821,Customer_09821,RETAIL,Kolkata,West Bengal,1985-11-01,2025-09-25,ACTIVE
109822,Customer_09822,RETAIL,Mumbai,Maharashtra,1981-02-17,2023-07-25,ACTIVE
109823,Customer_09823,RETAIL,Pune,Maharashtra,2019-07-31,2022-06-13,ACTIVE
109824,Customer_09824,BUSINESS,Bangalore,Karnataka,1996-11-17,2022-05-31,ACTIVE
109825,Customer_09825,RETAIL,Mumbai,Maharashtra,2006-08-06,2022-06-06,ACTIVE
109826,Customer_09826,PREMIUM,Bangalore,Karnataka,1989-01-17,2022-11-10,ACTIVE
109827,Customer_09827,PREMIUM,Ahmedabad,Gujarat,1992-06-16,2021-04-07,ACTIVE
109828,Customer_09828,RETAIL,Ahmedabad,Gujarat,2012-10-16,2023-12-14,ACTIVE
109829,Customer_09829,RETAIL,Kolkata,West Bengal,2006-02-13,2021-03-16,ACTIVE
109830,Customer_09830,PREMIUM,Delhi,Delhi,1988-03-13,2022-01-22,ACTIVE
109831,Customer_09831,RETAIL,Mumbai,Maharashtra,1979-05-22,2025-09-21,ACTIVE
109832,Customer_09832,RETAIL,Kolkata,West Bengal,2012-10-31,2023-09-15,ACTIVE
109833,Customer_09833,PREMIUM,Delhi,Delhi,1982-06-15,2025-12-07,ACTIVE
109834,Customer_09834,RETAIL,Hyderabad,Telangana,1980-08-25,2024-04-27,ACTIVE
109835,Customer_09835,PREMIUM,Mumbai,Maharashtra,1991-07-01,2025-02-23,ACTIVE
109836,Customer_09836,RETAIL,Hyderabad,Telangana,2017-04-28,2020-08-02,ACTIVE
109837,Customer_09837,RETAIL,Chennai,Tamil Nadu,2005-08-20,2023-04-25,ACTIVE
109838,Customer_09838,RETAIL,Ahmedabad,Gujarat,1980-11-23,2022-04-20,ACTIVE
109839,Customer_09839,RETAIL,Mumbai,Maharashtra,2016-10-29,2020-02-11,ACTIVE
109840,Customer_09840,RETAIL,Bangalore,Karnataka,2017-09-16,2020-08-03,INACTIVE
109841,Customer_09841,RETAIL,Ahmedabad,Gujarat,2007-10-12,2021-03-31,ACTIVE
109842,Customer_09842,RETAIL,Bangalore,Karnataka,1982-03-11,2020-01-17,ACTIVE
109843,Customer_09843,RETAIL,Hyderabad,Telangana,1979-10-02,2022-11-15,ACTIVE
109844,Customer_09844,RETAIL,Pune,Maharashtra,2014-12-31,2020-05-02,ACTIVE
109845,Customer_09845,RETAIL,Hyderabad,Telangana,2012-12-11,2025-06-01,ACTIVE
109846,Customer_09846,RETAIL,Delhi,Delhi,2013-04-21,2023-11-22,ACTIVE
109847,Customer_09847,RETAIL,Chennai,Tamil Nadu,1999-02-24,2026-04-30,ACTIVE
109848,Customer_09848,RETAIL,Ahmedabad,Gujarat,2003-07-30,2020-07-21,ACTIVE
109849,Customer_09849,RETAIL,Hyderabad,Telangana,1986-04-12,2020-07-10,ACTIVE
109850,Customer_09850,RETAIL,Bangalore,Karnataka,1980-08-22,2025-09-15,ACTIVE
109851,Customer_09851,RETAIL,Pune,Maharashtra,1988-03-31,2022-07-29,ACTIVE
109852,Customer_09852,PREMIUM,Delhi,Delhi,2004-09-03,2024-12-27,ACTIVE
109853,Customer_09853,PREMIUM,Kolkata,West Bengal,1995-09-04,2021-03-31,ACTIVE
109854,Customer_09854,RETAIL,Pune,Maharashtra,2004-07-15,2020-01-22,ACTIVE
109855,Customer_09855,PREMIUM,Hyderabad,Telangana,1997-04-06,2023-04-09,ACTIVE
109856,Customer_09856,RETAIL,Bangalore,Karnataka,2002-01-17,2023-10-07,INACTIVE
109857,Customer_09857,RETAIL,Delhi,Delhi,2018-03-27,2020-09-24,ACTIVE
109858,Customer_09858,RETAIL,Hyderabad,Telangana,2005-02-05,2020-01-25,ACTIVE
109859,Customer_09859,RETAIL,Delhi,Delhi,2018-05-06,2021-05-23,ACTIVE
109860,Customer_09860,RETAIL,Delhi,Delhi,2018-12-03,2020-09-19,ACTIVE
109861,Customer_09861,RETAIL,Chennai,Tamil Nadu,2004-07-12,2026-07-18,ACTIVE
109862,Customer_09862,PREMIUM,Kolkata,West Bengal,2020-01-18,2026-06-29,ACTIVE
109863,Customer_09863,RETAIL,Kolkata,West Bengal,1989-05-23,2020-02-08,ACTIVE
109864,Customer_09864,RETAIL,Hyderabad,Telangana,2000-07-16,2023-01-01,ACTIVE
109865,Customer_09865,RETAIL,Hyderabad,Telangana,1982-03-25,2022-07-11,ACTIVE
109866,Customer_09866,RETAIL,Kolkata,West Bengal,1982-12-08,2020-03-06,ACTIVE
109867,Customer_09867,RETAIL,Delhi,Delhi,1984-08-08,2024-05-18,ACTIVE
109868,Customer_09868,RETAIL,Delhi,Delhi,1984-08-31,2025-08-02,ACTIVE
109869,Customer_09869,RETAIL,Bangalore,Karnataka,1996-01-05,2024-01-07,ACTIVE
109870,Customer_09870,RETAIL,Hyderabad,Telangana,2008-09-30,2026-01-10,ACTIVE
109871,Customer_09871,RETAIL,Hyderabad,Telangana,2019-08-27,2024-03-09,ACTIVE
109872,Customer_09872,BUSINESS,Pune,Maharashtra,2019-06-29,2023-08-09,ACTIVE
109873,Customer_09873,PREMIUM,Kolkata,West Bengal,1986-07-03,2026-03-24,ACTIVE
109874,Customer_09874,RETAIL,Delhi,Delhi,1997-01-26,2024-08-21,ACTIVE
109875,Customer_09875,RETAIL,Ahmedabad,Gujarat,1996-11-17,2025-01-09,ACTIVE
109876,Customer_09876,PREMIUM,Hyderabad,Telangana,1983-03-11,2025-02-15,ACTIVE
109877,Customer_09877,BUSINESS,Ahmedabad,Gujarat,1980-10-17,2020-03-17,ACTIVE
109878,Customer_09878,RETAIL,Hyderabad,Telangana,1993-08-30,2024-10-29,ACTIVE
109879,Customer_09879,RETAIL,Chennai,Tamil Nadu,2014-05-05,2024-12-01,ACTIVE
109880,Customer_09880,PREMIUM,Pune,Maharashtra,1994-12-23,2023-04-01,ACTIVE
109881,Customer_09881,RETAIL,Bangalore,Karnataka,1994-11-29,2023-09-16,ACTIVE
109882,Customer_09882,PREMIUM,Kolkata,West Bengal,2020-02-03,2025-06-21,ACTIVE
109883,Customer_09883,RETAIL,Bangalore,Karnataka,1994-08-31,2020-12-06,ACTIVE
109884,Customer_09884,RETAIL,Mumbai,Maharashtra,2007-05-12,2023-06-19,ACTIVE
109885,Customer_09885,PREMIUM,Pune,Maharashtra,2019-06-20,2025-01-23,ACTIVE
109886,Customer_09886,PREMIUM,Chennai,Tamil Nadu,1984-01-02,2021-09-14,ACTIVE
109887,Customer_09887,RETAIL,Hyderabad,Telangana,2000-02-20,2021-09-24,ACTIVE
109888,Customer_09888,PREMIUM,Ahmedabad,Gujarat,1993-01-03,2020-01-10,ACTIVE
109889,Customer_09889,PREMIUM,Ahmedabad,Gujarat,1984-01-16,2022-01-19,INACTIVE
109890,Customer_09890,RETAIL,Chennai,Tamil Nadu,1981-02-27,2022-05-10,ACTIVE
109891,Customer_09891,BUSINESS,Chennai,Tamil Nadu,2005-10-08,2026-04-04,ACTIVE
109892,Customer_09892,RETAIL,Kolkata,West Bengal,2005-12-25,2020-07-17,ACTIVE
109893,Customer_09893,RETAIL,Mumbai,Maharashtra,2002-03-30,2024-03-31,ACTIVE
109894,Customer_09894,PREMIUM,Chennai,Tamil Nadu,2006-10-17,2020-05-31,ACTIVE
109895,Customer_09895,RETAIL,Bangalore,Karnataka,2008-09-08,2025-04-02,ACTIVE
109896,Customer_09896,PREMIUM,Kolkata,West Bengal,1981-07-11,2023-01-31,ACTIVE
109897,Customer_09897,RETAIL,Kolkata,West Bengal,1980-07-24,2022-10-18,ACTIVE
109898,Customer_09898,RETAIL,Hyderabad,Telangana,1992-12-10,2026-03-14,ACTIVE
109899,Customer_09899,RETAIL,Hyderabad,Telangana,2002-07-06,2024-12-02,ACTIVE
109900,Customer_09900,RETAIL,Hyderabad,Telangana,2016-03-29,2020-09-10,ACTIVE
109901,Customer_09901,PREMIUM,Chennai,Tamil Nadu,2019-05-28,2021-09-30,ACTIVE
109902,Customer_09902,RETAIL,Pune,Maharashtra,2013-02-13,2021-10-18,ACTIVE
109903,Customer_09903,RETAIL,Delhi,Delhi,1991-02-16,2024-01-03,ACTIVE
109904,Customer_09904,RETAIL,Hyderabad,Telangana,2002-09-30,2025-06-15,ACTIVE
109905,Customer_09905,RETAIL,Chennai,Tamil Nadu,1983-12-06,2024-03-10,ACTIVE
109906,Customer_09906,RETAIL,Pune,Maharashtra,1999-01-25,2022-08-22,ACTIVE
109907,Customer_09907,PREMIUM,Ahmedabad,Gujarat,1983-03-23,2024-11-26,ACTIVE
109908,Customer_09908,RETAIL,Ahmedabad,Gujarat,2019-12-09,2024-12-26,ACTIVE
109909,Customer_09909,RETAIL,Hyderabad,Telangana,1997-09-09,2020-07-12,ACTIVE
109910,Customer_09910,RETAIL,Pune,Maharashtra,2008-10-27,2023-07-25,ACTIVE
109911,Customer_09911,RETAIL,Ahmedabad,Gujarat,1983-06-10,2024-09-01,ACTIVE
109912,Customer_09912,RETAIL,Pune,Maharashtra,2018-04-15,2023-12-20,ACTIVE
109913,Customer_09913,RETAIL,Bangalore,Karnataka,2000-09-08,2021-08-10,ACTIVE
109914,Customer_09914,RETAIL,Kolkata,West Bengal,1982-02-07,2021-01-21,ACTIVE
109915,Customer_09915,RETAIL,Chennai,Tamil Nadu,1994-04-20,2021-11-29,ACTIVE
109916,Customer_09916,RETAIL,Pune,Maharashtra,1987-11-17,2022-04-25,ACTIVE
109917,Customer_09917,PREMIUM,Mumbai,Maharashtra,1981-12-30,2026-01-20,ACTIVE
109918,Customer_09918,RETAIL,Delhi,Delhi,1980-06-10,2024-02-01,ACTIVE
109919,Customer_09919,PREMIUM,Hyderabad,Telangana,2008-06-02,2025-06-28,ACTIVE
109920,Customer_09920,RETAIL,Hyderabad,Telangana,2014-10-22,2020-03-05,ACTIVE
109921,Customer_09921,RETAIL,Pune,Maharashtra,2006-04-09,2025-02-24,ACTIVE
109922,Customer_09922,PREMIUM,Pune,Maharashtra,2007-09-04,2021-03-27,ACTIVE
109923,Customer_09923,RETAIL,Hyderabad,Telangana,1980-09-11,2023-09-19,ACTIVE
109924,Customer_09924,RETAIL,Pune,Maharashtra,1986-06-17,2022-07-16,ACTIVE
109925,Customer_09925,RETAIL,Mumbai,Maharashtra,1980-07-28,2025-09-04,ACTIVE
109926,Customer_09926,PREMIUM,Bangalore,Karnataka,2019-03-04,2024-06-07,ACTIVE
109927,Customer_09927,RETAIL,Chennai,Tamil Nadu,2009-06-18,2023-01-09,ACTIVE
109928,Customer_09928,PREMIUM,Pune,Maharashtra,2018-06-01,2023-05-08,ACTIVE
109929,Customer_09929,RETAIL,Pune,Maharashtra,2016-05-01,2024-08-23,ACTIVE
109930,Customer_09930,RETAIL,Pune,Maharashtra,1988-05-21,2024-09-20,ACTIVE
109931,Customer_09931,RETAIL,Delhi,Delhi,2000-03-03,2023-10-07,ACTIVE
109932,Customer_09932,RETAIL,Mumbai,Maharashtra,2005-09-26,2024-10-10,ACTIVE
109933,Customer_09933,PREMIUM,Mumbai,Maharashtra,2009-08-14,2025-03-08,ACTIVE
109934,Customer_09934,RETAIL,Delhi,Delhi,2006-08-08,2020-03-15,ACTIVE
109935,Customer_09935,BUSINESS,Mumbai,Maharashtra,1997-10-10,2022-05-30,ACTIVE
109936,Customer_09936,RETAIL,Delhi,Delhi,1979-05-01,2025-12-04,ACTIVE
109937,Customer_09937,RETAIL,Chennai,Tamil Nadu,2017-09-21,2022-02-09,INACTIVE
109938,Customer_09938,RETAIL,Mumbai,Maharashtra,2007-06-14,2025-06-01,ACTIVE
109939,Customer_09939,PREMIUM,Chennai,Tamil Nadu,2013-07-04,2023-08-11,ACTIVE
109940,Customer_09940,RETAIL,Chennai,Tamil Nadu,1988-04-03,2021-10-12,ACTIVE
109941,Customer_09941,RETAIL,Chennai,Tamil Nadu,1983-07-16,2022-04-20,ACTIVE
109942,Customer_09942,BUSINESS,Hyderabad,Telangana,2016-03-06,2023-03-08,ACTIVE
109943,Customer_09943,RETAIL,Kolkata,West Bengal,2012-04-04,2020-10-26,ACTIVE
109944,Customer_09944,RETAIL,Mumbai,Maharashtra,2013-08-07,2022-01-09,ACTIVE
109945,Customer_09945,PREMIUM,Pune,Maharashtra,1997-04-01,2024-06-22,INACTIVE
109946,Customer_09946,RETAIL,Delhi,Delhi,2016-05-05,2025-12-15,ACTIVE
109947,Customer_09947,RETAIL,Hyderabad,Telangana,1988-05-15,2026-03-30,ACTIVE
109948,Customer_09948,RETAIL,Kolkata,West Bengal,2010-04-11,2022-07-07,ACTIVE
109949,Customer_09949,PREMIUM,Ahmedabad,Gujarat,1999-06-21,2025-03-20,ACTIVE
109950,Customer_09950,RETAIL,Chennai,Tamil Nadu,1985-12-08,2022-08-08,ACTIVE
109951,Customer_09951,PREMIUM,Bangalore,Karnataka,2008-08-17,2025-04-20,ACTIVE
109952,Customer_09952,PREMIUM,Bangalore,Karnataka,1993-12-21,2025-12-28,ACTIVE
109953,Customer_09953,RETAIL,Mumbai,Maharashtra,1985-09-07,2022-12-05,ACTIVE
109954,Customer_09954,RETAIL,Bangalore,Karnataka,2008-04-11,2023-12-12,ACTIVE
109955,Customer_09955,PREMIUM,Chennai,Tamil Nadu,2010-11-11,2025-09-11,ACTIVE
109956,Customer_09956,RETAIL,Pune,Maharashtra,1992-06-10,2020-11-26,ACTIVE
109957,Customer_09957,RETAIL,Kolkata,West Bengal,2018-11-14,2021-08-15,ACTIVE
109958,Customer_09958,RETAIL,Kolkata,West Bengal,2008-04-28,2024-02-11,ACTIVE
109959,Customer_09959,PREMIUM,Delhi,Delhi,1980-01-31,2021-03-05,ACTIVE
109960,Customer_09960,RETAIL,Ahmedabad,Gujarat,1992-12-20,2025-03-21,ACTIVE
109961,Customer_09961,RETAIL,Mumbai,Maharashtra,2019-03-07,2021-10-01,ACTIVE
109962,Customer_09962,RETAIL,Ahmedabad,Gujarat,1986-06-18,2022-03-21,INACTIVE
109963,Customer_09963,RETAIL,Kolkata,West Bengal,2018-04-29,2025-04-29,ACTIVE
109964,Customer_09964,BUSINESS,Pune,Maharashtra,2000-06-11,2023-06-18,ACTIVE
109965,Customer_09965,RETAIL,Hyderabad,Telangana,2006-11-23,2025-03-13,ACTIVE
109966,Customer_09966,PREMIUM,Delhi,Delhi,2007-05-07,2024-02-13,ACTIVE
109967,Customer_09967,PREMIUM,Kolkata,West Bengal,2000-03-06,2023-05-19,ACTIVE
109968,Customer_09968,RETAIL,Pune,Maharashtra,2000-05-27,2023-05-10,ACTIVE
109969,Customer_09969,PREMIUM,Pune,Maharashtra,2002-06-18,2025-04-10,ACTIVE
109970,Customer_09970,BUSINESS,Delhi,Delhi,2005-07-11,2026-07-25,ACTIVE
109971,Customer_09971,PREMIUM,Pune,Maharashtra,2009-06-16,2020-02-28,INACTIVE
109972,Customer_09972,PREMIUM,Delhi,Delhi,1997-02-25,2023-05-01,ACTIVE
109973,Customer_09973,RETAIL,Chennai,Tamil Nadu,1997-01-21,2025-02-22,ACTIVE
109974,Customer_09974,PREMIUM,Hyderabad,Telangana,2011-02-16,2024-03-24,ACTIVE
109975,Customer_09975,RETAIL,Chennai,Tamil Nadu,2010-04-04,2023-03-07,ACTIVE
109976,Customer_09976,PREMIUM,Pune,Maharashtra,2005-11-09,2025-03-19,ACTIVE
109977,Customer_09977,RETAIL,Pune,Maharashtra,1998-02-06,2023-01-28,ACTIVE
109978,Customer_09978,RETAIL,Ahmedabad,Gujarat,2002-10-06,2020-11-23,ACTIVE
109979,Customer_09979,PREMIUM,Delhi,Delhi,2002-08-12,2021-10-15,ACTIVE
109980,Customer_09980,RETAIL,Mumbai,Maharashtra,1997-01-16,2020-04-15,ACTIVE
109981,Customer_09981,RETAIL,Bangalore,Karnataka,1986-06-30,2024-08-12,ACTIVE
109982,Customer_09982,PREMIUM,Mumbai,Maharashtra,2001-03-01,2026-05-24,ACTIVE
109983,Customer_09983,BUSINESS,Delhi,Delhi,1997-05-09,2022-06-29,INACTIVE
109984,Customer_09984,RETAIL,Kolkata,West Bengal,1981-04-05,2024-10-23,ACTIVE
109985,Customer_09985,PREMIUM,Delhi,Delhi,2018-05-28,2026-06-15,ACTIVE
109986,Customer_09986,PREMIUM,Hyderabad,Telangana,2006-07-18,2022-08-01,ACTIVE
109987,Customer_09987,PREMIUM,Bangalore,Karnataka,1983-11-02,2025-10-18,ACTIVE
109988,Customer_09988,RETAIL,Delhi,Delhi,1987-07-24,2020-02-12,ACTIVE
109989,Customer_09989,RETAIL,Hyderabad,Telangana,2002-08-18,2024-06-14,ACTIVE
109990,Customer_09990,PREMIUM,Chennai,Tamil Nadu,2014-06-28,2021-02-03,INACTIVE
109991,Customer_09991,BUSINESS,Delhi,Delhi,1999-02-05,2025-02-18,ACTIVE
109992,Customer_09992,RETAIL,Pune,Maharashtra,2012-07-11,2020-01-24,ACTIVE
109993,Customer_09993,RETAIL,Ahmedabad,Gujarat,1984-06-05,2025-06-21,ACTIVE
109994,Customer_09994,RETAIL,Pune,Maharashtra,2000-11-05,2022-08-09,ACTIVE
109995,Customer_09995,PREMIUM,Ahmedabad,Gujarat,2013-02-21,2021-07-22,ACTIVE
109996,Customer_09996,PREMIUM,Bangalore,Karnataka,2013-12-14,2023-08-24,ACTIVE
109997,Customer_09997,RETAIL,Ahmedabad,Gujarat,1989-01-10,2026-07-03,ACTIVE
109998,Customer_09998,RETAIL,Delhi,Delhi,2006-09-18,2021-01-20,ACTIVE
109999,Customer_09999,RETAIL,Chennai,Tamil Nadu,1980-10-17,2022-01-14,ACTIVE
110000,Customer_10000,PREMIUM,Chennai,Tamil Nadu,1984-12-18,2024-03-15,ACTIVE
