customer_id,kyc_status,kyc_risk_rating,annual_income,occupation,pep_flag,last_kyc_date
100001,VERIFIED,MEDIUM,110884.69,SALARIED,N,2025-02-22
100002,VERIFIED,MEDIUM,72986.39,SELF_EMPLOYED,N,2025-02-20
100003,VERIFIED,LOW,154553.06,SALARIED,N,2025-09-13
100004,VERIFIED,LOW,47508.25,SALARIED,N,2025-06-30
100005,VERIFIED,LOW,65310.7,SALARIED,N,2026-02-18
100006,VERIFIED,LOW,55189.43,RETIRED,N,2025-12-06
100007,PENDING,LOW,245507.84,STUDENT,N,2026-08-07
100008,VERIFIED,LOW,43883.89,STUDENT,N,2025-04-20
100009,VERIFIED,MEDIUM,152823.24,SALARIED,N,2025-06-23
100010,VERIFIED,LOW,27277.65,SELF_EMPLOYED,N,2026-07-24
100011,VERIFIED,MEDIUM,70627.8,STUDENT,N,2026-08-27
100012,VERIFIED,MEDIUM,58803.97,SALARIED,N,2026-04-05
100013,VERIFIED,LOW,34078.81,SALARIED,N,2026-10-01
100014,VERIFIED,MEDIUM,42963.38,SALARIED,N,2025-03-08
100015,VERIFIED,MEDIUM,91765.69,STUDENT,N,2026-09-20
100016,VERIFIED,MEDIUM,53172.59,SALARIED,N,2025-05-12
100017,VERIFIED,LOW,35335.15,SALARIED,N,2026-08-22
100018,VERIFIED,MEDIUM,118605.01,SELF_EMPLOYED,N,2025-02-03
100019,VERIFIED,LOW,65266.12,SALARIED,N,2026-08-16
100020,VERIFIED,LOW,82066.82,SALARIED,N,2026-07-11
100021,VERIFIED,HIGH,134667.84,SALARIED,N,2025-09-26
100022,VERIFIED,HIGH,180733.47,SELF_EMPLOYED,N,2025-05-31
100023,VERIFIED,LOW,14973.74,SALARIED,N,2025-03-02
100024,VERIFIED,LOW,61708.02,SELF_EMPLOYED,N,2026-09-21
100025,VERIFIED,HIGH,22247.88,SALARIED,N,2026-08-27
100026,VERIFIED,LOW,389234.61,SALARIED,N,2026-09-27
100027,VERIFIED,LOW,72983.46,SELF_EMPLOYED,N,2026-06-19
100028,EXPIRED,LOW,124561.48,SELF_EMPLOYED,N,2025-06-08
100029,VERIFIED,LOW,44019.19,SELF_EMPLOYED,N,2026-05-19
100030,VERIFIED,LOW,52521.16,SALARIED,N,2026-08-25
100031,VERIFIED,MEDIUM,135210.88,STUDENT,N,2026-05-20
100032,VERIFIED,LOW,92486.55,SELF_EMPLOYED,N,2025-08-18
100033,VERIFIED,LOW,196914.21,SALARIED,N,2025-12-31
100034,VERIFIED,LOW,38470.56,SALARIED,N,2025-08-05
100035,VERIFIED,MEDIUM,57426.86,SALARIED,N,2026-03-12
100036,VERIFIED,LOW,92368.36,PROFESSIONAL,N,2026-08-14
100037,VERIFIED,LOW,101996.71,SALARIED,N,2025-02-02
100038,VERIFIED,MEDIUM,86901.51,SELF_EMPLOYED,N,2026-01-22
100039,VERIFIED,MEDIUM,28000.34,STUDENT,N,2025-07-27
100040,VERIFIED,LOW,35856.67,SELF_EMPLOYED,N,2026-03-22
100041,VERIFIED,MEDIUM,82623.47,SALARIED,N,2025-10-18
100042,VERIFIED,LOW,24266.12,RETIRED,N,2025-09-27
100043,EXPIRED,LOW,37200.55,SELF_EMPLOYED,N,2025-06-10
100044,VERIFIED,MEDIUM,67796.04,SALARIED,N,2025-12-06
100045,VERIFIED,LOW,39956.22,SALARIED,N,2025-11-25
100046,PENDING,LOW,76805.65,SALARIED,N,2026-05-19
100047,VERIFIED,HIGH,62427.12,SALARIED,N,2025-07-05
100048,VERIFIED,LOW,39643.78,SALARIED,N,2025-04-21
100049,PENDING,MEDIUM,40258.53,PROFESSIONAL,N,2025-05-09
100050,VERIFIED,LOW,151846.99,SALARIED,N,2026-10-04
100051,VERIFIED,LOW,84938.34,SELF_EMPLOYED,N,2026-01-05
100052,VERIFIED,LOW,77711.73,SELF_EMPLOYED,N,2026-06-05
100053,VERIFIED,LOW,68573.39,RETIRED,N,2025-12-22
100054,VERIFIED,MEDIUM,36686.85,SALARIED,N,2025-06-24
100055,VERIFIED,MEDIUM,45851.33,SALARIED,N,2025-10-29
100056,VERIFIED,LOW,13898.42,STUDENT,N,2026-04-01
100057,VERIFIED,MEDIUM,43751.02,RETIRED,N,2026-06-07
100058,VERIFIED,LOW,44232.59,PROFESSIONAL,N,2025-01-09
100059,VERIFIED,MEDIUM,94522.21,SALARIED,N,2026-04-16
100060,VERIFIED,LOW,44710.49,RETIRED,N,2026-05-04
100061,VERIFIED,LOW,110286.07,SELF_EMPLOYED,N,2026-05-21
100062,VERIFIED,LOW,55891.9,SALARIED,N,2026-06-03
100063,VERIFIED,LOW,72878.47,PROFESSIONAL,N,2025-11-06
100064,PENDING,LOW,64843.38,SALARIED,N,2025-04-02
100065,VERIFIED,LOW,104282.86,SALARIED,N,2026-04-27
100066,VERIFIED,HIGH,144934.25,PROFESSIONAL,N,2025-07-18
100067,VERIFIED,LOW,34837.31,PROFESSIONAL,N,2025-02-28
100068,VERIFIED,LOW,207654.3,STUDENT,N,2026-02-26
100069,VERIFIED,LOW,37914.92,SALARIED,N,2025-02-01
100070,VERIFIED,LOW,58702.01,SALARIED,N,2026-04-05
100071,VERIFIED,LOW,46919.52,PROFESSIONAL,N,2025-08-15
100072,PENDING,MEDIUM,176317.28,PROFESSIONAL,N,2025-02-14
100073,VERIFIED,LOW,33204.3,STUDENT,N,2026-08-05
100074,VERIFIED,HIGH,105493.26,SALARIED,N,2025-10-05
100075,VERIFIED,LOW,15749.48,SALARIED,N,2025-02-20
100076,VERIFIED,MEDIUM,112307.62,SALARIED,N,2025-11-09
100077,VERIFIED,LOW,58434.44,SALARIED,N,2025-07-11
100078,VERIFIED,LOW,51874.49,SELF_EMPLOYED,N,2026-03-20
100079,VERIFIED,MEDIUM,42209.08,SALARIED,N,2026-05-24
100080,VERIFIED,LOW,63367.84,SELF_EMPLOYED,N,2025-08-16
100081,VERIFIED,LOW,52537.11,SELF_EMPLOYED,N,2025-10-06
100082,VERIFIED,MEDIUM,25107.35,SALARIED,N,2025-08-22
100083,VERIFIED,LOW,39728.89,STUDENT,N,2025-04-10
100084,VERIFIED,LOW,111186.92,SALARIED,N,2025-05-22
100085,VERIFIED,MEDIUM,50933.04,SALARIED,N,2026-01-08
100086,VERIFIED,LOW,39581.62,SALARIED,N,2026-08-15
100087,VERIFIED,MEDIUM,68201.8,SALARIED,N,2026-06-02
100088,VERIFIED,MEDIUM,90906.8,STUDENT,N,2025-03-03
100089,VERIFIED,MEDIUM,100971.33,PROFESSIONAL,N,2026-04-21
100090,VERIFIED,LOW,82423.9,SALARIED,N,2025-11-15
100091,VERIFIED,LOW,145193.52,SALARIED,N,2025-07-08
100092,VERIFIED,MEDIUM,68320.31,SALARIED,N,2025-04-03
100093,VERIFIED,MEDIUM,56756.93,SALARIED,N,2025-07-09
100094,VERIFIED,MEDIUM,116744.37,SALARIED,N,2025-01-20
100095,VERIFIED,MEDIUM,41750.18,SALARIED,N,2025-10-23
100096,VERIFIED,LOW,50883.1,PROFESSIONAL,N,2026-03-28
100097,VERIFIED,LOW,23493.86,SELF_EMPLOYED,N,2025-09-12
100098,VERIFIED,LOW,215135.86,STUDENT,N,2025-04-18
100099,VERIFIED,LOW,256660.06,SALARIED,N,2025-09-06
100100,VERIFIED,LOW,59055.66,SALARIED,N,2026-01-14
100101,VERIFIED,LOW,108689.67,SELF_EMPLOYED,N,2026-02-06
100102,VERIFIED,LOW,104267.13,STUDENT,N,2026-02-11
100103,VERIFIED,LOW,74840.16,SALARIED,N,2025-04-30
100104,VERIFIED,LOW,145810.45,SALARIED,N,2026-09-27
100105,VERIFIED,LOW,29081.66,SELF_EMPLOYED,N,2026-02-26
100106,VERIFIED,LOW,58679.81,SALARIED,N,2025-10-08
100107,VERIFIED,LOW,17043.77,SELF_EMPLOYED,N,2026-06-21
100108,VERIFIED,LOW,34297.52,STUDENT,N,2025-02-18
100109,VERIFIED,LOW,23001.3,STUDENT,N,2025-07-26
100110,VERIFIED,LOW,20038.55,SALARIED,N,2025-10-27
100111,VERIFIED,HIGH,47953.62,SELF_EMPLOYED,N,2026-09-28
100112,VERIFIED,LOW,83882.73,SALARIED,N,2025-03-28
100113,VERIFIED,LOW,42941.24,SELF_EMPLOYED,N,2026-04-23
100114,VERIFIED,MEDIUM,46429.35,PROFESSIONAL,N,2025-12-03
100115,VERIFIED,LOW,41045.22,SALARIED,N,2025-10-03
100116,EXPIRED,LOW,72493.92,SALARIED,N,2025-11-08
100117,VERIFIED,MEDIUM,44670.16,SELF_EMPLOYED,N,2025-11-22
100118,VERIFIED,LOW,34397.47,SALARIED,N,2025-10-23
100119,VERIFIED,HIGH,121298.52,SALARIED,N,2026-01-22
100120,VERIFIED,LOW,37533.37,SALARIED,N,2026-05-30
100121,VERIFIED,MEDIUM,28949.58,RETIRED,N,2025-12-17
100122,PENDING,MEDIUM,107038.54,PROFESSIONAL,N,2025-08-31
100123,VERIFIED,MEDIUM,22148.71,PROFESSIONAL,N,2025-07-19
100124,VERIFIED,LOW,147130.89,SALARIED,N,2026-05-10
100125,VERIFIED,LOW,33965.41,SALARIED,N,2025-02-19
100126,VERIFIED,LOW,69710.72,RETIRED,N,2026-05-24
100127,VERIFIED,LOW,34666.18,SALARIED,N,2025-04-27
100128,VERIFIED,MEDIUM,66730.42,SELF_EMPLOYED,N,2025-08-26
100129,VERIFIED,LOW,47162.25,SALARIED,N,2026-08-12
100130,VERIFIED,LOW,34939.09,SALARIED,N,2025-07-24
100131,VERIFIED,LOW,23333.52,SALARIED,N,2025-07-12
100132,VERIFIED,LOW,46560.25,SELF_EMPLOYED,N,2025-01-13
100133,VERIFIED,LOW,90109.64,SELF_EMPLOYED,N,2026-10-11
100134,VERIFIED,LOW,102573.85,PROFESSIONAL,N,2026-05-21
100135,VERIFIED,LOW,41477.7,SALARIED,N,2025-07-17
100136,VERIFIED,LOW,41541.69,STUDENT,N,2026-04-23
100137,VERIFIED,MEDIUM,59082.32,SELF_EMPLOYED,N,2026-07-11
100138,VERIFIED,LOW,66230.43,PROFESSIONAL,N,2025-04-09
100139,VERIFIED,LOW,66030.98,SALARIED,N,2025-01-27
100140,VERIFIED,LOW,49909.9,SELF_EMPLOYED,N,2025-04-12
100141,VERIFIED,LOW,52177.21,SELF_EMPLOYED,N,2025-10-27
100142,VERIFIED,LOW,54900.83,SALARIED,N,2026-05-14
100143,VERIFIED,MEDIUM,13768.48,SALARIED,N,2025-11-03
100144,VERIFIED,LOW,50836.12,SELF_EMPLOYED,N,2025-03-25
100145,VERIFIED,MEDIUM,110016.46,PROFESSIONAL,N,2025-05-22
100146,VERIFIED,LOW,163670.55,SALARIED,N,2026-06-02
100147,VERIFIED,MEDIUM,142155.82,STUDENT,N,2026-06-04
100148,VERIFIED,MEDIUM,70161.3,STUDENT,N,2025-05-24
100149,VERIFIED,MEDIUM,30553.32,PROFESSIONAL,N,2025-05-16
100150,VERIFIED,LOW,46351.23,SALARIED,N,2025-11-10
100151,VERIFIED,LOW,40328.4,SALARIED,N,2025-02-15
100152,VERIFIED,LOW,26479.39,RETIRED,N,2025-05-04
100153,VERIFIED,LOW,35869.74,SALARIED,N,2026-02-23
100154,VERIFIED,LOW,41201.48,SALARIED,N,2025-06-15
100155,VERIFIED,MEDIUM,26726.31,SALARIED,N,2026-06-02
100156,VERIFIED,MEDIUM,121334.47,SALARIED,N,2026-01-12
100157,VERIFIED,LOW,98311.93,PROFESSIONAL,N,2025-08-09
100158,VERIFIED,MEDIUM,64088.75,STUDENT,N,2026-07-09
100159,VERIFIED,LOW,84804.24,SALARIED,N,2025-10-26
100160,PENDING,LOW,80727.72,PROFESSIONAL,N,2026-01-20
100161,VERIFIED,LOW,41078.18,SELF_EMPLOYED,N,2025-11-30
100162,VERIFIED,LOW,213053.14,SELF_EMPLOYED,N,2025-05-18
100163,VERIFIED,LOW,40150.39,SALARIED,N,2025-07-27
100164,VERIFIED,MEDIUM,22377.24,SELF_EMPLOYED,N,2025-12-26
100165,VERIFIED,LOW,73485.86,PROFESSIONAL,N,2025-01-08
100166,VERIFIED,LOW,95489.19,SALARIED,N,2025-04-24
100167,VERIFIED,LOW,54381.12,STUDENT,N,2025-01-20
100168,VERIFIED,LOW,148605.02,SALARIED,N,2025-12-02
100169,VERIFIED,LOW,74414.66,PROFESSIONAL,N,2025-08-08
100170,VERIFIED,MEDIUM,38816.1,SELF_EMPLOYED,N,2025-05-24
100171,VERIFIED,LOW,44983.88,PROFESSIONAL,N,2026-09-24
100172,VERIFIED,LOW,72882.96,SALARIED,N,2026-05-24
100173,PENDING,LOW,69726.09,SELF_EMPLOYED,N,2025-12-07
100174,VERIFIED,LOW,145616.47,SALARIED,N,2026-07-09
100175,VERIFIED,LOW,113847.51,SALARIED,N,2025-01-06
100176,VERIFIED,LOW,23885.35,SALARIED,N,2026-02-10
100177,VERIFIED,MEDIUM,59297.88,SELF_EMPLOYED,N,2026-10-01
100178,VERIFIED,MEDIUM,29499.24,SELF_EMPLOYED,N,2025-09-14
100179,VERIFIED,LOW,170772.23,SALARIED,N,2026-09-21
100180,VERIFIED,LOW,35144.81,SALARIED,N,2026-06-29
100181,VERIFIED,LOW,75459.98,RETIRED,N,2026-05-09
100182,PENDING,MEDIUM,42041.22,SALARIED,N,2025-08-25
100183,VERIFIED,LOW,18286.84,SALARIED,N,2025-11-20
100184,VERIFIED,LOW,29261.9,STUDENT,N,2025-08-17
100185,VERIFIED,HIGH,56268.28,SALARIED,Y,2026-03-08
100186,VERIFIED,LOW,95757.12,SALARIED,N,2025-03-23
100187,VERIFIED,HIGH,93446.43,SALARIED,N,2026-04-21
100188,VERIFIED,LOW,27862.12,PROFESSIONAL,N,2026-07-19
100189,VERIFIED,LOW,81116.8,PROFESSIONAL,N,2026-02-22
100190,VERIFIED,LOW,122683.5,SALARIED,N,2025-04-01
100191,VERIFIED,MEDIUM,92342.18,SELF_EMPLOYED,N,2025-01-14
100192,VERIFIED,LOW,52307.01,SALARIED,Y,2026-09-08
100193,VERIFIED,LOW,68271.85,SALARIED,N,2025-08-08
100194,VERIFIED,LOW,73063.37,PROFESSIONAL,N,2026-04-21
100195,VERIFIED,LOW,164073.82,STUDENT,N,2026-02-17
100196,VERIFIED,MEDIUM,199958.76,PROFESSIONAL,N,2026-07-01
100197,VERIFIED,LOW,100627.25,SELF_EMPLOYED,N,2025-05-03
100198,VERIFIED,LOW,68509.18,SELF_EMPLOYED,N,2025-11-12
100199,EXPIRED,MEDIUM,64848.22,SALARIED,N,2025-11-18
100200,VERIFIED,LOW,69369.59,SELF_EMPLOYED,N,2025-06-13
100201,VERIFIED,MEDIUM,75621.77,SELF_EMPLOYED,N,2026-09-03
100202,VERIFIED,LOW,47308.26,PROFESSIONAL,N,2025-11-15
100203,VERIFIED,MEDIUM,237823.98,SELF_EMPLOYED,N,2026-06-21
100204,VERIFIED,LOW,39546.75,SALARIED,N,2026-06-06
100205,VERIFIED,LOW,153600.25,SELF_EMPLOYED,N,2025-08-14
100206,VERIFIED,MEDIUM,15857.11,PROFESSIONAL,N,2025-11-03
100207,VERIFIED,MEDIUM,55327.0,SALARIED,N,2025-09-03
100208,VERIFIED,LOW,53090.82,SALARIED,N,2025-06-28
100209,VERIFIED,LOW,76777.35,SALARIED,N,2025-03-15
100210,VERIFIED,MEDIUM,52218.25,SALARIED,N,2025-12-30
100211,VERIFIED,MEDIUM,162901.01,SELF_EMPLOYED,N,2025-04-22
100212,VERIFIED,LOW,56528.36,SALARIED,N,2025-01-21
100213,VERIFIED,LOW,33892.85,PROFESSIONAL,N,2025-06-26
100214,VERIFIED,LOW,35317.06,RETIRED,N,2026-04-28
100215,VERIFIED,HIGH,48658.69,SALARIED,N,2025-07-04
100216,VERIFIED,LOW,105960.15,SELF_EMPLOYED,N,2026-03-08
100217,VERIFIED,MEDIUM,119202.72,SALARIED,N,2026-09-14
100218,VERIFIED,LOW,30288.1,SALARIED,N,2025-05-26
100219,VERIFIED,MEDIUM,39337.19,SELF_EMPLOYED,N,2026-09-22
100220,VERIFIED,LOW,33103.53,SALARIED,N,2025-05-22
100221,VERIFIED,LOW,54965.36,SELF_EMPLOYED,Y,2026-03-27
100222,VERIFIED,LOW,123660.32,SELF_EMPLOYED,N,2026-05-19
100223,EXPIRED,MEDIUM,73970.8,SALARIED,N,2025-03-29
100224,VERIFIED,MEDIUM,94616.79,SALARIED,N,2025-07-11
100225,VERIFIED,LOW,107524.64,STUDENT,N,2025-10-23
100226,VERIFIED,HIGH,45188.6,RETIRED,N,2026-01-03
100227,VERIFIED,LOW,28778.52,SALARIED,N,2026-04-18
100228,VERIFIED,MEDIUM,45170.97,STUDENT,N,2025-12-29
100229,VERIFIED,LOW,112858.03,STUDENT,N,2025-02-21
100230,VERIFIED,LOW,97916.08,SALARIED,N,2026-01-30
100231,VERIFIED,LOW,69662.58,SALARIED,N,2025-03-03
100232,PENDING,HIGH,122611.09,SALARIED,N,2025-01-25
100233,VERIFIED,MEDIUM,72741.49,SALARIED,N,2026-02-25
100234,VERIFIED,LOW,53332.44,SALARIED,N,2025-10-27
100235,VERIFIED,HIGH,23867.62,SALARIED,N,2025-08-24
100236,VERIFIED,MEDIUM,151198.83,SELF_EMPLOYED,N,2026-05-18
100237,VERIFIED,MEDIUM,62165.53,SALARIED,N,2025-08-21
100238,VERIFIED,LOW,49344.85,SALARIED,N,2026-05-03
100239,EXPIRED,LOW,61899.37,STUDENT,N,2025-07-27
100240,VERIFIED,LOW,175287.94,SELF_EMPLOYED,N,2025-10-09
100241,PENDING,LOW,126149.3,PROFESSIONAL,N,2025-07-10
100242,VERIFIED,LOW,52365.16,SALARIED,N,2025-03-16
100243,VERIFIED,LOW,89799.99,SELF_EMPLOYED,N,2025-06-03
100244,VERIFIED,LOW,146914.69,SALARIED,N,2025-12-12
100245,VERIFIED,LOW,82936.3,SALARIED,N,2025-10-11
100246,VERIFIED,MEDIUM,71572.88,SELF_EMPLOYED,N,2026-01-31
100247,VERIFIED,LOW,17005.73,SALARIED,N,2026-09-17
100248,PENDING,LOW,148708.56,SALARIED,N,2026-06-16
100249,VERIFIED,LOW,33914.34,SELF_EMPLOYED,N,2026-09-25
100250,VERIFIED,LOW,19614.72,SALARIED,N,2026-05-15
100251,VERIFIED,LOW,20480.03,SALARIED,N,2025-06-11
100252,VERIFIED,LOW,37955.89,SALARIED,N,2025-08-30
100253,VERIFIED,LOW,90751.29,STUDENT,N,2025-09-08
100254,VERIFIED,LOW,140703.81,RETIRED,N,2026-02-11
100255,VERIFIED,HIGH,82625.78,SALARIED,N,2025-03-07
100256,VERIFIED,LOW,204450.95,SALARIED,N,2025-12-09
100257,VERIFIED,LOW,50917.23,SALARIED,N,2026-08-13
100258,VERIFIED,MEDIUM,56905.85,SELF_EMPLOYED,N,2025-05-24
100259,VERIFIED,LOW,19665.2,SALARIED,N,2025-12-04
100260,VERIFIED,MEDIUM,45511.8,RETIRED,N,2025-06-22
100261,VERIFIED,MEDIUM,17547.77,SALARIED,N,2026-03-02
100262,VERIFIED,LOW,27663.8,SALARIED,N,2026-04-07
100263,VERIFIED,LOW,99666.02,SALARIED,N,2026-01-24
100264,VERIFIED,LOW,22101.51,SALARIED,N,2026-04-16
100265,VERIFIED,HIGH,23568.7,SALARIED,N,2025-06-20
100266,VERIFIED,MEDIUM,21108.39,SALARIED,N,2026-04-12
100267,VERIFIED,MEDIUM,109605.13,STUDENT,N,2025-02-17
100268,VERIFIED,LOW,192006.95,SELF_EMPLOYED,Y,2025-08-08
100269,VERIFIED,LOW,63033.59,SELF_EMPLOYED,N,2025-10-11
100270,VERIFIED,MEDIUM,122134.13,SALARIED,N,2025-11-27
100271,VERIFIED,LOW,31050.09,SALARIED,N,2026-01-05
100272,VERIFIED,HIGH,147182.76,RETIRED,N,2025-05-08
100273,VERIFIED,HIGH,41556.37,SALARIED,N,2025-12-17
100274,VERIFIED,LOW,102122.28,PROFESSIONAL,N,2026-03-26
100275,VERIFIED,LOW,65010.57,STUDENT,N,2025-08-27
100276,VERIFIED,LOW,19021.4,SELF_EMPLOYED,N,2025-08-20
100277,VERIFIED,LOW,37221.67,SALARIED,N,2025-08-20
100278,VERIFIED,LOW,73955.01,SALARIED,N,2025-07-30
100279,VERIFIED,MEDIUM,19885.14,SALARIED,N,2026-03-07
100280,VERIFIED,LOW,80238.67,SALARIED,N,2025-08-15
100281,VERIFIED,LOW,26355.25,SELF_EMPLOYED,N,2025-04-29
100282,VERIFIED,LOW,94033.63,STUDENT,N,2025-02-01
100283,VERIFIED,LOW,27326.47,PROFESSIONAL,N,2025-11-25
100284,VERIFIED,LOW,88262.32,SALARIED,N,2025-10-14
100285,VERIFIED,MEDIUM,112509.74,SALARIED,N,2026-08-06
100286,VERIFIED,LOW,59323.3,SALARIED,N,2025-12-12
100287,VERIFIED,MEDIUM,62812.9,STUDENT,N,2025-10-24
100288,PENDING,LOW,173790.0,SALARIED,N,2025-02-15
100289,VERIFIED,MEDIUM,39771.74,SALARIED,N,2026-05-14
100290,VERIFIED,LOW,46758.04,RETIRED,N,2025-08-30
100291,VERIFIED,LOW,100350.54,RETIRED,N,2025-05-07
100292,VERIFIED,LOW,87073.33,SALARIED,N,2026-10-04
100293,VERIFIED,MEDIUM,56509.32,RETIRED,N,2025-01-21
100294,VERIFIED,LOW,30038.43,SALARIED,N,2025-10-26
100295,EXPIRED,LOW,124599.24,PROFESSIONAL,N,2025-08-02
100296,VERIFIED,LOW,29589.32,SALARIED,N,2025-09-18
100297,VERIFIED,MEDIUM,290928.86,SALARIED,N,2026-01-01
100298,VERIFIED,LOW,30421.42,PROFESSIONAL,N,2026-01-17
100299,PENDING,LOW,32260.36,SALARIED,N,2026-02-07
100300,VERIFIED,MEDIUM,82630.45,RETIRED,N,2025-08-26
100301,VERIFIED,LOW,94554.18,SALARIED,N,2025-02-24
100302,VERIFIED,LOW,35134.01,SALARIED,N,2025-03-21
100303,VERIFIED,LOW,198804.75,SELF_EMPLOYED,N,2026-07-08
100304,VERIFIED,LOW,81987.7,PROFESSIONAL,N,2026-06-04
100305,VERIFIED,HIGH,56323.15,SALARIED,N,2026-08-28
100306,VERIFIED,MEDIUM,85042.15,SELF_EMPLOYED,N,2026-06-02
100307,VERIFIED,MEDIUM,145355.79,SALARIED,N,2025-08-25
100308,VERIFIED,LOW,188339.06,SALARIED,N,2026-04-20
100309,VERIFIED,LOW,75008.85,SALARIED,N,2025-12-02
100310,VERIFIED,HIGH,28907.23,SALARIED,N,2025-06-27
100311,VERIFIED,LOW,29201.55,SALARIED,N,2025-10-11
100312,VERIFIED,MEDIUM,26378.4,SELF_EMPLOYED,N,2026-01-02
100313,VERIFIED,LOW,43580.9,SALARIED,N,2025-12-20
100314,VERIFIED,LOW,67816.54,SALARIED,N,2025-11-02
100315,VERIFIED,HIGH,76043.41,SALARIED,N,2025-05-07
100316,VERIFIED,MEDIUM,137631.5,PROFESSIONAL,N,2026-03-18
100317,VERIFIED,MEDIUM,17194.21,PROFESSIONAL,N,2025-09-09
100318,VERIFIED,MEDIUM,65709.98,SELF_EMPLOYED,N,2026-04-12
100319,EXPIRED,LOW,89279.48,SELF_EMPLOYED,Y,2025-03-21
100320,VERIFIED,LOW,10665.85,SALARIED,N,2025-09-14
100321,VERIFIED,LOW,88859.06,SALARIED,N,2026-08-22
100322,PENDING,LOW,390254.24,PROFESSIONAL,N,2026-05-21
100323,VERIFIED,LOW,109391.13,SALARIED,N,2026-01-03
100324,VERIFIED,LOW,80831.77,PROFESSIONAL,N,2026-02-10
100325,VERIFIED,MEDIUM,55390.3,SELF_EMPLOYED,N,2025-02-21
100326,VERIFIED,MEDIUM,76981.05,SALARIED,N,2026-04-25
100327,VERIFIED,LOW,179716.43,STUDENT,N,2025-03-04
100328,VERIFIED,MEDIUM,52818.48,STUDENT,N,2026-04-08
100329,VERIFIED,MEDIUM,143749.29,SALARIED,N,2025-06-16
100330,VERIFIED,MEDIUM,89471.96,PROFESSIONAL,N,2026-05-17
100331,VERIFIED,LOW,190476.38,STUDENT,N,2026-02-27
100332,VERIFIED,LOW,134306.8,SELF_EMPLOYED,N,2026-01-06
100333,VERIFIED,LOW,74846.84,STUDENT,N,2025-05-01
100334,EXPIRED,MEDIUM,71775.08,SALARIED,N,2026-02-04
100335,VERIFIED,MEDIUM,53980.23,STUDENT,N,2026-02-02
100336,EXPIRED,LOW,124866.18,SELF_EMPLOYED,N,2025-03-12
100337,VERIFIED,LOW,45087.67,SALARIED,N,2025-11-12
100338,VERIFIED,LOW,71248.93,SALARIED,N,2025-12-11
100339,VERIFIED,LOW,58353.73,PROFESSIONAL,N,2025-06-09
100340,VERIFIED,LOW,27672.76,SALARIED,N,2026-08-13
100341,VERIFIED,MEDIUM,76363.9,SALARIED,N,2025-12-30
100342,VERIFIED,LOW,24551.5,SALARIED,N,2025-07-04
100343,VERIFIED,LOW,49447.56,SALARIED,N,2026-06-01
100344,VERIFIED,MEDIUM,102093.32,SALARIED,N,2025-09-16
100345,VERIFIED,MEDIUM,73849.83,SALARIED,N,2025-03-10
100346,VERIFIED,LOW,73087.96,SALARIED,N,2026-01-24
100347,VERIFIED,MEDIUM,37719.56,SALARIED,N,2026-02-10
100348,VERIFIED,LOW,130844.36,PROFESSIONAL,N,2025-07-13
100349,VERIFIED,LOW,37197.63,SALARIED,N,2025-03-09
100350,VERIFIED,LOW,104728.91,STUDENT,N,2025-05-17
100351,VERIFIED,MEDIUM,153930.74,RETIRED,N,2026-01-11
100352,VERIFIED,LOW,24468.54,STUDENT,N,2026-08-12
100353,VERIFIED,LOW,50806.9,SALARIED,N,2025-06-18
100354,PENDING,LOW,47859.77,STUDENT,N,2025-02-10
100355,VERIFIED,MEDIUM,79013.92,PROFESSIONAL,N,2026-03-09
100356,VERIFIED,MEDIUM,35838.14,SALARIED,N,2025-06-07
100357,VERIFIED,MEDIUM,31022.85,RETIRED,N,2026-03-10
100358,VERIFIED,LOW,63905.77,SALARIED,N,2026-02-17
100359,VERIFIED,MEDIUM,45948.18,SELF_EMPLOYED,N,2025-10-09
100360,VERIFIED,LOW,60181.85,SALARIED,N,2026-07-01
100361,VERIFIED,HIGH,118214.22,SALARIED,N,2025-11-03
100362,VERIFIED,LOW,23125.52,PROFESSIONAL,N,2025-03-29
100363,VERIFIED,LOW,61454.23,SELF_EMPLOYED,N,2025-07-17
100364,VERIFIED,MEDIUM,45065.31,SELF_EMPLOYED,N,2025-07-22
100365,VERIFIED,HIGH,67196.74,SALARIED,N,2025-06-18
100366,VERIFIED,LOW,45181.58,STUDENT,N,2026-06-14
100367,VERIFIED,LOW,30726.52,SALARIED,N,2026-01-29
100368,VERIFIED,LOW,85432.96,SALARIED,N,2025-04-18
100369,VERIFIED,LOW,400886.33,SALARIED,N,2025-08-07
100370,EXPIRED,LOW,61983.27,SALARIED,N,2025-02-10
100371,VERIFIED,LOW,41274.97,PROFESSIONAL,N,2025-02-03
100372,VERIFIED,LOW,41193.31,SALARIED,N,2025-01-27
100373,VERIFIED,LOW,121487.06,SALARIED,N,2025-01-28
100374,VERIFIED,LOW,37420.59,SALARIED,N,2026-08-07
100375,VERIFIED,LOW,154007.9,SALARIED,N,2025-06-20
100376,VERIFIED,LOW,22835.67,SALARIED,N,2026-06-16
100377,PENDING,HIGH,74982.7,RETIRED,N,2026-03-12
100378,VERIFIED,LOW,101842.18,STUDENT,N,2025-10-31
100379,VERIFIED,MEDIUM,108617.97,STUDENT,N,2026-08-17
100380,VERIFIED,HIGH,103774.85,SELF_EMPLOYED,N,2026-08-13
100381,VERIFIED,LOW,78662.08,RETIRED,N,2026-02-24
100382,VERIFIED,MEDIUM,140060.7,SALARIED,N,2025-03-03
100383,VERIFIED,LOW,34747.76,SALARIED,N,2025-03-17
100384,PENDING,LOW,43534.64,STUDENT,N,2025-01-25
100385,PENDING,LOW,50920.57,PROFESSIONAL,N,2025-10-31
100386,VERIFIED,LOW,173561.2,SALARIED,N,2025-11-14
100387,VERIFIED,HIGH,89592.69,SALARIED,N,2025-11-09
100388,VERIFIED,LOW,103079.42,SALARIED,N,2026-05-19
100389,VERIFIED,LOW,58899.52,SALARIED,N,2025-02-16
100390,VERIFIED,MEDIUM,112524.35,PROFESSIONAL,N,2025-02-17
100391,VERIFIED,LOW,24129.54,SALARIED,N,2026-05-25
100392,VERIFIED,LOW,50726.8,SALARIED,N,2025-08-15
100393,VERIFIED,LOW,57451.72,SALARIED,N,2026-06-01
100394,VERIFIED,LOW,48615.17,PROFESSIONAL,N,2025-04-01
100395,PENDING,LOW,53700.41,SELF_EMPLOYED,N,2026-06-03
100396,VERIFIED,LOW,94415.16,SALARIED,N,2026-04-12
100397,VERIFIED,LOW,77260.18,SALARIED,N,2025-03-05
100398,VERIFIED,LOW,143758.59,SALARIED,N,2025-06-23
100399,VERIFIED,LOW,17050.23,SELF_EMPLOYED,N,2025-09-08
100400,VERIFIED,LOW,174095.91,SALARIED,N,2025-12-21
100401,VERIFIED,LOW,43376.9,SELF_EMPLOYED,N,2025-12-10
100402,VERIFIED,LOW,155653.14,SALARIED,N,2025-01-05
100403,VERIFIED,LOW,50442.94,STUDENT,N,2026-01-17
100404,VERIFIED,MEDIUM,84136.01,PROFESSIONAL,N,2025-10-06
100405,PENDING,LOW,32862.0,SELF_EMPLOYED,N,2025-10-08
100406,VERIFIED,LOW,30016.81,SALARIED,N,2025-02-22
100407,VERIFIED,LOW,96542.1,SALARIED,N,2025-03-11
100408,PENDING,LOW,11711.95,SALARIED,N,2026-08-09
100409,VERIFIED,MEDIUM,30035.54,SALARIED,N,2025-03-31
100410,VERIFIED,MEDIUM,108917.42,SALARIED,N,2026-02-26
100411,VERIFIED,LOW,50546.9,SELF_EMPLOYED,N,2026-03-10
100412,VERIFIED,LOW,37293.35,STUDENT,N,2025-12-25
100413,VERIFIED,LOW,178049.79,SALARIED,N,2025-05-07
100414,VERIFIED,MEDIUM,223763.79,STUDENT,N,2025-08-03
100415,VERIFIED,HIGH,66189.13,SALARIED,N,2026-01-08
100416,VERIFIED,LOW,151437.66,SALARIED,N,2025-01-17
100417,VERIFIED,LOW,177384.28,SALARIED,N,2026-07-22
100418,VERIFIED,LOW,65473.13,SALARIED,N,2025-09-08
100419,EXPIRED,LOW,47432.42,SELF_EMPLOYED,N,2025-07-11
100420,PENDING,LOW,70099.23,SALARIED,N,2025-05-14
100421,VERIFIED,MEDIUM,25708.43,SALARIED,N,2026-09-18
100422,VERIFIED,LOW,95718.31,SELF_EMPLOYED,N,2025-11-21
100423,VERIFIED,HIGH,53415.71,SALARIED,N,2025-09-21
100424,VERIFIED,LOW,68645.71,SALARIED,N,2025-03-09
100425,VERIFIED,LOW,68002.91,PROFESSIONAL,N,2026-10-05
100426,VERIFIED,LOW,38143.48,SALARIED,N,2025-12-29
100427,VERIFIED,LOW,64648.31,SELF_EMPLOYED,N,2025-05-31
100428,VERIFIED,LOW,27347.87,SELF_EMPLOYED,N,2026-06-22
100429,VERIFIED,LOW,48361.76,PROFESSIONAL,N,2025-12-17
100430,VERIFIED,LOW,32091.35,SALARIED,N,2025-09-27
100431,VERIFIED,LOW,37428.42,STUDENT,N,2026-05-30
100432,VERIFIED,HIGH,15253.57,SALARIED,N,2025-02-02
100433,VERIFIED,MEDIUM,50060.35,SALARIED,N,2025-12-10
100434,VERIFIED,MEDIUM,90726.25,SELF_EMPLOYED,N,2026-01-14
100435,VERIFIED,LOW,74277.7,STUDENT,N,2026-06-28
100436,VERIFIED,LOW,133858.23,SELF_EMPLOYED,N,2026-08-31
100437,VERIFIED,MEDIUM,35622.88,SELF_EMPLOYED,N,2025-10-31
100438,VERIFIED,LOW,48477.16,RETIRED,N,2026-09-03
100439,PENDING,LOW,120107.4,SALARIED,N,2025-11-01
100440,VERIFIED,LOW,62549.62,SALARIED,N,2025-09-04
100441,VERIFIED,LOW,74626.43,SELF_EMPLOYED,N,2025-12-13
100442,VERIFIED,LOW,261507.22,SALARIED,N,2025-10-07
100443,PENDING,LOW,56092.99,SALARIED,N,2025-12-01
100444,VERIFIED,MEDIUM,48305.88,SELF_EMPLOYED,N,2025-07-07
100445,VERIFIED,LOW,34702.49,SALARIED,N,2026-09-10
100446,VERIFIED,LOW,54831.03,STUDENT,N,2026-08-14
100447,VERIFIED,LOW,128559.83,SELF_EMPLOYED,N,2026-05-02
100448,VERIFIED,MEDIUM,96069.36,SELF_EMPLOYED,N,2025-05-17
100449,VERIFIED,LOW,167908.25,SALARIED,N,2026-07-07
100450,VERIFIED,MEDIUM,83662.63,RETIRED,N,2025-12-28
100451,VERIFIED,LOW,15420.58,RETIRED,N,2026-02-25
100452,VERIFIED,LOW,99598.74,SELF_EMPLOYED,N,2025-11-15
100453,VERIFIED,LOW,70810.73,SALARIED,N,2026-03-12
100454,VERIFIED,LOW,66244.78,SALARIED,N,2025-02-26
100455,VERIFIED,LOW,146071.22,SALARIED,N,2026-08-06
100456,VERIFIED,LOW,55362.85,SALARIED,N,2025-11-23
100457,VERIFIED,LOW,96450.52,SALARIED,N,2025-12-15
100458,VERIFIED,LOW,32863.47,SALARIED,N,2026-01-02
100459,VERIFIED,LOW,24664.66,RETIRED,N,2026-09-13
100460,VERIFIED,LOW,44836.48,PROFESSIONAL,N,2025-06-29
100461,VERIFIED,MEDIUM,53965.93,SELF_EMPLOYED,N,2025-08-22
100462,VERIFIED,MEDIUM,94487.3,PROFESSIONAL,N,2025-04-24
100463,VERIFIED,LOW,32424.07,SALARIED,N,2026-01-03
100464,VERIFIED,HIGH,176226.35,RETIRED,N,2025-10-18
100465,VERIFIED,LOW,35325.54,SELF_EMPLOYED,N,2025-06-26
100466,VERIFIED,MEDIUM,62487.07,SALARIED,N,2026-09-20
100467,VERIFIED,HIGH,66673.29,SELF_EMPLOYED,N,2025-09-09
100468,VERIFIED,LOW,80379.44,SELF_EMPLOYED,N,2026-09-15
100469,VERIFIED,LOW,88699.68,SELF_EMPLOYED,N,2026-06-12
100470,VERIFIED,MEDIUM,287895.77,SALARIED,N,2025-09-11
100471,VERIFIED,LOW,44724.98,SELF_EMPLOYED,N,2025-12-19
100472,VERIFIED,LOW,81087.13,SALARIED,N,2026-06-02
100473,VERIFIED,MEDIUM,62673.41,PROFESSIONAL,N,2025-05-25
100474,VERIFIED,LOW,125353.81,SELF_EMPLOYED,N,2026-05-20
100475,VERIFIED,LOW,88589.43,SELF_EMPLOYED,N,2026-07-10
100476,VERIFIED,LOW,76331.86,SELF_EMPLOYED,N,2026-09-04
100477,VERIFIED,MEDIUM,25059.77,RETIRED,N,2026-04-13
100478,VERIFIED,LOW,49289.58,SALARIED,N,2026-03-06
100479,VERIFIED,MEDIUM,35074.3,SALARIED,N,2026-07-04
100480,VERIFIED,LOW,49480.46,SELF_EMPLOYED,N,2025-07-11
100481,PENDING,LOW,38683.56,SELF_EMPLOYED,N,2025-12-13
100482,EXPIRED,LOW,47248.74,SELF_EMPLOYED,N,2026-10-02
100483,VERIFIED,LOW,50658.11,RETIRED,N,2025-03-21
100484,VERIFIED,LOW,51235.98,SALARIED,N,2025-08-12
100485,VERIFIED,LOW,54651.94,PROFESSIONAL,N,2026-03-31
100486,VERIFIED,LOW,36198.32,SALARIED,N,2025-03-28
100487,VERIFIED,MEDIUM,67783.21,PROFESSIONAL,N,2026-06-12
100488,EXPIRED,LOW,36819.19,SALARIED,N,2025-11-09
100489,VERIFIED,MEDIUM,44835.01,SALARIED,N,2026-03-30
100490,VERIFIED,MEDIUM,64047.33,RETIRED,N,2026-09-18
100491,VERIFIED,MEDIUM,12356.91,SELF_EMPLOYED,N,2026-09-04
100492,VERIFIED,MEDIUM,334205.51,SELF_EMPLOYED,N,2026-02-24
100493,VERIFIED,LOW,93068.95,SALARIED,N,2025-07-06
100494,VERIFIED,HIGH,81461.97,SALARIED,N,2026-02-04
100495,VERIFIED,MEDIUM,47136.55,SALARIED,N,2026-04-08
100496,VERIFIED,LOW,70338.99,SALARIED,N,2025-08-04
100497,VERIFIED,MEDIUM,30139.04,PROFESSIONAL,N,2026-04-09
100498,VERIFIED,MEDIUM,91003.02,PROFESSIONAL,N,2026-04-22
100499,VERIFIED,MEDIUM,22148.78,SALARIED,N,2025-11-25
100500,VERIFIED,LOW,29004.97,SALARIED,N,2025-04-28
100501,VERIFIED,LOW,41712.04,STUDENT,N,2026-03-11
100502,EXPIRED,MEDIUM,176563.82,SALARIED,N,2025-03-04
100503,VERIFIED,HIGH,32331.1,SALARIED,N,2025-06-21
100504,VERIFIED,LOW,82198.57,SALARIED,N,2026-07-22
100505,VERIFIED,LOW,17312.45,SALARIED,N,2025-01-11
100506,VERIFIED,LOW,67246.87,SALARIED,N,2025-12-04
100507,VERIFIED,MEDIUM,204406.23,SALARIED,N,2025-09-10
100508,VERIFIED,LOW,91597.97,PROFESSIONAL,N,2026-07-31
100509,VERIFIED,HIGH,17197.04,SALARIED,N,2025-05-28
100510,VERIFIED,LOW,68069.26,SALARIED,N,2025-01-24
100511,VERIFIED,LOW,48941.92,PROFESSIONAL,N,2025-11-06
100512,VERIFIED,LOW,146846.73,SALARIED,N,2026-04-03
100513,VERIFIED,LOW,61999.94,SELF_EMPLOYED,N,2025-01-14
100514,PENDING,LOW,25949.77,SALARIED,N,2025-03-24
100515,VERIFIED,MEDIUM,60559.47,SALARIED,N,2025-08-14
100516,VERIFIED,LOW,42086.34,SALARIED,N,2025-04-07
100517,VERIFIED,LOW,16250.21,PROFESSIONAL,N,2025-10-11
100518,VERIFIED,LOW,59085.46,SALARIED,N,2025-05-16
100519,EXPIRED,LOW,66363.16,RETIRED,N,2026-07-10
100520,VERIFIED,LOW,84784.13,SALARIED,N,2025-01-27
100521,VERIFIED,LOW,128204.26,SELF_EMPLOYED,N,2025-01-18
100522,VERIFIED,MEDIUM,55133.56,SELF_EMPLOYED,N,2026-10-05
100523,PENDING,LOW,24938.64,RETIRED,N,2026-08-24
100524,VERIFIED,LOW,38413.07,SALARIED,N,2026-02-27
100525,VERIFIED,LOW,65375.26,SALARIED,N,2025-02-17
100526,VERIFIED,LOW,145785.85,STUDENT,N,2026-08-11
100527,VERIFIED,LOW,66341.4,SALARIED,N,2025-04-23
100528,VERIFIED,LOW,60722.57,SELF_EMPLOYED,N,2025-04-05
100529,VERIFIED,LOW,56745.77,STUDENT,N,2025-01-26
100530,VERIFIED,MEDIUM,65819.89,RETIRED,N,2026-06-02
100531,PENDING,LOW,229071.6,PROFESSIONAL,N,2025-12-06
100532,VERIFIED,LOW,62639.83,SALARIED,N,2025-03-01
100533,VERIFIED,HIGH,55752.12,SELF_EMPLOYED,N,2025-12-11
100534,VERIFIED,LOW,67837.6,SELF_EMPLOYED,Y,2025-03-30
100535,VERIFIED,LOW,42632.68,SALARIED,N,2026-04-14
100536,VERIFIED,MEDIUM,23984.44,SELF_EMPLOYED,N,2026-07-23
100537,VERIFIED,LOW,21354.08,STUDENT,N,2026-08-28
100538,VERIFIED,LOW,41257.64,SELF_EMPLOYED,N,2025-04-26
100539,VERIFIED,MEDIUM,142600.02,SALARIED,N,2025-11-10
100540,VERIFIED,LOW,141295.62,PROFESSIONAL,N,2026-06-07
100541,VERIFIED,LOW,32035.83,SALARIED,N,2026-08-08
100542,VERIFIED,LOW,59706.5,SELF_EMPLOYED,N,2026-08-17
100543,VERIFIED,LOW,72077.3,SALARIED,N,2025-03-28
100544,VERIFIED,MEDIUM,41307.35,SELF_EMPLOYED,N,2025-01-25
100545,VERIFIED,MEDIUM,154917.16,SALARIED,N,2025-09-09
100546,VERIFIED,MEDIUM,108588.3,SALARIED,N,2026-09-01
100547,VERIFIED,LOW,83663.5,SALARIED,N,2025-02-09
100548,VERIFIED,HIGH,69184.62,SELF_EMPLOYED,N,2025-12-24
100549,VERIFIED,MEDIUM,23957.46,RETIRED,N,2025-07-15
100550,VERIFIED,LOW,159856.12,SALARIED,N,2026-02-04
100551,VERIFIED,MEDIUM,96503.43,SELF_EMPLOYED,N,2026-03-12
100552,VERIFIED,MEDIUM,86337.47,SELF_EMPLOYED,N,2026-06-30
100553,VERIFIED,LOW,40959.2,SELF_EMPLOYED,N,2026-05-22
100554,VERIFIED,LOW,43334.79,STUDENT,N,2026-03-13
100555,PENDING,LOW,91259.29,STUDENT,N,2025-10-17
100556,VERIFIED,LOW,135463.24,STUDENT,N,2026-09-19
100557,VERIFIED,LOW,203037.74,SALARIED,N,2025-06-27
100558,PENDING,LOW,41028.1,SALARIED,N,2026-08-21
100559,VERIFIED,LOW,59678.71,SALARIED,N,2025-02-26
100560,PENDING,MEDIUM,16961.21,SALARIED,N,2025-06-13
100561,VERIFIED,MEDIUM,13363.33,SALARIED,N,2025-02-18
100562,VERIFIED,LOW,93046.28,PROFESSIONAL,N,2026-04-27
100563,VERIFIED,LOW,38000.44,STUDENT,N,2026-03-07
100564,VERIFIED,LOW,18350.31,SELF_EMPLOYED,N,2025-09-09
100565,VERIFIED,LOW,31072.38,SELF_EMPLOYED,N,2025-09-21
100566,VERIFIED,MEDIUM,82688.55,SALARIED,N,2025-03-17
100567,VERIFIED,LOW,84926.46,RETIRED,N,2026-02-28
100568,VERIFIED,MEDIUM,22828.94,SALARIED,N,2025-07-17
100569,VERIFIED,LOW,147808.45,SALARIED,N,2026-02-16
100570,VERIFIED,MEDIUM,42099.69,RETIRED,N,2025-02-02
100571,VERIFIED,LOW,79117.66,PROFESSIONAL,N,2025-01-25
100572,VERIFIED,LOW,67809.51,SALARIED,N,2025-12-07
100573,VERIFIED,LOW,65675.9,SELF_EMPLOYED,N,2025-07-14
100574,VERIFIED,LOW,35989.77,SELF_EMPLOYED,N,2025-01-03
100575,VERIFIED,LOW,65133.46,STUDENT,N,2026-06-26
100576,VERIFIED,LOW,78833.25,SALARIED,N,2025-04-24
100577,VERIFIED,LOW,58130.43,SALARIED,N,2026-04-01
100578,VERIFIED,LOW,70657.59,SELF_EMPLOYED,Y,2026-10-10
100579,VERIFIED,LOW,135426.04,RETIRED,N,2025-09-07
100580,PENDING,LOW,48712.15,SALARIED,N,2026-09-04
100581,VERIFIED,LOW,101182.66,SELF_EMPLOYED,N,2025-04-11
100582,VERIFIED,LOW,57712.71,SALARIED,N,2026-01-27
100583,VERIFIED,LOW,167034.01,SALARIED,N,2026-08-07
100584,VERIFIED,LOW,26532.2,SELF_EMPLOYED,N,2026-10-02
100585,VERIFIED,LOW,154426.37,SELF_EMPLOYED,N,2025-07-07
100586,PENDING,LOW,46837.08,PROFESSIONAL,N,2025-10-29
100587,VERIFIED,LOW,261100.54,SALARIED,N,2026-02-13
100588,VERIFIED,LOW,87810.03,PROFESSIONAL,N,2025-11-11
100589,PENDING,LOW,114997.02,SALARIED,N,2025-11-20
100590,VERIFIED,LOW,59599.56,SALARIED,N,2025-10-16
100591,VERIFIED,LOW,102998.19,SALARIED,N,2025-03-28
100592,VERIFIED,LOW,102970.93,SALARIED,N,2025-01-24
100593,VERIFIED,LOW,60320.69,SALARIED,N,2026-08-19
100594,VERIFIED,LOW,108748.44,SALARIED,N,2025-08-11
100595,VERIFIED,MEDIUM,7445.99,SALARIED,N,2025-12-29
100596,VERIFIED,MEDIUM,43534.46,SALARIED,N,2025-12-08
100597,VERIFIED,LOW,67098.12,SELF_EMPLOYED,N,2025-03-08
100598,PENDING,MEDIUM,91695.67,SALARIED,N,2025-11-30
100599,VERIFIED,MEDIUM,124468.65,SALARIED,N,2026-06-03
100600,VERIFIED,MEDIUM,56148.05,RETIRED,N,2025-11-27
100601,VERIFIED,LOW,51339.16,PROFESSIONAL,N,2026-04-15
100602,VERIFIED,MEDIUM,116598.3,SALARIED,N,2025-08-20
100603,VERIFIED,LOW,139875.17,SALARIED,N,2026-06-25
100604,VERIFIED,LOW,107034.94,SALARIED,N,2026-04-11
100605,VERIFIED,LOW,59905.53,RETIRED,N,2025-12-29
100606,VERIFIED,LOW,346822.8,SELF_EMPLOYED,N,2026-09-10
100607,VERIFIED,LOW,69673.81,SELF_EMPLOYED,N,2025-02-28
100608,VERIFIED,LOW,76166.8,SALARIED,N,2026-06-05
100609,VERIFIED,MEDIUM,191264.21,SALARIED,N,2025-12-14
100610,VERIFIED,LOW,178659.17,STUDENT,N,2025-07-29
100611,VERIFIED,LOW,104807.74,SALARIED,N,2026-06-01
100612,VERIFIED,LOW,36824.29,SALARIED,Y,2025-07-05
100613,VERIFIED,LOW,71198.69,SALARIED,N,2026-03-15
100614,VERIFIED,LOW,92626.97,SELF_EMPLOYED,N,2026-07-29
100615,VERIFIED,MEDIUM,235353.03,SALARIED,N,2026-01-09
100616,VERIFIED,LOW,450151.71,SALARIED,N,2025-05-22
100617,VERIFIED,HIGH,44830.33,SALARIED,N,2026-04-02
100618,VERIFIED,LOW,115177.57,SALARIED,N,2025-03-18
100619,VERIFIED,LOW,38958.71,RETIRED,N,2025-05-02
100620,VERIFIED,LOW,61012.63,SALARIED,N,2025-06-22
100621,VERIFIED,MEDIUM,37651.39,PROFESSIONAL,N,2025-07-21
100622,EXPIRED,MEDIUM,195829.97,SALARIED,N,2025-12-16
100623,VERIFIED,MEDIUM,77233.72,PROFESSIONAL,N,2026-02-05
100624,VERIFIED,LOW,80076.47,SALARIED,N,2025-01-05
100625,VERIFIED,LOW,68324.12,SALARIED,N,2026-07-23
100626,VERIFIED,LOW,84507.37,SELF_EMPLOYED,N,2025-05-08
100627,VERIFIED,HIGH,86405.32,SALARIED,N,2026-08-29
100628,VERIFIED,LOW,42388.05,PROFESSIONAL,N,2025-06-16
100629,VERIFIED,LOW,22090.9,PROFESSIONAL,N,2026-10-11
100630,VERIFIED,LOW,27922.2,SALARIED,N,2025-12-29
100631,VERIFIED,LOW,23226.36,SALARIED,N,2026-07-05
100632,PENDING,MEDIUM,75108.78,SALARIED,N,2026-04-19
100633,VERIFIED,MEDIUM,38921.0,SALARIED,N,2025-11-22
100634,VERIFIED,LOW,125124.59,SALARIED,N,2026-10-01
100635,PENDING,MEDIUM,77375.91,SELF_EMPLOYED,N,2025-10-15
100636,VERIFIED,HIGH,20069.9,PROFESSIONAL,N,2025-05-10
100637,VERIFIED,MEDIUM,50674.92,STUDENT,N,2025-11-23
100638,VERIFIED,LOW,16649.73,SALARIED,N,2026-03-30
100639,VERIFIED,MEDIUM,31453.56,SALARIED,N,2026-04-21
100640,VERIFIED,MEDIUM,48113.85,SELF_EMPLOYED,N,2025-05-29
100641,PENDING,MEDIUM,35793.18,SALARIED,N,2026-05-03
100642,EXPIRED,MEDIUM,225301.72,SELF_EMPLOYED,N,2026-01-24
100643,VERIFIED,LOW,107658.25,SALARIED,N,2025-05-27
100644,VERIFIED,LOW,53472.1,SALARIED,N,2025-06-16
100645,VERIFIED,LOW,167288.38,SALARIED,N,2026-05-28
100646,VERIFIED,LOW,35122.47,SALARIED,N,2025-10-29
100647,VERIFIED,MEDIUM,53320.82,SALARIED,N,2025-12-08
100648,VERIFIED,HIGH,115270.66,SELF_EMPLOYED,N,2025-11-07
100649,PENDING,LOW,32043.3,SALARIED,N,2026-01-24
100650,VERIFIED,LOW,103287.61,SELF_EMPLOYED,N,2026-09-15
100651,VERIFIED,MEDIUM,80042.2,SELF_EMPLOYED,N,2026-03-07
100652,VERIFIED,LOW,96979.0,SALARIED,N,2025-06-18
100653,VERIFIED,LOW,212843.56,SALARIED,N,2025-11-29
100654,VERIFIED,MEDIUM,88973.88,STUDENT,N,2026-06-21
100655,VERIFIED,LOW,71820.57,SALARIED,N,2026-09-01
100656,VERIFIED,MEDIUM,25002.2,SALARIED,N,2026-04-20
100657,VERIFIED,LOW,75863.08,SELF_EMPLOYED,N,2025-11-02
100658,VERIFIED,MEDIUM,48437.8,SALARIED,N,2025-12-22
100659,VERIFIED,LOW,61081.65,SALARIED,N,2026-05-14
100660,VERIFIED,LOW,48643.26,SALARIED,N,2026-04-06
100661,VERIFIED,LOW,91079.06,SALARIED,N,2025-12-21
100662,VERIFIED,LOW,34755.68,SELF_EMPLOYED,N,2025-08-21
100663,VERIFIED,LOW,75950.19,SALARIED,N,2026-03-19
100664,VERIFIED,MEDIUM,33623.39,SALARIED,N,2026-02-14
100665,VERIFIED,LOW,20554.21,STUDENT,N,2026-03-05
100666,VERIFIED,MEDIUM,52990.75,SALARIED,N,2025-04-05
100667,VERIFIED,MEDIUM,89458.52,SELF_EMPLOYED,N,2026-09-27
100668,VERIFIED,LOW,39932.79,PROFESSIONAL,N,2026-05-28
100669,VERIFIED,LOW,72314.79,SALARIED,N,2026-05-20
100670,VERIFIED,LOW,52263.99,PROFESSIONAL,N,2025-08-07
100671,VERIFIED,MEDIUM,33758.11,SELF_EMPLOYED,N,2025-01-16
100672,VERIFIED,LOW,95058.01,SALARIED,N,2026-10-03
100673,VERIFIED,LOW,43331.64,STUDENT,N,2025-12-03
100674,VERIFIED,MEDIUM,84415.35,SALARIED,N,2025-10-10
100675,VERIFIED,LOW,25613.6,SALARIED,N,2025-04-21
100676,VERIFIED,LOW,72325.12,SELF_EMPLOYED,N,2026-08-28
100677,VERIFIED,LOW,99261.08,SELF_EMPLOYED,N,2025-12-03
100678,VERIFIED,LOW,83170.85,SALARIED,N,2025-06-18
100679,VERIFIED,MEDIUM,118202.16,SELF_EMPLOYED,N,2025-07-12
100680,VERIFIED,MEDIUM,100666.78,SELF_EMPLOYED,N,2025-07-09
100681,VERIFIED,LOW,80377.59,SALARIED,N,2026-01-24
100682,VERIFIED,MEDIUM,114680.73,SALARIED,N,2026-06-06
100683,VERIFIED,LOW,51899.14,SALARIED,N,2025-11-05
100684,VERIFIED,LOW,92858.39,SELF_EMPLOYED,N,2026-07-28
100685,VERIFIED,LOW,67114.62,RETIRED,N,2026-03-30
100686,VERIFIED,LOW,220333.94,SALARIED,N,2025-11-14
100687,VERIFIED,MEDIUM,79044.94,SALARIED,N,2026-07-30
100688,VERIFIED,LOW,28694.22,STUDENT,N,2025-02-11
100689,VERIFIED,LOW,78000.59,SALARIED,N,2025-04-25
100690,VERIFIED,LOW,35657.28,SELF_EMPLOYED,Y,2025-08-16
100691,VERIFIED,MEDIUM,106246.6,SALARIED,N,2025-02-26
100692,VERIFIED,LOW,107497.44,SELF_EMPLOYED,N,2026-06-08
100693,VERIFIED,MEDIUM,44538.27,SALARIED,N,2026-01-20
100694,VERIFIED,LOW,33705.24,PROFESSIONAL,N,2025-11-08
100695,VERIFIED,LOW,72135.2,SALARIED,N,2025-10-07
100696,PENDING,MEDIUM,36769.51,SALARIED,N,2026-04-12
100697,VERIFIED,LOW,38369.04,SELF_EMPLOYED,N,2026-04-20
100698,VERIFIED,LOW,47622.43,STUDENT,Y,2025-09-03
100699,VERIFIED,LOW,99290.2,PROFESSIONAL,N,2025-12-24
100700,VERIFIED,LOW,25221.22,SALARIED,N,2025-01-22
100701,VERIFIED,LOW,40521.4,SALARIED,N,2026-05-21
100702,VERIFIED,MEDIUM,314638.38,SALARIED,N,2026-03-16
100703,VERIFIED,LOW,235619.29,STUDENT,N,2025-06-28
100704,VERIFIED,MEDIUM,145272.88,SALARIED,N,2025-07-13
100705,PENDING,LOW,68081.7,PROFESSIONAL,N,2025-02-16
100706,VERIFIED,MEDIUM,107882.32,SELF_EMPLOYED,N,2025-11-13
100707,VERIFIED,MEDIUM,51530.82,PROFESSIONAL,N,2026-07-15
100708,VERIFIED,MEDIUM,11406.17,SELF_EMPLOYED,N,2026-08-16
100709,VERIFIED,MEDIUM,45677.53,SALARIED,N,2026-02-20
100710,VERIFIED,MEDIUM,48625.97,SALARIED,N,2025-05-25
100711,VERIFIED,HIGH,67396.5,SALARIED,N,2025-04-20
100712,VERIFIED,MEDIUM,90574.9,SALARIED,N,2025-08-16
100713,VERIFIED,MEDIUM,193513.51,SALARIED,N,2025-05-05
100714,VERIFIED,LOW,67552.27,STUDENT,N,2025-04-12
100715,VERIFIED,MEDIUM,34465.4,SALARIED,N,2025-04-15
100716,VERIFIED,LOW,58258.6,SALARIED,N,2025-01-24
100717,VERIFIED,HIGH,100575.98,SALARIED,N,2025-01-04
100718,VERIFIED,MEDIUM,61516.39,SALARIED,N,2025-09-26
100719,VERIFIED,LOW,39250.22,SALARIED,N,2026-08-07
100720,VERIFIED,LOW,93057.49,SELF_EMPLOYED,N,2025-03-06
100721,VERIFIED,LOW,31482.32,SELF_EMPLOYED,N,2026-06-13
100722,VERIFIED,LOW,37381.38,SELF_EMPLOYED,N,2025-07-14
100723,VERIFIED,MEDIUM,86721.76,STUDENT,N,2026-04-08
100724,VERIFIED,LOW,39720.09,SALARIED,N,2026-07-06
100725,VERIFIED,LOW,52619.52,SELF_EMPLOYED,N,2026-01-20
100726,VERIFIED,LOW,66858.85,SELF_EMPLOYED,N,2025-01-28
100727,VERIFIED,MEDIUM,64392.5,SELF_EMPLOYED,N,2025-03-08
100728,VERIFIED,LOW,35277.78,SALARIED,N,2026-02-16
100729,VERIFIED,LOW,81942.47,SALARIED,N,2025-12-31
100730,VERIFIED,LOW,36446.08,SALARIED,N,2025-09-10
100731,VERIFIED,LOW,193478.19,SALARIED,N,2026-01-13
100732,VERIFIED,MEDIUM,50975.11,SELF_EMPLOYED,N,2025-09-11
100733,VERIFIED,MEDIUM,98236.32,SALARIED,N,2025-02-22
100734,VERIFIED,LOW,106568.6,STUDENT,N,2025-11-22
100735,VERIFIED,MEDIUM,52540.12,RETIRED,N,2025-03-26
100736,VERIFIED,MEDIUM,35291.46,SALARIED,N,2025-08-13
100737,VERIFIED,LOW,106327.51,RETIRED,N,2025-11-18
100738,VERIFIED,LOW,26247.12,SALARIED,N,2025-02-22
100739,VERIFIED,LOW,28988.04,SALARIED,N,2026-07-15
100740,VERIFIED,LOW,98178.1,STUDENT,N,2026-07-30
100741,VERIFIED,LOW,58075.07,SALARIED,N,2025-02-22
100742,VERIFIED,MEDIUM,41794.52,SALARIED,N,2025-05-06
100743,VERIFIED,LOW,47851.81,SALARIED,N,2025-07-18
100744,VERIFIED,MEDIUM,39455.48,SELF_EMPLOYED,N,2026-03-21
100745,VERIFIED,LOW,273141.11,SALARIED,N,2025-01-24
100746,VERIFIED,LOW,128277.89,PROFESSIONAL,N,2026-05-05
100747,VERIFIED,MEDIUM,38723.25,PROFESSIONAL,N,2026-01-27
100748,VERIFIED,MEDIUM,54002.1,STUDENT,N,2025-05-15
100749,VERIFIED,HIGH,97531.47,STUDENT,N,2025-11-09
100750,VERIFIED,LOW,35091.94,SALARIED,N,2025-04-14
100751,VERIFIED,LOW,46019.9,SELF_EMPLOYED,N,2025-06-29
100752,VERIFIED,LOW,54514.57,STUDENT,N,2026-08-17
100753,VERIFIED,LOW,37313.16,SALARIED,N,2025-01-12
100754,VERIFIED,LOW,134950.47,RETIRED,N,2025-01-17
100755,VERIFIED,MEDIUM,41592.13,PROFESSIONAL,N,2025-11-12
100756,VERIFIED,LOW,61347.93,STUDENT,N,2025-10-11
100757,VERIFIED,MEDIUM,71384.9,SALARIED,N,2026-06-04
100758,VERIFIED,MEDIUM,185534.13,SALARIED,N,2025-02-15
100759,VERIFIED,LOW,62561.54,STUDENT,N,2025-12-22
100760,VERIFIED,LOW,265407.23,SALARIED,N,2025-10-04
100761,VERIFIED,MEDIUM,52273.73,STUDENT,N,2025-12-16
100762,VERIFIED,LOW,57324.8,SALARIED,N,2025-05-05
100763,VERIFIED,LOW,121665.26,SALARIED,N,2026-08-27
100764,VERIFIED,LOW,230510.14,SELF_EMPLOYED,N,2026-08-20
100765,VERIFIED,LOW,55718.85,STUDENT,N,2026-01-07
100766,VERIFIED,LOW,147783.35,SALARIED,N,2025-07-24
100767,VERIFIED,LOW,114785.69,SELF_EMPLOYED,N,2025-07-08
100768,VERIFIED,LOW,40355.97,SALARIED,N,2026-06-03
100769,VERIFIED,MEDIUM,65397.32,SALARIED,N,2025-04-27
100770,VERIFIED,LOW,64444.44,PROFESSIONAL,N,2025-09-01
100771,VERIFIED,LOW,33843.83,PROFESSIONAL,N,2025-03-16
100772,VERIFIED,LOW,73623.35,STUDENT,N,2025-12-11
100773,VERIFIED,LOW,69703.64,SALARIED,N,2025-10-23
100774,EXPIRED,LOW,84421.34,SALARIED,N,2026-03-16
100775,VERIFIED,LOW,69244.19,SELF_EMPLOYED,N,2026-07-04
100776,VERIFIED,MEDIUM,42884.96,SALARIED,N,2026-03-13
100777,VERIFIED,LOW,324488.46,SELF_EMPLOYED,N,2025-01-26
100778,VERIFIED,MEDIUM,76192.84,SALARIED,N,2026-07-07
100779,VERIFIED,LOW,154035.03,PROFESSIONAL,N,2025-06-02
100780,VERIFIED,LOW,87969.46,SALARIED,N,2025-07-26
100781,VERIFIED,MEDIUM,176228.99,SELF_EMPLOYED,N,2025-10-30
100782,VERIFIED,MEDIUM,39957.97,SALARIED,N,2025-11-13
100783,VERIFIED,LOW,62455.33,SALARIED,N,2026-07-15
100784,VERIFIED,LOW,49451.86,SALARIED,N,2026-06-27
100785,VERIFIED,LOW,45625.52,SALARIED,N,2025-04-09
100786,PENDING,MEDIUM,78738.24,SALARIED,N,2025-07-28
100787,VERIFIED,LOW,56385.08,SALARIED,N,2025-11-28
100788,PENDING,LOW,26169.48,SALARIED,N,2025-05-17
100789,VERIFIED,LOW,54351.54,SALARIED,N,2025-08-05
100790,VERIFIED,MEDIUM,51487.82,SALARIED,N,2025-06-30
100791,VERIFIED,LOW,117298.74,SALARIED,N,2025-07-25
100792,VERIFIED,LOW,25835.34,SELF_EMPLOYED,N,2025-08-02
100793,VERIFIED,MEDIUM,47411.33,SALARIED,N,2026-04-16
100794,VERIFIED,MEDIUM,40629.32,SALARIED,N,2025-04-13
100795,VERIFIED,MEDIUM,107390.06,SALARIED,N,2026-07-07
100796,VERIFIED,LOW,46418.54,SALARIED,N,2025-04-29
100797,VERIFIED,LOW,130605.89,PROFESSIONAL,N,2026-07-19
100798,VERIFIED,LOW,64176.8,SELF_EMPLOYED,N,2025-02-04
100799,VERIFIED,MEDIUM,90976.19,SALARIED,N,2026-09-03
100800,VERIFIED,LOW,135768.5,SALARIED,N,2025-05-25
100801,VERIFIED,LOW,30291.14,SALARIED,N,2025-01-08
100802,VERIFIED,MEDIUM,56349.85,STUDENT,N,2026-08-13
100803,PENDING,LOW,87004.41,SALARIED,N,2025-03-17
100804,VERIFIED,MEDIUM,75253.94,SALARIED,N,2026-02-02
100805,VERIFIED,LOW,28479.86,PROFESSIONAL,N,2026-04-27
100806,PENDING,LOW,104061.22,SALARIED,N,2025-08-04
100807,VERIFIED,LOW,68255.96,SALARIED,N,2026-07-31
100808,VERIFIED,LOW,71922.76,PROFESSIONAL,N,2026-06-05
100809,VERIFIED,HIGH,57303.67,SALARIED,N,2025-01-21
100810,VERIFIED,MEDIUM,8365.2,SALARIED,N,2026-01-25
100811,VERIFIED,LOW,94329.34,SALARIED,N,2026-03-01
100812,VERIFIED,LOW,96975.64,PROFESSIONAL,N,2025-05-02
100813,VERIFIED,LOW,50315.4,SALARIED,N,2026-06-23
100814,VERIFIED,MEDIUM,25211.65,SALARIED,N,2026-02-08
100815,VERIFIED,LOW,46722.48,SALARIED,N,2026-01-08
100816,VERIFIED,LOW,126341.83,SALARIED,N,2026-09-01
100817,VERIFIED,LOW,50761.81,SALARIED,N,2026-03-22
100818,EXPIRED,LOW,67146.9,SALARIED,N,2025-02-19
100819,VERIFIED,LOW,53272.86,SELF_EMPLOYED,N,2026-05-21
100820,VERIFIED,HIGH,81226.69,SELF_EMPLOYED,N,2026-10-06
100821,VERIFIED,MEDIUM,28114.76,SALARIED,N,2025-12-18
100822,VERIFIED,HIGH,58019.64,SALARIED,N,2025-10-03
100823,VERIFIED,LOW,134939.36,PROFESSIONAL,N,2025-03-23
100824,VERIFIED,LOW,36457.55,SALARIED,N,2025-11-14
100825,VERIFIED,HIGH,55346.87,SELF_EMPLOYED,N,2025-01-22
100826,VERIFIED,LOW,131190.17,SALARIED,N,2025-01-15
100827,PENDING,MEDIUM,107511.81,SELF_EMPLOYED,N,2025-04-05
100828,VERIFIED,LOW,88792.02,SALARIED,N,2025-06-21
100829,VERIFIED,MEDIUM,85199.75,SALARIED,N,2026-02-10
100830,VERIFIED,MEDIUM,84327.47,SELF_EMPLOYED,N,2025-09-02
100831,VERIFIED,MEDIUM,56965.25,SALARIED,N,2026-05-07
100832,VERIFIED,MEDIUM,135453.06,SALARIED,N,2026-09-22
100833,VERIFIED,LOW,48798.59,SALARIED,N,2026-06-10
100834,VERIFIED,LOW,34672.85,SALARIED,N,2026-04-25
100835,VERIFIED,LOW,26915.49,PROFESSIONAL,N,2026-01-08
100836,VERIFIED,HIGH,44319.8,SALARIED,N,2026-09-03
100837,VERIFIED,LOW,43954.29,SALARIED,N,2025-05-21
100838,VERIFIED,LOW,41672.52,SALARIED,N,2026-04-22
100839,PENDING,LOW,30817.98,PROFESSIONAL,N,2026-08-02
100840,VERIFIED,MEDIUM,84382.65,STUDENT,N,2026-07-05
100841,VERIFIED,MEDIUM,35767.19,STUDENT,N,2025-07-11
100842,VERIFIED,MEDIUM,94513.3,STUDENT,N,2025-01-21
100843,VERIFIED,LOW,105730.97,STUDENT,N,2026-07-24
100844,VERIFIED,MEDIUM,352374.85,RETIRED,N,2026-07-16
100845,VERIFIED,LOW,49242.36,SALARIED,N,2026-02-16
100846,VERIFIED,MEDIUM,59647.66,SELF_EMPLOYED,N,2026-06-13
100847,VERIFIED,MEDIUM,40736.71,SALARIED,N,2025-12-15
100848,VERIFIED,LOW,30899.31,STUDENT,N,2026-01-21
100849,VERIFIED,LOW,50354.26,SALARIED,N,2025-06-11
100850,PENDING,LOW,39958.52,SELF_EMPLOYED,N,2026-04-02
100851,VERIFIED,LOW,30649.73,SALARIED,N,2026-06-09
100852,VERIFIED,LOW,77175.39,SELF_EMPLOYED,N,2026-05-17
100853,VERIFIED,LOW,32964.49,PROFESSIONAL,N,2025-01-17
100854,VERIFIED,LOW,95590.09,SALARIED,N,2025-02-03
100855,VERIFIED,LOW,115415.1,RETIRED,N,2026-07-02
100856,VERIFIED,LOW,37719.42,SALARIED,N,2025-06-11
100857,VERIFIED,LOW,164231.77,SELF_EMPLOYED,N,2026-02-18
100858,VERIFIED,MEDIUM,85885.7,STUDENT,N,2026-09-02
100859,VERIFIED,LOW,63109.44,SELF_EMPLOYED,N,2025-12-04
100860,VERIFIED,MEDIUM,20824.51,SALARIED,N,2025-07-15
100861,VERIFIED,HIGH,21729.52,SALARIED,N,2026-09-16
100862,VERIFIED,LOW,183915.57,PROFESSIONAL,N,2025-03-09
100863,VERIFIED,MEDIUM,156024.02,SALARIED,N,2025-11-10
100864,VERIFIED,HIGH,187167.12,SALARIED,N,2026-03-21
100865,VERIFIED,MEDIUM,221291.14,SALARIED,N,2025-01-17
100866,VERIFIED,LOW,161710.29,SALARIED,N,2025-09-04
100867,VERIFIED,LOW,77261.21,SALARIED,N,2025-02-28
100868,EXPIRED,LOW,95213.3,RETIRED,N,2026-06-21
100869,VERIFIED,MEDIUM,42412.02,SELF_EMPLOYED,N,2025-10-09
100870,VERIFIED,MEDIUM,77272.17,RETIRED,N,2026-01-12
100871,PENDING,LOW,107435.42,SELF_EMPLOYED,N,2026-09-07
100872,VERIFIED,LOW,108786.06,PROFESSIONAL,Y,2026-10-07
100873,VERIFIED,LOW,60989.5,SALARIED,N,2025-01-27
100874,VERIFIED,MEDIUM,17689.88,SELF_EMPLOYED,N,2026-04-11
100875,VERIFIED,LOW,24745.28,SALARIED,N,2025-01-18
100876,VERIFIED,LOW,90165.45,SALARIED,N,2026-02-27
100877,VERIFIED,LOW,47644.13,SALARIED,N,2026-10-02
100878,VERIFIED,LOW,101965.74,SELF_EMPLOYED,N,2025-11-18
100879,PENDING,MEDIUM,29995.43,SELF_EMPLOYED,N,2026-03-03
100880,VERIFIED,LOW,160336.65,SALARIED,N,2025-02-11
100881,VERIFIED,LOW,35973.81,STUDENT,N,2025-01-16
100882,VERIFIED,MEDIUM,172773.7,STUDENT,N,2025-01-22
100883,VERIFIED,LOW,24137.53,PROFESSIONAL,N,2026-02-10
100884,EXPIRED,LOW,97946.19,SELF_EMPLOYED,N,2026-05-02
100885,VERIFIED,MEDIUM,36117.9,SELF_EMPLOYED,N,2025-12-16
100886,VERIFIED,MEDIUM,65790.91,SALARIED,N,2026-05-10
100887,VERIFIED,LOW,133201.9,SALARIED,N,2025-04-23
100888,VERIFIED,MEDIUM,118913.3,SALARIED,N,2025-05-17
100889,VERIFIED,LOW,38753.84,RETIRED,N,2025-03-28
100890,VERIFIED,LOW,44437.15,SELF_EMPLOYED,N,2025-12-25
100891,VERIFIED,MEDIUM,23806.11,SALARIED,N,2025-08-27
100892,VERIFIED,LOW,20644.62,SALARIED,N,2025-08-01
100893,VERIFIED,LOW,38483.77,SALARIED,N,2026-02-13
100894,VERIFIED,LOW,37965.28,SALARIED,N,2026-04-23
100895,VERIFIED,LOW,24857.33,PROFESSIONAL,N,2025-11-30
100896,VERIFIED,LOW,57904.82,SELF_EMPLOYED,N,2026-06-17
100897,VERIFIED,HIGH,64791.81,PROFESSIONAL,N,2026-06-10
100898,VERIFIED,LOW,65602.29,SELF_EMPLOYED,N,2025-10-15
100899,VERIFIED,MEDIUM,39366.29,STUDENT,N,2025-05-25
100900,VERIFIED,LOW,45415.37,SALARIED,N,2026-03-25
100901,VERIFIED,LOW,53856.18,SALARIED,N,2026-01-17
100902,VERIFIED,MEDIUM,112541.98,SELF_EMPLOYED,N,2025-08-23
100903,VERIFIED,LOW,42620.61,RETIRED,N,2026-08-19
100904,VERIFIED,HIGH,22222.12,SALARIED,N,2025-12-06
100905,VERIFIED,MEDIUM,53704.01,SALARIED,N,2025-05-08
100906,VERIFIED,MEDIUM,49835.0,SALARIED,N,2026-04-27
100907,VERIFIED,LOW,23160.58,RETIRED,N,2025-10-29
100908,VERIFIED,LOW,51045.02,SALARIED,N,2025-03-21
100909,PENDING,LOW,37227.72,SALARIED,N,2026-03-03
100910,VERIFIED,HIGH,62904.01,STUDENT,N,2025-01-12
100911,VERIFIED,LOW,86931.27,STUDENT,N,2026-03-13
100912,EXPIRED,MEDIUM,46687.49,SALARIED,N,2026-02-25
100913,VERIFIED,LOW,92243.76,SALARIED,N,2026-03-17
100914,VERIFIED,MEDIUM,54232.41,SALARIED,N,2026-05-28
100915,VERIFIED,HIGH,55718.13,SALARIED,N,2025-01-22
100916,VERIFIED,MEDIUM,54125.33,SALARIED,N,2026-02-12
100917,VERIFIED,LOW,58334.33,SALARIED,N,2026-02-26
100918,VERIFIED,MEDIUM,27045.45,PROFESSIONAL,N,2025-04-29
100919,VERIFIED,LOW,20153.12,SALARIED,N,2026-09-16
100920,VERIFIED,MEDIUM,136853.29,SELF_EMPLOYED,N,2025-11-24
100921,VERIFIED,LOW,75925.98,SALARIED,N,2026-04-12
100922,VERIFIED,MEDIUM,46503.94,SALARIED,N,2025-09-21
100923,VERIFIED,LOW,132074.09,SALARIED,N,2026-02-03
100924,PENDING,MEDIUM,425858.26,SALARIED,N,2026-09-06
100925,VERIFIED,LOW,24958.33,SALARIED,N,2025-01-05
100926,VERIFIED,LOW,64516.82,SALARIED,N,2026-03-26
100927,VERIFIED,LOW,102093.07,SALARIED,N,2026-05-22
100928,VERIFIED,LOW,22934.33,SALARIED,N,2025-12-04
100929,VERIFIED,HIGH,24531.44,SALARIED,N,2026-06-28
100930,PENDING,MEDIUM,122923.2,SALARIED,N,2025-09-16
100931,VERIFIED,LOW,63879.94,PROFESSIONAL,N,2026-07-11
100932,VERIFIED,LOW,42154.85,PROFESSIONAL,N,2025-08-09
100933,VERIFIED,MEDIUM,22777.97,SALARIED,N,2025-12-20
100934,VERIFIED,LOW,81804.64,RETIRED,Y,2025-03-29
100935,VERIFIED,LOW,26609.41,SALARIED,N,2025-02-24
100936,VERIFIED,MEDIUM,34121.55,PROFESSIONAL,N,2026-04-02
100937,VERIFIED,LOW,35552.76,SALARIED,N,2025-08-03
100938,VERIFIED,LOW,53089.72,SALARIED,N,2025-12-17
100939,VERIFIED,LOW,32347.24,SALARIED,N,2025-08-02
100940,VERIFIED,LOW,35687.99,SALARIED,N,2025-02-20
100941,VERIFIED,LOW,122300.91,SELF_EMPLOYED,N,2026-03-12
100942,VERIFIED,LOW,73800.81,SALARIED,N,2025-09-24
100943,VERIFIED,HIGH,66835.9,STUDENT,N,2026-07-20
100944,VERIFIED,MEDIUM,87862.54,SALARIED,N,2026-05-14
100945,PENDING,MEDIUM,33244.52,SALARIED,N,2026-09-01
100946,VERIFIED,MEDIUM,83805.66,SALARIED,N,2025-04-05
100947,VERIFIED,LOW,87328.26,STUDENT,N,2025-09-10
100948,VERIFIED,LOW,34016.91,SALARIED,N,2026-05-21
100949,VERIFIED,LOW,97523.88,SALARIED,N,2025-06-05
100950,VERIFIED,LOW,77126.05,SELF_EMPLOYED,N,2025-10-25
100951,VERIFIED,LOW,78473.08,SALARIED,N,2025-02-13
100952,VERIFIED,LOW,195448.85,SALARIED,N,2025-02-15
100953,PENDING,LOW,71648.92,SALARIED,N,2025-06-14
100954,VERIFIED,LOW,36307.59,STUDENT,N,2026-09-04
100955,VERIFIED,MEDIUM,72019.88,PROFESSIONAL,N,2025-02-04
100956,EXPIRED,HIGH,66744.5,SALARIED,N,2025-05-01
100957,VERIFIED,LOW,32187.12,SELF_EMPLOYED,N,2025-10-17
100958,VERIFIED,LOW,17754.91,SALARIED,N,2025-01-28
100959,VERIFIED,LOW,63427.49,STUDENT,N,2025-03-29
100960,VERIFIED,MEDIUM,122152.35,SALARIED,N,2025-12-11
100961,VERIFIED,LOW,122902.43,SALARIED,N,2026-07-24
100962,VERIFIED,MEDIUM,79509.8,STUDENT,N,2025-04-07
100963,VERIFIED,LOW,183602.68,SALARIED,N,2025-06-17
100964,VERIFIED,MEDIUM,74119.05,STUDENT,N,2025-02-01
100965,VERIFIED,MEDIUM,58210.44,SELF_EMPLOYED,N,2025-04-09
100966,VERIFIED,LOW,75557.45,SALARIED,N,2026-03-14
100967,VERIFIED,HIGH,41090.43,SALARIED,N,2025-02-26
100968,VERIFIED,LOW,29035.32,SELF_EMPLOYED,N,2025-03-12
100969,VERIFIED,LOW,35025.53,SELF_EMPLOYED,N,2025-04-03
100970,VERIFIED,LOW,48456.02,SALARIED,N,2026-09-20
100971,VERIFIED,LOW,116193.26,SALARIED,N,2026-09-17
100972,VERIFIED,MEDIUM,25833.06,SELF_EMPLOYED,N,2026-06-12
100973,VERIFIED,LOW,35131.46,SALARIED,N,2025-04-14
100974,VERIFIED,MEDIUM,111685.34,SELF_EMPLOYED,N,2026-07-21
100975,VERIFIED,MEDIUM,52473.09,SALARIED,N,2026-07-10
100976,VERIFIED,MEDIUM,58129.87,RETIRED,N,2026-03-11
100977,PENDING,LOW,51864.57,SELF_EMPLOYED,N,2026-03-27
100978,VERIFIED,LOW,232395.29,SALARIED,Y,2025-12-21
100979,VERIFIED,MEDIUM,95243.52,RETIRED,N,2025-07-15
100980,VERIFIED,LOW,77945.91,RETIRED,N,2026-03-21
100981,VERIFIED,HIGH,75232.81,RETIRED,N,2025-07-11
100982,VERIFIED,LOW,86349.63,SALARIED,Y,2026-01-17
100983,VERIFIED,LOW,219989.88,SALARIED,N,2026-03-31
100984,VERIFIED,HIGH,51893.31,SALARIED,N,2026-06-10
100985,PENDING,MEDIUM,73840.55,STUDENT,N,2026-09-15
100986,VERIFIED,LOW,67436.06,SELF_EMPLOYED,N,2025-05-01
100987,VERIFIED,MEDIUM,119040.67,SALARIED,N,2025-02-08
100988,VERIFIED,LOW,200419.52,SALARIED,N,2025-03-28
100989,VERIFIED,LOW,45145.0,STUDENT,N,2025-07-17
100990,VERIFIED,LOW,88834.28,SALARIED,N,2026-03-17
100991,VERIFIED,HIGH,74201.55,SELF_EMPLOYED,N,2026-05-31
100992,VERIFIED,HIGH,26761.7,SALARIED,N,2025-05-10
100993,VERIFIED,MEDIUM,124318.58,SALARIED,N,2026-09-12
100994,VERIFIED,LOW,182812.13,SALARIED,N,2026-09-29
100995,VERIFIED,MEDIUM,112736.6,SALARIED,N,2026-03-11
100996,VERIFIED,LOW,43876.64,SALARIED,N,2025-04-08
100997,VERIFIED,LOW,27395.06,SALARIED,N,2026-04-26
100998,VERIFIED,MEDIUM,100379.4,SALARIED,N,2026-03-07
100999,PENDING,LOW,32806.09,STUDENT,N,2025-07-28
101000,VERIFIED,LOW,35000.89,SELF_EMPLOYED,N,2026-06-03
101001,VERIFIED,MEDIUM,75816.1,SALARIED,N,2025-01-10
101002,VERIFIED,MEDIUM,106755.34,SALARIED,N,2025-07-04
101003,VERIFIED,LOW,53183.58,SALARIED,N,2025-02-24
101004,VERIFIED,MEDIUM,57853.75,SALARIED,N,2026-03-13
101005,VERIFIED,MEDIUM,61528.88,SELF_EMPLOYED,N,2026-04-20
101006,VERIFIED,LOW,36481.52,PROFESSIONAL,N,2026-09-14
101007,VERIFIED,MEDIUM,51684.99,SELF_EMPLOYED,N,2025-11-18
101008,VERIFIED,LOW,23124.28,SALARIED,N,2026-09-12
101009,VERIFIED,LOW,106728.28,SALARIED,N,2025-07-10
101010,VERIFIED,LOW,405292.25,SALARIED,N,2025-04-07
101011,VERIFIED,LOW,68806.5,SALARIED,N,2026-10-07
101012,VERIFIED,MEDIUM,143514.1,SALARIED,N,2025-03-16
101013,VERIFIED,LOW,55822.45,SALARIED,N,2026-06-26
101014,VERIFIED,LOW,27579.0,SALARIED,N,2025-07-18
101015,VERIFIED,LOW,285864.73,SALARIED,N,2025-07-12
101016,VERIFIED,MEDIUM,38189.82,STUDENT,N,2025-02-08
101017,VERIFIED,LOW,122467.24,SALARIED,N,2025-06-22
101018,VERIFIED,LOW,76148.29,SELF_EMPLOYED,N,2025-04-02
101019,VERIFIED,HIGH,143152.28,STUDENT,N,2025-12-03
101020,VERIFIED,LOW,63347.94,STUDENT,N,2025-09-07
101021,VERIFIED,MEDIUM,31054.58,PROFESSIONAL,N,2025-07-13
101022,VERIFIED,LOW,42956.6,SELF_EMPLOYED,N,2025-01-09
101023,VERIFIED,LOW,305269.41,SALARIED,N,2026-06-12
101024,VERIFIED,LOW,81453.79,SALARIED,N,2025-02-15
101025,VERIFIED,MEDIUM,272479.32,SALARIED,N,2025-04-13
101026,VERIFIED,MEDIUM,52108.49,SELF_EMPLOYED,N,2026-09-20
101027,VERIFIED,LOW,105238.42,SALARIED,N,2026-06-07
101028,VERIFIED,MEDIUM,28723.11,SALARIED,N,2026-04-13
101029,VERIFIED,MEDIUM,67464.25,SALARIED,N,2025-03-10
101030,VERIFIED,LOW,280692.37,SALARIED,N,2025-07-23
101031,VERIFIED,LOW,39756.16,STUDENT,N,2025-06-24
101032,VERIFIED,LOW,42245.59,SELF_EMPLOYED,N,2025-03-20
101033,VERIFIED,LOW,113316.0,SALARIED,N,2025-07-12
101034,EXPIRED,MEDIUM,71289.07,STUDENT,N,2025-11-08
101035,VERIFIED,MEDIUM,226949.61,SELF_EMPLOYED,N,2025-06-16
101036,VERIFIED,MEDIUM,56578.83,PROFESSIONAL,N,2026-01-24
101037,VERIFIED,MEDIUM,69197.11,PROFESSIONAL,N,2025-12-15
101038,PENDING,MEDIUM,81304.29,SELF_EMPLOYED,N,2025-06-27
101039,VERIFIED,MEDIUM,32884.39,STUDENT,N,2026-06-04
101040,VERIFIED,HIGH,28449.9,SALARIED,N,2026-01-04
101041,VERIFIED,LOW,26813.27,PROFESSIONAL,N,2026-10-07
101042,VERIFIED,MEDIUM,7707.1,SALARIED,N,2025-10-22
101043,PENDING,MEDIUM,62613.09,STUDENT,N,2026-04-13
101044,VERIFIED,LOW,28411.33,PROFESSIONAL,N,2026-02-18
101045,VERIFIED,LOW,46613.39,SALARIED,N,2025-02-11
101046,PENDING,MEDIUM,128418.62,SELF_EMPLOYED,N,2025-09-30
101047,VERIFIED,LOW,35780.93,SALARIED,N,2025-09-27
101048,VERIFIED,LOW,103608.86,SALARIED,N,2025-11-23
101049,VERIFIED,LOW,23691.47,PROFESSIONAL,N,2026-06-06
101050,VERIFIED,LOW,42393.39,SALARIED,N,2025-03-21
101051,VERIFIED,LOW,205189.98,PROFESSIONAL,N,2026-04-16
101052,VERIFIED,LOW,50106.88,SELF_EMPLOYED,N,2025-05-19
101053,VERIFIED,MEDIUM,152829.34,STUDENT,N,2025-11-05
101054,VERIFIED,LOW,305900.8,RETIRED,N,2025-11-01
101055,VERIFIED,LOW,50399.96,SALARIED,N,2026-08-07
101056,VERIFIED,LOW,42927.81,SALARIED,N,2025-12-11
101057,VERIFIED,LOW,16249.77,SALARIED,N,2025-12-24
101058,VERIFIED,LOW,79991.22,SALARIED,N,2026-05-18
101059,VERIFIED,MEDIUM,84670.29,SALARIED,N,2025-07-11
101060,VERIFIED,LOW,109204.4,SALARIED,N,2025-04-29
101061,VERIFIED,LOW,163468.84,STUDENT,N,2025-06-22
101062,EXPIRED,LOW,33967.38,SELF_EMPLOYED,N,2026-03-30
101063,EXPIRED,HIGH,223288.05,SELF_EMPLOYED,N,2025-12-27
101064,VERIFIED,MEDIUM,55096.7,SALARIED,N,2025-10-24
101065,VERIFIED,MEDIUM,83816.48,SALARIED,N,2025-09-29
101066,VERIFIED,LOW,63334.68,SALARIED,N,2025-01-20
101067,VERIFIED,LOW,40079.44,SALARIED,N,2025-04-29
101068,VERIFIED,LOW,30356.35,PROFESSIONAL,N,2025-02-03
101069,EXPIRED,LOW,75864.02,STUDENT,N,2025-06-20
101070,VERIFIED,MEDIUM,35358.36,PROFESSIONAL,N,2025-12-05
101071,VERIFIED,LOW,57338.67,STUDENT,N,2026-08-28
101072,VERIFIED,MEDIUM,50620.05,SALARIED,N,2026-03-15
101073,VERIFIED,MEDIUM,52288.59,SALARIED,N,2026-02-05
101074,VERIFIED,HIGH,20546.45,SALARIED,N,2026-07-15
101075,VERIFIED,MEDIUM,8445.42,SALARIED,N,2026-02-13
101076,VERIFIED,LOW,114162.71,SALARIED,N,2025-06-01
101077,VERIFIED,MEDIUM,137526.45,SELF_EMPLOYED,N,2026-04-10
101078,VERIFIED,MEDIUM,12517.75,SALARIED,N,2026-06-16
101079,VERIFIED,LOW,86839.91,STUDENT,N,2025-07-12
101080,VERIFIED,LOW,76206.75,SALARIED,N,2025-04-25
101081,VERIFIED,LOW,27983.19,SELF_EMPLOYED,N,2026-01-07
101082,VERIFIED,LOW,118611.43,SELF_EMPLOYED,N,2026-02-28
101083,VERIFIED,LOW,138666.37,PROFESSIONAL,N,2026-04-14
101084,VERIFIED,LOW,131740.83,SALARIED,N,2025-04-21
101085,VERIFIED,LOW,205693.81,SALARIED,N,2025-06-25
101086,VERIFIED,LOW,126761.24,SALARIED,N,2026-02-11
101087,VERIFIED,MEDIUM,38543.81,SALARIED,N,2025-11-19
101088,VERIFIED,LOW,66922.59,SALARIED,N,2025-06-27
101089,VERIFIED,MEDIUM,85010.91,SALARIED,N,2025-12-20
101090,VERIFIED,HIGH,177606.25,SELF_EMPLOYED,N,2025-09-03
101091,VERIFIED,LOW,56206.27,STUDENT,N,2025-09-15
101092,VERIFIED,LOW,43870.26,SALARIED,N,2026-02-25
101093,VERIFIED,LOW,22582.63,SALARIED,N,2025-07-11
101094,EXPIRED,MEDIUM,116717.62,SALARIED,N,2025-12-11
101095,VERIFIED,MEDIUM,75807.93,SALARIED,N,2025-05-26
101096,VERIFIED,LOW,37675.13,SALARIED,N,2025-02-27
101097,VERIFIED,MEDIUM,109190.43,PROFESSIONAL,N,2026-04-07
101098,VERIFIED,LOW,53044.91,SALARIED,N,2026-02-06
101099,VERIFIED,MEDIUM,27970.88,SALARIED,N,2025-09-18
101100,VERIFIED,LOW,157161.05,STUDENT,N,2026-01-01
101101,VERIFIED,LOW,17309.1,SELF_EMPLOYED,N,2026-05-14
101102,VERIFIED,HIGH,72654.32,SALARIED,N,2026-04-27
101103,VERIFIED,LOW,61572.27,SALARIED,N,2026-05-16
101104,VERIFIED,LOW,22806.67,RETIRED,N,2026-07-08
101105,VERIFIED,MEDIUM,81758.11,RETIRED,N,2026-03-23
101106,VERIFIED,LOW,42160.89,SELF_EMPLOYED,N,2025-05-08
101107,VERIFIED,MEDIUM,197665.01,SALARIED,Y,2025-10-20
101108,VERIFIED,LOW,127085.73,SELF_EMPLOYED,N,2026-03-15
101109,VERIFIED,LOW,76400.99,SALARIED,N,2025-11-06
101110,VERIFIED,LOW,13100.38,SALARIED,N,2025-08-18
101111,VERIFIED,LOW,46111.07,SALARIED,N,2025-11-14
101112,VERIFIED,LOW,43857.8,SALARIED,N,2025-06-03
101113,VERIFIED,LOW,145326.19,SALARIED,N,2025-01-29
101114,VERIFIED,MEDIUM,74286.31,SELF_EMPLOYED,N,2026-04-09
101115,VERIFIED,LOW,81306.66,PROFESSIONAL,N,2026-08-07
101116,VERIFIED,MEDIUM,128192.71,RETIRED,N,2025-12-01
101117,VERIFIED,LOW,190982.83,RETIRED,N,2025-12-31
101118,VERIFIED,MEDIUM,170797.56,PROFESSIONAL,N,2026-08-05
101119,VERIFIED,MEDIUM,94374.72,SALARIED,N,2026-02-05
101120,PENDING,MEDIUM,55454.03,SALARIED,N,2025-06-06
101121,VERIFIED,LOW,87790.59,SALARIED,N,2025-09-22
101122,VERIFIED,MEDIUM,64767.27,SELF_EMPLOYED,N,2025-04-23
101123,VERIFIED,MEDIUM,110293.59,SALARIED,N,2025-10-26
101124,VERIFIED,HIGH,45749.86,SELF_EMPLOYED,N,2025-11-24
101125,VERIFIED,LOW,119044.2,SALARIED,N,2025-07-23
101126,VERIFIED,MEDIUM,68202.33,SELF_EMPLOYED,N,2026-05-28
101127,VERIFIED,LOW,85044.55,PROFESSIONAL,N,2026-09-30
101128,VERIFIED,HIGH,30406.88,SALARIED,N,2025-12-03
101129,VERIFIED,LOW,55389.67,RETIRED,N,2025-08-22
101130,VERIFIED,LOW,88454.39,SALARIED,N,2025-10-05
101131,VERIFIED,MEDIUM,58777.19,SALARIED,N,2025-02-04
101132,VERIFIED,LOW,14394.23,SELF_EMPLOYED,N,2026-02-24
101133,VERIFIED,MEDIUM,29669.49,SALARIED,N,2025-06-23
101134,VERIFIED,LOW,82634.28,PROFESSIONAL,N,2025-12-12
101135,VERIFIED,HIGH,175919.65,SALARIED,N,2026-04-17
101136,VERIFIED,LOW,56886.73,SALARIED,N,2026-02-19
101137,VERIFIED,LOW,48155.68,SALARIED,N,2025-12-27
101138,VERIFIED,MEDIUM,131132.94,STUDENT,N,2026-05-08
101139,VERIFIED,LOW,66641.46,SALARIED,N,2025-03-15
101140,VERIFIED,LOW,107259.51,SALARIED,N,2026-10-01
101141,VERIFIED,MEDIUM,54599.68,STUDENT,N,2025-12-17
101142,VERIFIED,LOW,50816.32,STUDENT,N,2025-06-08
101143,VERIFIED,LOW,112901.71,STUDENT,N,2025-01-25
101144,VERIFIED,LOW,102449.08,SALARIED,N,2026-01-27
101145,VERIFIED,LOW,53716.0,PROFESSIONAL,N,2025-12-15
101146,VERIFIED,HIGH,31864.85,SALARIED,N,2026-01-27
101147,VERIFIED,MEDIUM,22360.06,SELF_EMPLOYED,N,2025-01-15
101148,VERIFIED,MEDIUM,24358.88,SALARIED,N,2025-05-30
101149,VERIFIED,MEDIUM,43844.15,SALARIED,N,2026-03-10
101150,VERIFIED,MEDIUM,81290.62,STUDENT,N,2026-09-18
101151,VERIFIED,LOW,22411.63,SALARIED,N,2026-01-21
101152,VERIFIED,MEDIUM,23382.78,SALARIED,N,2026-05-28
101153,VERIFIED,MEDIUM,84576.75,SELF_EMPLOYED,N,2026-08-24
101154,VERIFIED,MEDIUM,183445.61,PROFESSIONAL,N,2025-05-26
101155,VERIFIED,HIGH,134283.62,SALARIED,N,2025-09-18
101156,VERIFIED,MEDIUM,19988.99,PROFESSIONAL,N,2026-09-30
101157,VERIFIED,LOW,85359.47,RETIRED,N,2026-04-13
101158,VERIFIED,LOW,123163.59,SELF_EMPLOYED,N,2025-05-27
101159,VERIFIED,LOW,47958.03,SALARIED,N,2025-05-12
101160,VERIFIED,MEDIUM,56728.51,SELF_EMPLOYED,N,2025-06-14
101161,VERIFIED,HIGH,82189.21,SALARIED,N,2025-09-05
101162,EXPIRED,LOW,90859.91,SALARIED,N,2025-01-09
101163,VERIFIED,LOW,84552.69,SALARIED,N,2025-02-27
101164,VERIFIED,LOW,105956.34,SALARIED,N,2025-03-15
101165,PENDING,LOW,76128.29,SALARIED,N,2026-09-20
101166,VERIFIED,LOW,44056.1,SALARIED,N,2025-02-21
101167,VERIFIED,HIGH,49510.0,SALARIED,N,2026-06-29
101168,VERIFIED,LOW,39876.35,STUDENT,N,2026-08-30
101169,VERIFIED,MEDIUM,49036.07,SALARIED,N,2025-07-29
101170,VERIFIED,MEDIUM,95332.01,STUDENT,N,2026-07-11
101171,VERIFIED,MEDIUM,40042.77,SALARIED,N,2026-03-12
101172,VERIFIED,LOW,132650.37,SALARIED,N,2026-03-19
101173,VERIFIED,LOW,34807.65,STUDENT,N,2026-08-27
101174,VERIFIED,LOW,75516.5,SALARIED,N,2025-09-09
101175,VERIFIED,LOW,113923.79,SELF_EMPLOYED,N,2025-07-27
101176,VERIFIED,LOW,88585.2,PROFESSIONAL,N,2026-05-04
101177,VERIFIED,LOW,19913.21,SELF_EMPLOYED,N,2025-12-21
101178,VERIFIED,MEDIUM,72158.28,SALARIED,N,2025-11-11
101179,VERIFIED,LOW,40963.35,SALARIED,N,2026-06-28
101180,VERIFIED,LOW,28016.59,SALARIED,N,2026-09-17
101181,VERIFIED,LOW,76486.72,SALARIED,N,2025-05-03
101182,VERIFIED,LOW,29383.76,SALARIED,N,2025-01-22
101183,VERIFIED,LOW,77584.77,PROFESSIONAL,N,2026-05-03
101184,VERIFIED,LOW,170481.82,PROFESSIONAL,N,2025-01-05
101185,VERIFIED,LOW,80535.66,SALARIED,N,2026-04-18
101186,VERIFIED,LOW,56878.52,SELF_EMPLOYED,N,2025-09-05
101187,VERIFIED,LOW,59607.84,PROFESSIONAL,N,2025-02-09
101188,VERIFIED,LOW,119861.34,SALARIED,N,2026-07-01
101189,VERIFIED,LOW,54250.24,STUDENT,N,2026-08-12
101190,VERIFIED,LOW,48899.16,SALARIED,N,2026-03-20
101191,VERIFIED,MEDIUM,36121.56,SALARIED,N,2026-04-01
101192,VERIFIED,MEDIUM,37006.68,SALARIED,N,2025-07-30
101193,VERIFIED,MEDIUM,118256.12,STUDENT,N,2025-11-07
101194,VERIFIED,LOW,48248.36,SELF_EMPLOYED,N,2025-03-06
101195,VERIFIED,LOW,94930.16,SALARIED,N,2025-01-06
101196,VERIFIED,LOW,100047.61,SALARIED,N,2026-01-01
101197,PENDING,LOW,35546.16,SALARIED,N,2025-07-27
101198,VERIFIED,MEDIUM,39466.09,STUDENT,N,2025-12-31
101199,VERIFIED,MEDIUM,96299.82,SALARIED,N,2026-01-03
101200,VERIFIED,MEDIUM,72496.86,SALARIED,N,2025-01-21
101201,EXPIRED,MEDIUM,58909.27,SALARIED,N,2026-09-25
101202,VERIFIED,MEDIUM,89332.24,SELF_EMPLOYED,N,2026-06-24
101203,VERIFIED,MEDIUM,127783.21,SALARIED,N,2025-02-07
101204,VERIFIED,HIGH,64517.63,RETIRED,N,2026-05-07
101205,VERIFIED,LOW,45717.18,STUDENT,N,2025-04-17
101206,VERIFIED,LOW,71410.92,SALARIED,N,2025-11-19
101207,VERIFIED,LOW,39219.79,SELF_EMPLOYED,Y,2025-11-01
101208,VERIFIED,LOW,72603.89,SALARIED,N,2025-04-23
101209,VERIFIED,LOW,66253.56,SALARIED,N,2025-11-18
101210,VERIFIED,MEDIUM,38936.69,SALARIED,N,2025-12-12
101211,VERIFIED,LOW,50863.55,SELF_EMPLOYED,N,2025-08-05
101212,PENDING,LOW,53597.22,SALARIED,N,2026-02-14
101213,VERIFIED,LOW,106571.29,SELF_EMPLOYED,N,2025-05-12
101214,VERIFIED,LOW,37465.36,SELF_EMPLOYED,N,2026-08-16
101215,VERIFIED,LOW,39099.47,RETIRED,N,2026-07-13
101216,VERIFIED,LOW,51904.29,PROFESSIONAL,N,2025-06-03
101217,VERIFIED,LOW,95470.4,SELF_EMPLOYED,N,2025-10-12
101218,VERIFIED,LOW,106165.69,SALARIED,N,2026-05-24
101219,VERIFIED,MEDIUM,78450.26,RETIRED,N,2025-10-25
101220,VERIFIED,LOW,105307.98,SALARIED,N,2025-11-24
101221,VERIFIED,LOW,140850.46,SALARIED,N,2026-05-20
101222,VERIFIED,LOW,73304.7,SELF_EMPLOYED,N,2025-02-04
101223,VERIFIED,LOW,39298.37,RETIRED,N,2025-12-04
101224,PENDING,MEDIUM,62923.82,SALARIED,N,2026-06-05
101225,VERIFIED,LOW,27306.96,RETIRED,N,2025-12-21
101226,VERIFIED,LOW,85525.44,SALARIED,N,2026-01-12
101227,VERIFIED,HIGH,48070.22,SELF_EMPLOYED,Y,2026-04-07
101228,VERIFIED,LOW,71171.48,SELF_EMPLOYED,N,2025-02-01
101229,VERIFIED,LOW,62617.18,SELF_EMPLOYED,N,2026-06-16
101230,VERIFIED,HIGH,51587.95,STUDENT,N,2026-03-20
101231,VERIFIED,LOW,76611.62,SALARIED,N,2025-12-12
101232,PENDING,LOW,61014.75,PROFESSIONAL,N,2025-12-29
101233,VERIFIED,LOW,43922.72,SALARIED,N,2026-07-07
101234,VERIFIED,MEDIUM,32414.28,PROFESSIONAL,N,2025-09-19
101235,VERIFIED,MEDIUM,83397.43,STUDENT,N,2026-07-31
101236,VERIFIED,LOW,30207.77,SALARIED,N,2025-03-01
101237,VERIFIED,LOW,212485.36,SALARIED,N,2025-06-14
101238,VERIFIED,LOW,152763.99,PROFESSIONAL,N,2026-08-02
101239,VERIFIED,LOW,23543.56,SALARIED,N,2026-04-23
101240,VERIFIED,MEDIUM,99496.73,SALARIED,N,2026-08-28
101241,VERIFIED,LOW,138677.48,SELF_EMPLOYED,N,2025-05-02
101242,VERIFIED,LOW,45208.18,SALARIED,N,2026-09-01
101243,VERIFIED,LOW,83135.01,STUDENT,N,2025-07-09
101244,VERIFIED,MEDIUM,61000.29,SALARIED,N,2026-02-15
101245,VERIFIED,MEDIUM,103073.87,SALARIED,N,2025-03-03
101246,VERIFIED,MEDIUM,49506.61,SELF_EMPLOYED,N,2025-02-11
101247,PENDING,MEDIUM,127909.08,SALARIED,N,2025-08-29
101248,VERIFIED,MEDIUM,60282.02,SELF_EMPLOYED,N,2026-02-19
101249,VERIFIED,HIGH,53846.82,SALARIED,N,2025-06-29
101250,VERIFIED,MEDIUM,100861.83,SELF_EMPLOYED,N,2026-06-27
101251,EXPIRED,LOW,118831.8,SALARIED,N,2025-05-14
101252,VERIFIED,MEDIUM,14492.6,PROFESSIONAL,N,2026-10-08
101253,VERIFIED,LOW,10020.22,SALARIED,N,2026-05-08
101254,VERIFIED,LOW,82626.63,STUDENT,N,2026-01-01
101255,VERIFIED,MEDIUM,43031.92,SALARIED,Y,2025-08-19
101256,VERIFIED,HIGH,28038.63,SALARIED,N,2025-08-20
101257,VERIFIED,LOW,51892.18,SALARIED,N,2025-02-28
101258,EXPIRED,LOW,438987.94,SALARIED,N,2025-10-20
101259,VERIFIED,MEDIUM,27874.05,SALARIED,N,2025-04-26
101260,VERIFIED,LOW,117674.12,SALARIED,N,2026-01-09
101261,VERIFIED,LOW,40339.3,SELF_EMPLOYED,N,2025-03-17
101262,VERIFIED,LOW,25747.14,SELF_EMPLOYED,N,2026-06-21
101263,VERIFIED,LOW,44454.94,SALARIED,N,2025-01-24
101264,VERIFIED,LOW,26267.84,SALARIED,N,2026-09-07
101265,VERIFIED,LOW,23879.15,SALARIED,N,2026-10-06
101266,VERIFIED,MEDIUM,41307.91,SALARIED,N,2025-05-26
101267,VERIFIED,LOW,32576.26,SALARIED,N,2026-06-17
101268,VERIFIED,LOW,60178.72,SALARIED,N,2025-06-12
101269,VERIFIED,LOW,73835.1,SALARIED,N,2025-11-17
101270,EXPIRED,LOW,39621.08,SELF_EMPLOYED,N,2026-06-28
101271,VERIFIED,HIGH,99629.89,SALARIED,N,2025-05-19
101272,VERIFIED,LOW,42971.85,PROFESSIONAL,N,2025-10-27
101273,PENDING,MEDIUM,59885.41,SELF_EMPLOYED,N,2025-08-30
101274,VERIFIED,LOW,16154.97,PROFESSIONAL,N,2025-06-28
101275,VERIFIED,HIGH,69799.0,SALARIED,N,2025-10-05
101276,PENDING,LOW,286027.92,SALARIED,N,2025-03-20
101277,VERIFIED,HIGH,110939.22,RETIRED,N,2025-12-06
101278,VERIFIED,LOW,59150.29,SELF_EMPLOYED,N,2025-04-30
101279,VERIFIED,MEDIUM,31171.18,SALARIED,N,2025-06-28
101280,VERIFIED,LOW,191159.57,SELF_EMPLOYED,N,2025-08-05
101281,VERIFIED,LOW,59596.54,PROFESSIONAL,N,2025-11-09
101282,VERIFIED,LOW,42712.99,RETIRED,N,2025-01-19
101283,VERIFIED,MEDIUM,43414.52,SALARIED,N,2025-01-23
101284,VERIFIED,LOW,254598.39,SELF_EMPLOYED,N,2026-09-24
101285,VERIFIED,LOW,61278.89,SALARIED,N,2026-09-27
101286,VERIFIED,LOW,88687.19,SELF_EMPLOYED,N,2025-12-22
101287,VERIFIED,LOW,57987.07,SALARIED,N,2025-02-28
101288,VERIFIED,MEDIUM,63424.66,PROFESSIONAL,N,2026-06-20
101289,VERIFIED,LOW,50202.09,SELF_EMPLOYED,N,2026-06-29
101290,VERIFIED,LOW,166793.25,SELF_EMPLOYED,N,2025-10-14
101291,VERIFIED,HIGH,68093.36,SELF_EMPLOYED,N,2025-03-12
101292,VERIFIED,LOW,26500.23,SALARIED,N,2026-09-15
101293,PENDING,LOW,85492.03,SALARIED,N,2026-08-22
101294,VERIFIED,LOW,61414.91,SALARIED,N,2025-10-03
101295,VERIFIED,MEDIUM,84772.96,SALARIED,N,2025-09-18
101296,EXPIRED,LOW,53341.28,STUDENT,N,2025-09-16
101297,VERIFIED,MEDIUM,46551.32,SELF_EMPLOYED,N,2025-12-27
101298,VERIFIED,MEDIUM,118325.67,SALARIED,N,2026-04-18
101299,VERIFIED,LOW,221558.01,SALARIED,N,2025-11-26
101300,VERIFIED,LOW,19766.08,SALARIED,N,2026-01-01
101301,VERIFIED,LOW,69795.55,SELF_EMPLOYED,N,2026-01-08
101302,VERIFIED,LOW,46578.82,PROFESSIONAL,N,2025-07-19
101303,VERIFIED,LOW,36580.74,SELF_EMPLOYED,N,2026-02-06
101304,VERIFIED,LOW,16289.27,STUDENT,N,2025-01-01
101305,VERIFIED,LOW,83659.71,SALARIED,N,2025-09-11
101306,VERIFIED,LOW,48327.44,PROFESSIONAL,N,2025-03-22
101307,VERIFIED,LOW,46492.51,SALARIED,N,2025-07-26
101308,VERIFIED,MEDIUM,144604.35,PROFESSIONAL,N,2025-06-19
101309,VERIFIED,HIGH,49730.98,SALARIED,N,2025-01-03
101310,VERIFIED,LOW,48378.74,SELF_EMPLOYED,N,2025-03-11
101311,VERIFIED,MEDIUM,27767.27,SELF_EMPLOYED,N,2026-07-13
101312,VERIFIED,MEDIUM,36676.12,SALARIED,N,2025-12-03
101313,VERIFIED,LOW,171642.99,SALARIED,N,2026-04-08
101314,VERIFIED,LOW,98472.29,PROFESSIONAL,N,2025-08-08
101315,VERIFIED,LOW,152809.72,SALARIED,N,2025-02-13
101316,VERIFIED,MEDIUM,38315.98,SALARIED,N,2026-03-31
101317,VERIFIED,MEDIUM,83680.83,SELF_EMPLOYED,N,2025-10-07
101318,VERIFIED,LOW,130755.41,SELF_EMPLOYED,N,2025-11-05
101319,VERIFIED,LOW,96428.35,SALARIED,N,2025-03-10
101320,VERIFIED,MEDIUM,184833.6,SALARIED,N,2025-05-18
101321,VERIFIED,LOW,85931.8,PROFESSIONAL,N,2026-01-14
101322,VERIFIED,LOW,66092.36,SALARIED,N,2025-10-13
101323,VERIFIED,LOW,14323.32,SALARIED,N,2026-01-30
101324,VERIFIED,MEDIUM,86761.74,SELF_EMPLOYED,N,2026-04-19
101325,VERIFIED,LOW,97583.69,SALARIED,N,2025-11-22
101326,VERIFIED,LOW,139512.32,STUDENT,N,2025-12-05
101327,VERIFIED,LOW,39479.25,SALARIED,N,2025-11-07
101328,VERIFIED,LOW,64742.55,SELF_EMPLOYED,N,2025-10-04
101329,VERIFIED,MEDIUM,23540.95,SELF_EMPLOYED,N,2026-03-01
101330,VERIFIED,LOW,23188.73,SELF_EMPLOYED,N,2025-08-22
101331,VERIFIED,LOW,92357.97,PROFESSIONAL,N,2025-09-29
101332,EXPIRED,MEDIUM,150730.1,SALARIED,N,2026-03-27
101333,VERIFIED,MEDIUM,154205.71,STUDENT,N,2026-08-08
101334,VERIFIED,LOW,87992.18,SELF_EMPLOYED,N,2026-04-10
101335,VERIFIED,MEDIUM,250165.45,RETIRED,N,2026-01-20
101336,VERIFIED,LOW,51270.51,SALARIED,N,2026-02-14
101337,VERIFIED,LOW,118641.28,PROFESSIONAL,N,2025-03-19
101338,VERIFIED,LOW,28096.21,SELF_EMPLOYED,N,2026-01-06
101339,VERIFIED,LOW,8576.12,STUDENT,N,2026-01-30
101340,VERIFIED,LOW,48393.18,SALARIED,N,2025-08-22
101341,VERIFIED,LOW,61180.48,SELF_EMPLOYED,N,2026-04-12
101342,VERIFIED,MEDIUM,77069.52,SALARIED,N,2026-05-01
101343,VERIFIED,LOW,58629.61,PROFESSIONAL,N,2026-09-03
101344,VERIFIED,LOW,83691.4,SELF_EMPLOYED,N,2026-07-25
101345,VERIFIED,MEDIUM,205088.82,STUDENT,N,2025-10-26
101346,VERIFIED,LOW,106896.75,SALARIED,N,2025-03-23
101347,VERIFIED,LOW,40228.88,SELF_EMPLOYED,N,2025-04-21
101348,VERIFIED,LOW,12923.84,STUDENT,N,2026-08-22
101349,VERIFIED,LOW,32894.14,SELF_EMPLOYED,N,2025-07-05
101350,VERIFIED,MEDIUM,158411.91,SALARIED,N,2025-06-01
101351,VERIFIED,LOW,47699.23,SALARIED,N,2026-01-19
101352,VERIFIED,HIGH,102860.15,PROFESSIONAL,N,2025-03-29
101353,VERIFIED,LOW,100327.44,STUDENT,N,2025-02-22
101354,VERIFIED,LOW,63819.2,SALARIED,N,2026-03-10
101355,VERIFIED,LOW,62541.34,SALARIED,N,2025-03-13
101356,VERIFIED,LOW,42967.48,SALARIED,N,2025-10-12
101357,VERIFIED,LOW,281442.89,SALARIED,N,2026-02-10
101358,VERIFIED,LOW,35547.26,SALARIED,N,2026-09-29
101359,VERIFIED,LOW,137120.82,PROFESSIONAL,N,2025-07-31
101360,VERIFIED,MEDIUM,113551.19,SALARIED,N,2025-09-27
101361,VERIFIED,MEDIUM,98699.45,SALARIED,N,2025-11-23
101362,EXPIRED,LOW,61210.86,STUDENT,N,2026-03-02
101363,PENDING,LOW,25289.36,STUDENT,N,2025-05-14
101364,VERIFIED,LOW,31374.95,SALARIED,N,2025-04-07
101365,VERIFIED,LOW,39990.49,SALARIED,N,2026-04-09
101366,VERIFIED,LOW,84148.75,SALARIED,N,2025-09-30
101367,VERIFIED,HIGH,118054.77,STUDENT,N,2025-11-21
101368,VERIFIED,LOW,81153.99,STUDENT,N,2026-03-19
101369,EXPIRED,LOW,78339.81,SALARIED,N,2025-10-25
101370,VERIFIED,LOW,130299.42,RETIRED,N,2025-03-20
101371,VERIFIED,LOW,17009.56,SALARIED,N,2025-09-07
101372,VERIFIED,MEDIUM,15764.24,PROFESSIONAL,N,2026-01-09
101373,VERIFIED,LOW,24197.17,STUDENT,N,2026-01-26
101374,VERIFIED,LOW,120764.98,SALARIED,Y,2026-09-13
101375,VERIFIED,LOW,17924.51,SALARIED,N,2025-07-01
101376,VERIFIED,MEDIUM,65748.88,SELF_EMPLOYED,N,2025-07-13
101377,VERIFIED,LOW,36616.29,SALARIED,N,2026-06-01
101378,PENDING,LOW,73194.26,RETIRED,N,2026-01-27
101379,VERIFIED,LOW,60350.23,SALARIED,N,2025-05-04
101380,VERIFIED,LOW,77863.52,PROFESSIONAL,N,2026-02-13
101381,VERIFIED,HIGH,51049.09,SALARIED,N,2026-07-11
101382,VERIFIED,LOW,104799.03,RETIRED,N,2026-06-28
101383,VERIFIED,LOW,171315.73,PROFESSIONAL,N,2025-12-23
101384,VERIFIED,MEDIUM,150553.53,SALARIED,N,2025-04-09
101385,VERIFIED,HIGH,52283.64,SALARIED,N,2025-11-12
101386,VERIFIED,LOW,37711.4,SALARIED,N,2026-04-10
101387,VERIFIED,LOW,75142.82,SELF_EMPLOYED,N,2026-06-04
101388,VERIFIED,HIGH,238949.33,PROFESSIONAL,N,2025-12-26
101389,EXPIRED,LOW,63922.73,PROFESSIONAL,N,2025-05-02
101390,VERIFIED,LOW,114140.09,SELF_EMPLOYED,N,2025-12-21
101391,VERIFIED,LOW,110134.62,SELF_EMPLOYED,N,2025-03-27
101392,VERIFIED,MEDIUM,109297.19,STUDENT,N,2026-02-18
101393,VERIFIED,LOW,151350.11,SALARIED,N,2026-05-23
101394,VERIFIED,LOW,28115.36,PROFESSIONAL,N,2026-05-31
101395,VERIFIED,MEDIUM,35379.99,SALARIED,N,2025-11-27
101396,VERIFIED,MEDIUM,68248.47,SALARIED,N,2026-04-13
101397,VERIFIED,LOW,147227.54,SALARIED,N,2025-03-07
101398,VERIFIED,LOW,147007.89,RETIRED,N,2025-02-05
101399,VERIFIED,MEDIUM,64221.37,PROFESSIONAL,N,2025-03-30
101400,VERIFIED,LOW,126603.06,STUDENT,N,2025-11-08
101401,VERIFIED,MEDIUM,50310.69,SALARIED,N,2026-08-20
101402,VERIFIED,LOW,38670.32,SALARIED,N,2026-03-13
101403,VERIFIED,MEDIUM,27893.54,SALARIED,N,2025-11-28
101404,VERIFIED,LOW,60523.44,SALARIED,N,2025-01-06
101405,VERIFIED,LOW,52823.4,RETIRED,N,2025-05-29
101406,VERIFIED,LOW,127034.96,SALARIED,N,2025-07-15
101407,VERIFIED,LOW,95398.98,STUDENT,N,2025-02-21
101408,VERIFIED,LOW,68545.28,SALARIED,N,2025-03-15
101409,PENDING,LOW,68725.84,SALARIED,N,2025-11-12
101410,VERIFIED,MEDIUM,50390.06,SALARIED,N,2025-07-25
101411,VERIFIED,LOW,20817.59,SALARIED,N,2025-09-10
101412,PENDING,LOW,30682.13,SELF_EMPLOYED,N,2026-05-09
101413,VERIFIED,MEDIUM,110342.32,RETIRED,N,2025-07-26
101414,VERIFIED,LOW,60475.62,RETIRED,N,2026-05-26
101415,VERIFIED,MEDIUM,28205.96,SALARIED,N,2026-07-31
101416,VERIFIED,LOW,160908.96,SALARIED,N,2026-03-12
101417,VERIFIED,LOW,199549.03,SALARIED,N,2026-03-13
101418,VERIFIED,LOW,144774.49,SALARIED,N,2025-03-29
101419,PENDING,HIGH,87168.03,SALARIED,N,2025-02-02
101420,PENDING,LOW,79700.48,SALARIED,N,2026-04-16
101421,VERIFIED,LOW,65122.03,SALARIED,N,2026-01-14
101422,VERIFIED,LOW,73587.82,RETIRED,N,2026-04-18
101423,VERIFIED,LOW,99574.66,PROFESSIONAL,N,2026-02-18
101424,PENDING,LOW,104802.13,PROFESSIONAL,N,2025-01-29
101425,VERIFIED,LOW,88891.95,SALARIED,N,2025-12-24
101426,VERIFIED,LOW,7863.28,SALARIED,N,2025-12-26
101427,VERIFIED,MEDIUM,139842.38,SALARIED,N,2026-03-07
101428,VERIFIED,LOW,75332.83,SALARIED,N,2025-11-23
101429,VERIFIED,LOW,27382.35,RETIRED,N,2025-11-04
101430,VERIFIED,LOW,75261.31,SELF_EMPLOYED,N,2026-02-26
101431,VERIFIED,LOW,80549.15,SALARIED,N,2026-02-03
101432,VERIFIED,LOW,23836.48,SELF_EMPLOYED,N,2026-03-24
101433,VERIFIED,LOW,43578.89,RETIRED,N,2025-07-07
101434,VERIFIED,LOW,32246.75,SALARIED,N,2025-02-12
101435,EXPIRED,MEDIUM,35144.22,STUDENT,N,2025-11-05
101436,VERIFIED,LOW,95869.34,SALARIED,N,2025-06-11
101437,VERIFIED,LOW,44160.15,SALARIED,N,2025-05-05
101438,VERIFIED,LOW,70307.34,STUDENT,N,2026-06-21
101439,VERIFIED,LOW,106878.94,SALARIED,N,2025-12-31
101440,VERIFIED,LOW,49909.69,SELF_EMPLOYED,N,2025-12-04
101441,VERIFIED,LOW,109687.94,SALARIED,N,2025-07-19
101442,VERIFIED,LOW,159665.36,SALARIED,N,2026-06-14
101443,VERIFIED,LOW,114696.47,RETIRED,N,2026-07-11
101444,VERIFIED,LOW,97727.22,SALARIED,N,2025-06-16
101445,VERIFIED,LOW,115312.46,SALARIED,N,2025-11-11
101446,VERIFIED,HIGH,85538.17,SALARIED,N,2026-09-03
101447,VERIFIED,MEDIUM,114892.64,RETIRED,N,2026-01-17
101448,VERIFIED,HIGH,30855.36,STUDENT,N,2025-10-28
101449,VERIFIED,MEDIUM,63043.16,SALARIED,N,2026-04-30
101450,VERIFIED,HIGH,85381.87,SALARIED,N,2025-11-13
101451,VERIFIED,LOW,63024.82,SELF_EMPLOYED,N,2025-02-10
101452,VERIFIED,LOW,336566.62,RETIRED,N,2025-07-10
101453,VERIFIED,MEDIUM,58429.33,SELF_EMPLOYED,N,2026-07-07
101454,VERIFIED,LOW,20772.08,PROFESSIONAL,N,2026-05-31
101455,VERIFIED,LOW,68584.67,SALARIED,N,2026-07-11
101456,VERIFIED,MEDIUM,113368.78,SALARIED,N,2026-03-29
101457,VERIFIED,HIGH,37520.3,PROFESSIONAL,N,2025-08-13
101458,VERIFIED,LOW,64611.42,SALARIED,N,2026-07-16
101459,VERIFIED,LOW,63096.24,SALARIED,N,2025-10-19
101460,VERIFIED,LOW,63656.94,STUDENT,N,2025-10-03
101461,PENDING,LOW,44852.92,PROFESSIONAL,N,2026-05-31
101462,VERIFIED,MEDIUM,134997.39,SALARIED,N,2026-06-15
101463,VERIFIED,LOW,270716.1,SALARIED,N,2026-05-19
101464,VERIFIED,LOW,38342.58,SALARIED,Y,2025-10-14
101465,VERIFIED,MEDIUM,28296.53,SALARIED,N,2026-04-19
101466,VERIFIED,LOW,49792.46,SALARIED,N,2025-07-17
101467,VERIFIED,MEDIUM,165142.34,SALARIED,N,2025-09-03
101468,VERIFIED,MEDIUM,55954.24,RETIRED,N,2026-10-04
101469,VERIFIED,MEDIUM,83956.94,SALARIED,N,2026-09-22
101470,PENDING,HIGH,36570.26,SALARIED,N,2025-06-27
101471,VERIFIED,MEDIUM,210970.83,SALARIED,N,2025-07-08
101472,VERIFIED,LOW,54611.23,SALARIED,N,2025-05-10
101473,VERIFIED,LOW,77817.04,PROFESSIONAL,N,2025-09-08
101474,PENDING,HIGH,39443.46,SELF_EMPLOYED,N,2026-01-16
101475,VERIFIED,MEDIUM,37052.16,SALARIED,N,2026-07-12
101476,VERIFIED,LOW,66015.55,SELF_EMPLOYED,N,2026-05-13
101477,VERIFIED,MEDIUM,70802.33,SALARIED,N,2026-02-21
101478,VERIFIED,LOW,115937.3,SALARIED,N,2025-04-01
101479,VERIFIED,LOW,22092.06,SALARIED,N,2025-04-18
101480,VERIFIED,LOW,35663.29,SALARIED,N,2026-06-05
101481,VERIFIED,MEDIUM,42331.88,SALARIED,N,2026-05-18
101482,VERIFIED,MEDIUM,71543.94,SALARIED,N,2026-09-23
101483,VERIFIED,MEDIUM,31754.65,SELF_EMPLOYED,N,2025-06-29
101484,VERIFIED,MEDIUM,62191.22,SALARIED,N,2025-11-30
101485,VERIFIED,LOW,43547.06,SALARIED,N,2026-03-31
101486,EXPIRED,LOW,60590.07,SALARIED,N,2026-09-20
101487,VERIFIED,LOW,39993.36,SALARIED,N,2025-01-21
101488,VERIFIED,LOW,34285.56,SALARIED,N,2025-03-31
101489,VERIFIED,MEDIUM,79642.18,SALARIED,N,2026-08-26
101490,PENDING,LOW,136412.4,RETIRED,N,2026-01-07
101491,VERIFIED,LOW,112277.4,SALARIED,N,2025-07-20
101492,VERIFIED,MEDIUM,136387.13,SELF_EMPLOYED,N,2026-07-29
101493,VERIFIED,MEDIUM,147196.1,PROFESSIONAL,N,2025-07-07
101494,VERIFIED,LOW,59613.27,RETIRED,N,2025-10-24
101495,VERIFIED,LOW,223260.74,SALARIED,N,2026-08-04
101496,VERIFIED,LOW,108172.25,SALARIED,N,2026-06-21
101497,VERIFIED,LOW,35688.61,SALARIED,N,2026-06-17
101498,VERIFIED,MEDIUM,42845.96,SELF_EMPLOYED,N,2026-03-02
101499,VERIFIED,LOW,72990.2,SALARIED,N,2026-05-26
101500,VERIFIED,LOW,117283.29,SALARIED,N,2025-06-19
101501,VERIFIED,MEDIUM,57025.02,STUDENT,N,2025-05-21
101502,VERIFIED,LOW,35199.88,SALARIED,N,2026-08-09
101503,VERIFIED,MEDIUM,110615.25,SALARIED,N,2026-05-18
101504,VERIFIED,LOW,32017.16,RETIRED,N,2025-08-30
101505,VERIFIED,LOW,80621.91,SELF_EMPLOYED,N,2025-04-18
101506,EXPIRED,LOW,68053.29,STUDENT,N,2025-01-30
101507,VERIFIED,LOW,27650.67,SALARIED,N,2025-12-14
101508,VERIFIED,LOW,210079.61,SALARIED,N,2025-05-31
101509,VERIFIED,LOW,66894.66,SALARIED,N,2025-12-14
101510,VERIFIED,MEDIUM,30611.12,PROFESSIONAL,N,2026-06-04
101511,VERIFIED,LOW,68292.63,RETIRED,N,2025-09-20
101512,VERIFIED,LOW,21491.68,STUDENT,N,2026-04-13
101513,VERIFIED,LOW,83676.1,SELF_EMPLOYED,N,2026-07-25
101514,VERIFIED,LOW,115810.48,SELF_EMPLOYED,N,2026-03-11
101515,VERIFIED,LOW,383166.45,SALARIED,N,2026-07-20
101516,VERIFIED,LOW,70516.92,SALARIED,N,2025-02-27
101517,VERIFIED,LOW,43118.1,SALARIED,N,2026-03-29
101518,VERIFIED,HIGH,75686.96,SELF_EMPLOYED,N,2026-05-15
101519,VERIFIED,LOW,168758.98,RETIRED,N,2026-03-29
101520,VERIFIED,MEDIUM,91636.85,SELF_EMPLOYED,N,2026-02-01
101521,PENDING,MEDIUM,113691.23,SALARIED,N,2026-02-07
101522,VERIFIED,LOW,108449.08,SALARIED,N,2025-03-26
101523,VERIFIED,LOW,91960.6,SALARIED,N,2025-12-03
101524,VERIFIED,LOW,26603.63,SALARIED,N,2025-10-15
101525,VERIFIED,LOW,25678.28,STUDENT,N,2026-07-12
101526,VERIFIED,LOW,23705.13,SELF_EMPLOYED,N,2025-07-26
101527,PENDING,LOW,30382.76,SALARIED,N,2025-09-24
101528,VERIFIED,LOW,32743.59,SALARIED,N,2026-04-09
101529,VERIFIED,LOW,221642.45,SALARIED,N,2025-04-07
101530,VERIFIED,LOW,41795.53,SALARIED,N,2025-09-29
101531,VERIFIED,LOW,70608.73,SALARIED,N,2026-01-11
101532,VERIFIED,LOW,56470.28,SALARIED,N,2026-03-20
101533,VERIFIED,MEDIUM,75040.01,SALARIED,N,2026-08-03
101534,VERIFIED,LOW,69254.37,SALARIED,N,2026-08-20
101535,VERIFIED,LOW,29249.47,SALARIED,N,2025-01-25
101536,VERIFIED,MEDIUM,97590.2,SALARIED,N,2025-10-06
101537,VERIFIED,LOW,42536.28,SALARIED,N,2026-09-01
101538,VERIFIED,LOW,41618.82,SELF_EMPLOYED,N,2026-07-24
101539,VERIFIED,LOW,54219.54,SELF_EMPLOYED,N,2026-02-16
101540,VERIFIED,LOW,111952.24,SALARIED,N,2025-08-17
101541,VERIFIED,LOW,44092.1,RETIRED,N,2026-03-25
101542,VERIFIED,LOW,70238.91,SELF_EMPLOYED,N,2025-07-25
101543,EXPIRED,LOW,85978.33,SELF_EMPLOYED,N,2026-02-25
101544,VERIFIED,LOW,78193.33,SALARIED,N,2025-04-12
101545,VERIFIED,HIGH,75459.29,STUDENT,N,2025-05-05
101546,VERIFIED,MEDIUM,26573.71,SALARIED,N,2026-04-19
101547,VERIFIED,LOW,71859.28,PROFESSIONAL,N,2026-01-21
101548,VERIFIED,MEDIUM,36513.31,SALARIED,N,2026-04-29
101549,VERIFIED,LOW,21078.67,STUDENT,N,2025-03-24
101550,VERIFIED,MEDIUM,48985.4,PROFESSIONAL,N,2025-03-27
101551,VERIFIED,MEDIUM,47228.34,PROFESSIONAL,N,2025-09-05
101552,PENDING,LOW,453216.83,SALARIED,N,2026-08-27
101553,VERIFIED,LOW,124807.76,SELF_EMPLOYED,N,2025-03-29
101554,VERIFIED,LOW,110171.8,SALARIED,N,2025-09-03
101555,VERIFIED,LOW,50765.7,SALARIED,N,2026-04-03
101556,VERIFIED,LOW,58663.82,SALARIED,N,2026-02-27
101557,VERIFIED,MEDIUM,352046.76,PROFESSIONAL,N,2025-11-25
101558,VERIFIED,LOW,43767.45,SALARIED,N,2026-07-15
101559,VERIFIED,LOW,78096.52,SELF_EMPLOYED,N,2026-06-30
101560,VERIFIED,LOW,219004.53,SALARIED,N,2025-11-24
101561,VERIFIED,MEDIUM,41340.64,SALARIED,N,2025-10-27
101562,VERIFIED,LOW,72937.9,STUDENT,N,2026-07-27
101563,VERIFIED,LOW,65395.21,STUDENT,N,2026-02-06
101564,VERIFIED,MEDIUM,37134.11,SELF_EMPLOYED,N,2026-05-09
101565,VERIFIED,LOW,109504.31,SALARIED,N,2026-06-04
101566,VERIFIED,LOW,32049.67,SALARIED,N,2025-09-01
101567,VERIFIED,LOW,109569.09,SALARIED,N,2025-12-22
101568,VERIFIED,MEDIUM,87483.56,SALARIED,Y,2025-10-18
101569,VERIFIED,MEDIUM,118617.67,SALARIED,N,2026-02-13
101570,VERIFIED,MEDIUM,58323.96,SALARIED,N,2026-02-21
101571,VERIFIED,MEDIUM,85233.03,SALARIED,N,2026-01-04
101572,VERIFIED,LOW,128929.0,SALARIED,N,2026-07-25
101573,VERIFIED,MEDIUM,26481.78,PROFESSIONAL,N,2026-05-12
101574,VERIFIED,MEDIUM,30167.02,RETIRED,N,2026-10-05
101575,VERIFIED,MEDIUM,96581.27,SALARIED,N,2025-07-23
101576,VERIFIED,MEDIUM,112977.01,SALARIED,N,2025-04-14
101577,VERIFIED,LOW,72263.77,SALARIED,N,2026-05-15
101578,VERIFIED,LOW,120327.36,SALARIED,N,2026-02-08
101579,VERIFIED,MEDIUM,52290.45,SELF_EMPLOYED,N,2025-09-16
101580,VERIFIED,LOW,150789.62,SALARIED,N,2026-08-13
101581,VERIFIED,LOW,63120.19,PROFESSIONAL,N,2026-07-29
101582,VERIFIED,HIGH,39887.69,SALARIED,N,2025-06-28
101583,VERIFIED,HIGH,167069.5,SALARIED,N,2026-08-01
101584,VERIFIED,LOW,113262.61,STUDENT,N,2025-11-22
101585,VERIFIED,LOW,49380.45,STUDENT,N,2025-02-25
101586,VERIFIED,LOW,50027.22,PROFESSIONAL,N,2026-04-02
101587,VERIFIED,LOW,97789.26,RETIRED,N,2026-04-07
101588,VERIFIED,LOW,34532.05,STUDENT,N,2025-11-03
101589,VERIFIED,LOW,81498.82,SALARIED,N,2025-11-22
101590,VERIFIED,MEDIUM,59297.91,PROFESSIONAL,N,2025-04-22
101591,VERIFIED,LOW,76084.12,PROFESSIONAL,N,2025-09-08
101592,VERIFIED,LOW,17785.57,SALARIED,N,2025-05-04
101593,VERIFIED,LOW,36696.37,SALARIED,N,2025-02-28
101594,VERIFIED,LOW,78032.86,SELF_EMPLOYED,N,2026-01-21
101595,VERIFIED,MEDIUM,131163.57,SALARIED,N,2025-02-13
101596,VERIFIED,LOW,60763.86,SELF_EMPLOYED,N,2026-10-05
101597,VERIFIED,LOW,105837.58,SALARIED,N,2025-04-18
101598,PENDING,LOW,25260.08,SALARIED,Y,2025-03-14
101599,VERIFIED,LOW,49434.98,SALARIED,N,2026-04-27
101600,PENDING,LOW,79372.44,STUDENT,N,2025-11-16
101601,VERIFIED,MEDIUM,63542.38,RETIRED,N,2026-08-24
101602,VERIFIED,MEDIUM,108629.83,RETIRED,N,2025-02-26
101603,VERIFIED,MEDIUM,55995.88,SELF_EMPLOYED,N,2025-01-10
101604,VERIFIED,MEDIUM,56351.93,PROFESSIONAL,N,2026-05-08
101605,VERIFIED,LOW,101200.42,SALARIED,N,2025-10-30
101606,VERIFIED,HIGH,46662.45,SALARIED,N,2026-06-11
101607,VERIFIED,MEDIUM,36681.22,SALARIED,N,2025-12-18
101608,VERIFIED,LOW,89514.37,SALARIED,N,2026-04-02
101609,PENDING,MEDIUM,35369.03,SELF_EMPLOYED,N,2025-11-18
101610,EXPIRED,LOW,166383.56,SALARIED,N,2026-03-07
101611,VERIFIED,MEDIUM,19983.08,STUDENT,N,2026-05-22
101612,VERIFIED,MEDIUM,54509.82,RETIRED,N,2026-06-19
101613,VERIFIED,HIGH,190480.96,SALARIED,N,2025-01-16
101614,VERIFIED,MEDIUM,239018.19,SALARIED,N,2026-04-12
101615,EXPIRED,MEDIUM,62360.62,PROFESSIONAL,N,2026-03-03
101616,VERIFIED,LOW,135615.97,PROFESSIONAL,N,2026-02-01
101617,VERIFIED,LOW,109515.93,PROFESSIONAL,N,2026-02-11
101618,VERIFIED,MEDIUM,48074.12,SELF_EMPLOYED,N,2026-04-11
101619,VERIFIED,LOW,89651.43,PROFESSIONAL,N,2026-10-05
101620,PENDING,LOW,37796.4,STUDENT,N,2025-03-12
101621,EXPIRED,LOW,23973.06,SALARIED,N,2026-01-07
101622,VERIFIED,LOW,91837.25,RETIRED,N,2025-08-14
101623,VERIFIED,LOW,95420.37,PROFESSIONAL,N,2026-05-30
101624,PENDING,MEDIUM,30621.02,SALARIED,N,2026-03-06
101625,VERIFIED,MEDIUM,60308.19,SALARIED,N,2025-12-23
101626,VERIFIED,LOW,30608.32,RETIRED,N,2026-06-03
101627,VERIFIED,MEDIUM,49027.85,SALARIED,N,2025-09-03
101628,VERIFIED,LOW,49826.09,PROFESSIONAL,N,2025-05-17
101629,VERIFIED,LOW,107104.46,SALARIED,N,2025-10-11
101630,PENDING,MEDIUM,47807.66,SELF_EMPLOYED,N,2025-08-03
101631,PENDING,MEDIUM,29139.09,SALARIED,N,2026-05-09
101632,VERIFIED,LOW,201838.54,SALARIED,N,2025-10-17
101633,EXPIRED,MEDIUM,91280.29,SALARIED,N,2026-04-13
101634,VERIFIED,MEDIUM,118470.26,SALARIED,N,2026-08-17
101635,VERIFIED,LOW,98255.29,SALARIED,N,2025-01-29
101636,VERIFIED,LOW,121988.35,SALARIED,N,2025-08-28
101637,VERIFIED,MEDIUM,87882.45,SALARIED,N,2025-03-28
101638,VERIFIED,LOW,89530.32,SELF_EMPLOYED,N,2025-04-01
101639,VERIFIED,LOW,71880.5,SELF_EMPLOYED,N,2026-04-30
101640,PENDING,LOW,49740.91,SALARIED,N,2026-07-21
101641,VERIFIED,LOW,117752.03,SELF_EMPLOYED,N,2026-06-05
101642,VERIFIED,LOW,55715.17,SELF_EMPLOYED,N,2025-09-16
101643,VERIFIED,LOW,71433.9,SELF_EMPLOYED,N,2025-08-18
101644,VERIFIED,LOW,84166.53,RETIRED,N,2026-07-15
101645,VERIFIED,MEDIUM,88916.61,STUDENT,N,2026-05-18
101646,VERIFIED,LOW,34223.78,PROFESSIONAL,N,2025-02-24
101647,VERIFIED,LOW,75416.29,SELF_EMPLOYED,N,2025-03-25
101648,VERIFIED,MEDIUM,34080.57,SALARIED,N,2026-09-07
101649,VERIFIED,LOW,74316.0,SALARIED,N,2026-04-12
101650,VERIFIED,LOW,109848.42,SELF_EMPLOYED,N,2026-09-13
101651,VERIFIED,LOW,213183.93,SELF_EMPLOYED,N,2026-07-03
101652,PENDING,LOW,96326.57,SELF_EMPLOYED,N,2025-07-05
101653,VERIFIED,LOW,116026.24,SELF_EMPLOYED,N,2026-03-19
101654,VERIFIED,MEDIUM,32629.1,SELF_EMPLOYED,N,2025-01-24
101655,VERIFIED,MEDIUM,93883.71,SALARIED,N,2025-10-19
101656,VERIFIED,LOW,32047.22,STUDENT,N,2025-09-18
101657,VERIFIED,LOW,144580.06,STUDENT,N,2025-01-29
101658,VERIFIED,MEDIUM,33088.88,SALARIED,N,2025-05-31
101659,VERIFIED,MEDIUM,35061.57,SELF_EMPLOYED,N,2025-10-05
101660,VERIFIED,LOW,108074.51,STUDENT,N,2026-05-18
101661,VERIFIED,MEDIUM,197175.82,SELF_EMPLOYED,N,2026-04-06
101662,VERIFIED,HIGH,131610.62,SALARIED,Y,2025-01-29
101663,VERIFIED,LOW,52570.62,STUDENT,N,2025-01-08
101664,VERIFIED,LOW,34784.36,PROFESSIONAL,N,2025-03-17
101665,VERIFIED,MEDIUM,50106.3,SELF_EMPLOYED,N,2025-09-08
101666,VERIFIED,LOW,71805.7,SALARIED,N,2026-03-05
101667,VERIFIED,LOW,62924.57,PROFESSIONAL,N,2025-08-24
101668,VERIFIED,MEDIUM,33902.11,STUDENT,N,2026-06-15
101669,VERIFIED,MEDIUM,152665.9,SALARIED,N,2026-04-15
101670,VERIFIED,LOW,154840.54,SELF_EMPLOYED,N,2025-01-23
101671,VERIFIED,LOW,225306.7,SELF_EMPLOYED,N,2025-05-06
101672,VERIFIED,LOW,22486.92,SALARIED,N,2025-06-15
101673,VERIFIED,MEDIUM,39120.08,PROFESSIONAL,N,2026-06-28
101674,VERIFIED,MEDIUM,77889.86,STUDENT,N,2026-02-01
101675,VERIFIED,MEDIUM,66379.51,SALARIED,N,2026-03-27
101676,VERIFIED,LOW,49404.06,PROFESSIONAL,N,2025-07-02
101677,VERIFIED,MEDIUM,37929.12,SALARIED,N,2025-05-26
101678,VERIFIED,MEDIUM,34595.5,SALARIED,N,2026-02-27
101679,VERIFIED,LOW,246964.22,SALARIED,N,2025-02-01
101680,VERIFIED,LOW,26172.3,SELF_EMPLOYED,N,2026-02-07
101681,VERIFIED,LOW,24043.46,STUDENT,N,2026-06-12
101682,VERIFIED,LOW,30567.02,SELF_EMPLOYED,N,2025-11-25
101683,VERIFIED,LOW,74976.85,SALARIED,N,2025-11-16
101684,VERIFIED,LOW,55410.69,SALARIED,N,2026-05-25
101685,VERIFIED,LOW,86583.0,SALARIED,N,2025-12-30
101686,PENDING,LOW,41800.38,SALARIED,N,2025-02-16
101687,VERIFIED,LOW,70069.94,SELF_EMPLOYED,N,2026-04-24
101688,VERIFIED,MEDIUM,69919.16,RETIRED,N,2025-03-11
101689,VERIFIED,LOW,184168.45,STUDENT,N,2026-08-20
101690,VERIFIED,MEDIUM,210313.55,SALARIED,N,2025-03-26
101691,VERIFIED,LOW,59987.14,SALARIED,N,2026-03-26
101692,PENDING,MEDIUM,115347.82,SELF_EMPLOYED,N,2026-09-28
101693,VERIFIED,MEDIUM,73536.65,SELF_EMPLOYED,N,2026-07-22
101694,PENDING,MEDIUM,109206.08,SALARIED,Y,2025-06-29
101695,VERIFIED,MEDIUM,84978.9,RETIRED,N,2025-03-29
101696,VERIFIED,LOW,106761.46,SELF_EMPLOYED,N,2025-09-13
101697,VERIFIED,LOW,115208.27,SALARIED,N,2026-01-21
101698,VERIFIED,MEDIUM,87201.29,PROFESSIONAL,N,2025-06-25
101699,VERIFIED,LOW,72323.6,SALARIED,N,2026-05-19
101700,VERIFIED,LOW,130331.07,SELF_EMPLOYED,N,2026-04-25
101701,PENDING,LOW,60625.99,STUDENT,N,2025-02-06
101702,VERIFIED,LOW,45503.14,STUDENT,N,2025-06-22
101703,EXPIRED,MEDIUM,24095.25,SALARIED,N,2025-07-23
101704,VERIFIED,MEDIUM,87242.36,SALARIED,N,2026-01-04
101705,VERIFIED,LOW,103776.67,SELF_EMPLOYED,N,2026-09-24
101706,VERIFIED,LOW,21578.64,SALARIED,N,2025-03-13
101707,VERIFIED,MEDIUM,44402.22,SELF_EMPLOYED,N,2025-03-04
101708,VERIFIED,MEDIUM,107813.17,PROFESSIONAL,N,2026-06-13
101709,PENDING,LOW,60271.28,SALARIED,N,2026-01-13
101710,PENDING,LOW,68590.69,SALARIED,N,2026-09-13
101711,VERIFIED,MEDIUM,119756.72,SALARIED,N,2026-05-05
101712,VERIFIED,LOW,61680.19,RETIRED,N,2025-08-19
101713,VERIFIED,LOW,84948.16,SALARIED,N,2025-06-13
101714,VERIFIED,LOW,32774.56,RETIRED,N,2025-03-05
101715,VERIFIED,MEDIUM,83158.74,SELF_EMPLOYED,N,2026-04-30
101716,VERIFIED,LOW,27715.68,SALARIED,N,2025-08-16
101717,VERIFIED,LOW,28484.3,SALARIED,N,2025-01-06
101718,PENDING,LOW,47703.91,SELF_EMPLOYED,N,2025-04-17
101719,VERIFIED,HIGH,94536.26,SALARIED,N,2026-09-18
101720,VERIFIED,LOW,68467.36,SALARIED,N,2026-08-02
101721,VERIFIED,LOW,39615.52,SALARIED,N,2026-05-30
101722,PENDING,LOW,117050.88,SALARIED,N,2026-09-19
101723,VERIFIED,LOW,81404.67,STUDENT,N,2025-12-27
101724,VERIFIED,MEDIUM,130520.55,RETIRED,N,2025-07-12
101725,VERIFIED,LOW,37086.89,PROFESSIONAL,N,2026-03-12
101726,VERIFIED,LOW,168095.41,SALARIED,N,2026-05-09
101727,VERIFIED,LOW,185025.37,SALARIED,N,2025-05-07
101728,VERIFIED,LOW,119677.96,SALARIED,N,2026-05-12
101729,VERIFIED,LOW,90863.68,SELF_EMPLOYED,N,2026-02-19
101730,VERIFIED,MEDIUM,91370.98,SELF_EMPLOYED,N,2026-05-21
101731,VERIFIED,LOW,82037.61,SALARIED,N,2026-04-25
101732,VERIFIED,LOW,27104.27,SALARIED,N,2025-03-01
101733,VERIFIED,LOW,44840.78,RETIRED,N,2026-07-29
101734,VERIFIED,MEDIUM,61844.49,SALARIED,N,2026-07-06
101735,VERIFIED,MEDIUM,33868.88,PROFESSIONAL,N,2025-03-09
101736,VERIFIED,HIGH,168158.61,SELF_EMPLOYED,N,2025-10-14
101737,VERIFIED,LOW,91603.86,SELF_EMPLOYED,N,2026-01-30
101738,VERIFIED,MEDIUM,210770.74,SALARIED,N,2026-06-19
101739,VERIFIED,LOW,110590.69,STUDENT,N,2026-03-23
101740,EXPIRED,LOW,26692.48,SELF_EMPLOYED,N,2025-08-06
101741,VERIFIED,MEDIUM,154745.1,SELF_EMPLOYED,N,2026-04-21
101742,VERIFIED,MEDIUM,49368.86,SELF_EMPLOYED,N,2026-08-20
101743,VERIFIED,MEDIUM,160644.02,SALARIED,N,2025-10-09
101744,VERIFIED,LOW,176355.32,SALARIED,N,2025-05-25
101745,VERIFIED,LOW,159308.69,PROFESSIONAL,N,2025-10-25
101746,VERIFIED,LOW,132947.24,SALARIED,N,2025-04-28
101747,VERIFIED,LOW,87702.02,PROFESSIONAL,N,2025-11-30
101748,VERIFIED,LOW,65728.64,SALARIED,N,2025-01-08
101749,VERIFIED,MEDIUM,225328.43,PROFESSIONAL,N,2025-02-08
101750,VERIFIED,LOW,78987.71,PROFESSIONAL,Y,2025-07-06
101751,VERIFIED,LOW,51511.89,PROFESSIONAL,N,2025-05-30
101752,VERIFIED,LOW,88189.59,SELF_EMPLOYED,N,2025-10-03
101753,VERIFIED,LOW,139628.54,SALARIED,N,2026-05-24
101754,VERIFIED,LOW,136326.38,STUDENT,N,2026-05-14
101755,VERIFIED,MEDIUM,32664.2,SALARIED,N,2025-06-18
101756,VERIFIED,MEDIUM,133545.83,RETIRED,N,2025-02-11
101757,VERIFIED,LOW,103576.89,PROFESSIONAL,N,2025-01-21
101758,VERIFIED,LOW,52862.27,SALARIED,N,2025-05-27
101759,VERIFIED,LOW,38720.2,SALARIED,N,2026-06-16
101760,VERIFIED,LOW,167637.04,STUDENT,N,2026-01-25
101761,VERIFIED,MEDIUM,178749.95,SALARIED,N,2025-02-04
101762,VERIFIED,HIGH,183570.02,SALARIED,N,2026-05-14
101763,VERIFIED,LOW,28278.34,SALARIED,N,2025-09-06
101764,VERIFIED,MEDIUM,57742.54,STUDENT,N,2026-03-25
101765,VERIFIED,LOW,68666.99,SALARIED,N,2026-03-19
101766,VERIFIED,MEDIUM,175713.67,SALARIED,N,2026-05-14
101767,VERIFIED,LOW,111852.02,SALARIED,N,2026-09-25
101768,VERIFIED,LOW,57211.08,SELF_EMPLOYED,N,2026-05-20
101769,VERIFIED,MEDIUM,73518.69,SALARIED,N,2025-09-11
101770,VERIFIED,MEDIUM,105236.63,SALARIED,N,2025-04-19
101771,VERIFIED,HIGH,107580.49,SALARIED,N,2026-02-28
101772,VERIFIED,LOW,197271.64,SELF_EMPLOYED,N,2025-07-05
101773,VERIFIED,HIGH,170542.55,SALARIED,N,2025-02-03
101774,VERIFIED,MEDIUM,148835.08,SELF_EMPLOYED,N,2026-08-07
101775,VERIFIED,LOW,40266.2,SELF_EMPLOYED,N,2025-11-12
101776,VERIFIED,LOW,41903.55,SELF_EMPLOYED,N,2026-04-19
101777,EXPIRED,MEDIUM,34752.74,SALARIED,N,2025-01-30
101778,PENDING,LOW,87120.9,SALARIED,N,2026-09-17
101779,VERIFIED,LOW,48765.58,STUDENT,N,2026-04-05
101780,VERIFIED,LOW,97459.7,SALARIED,N,2026-09-22
101781,VERIFIED,LOW,107047.34,STUDENT,N,2026-01-14
101782,VERIFIED,LOW,77667.28,SALARIED,N,2025-01-03
101783,VERIFIED,LOW,119322.31,SELF_EMPLOYED,N,2025-09-03
101784,VERIFIED,MEDIUM,44346.86,SALARIED,N,2026-01-21
101785,VERIFIED,LOW,25815.29,SELF_EMPLOYED,N,2026-05-09
101786,VERIFIED,LOW,42645.07,SALARIED,N,2026-06-03
101787,VERIFIED,LOW,116324.04,PROFESSIONAL,N,2025-05-10
101788,VERIFIED,LOW,223231.4,SALARIED,N,2026-02-27
101789,VERIFIED,LOW,176644.9,SALARIED,N,2026-08-12
101790,VERIFIED,LOW,59362.85,SALARIED,N,2025-02-14
101791,VERIFIED,HIGH,126289.87,STUDENT,N,2025-06-11
101792,VERIFIED,LOW,27473.3,PROFESSIONAL,N,2026-03-20
101793,VERIFIED,MEDIUM,185322.0,SALARIED,N,2026-01-24
101794,VERIFIED,LOW,95436.38,SALARIED,N,2025-11-03
101795,VERIFIED,MEDIUM,113504.26,STUDENT,N,2026-05-04
101796,EXPIRED,MEDIUM,19602.02,SALARIED,N,2026-01-08
101797,VERIFIED,HIGH,91871.34,SALARIED,N,2025-01-25
101798,PENDING,MEDIUM,225764.77,SALARIED,N,2026-06-01
101799,VERIFIED,MEDIUM,82584.48,SALARIED,N,2025-10-05
101800,EXPIRED,MEDIUM,64276.17,STUDENT,N,2025-04-20
101801,VERIFIED,MEDIUM,57797.56,SELF_EMPLOYED,N,2025-10-03
101802,VERIFIED,LOW,42735.2,SALARIED,N,2025-08-21
101803,VERIFIED,LOW,72398.36,PROFESSIONAL,N,2025-11-14
101804,VERIFIED,LOW,30979.68,PROFESSIONAL,N,2025-02-02
101805,VERIFIED,MEDIUM,91564.7,SALARIED,N,2025-05-10
101806,VERIFIED,HIGH,140608.07,SALARIED,N,2026-01-07
101807,VERIFIED,HIGH,51693.37,SALARIED,N,2025-08-08
101808,VERIFIED,LOW,87712.92,SALARIED,N,2025-02-27
101809,VERIFIED,MEDIUM,65575.73,SALARIED,N,2025-06-21
101810,EXPIRED,LOW,88361.76,SALARIED,N,2025-06-13
101811,VERIFIED,MEDIUM,123528.69,SALARIED,N,2026-07-14
101812,VERIFIED,LOW,89502.28,PROFESSIONAL,N,2026-05-04
101813,VERIFIED,LOW,119582.19,SALARIED,N,2026-04-02
101814,VERIFIED,LOW,95957.65,SELF_EMPLOYED,N,2025-03-15
101815,VERIFIED,LOW,119804.17,SELF_EMPLOYED,N,2025-06-17
101816,VERIFIED,LOW,83959.66,PROFESSIONAL,N,2025-08-14
101817,PENDING,MEDIUM,84783.23,SALARIED,N,2025-11-27
101818,VERIFIED,LOW,107163.64,SALARIED,N,2026-05-04
101819,VERIFIED,MEDIUM,65215.85,SALARIED,N,2026-02-11
101820,VERIFIED,LOW,91577.01,SALARIED,N,2026-05-16
101821,VERIFIED,LOW,38296.22,SALARIED,N,2026-08-06
101822,VERIFIED,LOW,21042.24,SALARIED,N,2026-05-02
101823,VERIFIED,LOW,72565.91,SELF_EMPLOYED,N,2025-07-05
101824,VERIFIED,MEDIUM,40655.65,PROFESSIONAL,N,2026-01-24
101825,VERIFIED,MEDIUM,239590.89,SALARIED,N,2025-10-16
101826,VERIFIED,MEDIUM,40579.01,PROFESSIONAL,N,2026-03-29
101827,VERIFIED,MEDIUM,112131.2,SALARIED,N,2026-02-19
101828,VERIFIED,MEDIUM,42955.29,SELF_EMPLOYED,N,2026-03-09
101829,EXPIRED,MEDIUM,67096.26,SELF_EMPLOYED,N,2025-07-31
101830,VERIFIED,LOW,32956.12,SALARIED,N,2025-12-22
101831,VERIFIED,LOW,31023.58,SALARIED,N,2025-05-13
101832,VERIFIED,MEDIUM,81992.62,RETIRED,N,2025-09-09
101833,PENDING,LOW,52598.23,SALARIED,N,2026-09-23
101834,VERIFIED,MEDIUM,110312.75,SALARIED,N,2025-03-13
101835,PENDING,MEDIUM,153194.73,SALARIED,N,2026-05-07
101836,VERIFIED,LOW,24150.68,PROFESSIONAL,N,2026-06-25
101837,VERIFIED,HIGH,134629.65,SALARIED,N,2026-01-08
101838,VERIFIED,LOW,35424.15,SALARIED,N,2025-11-21
101839,VERIFIED,MEDIUM,53290.32,SALARIED,N,2026-08-10
101840,VERIFIED,MEDIUM,26603.1,SALARIED,N,2026-05-25
101841,VERIFIED,MEDIUM,27124.8,SALARIED,N,2026-08-26
101842,VERIFIED,LOW,18687.76,SALARIED,N,2025-11-02
101843,VERIFIED,LOW,50872.89,SELF_EMPLOYED,N,2026-04-08
101844,VERIFIED,LOW,68857.82,SALARIED,N,2026-02-20
101845,VERIFIED,LOW,51976.13,STUDENT,N,2026-05-08
101846,VERIFIED,LOW,20662.67,SALARIED,N,2026-09-30
101847,VERIFIED,LOW,18545.41,SALARIED,N,2025-12-09
101848,VERIFIED,LOW,66607.67,SALARIED,N,2025-03-03
101849,PENDING,LOW,110510.77,PROFESSIONAL,N,2025-12-09
101850,VERIFIED,LOW,77735.1,SALARIED,N,2025-07-08
101851,VERIFIED,LOW,222824.36,SALARIED,N,2025-05-14
101852,VERIFIED,MEDIUM,64551.8,STUDENT,N,2025-06-17
101853,VERIFIED,MEDIUM,81229.26,SALARIED,N,2026-06-10
101854,VERIFIED,LOW,65273.56,RETIRED,N,2026-08-05
101855,VERIFIED,LOW,39815.31,SALARIED,N,2025-07-20
101856,VERIFIED,LOW,59471.01,SALARIED,N,2025-03-22
101857,VERIFIED,LOW,114122.66,PROFESSIONAL,N,2026-03-23
101858,VERIFIED,MEDIUM,117057.39,SALARIED,N,2026-06-30
101859,VERIFIED,LOW,83484.55,SALARIED,N,2026-09-28
101860,VERIFIED,LOW,185067.25,SELF_EMPLOYED,N,2025-03-09
101861,VERIFIED,LOW,89086.8,PROFESSIONAL,N,2026-03-19
101862,VERIFIED,MEDIUM,81829.27,SALARIED,N,2026-10-01
101863,VERIFIED,LOW,175681.92,SELF_EMPLOYED,N,2026-06-08
101864,VERIFIED,LOW,41574.0,SALARIED,N,2025-04-05
101865,PENDING,MEDIUM,167413.24,SALARIED,N,2025-02-14
101866,VERIFIED,MEDIUM,35134.38,SALARIED,N,2025-01-25
101867,VERIFIED,LOW,55663.82,RETIRED,N,2026-03-07
101868,VERIFIED,LOW,20056.94,SALARIED,N,2026-08-18
101869,VERIFIED,LOW,77909.81,STUDENT,N,2026-03-08
101870,VERIFIED,MEDIUM,156630.52,SALARIED,N,2026-08-27
101871,VERIFIED,MEDIUM,35969.43,SALARIED,N,2025-05-10
101872,VERIFIED,HIGH,55059.52,SELF_EMPLOYED,N,2025-10-25
101873,VERIFIED,LOW,57292.63,SALARIED,N,2025-01-28
101874,VERIFIED,LOW,57537.53,SALARIED,N,2026-02-07
101875,VERIFIED,LOW,33486.37,SALARIED,N,2026-08-27
101876,VERIFIED,MEDIUM,67804.1,SALARIED,N,2025-05-07
101877,VERIFIED,LOW,183598.32,SALARIED,N,2026-09-25
101878,VERIFIED,LOW,47782.79,SALARIED,N,2026-09-14
101879,VERIFIED,LOW,76852.4,SALARIED,N,2026-05-10
101880,VERIFIED,LOW,76453.31,PROFESSIONAL,N,2026-06-30
101881,VERIFIED,LOW,51165.89,SALARIED,N,2025-02-27
101882,EXPIRED,LOW,79290.35,STUDENT,N,2026-07-31
101883,VERIFIED,MEDIUM,51660.78,SALARIED,N,2025-07-29
101884,VERIFIED,LOW,86808.5,SALARIED,N,2026-07-04
101885,VERIFIED,MEDIUM,63207.08,SALARIED,N,2026-04-09
101886,EXPIRED,LOW,26535.93,SALARIED,N,2025-12-27
101887,VERIFIED,LOW,20549.97,SALARIED,N,2026-08-05
101888,VERIFIED,LOW,16487.06,SALARIED,N,2025-08-04
101889,VERIFIED,LOW,50685.76,SELF_EMPLOYED,N,2025-04-01
101890,VERIFIED,LOW,113543.79,SALARIED,N,2026-10-08
101891,VERIFIED,LOW,41169.75,STUDENT,N,2026-08-28
101892,VERIFIED,LOW,56359.78,STUDENT,N,2025-09-16
101893,VERIFIED,MEDIUM,43261.08,SALARIED,N,2026-05-25
101894,VERIFIED,MEDIUM,38455.89,SALARIED,N,2026-09-24
101895,VERIFIED,HIGH,276977.4,SELF_EMPLOYED,N,2025-06-02
101896,VERIFIED,MEDIUM,39389.58,SALARIED,N,2025-06-01
101897,VERIFIED,LOW,27475.51,SELF_EMPLOYED,N,2026-07-08
101898,VERIFIED,LOW,36985.6,SALARIED,N,2026-01-25
101899,VERIFIED,HIGH,69465.99,STUDENT,N,2025-01-12
101900,PENDING,LOW,45580.96,SALARIED,N,2025-12-24
101901,VERIFIED,LOW,79686.23,SALARIED,N,2025-03-19
101902,VERIFIED,LOW,41163.57,PROFESSIONAL,N,2025-06-22
101903,VERIFIED,LOW,45153.25,PROFESSIONAL,N,2026-10-05
101904,VERIFIED,MEDIUM,41781.96,SALARIED,N,2025-06-18
101905,VERIFIED,LOW,62354.41,SELF_EMPLOYED,N,2025-07-27
101906,VERIFIED,LOW,105219.76,STUDENT,N,2026-05-24
101907,VERIFIED,MEDIUM,112698.53,SALARIED,N,2025-11-12
101908,VERIFIED,MEDIUM,165197.27,SALARIED,N,2025-08-04
101909,VERIFIED,MEDIUM,28193.89,STUDENT,N,2026-08-16
101910,VERIFIED,MEDIUM,33660.93,STUDENT,N,2026-03-11
101911,VERIFIED,LOW,36420.62,SALARIED,N,2025-10-15
101912,VERIFIED,LOW,66027.56,SALARIED,N,2025-12-09
101913,VERIFIED,LOW,32855.07,SALARIED,N,2025-02-12
101914,VERIFIED,LOW,42281.67,PROFESSIONAL,N,2025-05-03
101915,VERIFIED,MEDIUM,103248.82,RETIRED,N,2026-09-07
101916,VERIFIED,MEDIUM,132660.92,SALARIED,N,2025-07-02
101917,VERIFIED,LOW,103825.15,STUDENT,N,2026-06-03
101918,VERIFIED,LOW,81498.36,SALARIED,N,2025-07-29
101919,VERIFIED,HIGH,43014.96,SALARIED,N,2025-08-11
101920,VERIFIED,LOW,67092.2,SALARIED,N,2025-06-25
101921,VERIFIED,LOW,138892.6,RETIRED,N,2025-03-01
101922,VERIFIED,LOW,101723.26,SALARIED,N,2025-03-08
101923,VERIFIED,LOW,117597.24,STUDENT,N,2025-01-23
101924,VERIFIED,LOW,122752.37,PROFESSIONAL,N,2025-01-06
101925,VERIFIED,MEDIUM,53467.02,STUDENT,N,2026-05-17
101926,VERIFIED,LOW,99900.62,SALARIED,N,2026-06-04
101927,VERIFIED,LOW,51696.87,SALARIED,N,2025-07-31
101928,VERIFIED,LOW,97427.02,SALARIED,N,2025-06-21
101929,VERIFIED,LOW,146879.52,SALARIED,N,2025-08-18
101930,VERIFIED,LOW,181677.35,SELF_EMPLOYED,N,2026-08-08
101931,VERIFIED,LOW,97397.61,SALARIED,N,2026-05-10
101932,VERIFIED,LOW,85480.36,SALARIED,N,2025-01-18
101933,VERIFIED,LOW,163086.22,SALARIED,N,2026-05-29
101934,VERIFIED,HIGH,37723.2,SELF_EMPLOYED,N,2026-05-25
101935,PENDING,LOW,169361.9,SALARIED,N,2025-09-30
101936,VERIFIED,MEDIUM,72038.82,SALARIED,N,2025-07-14
101937,VERIFIED,MEDIUM,72381.69,SALARIED,N,2026-04-21
101938,PENDING,LOW,49360.69,SALARIED,N,2026-03-13
101939,VERIFIED,LOW,30866.11,SELF_EMPLOYED,N,2026-01-27
101940,VERIFIED,LOW,172219.71,SALARIED,N,2026-03-28
101941,VERIFIED,MEDIUM,86043.28,SELF_EMPLOYED,N,2025-03-04
101942,VERIFIED,LOW,52053.95,SELF_EMPLOYED,N,2025-05-22
101943,VERIFIED,LOW,83075.32,SALARIED,N,2026-04-17
101944,VERIFIED,LOW,53165.59,SALARIED,N,2025-05-12
101945,VERIFIED,LOW,21848.39,SALARIED,N,2025-02-07
101946,VERIFIED,LOW,58938.06,SALARIED,N,2026-07-07
101947,VERIFIED,MEDIUM,26515.21,PROFESSIONAL,N,2026-04-15
101948,VERIFIED,LOW,77234.07,SALARIED,N,2025-05-28
101949,VERIFIED,LOW,185504.51,RETIRED,N,2026-08-31
101950,VERIFIED,MEDIUM,43613.74,STUDENT,N,2025-03-20
101951,VERIFIED,MEDIUM,110647.14,SALARIED,N,2026-02-05
101952,VERIFIED,LOW,43654.38,PROFESSIONAL,N,2026-03-24
101953,VERIFIED,MEDIUM,65298.55,SALARIED,N,2025-09-30
101954,VERIFIED,MEDIUM,37396.26,SALARIED,N,2025-05-22
101955,VERIFIED,LOW,98968.83,SELF_EMPLOYED,N,2025-01-02
101956,VERIFIED,LOW,158769.46,SALARIED,N,2026-04-16
101957,VERIFIED,LOW,74988.47,STUDENT,N,2026-07-12
101958,VERIFIED,LOW,93723.12,STUDENT,N,2025-10-26
101959,VERIFIED,LOW,93609.44,SALARIED,N,2025-07-31
101960,VERIFIED,MEDIUM,56298.35,PROFESSIONAL,N,2025-08-24
101961,VERIFIED,MEDIUM,154786.13,STUDENT,Y,2026-05-18
101962,VERIFIED,LOW,47264.2,SELF_EMPLOYED,N,2025-02-09
101963,VERIFIED,MEDIUM,23812.08,SELF_EMPLOYED,N,2026-09-30
101964,VERIFIED,HIGH,36355.28,SELF_EMPLOYED,N,2025-07-11
101965,VERIFIED,MEDIUM,98738.55,SELF_EMPLOYED,N,2026-10-03
101966,VERIFIED,MEDIUM,51456.4,SALARIED,N,2025-06-20
101967,VERIFIED,MEDIUM,70285.81,SALARIED,N,2025-09-22
101968,VERIFIED,LOW,56666.87,SALARIED,N,2026-04-30
101969,VERIFIED,HIGH,74427.34,STUDENT,N,2025-05-31
101970,VERIFIED,HIGH,134682.99,SALARIED,N,2025-11-22
101971,VERIFIED,LOW,178366.93,SALARIED,N,2025-08-22
101972,VERIFIED,LOW,35239.86,SALARIED,N,2026-08-17
101973,VERIFIED,LOW,121275.27,SALARIED,N,2025-07-12
101974,VERIFIED,LOW,75196.97,RETIRED,N,2025-02-23
101975,VERIFIED,LOW,29879.32,SALARIED,N,2026-06-06
101976,VERIFIED,LOW,91240.84,SELF_EMPLOYED,N,2025-11-28
101977,VERIFIED,LOW,220028.06,RETIRED,N,2025-05-01
101978,VERIFIED,LOW,40955.94,STUDENT,N,2025-06-06
101979,VERIFIED,LOW,57030.22,STUDENT,N,2025-03-30
101980,VERIFIED,MEDIUM,23298.82,PROFESSIONAL,N,2025-10-28
101981,VERIFIED,HIGH,61334.68,SALARIED,N,2025-04-21
101982,VERIFIED,LOW,73432.56,PROFESSIONAL,N,2025-05-09
101983,VERIFIED,LOW,238704.38,SELF_EMPLOYED,N,2025-04-29
101984,VERIFIED,LOW,36051.49,SALARIED,N,2025-07-20
101985,VERIFIED,LOW,123815.65,SALARIED,N,2025-11-09
101986,VERIFIED,LOW,80453.67,STUDENT,N,2026-03-20
101987,VERIFIED,LOW,282703.13,SALARIED,N,2026-06-03
101988,VERIFIED,LOW,74153.62,STUDENT,N,2026-06-18
101989,VERIFIED,LOW,63995.44,SELF_EMPLOYED,N,2026-05-29
101990,VERIFIED,MEDIUM,114725.48,SALARIED,N,2025-12-28
101991,VERIFIED,LOW,90923.7,SALARIED,N,2026-05-24
101992,VERIFIED,MEDIUM,121563.55,SALARIED,N,2025-07-27
101993,VERIFIED,LOW,95302.81,SALARIED,N,2025-05-21
101994,VERIFIED,LOW,25360.45,SALARIED,N,2025-08-26
101995,VERIFIED,LOW,92909.75,SALARIED,N,2025-09-17
101996,VERIFIED,LOW,91515.34,SALARIED,N,2025-12-01
101997,PENDING,MEDIUM,40913.36,SALARIED,N,2026-08-15
101998,VERIFIED,LOW,79875.63,SALARIED,N,2025-12-25
101999,VERIFIED,LOW,20064.03,STUDENT,N,2026-07-27
102000,VERIFIED,MEDIUM,78115.74,SELF_EMPLOYED,N,2026-06-17
102001,VERIFIED,LOW,103269.14,STUDENT,N,2025-04-04
102002,VERIFIED,MEDIUM,123460.55,SELF_EMPLOYED,N,2026-09-14
102003,VERIFIED,LOW,104348.25,SALARIED,N,2025-07-05
102004,VERIFIED,MEDIUM,37195.64,PROFESSIONAL,N,2025-05-11
102005,VERIFIED,MEDIUM,25527.27,SELF_EMPLOYED,N,2025-02-13
102006,VERIFIED,LOW,122000.11,SALARIED,N,2026-08-25
102007,VERIFIED,LOW,86094.0,SALARIED,N,2025-05-04
102008,VERIFIED,MEDIUM,91177.47,SALARIED,N,2026-01-12
102009,VERIFIED,MEDIUM,197368.28,SALARIED,N,2025-07-17
102010,VERIFIED,LOW,23278.9,SALARIED,N,2025-08-20
102011,VERIFIED,LOW,213628.73,STUDENT,N,2026-01-04
102012,VERIFIED,LOW,45917.01,PROFESSIONAL,N,2025-05-03
102013,VERIFIED,MEDIUM,113120.09,SALARIED,N,2025-10-02
102014,VERIFIED,LOW,65607.51,SALARIED,N,2026-03-02
102015,VERIFIED,LOW,52855.49,SALARIED,N,2025-12-01
102016,PENDING,LOW,24815.0,SALARIED,N,2026-03-17
102017,VERIFIED,LOW,42741.62,SELF_EMPLOYED,N,2026-09-14
102018,PENDING,MEDIUM,89640.52,SALARIED,N,2026-08-08
102019,VERIFIED,LOW,83347.44,SALARIED,N,2025-05-22
102020,VERIFIED,LOW,122861.72,STUDENT,N,2025-08-01
102021,VERIFIED,MEDIUM,42211.46,SALARIED,N,2025-02-14
102022,VERIFIED,LOW,107517.79,STUDENT,N,2025-12-16
102023,VERIFIED,MEDIUM,69078.7,SALARIED,N,2026-02-08
102024,VERIFIED,MEDIUM,99839.93,SALARIED,N,2026-02-20
102025,VERIFIED,MEDIUM,92370.46,SALARIED,N,2025-02-16
102026,VERIFIED,LOW,48704.43,PROFESSIONAL,N,2026-05-21
102027,VERIFIED,LOW,77958.32,RETIRED,N,2025-06-04
102028,VERIFIED,LOW,89285.02,SALARIED,N,2026-07-09
102029,VERIFIED,LOW,110328.13,SALARIED,N,2025-07-09
102030,EXPIRED,LOW,176018.87,SELF_EMPLOYED,N,2026-04-24
102031,VERIFIED,LOW,43811.34,SALARIED,N,2025-04-07
102032,EXPIRED,LOW,31003.32,SELF_EMPLOYED,N,2025-07-14
102033,VERIFIED,LOW,152714.68,SALARIED,N,2025-08-07
102034,VERIFIED,LOW,28677.59,SALARIED,N,2025-11-24
102035,VERIFIED,LOW,129551.0,SALARIED,N,2025-12-06
102036,VERIFIED,MEDIUM,36644.99,SALARIED,N,2025-12-12
102037,VERIFIED,MEDIUM,43946.7,SELF_EMPLOYED,N,2026-04-10
102038,VERIFIED,LOW,62856.03,STUDENT,N,2026-09-29
102039,VERIFIED,MEDIUM,25760.69,SALARIED,N,2025-01-13
102040,VERIFIED,LOW,35224.1,SALARIED,N,2025-12-15
102041,VERIFIED,MEDIUM,22301.6,SALARIED,N,2026-09-27
102042,VERIFIED,LOW,102231.24,RETIRED,N,2025-01-27
102043,VERIFIED,LOW,65674.39,SELF_EMPLOYED,N,2026-06-25
102044,VERIFIED,MEDIUM,66794.48,RETIRED,N,2026-05-03
102045,VERIFIED,MEDIUM,63595.01,SALARIED,N,2026-06-29
102046,VERIFIED,LOW,65415.16,SELF_EMPLOYED,N,2025-09-14
102047,VERIFIED,LOW,48372.28,STUDENT,N,2026-01-30
102048,VERIFIED,MEDIUM,123208.66,SALARIED,N,2025-12-03
102049,VERIFIED,LOW,21035.06,STUDENT,N,2025-09-23
102050,VERIFIED,LOW,25907.5,SALARIED,N,2026-04-27
102051,VERIFIED,LOW,159986.93,RETIRED,N,2026-01-06
102052,VERIFIED,LOW,78715.88,SALARIED,N,2026-09-19
102053,VERIFIED,LOW,17746.91,SALARIED,N,2026-06-07
102054,VERIFIED,LOW,81439.75,SALARIED,N,2026-06-08
102055,VERIFIED,LOW,23548.16,SALARIED,N,2026-01-24
102056,VERIFIED,MEDIUM,154084.52,SALARIED,N,2025-06-15
102057,VERIFIED,MEDIUM,120336.12,SALARIED,N,2026-02-22
102058,EXPIRED,LOW,258645.77,SALARIED,N,2025-05-21
102059,VERIFIED,LOW,54484.11,SALARIED,N,2025-05-02
102060,VERIFIED,MEDIUM,30000.18,SALARIED,N,2026-09-28
102061,VERIFIED,MEDIUM,46566.52,SELF_EMPLOYED,N,2025-07-03
102062,EXPIRED,HIGH,47264.16,SALARIED,N,2025-05-19
102063,VERIFIED,MEDIUM,85016.68,SELF_EMPLOYED,N,2025-12-13
102064,VERIFIED,MEDIUM,20120.38,SELF_EMPLOYED,N,2025-03-31
102065,VERIFIED,LOW,65941.55,SALARIED,N,2026-07-23
102066,PENDING,LOW,34221.61,SALARIED,N,2026-08-05
102067,VERIFIED,LOW,47409.11,SELF_EMPLOYED,N,2026-01-19
102068,VERIFIED,LOW,162582.66,PROFESSIONAL,N,2025-10-17
102069,VERIFIED,LOW,126975.58,SALARIED,N,2025-10-25
102070,VERIFIED,LOW,106334.74,SALARIED,N,2025-02-01
102071,VERIFIED,LOW,100076.67,SALARIED,N,2025-09-12
102072,VERIFIED,LOW,55720.65,PROFESSIONAL,N,2026-01-21
102073,VERIFIED,MEDIUM,64117.81,SELF_EMPLOYED,N,2026-02-10
102074,VERIFIED,MEDIUM,23809.17,SALARIED,N,2025-08-28
102075,VERIFIED,LOW,29672.87,SELF_EMPLOYED,N,2026-04-07
102076,EXPIRED,LOW,71852.2,RETIRED,N,2025-10-12
102077,VERIFIED,LOW,31956.31,SELF_EMPLOYED,N,2025-11-20
102078,VERIFIED,LOW,103604.92,SALARIED,N,2026-01-25
102079,VERIFIED,LOW,64067.71,SALARIED,N,2026-09-11
102080,VERIFIED,MEDIUM,54534.39,SALARIED,N,2026-10-07
102081,VERIFIED,HIGH,44602.45,STUDENT,N,2026-01-21
102082,PENDING,LOW,88698.63,SELF_EMPLOYED,N,2025-03-13
102083,PENDING,LOW,102804.36,SALARIED,N,2025-07-03
102084,VERIFIED,LOW,37340.7,STUDENT,N,2025-06-03
102085,VERIFIED,MEDIUM,47058.77,SELF_EMPLOYED,N,2026-08-03
102086,VERIFIED,LOW,58551.19,SALARIED,N,2026-06-28
102087,VERIFIED,MEDIUM,81522.7,SELF_EMPLOYED,N,2025-07-08
102088,VERIFIED,LOW,80852.62,RETIRED,N,2025-03-30
102089,VERIFIED,LOW,61917.36,PROFESSIONAL,N,2025-09-21
102090,VERIFIED,MEDIUM,104854.48,SALARIED,N,2026-09-25
102091,VERIFIED,LOW,60581.93,PROFESSIONAL,N,2025-01-12
102092,VERIFIED,MEDIUM,26693.31,SALARIED,N,2025-08-02
102093,VERIFIED,LOW,157815.18,SALARIED,N,2025-03-31
102094,VERIFIED,MEDIUM,125113.02,SELF_EMPLOYED,N,2026-02-14
102095,VERIFIED,MEDIUM,27035.22,SALARIED,N,2026-07-16
102096,VERIFIED,LOW,74312.48,SALARIED,N,2025-05-08
102097,VERIFIED,LOW,154102.29,SELF_EMPLOYED,N,2025-09-08
102098,VERIFIED,LOW,54298.3,SALARIED,N,2025-07-25
102099,VERIFIED,LOW,109268.48,SALARIED,N,2025-03-27
102100,VERIFIED,LOW,136197.21,PROFESSIONAL,N,2025-12-27
102101,VERIFIED,LOW,78772.98,STUDENT,N,2025-04-18
102102,VERIFIED,MEDIUM,266459.94,SALARIED,N,2026-09-20
102103,VERIFIED,LOW,100952.74,STUDENT,N,2025-07-23
102104,VERIFIED,LOW,70709.88,SALARIED,N,2025-09-04
102105,VERIFIED,MEDIUM,59362.4,SALARIED,N,2026-03-04
102106,VERIFIED,MEDIUM,64169.98,PROFESSIONAL,N,2026-08-10
102107,VERIFIED,LOW,45848.75,SALARIED,N,2025-03-10
102108,VERIFIED,LOW,32087.88,PROFESSIONAL,N,2025-05-16
102109,VERIFIED,LOW,36884.59,SELF_EMPLOYED,N,2026-09-29
102110,VERIFIED,MEDIUM,60317.48,SELF_EMPLOYED,N,2025-01-24
102111,PENDING,LOW,111541.3,PROFESSIONAL,N,2025-05-22
102112,VERIFIED,LOW,81817.17,PROFESSIONAL,N,2026-07-01
102113,VERIFIED,LOW,73856.07,SALARIED,N,2026-08-17
102114,VERIFIED,LOW,262559.2,SALARIED,N,2026-04-03
102115,VERIFIED,LOW,197571.76,SALARIED,N,2026-01-18
102116,VERIFIED,LOW,36565.22,SELF_EMPLOYED,N,2025-03-17
102117,VERIFIED,LOW,104597.19,SALARIED,N,2025-03-21
102118,VERIFIED,LOW,30585.22,SALARIED,N,2025-01-14
102119,VERIFIED,MEDIUM,78751.49,SALARIED,N,2025-06-08
102120,VERIFIED,MEDIUM,27105.55,SELF_EMPLOYED,N,2026-06-18
102121,VERIFIED,MEDIUM,44599.15,PROFESSIONAL,N,2025-08-10
102122,VERIFIED,LOW,99262.96,SALARIED,N,2025-04-22
102123,VERIFIED,HIGH,49246.93,SELF_EMPLOYED,N,2025-05-17
102124,VERIFIED,LOW,32817.75,STUDENT,N,2025-11-08
102125,VERIFIED,MEDIUM,42323.61,SALARIED,N,2025-09-29
102126,VERIFIED,MEDIUM,35830.4,SALARIED,N,2026-07-09
102127,VERIFIED,LOW,86515.28,PROFESSIONAL,N,2026-06-28
102128,VERIFIED,LOW,144607.97,SALARIED,N,2026-01-06
102129,VERIFIED,MEDIUM,58217.64,SELF_EMPLOYED,N,2026-09-23
102130,VERIFIED,LOW,129208.21,SALARIED,N,2026-08-09
102131,VERIFIED,HIGH,45587.06,STUDENT,N,2025-03-01
102132,VERIFIED,MEDIUM,61960.57,PROFESSIONAL,N,2025-01-25
102133,VERIFIED,MEDIUM,210986.2,PROFESSIONAL,N,2025-04-04
102134,VERIFIED,LOW,58947.3,SELF_EMPLOYED,N,2025-10-03
102135,VERIFIED,LOW,132650.4,SALARIED,N,2025-10-26
102136,VERIFIED,HIGH,41438.35,SALARIED,N,2025-05-08
102137,VERIFIED,MEDIUM,65310.44,SALARIED,N,2026-03-29
102138,PENDING,LOW,37879.91,SELF_EMPLOYED,N,2025-09-19
102139,VERIFIED,LOW,69092.83,SELF_EMPLOYED,N,2025-03-30
102140,VERIFIED,LOW,77315.56,SALARIED,N,2026-05-10
102141,VERIFIED,HIGH,108209.23,STUDENT,N,2026-04-26
102142,VERIFIED,MEDIUM,45412.6,SALARIED,N,2026-08-04
102143,PENDING,LOW,59355.35,SALARIED,N,2026-10-11
102144,VERIFIED,HIGH,143292.19,PROFESSIONAL,N,2025-04-07
102145,VERIFIED,LOW,30157.04,SELF_EMPLOYED,N,2025-06-10
102146,VERIFIED,LOW,13241.77,SALARIED,N,2025-08-14
102147,EXPIRED,LOW,43271.63,PROFESSIONAL,N,2026-08-15
102148,VERIFIED,LOW,98379.91,SALARIED,N,2025-10-16
102149,PENDING,LOW,69834.14,SALARIED,N,2026-08-09
102150,VERIFIED,LOW,35542.15,PROFESSIONAL,N,2025-06-11
102151,PENDING,LOW,69314.91,SALARIED,N,2025-07-21
102152,VERIFIED,HIGH,52138.62,SALARIED,N,2025-05-09
102153,VERIFIED,LOW,23917.87,SALARIED,N,2025-08-23
102154,VERIFIED,LOW,53038.64,SALARIED,N,2026-06-19
102155,VERIFIED,LOW,107371.3,SALARIED,N,2025-07-28
102156,VERIFIED,LOW,55235.97,RETIRED,N,2026-07-18
102157,VERIFIED,MEDIUM,24749.47,SELF_EMPLOYED,N,2025-05-26
102158,VERIFIED,HIGH,203166.91,SALARIED,N,2025-01-20
102159,VERIFIED,LOW,34696.97,RETIRED,N,2026-01-02
102160,VERIFIED,LOW,84318.82,RETIRED,N,2026-08-22
102161,VERIFIED,LOW,113872.07,SALARIED,N,2025-06-17
102162,VERIFIED,LOW,87040.04,SALARIED,N,2026-05-29
102163,VERIFIED,LOW,56894.14,SALARIED,N,2026-09-03
102164,VERIFIED,LOW,20320.09,SELF_EMPLOYED,N,2025-07-07
102165,VERIFIED,MEDIUM,141781.55,SALARIED,N,2025-03-17
102166,VERIFIED,MEDIUM,30999.38,PROFESSIONAL,N,2026-02-20
102167,VERIFIED,LOW,124476.79,SALARIED,N,2026-04-17
102168,VERIFIED,LOW,136227.12,SELF_EMPLOYED,N,2025-10-28
102169,VERIFIED,MEDIUM,29915.9,SALARIED,N,2026-02-16
102170,VERIFIED,LOW,29623.31,SALARIED,N,2025-05-15
102171,VERIFIED,LOW,51249.95,SELF_EMPLOYED,N,2025-07-15
102172,VERIFIED,LOW,120301.6,RETIRED,N,2025-03-13
102173,VERIFIED,LOW,44869.3,SALARIED,N,2025-11-29
102174,VERIFIED,LOW,70334.78,PROFESSIONAL,N,2026-01-20
102175,VERIFIED,MEDIUM,47745.98,SELF_EMPLOYED,N,2026-07-04
102176,VERIFIED,LOW,110270.68,PROFESSIONAL,N,2025-01-23
102177,VERIFIED,MEDIUM,43796.51,SELF_EMPLOYED,N,2026-05-27
102178,VERIFIED,LOW,41418.91,SALARIED,N,2026-06-06
102179,VERIFIED,LOW,33823.25,SALARIED,N,2026-05-29
102180,VERIFIED,MEDIUM,33151.71,SELF_EMPLOYED,N,2026-03-06
102181,VERIFIED,LOW,132140.22,PROFESSIONAL,N,2026-04-19
102182,VERIFIED,LOW,52439.89,SELF_EMPLOYED,N,2026-02-27
102183,VERIFIED,MEDIUM,35662.58,SALARIED,N,2025-05-14
102184,VERIFIED,MEDIUM,22332.97,SALARIED,N,2025-12-20
102185,VERIFIED,LOW,55503.16,PROFESSIONAL,N,2025-06-26
102186,VERIFIED,LOW,38810.76,SELF_EMPLOYED,N,2026-02-05
102187,VERIFIED,MEDIUM,34307.13,SELF_EMPLOYED,N,2026-06-16
102188,VERIFIED,HIGH,40007.42,SALARIED,N,2026-08-20
102189,VERIFIED,MEDIUM,71621.95,SELF_EMPLOYED,N,2026-03-17
102190,VERIFIED,LOW,31113.13,PROFESSIONAL,N,2025-12-29
102191,VERIFIED,MEDIUM,54229.74,SALARIED,N,2025-05-11
102192,PENDING,LOW,117669.82,SALARIED,N,2025-06-29
102193,VERIFIED,LOW,46179.0,SALARIED,N,2025-04-17
102194,VERIFIED,LOW,33134.75,SALARIED,N,2026-04-15
102195,VERIFIED,LOW,131389.05,SELF_EMPLOYED,Y,2025-11-13
102196,VERIFIED,MEDIUM,62487.95,SALARIED,N,2025-08-07
102197,VERIFIED,LOW,59070.42,SALARIED,N,2025-12-30
102198,PENDING,MEDIUM,92846.44,PROFESSIONAL,N,2026-07-17
102199,VERIFIED,LOW,62556.22,STUDENT,N,2025-08-31
102200,VERIFIED,LOW,69246.54,PROFESSIONAL,N,2025-10-14
102201,VERIFIED,LOW,23833.83,SELF_EMPLOYED,N,2025-08-24
102202,VERIFIED,MEDIUM,38343.41,SALARIED,N,2025-06-23
102203,VERIFIED,LOW,222034.46,SALARIED,N,2025-11-01
102204,VERIFIED,MEDIUM,33651.96,SALARIED,N,2025-02-20
102205,VERIFIED,MEDIUM,69191.38,SALARIED,N,2025-02-26
102206,VERIFIED,LOW,205306.96,PROFESSIONAL,N,2025-08-05
102207,VERIFIED,LOW,103405.7,PROFESSIONAL,N,2026-05-29
102208,VERIFIED,LOW,79918.85,SALARIED,N,2025-12-03
102209,VERIFIED,LOW,39298.62,SALARIED,N,2025-10-25
102210,VERIFIED,LOW,44127.94,SELF_EMPLOYED,N,2025-02-21
102211,PENDING,LOW,54124.37,SELF_EMPLOYED,N,2025-02-15
102212,PENDING,LOW,82382.76,SELF_EMPLOYED,N,2026-09-27
102213,VERIFIED,LOW,151322.54,STUDENT,N,2025-11-29
102214,VERIFIED,LOW,71425.58,SALARIED,N,2026-01-29
102215,VERIFIED,HIGH,45658.29,SALARIED,N,2025-08-13
102216,VERIFIED,MEDIUM,62142.79,SALARIED,N,2026-05-14
102217,VERIFIED,LOW,92820.97,SALARIED,N,2026-05-30
102218,PENDING,LOW,82368.02,SALARIED,N,2025-02-21
102219,VERIFIED,LOW,56292.5,PROFESSIONAL,N,2025-12-11
102220,VERIFIED,LOW,31946.56,SALARIED,N,2025-09-21
102221,VERIFIED,LOW,133261.42,SALARIED,Y,2026-07-04
102222,VERIFIED,HIGH,55815.39,SALARIED,N,2025-09-09
102223,VERIFIED,LOW,77612.74,PROFESSIONAL,N,2025-05-14
102224,VERIFIED,LOW,42623.77,SELF_EMPLOYED,N,2026-03-13
102225,VERIFIED,LOW,41920.67,SALARIED,N,2025-07-18
102226,VERIFIED,LOW,91426.61,SALARIED,N,2025-11-03
102227,VERIFIED,HIGH,29051.56,PROFESSIONAL,N,2025-06-04
102228,VERIFIED,LOW,31061.49,SELF_EMPLOYED,N,2025-06-12
102229,VERIFIED,LOW,176426.83,SALARIED,N,2026-08-31
102230,VERIFIED,LOW,113211.35,SALARIED,N,2026-05-02
102231,VERIFIED,LOW,86760.63,SALARIED,N,2025-07-20
102232,VERIFIED,LOW,32954.16,SALARIED,N,2026-03-28
102233,VERIFIED,LOW,76375.07,SALARIED,N,2025-12-12
102234,VERIFIED,MEDIUM,63076.94,SALARIED,N,2025-09-23
102235,PENDING,LOW,49638.1,SALARIED,N,2025-04-17
102236,VERIFIED,LOW,62426.12,PROFESSIONAL,N,2026-07-24
102237,VERIFIED,LOW,26105.77,SALARIED,N,2025-01-08
102238,VERIFIED,LOW,17238.8,PROFESSIONAL,N,2025-04-02
102239,VERIFIED,LOW,80259.54,SELF_EMPLOYED,N,2025-11-05
102240,VERIFIED,LOW,73499.52,STUDENT,Y,2025-12-01
102241,VERIFIED,MEDIUM,77941.96,RETIRED,N,2026-01-19
102242,VERIFIED,LOW,109123.56,SELF_EMPLOYED,N,2026-07-07
102243,VERIFIED,LOW,92273.47,SELF_EMPLOYED,N,2026-10-04
102244,VERIFIED,LOW,173703.5,SALARIED,N,2026-04-05
102245,VERIFIED,MEDIUM,142434.15,STUDENT,N,2026-09-24
102246,VERIFIED,LOW,68734.2,PROFESSIONAL,N,2025-12-08
102247,VERIFIED,MEDIUM,73338.51,SALARIED,N,2026-07-26
102248,VERIFIED,LOW,76570.75,SALARIED,N,2025-03-03
102249,VERIFIED,MEDIUM,24416.67,PROFESSIONAL,N,2026-01-21
102250,VERIFIED,LOW,120330.91,SALARIED,N,2025-01-23
102251,VERIFIED,MEDIUM,96806.81,PROFESSIONAL,N,2026-05-31
102252,VERIFIED,LOW,22529.92,STUDENT,N,2026-03-12
102253,VERIFIED,HIGH,181173.6,SALARIED,N,2025-09-27
102254,VERIFIED,MEDIUM,50096.96,SALARIED,N,2025-10-12
102255,VERIFIED,LOW,61037.83,STUDENT,N,2026-10-01
102256,VERIFIED,MEDIUM,60282.49,SELF_EMPLOYED,N,2025-09-29
102257,VERIFIED,LOW,59176.66,SALARIED,N,2026-10-11
102258,VERIFIED,MEDIUM,313810.71,PROFESSIONAL,N,2025-09-12
102259,VERIFIED,LOW,55840.94,SALARIED,N,2026-08-23
102260,VERIFIED,LOW,53589.72,SALARIED,N,2025-04-23
102261,VERIFIED,LOW,67014.07,RETIRED,N,2025-03-21
102262,VERIFIED,MEDIUM,38122.12,STUDENT,N,2025-12-31
102263,VERIFIED,HIGH,79993.36,SELF_EMPLOYED,N,2026-08-28
102264,VERIFIED,LOW,38802.63,SALARIED,N,2025-09-05
102265,VERIFIED,LOW,91630.02,SALARIED,N,2025-09-06
102266,VERIFIED,MEDIUM,33593.2,SALARIED,N,2025-02-17
102267,VERIFIED,LOW,45176.32,SELF_EMPLOYED,N,2025-12-26
102268,VERIFIED,HIGH,34433.84,PROFESSIONAL,N,2026-08-27
102269,VERIFIED,LOW,46824.58,SELF_EMPLOYED,N,2025-08-02
102270,VERIFIED,LOW,20716.81,SELF_EMPLOYED,N,2025-11-21
102271,VERIFIED,LOW,13502.12,SALARIED,N,2025-08-14
102272,VERIFIED,HIGH,53672.34,SALARIED,N,2025-06-12
102273,VERIFIED,LOW,24382.07,RETIRED,N,2025-05-02
102274,VERIFIED,HIGH,204227.85,STUDENT,N,2026-04-03
102275,VERIFIED,LOW,52399.51,SELF_EMPLOYED,N,2025-12-19
102276,VERIFIED,LOW,104880.85,STUDENT,N,2026-07-07
102277,VERIFIED,LOW,80895.85,SELF_EMPLOYED,N,2025-06-08
102278,VERIFIED,MEDIUM,33165.26,SELF_EMPLOYED,N,2025-07-14
102279,VERIFIED,LOW,50341.34,PROFESSIONAL,N,2026-03-26
102280,VERIFIED,LOW,107091.32,SALARIED,N,2026-08-27
102281,VERIFIED,MEDIUM,102650.34,RETIRED,N,2025-03-23
102282,PENDING,LOW,116208.73,SALARIED,N,2026-01-20
102283,VERIFIED,MEDIUM,43187.45,SALARIED,N,2025-03-11
102284,PENDING,MEDIUM,96730.63,SALARIED,N,2025-06-19
102285,VERIFIED,LOW,44659.76,SELF_EMPLOYED,N,2025-01-13
102286,VERIFIED,LOW,127653.38,SELF_EMPLOYED,N,2026-04-02
102287,VERIFIED,LOW,125116.46,SALARIED,N,2026-03-11
102288,PENDING,LOW,27088.69,SALARIED,N,2026-02-07
102289,VERIFIED,MEDIUM,79171.58,SELF_EMPLOYED,N,2026-08-24
102290,VERIFIED,LOW,32467.65,SELF_EMPLOYED,N,2026-08-24
102291,PENDING,HIGH,113335.95,SALARIED,N,2025-12-15
102292,VERIFIED,LOW,31781.51,SALARIED,N,2026-07-30
102293,VERIFIED,LOW,81607.43,SALARIED,N,2025-02-13
102294,VERIFIED,LOW,106956.25,SELF_EMPLOYED,N,2026-01-28
102295,VERIFIED,LOW,69128.32,SALARIED,N,2026-05-08
102296,VERIFIED,HIGH,115851.06,STUDENT,N,2026-02-16
102297,VERIFIED,MEDIUM,80064.63,SALARIED,N,2025-08-26
102298,VERIFIED,LOW,183195.02,SELF_EMPLOYED,N,2025-05-20
102299,VERIFIED,HIGH,32335.72,SALARIED,N,2025-01-12
102300,VERIFIED,LOW,51556.27,SALARIED,N,2026-05-01
102301,VERIFIED,LOW,19000.65,SALARIED,N,2025-01-04
102302,VERIFIED,MEDIUM,54568.57,SELF_EMPLOYED,N,2026-06-17
102303,VERIFIED,LOW,30590.67,SALARIED,N,2026-08-24
102304,VERIFIED,LOW,26864.05,SALARIED,N,2026-10-08
102305,VERIFIED,MEDIUM,24075.88,SALARIED,N,2025-06-24
102306,VERIFIED,LOW,48654.21,SALARIED,N,2025-05-24
102307,VERIFIED,LOW,78043.52,SALARIED,N,2026-05-02
102308,VERIFIED,MEDIUM,90284.68,STUDENT,N,2025-12-28
102309,VERIFIED,LOW,126913.2,SALARIED,N,2025-05-18
102310,VERIFIED,MEDIUM,122239.34,SALARIED,N,2026-09-24
102311,VERIFIED,MEDIUM,31772.82,SELF_EMPLOYED,N,2025-10-31
102312,VERIFIED,LOW,40835.76,SELF_EMPLOYED,N,2026-04-13
102313,VERIFIED,LOW,75006.25,SALARIED,N,2025-07-13
102314,VERIFIED,MEDIUM,75776.19,SALARIED,N,2025-08-04
102315,VERIFIED,LOW,162276.89,SALARIED,N,2026-10-08
102316,VERIFIED,LOW,54876.41,RETIRED,N,2025-01-30
102317,VERIFIED,LOW,108984.0,STUDENT,N,2025-10-18
102318,VERIFIED,LOW,60302.92,RETIRED,N,2026-09-29
102319,VERIFIED,LOW,83494.24,SALARIED,N,2026-10-12
102320,VERIFIED,MEDIUM,85171.25,SELF_EMPLOYED,N,2026-02-21
102321,VERIFIED,LOW,65218.4,SALARIED,N,2025-02-23
102322,VERIFIED,LOW,35087.34,PROFESSIONAL,N,2026-06-18
102323,VERIFIED,MEDIUM,79208.4,SALARIED,N,2025-05-30
102324,VERIFIED,LOW,100516.77,SALARIED,N,2025-02-21
102325,VERIFIED,LOW,70937.26,SALARIED,N,2026-02-10
102326,VERIFIED,HIGH,10983.51,SALARIED,N,2026-01-11
102327,VERIFIED,LOW,58995.08,RETIRED,N,2025-06-17
102328,VERIFIED,LOW,102851.82,SALARIED,N,2026-08-22
102329,VERIFIED,MEDIUM,35000.9,SELF_EMPLOYED,N,2026-02-05
102330,VERIFIED,LOW,132311.87,SALARIED,N,2026-02-14
102331,PENDING,LOW,44432.75,SALARIED,N,2025-04-14
102332,VERIFIED,MEDIUM,53753.56,SELF_EMPLOYED,N,2025-09-05
102333,VERIFIED,LOW,75660.3,SALARIED,N,2026-01-06
102334,VERIFIED,MEDIUM,36357.59,PROFESSIONAL,N,2025-07-14
102335,VERIFIED,LOW,119696.53,SALARIED,N,2026-01-15
102336,VERIFIED,MEDIUM,150512.53,SALARIED,N,2025-03-06
102337,VERIFIED,LOW,32368.3,PROFESSIONAL,N,2026-03-12
102338,VERIFIED,LOW,58654.24,SELF_EMPLOYED,N,2025-01-03
102339,VERIFIED,LOW,226533.47,STUDENT,N,2026-05-21
102340,VERIFIED,LOW,135214.35,SELF_EMPLOYED,N,2025-08-12
102341,VERIFIED,LOW,23184.09,SALARIED,N,2026-08-30
102342,EXPIRED,MEDIUM,141290.16,PROFESSIONAL,N,2026-01-05
102343,EXPIRED,MEDIUM,7160.5,SELF_EMPLOYED,N,2025-08-27
102344,VERIFIED,LOW,98667.6,SALARIED,N,2026-08-08
102345,VERIFIED,MEDIUM,37914.51,PROFESSIONAL,N,2026-02-07
102346,VERIFIED,LOW,89229.06,PROFESSIONAL,N,2026-10-03
102347,VERIFIED,LOW,77688.4,RETIRED,N,2025-04-05
102348,VERIFIED,LOW,72186.26,SALARIED,N,2025-03-05
102349,VERIFIED,MEDIUM,96828.14,PROFESSIONAL,N,2026-09-16
102350,VERIFIED,LOW,47935.72,SELF_EMPLOYED,N,2025-07-06
102351,VERIFIED,LOW,44833.95,SALARIED,N,2026-04-13
102352,VERIFIED,LOW,121159.11,SALARIED,N,2025-01-21
102353,VERIFIED,LOW,66417.14,SALARIED,N,2025-03-10
102354,VERIFIED,LOW,45696.41,SALARIED,N,2025-08-13
102355,VERIFIED,LOW,58938.5,SALARIED,N,2026-06-23
102356,VERIFIED,LOW,55709.72,STUDENT,N,2026-03-01
102357,VERIFIED,LOW,52849.03,SALARIED,N,2025-02-19
102358,VERIFIED,LOW,88258.57,PROFESSIONAL,N,2025-09-28
102359,VERIFIED,LOW,37583.91,SALARIED,N,2025-08-05
102360,VERIFIED,HIGH,177813.23,SALARIED,N,2026-06-12
102361,VERIFIED,LOW,76534.49,PROFESSIONAL,N,2025-02-28
102362,VERIFIED,LOW,20060.39,STUDENT,N,2025-02-13
102363,VERIFIED,LOW,79125.35,SALARIED,N,2025-08-02
102364,VERIFIED,LOW,36144.72,PROFESSIONAL,N,2026-02-20
102365,VERIFIED,LOW,64998.08,STUDENT,N,2026-05-31
102366,VERIFIED,LOW,59927.58,SALARIED,N,2026-10-12
102367,VERIFIED,LOW,102801.77,SALARIED,N,2026-06-29
102368,VERIFIED,MEDIUM,102043.05,SALARIED,N,2025-05-02
102369,VERIFIED,LOW,76411.6,SALARIED,N,2025-09-04
102370,VERIFIED,MEDIUM,228945.59,SALARIED,N,2026-09-20
102371,VERIFIED,LOW,41310.83,SELF_EMPLOYED,N,2026-01-03
102372,VERIFIED,MEDIUM,160762.18,SALARIED,N,2026-05-15
102373,VERIFIED,MEDIUM,163686.84,SELF_EMPLOYED,N,2026-04-19
102374,VERIFIED,LOW,82394.16,SALARIED,N,2025-07-29
102375,PENDING,LOW,89161.12,SALARIED,N,2025-10-23
102376,VERIFIED,LOW,122757.71,STUDENT,N,2025-10-03
102377,VERIFIED,MEDIUM,53892.05,SELF_EMPLOYED,N,2026-09-06
102378,VERIFIED,LOW,47620.26,SALARIED,N,2025-03-11
102379,VERIFIED,LOW,49260.18,SALARIED,N,2025-04-10
102380,VERIFIED,LOW,80023.59,SALARIED,N,2026-03-20
102381,VERIFIED,MEDIUM,48780.78,PROFESSIONAL,N,2026-02-03
102382,VERIFIED,LOW,41380.55,SELF_EMPLOYED,N,2025-12-31
102383,VERIFIED,LOW,33749.33,PROFESSIONAL,N,2025-12-04
102384,VERIFIED,LOW,34909.4,PROFESSIONAL,N,2025-04-28
102385,VERIFIED,LOW,43660.21,SALARIED,N,2025-06-03
102386,VERIFIED,LOW,44311.81,SALARIED,N,2025-12-08
102387,VERIFIED,MEDIUM,70949.99,PROFESSIONAL,N,2025-02-11
102388,VERIFIED,HIGH,39952.43,SALARIED,N,2026-09-14
102389,VERIFIED,MEDIUM,91089.03,SALARIED,N,2026-09-24
102390,VERIFIED,LOW,237769.61,STUDENT,N,2026-09-22
102391,VERIFIED,LOW,149074.25,SALARIED,N,2026-03-19
102392,VERIFIED,LOW,33200.88,SALARIED,N,2026-06-01
102393,VERIFIED,LOW,54477.95,SALARIED,N,2025-06-01
102394,VERIFIED,MEDIUM,28971.48,SALARIED,N,2025-04-03
102395,VERIFIED,MEDIUM,75116.55,SALARIED,N,2026-03-09
102396,VERIFIED,HIGH,77999.03,SELF_EMPLOYED,N,2025-08-25
102397,VERIFIED,MEDIUM,74093.0,SALARIED,N,2026-08-19
102398,VERIFIED,LOW,33453.17,STUDENT,N,2026-02-01
102399,VERIFIED,LOW,43382.69,SALARIED,N,2025-06-06
102400,VERIFIED,MEDIUM,123162.86,SALARIED,N,2025-04-24
102401,VERIFIED,LOW,85644.83,SELF_EMPLOYED,N,2025-05-25
102402,VERIFIED,MEDIUM,37637.12,SALARIED,N,2026-07-23
102403,VERIFIED,LOW,28722.57,SALARIED,N,2026-07-15
102404,VERIFIED,LOW,63114.89,SELF_EMPLOYED,N,2026-03-25
102405,VERIFIED,LOW,61104.18,SALARIED,N,2026-02-11
102406,VERIFIED,LOW,28679.7,SALARIED,N,2025-06-28
102407,VERIFIED,LOW,54156.08,SALARIED,N,2025-06-13
102408,VERIFIED,LOW,48291.48,SALARIED,N,2026-07-24
102409,VERIFIED,LOW,45171.8,STUDENT,N,2025-11-14
102410,VERIFIED,LOW,50102.07,SALARIED,N,2026-03-25
102411,VERIFIED,LOW,79087.03,SALARIED,N,2026-09-20
102412,VERIFIED,MEDIUM,70137.48,SELF_EMPLOYED,N,2026-06-18
102413,VERIFIED,LOW,149625.81,SALARIED,N,2026-03-08
102414,VERIFIED,MEDIUM,75250.77,STUDENT,N,2026-02-21
102415,EXPIRED,LOW,111650.41,SALARIED,N,2026-04-29
102416,VERIFIED,MEDIUM,27992.85,SALARIED,N,2026-09-16
102417,VERIFIED,LOW,73033.84,PROFESSIONAL,N,2026-03-10
102418,VERIFIED,MEDIUM,51944.49,SALARIED,Y,2026-07-13
102419,VERIFIED,LOW,105929.58,RETIRED,N,2026-09-07
102420,VERIFIED,LOW,78054.96,PROFESSIONAL,N,2026-09-08
102421,VERIFIED,MEDIUM,184206.85,SALARIED,N,2026-03-26
102422,VERIFIED,LOW,36108.99,SALARIED,N,2026-08-26
102423,VERIFIED,LOW,41674.83,SALARIED,N,2025-11-16
102424,PENDING,LOW,82602.47,SALARIED,N,2026-02-07
102425,VERIFIED,MEDIUM,60818.58,SALARIED,N,2026-04-12
102426,VERIFIED,LOW,35835.38,SALARIED,N,2026-07-08
102427,VERIFIED,MEDIUM,84340.9,PROFESSIONAL,N,2025-04-22
102428,PENDING,LOW,47957.72,PROFESSIONAL,N,2025-08-28
102429,VERIFIED,LOW,88685.42,SALARIED,N,2026-06-01
102430,VERIFIED,LOW,21918.16,SALARIED,N,2025-03-06
102431,VERIFIED,MEDIUM,54682.16,SALARIED,N,2025-10-04
102432,VERIFIED,LOW,73276.66,RETIRED,N,2025-11-13
102433,VERIFIED,LOW,73869.24,SALARIED,N,2025-09-21
102434,VERIFIED,HIGH,104231.46,SELF_EMPLOYED,N,2025-03-24
102435,VERIFIED,LOW,56449.11,SALARIED,N,2026-02-11
102436,VERIFIED,LOW,88518.53,PROFESSIONAL,Y,2025-05-14
102437,VERIFIED,LOW,63250.03,SALARIED,N,2025-03-16
102438,VERIFIED,LOW,106578.87,SALARIED,N,2026-01-17
102439,VERIFIED,LOW,24354.41,SALARIED,N,2025-02-09
102440,VERIFIED,LOW,12175.69,RETIRED,N,2025-06-16
102441,VERIFIED,LOW,149474.58,SALARIED,N,2026-07-12
102442,VERIFIED,LOW,45727.19,SALARIED,N,2025-01-10
102443,VERIFIED,LOW,21868.61,SALARIED,N,2025-02-02
102444,VERIFIED,LOW,59605.39,SELF_EMPLOYED,N,2025-07-10
102445,VERIFIED,MEDIUM,47236.34,SALARIED,N,2025-05-28
102446,VERIFIED,LOW,84111.43,SALARIED,N,2025-12-30
102447,VERIFIED,LOW,91122.46,SALARIED,N,2025-05-23
102448,VERIFIED,MEDIUM,50446.03,SALARIED,N,2025-11-15
102449,PENDING,MEDIUM,121034.48,PROFESSIONAL,N,2025-02-21
102450,VERIFIED,LOW,30118.6,SALARIED,N,2025-07-24
102451,VERIFIED,LOW,14359.51,SALARIED,N,2025-06-25
102452,VERIFIED,MEDIUM,72834.77,STUDENT,N,2026-04-12
102453,VERIFIED,MEDIUM,55956.46,SELF_EMPLOYED,N,2025-04-07
102454,VERIFIED,LOW,19313.41,STUDENT,N,2025-06-17
102455,VERIFIED,LOW,98327.64,SALARIED,N,2026-05-09
102456,VERIFIED,LOW,21940.01,STUDENT,N,2026-04-12
102457,VERIFIED,LOW,61506.39,PROFESSIONAL,N,2025-08-12
102458,VERIFIED,LOW,108935.51,SALARIED,N,2025-05-13
102459,VERIFIED,LOW,78191.86,SALARIED,N,2026-08-19
102460,VERIFIED,MEDIUM,75380.27,SALARIED,N,2025-02-17
102461,VERIFIED,MEDIUM,48618.88,STUDENT,N,2026-07-20
102462,VERIFIED,LOW,73830.17,SELF_EMPLOYED,N,2025-08-24
102463,VERIFIED,LOW,92092.97,PROFESSIONAL,N,2025-07-12
102464,VERIFIED,LOW,43521.71,STUDENT,N,2026-07-13
102465,VERIFIED,LOW,31727.83,SALARIED,N,2026-08-10
102466,VERIFIED,MEDIUM,110458.45,SALARIED,N,2026-04-26
102467,VERIFIED,HIGH,220490.23,SALARIED,N,2025-02-08
102468,VERIFIED,LOW,174829.64,STUDENT,N,2026-04-03
102469,VERIFIED,LOW,12002.09,SELF_EMPLOYED,N,2026-07-09
102470,VERIFIED,MEDIUM,149253.82,SALARIED,N,2025-02-20
102471,VERIFIED,LOW,43813.55,RETIRED,N,2026-08-20
102472,VERIFIED,LOW,213294.6,SALARIED,N,2025-04-27
102473,VERIFIED,MEDIUM,33689.68,SALARIED,N,2025-12-10
102474,VERIFIED,LOW,31780.91,SALARIED,N,2026-03-04
102475,VERIFIED,LOW,64052.72,SALARIED,N,2025-08-02
102476,VERIFIED,MEDIUM,50965.11,STUDENT,N,2026-03-21
102477,PENDING,LOW,52636.86,SALARIED,N,2025-08-22
102478,VERIFIED,LOW,122152.52,SELF_EMPLOYED,N,2025-09-25
102479,VERIFIED,LOW,147825.2,SALARIED,N,2025-02-07
102480,VERIFIED,LOW,35827.95,SALARIED,N,2026-08-19
102481,VERIFIED,MEDIUM,192183.78,STUDENT,N,2025-06-10
102482,VERIFIED,HIGH,29735.36,PROFESSIONAL,N,2026-09-24
102483,VERIFIED,HIGH,44673.42,STUDENT,N,2025-06-30
102484,VERIFIED,LOW,343428.69,SALARIED,N,2025-04-10
102485,VERIFIED,HIGH,84145.12,SALARIED,N,2025-09-16
102486,VERIFIED,LOW,43170.84,SALARIED,N,2025-05-26
102487,VERIFIED,LOW,78555.01,SALARIED,N,2026-05-07
102488,VERIFIED,LOW,104675.51,SALARIED,N,2026-09-27
102489,VERIFIED,MEDIUM,82395.08,SALARIED,N,2026-02-12
102490,VERIFIED,LOW,152098.07,SALARIED,N,2026-06-07
102491,VERIFIED,MEDIUM,37707.34,SALARIED,N,2026-07-13
102492,VERIFIED,MEDIUM,43261.41,SALARIED,N,2025-06-01
102493,VERIFIED,LOW,37100.15,SALARIED,N,2026-09-19
102494,VERIFIED,MEDIUM,38563.75,SALARIED,N,2026-08-08
102495,VERIFIED,LOW,68021.58,RETIRED,N,2026-09-05
102496,VERIFIED,LOW,33142.41,SALARIED,N,2026-02-20
102497,VERIFIED,LOW,79931.14,SELF_EMPLOYED,N,2026-08-10
102498,VERIFIED,MEDIUM,99836.32,SALARIED,N,2025-12-26
102499,VERIFIED,LOW,29890.63,SALARIED,N,2026-04-22
102500,VERIFIED,MEDIUM,43935.49,PROFESSIONAL,N,2026-04-29
102501,VERIFIED,LOW,47486.59,PROFESSIONAL,N,2026-08-03
102502,VERIFIED,MEDIUM,57380.03,SALARIED,N,2025-05-26
102503,VERIFIED,LOW,59456.01,SALARIED,N,2025-01-25
102504,VERIFIED,LOW,119189.64,PROFESSIONAL,N,2025-09-23
102505,VERIFIED,LOW,125093.34,SALARIED,N,2026-06-17
102506,EXPIRED,LOW,39125.29,SALARIED,N,2025-10-04
102507,VERIFIED,LOW,103735.06,SALARIED,N,2025-08-28
102508,VERIFIED,LOW,161733.3,SALARIED,N,2025-09-16
102509,VERIFIED,LOW,145248.2,STUDENT,N,2026-02-27
102510,VERIFIED,LOW,75596.55,SALARIED,N,2025-03-03
102511,VERIFIED,LOW,63874.63,SALARIED,N,2026-07-06
102512,VERIFIED,MEDIUM,26572.93,SALARIED,N,2025-09-27
102513,PENDING,LOW,50588.82,SALARIED,N,2026-02-28
102514,VERIFIED,LOW,25057.31,RETIRED,N,2025-04-08
102515,VERIFIED,LOW,138839.92,SALARIED,N,2026-09-03
102516,VERIFIED,LOW,55746.1,SALARIED,N,2026-02-11
102517,VERIFIED,LOW,62556.34,SELF_EMPLOYED,N,2025-04-30
102518,VERIFIED,LOW,44296.28,SELF_EMPLOYED,N,2026-08-12
102519,VERIFIED,HIGH,26457.9,SALARIED,N,2026-01-03
102520,VERIFIED,HIGH,105150.44,SALARIED,N,2026-04-28
102521,VERIFIED,LOW,91703.06,SALARIED,N,2026-05-21
102522,VERIFIED,MEDIUM,121398.42,SALARIED,N,2025-10-15
102523,VERIFIED,MEDIUM,21185.12,SALARIED,N,2025-08-03
102524,VERIFIED,HIGH,155936.59,SELF_EMPLOYED,N,2025-11-04
102525,VERIFIED,LOW,60982.87,SELF_EMPLOYED,N,2026-07-06
102526,VERIFIED,MEDIUM,109675.08,SELF_EMPLOYED,N,2026-01-31
102527,VERIFIED,LOW,11930.8,SALARIED,N,2025-02-03
102528,VERIFIED,LOW,86390.73,SALARIED,N,2026-09-09
102529,VERIFIED,LOW,63083.69,SALARIED,N,2025-10-10
102530,VERIFIED,MEDIUM,57329.27,SELF_EMPLOYED,Y,2026-09-12
102531,VERIFIED,MEDIUM,62076.15,SALARIED,N,2025-01-31
102532,VERIFIED,LOW,44915.22,SELF_EMPLOYED,N,2026-04-05
102533,VERIFIED,LOW,26423.7,SALARIED,N,2025-01-19
102534,VERIFIED,LOW,29090.71,PROFESSIONAL,N,2025-10-13
102535,VERIFIED,LOW,67334.81,SALARIED,N,2026-05-16
102536,PENDING,LOW,155191.5,SALARIED,N,2025-05-24
102537,VERIFIED,MEDIUM,135870.5,SALARIED,N,2025-02-16
102538,VERIFIED,MEDIUM,76857.9,SALARIED,N,2025-04-21
102539,VERIFIED,MEDIUM,48162.46,SALARIED,N,2025-05-23
102540,VERIFIED,LOW,252960.86,PROFESSIONAL,N,2025-01-06
102541,VERIFIED,LOW,103010.21,SELF_EMPLOYED,N,2026-09-15
102542,VERIFIED,MEDIUM,97393.8,SALARIED,N,2025-08-26
102543,VERIFIED,LOW,27830.76,SELF_EMPLOYED,N,2026-01-30
102544,VERIFIED,LOW,78127.49,SELF_EMPLOYED,N,2025-02-09
102545,VERIFIED,LOW,29596.3,SALARIED,N,2026-07-08
102546,VERIFIED,MEDIUM,256035.53,SALARIED,N,2026-03-28
102547,VERIFIED,LOW,38305.85,SALARIED,N,2025-12-12
102548,VERIFIED,MEDIUM,44604.59,PROFESSIONAL,N,2025-04-06
102549,VERIFIED,LOW,43389.51,SALARIED,N,2025-10-14
102550,VERIFIED,LOW,52020.48,SALARIED,N,2026-06-11
102551,VERIFIED,LOW,102310.17,SALARIED,N,2026-02-18
102552,VERIFIED,LOW,66301.63,PROFESSIONAL,N,2025-07-16
102553,VERIFIED,HIGH,68017.2,SALARIED,N,2025-03-29
102554,PENDING,LOW,105600.78,STUDENT,N,2026-07-13
102555,VERIFIED,LOW,24679.07,SELF_EMPLOYED,N,2026-08-19
102556,VERIFIED,LOW,107612.65,SALARIED,N,2025-01-11
102557,VERIFIED,LOW,72223.75,RETIRED,N,2025-04-24
102558,VERIFIED,LOW,41906.33,SELF_EMPLOYED,N,2025-03-09
102559,VERIFIED,LOW,72088.48,SALARIED,N,2026-09-07
102560,VERIFIED,HIGH,71228.59,SALARIED,N,2026-05-26
102561,VERIFIED,LOW,12021.78,SALARIED,N,2025-12-18
102562,VERIFIED,MEDIUM,161720.21,SALARIED,N,2026-02-18
102563,VERIFIED,HIGH,145173.2,STUDENT,N,2025-09-11
102564,PENDING,HIGH,28312.28,SALARIED,N,2025-04-02
102565,VERIFIED,MEDIUM,40486.54,SALARIED,N,2026-08-07
102566,VERIFIED,MEDIUM,159507.99,SALARIED,N,2026-08-09
102567,VERIFIED,LOW,101916.11,PROFESSIONAL,N,2025-06-07
102568,VERIFIED,LOW,85198.32,STUDENT,N,2026-03-14
102569,VERIFIED,MEDIUM,87844.01,SALARIED,N,2026-08-25
102570,VERIFIED,LOW,84380.13,SALARIED,N,2025-11-23
102571,VERIFIED,LOW,33119.09,SELF_EMPLOYED,N,2025-01-10
102572,VERIFIED,LOW,45843.32,SALARIED,N,2026-04-18
102573,VERIFIED,LOW,126538.4,SALARIED,N,2025-10-10
102574,VERIFIED,LOW,101373.42,SALARIED,N,2026-02-14
102575,VERIFIED,MEDIUM,79586.54,RETIRED,N,2026-04-09
102576,PENDING,LOW,43427.01,PROFESSIONAL,N,2025-01-02
102577,VERIFIED,LOW,125868.96,SALARIED,N,2026-07-06
102578,VERIFIED,LOW,35301.99,SELF_EMPLOYED,N,2026-08-06
102579,VERIFIED,LOW,173259.87,STUDENT,N,2025-05-22
102580,VERIFIED,LOW,41295.8,STUDENT,N,2026-06-27
102581,VERIFIED,LOW,37552.54,SALARIED,N,2026-02-04
102582,VERIFIED,MEDIUM,67482.34,STUDENT,N,2026-01-11
102583,VERIFIED,MEDIUM,75978.26,PROFESSIONAL,N,2026-02-04
102584,VERIFIED,LOW,70480.03,SALARIED,N,2025-12-08
102585,VERIFIED,LOW,28006.16,SALARIED,N,2026-09-22
102586,VERIFIED,HIGH,87029.79,STUDENT,N,2026-06-08
102587,VERIFIED,LOW,125063.7,SALARIED,N,2025-11-25
102588,PENDING,LOW,62773.94,SALARIED,N,2025-04-04
102589,PENDING,LOW,24221.58,SALARIED,N,2026-07-02
102590,VERIFIED,LOW,57679.1,SALARIED,Y,2026-09-06
102591,VERIFIED,HIGH,31686.14,SALARIED,N,2026-05-23
102592,VERIFIED,MEDIUM,18852.43,SALARIED,N,2026-09-01
102593,VERIFIED,HIGH,46335.43,PROFESSIONAL,N,2026-02-24
102594,VERIFIED,MEDIUM,190172.29,SALARIED,N,2025-10-08
102595,VERIFIED,MEDIUM,62714.47,PROFESSIONAL,N,2025-10-30
102596,PENDING,MEDIUM,55410.13,RETIRED,N,2026-01-23
102597,EXPIRED,LOW,104978.4,SALARIED,N,2025-01-02
102598,VERIFIED,LOW,98441.56,PROFESSIONAL,N,2026-03-07
102599,VERIFIED,MEDIUM,25520.03,SELF_EMPLOYED,N,2025-02-08
102600,VERIFIED,LOW,222993.54,SALARIED,N,2026-05-28
102601,VERIFIED,LOW,75248.76,SALARIED,N,2026-06-03
102602,VERIFIED,LOW,119293.3,SELF_EMPLOYED,N,2026-06-22
102603,VERIFIED,MEDIUM,44946.63,SALARIED,N,2025-07-26
102604,VERIFIED,LOW,18566.66,SALARIED,N,2026-04-05
102605,VERIFIED,LOW,61330.23,SALARIED,N,2025-07-07
102606,VERIFIED,MEDIUM,32321.96,SELF_EMPLOYED,N,2026-06-16
102607,VERIFIED,LOW,141667.62,SALARIED,N,2025-08-18
102608,VERIFIED,LOW,26342.84,PROFESSIONAL,N,2025-06-30
102609,VERIFIED,LOW,67323.56,SALARIED,N,2025-02-18
102610,VERIFIED,LOW,97695.1,SELF_EMPLOYED,N,2025-11-16
102611,VERIFIED,MEDIUM,87234.29,SALARIED,N,2025-03-28
102612,VERIFIED,MEDIUM,47780.68,PROFESSIONAL,N,2026-07-31
102613,VERIFIED,LOW,20804.93,STUDENT,N,2026-02-22
102614,VERIFIED,LOW,24845.9,SALARIED,N,2026-03-25
102615,VERIFIED,LOW,40448.94,SALARIED,N,2026-09-23
102616,VERIFIED,MEDIUM,26460.61,SELF_EMPLOYED,N,2026-05-12
102617,VERIFIED,LOW,63003.98,RETIRED,N,2025-06-12
102618,VERIFIED,LOW,40310.19,SALARIED,N,2025-10-22
102619,VERIFIED,LOW,28557.78,PROFESSIONAL,N,2025-02-27
102620,VERIFIED,MEDIUM,26245.82,SALARIED,N,2025-12-07
102621,PENDING,LOW,23511.3,RETIRED,N,2026-01-30
102622,VERIFIED,LOW,63788.28,PROFESSIONAL,N,2025-04-01
102623,VERIFIED,LOW,41067.45,STUDENT,N,2026-05-30
102624,VERIFIED,MEDIUM,67287.48,SALARIED,N,2026-03-03
102625,VERIFIED,LOW,62925.38,SALARIED,N,2025-09-04
102626,VERIFIED,LOW,57979.68,SALARIED,N,2026-01-24
102627,VERIFIED,LOW,100784.44,SALARIED,N,2025-06-23
102628,EXPIRED,LOW,25395.92,SALARIED,N,2026-09-28
102629,PENDING,LOW,101138.61,SALARIED,N,2026-01-24
102630,VERIFIED,LOW,85405.23,SALARIED,N,2025-11-22
102631,EXPIRED,MEDIUM,58188.63,SALARIED,N,2025-09-11
102632,VERIFIED,HIGH,39136.65,SALARIED,N,2025-11-07
102633,VERIFIED,LOW,67893.17,SALARIED,N,2026-01-14
102634,VERIFIED,LOW,88573.92,SALARIED,N,2025-12-06
102635,VERIFIED,MEDIUM,26634.04,SELF_EMPLOYED,N,2026-04-09
102636,VERIFIED,LOW,98360.38,SELF_EMPLOYED,N,2026-07-20
102637,VERIFIED,LOW,204891.0,SALARIED,N,2025-11-05
102638,VERIFIED,LOW,63434.53,SALARIED,N,2026-01-03
102639,VERIFIED,LOW,154369.42,RETIRED,N,2026-10-06
102640,VERIFIED,LOW,90104.0,SALARIED,N,2025-11-01
102641,VERIFIED,LOW,78532.52,STUDENT,N,2025-11-16
102642,VERIFIED,LOW,41962.56,SALARIED,N,2025-07-05
102643,VERIFIED,MEDIUM,53014.63,SALARIED,N,2026-02-25
102644,VERIFIED,LOW,34977.75,STUDENT,N,2026-10-12
102645,VERIFIED,LOW,122162.85,SELF_EMPLOYED,N,2026-03-18
102646,VERIFIED,LOW,40784.08,PROFESSIONAL,N,2026-03-26
102647,VERIFIED,HIGH,208004.39,SELF_EMPLOYED,N,2026-10-06
102648,VERIFIED,LOW,87985.23,RETIRED,N,2025-03-16
102649,VERIFIED,MEDIUM,85487.97,SALARIED,N,2025-07-17
102650,VERIFIED,LOW,27992.82,SALARIED,N,2025-03-25
102651,VERIFIED,LOW,101983.42,SALARIED,N,2026-08-27
102652,VERIFIED,HIGH,57341.97,SELF_EMPLOYED,N,2025-12-29
102653,VERIFIED,MEDIUM,45859.72,SALARIED,N,2026-04-12
102654,VERIFIED,LOW,43202.45,PROFESSIONAL,N,2026-03-04
102655,VERIFIED,LOW,29531.6,SALARIED,N,2026-06-24
102656,VERIFIED,LOW,66598.02,SALARIED,N,2025-07-31
102657,VERIFIED,LOW,59365.43,SALARIED,N,2025-06-20
102658,VERIFIED,LOW,28174.09,RETIRED,N,2025-01-09
102659,VERIFIED,MEDIUM,92465.84,SELF_EMPLOYED,N,2026-09-28
102660,VERIFIED,LOW,263949.73,SALARIED,N,2026-02-13
102661,VERIFIED,MEDIUM,26222.89,SELF_EMPLOYED,N,2025-12-26
102662,VERIFIED,LOW,61475.58,SALARIED,N,2025-03-31
102663,VERIFIED,MEDIUM,194445.18,STUDENT,N,2026-02-17
102664,VERIFIED,HIGH,39922.96,SALARIED,N,2025-12-15
102665,VERIFIED,MEDIUM,88061.43,SALARIED,N,2026-10-12
102666,VERIFIED,LOW,85402.28,SALARIED,N,2026-08-14
102667,VERIFIED,LOW,101505.15,STUDENT,N,2025-01-23
102668,VERIFIED,LOW,217774.39,STUDENT,N,2025-11-15
102669,VERIFIED,LOW,20673.3,SALARIED,N,2026-03-19
102670,VERIFIED,MEDIUM,74912.13,SALARIED,N,2025-04-14
102671,VERIFIED,LOW,47779.83,SELF_EMPLOYED,N,2026-07-09
102672,VERIFIED,LOW,64482.41,SALARIED,N,2025-12-12
102673,VERIFIED,LOW,68136.91,SALARIED,N,2026-10-07
102674,VERIFIED,HIGH,54655.74,SALARIED,N,2025-03-06
102675,VERIFIED,LOW,32638.99,SELF_EMPLOYED,N,2025-08-23
102676,VERIFIED,MEDIUM,34116.49,STUDENT,N,2026-06-05
102677,VERIFIED,MEDIUM,263457.6,SALARIED,N,2025-08-31
102678,VERIFIED,LOW,26956.45,SALARIED,N,2025-12-09
102679,VERIFIED,MEDIUM,146872.2,SALARIED,N,2025-03-25
102680,VERIFIED,LOW,33766.58,SALARIED,Y,2025-09-08
102681,VERIFIED,LOW,70403.58,SALARIED,N,2025-03-07
102682,VERIFIED,LOW,237831.16,SALARIED,N,2025-12-23
102683,VERIFIED,MEDIUM,110928.65,SALARIED,N,2026-06-21
102684,VERIFIED,LOW,25983.71,SALARIED,N,2025-05-08
102685,VERIFIED,LOW,53153.15,PROFESSIONAL,N,2025-01-05
102686,VERIFIED,LOW,65067.84,SALARIED,N,2025-07-16
102687,VERIFIED,LOW,129297.41,STUDENT,N,2026-08-03
102688,VERIFIED,LOW,68235.41,PROFESSIONAL,N,2025-08-12
102689,VERIFIED,LOW,59678.99,SALARIED,N,2025-07-18
102690,PENDING,LOW,202395.79,PROFESSIONAL,N,2026-02-13
102691,VERIFIED,LOW,184834.89,SALARIED,N,2026-06-18
102692,VERIFIED,LOW,104206.69,SELF_EMPLOYED,N,2026-01-21
102693,VERIFIED,MEDIUM,44047.58,STUDENT,N,2025-06-15
102694,VERIFIED,LOW,11809.73,SELF_EMPLOYED,N,2025-03-20
102695,VERIFIED,MEDIUM,28813.75,SALARIED,N,2026-01-17
102696,VERIFIED,LOW,24258.59,SELF_EMPLOYED,N,2026-07-31
102697,VERIFIED,LOW,63591.12,SALARIED,N,2026-05-20
102698,PENDING,MEDIUM,121740.41,SALARIED,N,2025-06-12
102699,VERIFIED,MEDIUM,239015.35,SALARIED,N,2025-04-22
102700,VERIFIED,LOW,151425.1,SALARIED,N,2026-07-18
102701,VERIFIED,LOW,41718.16,SELF_EMPLOYED,N,2026-06-20
102702,VERIFIED,LOW,78047.7,SELF_EMPLOYED,N,2025-08-12
102703,VERIFIED,LOW,85948.83,STUDENT,N,2026-02-16
102704,VERIFIED,MEDIUM,24012.84,SELF_EMPLOYED,N,2025-12-01
102705,PENDING,LOW,37501.59,PROFESSIONAL,N,2025-03-27
102706,VERIFIED,LOW,50011.98,SALARIED,N,2025-11-04
102707,VERIFIED,LOW,264200.39,SALARIED,N,2025-10-06
102708,VERIFIED,LOW,85067.07,SALARIED,N,2026-03-08
102709,VERIFIED,LOW,28155.96,SALARIED,N,2025-08-27
102710,VERIFIED,MEDIUM,50204.29,PROFESSIONAL,N,2025-06-20
102711,VERIFIED,LOW,88585.27,SALARIED,N,2025-11-23
102712,VERIFIED,MEDIUM,56205.26,STUDENT,N,2026-03-03
102713,VERIFIED,LOW,52496.25,SALARIED,N,2025-06-06
102714,VERIFIED,LOW,106488.93,STUDENT,N,2025-10-09
102715,VERIFIED,LOW,164548.44,SELF_EMPLOYED,N,2026-09-24
102716,VERIFIED,LOW,145874.67,PROFESSIONAL,N,2026-04-24
102717,VERIFIED,LOW,54439.35,SALARIED,N,2025-10-21
102718,VERIFIED,MEDIUM,59439.18,SALARIED,N,2025-12-28
102719,VERIFIED,MEDIUM,54125.82,SELF_EMPLOYED,N,2026-09-14
102720,VERIFIED,MEDIUM,131451.71,RETIRED,N,2026-05-25
102721,VERIFIED,LOW,51390.48,SALARIED,N,2026-04-25
102722,VERIFIED,LOW,18953.87,SELF_EMPLOYED,N,2026-07-29
102723,VERIFIED,LOW,90546.76,SALARIED,N,2025-03-23
102724,VERIFIED,LOW,93344.44,SALARIED,N,2025-09-29
102725,VERIFIED,LOW,50845.32,SELF_EMPLOYED,N,2026-06-16
102726,VERIFIED,HIGH,220700.16,SALARIED,N,2025-05-08
102727,VERIFIED,LOW,46515.56,SALARIED,N,2025-05-23
102728,VERIFIED,HIGH,166291.88,SALARIED,N,2025-02-17
102729,VERIFIED,MEDIUM,27712.44,SALARIED,N,2026-08-31
102730,VERIFIED,LOW,79192.99,SALARIED,N,2025-08-15
102731,VERIFIED,LOW,39119.35,SALARIED,N,2025-03-27
102732,VERIFIED,LOW,63101.65,SALARIED,N,2026-01-10
102733,VERIFIED,LOW,108553.85,SALARIED,N,2026-07-29
102734,VERIFIED,HIGH,45692.14,SALARIED,N,2026-04-03
102735,VERIFIED,LOW,42039.43,SALARIED,N,2025-01-07
102736,VERIFIED,LOW,57257.84,SALARIED,N,2026-02-23
102737,EXPIRED,LOW,762036.42,SALARIED,N,2025-08-28
102738,VERIFIED,LOW,75468.6,SALARIED,N,2025-04-29
102739,VERIFIED,LOW,72621.45,SALARIED,N,2026-08-14
102740,VERIFIED,MEDIUM,87786.62,SALARIED,N,2025-11-14
102741,VERIFIED,LOW,21688.93,SELF_EMPLOYED,N,2026-07-16
102742,VERIFIED,LOW,120399.14,SALARIED,N,2026-05-16
102743,VERIFIED,LOW,105069.51,SALARIED,N,2025-08-24
102744,VERIFIED,LOW,20753.76,PROFESSIONAL,N,2026-05-27
102745,VERIFIED,LOW,315801.08,SALARIED,N,2025-07-22
102746,VERIFIED,LOW,66301.95,SALARIED,N,2026-01-24
102747,EXPIRED,LOW,32019.37,SELF_EMPLOYED,N,2026-03-26
102748,VERIFIED,LOW,81133.59,SALARIED,N,2025-03-28
102749,VERIFIED,LOW,36652.91,SALARIED,N,2026-07-13
102750,VERIFIED,LOW,23231.22,SELF_EMPLOYED,N,2025-10-15
102751,VERIFIED,LOW,55428.12,STUDENT,N,2026-08-29
102752,VERIFIED,LOW,57073.44,RETIRED,N,2025-01-01
102753,VERIFIED,LOW,23778.49,SALARIED,N,2026-07-08
102754,VERIFIED,MEDIUM,39847.4,STUDENT,N,2026-03-21
102755,VERIFIED,LOW,33809.97,SALARIED,N,2026-08-26
102756,VERIFIED,LOW,52455.58,SALARIED,N,2025-09-04
102757,VERIFIED,MEDIUM,100810.39,SALARIED,N,2025-04-05
102758,VERIFIED,HIGH,72539.34,SALARIED,N,2025-05-08
102759,VERIFIED,HIGH,64780.34,SALARIED,N,2026-06-01
102760,VERIFIED,LOW,20204.62,PROFESSIONAL,N,2025-05-28
102761,VERIFIED,LOW,64974.17,SALARIED,N,2025-04-04
102762,VERIFIED,MEDIUM,32625.85,SELF_EMPLOYED,N,2025-01-05
102763,VERIFIED,MEDIUM,21663.58,RETIRED,N,2025-01-03
102764,PENDING,HIGH,117059.62,SALARIED,N,2026-07-01
102765,VERIFIED,LOW,27857.84,SALARIED,N,2025-10-05
102766,VERIFIED,LOW,70345.26,SALARIED,N,2025-01-03
102767,VERIFIED,LOW,48210.39,SALARIED,N,2026-10-07
102768,VERIFIED,LOW,35603.68,SALARIED,N,2025-08-20
102769,VERIFIED,MEDIUM,146227.25,SALARIED,N,2026-06-28
102770,VERIFIED,HIGH,44788.32,SELF_EMPLOYED,N,2026-02-17
102771,PENDING,LOW,46810.12,PROFESSIONAL,N,2025-09-09
102772,VERIFIED,LOW,41037.62,SALARIED,N,2026-06-16
102773,VERIFIED,LOW,74185.83,SELF_EMPLOYED,N,2025-07-20
102774,VERIFIED,LOW,59654.0,SELF_EMPLOYED,N,2026-09-14
102775,EXPIRED,HIGH,41933.04,SELF_EMPLOYED,N,2025-02-25
102776,VERIFIED,LOW,36326.18,SALARIED,N,2025-07-02
102777,VERIFIED,LOW,64416.82,SALARIED,N,2026-09-09
102778,VERIFIED,LOW,43357.6,PROFESSIONAL,N,2025-01-01
102779,PENDING,LOW,202994.22,SALARIED,N,2025-02-17
102780,VERIFIED,MEDIUM,47028.13,SALARIED,N,2026-04-27
102781,VERIFIED,LOW,82225.14,SALARIED,N,2025-07-26
102782,VERIFIED,MEDIUM,62372.1,SALARIED,N,2025-11-27
102783,VERIFIED,LOW,54835.22,SELF_EMPLOYED,N,2025-09-09
102784,VERIFIED,LOW,118723.81,SALARIED,N,2025-09-29
102785,VERIFIED,LOW,96483.11,SALARIED,N,2026-09-06
102786,VERIFIED,LOW,95284.8,RETIRED,N,2026-04-05
102787,VERIFIED,LOW,94602.09,SALARIED,N,2025-07-01
102788,VERIFIED,LOW,23170.99,SALARIED,N,2026-10-08
102789,VERIFIED,LOW,88118.87,SELF_EMPLOYED,N,2025-06-19
102790,VERIFIED,LOW,56341.31,SALARIED,N,2025-05-27
102791,VERIFIED,LOW,47411.2,STUDENT,N,2026-04-13
102792,VERIFIED,MEDIUM,627319.74,SELF_EMPLOYED,N,2026-02-13
102793,VERIFIED,LOW,25390.59,SALARIED,N,2025-02-08
102794,VERIFIED,LOW,62388.45,SALARIED,N,2026-01-23
102795,VERIFIED,LOW,59199.59,SALARIED,N,2026-01-07
102796,PENDING,HIGH,62741.65,SALARIED,N,2026-02-05
102797,PENDING,LOW,34231.33,SALARIED,N,2025-05-17
102798,VERIFIED,LOW,76593.2,SALARIED,N,2025-12-11
102799,VERIFIED,LOW,31874.54,SELF_EMPLOYED,N,2025-03-01
102800,VERIFIED,LOW,79562.13,SALARIED,N,2026-09-26
102801,PENDING,LOW,73262.67,SALARIED,Y,2026-09-28
102802,VERIFIED,HIGH,56460.05,SALARIED,N,2025-06-14
102803,VERIFIED,MEDIUM,63118.51,SALARIED,N,2025-08-14
102804,VERIFIED,MEDIUM,185291.7,STUDENT,N,2026-07-22
102805,VERIFIED,HIGH,96354.73,SALARIED,N,2025-09-02
102806,VERIFIED,LOW,74046.69,RETIRED,N,2026-03-05
102807,VERIFIED,MEDIUM,87199.93,SELF_EMPLOYED,N,2026-09-08
102808,VERIFIED,HIGH,67923.74,SALARIED,N,2026-08-13
102809,VERIFIED,LOW,94741.29,SALARIED,N,2026-02-11
102810,VERIFIED,MEDIUM,44630.51,SALARIED,N,2026-06-02
102811,VERIFIED,MEDIUM,278436.72,SALARIED,N,2026-07-03
102812,VERIFIED,LOW,74766.29,SELF_EMPLOYED,N,2026-03-05
102813,VERIFIED,LOW,415448.93,STUDENT,N,2025-08-24
102814,VERIFIED,MEDIUM,279541.41,SALARIED,N,2025-01-31
102815,EXPIRED,LOW,47692.5,PROFESSIONAL,N,2026-08-11
102816,VERIFIED,LOW,77318.49,STUDENT,N,2026-01-29
102817,VERIFIED,LOW,83920.32,SALARIED,N,2025-02-25
102818,VERIFIED,LOW,121411.6,SALARIED,N,2025-05-25
102819,VERIFIED,LOW,72064.54,SALARIED,N,2025-01-27
102820,VERIFIED,LOW,144999.5,SALARIED,N,2025-08-09
102821,VERIFIED,LOW,21090.28,SALARIED,N,2025-05-28
102822,VERIFIED,LOW,44511.95,SALARIED,N,2025-09-16
102823,VERIFIED,HIGH,58449.46,PROFESSIONAL,N,2026-09-07
102824,VERIFIED,LOW,42902.41,STUDENT,N,2026-07-23
102825,VERIFIED,HIGH,21466.07,SALARIED,N,2026-07-06
102826,VERIFIED,LOW,117537.21,SALARIED,N,2026-09-01
102827,VERIFIED,LOW,32223.97,PROFESSIONAL,N,2025-03-02
102828,VERIFIED,MEDIUM,42688.92,SELF_EMPLOYED,Y,2026-05-17
102829,VERIFIED,HIGH,108082.99,SALARIED,N,2026-06-20
102830,VERIFIED,MEDIUM,146656.06,PROFESSIONAL,N,2025-04-09
102831,VERIFIED,MEDIUM,45816.8,PROFESSIONAL,N,2025-08-25
102832,VERIFIED,LOW,33729.34,SALARIED,N,2025-09-14
102833,VERIFIED,LOW,39002.1,SALARIED,N,2026-01-16
102834,VERIFIED,MEDIUM,136563.9,SALARIED,N,2025-01-04
102835,VERIFIED,LOW,141682.86,SALARIED,N,2025-02-17
102836,VERIFIED,LOW,82349.55,SALARIED,N,2026-07-12
102837,VERIFIED,LOW,77696.52,SALARIED,N,2025-10-06
102838,VERIFIED,MEDIUM,28080.84,PROFESSIONAL,N,2025-03-31
102839,VERIFIED,LOW,89527.86,SALARIED,N,2025-07-07
102840,VERIFIED,LOW,110273.4,STUDENT,N,2026-02-26
102841,VERIFIED,LOW,73683.94,SALARIED,N,2025-03-11
102842,VERIFIED,LOW,75449.5,SELF_EMPLOYED,N,2025-12-12
102843,VERIFIED,LOW,33838.95,SELF_EMPLOYED,N,2026-05-17
102844,VERIFIED,LOW,141420.34,SALARIED,N,2025-06-14
102845,VERIFIED,MEDIUM,27351.15,SALARIED,N,2025-07-19
102846,VERIFIED,LOW,65461.36,SALARIED,N,2026-01-13
102847,VERIFIED,MEDIUM,89089.42,SELF_EMPLOYED,N,2026-04-08
102848,VERIFIED,LOW,138919.67,STUDENT,N,2025-07-17
102849,VERIFIED,LOW,131252.32,SALARIED,N,2026-09-04
102850,VERIFIED,LOW,138756.68,SALARIED,N,2025-07-24
102851,VERIFIED,LOW,54372.79,PROFESSIONAL,N,2025-12-11
102852,VERIFIED,LOW,299704.57,SALARIED,N,2025-03-27
102853,VERIFIED,LOW,134199.33,SALARIED,N,2026-05-02
102854,VERIFIED,LOW,52609.9,SALARIED,N,2025-12-23
102855,VERIFIED,LOW,54860.7,SALARIED,N,2026-02-27
102856,VERIFIED,MEDIUM,108474.83,SALARIED,N,2026-08-07
102857,VERIFIED,LOW,48833.6,SELF_EMPLOYED,N,2025-07-14
102858,VERIFIED,LOW,28844.24,SALARIED,N,2025-08-13
102859,VERIFIED,LOW,69819.29,PROFESSIONAL,N,2025-07-20
102860,VERIFIED,LOW,15107.8,SELF_EMPLOYED,N,2026-01-10
102861,VERIFIED,LOW,83526.87,SALARIED,N,2025-07-05
102862,VERIFIED,LOW,100175.25,RETIRED,N,2025-09-02
102863,VERIFIED,LOW,55664.03,RETIRED,Y,2025-07-11
102864,VERIFIED,LOW,139731.71,STUDENT,N,2025-07-02
102865,VERIFIED,LOW,115130.97,SALARIED,N,2025-03-03
102866,VERIFIED,HIGH,34121.99,SELF_EMPLOYED,N,2025-11-16
102867,VERIFIED,LOW,68101.69,SALARIED,N,2026-05-11
102868,VERIFIED,MEDIUM,47212.07,SALARIED,N,2025-06-14
102869,VERIFIED,LOW,53636.67,SALARIED,N,2026-05-13
102870,VERIFIED,LOW,139399.0,SELF_EMPLOYED,N,2026-03-26
102871,PENDING,LOW,99361.54,SALARIED,N,2025-02-13
102872,VERIFIED,LOW,41506.01,SALARIED,N,2026-08-17
102873,VERIFIED,LOW,76551.56,STUDENT,N,2025-05-27
102874,VERIFIED,MEDIUM,40489.36,SELF_EMPLOYED,N,2025-09-30
102875,EXPIRED,LOW,48286.8,STUDENT,N,2025-04-18
102876,VERIFIED,LOW,179956.09,SALARIED,N,2026-03-16
102877,VERIFIED,MEDIUM,346447.28,SELF_EMPLOYED,N,2025-09-24
102878,VERIFIED,LOW,210315.1,SELF_EMPLOYED,N,2025-06-09
102879,VERIFIED,MEDIUM,79245.35,SALARIED,N,2025-12-23
102880,VERIFIED,MEDIUM,74575.92,SALARIED,N,2025-12-02
102881,VERIFIED,MEDIUM,128361.41,SALARIED,N,2025-06-28
102882,VERIFIED,LOW,70684.82,SALARIED,N,2026-01-21
102883,VERIFIED,LOW,26191.56,SALARIED,N,2026-03-18
102884,VERIFIED,LOW,215844.89,SALARIED,N,2026-06-29
102885,VERIFIED,LOW,30575.65,PROFESSIONAL,N,2026-07-24
102886,VERIFIED,MEDIUM,145087.54,PROFESSIONAL,N,2026-03-25
102887,VERIFIED,LOW,108431.35,PROFESSIONAL,N,2026-06-08
102888,VERIFIED,LOW,221654.23,SALARIED,N,2025-07-10
102889,EXPIRED,LOW,115918.16,SALARIED,N,2026-05-18
102890,VERIFIED,LOW,45157.02,SALARIED,N,2026-05-23
102891,VERIFIED,LOW,133982.97,PROFESSIONAL,N,2026-02-28
102892,VERIFIED,LOW,52251.37,SELF_EMPLOYED,N,2026-07-06
102893,VERIFIED,LOW,35053.81,SALARIED,N,2026-05-01
102894,VERIFIED,LOW,20121.09,SALARIED,N,2025-12-23
102895,VERIFIED,MEDIUM,61060.59,SELF_EMPLOYED,N,2026-01-05
102896,VERIFIED,LOW,22079.25,SELF_EMPLOYED,N,2026-01-06
102897,PENDING,LOW,168344.27,STUDENT,N,2025-08-15
102898,VERIFIED,MEDIUM,23834.89,SALARIED,N,2026-03-18
102899,VERIFIED,MEDIUM,51686.75,SELF_EMPLOYED,N,2026-06-08
102900,VERIFIED,LOW,53143.67,SELF_EMPLOYED,N,2025-10-31
102901,VERIFIED,LOW,73984.51,PROFESSIONAL,N,2026-05-15
102902,VERIFIED,MEDIUM,37656.23,SELF_EMPLOYED,N,2026-01-10
102903,VERIFIED,LOW,138357.64,STUDENT,N,2026-03-27
102904,VERIFIED,LOW,73571.28,PROFESSIONAL,N,2026-03-26
102905,VERIFIED,LOW,65415.03,PROFESSIONAL,N,2025-01-24
102906,VERIFIED,MEDIUM,43361.09,SALARIED,N,2025-06-26
102907,VERIFIED,LOW,94587.64,SALARIED,N,2026-04-04
102908,VERIFIED,LOW,164101.07,SALARIED,N,2025-02-24
102909,VERIFIED,MEDIUM,381449.27,SALARIED,N,2025-05-23
102910,VERIFIED,LOW,35892.07,STUDENT,N,2025-07-23
102911,EXPIRED,LOW,60553.3,SELF_EMPLOYED,N,2026-06-12
102912,VERIFIED,LOW,19156.56,PROFESSIONAL,N,2025-09-16
102913,VERIFIED,MEDIUM,102939.09,SELF_EMPLOYED,N,2026-07-26
102914,VERIFIED,MEDIUM,27243.88,SELF_EMPLOYED,N,2026-08-04
102915,VERIFIED,HIGH,79145.22,STUDENT,N,2026-03-06
102916,VERIFIED,MEDIUM,147660.71,SALARIED,N,2026-08-13
102917,PENDING,LOW,50626.16,STUDENT,N,2025-01-03
102918,VERIFIED,MEDIUM,36102.27,PROFESSIONAL,N,2026-02-06
102919,PENDING,LOW,155869.11,RETIRED,N,2026-02-27
102920,VERIFIED,MEDIUM,105024.58,SALARIED,N,2025-03-04
102921,VERIFIED,LOW,31749.69,PROFESSIONAL,N,2026-03-09
102922,VERIFIED,LOW,72462.51,SALARIED,Y,2025-04-01
102923,VERIFIED,LOW,37990.4,SALARIED,N,2025-02-18
102924,VERIFIED,LOW,131843.18,SALARIED,N,2025-01-02
102925,VERIFIED,LOW,71676.54,SALARIED,N,2026-05-06
102926,VERIFIED,LOW,178617.05,SALARIED,N,2025-10-18
102927,VERIFIED,LOW,36115.88,STUDENT,N,2025-08-19
102928,VERIFIED,MEDIUM,76696.44,SELF_EMPLOYED,N,2026-03-14
102929,VERIFIED,MEDIUM,65646.4,SELF_EMPLOYED,N,2025-04-01
102930,EXPIRED,LOW,78084.99,STUDENT,N,2026-09-03
102931,VERIFIED,MEDIUM,45793.06,STUDENT,N,2025-01-14
102932,EXPIRED,LOW,15319.02,RETIRED,N,2025-05-26
102933,VERIFIED,LOW,102888.12,STUDENT,N,2026-04-20
102934,VERIFIED,MEDIUM,68518.05,PROFESSIONAL,N,2025-03-30
102935,VERIFIED,LOW,38548.26,SALARIED,N,2025-07-03
102936,VERIFIED,MEDIUM,47754.32,SELF_EMPLOYED,N,2025-06-24
102937,VERIFIED,LOW,30945.14,SALARIED,N,2025-01-28
102938,VERIFIED,MEDIUM,19773.2,SALARIED,N,2025-12-20
102939,VERIFIED,MEDIUM,129984.22,SALARIED,N,2026-05-11
102940,VERIFIED,LOW,95944.7,SALARIED,N,2025-01-25
102941,VERIFIED,LOW,27491.91,STUDENT,N,2025-07-23
102942,VERIFIED,LOW,341489.82,SALARIED,N,2026-06-24
102943,VERIFIED,LOW,31811.11,PROFESSIONAL,N,2026-03-22
102944,VERIFIED,MEDIUM,105290.36,SALARIED,N,2026-02-06
102945,EXPIRED,LOW,66332.17,SALARIED,N,2025-01-21
102946,VERIFIED,LOW,29117.0,PROFESSIONAL,N,2026-05-14
102947,VERIFIED,LOW,83057.69,SALARIED,N,2026-02-04
102948,VERIFIED,LOW,58695.14,SELF_EMPLOYED,N,2026-09-12
102949,VERIFIED,MEDIUM,43737.87,SALARIED,N,2025-11-05
102950,PENDING,LOW,155974.56,SALARIED,N,2026-04-18
102951,VERIFIED,MEDIUM,99263.09,SALARIED,N,2025-12-07
102952,VERIFIED,MEDIUM,105607.19,SELF_EMPLOYED,N,2026-06-11
102953,PENDING,LOW,57530.72,SALARIED,N,2025-12-06
102954,VERIFIED,LOW,83191.3,PROFESSIONAL,N,2026-03-02
102955,VERIFIED,LOW,65025.11,SALARIED,N,2025-10-09
102956,VERIFIED,MEDIUM,91535.86,SELF_EMPLOYED,N,2025-06-29
102957,VERIFIED,LOW,35189.55,SELF_EMPLOYED,N,2025-04-23
102958,VERIFIED,LOW,14140.35,SALARIED,N,2025-05-18
102959,VERIFIED,LOW,159769.39,SALARIED,N,2026-01-18
102960,VERIFIED,LOW,65539.76,SALARIED,N,2026-09-29
102961,VERIFIED,LOW,95954.02,SALARIED,N,2025-06-23
102962,VERIFIED,LOW,42408.62,SALARIED,N,2025-09-25
102963,VERIFIED,LOW,57214.27,SALARIED,N,2025-09-21
102964,VERIFIED,LOW,177762.22,SALARIED,N,2025-11-26
102965,VERIFIED,MEDIUM,83827.12,SELF_EMPLOYED,N,2026-06-17
102966,VERIFIED,MEDIUM,277356.83,STUDENT,N,2025-05-14
102967,VERIFIED,LOW,118128.95,SALARIED,N,2025-05-31
102968,VERIFIED,LOW,42860.34,SELF_EMPLOYED,N,2025-03-18
102969,VERIFIED,LOW,88173.36,SALARIED,N,2025-02-14
102970,VERIFIED,LOW,197501.01,SALARIED,N,2025-10-19
102971,EXPIRED,LOW,76357.13,SALARIED,N,2025-04-08
102972,VERIFIED,LOW,100661.77,PROFESSIONAL,N,2026-02-17
102973,VERIFIED,LOW,165761.47,RETIRED,N,2025-04-14
102974,VERIFIED,LOW,14406.91,SALARIED,N,2026-07-22
102975,VERIFIED,LOW,104385.01,SALARIED,N,2025-06-07
102976,EXPIRED,MEDIUM,158804.38,SALARIED,N,2025-08-02
102977,VERIFIED,HIGH,40178.86,SALARIED,N,2026-09-13
102978,VERIFIED,MEDIUM,130540.58,SALARIED,N,2025-09-19
102979,VERIFIED,LOW,65948.1,SALARIED,N,2026-05-07
102980,VERIFIED,LOW,22029.46,SELF_EMPLOYED,N,2026-07-20
102981,VERIFIED,LOW,110624.99,SALARIED,N,2025-12-20
102982,VERIFIED,MEDIUM,65761.61,SELF_EMPLOYED,N,2026-04-06
102983,VERIFIED,MEDIUM,63049.03,SELF_EMPLOYED,N,2025-02-25
102984,VERIFIED,LOW,100707.22,STUDENT,N,2025-07-04
102985,VERIFIED,LOW,35704.33,SALARIED,N,2025-03-15
102986,VERIFIED,LOW,109280.59,STUDENT,N,2026-08-19
102987,VERIFIED,LOW,36571.77,SELF_EMPLOYED,N,2026-07-26
102988,VERIFIED,HIGH,176906.23,SELF_EMPLOYED,N,2025-02-01
102989,VERIFIED,MEDIUM,138743.11,SELF_EMPLOYED,N,2025-12-10
102990,VERIFIED,LOW,179793.32,SALARIED,N,2026-02-23
102991,VERIFIED,MEDIUM,89478.97,SALARIED,N,2025-11-29
102992,VERIFIED,LOW,50241.03,SELF_EMPLOYED,N,2026-09-24
102993,VERIFIED,LOW,41416.54,STUDENT,N,2025-01-14
102994,VERIFIED,MEDIUM,39839.88,PROFESSIONAL,N,2025-02-08
102995,VERIFIED,MEDIUM,59148.96,SALARIED,N,2026-10-09
102996,VERIFIED,LOW,42357.22,SALARIED,N,2025-12-26
102997,VERIFIED,MEDIUM,81728.54,SALARIED,N,2026-01-17
102998,VERIFIED,LOW,39202.76,SALARIED,N,2025-08-28
102999,VERIFIED,LOW,44160.28,SALARIED,N,2025-05-15
103000,EXPIRED,HIGH,51659.23,SELF_EMPLOYED,N,2025-09-25
103001,VERIFIED,MEDIUM,39954.36,SALARIED,N,2026-02-13
103002,EXPIRED,LOW,52974.77,STUDENT,N,2025-06-04
103003,VERIFIED,LOW,96711.9,SALARIED,N,2025-03-12
103004,PENDING,MEDIUM,37252.09,STUDENT,N,2026-08-12
103005,VERIFIED,HIGH,30259.21,PROFESSIONAL,N,2026-04-15
103006,VERIFIED,LOW,58932.82,SALARIED,N,2025-04-14
103007,VERIFIED,LOW,31556.19,PROFESSIONAL,N,2025-03-08
103008,EXPIRED,LOW,157754.58,SELF_EMPLOYED,N,2025-02-23
103009,VERIFIED,LOW,42018.71,SALARIED,N,2026-07-30
103010,VERIFIED,LOW,68272.41,SALARIED,N,2025-03-07
103011,VERIFIED,LOW,88884.46,SALARIED,N,2025-01-03
103012,VERIFIED,LOW,29133.11,SALARIED,N,2025-01-27
103013,VERIFIED,HIGH,38213.14,SALARIED,N,2025-11-09
103014,VERIFIED,LOW,43936.12,PROFESSIONAL,N,2026-01-06
103015,VERIFIED,MEDIUM,110041.89,SALARIED,N,2025-07-16
103016,VERIFIED,HIGH,217619.56,SELF_EMPLOYED,N,2025-06-15
103017,VERIFIED,LOW,221096.86,STUDENT,N,2026-08-24
103018,VERIFIED,LOW,151395.31,SALARIED,N,2026-08-09
103019,VERIFIED,MEDIUM,29554.71,PROFESSIONAL,N,2025-05-20
103020,VERIFIED,LOW,37433.26,STUDENT,N,2026-05-20
103021,VERIFIED,LOW,163056.32,SALARIED,N,2025-12-30
103022,VERIFIED,LOW,178369.01,SALARIED,N,2026-02-01
103023,VERIFIED,LOW,110992.17,SALARIED,N,2026-06-23
103024,VERIFIED,LOW,111722.01,STUDENT,N,2025-06-25
103025,VERIFIED,MEDIUM,50066.6,SELF_EMPLOYED,N,2026-08-20
103026,VERIFIED,HIGH,201892.23,SALARIED,N,2026-09-18
103027,PENDING,LOW,41143.53,SALARIED,N,2026-03-07
103028,VERIFIED,LOW,23228.9,SELF_EMPLOYED,N,2025-04-19
103029,VERIFIED,LOW,111395.51,SALARIED,N,2025-10-03
103030,VERIFIED,LOW,45305.91,SALARIED,N,2026-08-29
103031,EXPIRED,LOW,28450.82,PROFESSIONAL,N,2026-05-21
103032,VERIFIED,LOW,117090.52,SELF_EMPLOYED,N,2025-07-31
103033,VERIFIED,LOW,20163.26,PROFESSIONAL,N,2026-08-05
103034,VERIFIED,LOW,88904.01,SALARIED,N,2026-04-03
103035,VERIFIED,LOW,49498.52,SALARIED,N,2026-06-15
103036,VERIFIED,LOW,187378.41,SALARIED,N,2026-04-03
103037,VERIFIED,MEDIUM,89075.61,SELF_EMPLOYED,N,2026-09-20
103038,VERIFIED,LOW,132985.38,STUDENT,N,2025-12-15
103039,VERIFIED,MEDIUM,32700.79,STUDENT,N,2025-01-14
103040,VERIFIED,MEDIUM,22001.32,SALARIED,N,2025-08-05
103041,VERIFIED,MEDIUM,52287.47,SALARIED,N,2025-12-22
103042,VERIFIED,LOW,98481.14,SALARIED,N,2025-06-16
103043,VERIFIED,LOW,69309.22,SALARIED,N,2025-12-06
103044,EXPIRED,LOW,139804.25,SELF_EMPLOYED,N,2025-10-10
103045,VERIFIED,LOW,94388.65,SALARIED,N,2025-04-23
103046,VERIFIED,LOW,33452.17,PROFESSIONAL,N,2026-08-14
103047,VERIFIED,LOW,89502.2,SALARIED,N,2025-11-04
103048,VERIFIED,LOW,73995.65,SALARIED,N,2025-07-25
103049,VERIFIED,MEDIUM,151151.16,PROFESSIONAL,N,2025-09-18
103050,VERIFIED,LOW,36245.85,PROFESSIONAL,N,2026-02-03
103051,VERIFIED,LOW,42997.21,STUDENT,N,2025-06-02
103052,VERIFIED,LOW,85646.96,SALARIED,N,2025-02-22
103053,VERIFIED,MEDIUM,165870.26,SALARIED,N,2026-01-10
103054,EXPIRED,MEDIUM,58129.5,SALARIED,N,2025-04-23
103055,VERIFIED,MEDIUM,97513.43,RETIRED,N,2026-10-11
103056,VERIFIED,LOW,67703.6,SALARIED,N,2025-01-10
103057,VERIFIED,LOW,64370.62,PROFESSIONAL,N,2026-06-28
103058,VERIFIED,LOW,139906.03,SALARIED,N,2026-08-17
103059,VERIFIED,LOW,71069.25,SALARIED,N,2026-02-19
103060,VERIFIED,LOW,49629.29,SALARIED,N,2026-02-06
103061,VERIFIED,MEDIUM,47758.1,SELF_EMPLOYED,N,2026-08-14
103062,VERIFIED,LOW,54197.71,SALARIED,N,2026-04-28
103063,VERIFIED,LOW,42199.87,SALARIED,N,2025-01-25
103064,VERIFIED,LOW,56689.96,SALARIED,N,2026-04-14
103065,VERIFIED,LOW,68751.17,SALARIED,N,2025-10-21
103066,VERIFIED,LOW,79728.66,SALARIED,N,2025-01-14
103067,VERIFIED,LOW,34878.03,PROFESSIONAL,N,2025-05-26
103068,VERIFIED,LOW,50343.88,PROFESSIONAL,N,2025-11-02
103069,VERIFIED,LOW,51970.18,PROFESSIONAL,N,2025-03-08
103070,VERIFIED,LOW,40288.76,SALARIED,N,2026-08-06
103071,VERIFIED,LOW,45405.27,SALARIED,Y,2025-07-01
103072,VERIFIED,LOW,118833.15,SALARIED,N,2026-04-22
103073,VERIFIED,LOW,160587.01,SALARIED,N,2025-06-11
103074,PENDING,MEDIUM,53989.08,SALARIED,N,2026-04-04
103075,VERIFIED,LOW,41682.91,SALARIED,N,2026-08-14
103076,VERIFIED,LOW,62766.5,SALARIED,N,2026-02-08
103077,VERIFIED,LOW,69897.94,SELF_EMPLOYED,N,2026-08-21
103078,VERIFIED,LOW,103761.27,SALARIED,N,2025-07-10
103079,VERIFIED,MEDIUM,51141.66,SALARIED,N,2025-04-27
103080,VERIFIED,MEDIUM,46522.05,SALARIED,N,2025-08-24
103081,VERIFIED,MEDIUM,325637.92,SALARIED,N,2026-04-03
103082,VERIFIED,LOW,28543.19,STUDENT,N,2025-01-01
103083,VERIFIED,MEDIUM,118863.35,RETIRED,N,2025-09-16
103084,VERIFIED,LOW,174261.82,SALARIED,N,2026-03-16
103085,VERIFIED,MEDIUM,56107.08,SALARIED,N,2026-03-09
103086,VERIFIED,LOW,88075.59,SALARIED,N,2025-06-18
103087,VERIFIED,LOW,22249.29,PROFESSIONAL,N,2025-06-05
103088,VERIFIED,MEDIUM,67249.77,SALARIED,N,2025-08-24
103089,PENDING,MEDIUM,140600.39,RETIRED,N,2025-08-03
103090,VERIFIED,LOW,71562.01,SALARIED,N,2025-02-24
103091,VERIFIED,HIGH,67835.72,SALARIED,N,2025-07-29
103092,VERIFIED,LOW,204282.77,PROFESSIONAL,N,2026-07-23
103093,VERIFIED,LOW,112691.03,PROFESSIONAL,N,2026-02-27
103094,VERIFIED,LOW,104857.98,SALARIED,N,2025-04-23
103095,EXPIRED,MEDIUM,39070.73,SALARIED,N,2026-09-02
103096,VERIFIED,HIGH,13505.21,STUDENT,N,2025-10-17
103097,VERIFIED,MEDIUM,84329.34,RETIRED,N,2025-07-20
103098,VERIFIED,LOW,66409.77,SELF_EMPLOYED,N,2025-08-23
103099,VERIFIED,LOW,108623.97,SALARIED,N,2026-06-30
103100,VERIFIED,LOW,71756.96,SALARIED,N,2025-05-13
103101,VERIFIED,MEDIUM,68107.82,SELF_EMPLOYED,N,2026-09-09
103102,VERIFIED,HIGH,67503.44,SALARIED,N,2026-07-06
103103,VERIFIED,MEDIUM,32166.9,SALARIED,N,2025-03-29
103104,VERIFIED,LOW,19944.91,SALARIED,N,2025-06-16
103105,PENDING,LOW,37210.37,SALARIED,N,2025-12-09
103106,VERIFIED,LOW,32315.07,SELF_EMPLOYED,N,2025-07-25
103107,VERIFIED,LOW,64230.31,RETIRED,N,2026-06-29
103108,VERIFIED,HIGH,22891.81,SALARIED,N,2026-06-22
103109,VERIFIED,LOW,48565.47,STUDENT,N,2026-07-28
103110,VERIFIED,MEDIUM,231919.78,SALARIED,N,2025-09-29
103111,VERIFIED,LOW,63040.15,STUDENT,N,2025-03-22
103112,VERIFIED,MEDIUM,68271.56,SELF_EMPLOYED,N,2026-01-04
103113,VERIFIED,MEDIUM,66841.28,SALARIED,N,2026-08-01
103114,VERIFIED,LOW,75944.91,STUDENT,N,2026-05-17
103115,VERIFIED,LOW,46995.7,SELF_EMPLOYED,N,2025-06-21
103116,VERIFIED,LOW,59436.01,SELF_EMPLOYED,N,2025-08-18
103117,VERIFIED,LOW,46523.54,STUDENT,N,2026-01-27
103118,VERIFIED,LOW,25074.21,SALARIED,N,2025-10-22
103119,VERIFIED,LOW,141838.05,SALARIED,N,2026-03-21
103120,VERIFIED,LOW,37294.21,SALARIED,N,2025-08-02
103121,VERIFIED,LOW,187285.53,SALARIED,N,2025-06-26
103122,VERIFIED,LOW,40251.37,STUDENT,N,2025-02-27
103123,VERIFIED,MEDIUM,27362.63,RETIRED,N,2026-05-06
103124,VERIFIED,MEDIUM,232892.65,SELF_EMPLOYED,N,2026-03-20
103125,VERIFIED,HIGH,25291.65,SELF_EMPLOYED,N,2026-08-20
103126,PENDING,LOW,15183.97,SALARIED,N,2025-08-29
103127,PENDING,LOW,25844.44,STUDENT,N,2026-03-23
103128,VERIFIED,LOW,60499.04,SALARIED,N,2025-02-05
103129,VERIFIED,HIGH,27734.96,SALARIED,N,2026-08-26
103130,VERIFIED,LOW,45903.89,RETIRED,N,2026-09-14
103131,VERIFIED,MEDIUM,17646.05,PROFESSIONAL,N,2025-09-30
103132,VERIFIED,MEDIUM,134168.96,PROFESSIONAL,N,2025-10-18
103133,VERIFIED,LOW,86935.06,SALARIED,N,2025-04-28
103134,VERIFIED,LOW,29062.22,SALARIED,N,2025-01-11
103135,VERIFIED,LOW,14689.83,SALARIED,N,2025-04-28
103136,VERIFIED,LOW,36774.13,SALARIED,N,2025-08-23
103137,VERIFIED,HIGH,100973.77,PROFESSIONAL,N,2025-09-08
103138,PENDING,LOW,133234.66,PROFESSIONAL,N,2026-04-25
103139,VERIFIED,MEDIUM,56775.43,STUDENT,N,2025-05-13
103140,VERIFIED,LOW,47765.49,SALARIED,N,2025-06-22
103141,VERIFIED,MEDIUM,45429.89,SALARIED,N,2026-09-21
103142,VERIFIED,LOW,80646.28,PROFESSIONAL,N,2025-01-20
103143,VERIFIED,LOW,117358.32,SALARIED,N,2026-07-17
103144,VERIFIED,MEDIUM,60292.09,SALARIED,N,2026-10-05
103145,VERIFIED,LOW,51895.28,PROFESSIONAL,N,2025-07-18
103146,VERIFIED,HIGH,109917.25,SALARIED,N,2026-02-08
103147,VERIFIED,MEDIUM,174789.99,SALARIED,N,2025-03-29
103148,VERIFIED,LOW,54923.59,SELF_EMPLOYED,N,2025-11-19
103149,VERIFIED,LOW,69926.45,SALARIED,N,2025-02-05
103150,VERIFIED,LOW,40601.51,PROFESSIONAL,N,2026-05-25
103151,VERIFIED,LOW,69716.86,SALARIED,N,2026-05-01
103152,VERIFIED,LOW,36233.81,SALARIED,N,2025-07-14
103153,VERIFIED,LOW,166743.38,STUDENT,N,2025-09-03
103154,VERIFIED,MEDIUM,117711.02,SALARIED,N,2026-02-19
103155,VERIFIED,HIGH,204652.02,SALARIED,N,2026-08-12
103156,VERIFIED,LOW,45981.57,SALARIED,N,2025-01-23
103157,VERIFIED,MEDIUM,254164.6,SALARIED,N,2025-03-11
103158,VERIFIED,LOW,77572.27,SALARIED,N,2025-07-09
103159,VERIFIED,LOW,60659.68,SALARIED,N,2025-11-13
103160,VERIFIED,LOW,149905.82,STUDENT,N,2025-01-29
103161,VERIFIED,LOW,34086.67,SALARIED,N,2026-07-09
103162,PENDING,LOW,67627.87,SELF_EMPLOYED,N,2025-05-21
103163,VERIFIED,MEDIUM,59775.34,SELF_EMPLOYED,N,2025-11-19
103164,VERIFIED,LOW,86804.54,SALARIED,N,2026-07-01
103165,VERIFIED,MEDIUM,49593.11,SALARIED,N,2025-12-28
103166,VERIFIED,LOW,46601.3,SALARIED,N,2025-09-01
103167,VERIFIED,LOW,51664.75,SELF_EMPLOYED,N,2026-02-11
103168,VERIFIED,LOW,54785.81,SALARIED,N,2025-02-24
103169,VERIFIED,LOW,69642.22,SALARIED,N,2025-08-13
103170,VERIFIED,LOW,152848.47,PROFESSIONAL,N,2026-09-28
103171,VERIFIED,LOW,16289.56,SELF_EMPLOYED,N,2026-09-29
103172,VERIFIED,MEDIUM,108897.73,STUDENT,N,2025-10-15
103173,VERIFIED,LOW,48681.9,PROFESSIONAL,N,2026-05-04
103174,VERIFIED,LOW,58907.0,PROFESSIONAL,N,2025-05-01
103175,VERIFIED,LOW,32651.09,SALARIED,N,2026-10-10
103176,VERIFIED,LOW,68186.42,STUDENT,N,2025-08-21
103177,VERIFIED,LOW,51308.16,SELF_EMPLOYED,N,2025-08-30
103178,VERIFIED,LOW,57170.08,SALARIED,N,2025-01-27
103179,VERIFIED,LOW,96667.39,PROFESSIONAL,N,2025-09-06
103180,VERIFIED,LOW,100006.03,SALARIED,N,2025-09-27
103181,VERIFIED,MEDIUM,166538.87,PROFESSIONAL,N,2026-09-27
103182,PENDING,LOW,45026.98,RETIRED,N,2025-08-24
103183,VERIFIED,LOW,103107.67,SALARIED,N,2026-08-04
103184,VERIFIED,LOW,99885.14,SALARIED,N,2026-08-20
103185,VERIFIED,MEDIUM,70055.94,PROFESSIONAL,Y,2026-07-18
103186,VERIFIED,LOW,197903.39,PROFESSIONAL,N,2026-02-23
103187,VERIFIED,LOW,43700.71,SELF_EMPLOYED,N,2025-12-09
103188,VERIFIED,HIGH,72992.15,SALARIED,N,2026-02-13
103189,VERIFIED,MEDIUM,80677.49,STUDENT,N,2026-09-21
103190,VERIFIED,LOW,30375.25,SELF_EMPLOYED,N,2026-09-09
103191,VERIFIED,LOW,150574.53,STUDENT,N,2025-02-20
103192,VERIFIED,LOW,61741.4,SALARIED,N,2025-04-04
103193,VERIFIED,MEDIUM,87923.67,SALARIED,N,2025-11-27
103194,VERIFIED,MEDIUM,184762.65,SELF_EMPLOYED,N,2025-12-10
103195,VERIFIED,LOW,76096.53,SELF_EMPLOYED,N,2026-03-13
103196,VERIFIED,LOW,67929.97,SALARIED,N,2026-02-25
103197,VERIFIED,LOW,69090.09,SALARIED,N,2025-09-19
103198,VERIFIED,MEDIUM,34433.88,PROFESSIONAL,N,2025-11-03
103199,VERIFIED,LOW,51669.67,SELF_EMPLOYED,N,2026-06-22
103200,VERIFIED,LOW,59968.03,SALARIED,N,2025-05-06
103201,VERIFIED,LOW,70532.44,SALARIED,N,2025-06-25
103202,VERIFIED,MEDIUM,162123.95,PROFESSIONAL,N,2025-06-23
103203,VERIFIED,LOW,121047.34,SALARIED,N,2025-07-13
103204,VERIFIED,LOW,45163.32,SELF_EMPLOYED,N,2025-01-10
103205,VERIFIED,HIGH,65169.14,SALARIED,N,2025-01-06
103206,VERIFIED,LOW,164473.42,RETIRED,N,2025-06-16
103207,VERIFIED,LOW,21577.63,PROFESSIONAL,N,2026-10-09
103208,VERIFIED,LOW,57075.72,SELF_EMPLOYED,N,2025-12-30
103209,VERIFIED,MEDIUM,28310.83,PROFESSIONAL,N,2026-06-17
103210,VERIFIED,LOW,323916.83,STUDENT,N,2026-06-30
103211,VERIFIED,LOW,109315.25,SALARIED,N,2025-06-25
103212,VERIFIED,LOW,47927.19,SALARIED,N,2026-03-28
103213,VERIFIED,LOW,64650.0,SALARIED,N,2026-02-04
103214,VERIFIED,LOW,38787.51,STUDENT,N,2026-09-07
103215,VERIFIED,LOW,241441.86,SELF_EMPLOYED,N,2025-01-10
103216,VERIFIED,LOW,14904.27,SALARIED,N,2026-10-08
103217,VERIFIED,HIGH,81866.23,SALARIED,N,2025-09-04
103218,VERIFIED,LOW,63179.56,SELF_EMPLOYED,N,2025-06-27
103219,VERIFIED,LOW,33904.6,SALARIED,N,2025-12-11
103220,VERIFIED,LOW,56199.5,SELF_EMPLOYED,N,2026-02-28
103221,PENDING,MEDIUM,23075.53,SALARIED,N,2025-11-06
103222,VERIFIED,LOW,183576.04,SELF_EMPLOYED,Y,2026-04-27
103223,VERIFIED,MEDIUM,67282.33,SALARIED,N,2025-08-08
103224,VERIFIED,LOW,119944.64,SALARIED,N,2025-02-03
103225,VERIFIED,LOW,48291.68,SALARIED,N,2025-12-24
103226,VERIFIED,HIGH,158574.79,SELF_EMPLOYED,N,2025-11-27
103227,VERIFIED,MEDIUM,67683.69,SELF_EMPLOYED,N,2025-09-20
103228,VERIFIED,MEDIUM,132906.56,STUDENT,N,2026-05-18
103229,VERIFIED,MEDIUM,95686.24,SELF_EMPLOYED,N,2026-07-09
103230,VERIFIED,LOW,64740.36,SELF_EMPLOYED,N,2025-11-01
103231,VERIFIED,LOW,126727.48,SALARIED,N,2025-06-06
103232,VERIFIED,LOW,1005006.98,SALARIED,N,2025-09-28
103233,VERIFIED,MEDIUM,31721.08,SELF_EMPLOYED,N,2026-04-21
103234,VERIFIED,HIGH,61171.05,SALARIED,N,2025-12-23
103235,VERIFIED,LOW,28541.47,SELF_EMPLOYED,N,2026-06-02
103236,VERIFIED,LOW,86644.07,SALARIED,N,2025-03-12
103237,EXPIRED,LOW,76630.8,SALARIED,N,2026-09-09
103238,VERIFIED,MEDIUM,233917.31,SELF_EMPLOYED,N,2025-02-18
103239,VERIFIED,MEDIUM,56004.98,STUDENT,N,2026-03-11
103240,VERIFIED,MEDIUM,122848.2,SELF_EMPLOYED,N,2025-01-07
103241,VERIFIED,LOW,17123.64,SELF_EMPLOYED,N,2025-09-27
103242,VERIFIED,MEDIUM,73032.2,PROFESSIONAL,N,2025-09-26
103243,VERIFIED,LOW,37594.93,SALARIED,N,2025-11-18
103244,VERIFIED,LOW,97243.94,SELF_EMPLOYED,N,2025-10-27
103245,VERIFIED,LOW,139854.79,SALARIED,N,2025-02-19
103246,VERIFIED,LOW,44803.28,STUDENT,N,2026-09-07
103247,VERIFIED,LOW,94030.28,SELF_EMPLOYED,N,2026-01-05
103248,VERIFIED,LOW,52470.43,SALARIED,N,2026-08-15
103249,VERIFIED,MEDIUM,68237.61,SALARIED,N,2025-04-13
103250,VERIFIED,LOW,86453.9,SELF_EMPLOYED,N,2025-09-05
103251,VERIFIED,LOW,34454.99,SALARIED,N,2025-06-18
103252,VERIFIED,MEDIUM,34565.11,SALARIED,N,2026-09-23
103253,VERIFIED,LOW,116275.85,SELF_EMPLOYED,N,2025-11-08
103254,VERIFIED,LOW,42604.35,SELF_EMPLOYED,N,2025-04-13
103255,VERIFIED,LOW,152024.59,SALARIED,N,2025-11-08
103256,VERIFIED,LOW,20872.7,SALARIED,N,2025-06-04
103257,VERIFIED,MEDIUM,121537.07,PROFESSIONAL,N,2026-01-15
103258,VERIFIED,MEDIUM,66526.65,SALARIED,N,2025-12-04
103259,VERIFIED,MEDIUM,62266.53,STUDENT,N,2026-05-19
103260,VERIFIED,LOW,72823.24,SELF_EMPLOYED,N,2025-08-31
103261,VERIFIED,LOW,25852.72,SALARIED,N,2025-05-19
103262,VERIFIED,MEDIUM,137220.91,RETIRED,N,2025-12-11
103263,VERIFIED,MEDIUM,50026.62,SELF_EMPLOYED,N,2025-09-06
103264,VERIFIED,LOW,38473.7,STUDENT,N,2025-01-04
103265,VERIFIED,LOW,270210.29,RETIRED,N,2025-08-23
103266,VERIFIED,LOW,52745.25,SALARIED,N,2026-03-16
103267,VERIFIED,LOW,37745.99,SALARIED,N,2026-04-05
103268,VERIFIED,LOW,112239.91,STUDENT,N,2025-06-28
103269,VERIFIED,MEDIUM,78531.92,SALARIED,N,2026-03-31
103270,VERIFIED,LOW,127573.7,SALARIED,N,2025-07-20
103271,VERIFIED,MEDIUM,69857.99,SELF_EMPLOYED,N,2025-01-02
103272,VERIFIED,LOW,123110.49,PROFESSIONAL,N,2026-08-16
103273,VERIFIED,LOW,251223.39,SELF_EMPLOYED,N,2025-01-05
103274,VERIFIED,LOW,40432.64,SALARIED,N,2026-07-31
103275,PENDING,LOW,49105.66,SELF_EMPLOYED,N,2025-03-18
103276,EXPIRED,HIGH,23348.73,SELF_EMPLOYED,N,2025-09-22
103277,VERIFIED,LOW,84710.17,SALARIED,N,2026-01-15
103278,VERIFIED,MEDIUM,71778.01,SALARIED,N,2025-09-02
103279,VERIFIED,LOW,150360.61,SALARIED,N,2025-06-08
103280,VERIFIED,LOW,64951.91,SELF_EMPLOYED,N,2026-05-29
103281,VERIFIED,LOW,62646.45,SELF_EMPLOYED,N,2025-10-03
103282,VERIFIED,LOW,75148.91,SALARIED,N,2026-04-20
103283,VERIFIED,LOW,56828.44,RETIRED,N,2025-01-01
103284,VERIFIED,LOW,84054.78,SELF_EMPLOYED,N,2025-03-31
103285,VERIFIED,MEDIUM,76664.48,SALARIED,N,2025-11-22
103286,VERIFIED,LOW,93930.93,SELF_EMPLOYED,N,2025-09-17
103287,VERIFIED,LOW,57061.45,SALARIED,N,2026-07-22
103288,VERIFIED,LOW,94613.02,SALARIED,N,2025-11-20
103289,VERIFIED,HIGH,98826.65,SELF_EMPLOYED,N,2026-07-14
103290,VERIFIED,LOW,53523.3,SALARIED,N,2025-11-04
103291,VERIFIED,LOW,62750.0,STUDENT,N,2026-02-11
103292,VERIFIED,LOW,59021.45,SELF_EMPLOYED,N,2025-03-08
103293,VERIFIED,LOW,29805.25,SALARIED,N,2025-08-24
103294,VERIFIED,LOW,48253.76,SALARIED,N,2026-02-14
103295,VERIFIED,HIGH,108489.74,STUDENT,N,2025-07-10
103296,PENDING,LOW,114692.56,SALARIED,N,2026-02-18
103297,VERIFIED,LOW,82459.18,SALARIED,N,2025-12-30
103298,VERIFIED,LOW,34248.52,SALARIED,N,2026-05-25
103299,VERIFIED,LOW,125014.6,RETIRED,N,2026-03-23
103300,VERIFIED,MEDIUM,220533.02,SALARIED,N,2026-01-29
103301,VERIFIED,LOW,97314.04,SELF_EMPLOYED,N,2025-02-26
103302,VERIFIED,MEDIUM,66051.92,SELF_EMPLOYED,N,2025-01-29
103303,VERIFIED,MEDIUM,37738.89,SALARIED,N,2026-02-12
103304,VERIFIED,LOW,65573.8,SALARIED,N,2025-06-08
103305,VERIFIED,HIGH,47970.73,SALARIED,N,2026-03-07
103306,VERIFIED,HIGH,58139.12,SALARIED,N,2025-12-15
103307,VERIFIED,MEDIUM,152967.21,SALARIED,N,2025-06-13
103308,VERIFIED,LOW,117481.46,SALARIED,N,2025-09-27
103309,VERIFIED,MEDIUM,52949.35,SELF_EMPLOYED,N,2025-09-14
103310,VERIFIED,LOW,70059.57,SALARIED,N,2026-02-02
103311,VERIFIED,MEDIUM,65962.89,SALARIED,N,2025-05-25
103312,VERIFIED,LOW,49928.22,SELF_EMPLOYED,N,2025-02-16
103313,VERIFIED,MEDIUM,27632.06,SALARIED,N,2025-08-13
103314,VERIFIED,MEDIUM,113347.93,SALARIED,N,2025-07-20
103315,VERIFIED,HIGH,142662.56,SELF_EMPLOYED,N,2025-11-17
103316,VERIFIED,MEDIUM,44586.03,SELF_EMPLOYED,N,2025-05-22
103317,VERIFIED,MEDIUM,43281.21,SALARIED,N,2025-08-15
103318,VERIFIED,MEDIUM,119378.89,SALARIED,N,2026-01-15
103319,VERIFIED,LOW,42922.04,PROFESSIONAL,N,2025-05-06
103320,VERIFIED,LOW,26867.2,PROFESSIONAL,N,2025-03-22
103321,VERIFIED,HIGH,49582.1,SALARIED,N,2026-09-28
103322,VERIFIED,LOW,159755.46,SELF_EMPLOYED,N,2025-08-09
103323,VERIFIED,MEDIUM,47089.1,SELF_EMPLOYED,N,2025-11-12
103324,VERIFIED,LOW,43416.69,SALARIED,N,2026-07-07
103325,VERIFIED,LOW,48720.97,SALARIED,N,2025-12-29
103326,VERIFIED,LOW,31318.54,SALARIED,N,2026-04-05
103327,VERIFIED,HIGH,28101.83,SALARIED,N,2025-10-27
103328,VERIFIED,LOW,55797.24,SALARIED,N,2025-10-17
103329,VERIFIED,LOW,26587.67,SALARIED,N,2025-12-30
103330,VERIFIED,LOW,51073.61,SALARIED,N,2025-11-23
103331,VERIFIED,LOW,78532.01,SELF_EMPLOYED,N,2025-01-31
103332,VERIFIED,LOW,84534.5,SALARIED,N,2025-01-10
103333,VERIFIED,LOW,60389.54,SELF_EMPLOYED,N,2025-01-06
103334,VERIFIED,MEDIUM,30366.34,SALARIED,N,2026-06-14
103335,EXPIRED,MEDIUM,50646.93,SELF_EMPLOYED,N,2026-04-17
103336,VERIFIED,MEDIUM,82818.7,SALARIED,N,2025-07-25
103337,VERIFIED,MEDIUM,99056.07,SALARIED,N,2026-07-21
103338,VERIFIED,LOW,55412.61,STUDENT,N,2025-06-11
103339,VERIFIED,LOW,41875.96,SALARIED,N,2025-12-13
103340,VERIFIED,MEDIUM,69843.26,SALARIED,N,2025-07-27
103341,VERIFIED,MEDIUM,52579.29,SALARIED,N,2026-03-31
103342,VERIFIED,MEDIUM,34132.89,STUDENT,N,2025-05-10
103343,VERIFIED,LOW,80783.7,SALARIED,N,2025-06-29
103344,VERIFIED,MEDIUM,66969.13,SELF_EMPLOYED,N,2026-06-16
103345,EXPIRED,MEDIUM,32211.75,SELF_EMPLOYED,N,2025-01-13
103346,VERIFIED,LOW,43901.06,STUDENT,N,2025-02-07
103347,VERIFIED,LOW,58495.18,STUDENT,N,2025-06-25
103348,VERIFIED,MEDIUM,24572.52,SALARIED,N,2025-11-05
103349,VERIFIED,MEDIUM,41253.91,SALARIED,N,2025-12-24
103350,VERIFIED,MEDIUM,99774.79,STUDENT,N,2026-03-03
103351,VERIFIED,LOW,48125.77,SALARIED,N,2026-03-29
103352,VERIFIED,LOW,39379.58,PROFESSIONAL,N,2025-02-02
103353,VERIFIED,MEDIUM,133754.87,SALARIED,N,2025-11-06
103354,VERIFIED,LOW,83049.13,SALARIED,N,2025-12-08
103355,VERIFIED,LOW,103984.18,SALARIED,N,2026-07-13
103356,VERIFIED,LOW,39718.2,RETIRED,N,2025-09-21
103357,VERIFIED,LOW,55002.56,SALARIED,N,2026-05-30
103358,PENDING,LOW,65708.46,SALARIED,N,2026-04-17
103359,VERIFIED,LOW,76682.46,SELF_EMPLOYED,N,2025-10-10
103360,VERIFIED,LOW,292362.72,SALARIED,N,2026-07-30
103361,VERIFIED,HIGH,69890.4,SALARIED,N,2025-03-05
103362,VERIFIED,LOW,133850.83,SALARIED,N,2025-01-22
103363,VERIFIED,HIGH,292844.6,SALARIED,N,2026-03-03
103364,VERIFIED,LOW,201889.05,STUDENT,N,2025-06-24
103365,VERIFIED,MEDIUM,73299.9,SALARIED,N,2025-06-27
103366,VERIFIED,LOW,139517.87,SALARIED,N,2026-02-26
103367,VERIFIED,LOW,71891.05,SALARIED,N,2025-12-16
103368,VERIFIED,LOW,64516.43,SELF_EMPLOYED,N,2026-09-14
103369,VERIFIED,LOW,114311.5,SELF_EMPLOYED,N,2025-09-10
103370,VERIFIED,HIGH,117517.63,SALARIED,N,2026-09-11
103371,VERIFIED,LOW,92008.03,SALARIED,N,2026-09-07
103372,VERIFIED,LOW,59343.88,PROFESSIONAL,N,2026-10-10
103373,VERIFIED,LOW,48343.95,RETIRED,N,2026-02-04
103374,VERIFIED,LOW,30199.63,SALARIED,N,2026-07-07
103375,VERIFIED,MEDIUM,73533.74,SALARIED,N,2025-01-28
103376,VERIFIED,MEDIUM,77168.35,STUDENT,N,2025-03-18
103377,VERIFIED,LOW,113524.46,SALARIED,N,2025-05-02
103378,VERIFIED,LOW,25630.34,PROFESSIONAL,N,2026-06-11
103379,VERIFIED,LOW,70804.95,SALARIED,N,2026-09-19
103380,VERIFIED,MEDIUM,58010.31,STUDENT,N,2025-04-18
103381,VERIFIED,LOW,63743.5,SALARIED,N,2025-05-16
103382,VERIFIED,MEDIUM,148658.62,SELF_EMPLOYED,N,2025-11-28
103383,VERIFIED,HIGH,152216.54,SALARIED,N,2025-08-10
103384,VERIFIED,LOW,128049.78,SALARIED,N,2026-01-07
103385,VERIFIED,LOW,70329.14,SALARIED,N,2026-09-24
103386,VERIFIED,MEDIUM,58506.1,PROFESSIONAL,N,2026-02-12
103387,VERIFIED,LOW,144726.43,SALARIED,N,2026-07-24
103388,VERIFIED,LOW,201120.17,SALARIED,N,2025-03-23
103389,VERIFIED,LOW,187067.88,SALARIED,N,2025-05-22
103390,VERIFIED,LOW,90940.97,SALARIED,N,2026-05-10
103391,VERIFIED,LOW,67912.3,SALARIED,N,2025-05-17
103392,VERIFIED,HIGH,103735.23,SALARIED,N,2025-02-15
103393,VERIFIED,LOW,108104.94,SELF_EMPLOYED,N,2026-01-26
103394,VERIFIED,LOW,51017.92,SALARIED,N,2026-09-15
103395,VERIFIED,LOW,58395.43,SELF_EMPLOYED,N,2026-05-25
103396,VERIFIED,HIGH,479650.18,SELF_EMPLOYED,N,2025-12-02
103397,VERIFIED,LOW,51007.49,SALARIED,N,2026-03-19
103398,VERIFIED,LOW,115122.42,SALARIED,N,2025-07-31
103399,VERIFIED,LOW,47365.24,PROFESSIONAL,N,2025-11-14
103400,VERIFIED,MEDIUM,61033.07,RETIRED,N,2025-05-09
103401,VERIFIED,LOW,36343.28,SELF_EMPLOYED,N,2026-01-25
103402,VERIFIED,HIGH,36400.99,SELF_EMPLOYED,N,2026-08-24
103403,VERIFIED,LOW,98846.85,SALARIED,N,2025-06-21
103404,VERIFIED,LOW,91481.35,SALARIED,N,2026-04-10
103405,VERIFIED,LOW,218875.25,SALARIED,N,2025-08-05
103406,VERIFIED,LOW,67300.04,SALARIED,N,2025-12-28
103407,VERIFIED,HIGH,73209.8,SALARIED,N,2025-10-30
103408,VERIFIED,LOW,64352.33,SALARIED,N,2026-04-15
103409,VERIFIED,MEDIUM,35162.57,SELF_EMPLOYED,N,2025-02-22
103410,VERIFIED,MEDIUM,97057.79,STUDENT,N,2026-07-16
103411,VERIFIED,LOW,59280.3,SALARIED,N,2025-05-05
103412,VERIFIED,LOW,26026.41,SALARIED,N,2025-11-03
103413,VERIFIED,MEDIUM,135911.02,SALARIED,N,2025-09-11
103414,VERIFIED,LOW,45550.79,SALARIED,N,2026-09-18
103415,VERIFIED,LOW,82033.73,SALARIED,N,2025-11-24
103416,VERIFIED,MEDIUM,83949.84,SALARIED,N,2025-05-30
103417,VERIFIED,LOW,75858.59,STUDENT,N,2026-06-25
103418,VERIFIED,HIGH,34447.18,STUDENT,N,2026-05-24
103419,VERIFIED,MEDIUM,163982.84,SELF_EMPLOYED,N,2026-07-09
103420,VERIFIED,LOW,41207.04,SALARIED,N,2026-02-18
103421,VERIFIED,LOW,13406.3,SALARIED,N,2025-11-03
103422,VERIFIED,MEDIUM,114868.98,SALARIED,N,2026-10-12
103423,VERIFIED,HIGH,112450.13,SELF_EMPLOYED,N,2026-05-05
103424,VERIFIED,LOW,30435.28,PROFESSIONAL,N,2026-07-09
103425,VERIFIED,LOW,65929.92,SELF_EMPLOYED,N,2026-09-23
103426,VERIFIED,LOW,133522.01,PROFESSIONAL,N,2026-10-05
103427,VERIFIED,LOW,165670.79,SALARIED,N,2025-04-11
103428,VERIFIED,LOW,98529.75,SELF_EMPLOYED,N,2026-03-28
103429,VERIFIED,LOW,113264.57,SALARIED,N,2026-07-07
103430,VERIFIED,LOW,105446.84,SELF_EMPLOYED,N,2026-01-09
103431,VERIFIED,LOW,60526.75,SALARIED,N,2026-09-26
103432,EXPIRED,HIGH,32603.15,SELF_EMPLOYED,N,2025-10-18
103433,VERIFIED,LOW,55838.52,STUDENT,N,2026-08-11
103434,VERIFIED,MEDIUM,137414.89,SALARIED,N,2025-10-07
103435,VERIFIED,LOW,136574.17,STUDENT,N,2026-02-06
103436,VERIFIED,LOW,75525.85,SALARIED,N,2026-04-11
103437,VERIFIED,HIGH,53277.56,SELF_EMPLOYED,N,2026-09-25
103438,PENDING,LOW,204343.08,SALARIED,N,2025-04-10
103439,VERIFIED,MEDIUM,71725.86,SALARIED,N,2026-10-08
103440,VERIFIED,LOW,100137.05,SELF_EMPLOYED,N,2025-06-25
103441,VERIFIED,LOW,30204.66,SALARIED,N,2026-01-11
103442,VERIFIED,LOW,63804.1,SALARIED,N,2025-10-11
103443,VERIFIED,LOW,134058.83,SALARIED,N,2025-01-09
103444,VERIFIED,LOW,27169.76,SALARIED,N,2026-07-05
103445,VERIFIED,MEDIUM,64527.96,SALARIED,N,2025-05-17
103446,VERIFIED,LOW,86318.91,SELF_EMPLOYED,N,2025-01-12
103447,VERIFIED,MEDIUM,167463.9,SALARIED,N,2025-06-12
103448,EXPIRED,LOW,124792.36,SALARIED,N,2025-04-22
103449,VERIFIED,LOW,198898.27,SALARIED,N,2025-12-18
103450,VERIFIED,LOW,113628.27,SALARIED,N,2026-07-11
103451,VERIFIED,MEDIUM,117978.15,SALARIED,N,2025-07-05
103452,VERIFIED,MEDIUM,35562.05,SALARIED,N,2025-11-28
103453,VERIFIED,MEDIUM,34902.6,PROFESSIONAL,N,2025-07-30
103454,PENDING,LOW,197283.63,SALARIED,N,2025-09-20
103455,VERIFIED,HIGH,49278.34,SALARIED,N,2025-05-18
103456,VERIFIED,LOW,46527.57,STUDENT,N,2025-01-25
103457,VERIFIED,HIGH,14765.85,STUDENT,N,2025-04-24
103458,VERIFIED,LOW,131814.32,RETIRED,N,2026-01-15
103459,VERIFIED,LOW,31972.59,SELF_EMPLOYED,N,2025-08-26
103460,VERIFIED,LOW,38824.64,SALARIED,N,2026-03-12
103461,VERIFIED,LOW,134767.21,SALARIED,N,2025-08-01
103462,VERIFIED,LOW,15745.29,SALARIED,N,2025-03-25
103463,VERIFIED,LOW,160039.59,SALARIED,N,2025-09-12
103464,EXPIRED,LOW,38599.41,SALARIED,N,2026-03-05
103465,VERIFIED,LOW,60144.81,SALARIED,N,2025-05-22
103466,VERIFIED,MEDIUM,39962.61,SALARIED,N,2026-09-12
103467,VERIFIED,HIGH,27876.8,RETIRED,N,2026-06-15
103468,VERIFIED,HIGH,40405.82,SALARIED,N,2025-12-23
103469,VERIFIED,LOW,38648.46,SALARIED,N,2026-08-12
103470,VERIFIED,LOW,29728.65,SALARIED,N,2025-05-26
103471,VERIFIED,MEDIUM,180343.58,SELF_EMPLOYED,N,2026-07-08
103472,VERIFIED,MEDIUM,35235.3,SALARIED,N,2026-05-17
103473,VERIFIED,MEDIUM,19407.57,SALARIED,N,2026-05-08
103474,VERIFIED,MEDIUM,17293.97,SALARIED,N,2025-04-08
103475,VERIFIED,LOW,87831.24,STUDENT,N,2026-04-10
103476,VERIFIED,MEDIUM,21436.72,SALARIED,N,2025-05-10
103477,VERIFIED,MEDIUM,58934.5,SALARIED,N,2026-04-06
103478,VERIFIED,LOW,238045.65,SELF_EMPLOYED,N,2026-04-29
103479,EXPIRED,LOW,74476.88,SALARIED,N,2025-08-09
103480,EXPIRED,LOW,81687.55,SELF_EMPLOYED,N,2026-07-20
103481,VERIFIED,LOW,46897.64,SALARIED,N,2025-02-23
103482,VERIFIED,LOW,65597.91,PROFESSIONAL,N,2025-07-21
103483,VERIFIED,LOW,57511.21,SALARIED,N,2026-04-07
103484,VERIFIED,HIGH,80875.72,RETIRED,N,2025-12-26
103485,VERIFIED,HIGH,194297.23,SALARIED,N,2026-06-20
103486,VERIFIED,LOW,50132.52,SALARIED,N,2026-01-01
103487,VERIFIED,LOW,39650.63,SALARIED,N,2026-02-20
103488,VERIFIED,LOW,63000.9,PROFESSIONAL,N,2026-04-26
103489,PENDING,HIGH,123512.06,SELF_EMPLOYED,N,2026-08-28
103490,VERIFIED,LOW,53105.25,SALARIED,N,2025-04-20
103491,VERIFIED,LOW,78688.59,STUDENT,N,2026-04-03
103492,VERIFIED,LOW,92261.46,RETIRED,N,2025-02-22
103493,VERIFIED,LOW,268121.26,SALARIED,Y,2025-09-24
103494,VERIFIED,LOW,120528.19,SALARIED,N,2026-04-21
103495,VERIFIED,MEDIUM,37523.83,SALARIED,N,2026-02-27
103496,VERIFIED,MEDIUM,15926.06,SELF_EMPLOYED,N,2026-09-09
103497,VERIFIED,LOW,72965.83,SALARIED,N,2026-04-03
103498,VERIFIED,LOW,41841.93,SALARIED,N,2026-09-14
103499,VERIFIED,LOW,48254.23,SALARIED,N,2026-05-19
103500,VERIFIED,LOW,34634.46,STUDENT,N,2026-06-19
103501,VERIFIED,LOW,47647.19,SALARIED,N,2026-08-20
103502,EXPIRED,LOW,47032.95,SALARIED,N,2026-08-23
103503,VERIFIED,LOW,61377.38,STUDENT,N,2025-02-06
103504,VERIFIED,LOW,42732.09,SELF_EMPLOYED,N,2025-06-05
103505,VERIFIED,LOW,41517.57,SELF_EMPLOYED,N,2025-10-02
103506,VERIFIED,LOW,93387.39,SALARIED,N,2025-01-19
103507,VERIFIED,LOW,66061.52,RETIRED,N,2026-07-16
103508,VERIFIED,MEDIUM,66363.78,SELF_EMPLOYED,N,2025-04-28
103509,VERIFIED,LOW,64080.65,SALARIED,N,2025-03-11
103510,EXPIRED,LOW,36983.27,SALARIED,N,2026-01-30
103511,EXPIRED,LOW,168370.9,SELF_EMPLOYED,N,2025-10-07
103512,VERIFIED,MEDIUM,247955.65,SALARIED,N,2025-12-09
103513,VERIFIED,MEDIUM,148009.23,SALARIED,N,2025-02-23
103514,VERIFIED,MEDIUM,21020.59,PROFESSIONAL,N,2026-09-20
103515,VERIFIED,MEDIUM,43042.4,STUDENT,N,2026-02-19
103516,VERIFIED,MEDIUM,104840.74,SALARIED,N,2025-03-08
103517,VERIFIED,MEDIUM,40636.77,SALARIED,N,2026-06-22
103518,VERIFIED,MEDIUM,41953.26,SALARIED,N,2025-05-20
103519,VERIFIED,LOW,27136.53,SELF_EMPLOYED,N,2025-01-25
103520,VERIFIED,MEDIUM,52286.67,SALARIED,N,2025-01-11
103521,VERIFIED,LOW,38792.76,SELF_EMPLOYED,N,2025-02-03
103522,PENDING,HIGH,13986.6,RETIRED,N,2025-06-10
103523,VERIFIED,LOW,139865.95,SALARIED,N,2025-06-30
103524,VERIFIED,LOW,86755.65,SELF_EMPLOYED,N,2025-09-19
103525,VERIFIED,LOW,27773.68,SALARIED,N,2026-06-24
103526,EXPIRED,MEDIUM,116326.09,SALARIED,N,2025-08-29
103527,VERIFIED,LOW,71860.29,SALARIED,N,2026-07-09
103528,VERIFIED,MEDIUM,140577.3,SELF_EMPLOYED,N,2025-02-01
103529,VERIFIED,LOW,106646.29,SALARIED,N,2026-10-11
103530,VERIFIED,LOW,39976.24,SELF_EMPLOYED,N,2026-01-12
103531,VERIFIED,MEDIUM,102209.69,SELF_EMPLOYED,Y,2026-01-01
103532,VERIFIED,LOW,105060.73,SALARIED,N,2025-06-30
103533,VERIFIED,LOW,131413.14,PROFESSIONAL,N,2026-06-12
103534,VERIFIED,MEDIUM,126542.44,SELF_EMPLOYED,N,2025-02-07
103535,VERIFIED,LOW,255478.23,RETIRED,N,2026-01-18
103536,VERIFIED,LOW,122907.82,PROFESSIONAL,N,2025-09-17
103537,VERIFIED,LOW,39737.94,PROFESSIONAL,N,2025-11-22
103538,VERIFIED,LOW,74253.86,SALARIED,N,2026-08-27
103539,VERIFIED,MEDIUM,33460.3,SALARIED,N,2026-03-09
103540,VERIFIED,LOW,145234.23,SALARIED,N,2026-08-18
103541,VERIFIED,LOW,37926.96,PROFESSIONAL,N,2025-03-13
103542,VERIFIED,MEDIUM,282164.97,SELF_EMPLOYED,N,2025-05-13
103543,VERIFIED,MEDIUM,54716.78,SALARIED,N,2025-11-07
103544,VERIFIED,LOW,64308.34,SALARIED,N,2025-04-30
103545,VERIFIED,LOW,48920.59,SALARIED,N,2026-08-09
103546,VERIFIED,LOW,41523.16,SALARIED,N,2026-03-04
103547,VERIFIED,LOW,46876.66,SELF_EMPLOYED,N,2026-01-14
103548,PENDING,LOW,76925.17,SALARIED,N,2026-08-03
103549,VERIFIED,LOW,66934.55,SALARIED,N,2025-07-30
103550,VERIFIED,MEDIUM,50134.31,SALARIED,N,2025-12-15
103551,VERIFIED,LOW,80758.52,STUDENT,N,2026-01-23
103552,VERIFIED,LOW,46497.63,SALARIED,N,2026-01-18
103553,VERIFIED,LOW,65957.04,STUDENT,N,2025-11-23
103554,VERIFIED,MEDIUM,208517.45,SALARIED,N,2026-01-27
103555,PENDING,LOW,45592.51,SALARIED,N,2026-07-27
103556,VERIFIED,MEDIUM,54328.36,SALARIED,N,2026-03-02
103557,PENDING,LOW,31237.06,SALARIED,N,2026-08-17
103558,VERIFIED,LOW,53107.71,SALARIED,N,2026-08-14
103559,VERIFIED,MEDIUM,84413.04,STUDENT,N,2026-02-22
103560,VERIFIED,LOW,46929.77,STUDENT,N,2026-02-26
103561,VERIFIED,LOW,31658.89,PROFESSIONAL,N,2026-02-10
103562,VERIFIED,LOW,83697.94,SALARIED,N,2025-03-22
103563,VERIFIED,MEDIUM,89655.75,SALARIED,N,2026-01-21
103564,VERIFIED,LOW,98625.77,SALARIED,N,2026-08-22
103565,VERIFIED,LOW,29571.89,STUDENT,N,2026-04-08
103566,VERIFIED,LOW,161272.46,PROFESSIONAL,N,2025-09-24
103567,VERIFIED,MEDIUM,48188.74,SALARIED,N,2025-08-08
103568,VERIFIED,MEDIUM,34371.92,SALARIED,N,2025-01-05
103569,VERIFIED,MEDIUM,128791.65,PROFESSIONAL,N,2026-01-22
103570,VERIFIED,LOW,157617.74,SALARIED,N,2026-01-26
103571,VERIFIED,LOW,53907.96,SALARIED,N,2026-01-30
103572,VERIFIED,MEDIUM,38512.26,SALARIED,N,2026-07-24
103573,VERIFIED,LOW,88212.03,STUDENT,N,2025-12-02
103574,VERIFIED,LOW,27830.88,SALARIED,N,2026-02-21
103575,VERIFIED,MEDIUM,347501.89,SALARIED,N,2025-12-10
103576,VERIFIED,MEDIUM,33830.53,RETIRED,N,2025-01-16
103577,VERIFIED,HIGH,83408.4,STUDENT,N,2026-03-23
103578,VERIFIED,LOW,59606.49,SALARIED,N,2025-12-09
103579,VERIFIED,LOW,36394.09,STUDENT,N,2026-03-06
103580,VERIFIED,LOW,36016.51,SALARIED,N,2026-05-13
103581,PENDING,MEDIUM,137726.41,PROFESSIONAL,N,2025-03-15
103582,VERIFIED,MEDIUM,84012.27,PROFESSIONAL,N,2025-10-11
103583,VERIFIED,LOW,42088.4,SELF_EMPLOYED,N,2025-11-04
103584,VERIFIED,LOW,45983.85,SALARIED,N,2025-05-27
103585,VERIFIED,MEDIUM,38992.61,SALARIED,N,2025-06-13
103586,VERIFIED,LOW,117321.81,SELF_EMPLOYED,N,2026-09-10
103587,VERIFIED,LOW,120512.23,SALARIED,N,2025-08-19
103588,VERIFIED,HIGH,93225.03,SALARIED,N,2025-02-06
103589,VERIFIED,LOW,78037.03,STUDENT,N,2026-04-15
103590,VERIFIED,MEDIUM,99440.57,PROFESSIONAL,N,2025-01-31
103591,PENDING,HIGH,22655.85,SALARIED,N,2025-11-06
103592,VERIFIED,MEDIUM,79129.9,SALARIED,N,2026-02-19
103593,VERIFIED,LOW,132520.32,SALARIED,N,2025-10-06
103594,PENDING,LOW,76891.15,SELF_EMPLOYED,N,2025-07-24
103595,VERIFIED,LOW,68488.91,SELF_EMPLOYED,N,2026-08-27
103596,VERIFIED,MEDIUM,43765.59,SALARIED,N,2026-08-18
103597,VERIFIED,LOW,45701.47,STUDENT,N,2025-04-13
103598,VERIFIED,MEDIUM,47092.09,SALARIED,N,2026-06-11
103599,VERIFIED,MEDIUM,76493.4,STUDENT,N,2026-03-14
103600,VERIFIED,LOW,48276.2,SELF_EMPLOYED,N,2025-11-10
103601,VERIFIED,MEDIUM,20227.33,PROFESSIONAL,N,2025-06-14
103602,VERIFIED,LOW,111138.61,SALARIED,N,2025-11-04
103603,VERIFIED,LOW,92914.97,RETIRED,N,2025-07-08
103604,VERIFIED,LOW,83359.86,SALARIED,N,2026-06-13
103605,VERIFIED,LOW,35991.91,SALARIED,N,2026-06-20
103606,VERIFIED,LOW,48051.31,SALARIED,N,2026-05-09
103607,VERIFIED,LOW,92720.33,SALARIED,N,2026-03-20
103608,VERIFIED,LOW,67317.92,PROFESSIONAL,N,2026-02-15
103609,VERIFIED,LOW,42038.4,SELF_EMPLOYED,N,2025-05-22
103610,VERIFIED,LOW,154008.97,SALARIED,N,2026-03-20
103611,VERIFIED,MEDIUM,38153.68,STUDENT,N,2025-10-22
103612,VERIFIED,LOW,9506.37,SALARIED,N,2026-08-07
103613,VERIFIED,MEDIUM,70035.3,SELF_EMPLOYED,N,2025-04-10
103614,VERIFIED,MEDIUM,72001.12,SELF_EMPLOYED,N,2025-02-27
103615,PENDING,MEDIUM,68712.32,PROFESSIONAL,N,2025-03-04
103616,VERIFIED,MEDIUM,85920.2,SELF_EMPLOYED,N,2025-05-13
103617,VERIFIED,MEDIUM,46072.09,SALARIED,N,2026-07-10
103618,VERIFIED,LOW,128923.28,SALARIED,N,2025-07-27
103619,VERIFIED,LOW,27227.51,SALARIED,N,2026-01-03
103620,VERIFIED,LOW,65256.44,SALARIED,N,2025-08-28
103621,VERIFIED,HIGH,44056.45,SALARIED,N,2025-04-09
103622,VERIFIED,MEDIUM,127310.94,SALARIED,N,2025-03-24
103623,VERIFIED,MEDIUM,39480.89,SELF_EMPLOYED,N,2026-01-31
103624,VERIFIED,LOW,69293.89,SALARIED,N,2026-02-28
103625,VERIFIED,LOW,69936.19,PROFESSIONAL,N,2025-09-25
103626,VERIFIED,LOW,75153.09,SELF_EMPLOYED,N,2025-09-27
103627,VERIFIED,LOW,41174.34,SALARIED,N,2025-12-18
103628,VERIFIED,LOW,83926.25,SELF_EMPLOYED,N,2025-06-08
103629,VERIFIED,MEDIUM,67413.3,SALARIED,N,2025-01-30
103630,VERIFIED,LOW,82719.42,STUDENT,N,2026-07-12
103631,VERIFIED,LOW,184124.65,SALARIED,N,2025-03-26
103632,VERIFIED,LOW,71355.08,SALARIED,N,2025-12-14
103633,VERIFIED,MEDIUM,34655.06,SALARIED,N,2025-09-12
103634,VERIFIED,MEDIUM,236728.06,SELF_EMPLOYED,N,2025-07-27
103635,VERIFIED,MEDIUM,125043.42,SALARIED,N,2025-01-23
103636,VERIFIED,LOW,101226.78,SALARIED,N,2026-06-22
103637,VERIFIED,LOW,58763.7,SELF_EMPLOYED,N,2026-08-29
103638,VERIFIED,LOW,107023.48,RETIRED,N,2025-11-04
103639,VERIFIED,LOW,17373.47,SALARIED,N,2026-07-21
103640,VERIFIED,LOW,180784.29,SALARIED,N,2025-09-30
103641,VERIFIED,LOW,118493.49,SALARIED,N,2026-05-26
103642,VERIFIED,MEDIUM,58977.29,SELF_EMPLOYED,N,2026-04-13
103643,VERIFIED,LOW,116553.92,SALARIED,N,2025-09-22
103644,VERIFIED,LOW,98937.39,PROFESSIONAL,N,2026-09-01
103645,VERIFIED,LOW,34334.57,SALARIED,N,2026-01-11
103646,VERIFIED,LOW,74332.19,SALARIED,N,2026-04-11
103647,VERIFIED,MEDIUM,84437.35,SALARIED,N,2025-05-17
103648,VERIFIED,MEDIUM,60657.51,SALARIED,N,2026-08-18
103649,VERIFIED,LOW,57382.51,SELF_EMPLOYED,N,2025-12-11
103650,PENDING,LOW,118873.27,SELF_EMPLOYED,N,2026-10-09
103651,VERIFIED,LOW,74190.92,SELF_EMPLOYED,N,2026-07-04
103652,VERIFIED,MEDIUM,224265.66,SALARIED,N,2026-06-29
103653,VERIFIED,MEDIUM,43278.84,SALARIED,N,2026-08-17
103654,PENDING,LOW,86348.5,SELF_EMPLOYED,N,2026-04-06
103655,VERIFIED,MEDIUM,36377.29,SELF_EMPLOYED,N,2026-09-13
103656,VERIFIED,LOW,102782.16,SELF_EMPLOYED,N,2025-11-14
103657,EXPIRED,MEDIUM,32069.7,SALARIED,N,2025-05-25
103658,VERIFIED,MEDIUM,79804.34,SALARIED,N,2025-09-06
103659,VERIFIED,LOW,142544.16,SELF_EMPLOYED,N,2026-04-03
103660,VERIFIED,MEDIUM,68444.92,SALARIED,N,2026-03-25
103661,VERIFIED,LOW,34754.63,SALARIED,N,2026-05-03
103662,VERIFIED,HIGH,122308.52,SELF_EMPLOYED,N,2025-10-31
103663,VERIFIED,LOW,83627.66,SALARIED,N,2025-11-21
103664,VERIFIED,LOW,62605.33,SALARIED,N,2025-11-25
103665,VERIFIED,LOW,35275.74,SALARIED,N,2026-08-07
103666,VERIFIED,LOW,23231.45,PROFESSIONAL,N,2026-06-01
103667,VERIFIED,MEDIUM,285940.44,SALARIED,N,2026-01-31
103668,PENDING,MEDIUM,45589.31,SELF_EMPLOYED,N,2026-06-12
103669,VERIFIED,LOW,34703.19,SALARIED,N,2026-08-07
103670,VERIFIED,HIGH,81188.61,SELF_EMPLOYED,N,2025-05-25
103671,VERIFIED,MEDIUM,34140.39,SALARIED,N,2026-06-10
103672,EXPIRED,MEDIUM,91472.68,PROFESSIONAL,N,2026-02-01
103673,VERIFIED,LOW,159243.52,SALARIED,N,2025-10-15
103674,PENDING,MEDIUM,33269.07,PROFESSIONAL,N,2026-09-24
103675,VERIFIED,LOW,54492.23,SALARIED,N,2025-08-08
103676,VERIFIED,LOW,87557.31,SELF_EMPLOYED,N,2026-08-04
103677,VERIFIED,HIGH,29977.94,SALARIED,N,2026-10-09
103678,VERIFIED,LOW,36604.55,SALARIED,N,2025-01-24
103679,VERIFIED,LOW,61335.18,PROFESSIONAL,N,2026-03-03
103680,VERIFIED,MEDIUM,236685.12,SALARIED,N,2026-07-07
103681,VERIFIED,LOW,38012.99,SALARIED,N,2025-04-25
103682,VERIFIED,LOW,55060.12,PROFESSIONAL,N,2026-07-24
103683,VERIFIED,LOW,331613.28,SELF_EMPLOYED,N,2025-10-03
103684,VERIFIED,MEDIUM,110951.42,SALARIED,N,2025-06-26
103685,VERIFIED,LOW,21998.54,SALARIED,N,2026-03-01
103686,VERIFIED,LOW,56851.67,SALARIED,N,2026-09-22
103687,VERIFIED,MEDIUM,96783.07,SALARIED,N,2026-10-05
103688,VERIFIED,MEDIUM,169454.74,SALARIED,N,2025-10-06
103689,VERIFIED,LOW,163629.91,SALARIED,N,2025-07-28
103690,VERIFIED,LOW,95229.8,RETIRED,N,2026-05-02
103691,VERIFIED,MEDIUM,105450.78,RETIRED,N,2026-10-02
103692,VERIFIED,LOW,28442.15,SELF_EMPLOYED,N,2025-01-27
103693,VERIFIED,HIGH,42185.68,SALARIED,N,2025-04-18
103694,VERIFIED,LOW,28474.5,RETIRED,N,2025-04-17
103695,VERIFIED,MEDIUM,129291.68,SELF_EMPLOYED,N,2025-06-08
103696,VERIFIED,MEDIUM,84525.13,SALARIED,N,2025-09-24
103697,VERIFIED,LOW,70905.39,SALARIED,N,2026-03-09
103698,VERIFIED,LOW,180466.35,SELF_EMPLOYED,N,2025-03-05
103699,VERIFIED,LOW,93883.62,STUDENT,N,2026-08-22
103700,VERIFIED,LOW,138659.03,SALARIED,N,2026-01-19
103701,VERIFIED,LOW,108187.48,SALARIED,N,2026-02-24
103702,VERIFIED,LOW,115266.96,PROFESSIONAL,N,2025-06-18
103703,VERIFIED,LOW,33599.83,SALARIED,N,2025-05-03
103704,VERIFIED,LOW,124648.48,SALARIED,N,2025-07-04
103705,VERIFIED,LOW,89997.98,SELF_EMPLOYED,N,2025-10-10
103706,VERIFIED,MEDIUM,50727.1,SALARIED,N,2026-03-12
103707,VERIFIED,LOW,103250.22,SALARIED,N,2025-09-30
103708,VERIFIED,LOW,152634.05,SALARIED,N,2025-11-22
103709,VERIFIED,LOW,62080.3,SALARIED,N,2025-04-17
103710,VERIFIED,LOW,40651.15,SALARIED,N,2025-05-22
103711,VERIFIED,LOW,41888.86,SELF_EMPLOYED,N,2026-02-13
103712,EXPIRED,LOW,26718.03,STUDENT,N,2025-05-18
103713,VERIFIED,LOW,59302.3,SELF_EMPLOYED,N,2025-11-25
103714,PENDING,LOW,97113.86,SALARIED,N,2025-08-04
103715,EXPIRED,LOW,204212.11,SALARIED,N,2026-05-31
103716,VERIFIED,LOW,39192.58,SALARIED,N,2025-07-26
103717,VERIFIED,MEDIUM,83575.67,SELF_EMPLOYED,N,2025-06-05
103718,VERIFIED,MEDIUM,67152.53,SALARIED,N,2026-08-25
103719,VERIFIED,LOW,65802.22,SALARIED,N,2025-05-03
103720,VERIFIED,LOW,24480.44,SALARIED,N,2026-05-01
103721,PENDING,MEDIUM,34301.68,PROFESSIONAL,N,2026-02-04
103722,VERIFIED,LOW,215241.65,SALARIED,N,2025-06-24
103723,VERIFIED,LOW,127519.36,SALARIED,N,2026-05-13
103724,VERIFIED,MEDIUM,79527.58,SELF_EMPLOYED,N,2026-09-09
103725,VERIFIED,LOW,89340.33,SELF_EMPLOYED,N,2025-07-20
103726,VERIFIED,LOW,107284.13,SALARIED,N,2026-08-19
103727,VERIFIED,MEDIUM,49446.54,SELF_EMPLOYED,N,2025-04-22
103728,VERIFIED,HIGH,50786.23,SELF_EMPLOYED,N,2026-07-11
103729,VERIFIED,MEDIUM,44342.37,SALARIED,N,2025-10-12
103730,VERIFIED,HIGH,73849.08,SELF_EMPLOYED,N,2026-04-21
103731,VERIFIED,LOW,31323.0,SALARIED,N,2025-07-31
103732,VERIFIED,LOW,42975.91,PROFESSIONAL,N,2026-05-16
103733,VERIFIED,LOW,91944.21,SALARIED,Y,2025-07-24
103734,VERIFIED,LOW,52606.4,SALARIED,N,2025-11-05
103735,VERIFIED,MEDIUM,21207.77,SELF_EMPLOYED,N,2025-01-19
103736,VERIFIED,LOW,51715.25,SELF_EMPLOYED,N,2025-07-10
103737,VERIFIED,LOW,94331.38,SALARIED,N,2025-08-20
103738,VERIFIED,MEDIUM,71353.69,RETIRED,N,2025-12-07
103739,VERIFIED,LOW,22062.88,SALARIED,N,2025-09-05
103740,VERIFIED,LOW,129442.76,SALARIED,N,2026-05-11
103741,VERIFIED,HIGH,56375.36,SALARIED,N,2026-04-08
103742,VERIFIED,LOW,82486.03,SALARIED,N,2025-09-05
103743,PENDING,MEDIUM,130492.04,PROFESSIONAL,N,2025-03-08
103744,VERIFIED,LOW,61055.4,SALARIED,N,2025-08-02
103745,VERIFIED,LOW,19131.82,SALARIED,N,2025-04-09
103746,VERIFIED,LOW,207127.67,PROFESSIONAL,N,2025-04-08
103747,VERIFIED,LOW,15756.59,SALARIED,N,2026-07-15
103748,VERIFIED,LOW,53307.88,SELF_EMPLOYED,N,2026-05-12
103749,VERIFIED,MEDIUM,153612.33,SALARIED,N,2025-03-07
103750,VERIFIED,LOW,42056.54,PROFESSIONAL,N,2026-03-08
103751,VERIFIED,LOW,43704.85,SALARIED,N,2025-12-06
103752,VERIFIED,LOW,57476.41,RETIRED,N,2025-12-20
103753,VERIFIED,MEDIUM,58839.85,SALARIED,N,2026-08-06
103754,VERIFIED,LOW,37828.72,SALARIED,N,2025-07-19
103755,VERIFIED,LOW,43769.33,SALARIED,N,2025-10-13
103756,VERIFIED,HIGH,133062.56,SALARIED,N,2025-12-27
103757,VERIFIED,HIGH,46850.75,SALARIED,N,2026-10-12
103758,PENDING,LOW,91730.61,SALARIED,N,2025-02-05
103759,VERIFIED,LOW,36558.18,SALARIED,N,2025-04-20
103760,VERIFIED,LOW,162736.84,SALARIED,N,2025-04-09
103761,VERIFIED,LOW,121718.13,SELF_EMPLOYED,N,2026-02-11
103762,VERIFIED,MEDIUM,62426.91,STUDENT,N,2025-07-12
103763,VERIFIED,LOW,100395.29,SALARIED,N,2026-09-27
103764,VERIFIED,LOW,177943.44,SALARIED,N,2025-03-06
103765,VERIFIED,LOW,34503.4,PROFESSIONAL,N,2026-04-27
103766,VERIFIED,LOW,33311.67,SELF_EMPLOYED,N,2025-01-20
103767,VERIFIED,LOW,84377.97,SALARIED,N,2026-06-08
103768,VERIFIED,LOW,28557.8,SALARIED,N,2025-05-27
103769,VERIFIED,HIGH,24126.32,SALARIED,N,2026-10-04
103770,VERIFIED,LOW,23339.6,SALARIED,N,2026-07-28
103771,VERIFIED,LOW,72874.39,SELF_EMPLOYED,N,2025-02-09
103772,EXPIRED,LOW,17622.61,SALARIED,N,2025-01-05
103773,VERIFIED,MEDIUM,50909.51,SALARIED,N,2025-09-01
103774,VERIFIED,LOW,7117.38,STUDENT,N,2026-06-05
103775,VERIFIED,LOW,87957.83,SALARIED,N,2026-10-09
103776,PENDING,LOW,91874.08,RETIRED,N,2026-01-06
103777,VERIFIED,MEDIUM,57636.72,SALARIED,N,2026-10-02
103778,PENDING,LOW,142638.31,SELF_EMPLOYED,N,2025-02-01
103779,EXPIRED,LOW,110976.45,SALARIED,N,2025-11-21
103780,PENDING,LOW,39560.91,STUDENT,N,2025-09-30
103781,VERIFIED,MEDIUM,37408.9,SALARIED,N,2026-05-08
103782,VERIFIED,HIGH,117519.96,SALARIED,N,2026-02-16
103783,PENDING,LOW,103269.49,SELF_EMPLOYED,N,2025-10-18
103784,VERIFIED,LOW,55554.24,SALARIED,N,2025-02-22
103785,VERIFIED,LOW,21084.71,STUDENT,N,2026-04-17
103786,VERIFIED,LOW,121057.82,SALARIED,N,2025-03-11
103787,VERIFIED,LOW,69105.5,SALARIED,N,2026-09-16
103788,VERIFIED,LOW,63725.14,SALARIED,N,2025-03-12
103789,EXPIRED,MEDIUM,10451.95,SALARIED,N,2025-02-26
103790,VERIFIED,LOW,93557.04,PROFESSIONAL,N,2026-05-06
103791,VERIFIED,LOW,63597.31,STUDENT,N,2025-05-16
103792,VERIFIED,LOW,46578.57,STUDENT,N,2025-02-26
103793,VERIFIED,MEDIUM,38417.08,STUDENT,N,2026-01-24
103794,VERIFIED,HIGH,71114.83,SALARIED,N,2026-02-11
103795,VERIFIED,MEDIUM,89695.67,SELF_EMPLOYED,N,2025-12-15
103796,VERIFIED,MEDIUM,51617.34,SALARIED,N,2025-07-14
103797,VERIFIED,MEDIUM,95182.54,SELF_EMPLOYED,N,2025-02-06
103798,PENDING,MEDIUM,31288.52,STUDENT,N,2026-01-24
103799,VERIFIED,LOW,43303.1,SALARIED,N,2025-04-18
103800,VERIFIED,LOW,103370.91,SALARIED,N,2025-01-16
103801,VERIFIED,HIGH,50873.6,SALARIED,N,2026-09-01
103802,VERIFIED,LOW,201979.78,STUDENT,N,2025-12-08
103803,VERIFIED,LOW,79222.23,STUDENT,N,2026-07-07
103804,VERIFIED,MEDIUM,30970.46,STUDENT,N,2026-06-18
103805,VERIFIED,LOW,23864.25,PROFESSIONAL,N,2025-03-02
103806,VERIFIED,MEDIUM,110178.74,STUDENT,N,2026-05-22
103807,VERIFIED,MEDIUM,44593.86,RETIRED,Y,2025-03-19
103808,PENDING,LOW,120077.89,SALARIED,N,2025-12-13
103809,VERIFIED,MEDIUM,46575.09,STUDENT,N,2025-11-25
103810,VERIFIED,LOW,77442.14,SELF_EMPLOYED,N,2025-05-18
103811,VERIFIED,HIGH,53208.45,SALARIED,N,2025-10-16
103812,VERIFIED,LOW,78124.6,SELF_EMPLOYED,N,2026-05-11
103813,VERIFIED,LOW,106306.13,SALARIED,N,2026-03-28
103814,VERIFIED,LOW,66999.2,SALARIED,N,2025-12-20
103815,PENDING,MEDIUM,101686.71,SALARIED,N,2025-04-10
103816,VERIFIED,MEDIUM,21936.28,SELF_EMPLOYED,N,2025-07-08
103817,VERIFIED,LOW,86695.21,SELF_EMPLOYED,N,2025-03-26
103818,VERIFIED,MEDIUM,67168.42,SALARIED,N,2026-08-27
103819,EXPIRED,LOW,55805.41,PROFESSIONAL,N,2025-06-08
103820,VERIFIED,MEDIUM,13985.62,SALARIED,N,2025-12-12
103821,VERIFIED,LOW,22368.15,STUDENT,N,2025-05-20
103822,VERIFIED,HIGH,76709.38,SELF_EMPLOYED,N,2026-08-11
103823,VERIFIED,MEDIUM,83264.81,RETIRED,N,2025-09-25
103824,VERIFIED,MEDIUM,86342.64,PROFESSIONAL,N,2025-10-07
103825,VERIFIED,LOW,65860.87,SALARIED,N,2026-10-04
103826,VERIFIED,HIGH,30361.48,SALARIED,N,2025-10-22
103827,VERIFIED,LOW,33920.4,SELF_EMPLOYED,N,2026-01-07
103828,VERIFIED,LOW,16798.74,SALARIED,N,2025-08-21
103829,PENDING,LOW,71754.18,SALARIED,N,2026-03-28
103830,VERIFIED,HIGH,228362.96,PROFESSIONAL,N,2025-09-04
103831,PENDING,HIGH,62334.29,STUDENT,N,2025-10-12
103832,VERIFIED,LOW,40370.29,SALARIED,N,2025-08-10
103833,VERIFIED,MEDIUM,67282.21,SALARIED,Y,2026-03-15
103834,VERIFIED,LOW,60585.53,STUDENT,N,2026-05-08
103835,VERIFIED,LOW,21405.55,SALARIED,N,2026-05-14
103836,VERIFIED,MEDIUM,78057.89,SALARIED,N,2025-07-02
103837,VERIFIED,LOW,61660.96,SALARIED,N,2025-01-04
103838,VERIFIED,MEDIUM,59226.61,SALARIED,N,2025-05-25
103839,VERIFIED,LOW,240961.16,SELF_EMPLOYED,N,2025-12-10
103840,VERIFIED,LOW,61955.53,STUDENT,N,2026-07-24
103841,VERIFIED,MEDIUM,216356.82,SELF_EMPLOYED,N,2026-04-27
103842,VERIFIED,LOW,38652.4,SALARIED,N,2026-09-28
103843,VERIFIED,MEDIUM,24795.86,PROFESSIONAL,N,2025-11-28
103844,VERIFIED,MEDIUM,39089.33,SELF_EMPLOYED,N,2025-12-02
103845,PENDING,LOW,141864.97,SALARIED,N,2025-02-09
103846,VERIFIED,MEDIUM,40413.85,SALARIED,N,2025-04-16
103847,PENDING,LOW,26187.71,SALARIED,N,2025-11-30
103848,VERIFIED,MEDIUM,82551.63,PROFESSIONAL,N,2025-03-06
103849,VERIFIED,LOW,51572.02,SELF_EMPLOYED,N,2025-07-03
103850,VERIFIED,LOW,96124.4,PROFESSIONAL,N,2026-02-03
103851,VERIFIED,LOW,42764.13,RETIRED,N,2025-11-09
103852,VERIFIED,MEDIUM,36309.89,RETIRED,N,2026-05-23
103853,VERIFIED,LOW,194580.21,STUDENT,N,2026-02-23
103854,VERIFIED,HIGH,38513.86,PROFESSIONAL,N,2026-04-10
103855,VERIFIED,LOW,38443.41,RETIRED,N,2025-10-12
103856,VERIFIED,LOW,89329.65,SALARIED,N,2026-08-05
103857,VERIFIED,MEDIUM,10815.14,SALARIED,N,2025-05-26
103858,VERIFIED,MEDIUM,106544.01,PROFESSIONAL,N,2025-09-27
103859,VERIFIED,LOW,211611.19,SALARIED,N,2025-11-23
103860,VERIFIED,LOW,116123.75,SALARIED,N,2026-09-03
103861,VERIFIED,MEDIUM,33633.94,STUDENT,N,2025-09-28
103862,VERIFIED,MEDIUM,41351.37,PROFESSIONAL,N,2026-03-20
103863,VERIFIED,MEDIUM,68997.33,SALARIED,N,2025-08-05
103864,VERIFIED,MEDIUM,83897.67,SALARIED,N,2026-05-01
103865,VERIFIED,LOW,188920.11,SELF_EMPLOYED,N,2026-02-21
103866,VERIFIED,LOW,183466.18,PROFESSIONAL,N,2026-02-18
103867,VERIFIED,MEDIUM,57531.78,PROFESSIONAL,N,2025-07-26
103868,VERIFIED,LOW,46847.71,PROFESSIONAL,N,2025-02-23
103869,VERIFIED,LOW,39812.93,SALARIED,N,2025-12-22
103870,VERIFIED,LOW,100600.1,SELF_EMPLOYED,N,2026-07-24
103871,PENDING,MEDIUM,133510.75,SELF_EMPLOYED,N,2026-03-25
103872,VERIFIED,LOW,69173.93,SALARIED,N,2025-06-22
103873,VERIFIED,MEDIUM,66118.79,RETIRED,N,2025-09-23
103874,VERIFIED,LOW,261317.77,SALARIED,N,2025-03-05
103875,VERIFIED,MEDIUM,102949.62,SALARIED,N,2025-06-10
103876,VERIFIED,MEDIUM,17424.18,SALARIED,N,2026-08-13
103877,VERIFIED,LOW,64713.28,SALARIED,N,2026-03-16
103878,VERIFIED,LOW,75429.59,SELF_EMPLOYED,N,2025-06-28
103879,VERIFIED,LOW,55540.33,RETIRED,N,2025-09-29
103880,VERIFIED,LOW,150262.76,SALARIED,N,2026-10-05
103881,VERIFIED,MEDIUM,53404.17,SELF_EMPLOYED,N,2025-10-12
103882,PENDING,MEDIUM,34890.29,PROFESSIONAL,N,2026-07-12
103883,VERIFIED,MEDIUM,41705.36,SELF_EMPLOYED,N,2025-05-12
103884,VERIFIED,LOW,102582.68,STUDENT,N,2026-03-07
103885,PENDING,LOW,27427.99,SELF_EMPLOYED,N,2025-09-27
103886,VERIFIED,LOW,48029.67,STUDENT,N,2026-08-01
103887,VERIFIED,LOW,114769.0,SELF_EMPLOYED,N,2026-07-04
103888,VERIFIED,MEDIUM,27330.86,SALARIED,Y,2026-06-14
103889,VERIFIED,LOW,33717.56,SALARIED,Y,2025-12-07
103890,VERIFIED,LOW,21986.59,SALARIED,N,2026-03-03
103891,VERIFIED,LOW,36971.05,PROFESSIONAL,N,2025-11-12
103892,VERIFIED,LOW,47117.75,SALARIED,N,2026-01-15
103893,VERIFIED,MEDIUM,56714.21,SALARIED,N,2026-01-10
103894,VERIFIED,LOW,36465.67,SALARIED,N,2026-04-26
103895,VERIFIED,LOW,51614.96,SALARIED,N,2025-06-15
103896,VERIFIED,LOW,125089.94,SALARIED,N,2025-05-04
103897,VERIFIED,LOW,82211.5,STUDENT,N,2025-03-17
103898,PENDING,LOW,264969.02,STUDENT,N,2026-03-06
103899,VERIFIED,MEDIUM,42725.17,PROFESSIONAL,N,2025-09-04
103900,VERIFIED,MEDIUM,49415.73,SALARIED,N,2025-02-07
103901,VERIFIED,HIGH,73145.98,STUDENT,N,2026-06-24
103902,VERIFIED,LOW,47362.83,SALARIED,N,2026-07-22
103903,VERIFIED,LOW,65037.37,SALARIED,N,2025-09-25
103904,VERIFIED,LOW,19024.95,SALARIED,N,2026-04-03
103905,VERIFIED,MEDIUM,52002.54,SALARIED,N,2025-06-08
103906,VERIFIED,LOW,117069.28,SALARIED,N,2025-03-22
103907,VERIFIED,LOW,228065.35,SALARIED,N,2025-09-23
103908,VERIFIED,LOW,169687.34,SALARIED,N,2026-09-19
103909,VERIFIED,MEDIUM,71813.06,STUDENT,N,2026-07-15
103910,VERIFIED,LOW,90469.85,STUDENT,N,2026-09-17
103911,VERIFIED,LOW,82028.76,STUDENT,N,2025-04-25
103912,VERIFIED,LOW,46152.52,PROFESSIONAL,N,2026-01-03
103913,VERIFIED,LOW,35473.76,SELF_EMPLOYED,N,2025-06-30
103914,VERIFIED,MEDIUM,77759.98,SELF_EMPLOYED,N,2025-01-05
103915,VERIFIED,LOW,61600.29,RETIRED,N,2025-10-29
103916,VERIFIED,MEDIUM,114180.73,SALARIED,N,2026-07-17
103917,VERIFIED,MEDIUM,14081.69,PROFESSIONAL,N,2025-05-20
103918,VERIFIED,LOW,59112.79,SALARIED,N,2026-08-09
103919,VERIFIED,MEDIUM,145218.5,SALARIED,N,2025-12-18
103920,VERIFIED,LOW,96245.36,SELF_EMPLOYED,N,2025-04-01
103921,VERIFIED,MEDIUM,34927.86,STUDENT,N,2026-07-03
103922,VERIFIED,LOW,28257.84,STUDENT,N,2025-11-09
103923,PENDING,LOW,64215.95,SALARIED,N,2025-06-19
103924,VERIFIED,MEDIUM,110234.99,SALARIED,N,2026-08-29
103925,VERIFIED,HIGH,92557.9,STUDENT,N,2025-05-26
103926,VERIFIED,HIGH,71328.54,SELF_EMPLOYED,N,2026-07-03
103927,VERIFIED,LOW,100441.78,SALARIED,N,2025-01-09
103928,VERIFIED,LOW,78225.36,SALARIED,N,2026-09-13
103929,VERIFIED,MEDIUM,97692.13,PROFESSIONAL,N,2026-07-13
103930,VERIFIED,LOW,121700.52,PROFESSIONAL,N,2026-04-08
103931,VERIFIED,LOW,49554.75,STUDENT,N,2026-03-29
103932,VERIFIED,HIGH,37205.83,SALARIED,N,2025-06-15
103933,VERIFIED,LOW,106275.37,SALARIED,N,2025-02-16
103934,VERIFIED,LOW,47477.35,SALARIED,N,2026-04-08
103935,VERIFIED,LOW,18672.76,SALARIED,N,2026-09-13
103936,EXPIRED,LOW,167343.27,SALARIED,N,2025-10-08
103937,VERIFIED,LOW,78052.02,SALARIED,N,2026-05-01
103938,VERIFIED,MEDIUM,75820.61,SALARIED,N,2026-04-04
103939,VERIFIED,MEDIUM,58677.74,SALARIED,N,2025-04-25
103940,VERIFIED,LOW,114026.14,SALARIED,N,2025-11-05
103941,PENDING,MEDIUM,28736.04,RETIRED,N,2026-09-02
103942,VERIFIED,LOW,66323.96,SELF_EMPLOYED,N,2026-07-09
103943,VERIFIED,LOW,79497.47,SALARIED,N,2025-10-28
103944,VERIFIED,LOW,94670.02,SALARIED,N,2026-02-03
103945,VERIFIED,LOW,21795.75,SALARIED,N,2025-03-02
103946,VERIFIED,LOW,97343.59,PROFESSIONAL,N,2025-09-04
103947,VERIFIED,LOW,50406.03,SALARIED,N,2026-10-07
103948,VERIFIED,MEDIUM,43325.36,SALARIED,N,2025-06-23
103949,VERIFIED,MEDIUM,23980.62,SALARIED,N,2025-11-14
103950,VERIFIED,LOW,282427.81,RETIRED,N,2026-04-17
103951,VERIFIED,HIGH,60882.61,SALARIED,N,2025-07-30
103952,VERIFIED,LOW,77627.86,SALARIED,N,2026-07-25
103953,VERIFIED,LOW,33400.1,PROFESSIONAL,N,2025-01-05
103954,PENDING,LOW,24487.05,STUDENT,N,2026-09-04
103955,VERIFIED,LOW,112365.07,PROFESSIONAL,N,2025-04-23
103956,VERIFIED,LOW,27515.81,SALARIED,N,2026-08-09
103957,VERIFIED,LOW,154404.23,PROFESSIONAL,N,2025-01-31
103958,VERIFIED,LOW,213276.57,SALARIED,N,2025-01-18
103959,VERIFIED,LOW,39972.82,SALARIED,N,2026-03-28
103960,VERIFIED,LOW,49031.07,SALARIED,N,2026-01-31
103961,VERIFIED,MEDIUM,12669.41,SALARIED,N,2026-03-09
103962,VERIFIED,LOW,21312.26,SALARIED,N,2026-04-12
103963,VERIFIED,MEDIUM,99780.5,SALARIED,N,2025-11-09
103964,VERIFIED,LOW,149557.32,PROFESSIONAL,N,2025-05-22
103965,VERIFIED,MEDIUM,39808.89,SALARIED,N,2026-03-17
103966,VERIFIED,HIGH,43922.56,SALARIED,N,2025-07-19
103967,VERIFIED,LOW,23676.32,SALARIED,N,2025-11-24
103968,VERIFIED,LOW,31741.37,SELF_EMPLOYED,N,2026-04-15
103969,VERIFIED,MEDIUM,156939.79,SELF_EMPLOYED,N,2026-01-06
103970,VERIFIED,LOW,80944.85,SELF_EMPLOYED,N,2026-08-31
103971,VERIFIED,LOW,20602.41,SALARIED,N,2026-03-01
103972,PENDING,LOW,95627.85,SELF_EMPLOYED,N,2025-05-08
103973,VERIFIED,LOW,309053.56,SALARIED,N,2025-01-17
103974,VERIFIED,LOW,51220.09,SALARIED,N,2026-04-30
103975,VERIFIED,MEDIUM,42910.82,SALARIED,N,2026-08-15
103976,VERIFIED,LOW,96572.19,SELF_EMPLOYED,N,2025-10-04
103977,VERIFIED,LOW,127284.27,SELF_EMPLOYED,N,2026-04-01
103978,VERIFIED,LOW,112875.25,PROFESSIONAL,N,2025-07-22
103979,VERIFIED,LOW,53846.07,PROFESSIONAL,N,2025-03-25
103980,VERIFIED,LOW,50345.47,SALARIED,N,2025-07-11
103981,VERIFIED,LOW,21573.43,SALARIED,N,2026-07-24
103982,VERIFIED,LOW,29751.93,SALARIED,N,2026-06-20
103983,VERIFIED,MEDIUM,83655.41,STUDENT,N,2026-03-16
103984,EXPIRED,MEDIUM,46748.43,SELF_EMPLOYED,N,2025-02-07
103985,VERIFIED,MEDIUM,77666.0,SALARIED,N,2025-01-08
103986,VERIFIED,LOW,56664.09,SELF_EMPLOYED,N,2026-05-02
103987,PENDING,MEDIUM,68882.15,SALARIED,N,2025-01-09
103988,PENDING,LOW,67010.43,SELF_EMPLOYED,N,2025-06-19
103989,VERIFIED,LOW,107470.69,STUDENT,N,2025-07-29
103990,VERIFIED,HIGH,114881.01,SELF_EMPLOYED,N,2025-07-25
103991,VERIFIED,LOW,65436.89,STUDENT,N,2025-09-13
103992,VERIFIED,LOW,57943.48,SALARIED,N,2026-04-08
103993,VERIFIED,LOW,64645.69,PROFESSIONAL,N,2025-06-27
103994,VERIFIED,LOW,39750.85,SALARIED,N,2025-11-15
103995,VERIFIED,LOW,134063.64,SELF_EMPLOYED,N,2025-11-11
103996,VERIFIED,LOW,45919.91,SALARIED,N,2025-02-07
103997,VERIFIED,LOW,59640.66,SELF_EMPLOYED,N,2025-10-08
103998,VERIFIED,LOW,74201.41,SALARIED,N,2026-05-30
103999,VERIFIED,LOW,80944.37,SELF_EMPLOYED,N,2025-01-14
104000,VERIFIED,LOW,78809.76,SALARIED,N,2025-10-23
104001,VERIFIED,LOW,60546.6,SELF_EMPLOYED,N,2026-05-08
104002,VERIFIED,LOW,192746.94,SALARIED,N,2025-09-13
104003,VERIFIED,HIGH,69489.49,SALARIED,N,2026-04-08
104004,VERIFIED,MEDIUM,56199.86,SELF_EMPLOYED,N,2025-12-26
104005,VERIFIED,LOW,212864.4,SALARIED,N,2026-03-26
104006,VERIFIED,LOW,39913.81,SALARIED,N,2026-03-14
104007,VERIFIED,MEDIUM,212490.78,SALARIED,N,2025-08-13
104008,VERIFIED,MEDIUM,18087.77,SALARIED,N,2026-09-08
104009,VERIFIED,MEDIUM,50964.45,SALARIED,N,2026-01-26
104010,VERIFIED,MEDIUM,22352.26,SALARIED,N,2025-02-11
104011,VERIFIED,LOW,27299.38,STUDENT,N,2026-08-16
104012,VERIFIED,LOW,88818.86,SALARIED,N,2026-03-15
104013,VERIFIED,LOW,79665.3,SELF_EMPLOYED,N,2025-01-17
104014,VERIFIED,LOW,44559.98,SALARIED,N,2025-04-11
104015,VERIFIED,MEDIUM,191359.0,SALARIED,N,2025-01-08
104016,VERIFIED,LOW,138321.37,SELF_EMPLOYED,N,2025-01-03
104017,VERIFIED,MEDIUM,63989.23,PROFESSIONAL,N,2026-06-21
104018,VERIFIED,MEDIUM,20423.05,SALARIED,N,2026-06-23
104019,VERIFIED,MEDIUM,123409.03,SALARIED,N,2025-08-01
104020,VERIFIED,MEDIUM,48351.58,SELF_EMPLOYED,N,2026-09-12
104021,VERIFIED,LOW,80012.77,SELF_EMPLOYED,N,2025-01-20
104022,VERIFIED,MEDIUM,111135.76,SELF_EMPLOYED,N,2025-07-19
104023,VERIFIED,MEDIUM,50980.0,STUDENT,N,2026-03-25
104024,EXPIRED,LOW,151934.63,SALARIED,N,2025-10-27
104025,VERIFIED,LOW,51705.58,PROFESSIONAL,N,2025-02-24
104026,VERIFIED,LOW,93922.5,STUDENT,N,2026-01-18
104027,VERIFIED,LOW,108104.95,SALARIED,N,2025-09-02
104028,VERIFIED,MEDIUM,119730.97,PROFESSIONAL,N,2026-01-28
104029,PENDING,LOW,205610.17,SELF_EMPLOYED,N,2025-11-14
104030,PENDING,LOW,38776.98,SALARIED,N,2026-06-26
104031,VERIFIED,LOW,31686.89,SALARIED,N,2026-02-12
104032,VERIFIED,MEDIUM,53695.96,STUDENT,N,2025-08-12
104033,VERIFIED,LOW,478475.29,SALARIED,N,2025-02-21
104034,VERIFIED,LOW,159193.17,SALARIED,N,2026-01-31
104035,PENDING,MEDIUM,46278.4,RETIRED,N,2026-03-04
104036,VERIFIED,LOW,52785.49,SALARIED,N,2025-02-26
104037,VERIFIED,LOW,65524.11,SALARIED,N,2026-09-06
104038,VERIFIED,LOW,79019.25,SALARIED,N,2026-06-19
104039,VERIFIED,MEDIUM,100384.38,RETIRED,N,2025-04-19
104040,VERIFIED,LOW,103143.7,SALARIED,N,2026-03-08
104041,VERIFIED,LOW,144040.33,STUDENT,N,2026-06-26
104042,VERIFIED,MEDIUM,243254.1,STUDENT,N,2026-01-25
104043,VERIFIED,LOW,60669.59,SALARIED,N,2025-03-05
104044,VERIFIED,LOW,57588.8,PROFESSIONAL,N,2025-02-07
104045,VERIFIED,LOW,52220.29,SALARIED,N,2025-05-01
104046,VERIFIED,LOW,55273.9,SELF_EMPLOYED,N,2025-02-02
104047,VERIFIED,MEDIUM,84103.63,SALARIED,N,2026-01-07
104048,VERIFIED,MEDIUM,100020.79,SALARIED,N,2025-02-24
104049,PENDING,LOW,203214.61,SALARIED,N,2025-01-24
104050,VERIFIED,LOW,41737.69,SALARIED,N,2025-05-31
104051,VERIFIED,HIGH,83541.82,SALARIED,N,2026-05-03
104052,VERIFIED,LOW,38313.94,SELF_EMPLOYED,N,2025-10-06
104053,VERIFIED,MEDIUM,86091.61,SALARIED,N,2025-02-07
104054,VERIFIED,LOW,375940.34,SALARIED,N,2025-10-12
104055,VERIFIED,LOW,60541.34,SELF_EMPLOYED,Y,2025-11-06
104056,VERIFIED,LOW,325823.85,SELF_EMPLOYED,N,2025-04-12
104057,VERIFIED,LOW,38406.47,STUDENT,N,2026-07-16
104058,VERIFIED,LOW,49060.71,SALARIED,N,2025-10-16
104059,VERIFIED,LOW,52960.14,SELF_EMPLOYED,N,2025-02-20
104060,VERIFIED,LOW,74136.05,SALARIED,N,2025-12-02
104061,VERIFIED,LOW,59863.39,SELF_EMPLOYED,N,2026-04-18
104062,VERIFIED,MEDIUM,108725.16,STUDENT,N,2025-03-07
104063,VERIFIED,LOW,11092.17,SALARIED,N,2026-07-12
104064,VERIFIED,LOW,34999.74,SALARIED,N,2025-03-22
104065,VERIFIED,HIGH,226705.28,SALARIED,N,2025-03-15
104066,VERIFIED,LOW,26504.04,SALARIED,N,2026-04-29
104067,VERIFIED,LOW,52480.29,SALARIED,N,2025-06-24
104068,VERIFIED,LOW,98530.79,PROFESSIONAL,N,2026-10-11
104069,VERIFIED,MEDIUM,64243.57,PROFESSIONAL,N,2025-09-20
104070,VERIFIED,LOW,38085.44,SALARIED,N,2025-05-01
104071,VERIFIED,LOW,88372.86,SALARIED,N,2026-03-29
104072,VERIFIED,LOW,113925.05,SALARIED,N,2025-10-29
104073,VERIFIED,LOW,44890.08,SALARIED,N,2026-06-23
104074,VERIFIED,LOW,86233.09,RETIRED,N,2025-05-02
104075,VERIFIED,LOW,115787.33,SELF_EMPLOYED,N,2026-07-28
104076,VERIFIED,LOW,133559.29,SALARIED,N,2025-02-08
104077,VERIFIED,LOW,84165.8,RETIRED,N,2026-09-09
104078,VERIFIED,LOW,201019.09,PROFESSIONAL,N,2025-04-28
104079,VERIFIED,LOW,68238.27,SALARIED,N,2025-05-22
104080,VERIFIED,LOW,34927.56,SELF_EMPLOYED,N,2025-08-22
104081,VERIFIED,MEDIUM,57410.72,SALARIED,N,2025-12-15
104082,VERIFIED,LOW,145486.85,RETIRED,N,2025-12-23
104083,VERIFIED,LOW,37021.95,SALARIED,N,2026-09-27
104084,VERIFIED,LOW,15409.73,STUDENT,N,2025-12-07
104085,VERIFIED,LOW,89217.41,SALARIED,N,2026-10-02
104086,VERIFIED,MEDIUM,49586.49,PROFESSIONAL,N,2025-10-20
104087,VERIFIED,HIGH,285293.99,SALARIED,N,2025-03-21
104088,VERIFIED,LOW,78685.37,SALARIED,N,2025-08-22
104089,VERIFIED,MEDIUM,147880.81,SELF_EMPLOYED,N,2026-07-22
104090,VERIFIED,LOW,48106.33,SALARIED,N,2025-09-06
104091,VERIFIED,MEDIUM,97347.6,SALARIED,N,2026-01-14
104092,VERIFIED,LOW,84245.33,RETIRED,N,2025-01-02
104093,VERIFIED,LOW,162208.74,SALARIED,N,2025-09-24
104094,VERIFIED,MEDIUM,74935.09,SALARIED,N,2025-05-26
104095,VERIFIED,LOW,47081.35,SALARIED,N,2026-06-19
104096,VERIFIED,MEDIUM,129975.97,STUDENT,N,2025-04-24
104097,VERIFIED,LOW,41596.28,SALARIED,N,2025-03-04
104098,VERIFIED,LOW,38899.13,SALARIED,N,2026-01-14
104099,EXPIRED,LOW,64303.24,SALARIED,N,2025-07-17
104100,VERIFIED,LOW,53531.04,SALARIED,N,2025-10-18
104101,VERIFIED,LOW,66894.27,SALARIED,N,2025-12-29
104102,PENDING,LOW,42866.2,SALARIED,N,2025-05-23
104103,VERIFIED,LOW,137034.63,SALARIED,N,2025-03-05
104104,VERIFIED,MEDIUM,135751.44,SALARIED,N,2025-03-27
104105,VERIFIED,LOW,113540.77,SALARIED,N,2026-09-13
104106,VERIFIED,LOW,106479.35,SALARIED,N,2026-03-16
104107,VERIFIED,LOW,19905.87,SELF_EMPLOYED,N,2025-11-14
104108,VERIFIED,LOW,71367.3,PROFESSIONAL,N,2026-08-09
104109,VERIFIED,LOW,115563.37,PROFESSIONAL,N,2025-05-07
104110,VERIFIED,LOW,158173.83,SALARIED,N,2025-06-16
104111,VERIFIED,LOW,57957.85,SELF_EMPLOYED,N,2025-03-25
104112,VERIFIED,LOW,154396.87,SALARIED,N,2026-02-04
104113,VERIFIED,LOW,80804.17,SELF_EMPLOYED,N,2026-09-09
104114,VERIFIED,MEDIUM,12345.67,STUDENT,N,2025-04-15
104115,VERIFIED,LOW,62038.47,STUDENT,N,2026-10-05
104116,VERIFIED,HIGH,38326.79,SELF_EMPLOYED,N,2025-06-07
104117,VERIFIED,LOW,44449.88,SALARIED,N,2026-07-28
104118,VERIFIED,LOW,131114.05,SALARIED,N,2025-04-30
104119,VERIFIED,MEDIUM,80286.21,SALARIED,N,2025-01-31
104120,VERIFIED,MEDIUM,47241.75,SALARIED,N,2025-12-19
104121,VERIFIED,MEDIUM,42624.91,SELF_EMPLOYED,N,2026-06-26
104122,VERIFIED,LOW,87968.26,SALARIED,N,2025-01-28
104123,VERIFIED,LOW,58698.33,SALARIED,N,2026-06-21
104124,VERIFIED,LOW,104066.16,SELF_EMPLOYED,N,2025-10-30
104125,VERIFIED,LOW,38672.69,SELF_EMPLOYED,N,2026-05-19
104126,VERIFIED,LOW,51669.77,SALARIED,N,2026-08-09
104127,VERIFIED,LOW,31961.42,PROFESSIONAL,N,2025-01-27
104128,VERIFIED,LOW,46176.27,SALARIED,N,2025-04-01
104129,VERIFIED,LOW,272543.9,PROFESSIONAL,N,2025-05-05
104130,VERIFIED,HIGH,40999.09,PROFESSIONAL,N,2026-01-19
104131,VERIFIED,MEDIUM,48643.18,PROFESSIONAL,N,2026-01-20
104132,VERIFIED,MEDIUM,38729.33,STUDENT,N,2025-01-28
104133,VERIFIED,MEDIUM,58740.45,SALARIED,N,2025-06-05
104134,VERIFIED,LOW,63129.86,SALARIED,N,2025-12-24
104135,VERIFIED,LOW,146079.12,PROFESSIONAL,N,2025-09-13
104136,VERIFIED,MEDIUM,50833.16,SELF_EMPLOYED,N,2026-05-31
104137,VERIFIED,LOW,71270.09,SALARIED,N,2026-04-18
104138,VERIFIED,LOW,19571.76,SALARIED,N,2025-05-07
104139,PENDING,MEDIUM,37718.3,SALARIED,N,2025-01-30
104140,VERIFIED,MEDIUM,134017.1,SALARIED,N,2025-09-06
104141,VERIFIED,LOW,37938.55,SALARIED,N,2026-01-24
104142,VERIFIED,LOW,108982.81,SALARIED,Y,2025-09-28
104143,VERIFIED,MEDIUM,36255.14,SELF_EMPLOYED,N,2025-06-17
104144,EXPIRED,MEDIUM,59135.88,SELF_EMPLOYED,N,2026-07-15
104145,VERIFIED,MEDIUM,201728.88,SELF_EMPLOYED,N,2025-10-24
104146,VERIFIED,LOW,107397.18,SALARIED,N,2025-01-28
104147,VERIFIED,LOW,18603.3,PROFESSIONAL,N,2025-01-22
104148,VERIFIED,HIGH,537071.3,SALARIED,N,2025-07-26
104149,VERIFIED,LOW,33688.2,SALARIED,N,2025-11-04
104150,VERIFIED,MEDIUM,222589.08,SELF_EMPLOYED,N,2025-03-05
104151,VERIFIED,LOW,49510.9,SALARIED,N,2026-02-01
104152,VERIFIED,LOW,29770.53,SELF_EMPLOYED,N,2026-03-05
104153,VERIFIED,LOW,49353.8,SALARIED,N,2025-07-06
104154,PENDING,LOW,43275.57,STUDENT,Y,2025-11-30
104155,VERIFIED,LOW,46336.85,SALARIED,N,2026-06-11
104156,VERIFIED,MEDIUM,68791.38,SALARIED,N,2025-12-13
104157,VERIFIED,LOW,90285.06,SELF_EMPLOYED,N,2025-03-30
104158,VERIFIED,HIGH,166586.17,PROFESSIONAL,N,2025-04-24
104159,VERIFIED,LOW,76066.61,SALARIED,N,2025-11-10
104160,VERIFIED,MEDIUM,69589.58,SALARIED,N,2025-08-29
104161,VERIFIED,LOW,41369.81,SELF_EMPLOYED,N,2026-06-27
104162,VERIFIED,MEDIUM,55150.64,SELF_EMPLOYED,N,2026-07-23
104163,EXPIRED,MEDIUM,47682.59,SELF_EMPLOYED,N,2026-06-24
104164,PENDING,MEDIUM,27103.45,SALARIED,N,2026-02-06
104165,VERIFIED,LOW,347348.83,SALARIED,N,2026-01-20
104166,VERIFIED,LOW,77463.23,PROFESSIONAL,N,2026-07-15
104167,VERIFIED,HIGH,78101.66,SALARIED,N,2025-11-15
104168,VERIFIED,LOW,146019.08,SALARIED,N,2026-02-14
104169,VERIFIED,LOW,12357.18,SELF_EMPLOYED,N,2025-06-14
104170,VERIFIED,LOW,283558.73,SALARIED,N,2026-01-09
104171,VERIFIED,MEDIUM,37862.49,SALARIED,N,2025-08-03
104172,VERIFIED,MEDIUM,37265.61,SALARIED,N,2026-08-08
104173,VERIFIED,MEDIUM,46496.56,SALARIED,N,2025-12-08
104174,VERIFIED,LOW,125467.96,RETIRED,N,2025-11-22
104175,VERIFIED,LOW,266687.44,STUDENT,N,2026-03-29
104176,VERIFIED,MEDIUM,192087.26,PROFESSIONAL,N,2026-04-12
104177,VERIFIED,MEDIUM,48375.48,SALARIED,N,2026-08-29
104178,VERIFIED,LOW,20560.45,PROFESSIONAL,N,2025-03-19
104179,VERIFIED,HIGH,50547.55,STUDENT,N,2026-07-28
104180,VERIFIED,HIGH,43665.03,SALARIED,N,2025-05-01
104181,VERIFIED,LOW,22716.75,SALARIED,N,2026-09-24
104182,VERIFIED,LOW,96650.29,STUDENT,N,2025-10-23
104183,VERIFIED,HIGH,66361.6,PROFESSIONAL,N,2026-09-25
104184,VERIFIED,MEDIUM,91616.13,STUDENT,N,2025-08-12
104185,VERIFIED,LOW,106467.45,RETIRED,N,2025-05-08
104186,VERIFIED,HIGH,103266.66,SALARIED,N,2025-06-01
104187,VERIFIED,MEDIUM,63458.86,SELF_EMPLOYED,N,2025-03-18
104188,VERIFIED,MEDIUM,192138.21,SALARIED,N,2025-08-03
104189,VERIFIED,LOW,48122.22,SALARIED,N,2026-02-18
104190,VERIFIED,LOW,43693.73,SALARIED,N,2026-03-21
104191,VERIFIED,LOW,56917.13,SALARIED,N,2026-08-21
104192,PENDING,LOW,93872.66,SALARIED,N,2026-02-22
104193,VERIFIED,LOW,103102.45,SELF_EMPLOYED,N,2026-07-29
104194,VERIFIED,MEDIUM,53040.61,SALARIED,N,2025-03-18
104195,VERIFIED,LOW,53763.42,STUDENT,N,2025-10-22
104196,VERIFIED,LOW,154521.7,SALARIED,N,2026-10-03
104197,VERIFIED,LOW,28283.19,SELF_EMPLOYED,N,2025-08-15
104198,VERIFIED,MEDIUM,394587.27,STUDENT,N,2026-03-31
104199,EXPIRED,MEDIUM,54424.65,STUDENT,N,2026-06-26
104200,VERIFIED,LOW,57937.28,SALARIED,N,2025-05-26
104201,VERIFIED,LOW,84150.07,SALARIED,Y,2025-10-22
104202,VERIFIED,LOW,93507.43,SALARIED,N,2025-02-26
104203,VERIFIED,MEDIUM,43230.79,SELF_EMPLOYED,N,2025-04-29
104204,VERIFIED,MEDIUM,82449.95,SALARIED,N,2026-08-01
104205,VERIFIED,MEDIUM,36066.47,SALARIED,N,2025-02-26
104206,VERIFIED,MEDIUM,44834.47,SALARIED,N,2025-08-24
104207,VERIFIED,MEDIUM,23315.91,SALARIED,N,2026-02-25
104208,VERIFIED,LOW,72510.34,PROFESSIONAL,N,2025-05-30
104209,VERIFIED,LOW,59006.39,SALARIED,N,2025-04-23
104210,VERIFIED,LOW,17873.48,STUDENT,N,2025-07-03
104211,VERIFIED,LOW,42504.33,SALARIED,N,2026-09-23
104212,VERIFIED,LOW,64946.1,STUDENT,N,2025-06-24
104213,VERIFIED,LOW,115677.74,RETIRED,N,2025-03-26
104214,EXPIRED,LOW,28761.25,SELF_EMPLOYED,N,2026-05-20
104215,VERIFIED,LOW,54413.23,SALARIED,N,2025-11-07
104216,VERIFIED,MEDIUM,32366.77,SALARIED,N,2026-02-24
104217,VERIFIED,LOW,106017.33,STUDENT,N,2026-06-06
104218,VERIFIED,LOW,42856.58,SALARIED,N,2025-08-14
104219,VERIFIED,LOW,92709.11,SALARIED,N,2025-02-14
104220,VERIFIED,LOW,52421.46,SALARIED,N,2025-08-03
104221,PENDING,HIGH,21861.26,STUDENT,N,2025-07-23
104222,PENDING,LOW,63229.49,RETIRED,N,2026-09-14
104223,VERIFIED,MEDIUM,30641.91,SALARIED,N,2025-12-03
104224,VERIFIED,HIGH,136982.77,SALARIED,N,2026-02-23
104225,VERIFIED,MEDIUM,215741.63,PROFESSIONAL,N,2025-08-26
104226,VERIFIED,LOW,100158.29,SELF_EMPLOYED,N,2026-04-16
104227,VERIFIED,LOW,43634.4,SELF_EMPLOYED,N,2025-02-05
104228,VERIFIED,LOW,67136.56,PROFESSIONAL,N,2025-07-13
104229,VERIFIED,MEDIUM,79903.43,PROFESSIONAL,N,2025-09-21
104230,VERIFIED,HIGH,133920.74,SELF_EMPLOYED,N,2026-10-06
104231,PENDING,MEDIUM,58546.46,SALARIED,N,2026-07-05
104232,VERIFIED,LOW,86276.15,PROFESSIONAL,N,2026-05-01
104233,VERIFIED,LOW,22215.44,PROFESSIONAL,N,2025-06-12
104234,VERIFIED,LOW,77431.51,SALARIED,N,2025-06-06
104235,VERIFIED,HIGH,37826.54,SALARIED,N,2026-08-02
104236,VERIFIED,LOW,68038.89,SELF_EMPLOYED,N,2026-08-23
104237,VERIFIED,LOW,33698.33,RETIRED,N,2025-12-10
104238,VERIFIED,LOW,86461.16,SALARIED,N,2025-09-10
104239,VERIFIED,LOW,100178.86,SALARIED,N,2026-01-08
104240,EXPIRED,LOW,56871.57,SALARIED,N,2025-02-14
104241,VERIFIED,LOW,37687.55,STUDENT,N,2025-09-28
104242,VERIFIED,LOW,96089.85,SALARIED,N,2025-09-01
104243,VERIFIED,LOW,182083.77,SALARIED,N,2025-10-31
104244,VERIFIED,LOW,230743.2,SALARIED,N,2026-06-11
104245,VERIFIED,LOW,85590.23,SALARIED,N,2026-06-02
104246,VERIFIED,MEDIUM,79287.99,SALARIED,N,2025-10-09
104247,VERIFIED,MEDIUM,28144.5,SALARIED,N,2026-05-19
104248,VERIFIED,MEDIUM,155440.96,SELF_EMPLOYED,N,2025-12-05
104249,PENDING,LOW,14620.21,PROFESSIONAL,N,2026-09-20
104250,VERIFIED,MEDIUM,143567.37,SALARIED,N,2025-11-10
104251,VERIFIED,LOW,67326.6,SELF_EMPLOYED,N,2025-01-19
104252,VERIFIED,LOW,13619.17,PROFESSIONAL,N,2026-09-13
104253,VERIFIED,MEDIUM,82355.54,SALARIED,N,2025-12-20
104254,VERIFIED,LOW,59772.58,SALARIED,N,2025-01-29
104255,VERIFIED,LOW,49430.64,SELF_EMPLOYED,N,2026-02-18
104256,VERIFIED,LOW,55524.9,SELF_EMPLOYED,N,2025-06-28
104257,VERIFIED,MEDIUM,65359.83,SALARIED,N,2025-02-01
104258,EXPIRED,MEDIUM,65234.33,SELF_EMPLOYED,N,2026-05-22
104259,VERIFIED,LOW,25357.23,PROFESSIONAL,N,2026-09-27
104260,PENDING,LOW,85981.25,SALARIED,N,2025-02-09
104261,VERIFIED,LOW,51701.33,SALARIED,N,2025-12-14
104262,VERIFIED,LOW,185621.51,SALARIED,N,2025-08-13
104263,PENDING,LOW,115732.97,SALARIED,N,2026-10-08
104264,VERIFIED,LOW,124514.47,PROFESSIONAL,N,2026-07-19
104265,VERIFIED,MEDIUM,221914.0,SELF_EMPLOYED,N,2026-05-03
104266,VERIFIED,HIGH,106766.85,STUDENT,N,2025-03-06
104267,VERIFIED,LOW,60169.34,SALARIED,N,2025-05-24
104268,VERIFIED,LOW,12543.57,SALARIED,N,2025-04-18
104269,VERIFIED,MEDIUM,77387.82,SALARIED,N,2026-09-11
104270,VERIFIED,LOW,203820.41,STUDENT,N,2025-08-01
104271,VERIFIED,LOW,118363.28,SELF_EMPLOYED,N,2025-01-19
104272,VERIFIED,LOW,47576.95,STUDENT,N,2026-04-14
104273,VERIFIED,LOW,68796.78,SELF_EMPLOYED,N,2026-04-26
104274,VERIFIED,LOW,46106.35,SALARIED,N,2025-08-28
104275,VERIFIED,LOW,80718.84,SELF_EMPLOYED,N,2026-09-19
104276,VERIFIED,MEDIUM,47488.34,STUDENT,N,2026-06-23
104277,VERIFIED,LOW,168651.44,SALARIED,N,2025-12-31
104278,VERIFIED,MEDIUM,71554.4,SALARIED,N,2025-01-03
104279,VERIFIED,LOW,78232.59,SELF_EMPLOYED,N,2026-07-31
104280,VERIFIED,LOW,38624.4,SELF_EMPLOYED,N,2025-02-11
104281,VERIFIED,LOW,50437.03,SALARIED,N,2025-10-04
104282,VERIFIED,MEDIUM,31222.28,SALARIED,N,2026-07-01
104283,VERIFIED,LOW,166232.25,SALARIED,N,2025-09-14
104284,VERIFIED,LOW,47399.31,SALARIED,N,2025-09-07
104285,VERIFIED,LOW,73409.51,STUDENT,N,2026-09-04
104286,VERIFIED,HIGH,24177.31,SALARIED,N,2025-11-24
104287,VERIFIED,HIGH,29710.45,SALARIED,N,2026-08-30
104288,VERIFIED,MEDIUM,56233.85,SALARIED,N,2026-08-12
104289,PENDING,LOW,54048.32,STUDENT,N,2026-05-18
104290,VERIFIED,LOW,77581.12,RETIRED,N,2025-03-29
104291,VERIFIED,LOW,244561.88,SELF_EMPLOYED,N,2025-05-30
104292,VERIFIED,LOW,17832.42,SALARIED,N,2026-02-13
104293,VERIFIED,HIGH,124990.9,STUDENT,N,2025-08-16
104294,VERIFIED,LOW,91475.73,SALARIED,N,2026-05-01
104295,VERIFIED,LOW,44277.18,SALARIED,N,2026-05-30
104296,VERIFIED,MEDIUM,49917.75,SALARIED,N,2025-10-27
104297,VERIFIED,LOW,137042.49,SALARIED,N,2025-12-19
104298,EXPIRED,LOW,63545.54,SALARIED,N,2025-06-11
104299,PENDING,LOW,53676.39,SALARIED,N,2026-04-18
104300,VERIFIED,LOW,33469.05,SALARIED,N,2025-01-13
104301,VERIFIED,LOW,38428.29,SALARIED,N,2025-03-25
104302,VERIFIED,LOW,30013.29,SELF_EMPLOYED,N,2026-01-07
104303,VERIFIED,MEDIUM,117586.06,SELF_EMPLOYED,N,2025-01-09
104304,VERIFIED,MEDIUM,39746.52,PROFESSIONAL,N,2025-05-02
104305,VERIFIED,LOW,30450.88,PROFESSIONAL,N,2025-07-03
104306,VERIFIED,MEDIUM,74127.58,SALARIED,N,2025-06-08
104307,VERIFIED,LOW,38927.34,RETIRED,N,2026-05-06
104308,VERIFIED,LOW,180841.9,SALARIED,N,2025-08-07
104309,VERIFIED,LOW,67962.77,PROFESSIONAL,N,2026-08-03
104310,VERIFIED,LOW,75605.91,SELF_EMPLOYED,N,2026-01-16
104311,VERIFIED,LOW,75741.23,SALARIED,N,2026-05-20
104312,VERIFIED,MEDIUM,95903.66,STUDENT,N,2026-07-30
104313,VERIFIED,MEDIUM,105005.07,PROFESSIONAL,N,2025-10-23
104314,VERIFIED,LOW,67443.68,SALARIED,N,2026-04-29
104315,VERIFIED,LOW,34188.46,SELF_EMPLOYED,N,2026-06-17
104316,VERIFIED,LOW,59881.65,SALARIED,N,2025-12-27
104317,VERIFIED,HIGH,68772.92,SALARIED,N,2026-01-09
104318,VERIFIED,LOW,22904.86,SALARIED,N,2025-03-08
104319,VERIFIED,LOW,16846.68,STUDENT,N,2025-11-25
104320,VERIFIED,MEDIUM,30083.95,SALARIED,N,2025-04-29
104321,VERIFIED,LOW,18617.99,RETIRED,N,2025-10-04
104322,VERIFIED,MEDIUM,48232.95,PROFESSIONAL,N,2025-06-24
104323,VERIFIED,LOW,40039.64,PROFESSIONAL,N,2026-04-17
104324,PENDING,MEDIUM,70096.44,SELF_EMPLOYED,N,2026-01-22
104325,VERIFIED,MEDIUM,104924.95,PROFESSIONAL,N,2026-10-10
104326,VERIFIED,LOW,79863.74,SALARIED,N,2026-03-18
104327,VERIFIED,LOW,87762.61,SELF_EMPLOYED,N,2026-08-01
104328,VERIFIED,LOW,122377.31,SELF_EMPLOYED,N,2025-07-08
104329,VERIFIED,LOW,53531.42,SALARIED,N,2026-04-05
104330,EXPIRED,LOW,12155.94,SELF_EMPLOYED,N,2025-12-31
104331,VERIFIED,LOW,21292.89,PROFESSIONAL,N,2026-07-06
104332,VERIFIED,LOW,91487.3,SALARIED,N,2026-04-24
104333,VERIFIED,MEDIUM,75170.68,RETIRED,N,2026-05-03
104334,PENDING,LOW,103968.22,SALARIED,N,2026-01-10
104335,VERIFIED,LOW,419835.75,SELF_EMPLOYED,N,2026-06-14
104336,VERIFIED,LOW,76313.77,STUDENT,N,2026-09-24
104337,VERIFIED,LOW,62188.28,RETIRED,N,2025-07-18
104338,VERIFIED,LOW,82865.26,SELF_EMPLOYED,N,2025-05-10
104339,VERIFIED,LOW,30526.89,RETIRED,N,2025-03-28
104340,PENDING,LOW,108085.73,SELF_EMPLOYED,N,2026-03-09
104341,VERIFIED,MEDIUM,59197.0,SALARIED,N,2025-11-06
104342,VERIFIED,LOW,197559.51,SELF_EMPLOYED,N,2025-02-01
104343,VERIFIED,LOW,23380.48,SALARIED,N,2025-11-23
104344,VERIFIED,HIGH,66366.77,SELF_EMPLOYED,N,2025-02-13
104345,VERIFIED,LOW,44005.66,SALARIED,N,2025-10-11
104346,VERIFIED,MEDIUM,33083.69,SALARIED,N,2025-01-03
104347,VERIFIED,MEDIUM,99183.67,SALARIED,N,2025-04-22
104348,VERIFIED,LOW,53830.64,SALARIED,N,2025-07-26
104349,VERIFIED,HIGH,157133.14,SELF_EMPLOYED,N,2026-08-15
104350,VERIFIED,LOW,46860.45,SALARIED,N,2025-01-20
104351,VERIFIED,MEDIUM,51267.67,STUDENT,N,2025-05-28
104352,VERIFIED,LOW,245123.53,SALARIED,N,2026-07-17
104353,VERIFIED,LOW,27499.62,SALARIED,N,2026-09-24
104354,VERIFIED,LOW,39760.88,SALARIED,N,2025-11-24
104355,VERIFIED,LOW,8880.44,SELF_EMPLOYED,N,2026-09-18
104356,VERIFIED,LOW,49490.67,SALARIED,N,2026-04-08
104357,VERIFIED,LOW,103673.49,STUDENT,N,2025-08-26
104358,EXPIRED,LOW,86367.24,SALARIED,N,2026-03-30
104359,VERIFIED,LOW,72674.25,SALARIED,N,2026-06-10
104360,EXPIRED,LOW,37437.05,SELF_EMPLOYED,N,2026-08-03
104361,VERIFIED,MEDIUM,58468.48,SALARIED,N,2025-09-30
104362,VERIFIED,LOW,51102.42,SELF_EMPLOYED,Y,2025-03-08
104363,VERIFIED,MEDIUM,65936.08,SALARIED,N,2026-03-31
104364,VERIFIED,MEDIUM,74104.54,PROFESSIONAL,N,2025-01-29
104365,VERIFIED,LOW,52679.71,SALARIED,N,2026-01-02
104366,VERIFIED,LOW,67203.75,SELF_EMPLOYED,N,2026-04-09
104367,VERIFIED,MEDIUM,62095.47,SALARIED,N,2025-12-08
104368,VERIFIED,LOW,42670.69,STUDENT,N,2026-06-18
104369,VERIFIED,LOW,69681.11,SALARIED,N,2026-06-14
104370,VERIFIED,LOW,28850.51,SALARIED,N,2025-01-08
104371,VERIFIED,LOW,74450.57,SALARIED,N,2026-04-04
104372,VERIFIED,LOW,32144.67,SALARIED,N,2025-12-18
104373,VERIFIED,MEDIUM,65082.39,SALARIED,N,2025-09-06
104374,VERIFIED,MEDIUM,89547.55,SALARIED,N,2025-09-17
104375,VERIFIED,LOW,36248.88,SALARIED,N,2026-07-09
104376,VERIFIED,MEDIUM,129488.59,SELF_EMPLOYED,N,2026-08-16
104377,VERIFIED,LOW,211582.07,SALARIED,N,2026-02-14
104378,VERIFIED,MEDIUM,43367.73,SALARIED,N,2026-03-30
104379,VERIFIED,MEDIUM,60229.36,SELF_EMPLOYED,N,2025-11-13
104380,VERIFIED,LOW,145473.97,SALARIED,N,2026-09-30
104381,VERIFIED,LOW,20562.59,STUDENT,N,2026-04-10
104382,VERIFIED,MEDIUM,67622.91,SALARIED,N,2025-08-17
104383,VERIFIED,LOW,54375.3,SALARIED,N,2026-07-16
104384,VERIFIED,LOW,118812.43,PROFESSIONAL,N,2025-04-02
104385,VERIFIED,MEDIUM,56424.82,SALARIED,N,2025-02-15
104386,VERIFIED,LOW,88767.78,PROFESSIONAL,N,2026-04-30
104387,VERIFIED,MEDIUM,38752.22,SALARIED,N,2026-03-15
104388,VERIFIED,LOW,122827.31,SALARIED,N,2026-05-04
104389,VERIFIED,MEDIUM,31919.12,SALARIED,N,2025-03-15
104390,VERIFIED,LOW,116544.81,SALARIED,N,2025-10-01
104391,VERIFIED,LOW,69530.87,SALARIED,N,2026-03-22
104392,VERIFIED,HIGH,14322.91,SELF_EMPLOYED,N,2025-05-04
104393,VERIFIED,LOW,68938.87,SELF_EMPLOYED,N,2026-05-07
104394,VERIFIED,MEDIUM,98176.61,SALARIED,N,2025-02-20
104395,VERIFIED,LOW,29759.91,SALARIED,N,2025-11-24
104396,PENDING,LOW,38156.45,SALARIED,N,2026-02-21
104397,VERIFIED,MEDIUM,70104.21,SALARIED,N,2026-06-17
104398,VERIFIED,MEDIUM,47452.84,SALARIED,N,2025-05-10
104399,PENDING,HIGH,81979.78,PROFESSIONAL,N,2026-06-30
104400,VERIFIED,MEDIUM,57756.3,SALARIED,N,2025-02-18
104401,VERIFIED,LOW,28062.68,SALARIED,N,2025-10-18
104402,PENDING,MEDIUM,300573.04,SALARIED,N,2026-02-19
104403,VERIFIED,MEDIUM,53055.94,STUDENT,N,2025-09-14
104404,VERIFIED,HIGH,71737.81,SELF_EMPLOYED,N,2026-02-10
104405,VERIFIED,MEDIUM,209412.92,SALARIED,N,2025-04-19
104406,VERIFIED,MEDIUM,115946.17,SELF_EMPLOYED,N,2025-12-11
104407,VERIFIED,MEDIUM,94455.15,STUDENT,N,2026-08-31
104408,VERIFIED,LOW,131606.13,SALARIED,N,2026-05-07
104409,VERIFIED,LOW,94697.43,SALARIED,N,2026-08-14
104410,VERIFIED,MEDIUM,94695.17,SALARIED,N,2025-08-21
104411,VERIFIED,LOW,95667.9,SALARIED,N,2025-04-25
104412,VERIFIED,LOW,59297.05,SALARIED,N,2025-12-03
104413,VERIFIED,LOW,133068.14,SALARIED,N,2025-02-01
104414,PENDING,LOW,102578.7,SALARIED,N,2026-09-13
104415,VERIFIED,MEDIUM,14842.28,PROFESSIONAL,N,2026-02-26
104416,VERIFIED,LOW,115040.06,RETIRED,N,2025-06-25
104417,VERIFIED,LOW,39508.22,SALARIED,N,2025-09-02
104418,VERIFIED,LOW,77489.5,PROFESSIONAL,N,2025-03-23
104419,VERIFIED,MEDIUM,22315.29,SALARIED,N,2026-07-24
104420,VERIFIED,LOW,45290.66,SALARIED,N,2025-09-07
104421,VERIFIED,LOW,52217.57,SELF_EMPLOYED,N,2026-08-23
104422,VERIFIED,LOW,93791.6,SALARIED,N,2025-11-24
104423,VERIFIED,HIGH,45161.23,SALARIED,N,2025-03-31
104424,VERIFIED,LOW,16190.56,SALARIED,N,2026-06-08
104425,VERIFIED,MEDIUM,48112.31,SALARIED,N,2025-05-17
104426,VERIFIED,LOW,51670.08,SALARIED,N,2025-11-13
104427,VERIFIED,LOW,99857.21,SALARIED,N,2025-02-06
104428,VERIFIED,MEDIUM,72856.35,SALARIED,Y,2026-03-05
104429,VERIFIED,LOW,40202.0,SALARIED,N,2026-06-26
104430,VERIFIED,LOW,79227.52,STUDENT,N,2026-01-25
104431,VERIFIED,LOW,217920.2,SALARIED,N,2026-02-08
104432,VERIFIED,LOW,141594.81,SALARIED,N,2025-10-21
104433,VERIFIED,LOW,19126.58,SELF_EMPLOYED,N,2026-09-07
104434,VERIFIED,LOW,330652.84,SALARIED,N,2026-06-03
104435,VERIFIED,LOW,142838.99,PROFESSIONAL,N,2025-05-28
104436,VERIFIED,LOW,185443.32,SALARIED,N,2025-03-19
104437,VERIFIED,LOW,24638.96,SALARIED,N,2026-01-18
104438,VERIFIED,MEDIUM,50550.53,SALARIED,N,2026-05-05
104439,VERIFIED,LOW,97006.15,STUDENT,N,2025-09-12
104440,VERIFIED,LOW,31919.64,SALARIED,N,2026-02-11
104441,VERIFIED,LOW,93255.05,PROFESSIONAL,N,2025-12-27
104442,VERIFIED,HIGH,191304.06,SALARIED,N,2026-09-07
104443,VERIFIED,LOW,53285.88,SALARIED,N,2025-07-09
104444,VERIFIED,LOW,200223.14,SALARIED,N,2025-07-08
104445,VERIFIED,HIGH,104466.5,PROFESSIONAL,N,2026-03-09
104446,VERIFIED,LOW,19768.78,SALARIED,N,2025-04-22
104447,VERIFIED,LOW,37617.03,SELF_EMPLOYED,N,2026-05-18
104448,VERIFIED,MEDIUM,135994.34,STUDENT,N,2025-07-08
104449,VERIFIED,LOW,33828.68,STUDENT,N,2025-10-22
104450,VERIFIED,LOW,133451.25,RETIRED,N,2025-06-07
104451,VERIFIED,LOW,98472.18,STUDENT,N,2026-04-08
104452,VERIFIED,HIGH,81073.25,SALARIED,N,2026-07-15
104453,VERIFIED,HIGH,45468.3,SALARIED,N,2026-03-27
104454,VERIFIED,LOW,80478.07,SALARIED,N,2026-02-22
104455,VERIFIED,LOW,197521.6,SALARIED,N,2026-10-02
104456,VERIFIED,LOW,51352.57,STUDENT,N,2025-11-27
104457,VERIFIED,HIGH,98378.23,SALARIED,N,2025-06-15
104458,VERIFIED,MEDIUM,243800.19,SALARIED,N,2026-05-01
104459,VERIFIED,LOW,78472.16,STUDENT,N,2025-10-01
104460,VERIFIED,HIGH,48102.41,SALARIED,N,2025-02-10
104461,VERIFIED,MEDIUM,47763.26,SALARIED,N,2026-01-27
104462,VERIFIED,LOW,17078.62,SALARIED,N,2025-09-04
104463,VERIFIED,MEDIUM,30108.57,PROFESSIONAL,N,2025-01-05
104464,EXPIRED,MEDIUM,82444.03,SALARIED,N,2025-08-14
104465,VERIFIED,LOW,124292.18,SALARIED,N,2026-04-15
104466,EXPIRED,MEDIUM,50163.05,SALARIED,N,2026-08-22
104467,VERIFIED,LOW,123257.27,SALARIED,N,2026-08-20
104468,VERIFIED,LOW,118321.2,SELF_EMPLOYED,N,2025-07-31
104469,VERIFIED,HIGH,40094.26,SALARIED,N,2026-07-29
104470,VERIFIED,HIGH,44924.72,SELF_EMPLOYED,N,2025-07-15
104471,VERIFIED,LOW,27584.53,SALARIED,N,2025-02-23
104472,VERIFIED,MEDIUM,107319.39,SALARIED,Y,2026-09-04
104473,VERIFIED,MEDIUM,66332.4,SALARIED,N,2025-09-27
104474,VERIFIED,MEDIUM,117829.79,SALARIED,N,2026-06-22
104475,VERIFIED,LOW,63652.44,SALARIED,N,2026-07-19
104476,VERIFIED,HIGH,35904.97,PROFESSIONAL,N,2026-04-26
104477,VERIFIED,MEDIUM,109846.29,SALARIED,N,2025-09-06
104478,EXPIRED,MEDIUM,18251.74,SELF_EMPLOYED,N,2025-02-06
104479,VERIFIED,LOW,53149.88,PROFESSIONAL,N,2026-06-23
104480,VERIFIED,LOW,40001.69,SELF_EMPLOYED,N,2025-06-11
104481,EXPIRED,LOW,178367.85,STUDENT,N,2026-08-17
104482,EXPIRED,LOW,206353.35,SALARIED,N,2025-05-09
104483,VERIFIED,MEDIUM,87120.6,SALARIED,N,2025-02-24
104484,VERIFIED,LOW,45422.55,SALARIED,N,2026-07-07
104485,VERIFIED,LOW,202553.7,SALARIED,N,2025-03-09
104486,VERIFIED,LOW,42026.46,SALARIED,N,2026-08-31
104487,VERIFIED,MEDIUM,26912.77,SELF_EMPLOYED,N,2025-05-12
104488,VERIFIED,LOW,18185.37,SALARIED,N,2026-03-17
104489,VERIFIED,MEDIUM,70722.89,SELF_EMPLOYED,N,2025-08-04
104490,VERIFIED,LOW,21704.17,SALARIED,N,2026-07-10
104491,VERIFIED,LOW,166419.5,SALARIED,N,2025-06-22
104492,VERIFIED,LOW,45374.69,SALARIED,N,2025-11-08
104493,VERIFIED,LOW,28676.92,STUDENT,N,2026-02-24
104494,VERIFIED,MEDIUM,136649.7,RETIRED,N,2025-03-30
104495,VERIFIED,MEDIUM,116928.45,SALARIED,N,2025-09-13
104496,VERIFIED,LOW,195090.64,SALARIED,N,2026-04-26
104497,VERIFIED,MEDIUM,21923.48,SALARIED,N,2026-10-09
104498,VERIFIED,HIGH,19118.66,SELF_EMPLOYED,N,2026-07-29
104499,VERIFIED,MEDIUM,182491.24,SALARIED,N,2026-09-28
104500,VERIFIED,MEDIUM,10678.11,SALARIED,N,2026-07-17
104501,VERIFIED,LOW,30029.41,SALARIED,N,2026-04-21
104502,VERIFIED,LOW,68594.08,SALARIED,N,2025-05-14
104503,VERIFIED,LOW,27885.51,SALARIED,N,2025-04-24
104504,VERIFIED,LOW,75912.81,SALARIED,N,2026-09-17
104505,VERIFIED,LOW,31362.49,SALARIED,N,2025-03-20
104506,VERIFIED,LOW,153054.94,SALARIED,N,2025-10-15
104507,VERIFIED,LOW,105511.5,SALARIED,N,2025-04-25
104508,VERIFIED,LOW,79126.89,RETIRED,N,2025-11-18
104509,VERIFIED,MEDIUM,52536.16,SALARIED,N,2025-08-03
104510,VERIFIED,LOW,33800.75,STUDENT,N,2025-11-18
104511,EXPIRED,LOW,60623.68,SELF_EMPLOYED,N,2026-07-07
104512,VERIFIED,LOW,29711.64,PROFESSIONAL,N,2025-05-27
104513,VERIFIED,LOW,230043.82,SALARIED,N,2026-09-15
104514,VERIFIED,LOW,81432.24,STUDENT,N,2025-11-16
104515,VERIFIED,LOW,37587.65,SALARIED,N,2025-08-25
104516,VERIFIED,LOW,183103.9,SALARIED,N,2026-01-12
104517,VERIFIED,LOW,64215.11,SALARIED,N,2026-06-06
104518,VERIFIED,LOW,164258.43,SALARIED,N,2026-09-01
104519,VERIFIED,LOW,161057.21,SALARIED,N,2025-05-21
104520,VERIFIED,HIGH,87878.56,PROFESSIONAL,Y,2026-09-17
104521,VERIFIED,LOW,28995.31,SELF_EMPLOYED,N,2026-03-06
104522,VERIFIED,LOW,45373.1,STUDENT,N,2025-05-26
104523,VERIFIED,LOW,682089.81,SELF_EMPLOYED,N,2025-03-08
104524,VERIFIED,MEDIUM,46246.2,SALARIED,N,2025-03-31
104525,VERIFIED,LOW,55978.38,SALARIED,N,2025-02-26
104526,VERIFIED,LOW,48692.22,SALARIED,N,2025-05-17
104527,VERIFIED,LOW,35927.21,STUDENT,N,2026-05-23
104528,VERIFIED,MEDIUM,104565.37,SELF_EMPLOYED,N,2025-07-20
104529,VERIFIED,LOW,27714.54,SALARIED,N,2025-08-11
104530,VERIFIED,LOW,38560.35,SELF_EMPLOYED,N,2025-12-18
104531,VERIFIED,LOW,80873.48,PROFESSIONAL,N,2025-05-10
104532,VERIFIED,MEDIUM,56224.49,STUDENT,N,2025-10-21
104533,VERIFIED,LOW,73571.12,SELF_EMPLOYED,N,2025-09-08
104534,PENDING,LOW,64850.43,SELF_EMPLOYED,N,2025-01-07
104535,VERIFIED,LOW,30886.05,SALARIED,N,2026-06-24
104536,VERIFIED,LOW,171438.14,SALARIED,N,2025-02-01
104537,VERIFIED,LOW,139101.49,SALARIED,N,2026-05-06
104538,VERIFIED,MEDIUM,35555.8,SELF_EMPLOYED,N,2026-04-20
104539,VERIFIED,LOW,90210.08,STUDENT,N,2025-08-31
104540,VERIFIED,LOW,48103.7,SELF_EMPLOYED,N,2026-06-20
104541,VERIFIED,LOW,133811.25,RETIRED,N,2025-12-15
104542,VERIFIED,LOW,115648.71,SELF_EMPLOYED,N,2026-05-27
104543,VERIFIED,LOW,149707.81,SELF_EMPLOYED,N,2026-06-02
104544,VERIFIED,LOW,35748.64,SALARIED,N,2025-01-04
104545,VERIFIED,MEDIUM,27429.75,SELF_EMPLOYED,N,2026-03-15
104546,VERIFIED,HIGH,19771.19,SALARIED,N,2025-10-28
104547,VERIFIED,LOW,376574.69,SALARIED,N,2025-04-05
104548,VERIFIED,MEDIUM,119251.07,SELF_EMPLOYED,N,2026-08-31
104549,VERIFIED,MEDIUM,148631.18,SELF_EMPLOYED,N,2025-08-05
104550,VERIFIED,LOW,26057.46,STUDENT,N,2026-10-09
104551,VERIFIED,MEDIUM,100014.33,SALARIED,N,2025-12-23
104552,VERIFIED,LOW,21610.42,SALARIED,N,2026-09-29
104553,VERIFIED,LOW,88950.01,SALARIED,N,2026-03-08
104554,VERIFIED,LOW,67057.49,SALARIED,N,2026-07-25
104555,VERIFIED,LOW,54508.65,SALARIED,N,2025-03-02
104556,VERIFIED,LOW,46520.51,SALARIED,N,2026-02-20
104557,VERIFIED,LOW,142096.35,PROFESSIONAL,N,2026-04-27
104558,VERIFIED,LOW,47102.94,SALARIED,N,2026-07-23
104559,VERIFIED,LOW,159482.07,RETIRED,N,2026-10-01
104560,VERIFIED,LOW,64165.27,SALARIED,N,2026-08-15
104561,VERIFIED,LOW,84362.76,SELF_EMPLOYED,N,2025-12-04
104562,VERIFIED,MEDIUM,94625.3,PROFESSIONAL,N,2026-01-11
104563,VERIFIED,HIGH,89213.22,SALARIED,N,2026-10-09
104564,VERIFIED,LOW,76764.53,SALARIED,N,2025-03-29
104565,VERIFIED,HIGH,268120.39,SELF_EMPLOYED,N,2025-10-21
104566,VERIFIED,HIGH,137821.74,SALARIED,N,2025-04-24
104567,VERIFIED,LOW,12558.57,SALARIED,N,2026-01-02
104568,VERIFIED,MEDIUM,57795.0,SELF_EMPLOYED,N,2026-03-22
104569,VERIFIED,MEDIUM,173848.64,SALARIED,N,2025-01-20
104570,VERIFIED,MEDIUM,39006.28,RETIRED,N,2026-02-18
104571,VERIFIED,LOW,66371.3,SALARIED,N,2026-07-28
104572,VERIFIED,MEDIUM,69673.07,SALARIED,N,2025-09-29
104573,VERIFIED,LOW,186250.88,SELF_EMPLOYED,N,2026-08-23
104574,VERIFIED,MEDIUM,33511.26,SELF_EMPLOYED,N,2025-03-14
104575,VERIFIED,LOW,36786.07,SALARIED,N,2025-01-31
104576,VERIFIED,MEDIUM,91912.04,SALARIED,N,2025-05-24
104577,VERIFIED,MEDIUM,82789.51,SALARIED,N,2026-08-08
104578,VERIFIED,LOW,92905.83,SALARIED,N,2026-10-11
104579,VERIFIED,LOW,81590.68,SALARIED,N,2025-05-05
104580,VERIFIED,LOW,61265.64,SALARIED,N,2025-01-06
104581,VERIFIED,LOW,95243.92,SALARIED,N,2026-03-25
104582,EXPIRED,HIGH,75620.4,SELF_EMPLOYED,N,2026-06-25
104583,VERIFIED,MEDIUM,56279.61,SALARIED,N,2025-09-12
104584,VERIFIED,MEDIUM,63499.52,SALARIED,N,2026-02-03
104585,VERIFIED,MEDIUM,46594.51,STUDENT,N,2026-07-17
104586,VERIFIED,LOW,41766.34,SALARIED,N,2025-01-27
104587,VERIFIED,LOW,95075.38,SALARIED,N,2026-07-25
104588,VERIFIED,LOW,28298.16,SALARIED,N,2025-10-03
104589,VERIFIED,LOW,103546.37,SALARIED,N,2026-08-25
104590,VERIFIED,MEDIUM,55743.31,SALARIED,N,2026-06-14
104591,VERIFIED,MEDIUM,61879.34,STUDENT,N,2025-04-03
104592,VERIFIED,LOW,58969.9,SALARIED,N,2026-02-06
104593,VERIFIED,LOW,91775.65,SALARIED,N,2025-07-02
104594,VERIFIED,LOW,173183.8,SALARIED,N,2026-08-25
104595,VERIFIED,MEDIUM,213695.39,SALARIED,N,2026-09-18
104596,VERIFIED,LOW,130738.18,SALARIED,N,2026-09-18
104597,PENDING,LOW,69636.49,PROFESSIONAL,N,2025-06-17
104598,EXPIRED,MEDIUM,111258.1,SALARIED,N,2026-06-22
104599,VERIFIED,MEDIUM,17778.25,SELF_EMPLOYED,N,2025-03-11
104600,VERIFIED,LOW,98235.96,SALARIED,N,2026-04-17
104601,VERIFIED,LOW,85245.4,SELF_EMPLOYED,N,2025-03-14
104602,VERIFIED,LOW,24244.35,RETIRED,N,2025-03-12
104603,PENDING,MEDIUM,45355.33,SALARIED,N,2026-09-03
104604,VERIFIED,HIGH,79256.38,SALARIED,N,2026-05-13
104605,VERIFIED,LOW,84803.44,SALARIED,N,2025-02-06
104606,VERIFIED,LOW,123275.47,SALARIED,N,2026-02-19
104607,VERIFIED,HIGH,195889.63,SALARIED,N,2026-05-21
104608,EXPIRED,LOW,60055.64,SALARIED,N,2025-09-04
104609,VERIFIED,LOW,31581.21,SALARIED,N,2026-06-08
104610,VERIFIED,LOW,112899.89,SALARIED,N,2026-05-27
104611,PENDING,LOW,152833.77,SALARIED,N,2025-08-03
104612,VERIFIED,MEDIUM,150828.03,SALARIED,N,2025-10-16
104613,VERIFIED,LOW,89858.37,SELF_EMPLOYED,N,2025-07-29
104614,VERIFIED,MEDIUM,242776.56,SALARIED,N,2026-04-02
104615,VERIFIED,MEDIUM,55379.05,SALARIED,N,2026-06-22
104616,VERIFIED,MEDIUM,187131.5,SALARIED,N,2026-04-06
104617,VERIFIED,LOW,31127.45,SELF_EMPLOYED,N,2025-09-13
104618,PENDING,LOW,15169.04,SALARIED,N,2026-05-10
104619,VERIFIED,MEDIUM,30792.99,PROFESSIONAL,N,2026-08-15
104620,VERIFIED,LOW,45549.19,SELF_EMPLOYED,N,2025-08-14
104621,VERIFIED,LOW,66201.11,SALARIED,N,2026-08-13
104622,EXPIRED,MEDIUM,36090.37,SALARIED,N,2025-04-30
104623,VERIFIED,MEDIUM,71901.45,STUDENT,N,2026-08-09
104624,EXPIRED,LOW,100753.18,SALARIED,N,2026-04-19
104625,VERIFIED,LOW,83219.43,SELF_EMPLOYED,N,2026-01-18
104626,VERIFIED,LOW,60503.37,SELF_EMPLOYED,N,2025-09-16
104627,VERIFIED,LOW,144596.94,SALARIED,N,2026-04-28
104628,VERIFIED,LOW,39328.82,SELF_EMPLOYED,N,2026-09-25
104629,VERIFIED,HIGH,56569.24,SALARIED,N,2026-07-26
104630,VERIFIED,MEDIUM,46282.24,SELF_EMPLOYED,N,2026-10-11
104631,VERIFIED,MEDIUM,101144.42,PROFESSIONAL,N,2026-10-07
104632,VERIFIED,LOW,50183.2,PROFESSIONAL,N,2026-09-07
104633,VERIFIED,MEDIUM,85828.44,SALARIED,N,2026-01-03
104634,VERIFIED,LOW,112489.6,PROFESSIONAL,N,2025-11-02
104635,VERIFIED,MEDIUM,47597.43,SELF_EMPLOYED,N,2025-09-15
104636,VERIFIED,LOW,23413.77,SALARIED,N,2026-09-07
104637,VERIFIED,LOW,57159.63,SALARIED,N,2025-09-16
104638,VERIFIED,LOW,39452.25,SALARIED,N,2025-01-25
104639,VERIFIED,LOW,43583.97,PROFESSIONAL,N,2025-05-09
104640,VERIFIED,LOW,13276.38,SELF_EMPLOYED,N,2026-02-24
104641,VERIFIED,MEDIUM,23080.27,PROFESSIONAL,N,2026-01-19
104642,VERIFIED,MEDIUM,111300.18,PROFESSIONAL,N,2026-09-28
104643,VERIFIED,LOW,35978.48,STUDENT,N,2026-09-20
104644,VERIFIED,MEDIUM,140274.67,STUDENT,N,2025-01-08
104645,VERIFIED,LOW,41558.01,SALARIED,N,2026-06-16
104646,EXPIRED,LOW,90771.29,SALARIED,N,2026-05-10
104647,VERIFIED,LOW,56129.52,SALARIED,N,2026-07-06
104648,PENDING,LOW,100938.19,SELF_EMPLOYED,N,2026-01-21
104649,VERIFIED,MEDIUM,56119.96,SELF_EMPLOYED,N,2026-02-17
104650,PENDING,LOW,76009.86,RETIRED,N,2025-02-14
104651,VERIFIED,MEDIUM,147272.64,SELF_EMPLOYED,N,2025-12-13
104652,VERIFIED,MEDIUM,89876.18,SELF_EMPLOYED,N,2025-05-18
104653,VERIFIED,MEDIUM,42305.2,STUDENT,N,2025-05-16
104654,VERIFIED,HIGH,19583.41,PROFESSIONAL,N,2025-03-30
104655,VERIFIED,LOW,61647.38,SALARIED,N,2025-12-06
104656,VERIFIED,LOW,87526.42,SALARIED,N,2026-04-29
104657,VERIFIED,MEDIUM,73136.71,RETIRED,N,2025-02-27
104658,VERIFIED,LOW,37399.22,SELF_EMPLOYED,N,2026-05-24
104659,VERIFIED,MEDIUM,73026.88,SALARIED,N,2026-09-21
104660,VERIFIED,MEDIUM,101609.48,SALARIED,N,2026-09-25
104661,EXPIRED,MEDIUM,163702.09,PROFESSIONAL,N,2026-03-16
104662,VERIFIED,LOW,57132.21,PROFESSIONAL,N,2026-05-18
104663,VERIFIED,LOW,326772.31,PROFESSIONAL,N,2025-02-03
104664,VERIFIED,MEDIUM,170180.5,SALARIED,N,2026-05-24
104665,VERIFIED,LOW,73819.68,PROFESSIONAL,N,2026-02-06
104666,VERIFIED,LOW,78437.46,RETIRED,N,2025-10-13
104667,VERIFIED,MEDIUM,163211.43,SELF_EMPLOYED,N,2026-07-07
104668,VERIFIED,LOW,35379.5,SELF_EMPLOYED,N,2025-04-11
104669,VERIFIED,MEDIUM,39280.69,SALARIED,N,2026-04-04
104670,VERIFIED,LOW,28647.72,SALARIED,N,2025-10-03
104671,VERIFIED,HIGH,56058.75,SALARIED,N,2026-06-18
104672,VERIFIED,LOW,37834.96,SALARIED,N,2025-03-10
104673,VERIFIED,LOW,52537.35,SALARIED,N,2025-04-12
104674,VERIFIED,MEDIUM,64696.12,SELF_EMPLOYED,N,2026-07-05
104675,VERIFIED,MEDIUM,27011.16,SALARIED,N,2026-02-03
104676,VERIFIED,LOW,160821.32,RETIRED,N,2025-10-17
104677,VERIFIED,LOW,143591.59,STUDENT,N,2026-04-14
104678,PENDING,LOW,49072.22,SALARIED,N,2026-06-01
104679,VERIFIED,LOW,173373.89,STUDENT,N,2025-11-18
104680,VERIFIED,LOW,85178.62,SALARIED,N,2026-09-12
104681,PENDING,LOW,135191.03,STUDENT,N,2026-07-31
104682,VERIFIED,LOW,27398.8,SELF_EMPLOYED,N,2025-08-18
104683,VERIFIED,MEDIUM,53176.42,SALARIED,N,2025-11-06
104684,VERIFIED,MEDIUM,99542.68,SELF_EMPLOYED,N,2025-05-15
104685,EXPIRED,LOW,59483.08,SELF_EMPLOYED,N,2025-05-15
104686,VERIFIED,MEDIUM,59023.01,PROFESSIONAL,N,2025-06-09
104687,VERIFIED,LOW,61578.24,PROFESSIONAL,N,2025-01-16
104688,VERIFIED,LOW,84351.54,PROFESSIONAL,N,2026-04-29
104689,VERIFIED,LOW,71143.34,SELF_EMPLOYED,N,2025-03-20
104690,VERIFIED,MEDIUM,182180.9,STUDENT,N,2025-06-06
104691,PENDING,MEDIUM,34782.7,PROFESSIONAL,N,2025-10-02
104692,VERIFIED,LOW,70364.09,PROFESSIONAL,N,2025-08-06
104693,VERIFIED,LOW,104563.22,SALARIED,N,2026-06-03
104694,EXPIRED,LOW,29484.32,RETIRED,N,2026-02-01
104695,VERIFIED,HIGH,52923.15,STUDENT,N,2025-02-23
104696,VERIFIED,MEDIUM,74088.02,SALARIED,N,2025-10-17
104697,VERIFIED,LOW,175760.84,STUDENT,N,2026-04-30
104698,PENDING,MEDIUM,72305.38,SALARIED,N,2025-05-19
104699,EXPIRED,LOW,108303.76,SELF_EMPLOYED,N,2025-03-22
104700,VERIFIED,LOW,113011.89,PROFESSIONAL,N,2025-11-10
104701,VERIFIED,LOW,11033.92,SALARIED,N,2025-11-05
104702,VERIFIED,LOW,69720.39,SELF_EMPLOYED,N,2025-10-17
104703,VERIFIED,LOW,49851.12,PROFESSIONAL,N,2026-02-15
104704,VERIFIED,MEDIUM,175791.55,STUDENT,N,2026-03-02
104705,VERIFIED,MEDIUM,104206.53,SELF_EMPLOYED,N,2025-08-15
104706,VERIFIED,HIGH,116842.47,SALARIED,N,2025-09-20
104707,VERIFIED,LOW,92758.91,PROFESSIONAL,N,2026-07-04
104708,VERIFIED,LOW,70835.03,SALARIED,N,2026-06-10
104709,VERIFIED,LOW,113904.54,SELF_EMPLOYED,N,2025-04-21
104710,PENDING,LOW,65260.09,SELF_EMPLOYED,N,2025-06-03
104711,VERIFIED,LOW,152478.59,STUDENT,N,2026-01-14
104712,VERIFIED,MEDIUM,33028.89,SALARIED,N,2025-11-25
104713,VERIFIED,LOW,129911.76,PROFESSIONAL,N,2026-02-08
104714,VERIFIED,HIGH,52271.66,SELF_EMPLOYED,N,2026-06-05
104715,VERIFIED,MEDIUM,102913.75,SELF_EMPLOYED,N,2025-08-22
104716,PENDING,LOW,23822.19,SELF_EMPLOYED,N,2025-06-24
104717,VERIFIED,LOW,78850.01,SALARIED,N,2025-01-02
104718,VERIFIED,MEDIUM,59980.3,PROFESSIONAL,N,2025-06-03
104719,VERIFIED,LOW,64249.46,SALARIED,N,2026-09-19
104720,VERIFIED,LOW,20975.28,RETIRED,N,2026-01-08
104721,VERIFIED,LOW,67600.76,SALARIED,N,2026-07-24
104722,VERIFIED,MEDIUM,71991.05,RETIRED,N,2025-12-17
104723,VERIFIED,LOW,20784.34,SALARIED,N,2026-08-31
104724,VERIFIED,LOW,31321.1,SALARIED,N,2026-09-11
104725,VERIFIED,HIGH,73313.38,SELF_EMPLOYED,N,2025-08-02
104726,VERIFIED,MEDIUM,86205.43,SALARIED,N,2026-06-08
104727,VERIFIED,MEDIUM,64029.54,SELF_EMPLOYED,N,2025-03-23
104728,VERIFIED,MEDIUM,68132.1,SELF_EMPLOYED,N,2025-07-19
104729,PENDING,HIGH,67338.33,SALARIED,N,2025-10-06
104730,VERIFIED,MEDIUM,46436.81,PROFESSIONAL,N,2025-04-03
104731,VERIFIED,MEDIUM,58932.39,SALARIED,N,2025-02-06
104732,VERIFIED,LOW,26608.18,SELF_EMPLOYED,N,2025-06-13
104733,VERIFIED,MEDIUM,45250.62,SELF_EMPLOYED,N,2025-08-05
104734,EXPIRED,MEDIUM,64371.47,SELF_EMPLOYED,N,2025-09-20
104735,VERIFIED,LOW,147762.21,SALARIED,N,2026-01-06
104736,VERIFIED,MEDIUM,61140.44,PROFESSIONAL,N,2025-02-28
104737,VERIFIED,LOW,252694.58,SALARIED,N,2026-03-06
104738,VERIFIED,LOW,231995.98,SALARIED,N,2025-06-23
104739,VERIFIED,LOW,69238.07,SALARIED,N,2026-06-15
104740,VERIFIED,MEDIUM,50566.97,SALARIED,N,2026-06-06
104741,VERIFIED,LOW,288634.83,STUDENT,N,2026-01-24
104742,VERIFIED,LOW,107462.8,SELF_EMPLOYED,N,2026-01-11
104743,VERIFIED,MEDIUM,88001.16,SALARIED,N,2025-08-30
104744,VERIFIED,LOW,41399.71,PROFESSIONAL,N,2025-01-26
104745,VERIFIED,HIGH,50117.23,SELF_EMPLOYED,N,2026-01-21
104746,VERIFIED,LOW,34533.37,SALARIED,N,2025-01-06
104747,VERIFIED,HIGH,174067.17,PROFESSIONAL,N,2026-07-08
104748,VERIFIED,LOW,91674.77,PROFESSIONAL,N,2025-09-08
104749,PENDING,LOW,54084.78,SALARIED,N,2025-12-24
104750,PENDING,LOW,48679.78,PROFESSIONAL,N,2025-01-28
104751,EXPIRED,LOW,34740.67,SALARIED,N,2025-08-08
104752,VERIFIED,MEDIUM,63234.56,SALARIED,N,2025-07-19
104753,VERIFIED,LOW,73936.24,SALARIED,N,2026-01-01
104754,VERIFIED,LOW,15076.96,SALARIED,N,2025-05-30
104755,VERIFIED,MEDIUM,35357.82,SALARIED,N,2025-06-22
104756,EXPIRED,LOW,42626.65,SALARIED,N,2025-11-11
104757,VERIFIED,LOW,133995.88,SALARIED,N,2026-01-06
104758,VERIFIED,MEDIUM,46168.16,RETIRED,N,2025-12-28
104759,VERIFIED,LOW,20612.7,SALARIED,N,2025-08-02
104760,VERIFIED,LOW,32350.43,PROFESSIONAL,N,2026-03-21
104761,VERIFIED,LOW,202985.56,PROFESSIONAL,N,2025-03-26
104762,VERIFIED,LOW,51932.22,SALARIED,N,2025-10-03
104763,VERIFIED,LOW,33691.46,SALARIED,N,2026-09-26
104764,PENDING,LOW,22296.26,SELF_EMPLOYED,N,2026-01-25
104765,VERIFIED,LOW,67229.33,SALARIED,N,2025-04-07
104766,VERIFIED,LOW,71993.45,PROFESSIONAL,N,2026-02-05
104767,VERIFIED,LOW,88143.32,SALARIED,N,2026-06-14
104768,VERIFIED,MEDIUM,389411.43,SALARIED,N,2025-08-04
104769,VERIFIED,MEDIUM,29626.82,SELF_EMPLOYED,N,2025-05-06
104770,VERIFIED,LOW,52052.34,SALARIED,N,2025-07-10
104771,VERIFIED,LOW,80024.07,SALARIED,N,2026-05-06
104772,VERIFIED,LOW,49790.37,SALARIED,N,2026-03-10
104773,VERIFIED,LOW,17280.46,SALARIED,N,2026-02-26
104774,VERIFIED,LOW,92259.52,PROFESSIONAL,N,2025-05-27
104775,EXPIRED,MEDIUM,43897.86,SELF_EMPLOYED,N,2025-02-07
104776,VERIFIED,LOW,33137.52,STUDENT,N,2025-02-10
104777,VERIFIED,MEDIUM,37021.5,PROFESSIONAL,N,2025-11-17
104778,PENDING,MEDIUM,181363.29,STUDENT,Y,2025-02-04
104779,VERIFIED,MEDIUM,153947.89,SALARIED,N,2026-09-03
104780,VERIFIED,MEDIUM,32557.06,SELF_EMPLOYED,N,2025-08-06
104781,VERIFIED,LOW,21468.37,PROFESSIONAL,N,2025-12-20
104782,VERIFIED,LOW,118650.37,PROFESSIONAL,N,2026-09-27
104783,VERIFIED,LOW,252163.78,PROFESSIONAL,N,2025-11-18
104784,VERIFIED,LOW,301416.73,SALARIED,N,2025-11-18
104785,PENDING,LOW,26360.71,SALARIED,N,2025-02-21
104786,VERIFIED,LOW,159947.86,SALARIED,N,2025-07-24
104787,VERIFIED,MEDIUM,65941.03,SALARIED,N,2025-02-19
104788,VERIFIED,LOW,18875.74,SALARIED,N,2026-03-11
104789,VERIFIED,LOW,37845.23,SALARIED,N,2025-11-07
104790,VERIFIED,MEDIUM,39705.57,SALARIED,N,2025-04-03
104791,VERIFIED,LOW,90134.89,SALARIED,N,2026-10-05
104792,VERIFIED,LOW,27214.57,PROFESSIONAL,N,2026-07-19
104793,VERIFIED,LOW,122223.8,PROFESSIONAL,N,2025-01-28
104794,VERIFIED,LOW,90134.0,SALARIED,N,2026-10-09
104795,VERIFIED,MEDIUM,128418.64,PROFESSIONAL,N,2026-02-27
104796,VERIFIED,MEDIUM,43082.45,STUDENT,N,2026-02-10
104797,VERIFIED,MEDIUM,85625.07,SALARIED,N,2026-07-27
104798,VERIFIED,LOW,33748.09,PROFESSIONAL,N,2025-03-20
104799,VERIFIED,MEDIUM,102729.74,SALARIED,N,2026-08-19
104800,VERIFIED,MEDIUM,56712.42,SALARIED,N,2026-08-25
104801,VERIFIED,MEDIUM,60447.65,SALARIED,N,2026-04-19
104802,VERIFIED,LOW,64778.54,SELF_EMPLOYED,N,2025-03-14
104803,VERIFIED,LOW,21335.0,SALARIED,N,2025-12-23
104804,VERIFIED,LOW,143399.85,SALARIED,N,2025-03-28
104805,VERIFIED,LOW,69833.02,SELF_EMPLOYED,N,2025-07-10
104806,VERIFIED,MEDIUM,143775.91,STUDENT,N,2026-04-12
104807,VERIFIED,MEDIUM,137048.83,PROFESSIONAL,N,2025-09-10
104808,VERIFIED,MEDIUM,39001.84,SALARIED,N,2026-04-16
104809,VERIFIED,LOW,55525.17,STUDENT,N,2025-11-06
104810,EXPIRED,LOW,24148.41,SALARIED,N,2025-05-27
104811,VERIFIED,HIGH,146807.1,STUDENT,N,2025-09-22
104812,VERIFIED,LOW,81715.64,SALARIED,N,2026-03-21
104813,VERIFIED,LOW,75414.57,STUDENT,N,2026-06-14
104814,VERIFIED,LOW,55301.61,SALARIED,N,2026-08-26
104815,VERIFIED,MEDIUM,35230.09,SALARIED,N,2026-08-25
104816,VERIFIED,LOW,152323.19,PROFESSIONAL,N,2026-06-27
104817,VERIFIED,LOW,243668.0,SELF_EMPLOYED,N,2025-09-02
104818,VERIFIED,MEDIUM,156217.88,SELF_EMPLOYED,N,2025-06-22
104819,VERIFIED,MEDIUM,59349.75,SELF_EMPLOYED,N,2025-11-06
104820,VERIFIED,LOW,85272.51,SALARIED,N,2025-08-13
104821,VERIFIED,LOW,132648.05,SALARIED,N,2026-04-03
104822,VERIFIED,LOW,70344.58,SALARIED,N,2026-09-27
104823,VERIFIED,LOW,234214.56,SELF_EMPLOYED,N,2026-09-17
104824,VERIFIED,LOW,148961.92,SALARIED,N,2025-10-29
104825,VERIFIED,LOW,404564.52,SALARIED,N,2025-10-29
104826,VERIFIED,MEDIUM,75075.58,SALARIED,N,2026-07-13
104827,VERIFIED,MEDIUM,13771.59,SALARIED,N,2026-03-09
104828,VERIFIED,LOW,69334.88,SALARIED,N,2025-01-21
104829,VERIFIED,LOW,51700.93,SALARIED,N,2025-05-24
104830,VERIFIED,LOW,74034.21,SALARIED,N,2025-01-22
104831,VERIFIED,LOW,210866.63,PROFESSIONAL,N,2025-02-07
104832,VERIFIED,LOW,46527.62,SALARIED,N,2025-04-19
104833,VERIFIED,LOW,38540.57,SALARIED,N,2025-10-23
104834,VERIFIED,LOW,43458.22,SALARIED,N,2025-06-27
104835,PENDING,LOW,268388.01,SALARIED,N,2026-01-21
104836,EXPIRED,MEDIUM,49045.55,RETIRED,N,2026-07-29
104837,VERIFIED,LOW,78326.52,PROFESSIONAL,N,2025-03-01
104838,VERIFIED,LOW,219740.73,SALARIED,N,2025-04-04
104839,VERIFIED,LOW,101859.15,SALARIED,N,2026-01-11
104840,VERIFIED,LOW,15284.12,SALARIED,N,2026-06-18
104841,VERIFIED,LOW,48336.1,PROFESSIONAL,N,2026-02-24
104842,VERIFIED,LOW,43289.71,SALARIED,N,2026-03-26
104843,VERIFIED,LOW,21316.09,SALARIED,N,2026-08-27
104844,VERIFIED,LOW,48553.05,SELF_EMPLOYED,N,2025-11-02
104845,VERIFIED,LOW,11277.8,SELF_EMPLOYED,N,2025-07-06
104846,VERIFIED,LOW,81737.88,SALARIED,N,2025-12-07
104847,EXPIRED,MEDIUM,66492.06,SALARIED,N,2026-06-20
104848,VERIFIED,MEDIUM,41760.46,SELF_EMPLOYED,N,2026-01-13
104849,VERIFIED,LOW,20411.69,SELF_EMPLOYED,N,2026-09-20
104850,VERIFIED,LOW,163803.21,SALARIED,N,2025-07-17
104851,VERIFIED,MEDIUM,45732.75,RETIRED,N,2026-03-06
104852,VERIFIED,LOW,135053.53,SALARIED,N,2026-06-03
104853,VERIFIED,LOW,60976.08,SALARIED,N,2025-11-17
104854,VERIFIED,MEDIUM,170853.5,SELF_EMPLOYED,N,2025-04-20
104855,VERIFIED,LOW,96750.24,SELF_EMPLOYED,N,2026-08-19
104856,VERIFIED,LOW,71144.83,PROFESSIONAL,N,2025-04-19
104857,VERIFIED,MEDIUM,38338.01,SALARIED,N,2025-12-13
104858,VERIFIED,LOW,153949.1,STUDENT,N,2026-02-06
104859,VERIFIED,LOW,57899.9,SALARIED,N,2025-05-15
104860,EXPIRED,LOW,38960.65,SALARIED,N,2025-07-28
104861,VERIFIED,HIGH,59741.33,STUDENT,N,2026-02-09
104862,VERIFIED,MEDIUM,64215.1,SALARIED,N,2025-01-10
104863,VERIFIED,LOW,116796.45,PROFESSIONAL,N,2026-05-10
104864,VERIFIED,LOW,19470.1,PROFESSIONAL,N,2026-02-22
104865,VERIFIED,LOW,311458.19,SELF_EMPLOYED,N,2026-05-02
104866,VERIFIED,LOW,89426.98,SALARIED,N,2026-06-08
104867,VERIFIED,LOW,65491.02,SALARIED,N,2026-05-31
104868,VERIFIED,HIGH,88309.16,PROFESSIONAL,N,2026-03-09
104869,VERIFIED,MEDIUM,24453.92,SALARIED,N,2025-10-15
104870,VERIFIED,HIGH,71726.88,SALARIED,N,2025-11-05
104871,VERIFIED,LOW,100984.82,SALARIED,N,2026-04-09
104872,VERIFIED,LOW,54640.15,SALARIED,N,2026-03-26
104873,VERIFIED,HIGH,92997.82,SALARIED,N,2025-02-27
104874,VERIFIED,MEDIUM,110803.47,SALARIED,Y,2025-10-13
104875,VERIFIED,LOW,41212.84,PROFESSIONAL,Y,2026-05-01
104876,VERIFIED,LOW,149000.24,SALARIED,N,2026-02-23
104877,VERIFIED,MEDIUM,63629.61,PROFESSIONAL,N,2025-02-04
104878,VERIFIED,LOW,228488.34,SELF_EMPLOYED,N,2025-09-29
104879,PENDING,MEDIUM,154991.57,RETIRED,N,2026-06-21
104880,VERIFIED,MEDIUM,86179.13,SALARIED,N,2026-04-21
104881,VERIFIED,LOW,39039.05,PROFESSIONAL,N,2025-03-14
104882,VERIFIED,LOW,61543.87,SALARIED,N,2026-09-13
104883,VERIFIED,LOW,127400.99,STUDENT,N,2025-05-10
104884,VERIFIED,MEDIUM,45993.06,STUDENT,N,2026-05-01
104885,VERIFIED,LOW,87706.58,PROFESSIONAL,N,2026-07-08
104886,VERIFIED,LOW,94390.85,SALARIED,N,2026-01-23
104887,VERIFIED,LOW,61506.59,SALARIED,N,2025-03-03
104888,VERIFIED,LOW,38789.69,PROFESSIONAL,N,2025-04-05
104889,VERIFIED,MEDIUM,186919.24,SELF_EMPLOYED,N,2025-05-07
104890,VERIFIED,LOW,90110.62,SALARIED,N,2025-02-28
104891,VERIFIED,LOW,54382.66,SALARIED,N,2025-01-16
104892,VERIFIED,LOW,39592.07,SALARIED,N,2025-01-12
104893,VERIFIED,HIGH,118662.4,SELF_EMPLOYED,N,2025-11-04
104894,PENDING,LOW,63252.29,SALARIED,N,2025-11-17
104895,VERIFIED,LOW,124909.73,RETIRED,N,2025-08-18
104896,VERIFIED,LOW,36337.27,SELF_EMPLOYED,N,2025-06-26
104897,VERIFIED,LOW,80555.0,RETIRED,N,2025-04-11
104898,VERIFIED,MEDIUM,48442.47,SALARIED,N,2025-04-21
104899,VERIFIED,LOW,205246.78,SELF_EMPLOYED,N,2025-10-25
104900,VERIFIED,HIGH,84065.09,PROFESSIONAL,N,2025-06-18
104901,VERIFIED,LOW,34639.11,SELF_EMPLOYED,N,2025-12-14
104902,VERIFIED,LOW,121506.9,SELF_EMPLOYED,N,2026-09-20
104903,VERIFIED,LOW,147644.44,SALARIED,N,2026-09-28
104904,VERIFIED,LOW,53152.77,SALARIED,N,2025-05-25
104905,VERIFIED,LOW,39090.58,SELF_EMPLOYED,N,2025-10-28
104906,VERIFIED,MEDIUM,15805.44,SALARIED,N,2025-12-10
104907,VERIFIED,HIGH,135335.35,STUDENT,N,2025-07-05
104908,VERIFIED,LOW,21174.39,PROFESSIONAL,N,2026-09-30
104909,VERIFIED,HIGH,64123.99,SALARIED,N,2025-05-16
104910,VERIFIED,LOW,21560.55,SELF_EMPLOYED,N,2025-03-29
104911,VERIFIED,MEDIUM,213342.36,SELF_EMPLOYED,N,2025-03-29
104912,VERIFIED,HIGH,157544.07,SELF_EMPLOYED,N,2025-06-07
104913,VERIFIED,HIGH,80425.68,SELF_EMPLOYED,N,2025-01-06
104914,VERIFIED,LOW,130745.17,SALARIED,N,2026-01-19
104915,VERIFIED,LOW,60722.39,SALARIED,N,2026-09-02
104916,VERIFIED,MEDIUM,38712.49,RETIRED,N,2026-04-18
104917,PENDING,LOW,22254.69,SALARIED,N,2026-05-07
104918,VERIFIED,LOW,110724.38,SALARIED,N,2026-07-09
104919,VERIFIED,MEDIUM,34334.26,STUDENT,N,2026-01-04
104920,VERIFIED,LOW,341893.19,SALARIED,N,2026-03-06
104921,VERIFIED,LOW,32111.35,PROFESSIONAL,N,2026-05-26
104922,PENDING,LOW,127752.06,SALARIED,N,2025-01-18
104923,PENDING,LOW,151660.73,SALARIED,N,2025-07-09
104924,VERIFIED,LOW,27698.69,SELF_EMPLOYED,N,2025-05-21
104925,VERIFIED,MEDIUM,49400.76,SALARIED,N,2026-01-16
104926,VERIFIED,MEDIUM,56985.51,STUDENT,N,2025-12-23
104927,VERIFIED,LOW,636469.32,SELF_EMPLOYED,N,2025-04-25
104928,VERIFIED,LOW,56416.65,SALARIED,N,2025-03-22
104929,VERIFIED,LOW,31576.86,PROFESSIONAL,N,2026-07-02
104930,VERIFIED,LOW,91092.8,SALARIED,N,2025-03-29
104931,VERIFIED,LOW,33493.76,SALARIED,N,2026-06-14
104932,VERIFIED,LOW,63576.32,SALARIED,N,2026-06-13
104933,VERIFIED,LOW,49231.51,SALARIED,N,2026-06-21
104934,VERIFIED,LOW,92661.48,SELF_EMPLOYED,N,2026-05-05
104935,VERIFIED,LOW,45945.56,RETIRED,N,2026-06-05
104936,VERIFIED,HIGH,42087.92,PROFESSIONAL,N,2025-05-11
104937,VERIFIED,MEDIUM,133436.03,SELF_EMPLOYED,N,2025-08-16
104938,PENDING,LOW,79848.85,SALARIED,N,2025-11-17
104939,VERIFIED,LOW,67397.01,SELF_EMPLOYED,N,2026-07-29
104940,VERIFIED,LOW,18935.21,SALARIED,N,2026-09-29
104941,VERIFIED,MEDIUM,99130.38,PROFESSIONAL,N,2025-08-30
104942,VERIFIED,MEDIUM,48730.84,SALARIED,N,2026-01-20
104943,VERIFIED,MEDIUM,79297.97,SALARIED,N,2026-09-09
104944,VERIFIED,MEDIUM,19954.48,SALARIED,N,2026-04-16
104945,VERIFIED,MEDIUM,79236.46,SALARIED,N,2025-11-16
104946,VERIFIED,LOW,75020.92,SELF_EMPLOYED,N,2026-03-02
104947,VERIFIED,MEDIUM,56999.57,SALARIED,N,2026-08-14
104948,VERIFIED,LOW,37200.65,SALARIED,N,2025-09-30
104949,VERIFIED,LOW,141199.46,SALARIED,N,2026-03-09
104950,VERIFIED,LOW,40731.21,SALARIED,N,2026-06-16
104951,VERIFIED,LOW,119566.64,SALARIED,N,2025-10-30
104952,EXPIRED,LOW,130699.05,SALARIED,N,2025-02-20
104953,VERIFIED,LOW,38524.78,SELF_EMPLOYED,N,2025-02-26
104954,VERIFIED,HIGH,107606.4,SALARIED,N,2026-01-29
104955,EXPIRED,LOW,50045.64,SELF_EMPLOYED,N,2025-01-24
104956,VERIFIED,LOW,100211.84,SELF_EMPLOYED,N,2025-09-25
104957,VERIFIED,LOW,36014.17,SALARIED,N,2025-01-16
104958,VERIFIED,HIGH,61401.34,SALARIED,N,2026-07-24
104959,VERIFIED,LOW,69569.92,SALARIED,N,2026-06-16
104960,VERIFIED,LOW,64918.79,SALARIED,N,2026-02-07
104961,VERIFIED,LOW,84777.28,SALARIED,N,2026-07-30
104962,VERIFIED,MEDIUM,39116.04,STUDENT,N,2025-06-26
104963,VERIFIED,MEDIUM,46210.7,SALARIED,N,2026-08-29
104964,VERIFIED,LOW,105239.81,SALARIED,N,2026-05-12
104965,VERIFIED,LOW,50613.63,STUDENT,N,2026-08-04
104966,VERIFIED,LOW,47895.3,SELF_EMPLOYED,N,2025-09-14
104967,VERIFIED,LOW,38285.1,RETIRED,N,2025-06-09
104968,VERIFIED,MEDIUM,49068.53,SALARIED,N,2026-05-20
104969,EXPIRED,LOW,33942.17,PROFESSIONAL,N,2025-11-03
104970,VERIFIED,MEDIUM,106302.61,PROFESSIONAL,N,2025-03-15
104971,VERIFIED,LOW,49419.91,RETIRED,N,2026-10-06
104972,PENDING,LOW,32715.81,SALARIED,N,2025-08-26
104973,VERIFIED,MEDIUM,57985.05,SALARIED,N,2025-05-07
104974,VERIFIED,MEDIUM,26696.44,SALARIED,N,2026-01-05
104975,VERIFIED,LOW,37939.48,SELF_EMPLOYED,N,2025-11-01
104976,VERIFIED,HIGH,159598.9,SALARIED,N,2025-03-23
104977,VERIFIED,LOW,32621.08,SALARIED,N,2025-10-01
104978,VERIFIED,MEDIUM,60280.89,SALARIED,N,2025-11-24
104979,VERIFIED,LOW,277661.01,SALARIED,N,2025-08-20
104980,VERIFIED,LOW,77809.21,PROFESSIONAL,N,2026-07-27
104981,VERIFIED,MEDIUM,47476.27,SALARIED,N,2026-02-11
104982,VERIFIED,LOW,18178.88,STUDENT,N,2025-02-11
104983,VERIFIED,LOW,73754.59,SALARIED,N,2025-12-20
104984,VERIFIED,MEDIUM,40174.73,SELF_EMPLOYED,N,2025-10-12
104985,VERIFIED,LOW,95089.2,SALARIED,N,2026-08-16
104986,PENDING,MEDIUM,42635.26,SALARIED,N,2026-05-31
104987,VERIFIED,LOW,79233.64,PROFESSIONAL,N,2025-08-07
104988,VERIFIED,LOW,169421.43,SALARIED,N,2025-03-19
104989,VERIFIED,LOW,102367.34,SALARIED,N,2026-03-08
104990,VERIFIED,LOW,28087.59,STUDENT,N,2025-02-03
104991,VERIFIED,LOW,70110.53,SALARIED,N,2025-05-25
104992,VERIFIED,LOW,123780.13,STUDENT,N,2025-11-11
104993,VERIFIED,MEDIUM,24643.0,SALARIED,N,2026-08-20
104994,PENDING,LOW,198133.58,SALARIED,N,2026-09-07
104995,VERIFIED,LOW,72518.59,SELF_EMPLOYED,N,2025-02-19
104996,VERIFIED,MEDIUM,96248.92,SALARIED,N,2026-03-04
104997,PENDING,LOW,52918.66,SELF_EMPLOYED,N,2025-09-12
104998,VERIFIED,HIGH,68193.75,STUDENT,N,2026-07-14
104999,VERIFIED,LOW,36997.61,SALARIED,N,2026-07-31
105000,VERIFIED,HIGH,180881.81,SELF_EMPLOYED,N,2026-09-03
105001,VERIFIED,MEDIUM,212242.5,SALARIED,N,2026-04-15
105002,VERIFIED,LOW,267087.71,SELF_EMPLOYED,N,2025-11-30
105003,VERIFIED,LOW,20999.88,SALARIED,N,2025-03-05
105004,VERIFIED,LOW,81977.69,SALARIED,N,2025-02-16
105005,EXPIRED,LOW,87629.81,SALARIED,N,2025-10-31
105006,VERIFIED,LOW,41830.82,SELF_EMPLOYED,N,2025-03-08
105007,VERIFIED,LOW,84316.24,SALARIED,N,2025-12-12
105008,VERIFIED,LOW,26009.19,SALARIED,N,2026-04-11
105009,VERIFIED,MEDIUM,172221.32,SALARIED,N,2025-12-30
105010,VERIFIED,LOW,24426.84,SALARIED,N,2026-03-06
105011,VERIFIED,MEDIUM,77868.78,SALARIED,N,2026-04-17
105012,VERIFIED,HIGH,110522.47,SALARIED,N,2025-05-29
105013,VERIFIED,LOW,44816.21,SALARIED,N,2025-10-26
105014,VERIFIED,LOW,161489.08,SALARIED,N,2026-05-08
105015,VERIFIED,LOW,20206.34,SALARIED,N,2026-01-03
105016,VERIFIED,HIGH,64866.56,PROFESSIONAL,N,2025-06-06
105017,VERIFIED,MEDIUM,22107.82,SALARIED,N,2025-08-25
105018,VERIFIED,LOW,40029.16,SALARIED,N,2025-12-31
105019,VERIFIED,HIGH,48002.9,SELF_EMPLOYED,N,2025-03-17
105020,VERIFIED,LOW,46135.99,SELF_EMPLOYED,N,2025-08-30
105021,VERIFIED,LOW,151158.17,SALARIED,N,2025-10-30
105022,VERIFIED,LOW,30882.47,STUDENT,N,2026-04-02
105023,VERIFIED,MEDIUM,24094.07,SALARIED,N,2025-11-12
105024,VERIFIED,LOW,50001.45,SALARIED,N,2026-03-21
105025,VERIFIED,MEDIUM,71229.8,PROFESSIONAL,N,2026-07-09
105026,VERIFIED,LOW,91773.33,SALARIED,N,2026-06-20
105027,PENDING,LOW,140082.0,RETIRED,N,2025-06-21
105028,VERIFIED,HIGH,16358.29,SELF_EMPLOYED,N,2025-07-02
105029,VERIFIED,MEDIUM,198315.64,SALARIED,N,2026-10-06
105030,VERIFIED,LOW,38871.66,SALARIED,N,2025-09-18
105031,VERIFIED,MEDIUM,55215.2,PROFESSIONAL,N,2025-03-26
105032,VERIFIED,LOW,67175.25,STUDENT,N,2025-05-28
105033,VERIFIED,LOW,16143.19,SELF_EMPLOYED,N,2025-05-14
105034,VERIFIED,LOW,49957.02,SALARIED,N,2025-12-09
105035,VERIFIED,HIGH,126100.09,SELF_EMPLOYED,N,2026-03-30
105036,VERIFIED,LOW,99750.4,SALARIED,N,2025-01-29
105037,VERIFIED,LOW,47796.43,SALARIED,N,2026-03-30
105038,VERIFIED,MEDIUM,75998.94,RETIRED,N,2026-08-05
105039,VERIFIED,LOW,89321.4,SALARIED,N,2025-08-08
105040,PENDING,LOW,55926.41,SELF_EMPLOYED,N,2025-08-09
105041,VERIFIED,LOW,91136.9,SALARIED,N,2026-07-20
105042,VERIFIED,MEDIUM,39328.74,SELF_EMPLOYED,N,2025-08-02
105043,VERIFIED,LOW,35793.67,SALARIED,N,2026-06-05
105044,VERIFIED,LOW,54554.53,SALARIED,N,2025-09-26
105045,VERIFIED,LOW,13776.41,SALARIED,N,2025-03-16
105046,VERIFIED,LOW,103842.3,PROFESSIONAL,N,2025-08-02
105047,VERIFIED,LOW,69845.76,PROFESSIONAL,N,2026-09-26
105048,VERIFIED,LOW,57273.01,SALARIED,N,2026-03-05
105049,VERIFIED,LOW,111052.44,SELF_EMPLOYED,N,2026-04-10
105050,VERIFIED,LOW,85103.34,SALARIED,N,2026-09-01
105051,VERIFIED,LOW,132120.6,SALARIED,N,2025-10-06
105052,VERIFIED,LOW,184775.51,SELF_EMPLOYED,N,2025-11-28
105053,VERIFIED,LOW,82031.95,SALARIED,N,2026-04-29
105054,VERIFIED,MEDIUM,41446.87,SALARIED,N,2026-06-11
105055,VERIFIED,LOW,105998.35,SALARIED,N,2025-09-22
105056,VERIFIED,LOW,41536.07,SELF_EMPLOYED,N,2025-08-01
105057,VERIFIED,LOW,40317.22,PROFESSIONAL,N,2025-08-11
105058,VERIFIED,LOW,54708.28,STUDENT,N,2025-09-28
105059,VERIFIED,MEDIUM,140474.82,STUDENT,N,2025-02-08
105060,VERIFIED,MEDIUM,107755.84,PROFESSIONAL,N,2026-08-09
105061,VERIFIED,LOW,117688.7,SALARIED,N,2025-10-21
105062,PENDING,LOW,71673.71,PROFESSIONAL,N,2025-02-04
105063,VERIFIED,LOW,95809.15,SALARIED,N,2026-10-05
105064,VERIFIED,LOW,97789.57,SALARIED,N,2025-11-25
105065,VERIFIED,LOW,42302.64,STUDENT,N,2026-08-27
105066,VERIFIED,LOW,96992.09,SELF_EMPLOYED,N,2026-06-25
105067,VERIFIED,MEDIUM,66002.12,SELF_EMPLOYED,N,2026-06-27
105068,VERIFIED,LOW,50856.74,SELF_EMPLOYED,N,2026-01-30
105069,VERIFIED,LOW,52467.97,PROFESSIONAL,N,2026-02-19
105070,VERIFIED,LOW,46208.74,SALARIED,N,2025-03-08
105071,VERIFIED,LOW,55127.15,SALARIED,N,2025-02-21
105072,VERIFIED,LOW,65823.22,STUDENT,N,2025-02-09
105073,PENDING,LOW,101952.11,RETIRED,N,2026-01-12
105074,VERIFIED,LOW,176493.32,SELF_EMPLOYED,N,2026-07-28
105075,VERIFIED,LOW,95752.58,SALARIED,N,2025-09-25
105076,VERIFIED,HIGH,71407.12,STUDENT,N,2025-09-21
105077,VERIFIED,LOW,18032.23,STUDENT,N,2026-02-20
105078,VERIFIED,LOW,318795.26,SALARIED,N,2025-10-29
105079,VERIFIED,LOW,41765.69,PROFESSIONAL,N,2026-06-08
105080,VERIFIED,LOW,42652.65,RETIRED,N,2025-04-27
105081,VERIFIED,MEDIUM,150499.5,SALARIED,N,2026-06-07
105082,VERIFIED,MEDIUM,32344.94,SALARIED,N,2025-11-02
105083,VERIFIED,LOW,84259.78,PROFESSIONAL,N,2025-04-08
105084,VERIFIED,LOW,48977.44,SELF_EMPLOYED,N,2025-09-28
105085,VERIFIED,LOW,56148.33,PROFESSIONAL,N,2026-04-22
105086,VERIFIED,LOW,68344.0,SELF_EMPLOYED,N,2026-05-23
105087,PENDING,HIGH,30458.74,SALARIED,N,2026-06-03
105088,VERIFIED,LOW,61067.49,RETIRED,N,2025-03-02
105089,VERIFIED,MEDIUM,128910.01,SELF_EMPLOYED,N,2025-05-11
105090,VERIFIED,LOW,63038.46,SALARIED,N,2026-02-19
105091,VERIFIED,LOW,643111.04,SELF_EMPLOYED,N,2026-07-25
105092,VERIFIED,LOW,70231.17,PROFESSIONAL,N,2026-09-24
105093,PENDING,HIGH,30400.64,SELF_EMPLOYED,N,2025-04-09
105094,VERIFIED,LOW,47145.59,SALARIED,N,2025-07-08
105095,VERIFIED,MEDIUM,18818.04,SALARIED,N,2026-06-25
105096,VERIFIED,LOW,133312.01,SALARIED,N,2026-04-16
105097,VERIFIED,LOW,187878.73,SALARIED,N,2025-08-10
105098,VERIFIED,LOW,114452.6,STUDENT,N,2025-03-03
105099,VERIFIED,LOW,38327.21,PROFESSIONAL,N,2025-02-13
105100,VERIFIED,MEDIUM,37530.5,PROFESSIONAL,N,2025-11-11
105101,VERIFIED,LOW,106810.73,SALARIED,N,2025-03-11
105102,VERIFIED,LOW,47164.02,SALARIED,N,2025-08-23
105103,VERIFIED,LOW,37819.31,PROFESSIONAL,N,2025-06-08
105104,VERIFIED,MEDIUM,35168.25,SALARIED,N,2026-04-13
105105,VERIFIED,LOW,222990.62,SELF_EMPLOYED,N,2026-03-20
105106,VERIFIED,LOW,48938.28,SALARIED,N,2026-09-14
105107,VERIFIED,MEDIUM,113617.9,RETIRED,N,2025-07-24
105108,VERIFIED,LOW,94582.1,SELF_EMPLOYED,N,2026-05-12
105109,VERIFIED,MEDIUM,38115.23,RETIRED,N,2025-01-29
105110,VERIFIED,MEDIUM,67938.21,RETIRED,N,2025-05-04
105111,VERIFIED,LOW,34518.63,SALARIED,N,2026-04-23
105112,VERIFIED,LOW,169594.28,PROFESSIONAL,N,2026-06-16
105113,VERIFIED,MEDIUM,36606.58,SALARIED,N,2026-02-21
105114,VERIFIED,HIGH,83903.91,SELF_EMPLOYED,N,2025-01-21
105115,VERIFIED,LOW,47991.14,SALARIED,N,2025-01-22
105116,PENDING,MEDIUM,36272.52,SALARIED,N,2026-03-20
105117,VERIFIED,LOW,133286.14,SELF_EMPLOYED,N,2025-02-07
105118,VERIFIED,LOW,47156.94,SALARIED,N,2025-01-31
105119,VERIFIED,MEDIUM,20145.82,SALARIED,N,2026-06-11
105120,VERIFIED,LOW,87186.26,SELF_EMPLOYED,N,2026-06-30
105121,VERIFIED,MEDIUM,41778.16,SALARIED,N,2025-09-10
105122,VERIFIED,LOW,73309.02,STUDENT,N,2026-08-03
105123,VERIFIED,LOW,115436.81,SALARIED,N,2025-05-02
105124,VERIFIED,HIGH,83433.82,SALARIED,N,2026-02-27
105125,VERIFIED,LOW,117915.4,SALARIED,N,2026-01-23
105126,VERIFIED,MEDIUM,28458.39,STUDENT,N,2025-06-07
105127,VERIFIED,MEDIUM,144206.14,PROFESSIONAL,N,2026-05-20
105128,VERIFIED,MEDIUM,54538.31,SALARIED,N,2025-05-10
105129,VERIFIED,HIGH,26178.14,SALARIED,N,2026-04-02
105130,VERIFIED,HIGH,13420.28,SELF_EMPLOYED,N,2025-05-24
105131,VERIFIED,LOW,54151.89,RETIRED,N,2025-05-08
105132,VERIFIED,LOW,39694.46,SALARIED,N,2025-07-21
105133,VERIFIED,LOW,40096.41,PROFESSIONAL,N,2025-09-12
105134,VERIFIED,MEDIUM,82234.91,SELF_EMPLOYED,N,2025-11-23
105135,VERIFIED,MEDIUM,202435.3,SELF_EMPLOYED,N,2025-06-19
105136,VERIFIED,LOW,36824.73,SALARIED,N,2025-02-05
105137,VERIFIED,MEDIUM,70250.36,SALARIED,N,2025-05-23
105138,VERIFIED,LOW,45749.86,SALARIED,N,2026-05-20
105139,VERIFIED,MEDIUM,34838.54,SELF_EMPLOYED,N,2025-06-01
105140,VERIFIED,LOW,34188.43,SALARIED,N,2025-11-21
105141,VERIFIED,LOW,192429.51,SALARIED,N,2025-12-08
105142,VERIFIED,MEDIUM,66744.47,SALARIED,N,2025-12-29
105143,VERIFIED,LOW,58480.16,STUDENT,N,2025-05-19
105144,VERIFIED,MEDIUM,42385.4,SALARIED,N,2026-02-26
105145,VERIFIED,MEDIUM,69127.25,SALARIED,N,2025-07-14
105146,VERIFIED,MEDIUM,43707.91,SALARIED,N,2025-04-14
105147,VERIFIED,MEDIUM,232007.4,SALARIED,N,2025-01-02
105148,VERIFIED,MEDIUM,77938.74,SELF_EMPLOYED,N,2026-01-27
105149,VERIFIED,LOW,72449.76,SELF_EMPLOYED,N,2025-03-26
105150,VERIFIED,LOW,71390.86,SELF_EMPLOYED,N,2025-09-19
105151,VERIFIED,LOW,154828.8,SELF_EMPLOYED,N,2025-04-25
105152,VERIFIED,LOW,65228.63,SALARIED,N,2025-11-01
105153,VERIFIED,MEDIUM,48547.45,SALARIED,N,2026-06-07
105154,VERIFIED,MEDIUM,73474.16,SELF_EMPLOYED,N,2026-01-27
105155,VERIFIED,LOW,110677.02,SALARIED,N,2026-03-24
105156,VERIFIED,MEDIUM,142760.74,SALARIED,N,2025-06-07
105157,VERIFIED,LOW,76096.44,SALARIED,N,2025-06-30
105158,VERIFIED,HIGH,76810.41,SALARIED,N,2025-02-25
105159,VERIFIED,LOW,126156.74,SALARIED,N,2026-06-01
105160,VERIFIED,LOW,11190.26,STUDENT,N,2025-09-26
105161,PENDING,LOW,70076.01,SALARIED,N,2026-09-21
105162,EXPIRED,HIGH,45257.39,STUDENT,N,2025-04-10
105163,VERIFIED,LOW,68715.37,SALARIED,N,2026-07-24
105164,VERIFIED,LOW,83383.55,SALARIED,N,2025-02-20
105165,VERIFIED,LOW,148635.49,SALARIED,N,2025-10-18
105166,VERIFIED,LOW,26905.04,SALARIED,N,2026-04-17
105167,VERIFIED,LOW,41459.7,RETIRED,N,2026-02-24
105168,VERIFIED,LOW,37117.94,SELF_EMPLOYED,N,2026-02-03
105169,PENDING,LOW,44602.46,PROFESSIONAL,N,2026-05-10
105170,VERIFIED,LOW,27156.24,SALARIED,N,2025-04-14
105171,VERIFIED,LOW,265490.98,SALARIED,N,2025-07-21
105172,VERIFIED,LOW,116538.67,PROFESSIONAL,N,2025-11-16
105173,VERIFIED,LOW,39974.54,SALARIED,N,2025-12-02
105174,VERIFIED,MEDIUM,66841.14,SALARIED,N,2026-08-18
105175,VERIFIED,LOW,49881.93,PROFESSIONAL,N,2026-07-11
105176,VERIFIED,LOW,73238.83,SALARIED,N,2026-08-16
105177,VERIFIED,LOW,40173.91,SELF_EMPLOYED,N,2025-06-19
105178,VERIFIED,MEDIUM,24588.37,RETIRED,N,2025-10-15
105179,VERIFIED,MEDIUM,45617.25,SALARIED,N,2026-05-20
105180,VERIFIED,LOW,162406.59,SALARIED,N,2026-08-19
105181,VERIFIED,LOW,25204.09,STUDENT,N,2025-09-09
105182,VERIFIED,LOW,135013.67,STUDENT,N,2026-07-06
105183,PENDING,LOW,95222.04,SELF_EMPLOYED,N,2025-06-02
105184,VERIFIED,LOW,51033.46,PROFESSIONAL,N,2025-03-21
105185,VERIFIED,LOW,107746.73,PROFESSIONAL,N,2026-02-27
105186,VERIFIED,LOW,75780.79,SALARIED,N,2025-07-01
105187,VERIFIED,LOW,16492.49,SALARIED,N,2025-12-05
105188,VERIFIED,LOW,50871.03,SALARIED,N,2025-06-21
105189,VERIFIED,LOW,51849.14,SALARIED,N,2025-07-20
105190,VERIFIED,LOW,169269.76,SALARIED,N,2025-01-26
105191,VERIFIED,MEDIUM,50994.03,SALARIED,N,2026-03-01
105192,VERIFIED,LOW,57695.78,SALARIED,N,2025-12-23
105193,VERIFIED,LOW,31107.33,SALARIED,N,2025-09-21
105194,VERIFIED,MEDIUM,63504.04,SELF_EMPLOYED,N,2026-02-02
105195,VERIFIED,LOW,30553.13,SALARIED,N,2025-09-30
105196,VERIFIED,LOW,134044.52,RETIRED,N,2025-02-03
105197,VERIFIED,LOW,50344.83,SELF_EMPLOYED,N,2025-12-17
105198,VERIFIED,LOW,30505.55,STUDENT,N,2026-01-25
105199,VERIFIED,LOW,146764.0,SALARIED,N,2026-03-02
105200,VERIFIED,MEDIUM,28313.0,SALARIED,N,2025-05-20
105201,VERIFIED,LOW,78118.1,PROFESSIONAL,N,2025-08-12
105202,VERIFIED,MEDIUM,25166.39,SELF_EMPLOYED,N,2025-06-20
105203,VERIFIED,LOW,80054.42,SALARIED,N,2025-12-13
105204,VERIFIED,LOW,132443.31,PROFESSIONAL,N,2025-01-19
105205,VERIFIED,LOW,43419.45,SALARIED,N,2025-01-27
105206,VERIFIED,LOW,30734.29,STUDENT,N,2025-01-08
105207,VERIFIED,MEDIUM,31362.32,SALARIED,N,2026-06-23
105208,VERIFIED,MEDIUM,63832.15,SELF_EMPLOYED,N,2026-03-06
105209,VERIFIED,LOW,231700.2,SALARIED,N,2025-09-03
105210,VERIFIED,MEDIUM,132478.23,SALARIED,N,2025-05-21
105211,VERIFIED,LOW,141607.03,SALARIED,N,2026-05-24
105212,VERIFIED,HIGH,33009.66,SALARIED,N,2026-09-16
105213,VERIFIED,LOW,134995.41,STUDENT,N,2026-07-03
105214,EXPIRED,MEDIUM,125692.58,SALARIED,N,2026-08-09
105215,VERIFIED,LOW,80680.46,PROFESSIONAL,N,2025-04-16
105216,VERIFIED,LOW,43892.12,RETIRED,N,2025-01-27
105217,EXPIRED,MEDIUM,124482.94,SALARIED,N,2025-07-17
105218,VERIFIED,LOW,42590.68,SALARIED,N,2026-06-24
105219,VERIFIED,LOW,101436.9,STUDENT,N,2026-07-25
105220,VERIFIED,MEDIUM,51665.28,SELF_EMPLOYED,N,2026-03-16
105221,VERIFIED,LOW,34871.1,PROFESSIONAL,N,2025-12-25
105222,VERIFIED,LOW,50847.38,SELF_EMPLOYED,N,2025-09-23
105223,VERIFIED,MEDIUM,237788.76,SALARIED,N,2026-02-27
105224,VERIFIED,LOW,31013.26,SELF_EMPLOYED,N,2025-05-31
105225,VERIFIED,LOW,126056.82,SALARIED,N,2025-05-24
105226,PENDING,LOW,114253.13,SALARIED,N,2026-01-05
105227,VERIFIED,LOW,58697.39,SALARIED,N,2025-10-20
105228,PENDING,MEDIUM,46218.44,SELF_EMPLOYED,N,2026-08-15
105229,VERIFIED,LOW,29394.95,PROFESSIONAL,N,2025-03-30
105230,VERIFIED,LOW,152909.28,SALARIED,N,2025-03-16
105231,VERIFIED,LOW,30537.8,SALARIED,N,2026-03-25
105232,VERIFIED,LOW,10802.89,SALARIED,N,2026-08-21
105233,VERIFIED,HIGH,80834.93,SALARIED,N,2025-12-31
105234,VERIFIED,MEDIUM,27501.79,SALARIED,N,2026-03-19
105235,VERIFIED,LOW,61615.92,SALARIED,N,2025-02-27
105236,EXPIRED,LOW,27626.44,SALARIED,N,2025-02-17
105237,VERIFIED,MEDIUM,45348.97,SALARIED,N,2025-02-11
105238,PENDING,LOW,69224.84,SALARIED,N,2025-11-18
105239,VERIFIED,LOW,78944.56,PROFESSIONAL,N,2025-10-25
105240,VERIFIED,LOW,157976.43,SALARIED,N,2025-02-08
105241,VERIFIED,LOW,66231.26,SALARIED,N,2026-10-01
105242,VERIFIED,MEDIUM,70945.2,SALARIED,N,2026-03-25
105243,VERIFIED,MEDIUM,56620.12,SALARIED,N,2025-12-15
105244,VERIFIED,LOW,120640.18,SELF_EMPLOYED,N,2025-02-16
105245,VERIFIED,MEDIUM,31724.08,SELF_EMPLOYED,N,2025-01-05
105246,VERIFIED,MEDIUM,49790.61,SALARIED,N,2025-09-12
105247,VERIFIED,LOW,66116.12,SALARIED,N,2025-07-11
105248,VERIFIED,MEDIUM,36716.86,SALARIED,N,2025-03-09
105249,VERIFIED,LOW,163939.65,PROFESSIONAL,N,2025-08-04
105250,VERIFIED,LOW,81391.86,SALARIED,N,2026-09-17
105251,VERIFIED,HIGH,29831.47,STUDENT,N,2026-04-17
105252,VERIFIED,MEDIUM,86285.84,SALARIED,N,2025-07-02
105253,VERIFIED,LOW,155059.09,SALARIED,N,2026-04-23
105254,VERIFIED,LOW,41448.62,SALARIED,N,2025-11-19
105255,VERIFIED,LOW,160340.66,SALARIED,N,2026-03-31
105256,VERIFIED,MEDIUM,78196.85,SELF_EMPLOYED,N,2025-06-03
105257,VERIFIED,LOW,75440.09,SELF_EMPLOYED,N,2025-01-19
105258,PENDING,LOW,144199.74,SELF_EMPLOYED,N,2026-01-01
105259,VERIFIED,MEDIUM,75539.67,SALARIED,N,2026-09-14
105260,VERIFIED,MEDIUM,85279.34,SALARIED,N,2025-03-13
105261,VERIFIED,LOW,70262.33,SALARIED,N,2025-10-22
105262,VERIFIED,HIGH,21163.53,RETIRED,N,2026-03-31
105263,VERIFIED,LOW,86464.45,SALARIED,N,2026-08-09
105264,VERIFIED,MEDIUM,77956.32,STUDENT,N,2025-04-23
105265,VERIFIED,LOW,51687.87,RETIRED,N,2026-07-08
105266,VERIFIED,HIGH,12616.95,SALARIED,N,2026-09-12
105267,VERIFIED,MEDIUM,99146.03,STUDENT,N,2025-04-12
105268,VERIFIED,MEDIUM,37826.69,SELF_EMPLOYED,N,2026-01-13
105269,VERIFIED,LOW,31812.31,SALARIED,N,2025-09-10
105270,PENDING,MEDIUM,29905.11,SELF_EMPLOYED,N,2026-08-14
105271,VERIFIED,LOW,18520.5,SALARIED,N,2026-04-17
105272,VERIFIED,LOW,89331.69,SALARIED,N,2025-02-24
105273,VERIFIED,MEDIUM,306022.51,SALARIED,N,2026-08-22
105274,VERIFIED,MEDIUM,45390.91,SELF_EMPLOYED,N,2025-07-20
105275,VERIFIED,LOW,112832.04,SALARIED,N,2026-03-18
105276,VERIFIED,LOW,62264.83,RETIRED,N,2025-12-27
105277,EXPIRED,LOW,79160.45,PROFESSIONAL,N,2025-08-12
105278,VERIFIED,LOW,63367.2,SELF_EMPLOYED,N,2026-01-19
105279,VERIFIED,LOW,110029.43,SELF_EMPLOYED,N,2026-08-15
105280,VERIFIED,HIGH,30172.8,STUDENT,N,2026-06-06
105281,VERIFIED,LOW,70594.88,SALARIED,N,2026-09-21
105282,VERIFIED,LOW,138362.25,PROFESSIONAL,N,2025-01-11
105283,VERIFIED,LOW,104376.15,SALARIED,N,2025-12-25
105284,VERIFIED,LOW,81807.48,STUDENT,N,2026-04-06
105285,VERIFIED,LOW,70501.18,SALARIED,N,2025-07-19
105286,VERIFIED,MEDIUM,52335.61,SELF_EMPLOYED,N,2025-12-26
105287,VERIFIED,LOW,52613.19,PROFESSIONAL,N,2026-06-05
105288,VERIFIED,LOW,24109.24,SELF_EMPLOYED,N,2026-09-16
105289,VERIFIED,LOW,91772.42,SALARIED,N,2025-06-19
105290,VERIFIED,MEDIUM,160674.86,SALARIED,N,2026-06-07
105291,VERIFIED,LOW,80107.6,PROFESSIONAL,N,2025-11-07
105292,VERIFIED,LOW,66890.0,SALARIED,N,2025-07-16
105293,VERIFIED,MEDIUM,97674.95,PROFESSIONAL,N,2025-10-03
105294,VERIFIED,LOW,16697.27,SALARIED,N,2025-01-13
105295,VERIFIED,LOW,47587.82,SALARIED,N,2025-06-06
105296,VERIFIED,MEDIUM,63069.79,SALARIED,N,2025-12-28
105297,VERIFIED,LOW,21820.4,SALARIED,N,2026-05-08
105298,VERIFIED,MEDIUM,73446.97,STUDENT,N,2025-12-03
105299,VERIFIED,LOW,19870.89,SELF_EMPLOYED,N,2026-05-11
105300,VERIFIED,LOW,103697.14,SELF_EMPLOYED,N,2026-07-22
105301,VERIFIED,LOW,76634.73,RETIRED,N,2025-12-07
105302,VERIFIED,LOW,58450.93,SALARIED,N,2025-03-06
105303,VERIFIED,LOW,108546.42,SALARIED,N,2026-07-07
105304,VERIFIED,LOW,72807.17,SALARIED,N,2026-01-17
105305,VERIFIED,LOW,90129.52,SALARIED,N,2025-09-14
105306,VERIFIED,LOW,79563.15,SALARIED,N,2026-10-10
105307,VERIFIED,LOW,37835.25,SALARIED,N,2026-03-06
105308,VERIFIED,LOW,183390.08,SALARIED,N,2025-01-17
105309,VERIFIED,LOW,148706.63,SALARIED,N,2026-09-07
105310,VERIFIED,MEDIUM,87435.85,SELF_EMPLOYED,N,2025-02-05
105311,VERIFIED,HIGH,72965.24,SALARIED,N,2026-07-20
105312,VERIFIED,LOW,107765.73,SELF_EMPLOYED,N,2025-01-02
105313,VERIFIED,LOW,150106.44,SELF_EMPLOYED,N,2026-03-14
105314,VERIFIED,LOW,228122.16,SALARIED,N,2025-02-08
105315,VERIFIED,LOW,46537.78,PROFESSIONAL,N,2025-02-03
105316,VERIFIED,LOW,130585.24,SELF_EMPLOYED,N,2025-05-28
105317,VERIFIED,MEDIUM,62524.81,SALARIED,N,2025-06-05
105318,VERIFIED,HIGH,23249.65,SALARIED,N,2026-03-05
105319,VERIFIED,LOW,114089.96,SALARIED,N,2025-03-04
105320,VERIFIED,LOW,171746.21,STUDENT,N,2025-11-24
105321,VERIFIED,LOW,124550.64,SALARIED,N,2026-10-10
105322,VERIFIED,LOW,59283.75,SALARIED,N,2025-02-25
105323,VERIFIED,MEDIUM,85126.49,SALARIED,N,2026-08-27
105324,VERIFIED,LOW,104219.55,SALARIED,N,2025-08-20
105325,VERIFIED,LOW,96030.72,SALARIED,N,2025-06-06
105326,VERIFIED,MEDIUM,147200.55,SALARIED,N,2025-09-21
105327,VERIFIED,LOW,122141.98,SALARIED,N,2025-05-10
105328,VERIFIED,MEDIUM,45422.42,SALARIED,N,2026-02-17
105329,VERIFIED,LOW,67319.89,SELF_EMPLOYED,N,2025-05-05
105330,VERIFIED,LOW,47662.34,SELF_EMPLOYED,N,2025-06-19
105331,VERIFIED,LOW,73482.18,SALARIED,N,2025-11-02
105332,VERIFIED,MEDIUM,19638.44,SALARIED,N,2025-01-04
105333,VERIFIED,LOW,231738.39,PROFESSIONAL,N,2025-01-14
105334,PENDING,LOW,39863.09,SALARIED,N,2025-02-11
105335,VERIFIED,LOW,47403.37,SELF_EMPLOYED,N,2025-02-21
105336,VERIFIED,MEDIUM,69827.72,SALARIED,N,2025-02-02
105337,VERIFIED,LOW,27024.5,SELF_EMPLOYED,N,2025-06-09
105338,VERIFIED,MEDIUM,53209.95,PROFESSIONAL,N,2026-06-20
105339,VERIFIED,HIGH,73835.33,STUDENT,N,2026-01-24
105340,VERIFIED,LOW,193227.78,SALARIED,N,2025-01-12
105341,VERIFIED,HIGH,72573.66,SALARIED,N,2025-01-13
105342,VERIFIED,LOW,50834.58,SELF_EMPLOYED,N,2025-07-03
105343,VERIFIED,MEDIUM,31835.51,SALARIED,N,2025-01-22
105344,VERIFIED,LOW,265640.62,SALARIED,N,2025-08-15
105345,VERIFIED,LOW,69553.41,PROFESSIONAL,N,2026-03-16
105346,VERIFIED,MEDIUM,69812.82,SALARIED,N,2026-06-12
105347,VERIFIED,LOW,27133.93,SALARIED,N,2025-12-07
105348,VERIFIED,LOW,93067.39,SALARIED,N,2026-05-20
105349,VERIFIED,LOW,45150.35,PROFESSIONAL,N,2026-01-30
105350,PENDING,LOW,172230.31,SALARIED,N,2026-04-10
105351,VERIFIED,LOW,89487.31,SALARIED,N,2025-05-29
105352,VERIFIED,MEDIUM,71772.31,SALARIED,N,2026-02-24
105353,VERIFIED,LOW,28006.11,SALARIED,N,2026-09-09
105354,VERIFIED,LOW,62079.79,SELF_EMPLOYED,N,2026-01-20
105355,VERIFIED,HIGH,57585.13,SALARIED,N,2026-08-14
105356,VERIFIED,LOW,71677.24,SALARIED,N,2026-09-13
105357,VERIFIED,MEDIUM,18388.39,SALARIED,N,2026-03-06
105358,VERIFIED,LOW,36635.81,SALARIED,N,2025-01-04
105359,EXPIRED,LOW,47938.73,SALARIED,N,2025-10-30
105360,VERIFIED,MEDIUM,91595.16,PROFESSIONAL,N,2025-11-20
105361,VERIFIED,LOW,18868.3,SELF_EMPLOYED,N,2025-05-15
105362,VERIFIED,LOW,162448.69,SALARIED,N,2026-03-07
105363,VERIFIED,LOW,148342.44,SELF_EMPLOYED,N,2025-05-28
105364,VERIFIED,LOW,34670.26,SALARIED,N,2026-02-13
105365,VERIFIED,LOW,329347.96,SALARIED,N,2025-07-13
105366,VERIFIED,LOW,77259.49,SALARIED,N,2026-09-29
105367,VERIFIED,LOW,61646.99,SELF_EMPLOYED,N,2026-08-06
105368,VERIFIED,LOW,97358.84,SALARIED,N,2026-05-04
105369,VERIFIED,LOW,86834.75,SALARIED,N,2025-08-20
105370,VERIFIED,LOW,71409.32,PROFESSIONAL,N,2026-01-23
105371,VERIFIED,LOW,32697.67,SALARIED,N,2026-06-26
105372,VERIFIED,LOW,49803.18,PROFESSIONAL,Y,2025-06-27
105373,VERIFIED,LOW,83469.98,SALARIED,Y,2025-06-28
105374,VERIFIED,MEDIUM,113797.55,SALARIED,N,2026-08-06
105375,VERIFIED,LOW,168673.03,SALARIED,N,2025-10-12
105376,VERIFIED,LOW,49159.02,SALARIED,N,2025-07-29
105377,VERIFIED,LOW,69668.6,PROFESSIONAL,N,2025-12-10
105378,VERIFIED,MEDIUM,43079.24,SALARIED,N,2026-04-10
105379,VERIFIED,MEDIUM,134726.04,SELF_EMPLOYED,N,2025-01-03
105380,VERIFIED,MEDIUM,54048.14,PROFESSIONAL,N,2025-08-08
105381,VERIFIED,LOW,45154.71,SALARIED,N,2026-06-19
105382,VERIFIED,LOW,68890.39,PROFESSIONAL,N,2026-01-23
105383,VERIFIED,MEDIUM,22304.19,SALARIED,N,2026-01-26
105384,VERIFIED,MEDIUM,94059.17,RETIRED,N,2025-10-07
105385,VERIFIED,MEDIUM,54101.95,SALARIED,N,2025-02-21
105386,VERIFIED,MEDIUM,399880.09,SALARIED,N,2025-10-31
105387,VERIFIED,LOW,44274.78,STUDENT,N,2025-01-15
105388,VERIFIED,LOW,55616.33,SELF_EMPLOYED,N,2025-09-24
105389,VERIFIED,MEDIUM,128181.85,PROFESSIONAL,N,2025-03-08
105390,VERIFIED,LOW,110007.17,SALARIED,N,2026-05-29
105391,VERIFIED,LOW,129747.4,SALARIED,N,2026-05-09
105392,VERIFIED,LOW,55169.76,RETIRED,N,2026-01-19
105393,VERIFIED,HIGH,31396.94,SALARIED,N,2026-06-10
105394,VERIFIED,LOW,374861.4,PROFESSIONAL,N,2025-11-24
105395,VERIFIED,LOW,92559.98,RETIRED,N,2026-08-27
105396,VERIFIED,LOW,76627.2,SELF_EMPLOYED,N,2025-11-18
105397,VERIFIED,LOW,111723.94,SELF_EMPLOYED,N,2025-01-28
105398,VERIFIED,MEDIUM,28365.02,SALARIED,N,2025-11-01
105399,EXPIRED,MEDIUM,49183.64,SALARIED,N,2025-03-04
105400,VERIFIED,LOW,33592.24,PROFESSIONAL,N,2026-06-12
105401,VERIFIED,MEDIUM,73754.17,RETIRED,N,2025-12-26
105402,VERIFIED,LOW,27016.93,SALARIED,N,2025-11-21
105403,VERIFIED,LOW,102533.96,PROFESSIONAL,N,2025-07-22
105404,VERIFIED,MEDIUM,142814.07,SALARIED,N,2025-11-17
105405,VERIFIED,MEDIUM,139438.54,SALARIED,N,2026-10-04
105406,VERIFIED,LOW,88103.82,SALARIED,N,2025-03-29
105407,VERIFIED,LOW,74977.76,SALARIED,N,2025-06-24
105408,VERIFIED,MEDIUM,50428.37,SALARIED,N,2025-06-09
105409,VERIFIED,MEDIUM,88570.54,SALARIED,N,2025-03-29
105410,VERIFIED,MEDIUM,61612.66,SELF_EMPLOYED,N,2026-06-10
105411,VERIFIED,MEDIUM,19628.4,SALARIED,N,2026-06-11
105412,VERIFIED,LOW,44316.69,SALARIED,N,2026-06-21
105413,VERIFIED,LOW,110746.39,SALARIED,N,2025-10-12
105414,VERIFIED,LOW,31833.44,SALARIED,N,2025-08-16
105415,VERIFIED,LOW,31429.36,SALARIED,N,2025-07-02
105416,VERIFIED,MEDIUM,58116.1,SELF_EMPLOYED,N,2025-05-09
105417,VERIFIED,LOW,16158.65,SALARIED,N,2025-09-04
105418,VERIFIED,LOW,106323.1,STUDENT,N,2026-05-29
105419,VERIFIED,MEDIUM,100385.01,SALARIED,N,2025-02-17
105420,VERIFIED,LOW,122474.96,SALARIED,N,2026-08-18
105421,VERIFIED,LOW,76405.1,SALARIED,N,2025-08-19
105422,VERIFIED,MEDIUM,38010.8,SALARIED,N,2026-04-01
105423,VERIFIED,MEDIUM,29746.35,SALARIED,N,2025-12-29
105424,VERIFIED,LOW,94667.06,RETIRED,N,2025-09-03
105425,VERIFIED,LOW,105349.05,SALARIED,N,2026-01-10
105426,VERIFIED,LOW,32019.55,SALARIED,N,2025-11-17
105427,EXPIRED,LOW,29350.39,SALARIED,N,2025-05-22
105428,VERIFIED,LOW,65357.57,PROFESSIONAL,N,2026-07-24
105429,VERIFIED,LOW,72315.25,SELF_EMPLOYED,N,2025-12-08
105430,VERIFIED,MEDIUM,121499.56,SALARIED,N,2025-04-09
105431,VERIFIED,MEDIUM,101777.95,SALARIED,N,2026-02-23
105432,VERIFIED,LOW,62816.85,SELF_EMPLOYED,N,2025-01-31
105433,VERIFIED,LOW,129713.13,SELF_EMPLOYED,N,2025-10-10
105434,VERIFIED,LOW,52722.53,SELF_EMPLOYED,N,2026-08-13
105435,VERIFIED,HIGH,54146.04,SELF_EMPLOYED,N,2025-09-26
105436,EXPIRED,MEDIUM,114848.69,PROFESSIONAL,N,2026-01-08
105437,VERIFIED,MEDIUM,123304.85,SALARIED,N,2025-01-31
105438,PENDING,LOW,125419.86,SALARIED,N,2026-02-19
105439,VERIFIED,MEDIUM,58884.33,PROFESSIONAL,N,2025-12-19
105440,VERIFIED,LOW,69324.25,SALARIED,N,2025-03-31
105441,EXPIRED,LOW,37679.46,RETIRED,N,2026-05-04
105442,VERIFIED,LOW,118772.55,SELF_EMPLOYED,N,2026-04-18
105443,VERIFIED,LOW,45055.51,SELF_EMPLOYED,N,2025-09-22
105444,VERIFIED,LOW,18074.06,STUDENT,N,2026-01-02
105445,VERIFIED,LOW,49677.61,PROFESSIONAL,N,2025-10-06
105446,VERIFIED,LOW,37939.2,SALARIED,N,2025-08-07
105447,VERIFIED,LOW,11389.68,SALARIED,N,2025-02-17
105448,VERIFIED,LOW,45580.57,SALARIED,N,2026-03-12
105449,VERIFIED,LOW,110039.76,SALARIED,N,2025-05-10
105450,VERIFIED,MEDIUM,86586.33,SALARIED,N,2026-08-20
105451,VERIFIED,LOW,86480.85,SALARIED,N,2026-09-30
105452,VERIFIED,LOW,167157.89,SALARIED,N,2026-08-21
105453,VERIFIED,MEDIUM,45421.73,PROFESSIONAL,N,2026-01-17
105454,VERIFIED,LOW,31429.26,SALARIED,N,2025-01-23
105455,VERIFIED,LOW,91224.02,SALARIED,N,2026-04-29
105456,VERIFIED,LOW,83457.82,SELF_EMPLOYED,N,2025-03-01
105457,VERIFIED,LOW,29055.09,SELF_EMPLOYED,N,2026-06-13
105458,VERIFIED,LOW,59013.94,SALARIED,N,2025-12-22
105459,VERIFIED,MEDIUM,93903.57,SALARIED,N,2026-01-15
105460,VERIFIED,MEDIUM,79111.87,SALARIED,N,2026-02-12
105461,VERIFIED,LOW,106480.81,PROFESSIONAL,Y,2026-05-05
105462,VERIFIED,LOW,42748.24,SALARIED,N,2026-08-31
105463,VERIFIED,LOW,26318.44,RETIRED,N,2025-12-07
105464,VERIFIED,MEDIUM,36546.61,RETIRED,N,2026-02-05
105465,VERIFIED,MEDIUM,116056.3,SELF_EMPLOYED,N,2026-06-18
105466,VERIFIED,LOW,129725.98,RETIRED,N,2026-06-03
105467,VERIFIED,MEDIUM,59343.86,SALARIED,N,2025-10-19
105468,VERIFIED,LOW,176873.82,SALARIED,N,2026-04-05
105469,VERIFIED,LOW,59553.67,SELF_EMPLOYED,N,2025-03-10
105470,PENDING,LOW,47425.04,SALARIED,N,2025-10-09
105471,VERIFIED,LOW,26447.05,PROFESSIONAL,N,2025-02-28
105472,VERIFIED,LOW,62993.9,STUDENT,N,2025-08-07
105473,VERIFIED,LOW,131837.6,SELF_EMPLOYED,N,2025-11-17
105474,VERIFIED,MEDIUM,150924.35,SALARIED,N,2026-02-20
105475,VERIFIED,LOW,132591.55,SALARIED,N,2025-09-16
105476,VERIFIED,LOW,91552.88,SALARIED,N,2026-02-24
105477,VERIFIED,MEDIUM,186815.41,SALARIED,N,2025-02-08
105478,VERIFIED,LOW,35254.62,STUDENT,N,2025-08-20
105479,VERIFIED,HIGH,142951.5,SALARIED,N,2025-02-19
105480,VERIFIED,MEDIUM,79443.88,RETIRED,N,2025-07-19
105481,VERIFIED,LOW,75877.09,PROFESSIONAL,N,2025-07-10
105482,VERIFIED,LOW,26239.38,PROFESSIONAL,N,2025-03-14
105483,VERIFIED,MEDIUM,82609.0,SELF_EMPLOYED,N,2025-10-01
105484,VERIFIED,LOW,140100.3,SALARIED,N,2025-03-03
105485,VERIFIED,LOW,16586.32,SELF_EMPLOYED,N,2026-03-19
105486,VERIFIED,LOW,110980.18,SALARIED,N,2025-02-26
105487,VERIFIED,LOW,14983.43,SALARIED,N,2026-07-29
105488,VERIFIED,MEDIUM,26336.18,PROFESSIONAL,N,2026-03-31
105489,VERIFIED,LOW,62236.91,SALARIED,N,2025-08-16
105490,VERIFIED,MEDIUM,185120.29,SELF_EMPLOYED,N,2025-12-12
105491,VERIFIED,MEDIUM,60884.93,SALARIED,N,2025-11-25
105492,VERIFIED,MEDIUM,89812.33,SALARIED,N,2026-07-23
105493,VERIFIED,MEDIUM,36629.04,SALARIED,N,2025-05-11
105494,VERIFIED,LOW,58321.37,SALARIED,N,2025-03-15
105495,VERIFIED,LOW,63852.34,SELF_EMPLOYED,N,2025-10-07
105496,VERIFIED,MEDIUM,190801.81,SALARIED,N,2026-10-12
105497,VERIFIED,LOW,40711.27,SALARIED,N,2025-07-09
105498,VERIFIED,LOW,43111.08,SALARIED,N,2025-10-22
105499,VERIFIED,HIGH,133243.92,SALARIED,N,2026-07-01
105500,VERIFIED,MEDIUM,56362.98,PROFESSIONAL,N,2026-05-27
105501,VERIFIED,LOW,71222.28,SALARIED,N,2025-05-05
105502,VERIFIED,MEDIUM,87804.82,SALARIED,N,2025-05-30
105503,VERIFIED,MEDIUM,43751.03,SALARIED,N,2025-04-20
105504,VERIFIED,MEDIUM,17430.63,SALARIED,N,2025-07-27
105505,VERIFIED,MEDIUM,133099.48,SALARIED,N,2025-06-08
105506,VERIFIED,LOW,71360.05,SELF_EMPLOYED,N,2025-03-21
105507,VERIFIED,MEDIUM,28852.88,SALARIED,N,2025-02-08
105508,VERIFIED,MEDIUM,109728.35,SALARIED,N,2025-08-18
105509,VERIFIED,LOW,244263.46,PROFESSIONAL,N,2025-06-22
105510,VERIFIED,MEDIUM,143658.36,SALARIED,N,2025-08-31
105511,VERIFIED,LOW,255917.79,SELF_EMPLOYED,N,2025-07-06
105512,VERIFIED,HIGH,29790.52,RETIRED,N,2025-07-31
105513,VERIFIED,HIGH,77823.69,PROFESSIONAL,N,2025-03-07
105514,VERIFIED,LOW,83336.87,SALARIED,N,2026-08-13
105515,VERIFIED,LOW,61334.91,SALARIED,N,2025-06-05
105516,VERIFIED,LOW,53474.8,SALARIED,N,2026-07-07
105517,VERIFIED,LOW,9665.36,SALARIED,N,2026-04-21
105518,VERIFIED,LOW,198813.11,SELF_EMPLOYED,N,2025-03-11
105519,VERIFIED,LOW,23134.8,SALARIED,N,2025-10-24
105520,VERIFIED,LOW,119063.18,SELF_EMPLOYED,N,2025-09-12
105521,VERIFIED,MEDIUM,66644.54,PROFESSIONAL,N,2025-11-15
105522,VERIFIED,LOW,64872.7,SALARIED,N,2025-07-25
105523,VERIFIED,LOW,57897.97,SALARIED,N,2026-02-18
105524,VERIFIED,LOW,75309.52,SALARIED,N,2026-08-28
105525,PENDING,LOW,100358.71,PROFESSIONAL,N,2025-07-23
105526,VERIFIED,LOW,122835.69,SALARIED,N,2026-01-27
105527,VERIFIED,MEDIUM,60971.66,SALARIED,N,2025-07-25
105528,VERIFIED,LOW,30225.2,STUDENT,N,2026-08-02
105529,EXPIRED,MEDIUM,29558.42,SALARIED,N,2025-07-21
105530,VERIFIED,LOW,130002.06,SELF_EMPLOYED,N,2025-09-27
105531,VERIFIED,LOW,55472.65,SALARIED,N,2025-07-29
105532,VERIFIED,MEDIUM,33992.38,SALARIED,N,2026-02-07
105533,VERIFIED,LOW,40858.15,RETIRED,N,2026-09-02
105534,VERIFIED,LOW,62253.19,SELF_EMPLOYED,N,2025-04-01
105535,VERIFIED,LOW,28733.22,SELF_EMPLOYED,N,2025-08-01
105536,VERIFIED,MEDIUM,64845.26,SELF_EMPLOYED,N,2025-03-17
105537,VERIFIED,LOW,149416.0,SELF_EMPLOYED,N,2025-12-22
105538,VERIFIED,LOW,61258.08,SALARIED,N,2026-02-03
105539,VERIFIED,MEDIUM,20974.81,SALARIED,N,2026-03-26
105540,VERIFIED,MEDIUM,116314.94,STUDENT,N,2026-01-02
105541,VERIFIED,MEDIUM,136165.14,SELF_EMPLOYED,N,2026-05-07
105542,VERIFIED,LOW,140912.84,STUDENT,N,2026-08-04
105543,VERIFIED,MEDIUM,68757.75,PROFESSIONAL,N,2025-01-26
105544,VERIFIED,LOW,301179.23,PROFESSIONAL,N,2026-03-23
105545,VERIFIED,LOW,106764.63,SELF_EMPLOYED,N,2026-06-15
105546,VERIFIED,LOW,462022.45,RETIRED,N,2025-05-19
105547,VERIFIED,MEDIUM,159298.35,PROFESSIONAL,N,2025-02-26
105548,VERIFIED,LOW,144211.03,SALARIED,N,2025-12-05
105549,VERIFIED,LOW,44146.76,SALARIED,N,2025-12-03
105550,VERIFIED,LOW,35731.88,SALARIED,N,2025-01-28
105551,VERIFIED,MEDIUM,71330.69,SALARIED,N,2025-08-14
105552,VERIFIED,LOW,58387.5,SALARIED,N,2026-03-02
105553,VERIFIED,LOW,46656.72,SALARIED,N,2025-03-05
105554,VERIFIED,LOW,60803.57,SALARIED,N,2025-03-21
105555,VERIFIED,LOW,58178.63,SALARIED,N,2025-06-15
105556,VERIFIED,LOW,43648.01,PROFESSIONAL,N,2025-09-28
105557,VERIFIED,MEDIUM,101435.1,SALARIED,N,2025-10-14
105558,VERIFIED,LOW,40595.37,SELF_EMPLOYED,N,2025-01-26
105559,VERIFIED,LOW,64341.18,RETIRED,N,2025-08-11
105560,VERIFIED,LOW,30050.65,SALARIED,N,2026-03-10
105561,VERIFIED,LOW,70619.09,SALARIED,N,2025-10-28
105562,VERIFIED,MEDIUM,75422.25,SELF_EMPLOYED,N,2026-03-21
105563,VERIFIED,MEDIUM,35423.7,SELF_EMPLOYED,N,2025-12-15
105564,VERIFIED,MEDIUM,69272.72,SALARIED,N,2025-04-06
105565,VERIFIED,LOW,62094.79,SALARIED,N,2025-05-30
105566,VERIFIED,MEDIUM,49045.56,STUDENT,N,2025-04-24
105567,VERIFIED,LOW,49347.58,SALARIED,N,2026-02-22
105568,PENDING,LOW,88527.32,RETIRED,N,2025-07-29
105569,VERIFIED,LOW,67401.24,SALARIED,N,2025-11-23
105570,VERIFIED,LOW,123311.33,SALARIED,N,2026-10-09
105571,VERIFIED,LOW,33737.42,PROFESSIONAL,N,2025-03-18
105572,PENDING,LOW,58576.26,STUDENT,N,2026-07-31
105573,PENDING,LOW,44383.98,SALARIED,N,2026-01-15
105574,PENDING,LOW,68823.67,SALARIED,N,2025-10-29
105575,VERIFIED,MEDIUM,78823.32,SALARIED,N,2026-03-01
105576,EXPIRED,LOW,30691.99,STUDENT,N,2026-06-09
105577,VERIFIED,LOW,97290.88,STUDENT,N,2026-03-02
105578,VERIFIED,LOW,269902.02,SELF_EMPLOYED,N,2025-01-03
105579,VERIFIED,MEDIUM,73932.15,PROFESSIONAL,N,2026-08-12
105580,VERIFIED,MEDIUM,37643.72,SALARIED,N,2025-03-17
105581,VERIFIED,LOW,54732.13,SELF_EMPLOYED,N,2025-11-04
105582,VERIFIED,MEDIUM,53599.15,PROFESSIONAL,N,2026-04-19
105583,VERIFIED,LOW,42884.48,SALARIED,N,2026-06-08
105584,VERIFIED,HIGH,105849.13,SALARIED,N,2026-08-06
105585,VERIFIED,LOW,20230.6,SELF_EMPLOYED,N,2026-02-14
105586,VERIFIED,LOW,78992.47,STUDENT,N,2025-03-16
105587,VERIFIED,MEDIUM,153094.61,RETIRED,N,2025-08-28
105588,VERIFIED,LOW,146810.93,SALARIED,N,2026-05-25
105589,VERIFIED,MEDIUM,128788.81,SALARIED,N,2026-06-24
105590,VERIFIED,LOW,43085.01,SELF_EMPLOYED,N,2025-02-08
105591,PENDING,LOW,170655.85,SALARIED,N,2025-09-03
105592,VERIFIED,LOW,83977.7,SALARIED,N,2025-08-15
105593,VERIFIED,LOW,166895.25,SELF_EMPLOYED,N,2026-07-18
105594,VERIFIED,LOW,133654.74,SALARIED,N,2026-05-14
105595,VERIFIED,LOW,81174.52,PROFESSIONAL,N,2026-03-11
105596,VERIFIED,MEDIUM,56439.82,SALARIED,N,2025-11-08
105597,VERIFIED,LOW,307635.15,STUDENT,N,2025-02-20
105598,PENDING,LOW,20807.76,SELF_EMPLOYED,N,2026-04-30
105599,VERIFIED,MEDIUM,59115.55,SALARIED,N,2026-02-24
105600,EXPIRED,LOW,26542.02,SALARIED,N,2025-07-04
105601,VERIFIED,MEDIUM,71399.41,RETIRED,N,2025-08-07
105602,VERIFIED,LOW,83438.42,SALARIED,N,2026-03-11
105603,VERIFIED,MEDIUM,43568.78,SALARIED,N,2025-01-27
105604,VERIFIED,MEDIUM,45751.66,PROFESSIONAL,N,2026-05-29
105605,VERIFIED,LOW,28046.06,PROFESSIONAL,N,2026-01-20
105606,VERIFIED,LOW,88764.58,STUDENT,N,2025-05-10
105607,VERIFIED,LOW,48868.34,SELF_EMPLOYED,Y,2025-12-15
105608,VERIFIED,LOW,87078.78,SALARIED,N,2025-05-01
105609,VERIFIED,LOW,47077.47,SALARIED,N,2025-07-14
105610,VERIFIED,MEDIUM,77703.81,SALARIED,N,2025-01-30
105611,VERIFIED,MEDIUM,107015.02,SALARIED,N,2026-06-24
105612,VERIFIED,LOW,90312.01,STUDENT,N,2025-09-06
105613,VERIFIED,MEDIUM,75881.02,RETIRED,N,2026-03-19
105614,VERIFIED,LOW,61869.64,SALARIED,N,2025-01-10
105615,EXPIRED,LOW,90234.72,SALARIED,N,2026-07-14
105616,VERIFIED,LOW,44722.96,SALARIED,N,2025-12-09
105617,VERIFIED,LOW,58271.99,SALARIED,N,2025-04-17
105618,VERIFIED,LOW,82891.02,SALARIED,N,2025-06-30
105619,VERIFIED,LOW,179724.64,SELF_EMPLOYED,N,2025-09-20
105620,VERIFIED,LOW,44454.05,RETIRED,N,2026-10-05
105621,VERIFIED,MEDIUM,37220.48,SALARIED,N,2026-08-10
105622,VERIFIED,LOW,79649.14,RETIRED,N,2026-07-21
105623,VERIFIED,HIGH,145020.67,STUDENT,N,2025-05-01
105624,VERIFIED,LOW,112156.41,STUDENT,N,2025-12-24
105625,VERIFIED,MEDIUM,67117.82,SALARIED,N,2025-01-22
105626,VERIFIED,LOW,146775.61,SALARIED,N,2026-08-08
105627,VERIFIED,LOW,20402.25,SALARIED,N,2025-02-08
105628,VERIFIED,LOW,127699.73,SELF_EMPLOYED,N,2026-09-18
105629,VERIFIED,LOW,53948.14,SALARIED,N,2025-05-03
105630,VERIFIED,LOW,99657.27,SALARIED,N,2026-01-26
105631,EXPIRED,MEDIUM,127412.81,RETIRED,N,2026-06-17
105632,VERIFIED,MEDIUM,75050.32,SALARIED,N,2025-08-21
105633,VERIFIED,LOW,69257.84,SALARIED,N,2025-07-09
105634,EXPIRED,MEDIUM,51304.24,SALARIED,N,2026-07-28
105635,PENDING,LOW,198684.81,SELF_EMPLOYED,N,2026-03-16
105636,VERIFIED,LOW,82777.19,SALARIED,N,2025-06-23
105637,VERIFIED,LOW,76460.0,SALARIED,N,2025-01-04
105638,VERIFIED,LOW,176510.88,SALARIED,N,2025-08-02
105639,VERIFIED,LOW,47732.62,SALARIED,N,2025-06-14
105640,VERIFIED,LOW,56254.78,SELF_EMPLOYED,N,2026-02-27
105641,EXPIRED,LOW,121701.87,PROFESSIONAL,N,2025-09-12
105642,VERIFIED,MEDIUM,209678.53,SALARIED,N,2025-01-22
105643,VERIFIED,MEDIUM,68114.58,PROFESSIONAL,N,2026-03-01
105644,VERIFIED,HIGH,85074.26,SALARIED,N,2025-03-18
105645,VERIFIED,LOW,23565.1,SALARIED,N,2025-03-20
105646,VERIFIED,LOW,152274.24,SALARIED,N,2025-12-27
105647,VERIFIED,LOW,32726.68,SELF_EMPLOYED,N,2025-07-25
105648,VERIFIED,LOW,46600.56,SELF_EMPLOYED,N,2025-04-01
105649,VERIFIED,LOW,74791.71,SELF_EMPLOYED,N,2026-02-27
105650,VERIFIED,MEDIUM,43396.22,SALARIED,N,2026-07-11
105651,VERIFIED,HIGH,18756.79,SALARIED,N,2025-04-13
105652,VERIFIED,LOW,29637.32,PROFESSIONAL,N,2026-07-23
105653,VERIFIED,HIGH,70543.8,SALARIED,N,2025-02-15
105654,VERIFIED,LOW,175007.39,STUDENT,N,2025-11-30
105655,VERIFIED,LOW,166087.66,SALARIED,N,2026-04-14
105656,VERIFIED,LOW,84822.27,SELF_EMPLOYED,N,2025-03-02
105657,VERIFIED,LOW,73267.2,SELF_EMPLOYED,N,2026-08-30
105658,PENDING,LOW,111131.76,SALARIED,N,2025-07-02
105659,VERIFIED,LOW,156636.23,SALARIED,N,2026-05-16
105660,VERIFIED,LOW,71402.59,SALARIED,N,2026-01-15
105661,VERIFIED,LOW,73015.08,SALARIED,N,2025-08-24
105662,VERIFIED,MEDIUM,75531.63,SALARIED,N,2025-02-05
105663,VERIFIED,LOW,127547.36,SALARIED,N,2026-07-20
105664,VERIFIED,LOW,27186.86,SELF_EMPLOYED,N,2025-08-19
105665,PENDING,HIGH,66879.78,SELF_EMPLOYED,N,2025-11-24
105666,VERIFIED,MEDIUM,85852.86,SELF_EMPLOYED,N,2025-04-27
105667,VERIFIED,HIGH,19329.27,SALARIED,N,2025-09-23
105668,VERIFIED,LOW,120107.26,SALARIED,N,2026-01-10
105669,VERIFIED,LOW,133188.24,RETIRED,N,2026-09-30
105670,VERIFIED,MEDIUM,18676.65,STUDENT,N,2026-07-21
105671,VERIFIED,MEDIUM,50580.28,STUDENT,N,2026-09-07
105672,VERIFIED,LOW,51686.32,SELF_EMPLOYED,N,2026-08-08
105673,VERIFIED,HIGH,37132.44,SELF_EMPLOYED,N,2025-06-14
105674,VERIFIED,LOW,40614.53,SALARIED,N,2025-03-05
105675,VERIFIED,MEDIUM,47119.04,PROFESSIONAL,N,2025-10-22
105676,VERIFIED,LOW,98367.25,SALARIED,N,2025-03-03
105677,VERIFIED,LOW,148870.37,SALARIED,N,2026-03-16
105678,PENDING,LOW,94720.3,SALARIED,N,2026-04-17
105679,VERIFIED,LOW,36533.74,SELF_EMPLOYED,N,2026-04-29
105680,VERIFIED,LOW,110654.79,SALARIED,N,2025-01-05
105681,VERIFIED,LOW,97987.8,SALARIED,N,2025-01-05
105682,VERIFIED,LOW,9832.75,SALARIED,N,2025-11-20
105683,PENDING,LOW,148143.79,STUDENT,N,2025-09-29
105684,VERIFIED,LOW,72171.01,SELF_EMPLOYED,N,2026-03-05
105685,VERIFIED,LOW,73933.97,SALARIED,N,2026-04-10
105686,VERIFIED,LOW,21313.76,SALARIED,N,2025-09-10
105687,VERIFIED,LOW,188913.85,SELF_EMPLOYED,N,2026-06-10
105688,VERIFIED,LOW,82374.08,SELF_EMPLOYED,N,2025-10-05
105689,VERIFIED,MEDIUM,109515.65,SALARIED,N,2026-03-21
105690,VERIFIED,HIGH,27988.17,SALARIED,N,2025-10-14
105691,VERIFIED,LOW,92286.69,PROFESSIONAL,N,2025-02-21
105692,EXPIRED,LOW,93490.02,STUDENT,N,2025-07-12
105693,VERIFIED,MEDIUM,59807.42,SALARIED,N,2026-09-21
105694,VERIFIED,LOW,28550.7,SALARIED,N,2025-10-01
105695,VERIFIED,LOW,63580.24,PROFESSIONAL,N,2026-01-14
105696,VERIFIED,HIGH,35568.33,SELF_EMPLOYED,N,2026-06-07
105697,VERIFIED,MEDIUM,42030.8,SALARIED,N,2025-12-22
105698,VERIFIED,MEDIUM,140648.92,RETIRED,N,2026-06-28
105699,VERIFIED,LOW,70009.45,SALARIED,N,2025-03-30
105700,VERIFIED,LOW,62782.55,SELF_EMPLOYED,N,2026-01-24
105701,VERIFIED,MEDIUM,30821.18,SALARIED,N,2025-09-14
105702,VERIFIED,LOW,64230.25,SALARIED,N,2025-07-17
105703,VERIFIED,MEDIUM,60016.88,SALARIED,N,2025-09-07
105704,VERIFIED,LOW,34959.17,SALARIED,N,2025-09-21
105705,VERIFIED,MEDIUM,133954.12,SALARIED,N,2025-09-28
105706,PENDING,LOW,129849.78,SALARIED,N,2026-04-03
105707,VERIFIED,LOW,39997.76,STUDENT,N,2026-07-29
105708,VERIFIED,MEDIUM,85587.07,PROFESSIONAL,N,2025-11-05
105709,VERIFIED,MEDIUM,19845.49,SALARIED,N,2026-01-02
105710,VERIFIED,LOW,81377.63,SELF_EMPLOYED,N,2025-03-21
105711,VERIFIED,HIGH,109960.23,SELF_EMPLOYED,N,2025-10-01
105712,VERIFIED,LOW,31894.69,SALARIED,N,2026-03-09
105713,VERIFIED,LOW,66820.31,SALARIED,N,2026-06-02
105714,VERIFIED,LOW,71893.74,STUDENT,N,2025-03-02
105715,VERIFIED,MEDIUM,432757.3,SALARIED,N,2025-12-14
105716,VERIFIED,LOW,354168.28,PROFESSIONAL,N,2026-10-04
105717,VERIFIED,LOW,81572.49,PROFESSIONAL,N,2025-10-02
105718,VERIFIED,HIGH,42984.7,RETIRED,N,2025-07-28
105719,VERIFIED,LOW,77567.03,SALARIED,N,2026-04-04
105720,VERIFIED,MEDIUM,137595.42,SALARIED,N,2025-04-13
105721,VERIFIED,MEDIUM,22290.68,SALARIED,N,2026-02-02
105722,VERIFIED,LOW,16993.14,SELF_EMPLOYED,N,2026-01-23
105723,VERIFIED,MEDIUM,31417.58,STUDENT,N,2025-09-09
105724,VERIFIED,MEDIUM,108610.63,SALARIED,N,2026-05-07
105725,VERIFIED,LOW,112804.84,PROFESSIONAL,N,2025-06-25
105726,VERIFIED,LOW,88211.39,SALARIED,N,2026-04-13
105727,VERIFIED,LOW,136215.18,SALARIED,Y,2025-12-16
105728,VERIFIED,LOW,58804.25,SALARIED,N,2025-06-23
105729,VERIFIED,LOW,55485.74,SALARIED,N,2026-09-29
105730,VERIFIED,LOW,84992.12,SELF_EMPLOYED,N,2025-12-18
105731,VERIFIED,LOW,201256.63,SALARIED,N,2026-04-08
105732,VERIFIED,LOW,86443.34,SALARIED,N,2026-03-26
105733,VERIFIED,LOW,62178.5,SELF_EMPLOYED,N,2026-08-18
105734,VERIFIED,MEDIUM,85977.57,SALARIED,N,2026-06-14
105735,VERIFIED,MEDIUM,166852.56,SALARIED,N,2025-04-30
105736,VERIFIED,MEDIUM,52371.47,SALARIED,N,2025-11-11
105737,VERIFIED,MEDIUM,49456.44,SALARIED,N,2026-03-22
105738,VERIFIED,LOW,48624.16,SALARIED,N,2025-01-06
105739,VERIFIED,HIGH,112412.05,SELF_EMPLOYED,N,2025-06-30
105740,VERIFIED,MEDIUM,39874.24,SALARIED,N,2025-10-02
105741,VERIFIED,HIGH,100351.19,SELF_EMPLOYED,N,2025-04-29
105742,VERIFIED,LOW,25432.5,SELF_EMPLOYED,N,2026-02-04
105743,VERIFIED,LOW,55893.12,SALARIED,N,2025-07-15
105744,VERIFIED,LOW,63712.34,SALARIED,N,2025-04-02
105745,VERIFIED,LOW,211529.45,SALARIED,N,2025-11-12
105746,VERIFIED,LOW,124329.94,SALARIED,N,2026-08-25
105747,VERIFIED,LOW,52503.47,SALARIED,N,2025-04-09
105748,VERIFIED,HIGH,47236.25,SELF_EMPLOYED,N,2025-04-27
105749,VERIFIED,LOW,42691.95,SELF_EMPLOYED,N,2025-03-15
105750,VERIFIED,LOW,31906.12,SALARIED,N,2025-04-10
105751,VERIFIED,LOW,189136.42,SALARIED,N,2025-10-06
105752,VERIFIED,LOW,40479.9,STUDENT,N,2025-01-01
105753,VERIFIED,LOW,202512.27,SALARIED,N,2025-03-24
105754,VERIFIED,MEDIUM,70582.22,PROFESSIONAL,N,2025-06-12
105755,VERIFIED,LOW,62716.66,SALARIED,N,2025-01-01
105756,VERIFIED,LOW,70504.78,PROFESSIONAL,N,2026-06-28
105757,VERIFIED,LOW,145290.48,SALARIED,N,2025-07-16
105758,VERIFIED,LOW,37973.27,RETIRED,N,2026-04-13
105759,VERIFIED,LOW,92071.91,SALARIED,N,2026-03-16
105760,VERIFIED,LOW,64523.16,SELF_EMPLOYED,N,2025-04-08
105761,PENDING,HIGH,86003.4,SELF_EMPLOYED,N,2025-04-04
105762,VERIFIED,LOW,57936.61,SELF_EMPLOYED,N,2026-08-30
105763,VERIFIED,LOW,52331.99,SALARIED,N,2025-11-17
105764,VERIFIED,LOW,93098.14,SELF_EMPLOYED,N,2026-02-20
105765,VERIFIED,MEDIUM,26973.89,SELF_EMPLOYED,N,2026-03-30
105766,VERIFIED,LOW,163743.33,PROFESSIONAL,N,2025-11-26
105767,VERIFIED,MEDIUM,70981.14,SELF_EMPLOYED,N,2026-02-28
105768,VERIFIED,MEDIUM,46297.22,SELF_EMPLOYED,N,2025-03-23
105769,VERIFIED,LOW,84085.24,STUDENT,N,2026-08-13
105770,VERIFIED,MEDIUM,42132.36,STUDENT,N,2026-08-02
105771,VERIFIED,LOW,69650.67,SALARIED,N,2026-05-11
105772,VERIFIED,MEDIUM,69930.95,RETIRED,N,2026-01-26
105773,VERIFIED,LOW,149911.36,PROFESSIONAL,N,2025-10-06
105774,VERIFIED,LOW,79320.19,SELF_EMPLOYED,N,2025-03-31
105775,VERIFIED,LOW,31960.69,SELF_EMPLOYED,N,2025-08-20
105776,VERIFIED,LOW,96546.42,SALARIED,N,2025-11-10
105777,VERIFIED,LOW,105731.57,SALARIED,N,2026-05-21
105778,PENDING,LOW,23202.96,SALARIED,N,2025-01-25
105779,VERIFIED,LOW,30567.05,STUDENT,N,2025-10-09
105780,VERIFIED,LOW,244357.82,SELF_EMPLOYED,N,2025-02-19
105781,VERIFIED,LOW,53337.6,SALARIED,N,2026-02-11
105782,VERIFIED,LOW,54158.22,PROFESSIONAL,N,2025-05-02
105783,VERIFIED,MEDIUM,64684.78,SELF_EMPLOYED,N,2025-11-22
105784,PENDING,LOW,43628.39,SELF_EMPLOYED,N,2025-10-04
105785,VERIFIED,LOW,20907.3,SALARIED,N,2025-12-11
105786,VERIFIED,HIGH,31905.73,SELF_EMPLOYED,N,2026-06-16
105787,VERIFIED,LOW,43681.48,PROFESSIONAL,N,2025-04-30
105788,VERIFIED,LOW,47718.17,SALARIED,N,2026-03-13
105789,VERIFIED,MEDIUM,40130.33,SALARIED,N,2025-08-30
105790,VERIFIED,MEDIUM,25090.98,SALARIED,N,2026-03-21
105791,VERIFIED,LOW,46175.3,SELF_EMPLOYED,N,2025-07-16
105792,VERIFIED,LOW,136614.57,SELF_EMPLOYED,N,2025-02-19
105793,PENDING,LOW,42755.29,PROFESSIONAL,N,2025-08-01
105794,VERIFIED,MEDIUM,58776.69,SALARIED,N,2025-05-10
105795,VERIFIED,LOW,169143.28,STUDENT,N,2025-12-07
105796,VERIFIED,MEDIUM,42327.57,STUDENT,N,2025-10-16
105797,VERIFIED,LOW,482685.88,PROFESSIONAL,N,2026-07-23
105798,VERIFIED,LOW,118157.52,SELF_EMPLOYED,N,2026-09-02
105799,VERIFIED,LOW,69579.15,SALARIED,N,2025-04-22
105800,VERIFIED,LOW,56317.58,SELF_EMPLOYED,N,2026-02-12
105801,VERIFIED,MEDIUM,158317.49,SELF_EMPLOYED,N,2025-04-01
105802,VERIFIED,LOW,42168.34,SALARIED,N,2025-05-17
105803,PENDING,LOW,49948.61,RETIRED,N,2025-06-07
105804,VERIFIED,LOW,188099.99,SALARIED,N,2025-01-04
105805,VERIFIED,LOW,51840.0,STUDENT,N,2025-10-24
105806,VERIFIED,LOW,48856.99,STUDENT,N,2025-02-12
105807,VERIFIED,LOW,43020.57,SELF_EMPLOYED,N,2025-08-27
105808,VERIFIED,HIGH,18844.15,STUDENT,N,2025-04-25
105809,VERIFIED,LOW,127981.47,SALARIED,N,2026-10-06
105810,VERIFIED,LOW,64347.77,SALARIED,N,2026-02-13
105811,VERIFIED,LOW,132624.44,SALARIED,N,2025-02-13
105812,VERIFIED,LOW,59291.44,SALARIED,N,2025-04-04
105813,VERIFIED,LOW,50294.24,SALARIED,N,2026-07-18
105814,VERIFIED,HIGH,42992.2,SALARIED,N,2025-01-28
105815,VERIFIED,MEDIUM,103216.37,SALARIED,N,2026-01-04
105816,VERIFIED,LOW,39232.74,PROFESSIONAL,N,2026-01-09
105817,VERIFIED,LOW,84959.24,SALARIED,N,2026-04-07
105818,VERIFIED,LOW,67831.27,SELF_EMPLOYED,N,2025-04-26
105819,VERIFIED,MEDIUM,33600.51,SELF_EMPLOYED,N,2026-10-07
105820,VERIFIED,LOW,49445.53,SELF_EMPLOYED,N,2025-05-26
105821,VERIFIED,MEDIUM,66605.47,STUDENT,N,2025-03-04
105822,VERIFIED,MEDIUM,54077.89,SELF_EMPLOYED,N,2026-09-20
105823,VERIFIED,MEDIUM,226823.09,SELF_EMPLOYED,N,2026-05-23
105824,VERIFIED,LOW,77092.22,SALARIED,N,2026-06-14
105825,VERIFIED,MEDIUM,58252.27,SALARIED,N,2026-08-09
105826,VERIFIED,LOW,52259.54,SELF_EMPLOYED,N,2026-06-27
105827,VERIFIED,LOW,57010.46,STUDENT,N,2026-09-27
105828,PENDING,LOW,44574.85,SELF_EMPLOYED,N,2025-01-21
105829,VERIFIED,LOW,38753.89,RETIRED,N,2025-06-22
105830,VERIFIED,LOW,97645.52,STUDENT,N,2026-09-23
105831,EXPIRED,LOW,180051.38,STUDENT,N,2025-11-20
105832,VERIFIED,LOW,49367.06,PROFESSIONAL,N,2025-11-09
105833,VERIFIED,LOW,87474.17,RETIRED,N,2025-10-31
105834,VERIFIED,LOW,42968.46,SELF_EMPLOYED,N,2025-02-26
105835,VERIFIED,LOW,70788.4,SALARIED,N,2025-12-22
105836,VERIFIED,LOW,28267.84,SALARIED,N,2025-07-24
105837,VERIFIED,LOW,37995.69,STUDENT,N,2025-07-21
105838,VERIFIED,LOW,37124.57,SALARIED,N,2025-03-08
105839,VERIFIED,LOW,60210.57,SALARIED,N,2026-05-19
105840,VERIFIED,LOW,30933.39,SELF_EMPLOYED,N,2025-08-01
105841,VERIFIED,MEDIUM,15423.8,SALARIED,N,2025-11-30
105842,VERIFIED,MEDIUM,27158.79,SALARIED,N,2025-03-24
105843,VERIFIED,LOW,59073.81,RETIRED,N,2025-03-01
105844,VERIFIED,LOW,39531.51,SELF_EMPLOYED,N,2025-06-12
105845,VERIFIED,LOW,45414.0,SALARIED,N,2025-04-25
105846,VERIFIED,LOW,78583.0,SALARIED,N,2025-02-13
105847,VERIFIED,LOW,38805.08,SELF_EMPLOYED,N,2026-02-17
105848,VERIFIED,LOW,62814.86,SALARIED,N,2025-06-16
105849,VERIFIED,MEDIUM,265357.15,SALARIED,N,2026-01-14
105850,VERIFIED,LOW,51655.3,SALARIED,N,2025-08-10
105851,VERIFIED,LOW,57896.52,SALARIED,N,2026-05-05
105852,PENDING,LOW,84736.23,STUDENT,N,2026-08-18
105853,VERIFIED,LOW,38889.59,SALARIED,N,2026-09-14
105854,VERIFIED,LOW,45042.8,SALARIED,N,2025-05-03
105855,VERIFIED,LOW,62192.2,PROFESSIONAL,N,2026-02-28
105856,VERIFIED,LOW,75068.59,SALARIED,N,2026-06-23
105857,VERIFIED,MEDIUM,36141.62,SALARIED,N,2026-03-11
105858,VERIFIED,MEDIUM,95110.52,SALARIED,N,2026-06-16
105859,VERIFIED,MEDIUM,180832.11,RETIRED,N,2025-05-05
105860,VERIFIED,LOW,19082.56,SALARIED,N,2025-12-31
105861,VERIFIED,LOW,85348.47,SELF_EMPLOYED,N,2025-01-11
105862,VERIFIED,MEDIUM,62356.72,SELF_EMPLOYED,N,2025-10-12
105863,VERIFIED,LOW,54551.48,SALARIED,N,2025-03-13
105864,VERIFIED,MEDIUM,81803.68,PROFESSIONAL,N,2025-09-18
105865,VERIFIED,LOW,162190.36,SALARIED,N,2026-03-22
105866,VERIFIED,LOW,78207.76,SALARIED,N,2026-08-15
105867,VERIFIED,LOW,123434.54,SELF_EMPLOYED,N,2025-05-06
105868,VERIFIED,LOW,64515.37,SALARIED,N,2026-09-12
105869,VERIFIED,MEDIUM,83893.32,STUDENT,N,2025-03-04
105870,VERIFIED,MEDIUM,46465.81,SELF_EMPLOYED,N,2026-04-01
105871,VERIFIED,MEDIUM,67821.33,SALARIED,N,2026-08-17
105872,VERIFIED,MEDIUM,55449.49,SALARIED,N,2026-07-16
105873,VERIFIED,MEDIUM,70928.75,SELF_EMPLOYED,N,2025-08-30
105874,VERIFIED,MEDIUM,22563.78,STUDENT,N,2026-05-25
105875,VERIFIED,MEDIUM,32054.02,SALARIED,N,2026-03-14
105876,VERIFIED,MEDIUM,143239.97,SALARIED,N,2026-04-10
105877,VERIFIED,LOW,163758.55,SELF_EMPLOYED,N,2026-05-10
105878,VERIFIED,HIGH,21472.95,SELF_EMPLOYED,N,2025-06-06
105879,VERIFIED,LOW,45772.66,PROFESSIONAL,N,2025-09-05
105880,VERIFIED,LOW,40696.62,SALARIED,N,2025-09-27
105881,VERIFIED,LOW,78016.42,SALARIED,N,2026-02-13
105882,VERIFIED,MEDIUM,62664.58,SALARIED,N,2025-06-11
105883,VERIFIED,MEDIUM,102966.23,PROFESSIONAL,N,2025-03-28
105884,VERIFIED,LOW,27492.9,SALARIED,N,2026-05-05
105885,VERIFIED,LOW,83072.37,SALARIED,N,2025-08-27
105886,VERIFIED,MEDIUM,53262.71,SALARIED,N,2025-07-15
105887,EXPIRED,MEDIUM,40977.97,SALARIED,N,2026-10-10
105888,VERIFIED,LOW,88178.32,SALARIED,N,2026-04-03
105889,EXPIRED,MEDIUM,56350.92,PROFESSIONAL,N,2026-04-03
105890,VERIFIED,MEDIUM,61977.97,STUDENT,N,2025-08-04
105891,VERIFIED,LOW,157727.42,PROFESSIONAL,N,2025-03-26
105892,VERIFIED,LOW,69291.96,SALARIED,N,2025-02-10
105893,VERIFIED,LOW,234270.85,SELF_EMPLOYED,N,2026-05-19
105894,PENDING,MEDIUM,14554.51,SALARIED,N,2026-08-03
105895,VERIFIED,HIGH,65760.98,SALARIED,N,2026-07-03
105896,VERIFIED,HIGH,32127.2,SALARIED,N,2025-09-27
105897,VERIFIED,MEDIUM,36197.41,SELF_EMPLOYED,N,2025-09-05
105898,VERIFIED,LOW,43211.97,SALARIED,N,2025-05-30
105899,VERIFIED,LOW,120532.78,SALARIED,N,2026-07-21
105900,VERIFIED,LOW,50800.77,SALARIED,N,2025-12-14
105901,VERIFIED,LOW,31507.44,STUDENT,N,2025-03-16
105902,VERIFIED,MEDIUM,101602.21,SELF_EMPLOYED,N,2025-03-28
105903,VERIFIED,HIGH,30682.64,SALARIED,N,2025-02-07
105904,VERIFIED,LOW,196184.4,SALARIED,N,2025-01-08
105905,VERIFIED,LOW,28590.38,SALARIED,N,2026-04-04
105906,VERIFIED,LOW,54898.8,SALARIED,N,2025-01-16
105907,PENDING,LOW,231159.88,SALARIED,N,2026-04-23
105908,VERIFIED,LOW,53583.74,SALARIED,N,2026-10-06
105909,VERIFIED,LOW,87148.0,STUDENT,N,2026-06-25
105910,VERIFIED,LOW,61624.02,SALARIED,N,2026-06-02
105911,VERIFIED,LOW,66114.31,SALARIED,N,2026-05-25
105912,VERIFIED,HIGH,38870.17,SALARIED,N,2026-07-04
105913,PENDING,LOW,88838.47,SALARIED,N,2025-02-14
105914,VERIFIED,LOW,156806.42,SALARIED,N,2025-11-16
105915,VERIFIED,MEDIUM,18725.49,PROFESSIONAL,N,2025-08-01
105916,VERIFIED,LOW,36285.64,PROFESSIONAL,N,2025-12-12
105917,VERIFIED,LOW,46202.75,SALARIED,N,2025-09-04
105918,EXPIRED,HIGH,37169.8,PROFESSIONAL,N,2025-04-30
105919,VERIFIED,MEDIUM,100482.56,SALARIED,N,2026-01-31
105920,VERIFIED,LOW,44627.67,SALARIED,N,2025-11-20
105921,VERIFIED,LOW,69746.53,RETIRED,N,2025-05-18
105922,VERIFIED,LOW,174419.23,STUDENT,N,2026-01-13
105923,VERIFIED,MEDIUM,20606.54,SALARIED,N,2025-04-07
105924,VERIFIED,LOW,81312.09,SELF_EMPLOYED,N,2026-06-19
105925,VERIFIED,MEDIUM,61097.36,SELF_EMPLOYED,N,2026-01-28
105926,VERIFIED,LOW,61214.76,RETIRED,N,2026-07-09
105927,VERIFIED,LOW,36743.25,SALARIED,N,2025-11-03
105928,VERIFIED,LOW,51669.07,SALARIED,N,2026-06-17
105929,VERIFIED,LOW,65830.99,SELF_EMPLOYED,N,2025-06-06
105930,VERIFIED,LOW,58708.82,SALARIED,N,2026-09-12
105931,VERIFIED,LOW,104101.92,PROFESSIONAL,N,2026-09-29
105932,VERIFIED,LOW,32497.22,SALARIED,N,2026-08-12
105933,VERIFIED,LOW,26690.21,PROFESSIONAL,N,2026-05-01
105934,VERIFIED,LOW,17961.24,SALARIED,N,2025-06-30
105935,VERIFIED,MEDIUM,72538.0,PROFESSIONAL,N,2026-02-12
105936,EXPIRED,MEDIUM,108195.3,SALARIED,N,2025-05-08
105937,VERIFIED,LOW,30863.25,SALARIED,N,2025-08-30
105938,VERIFIED,MEDIUM,29124.69,SALARIED,N,2025-09-02
105939,PENDING,LOW,225835.56,SELF_EMPLOYED,N,2025-04-05
105940,VERIFIED,LOW,151796.71,SALARIED,N,2025-02-24
105941,VERIFIED,LOW,157462.18,SALARIED,N,2025-05-24
105942,VERIFIED,LOW,83032.27,STUDENT,N,2026-06-24
105943,VERIFIED,LOW,104663.5,SALARIED,N,2025-12-24
105944,EXPIRED,LOW,54908.34,SALARIED,N,2025-10-30
105945,VERIFIED,LOW,26227.75,SELF_EMPLOYED,N,2026-09-01
105946,VERIFIED,MEDIUM,27103.89,SALARIED,N,2025-03-20
105947,VERIFIED,LOW,66308.3,SELF_EMPLOYED,N,2025-04-03
105948,PENDING,LOW,120723.07,SALARIED,N,2025-10-24
105949,VERIFIED,LOW,59345.85,STUDENT,N,2026-03-28
105950,VERIFIED,LOW,98307.54,SALARIED,N,2025-12-25
105951,VERIFIED,LOW,62423.1,SALARIED,N,2026-07-15
105952,PENDING,LOW,80647.64,STUDENT,N,2025-08-23
105953,VERIFIED,LOW,109212.46,SELF_EMPLOYED,N,2026-03-28
105954,VERIFIED,LOW,157165.37,SALARIED,N,2025-07-24
105955,VERIFIED,LOW,79656.15,SALARIED,N,2025-06-17
105956,VERIFIED,LOW,233420.2,SELF_EMPLOYED,N,2025-10-15
105957,VERIFIED,MEDIUM,56867.95,SELF_EMPLOYED,N,2026-01-15
105958,VERIFIED,MEDIUM,156436.67,SALARIED,N,2025-06-12
105959,VERIFIED,LOW,96628.43,PROFESSIONAL,N,2026-09-15
105960,VERIFIED,MEDIUM,20132.94,SALARIED,N,2025-09-02
105961,VERIFIED,HIGH,165853.87,RETIRED,N,2025-11-17
105962,VERIFIED,LOW,36431.18,SELF_EMPLOYED,N,2026-04-04
105963,VERIFIED,MEDIUM,56288.55,SELF_EMPLOYED,N,2025-07-25
105964,VERIFIED,MEDIUM,116721.45,SELF_EMPLOYED,N,2026-08-11
105965,VERIFIED,LOW,40784.32,SALARIED,N,2026-05-09
105966,VERIFIED,LOW,63183.69,SALARIED,N,2025-02-04
105967,VERIFIED,HIGH,101436.35,STUDENT,N,2025-09-17
105968,VERIFIED,LOW,38776.18,STUDENT,N,2026-09-23
105969,PENDING,LOW,56766.54,SALARIED,N,2026-05-10
105970,VERIFIED,LOW,52589.3,STUDENT,N,2025-10-02
105971,VERIFIED,LOW,123818.77,SALARIED,N,2026-09-15
105972,VERIFIED,LOW,183396.73,SELF_EMPLOYED,N,2026-07-03
105973,VERIFIED,LOW,32369.41,STUDENT,N,2025-11-29
105974,VERIFIED,MEDIUM,69599.9,SALARIED,N,2026-03-05
105975,VERIFIED,LOW,47066.58,SALARIED,N,2026-04-08
105976,VERIFIED,MEDIUM,67519.12,SALARIED,N,2026-06-20
105977,VERIFIED,HIGH,208641.1,SELF_EMPLOYED,N,2025-04-15
105978,VERIFIED,LOW,84701.33,SELF_EMPLOYED,N,2025-04-11
105979,PENDING,HIGH,45890.9,SELF_EMPLOYED,N,2025-08-31
105980,EXPIRED,LOW,27190.87,STUDENT,N,2025-03-23
105981,VERIFIED,LOW,126678.85,SALARIED,N,2025-05-17
105982,VERIFIED,LOW,49095.84,RETIRED,N,2025-01-31
105983,PENDING,LOW,39958.87,SALARIED,N,2026-08-29
105984,VERIFIED,MEDIUM,80627.59,STUDENT,N,2025-05-22
105985,VERIFIED,LOW,96408.61,PROFESSIONAL,N,2025-06-20
105986,VERIFIED,LOW,52076.01,PROFESSIONAL,N,2026-02-24
105987,VERIFIED,MEDIUM,35779.96,STUDENT,N,2025-08-10
105988,VERIFIED,HIGH,161064.94,SALARIED,N,2025-11-23
105989,VERIFIED,MEDIUM,103187.17,SELF_EMPLOYED,N,2025-01-10
105990,VERIFIED,LOW,125707.68,SALARIED,N,2026-03-09
105991,VERIFIED,LOW,52468.79,SALARIED,N,2026-09-06
105992,VERIFIED,LOW,38588.86,SALARIED,N,2026-09-25
105993,VERIFIED,LOW,46803.42,SELF_EMPLOYED,N,2026-08-20
105994,VERIFIED,MEDIUM,24578.58,SELF_EMPLOYED,N,2025-04-15
105995,VERIFIED,LOW,53239.74,SELF_EMPLOYED,N,2025-06-03
105996,VERIFIED,HIGH,42660.17,SALARIED,N,2025-05-25
105997,VERIFIED,LOW,62912.18,SALARIED,N,2026-06-06
105998,VERIFIED,LOW,68313.98,STUDENT,N,2025-05-27
105999,VERIFIED,LOW,70189.88,SELF_EMPLOYED,N,2026-04-04
106000,VERIFIED,LOW,45230.08,SALARIED,N,2026-04-16
106001,VERIFIED,MEDIUM,30565.89,SALARIED,N,2026-09-05
106002,VERIFIED,MEDIUM,25914.94,PROFESSIONAL,N,2025-01-21
106003,VERIFIED,MEDIUM,75130.96,SALARIED,N,2025-03-23
106004,VERIFIED,MEDIUM,72256.78,STUDENT,N,2025-08-07
106005,VERIFIED,LOW,26773.09,SALARIED,N,2026-04-23
106006,VERIFIED,LOW,167242.65,SELF_EMPLOYED,N,2025-12-23
106007,VERIFIED,MEDIUM,113844.47,SALARIED,N,2025-07-28
106008,VERIFIED,LOW,34065.28,SALARIED,N,2025-01-09
106009,VERIFIED,LOW,78634.34,SALARIED,N,2025-01-14
106010,VERIFIED,LOW,60538.84,SELF_EMPLOYED,N,2026-08-29
106011,PENDING,HIGH,78537.41,SELF_EMPLOYED,N,2026-10-12
106012,VERIFIED,MEDIUM,73998.21,SALARIED,N,2026-09-18
106013,VERIFIED,LOW,102394.21,PROFESSIONAL,N,2026-04-24
106014,VERIFIED,LOW,173073.39,SALARIED,N,2026-06-19
106015,VERIFIED,LOW,80375.79,STUDENT,N,2025-11-26
106016,VERIFIED,LOW,93565.71,SELF_EMPLOYED,N,2025-11-03
106017,VERIFIED,LOW,171465.45,SALARIED,N,2026-09-20
106018,VERIFIED,LOW,46648.55,SALARIED,N,2026-01-16
106019,VERIFIED,HIGH,36080.42,SALARIED,N,2026-05-15
106020,VERIFIED,LOW,102412.97,PROFESSIONAL,N,2025-01-17
106021,VERIFIED,LOW,29885.17,SALARIED,N,2025-05-09
106022,VERIFIED,MEDIUM,39145.89,SELF_EMPLOYED,N,2026-06-08
106023,VERIFIED,LOW,176000.12,PROFESSIONAL,N,2025-10-25
106024,VERIFIED,LOW,21663.31,RETIRED,N,2025-01-09
106025,VERIFIED,LOW,80567.77,SALARIED,N,2026-02-05
106026,VERIFIED,LOW,25914.71,SELF_EMPLOYED,N,2026-02-13
106027,VERIFIED,LOW,86408.41,SALARIED,N,2025-07-04
106028,VERIFIED,MEDIUM,217741.76,SALARIED,N,2025-02-28
106029,VERIFIED,LOW,34259.68,SALARIED,N,2025-09-25
106030,VERIFIED,LOW,16862.39,SALARIED,N,2026-05-30
106031,VERIFIED,LOW,83432.38,SALARIED,N,2025-01-05
106032,VERIFIED,MEDIUM,44005.7,SALARIED,N,2025-12-11
106033,VERIFIED,MEDIUM,58708.73,PROFESSIONAL,Y,2025-12-27
106034,VERIFIED,HIGH,83873.34,PROFESSIONAL,N,2025-04-13
106035,VERIFIED,MEDIUM,95407.23,SALARIED,N,2025-10-24
106036,VERIFIED,LOW,96018.75,SALARIED,N,2025-02-13
106037,VERIFIED,LOW,65000.55,SALARIED,N,2025-08-19
106038,VERIFIED,LOW,87835.63,SELF_EMPLOYED,N,2025-06-09
106039,VERIFIED,LOW,58560.35,SELF_EMPLOYED,N,2025-11-22
106040,VERIFIED,LOW,53432.08,SALARIED,N,2026-09-22
106041,VERIFIED,MEDIUM,65474.56,SELF_EMPLOYED,N,2025-05-24
106042,VERIFIED,LOW,96299.25,SALARIED,N,2025-03-20
106043,VERIFIED,HIGH,43452.9,SALARIED,N,2025-12-28
106044,VERIFIED,LOW,76087.08,SALARIED,N,2025-10-24
106045,VERIFIED,MEDIUM,49101.17,PROFESSIONAL,N,2025-01-23
106046,VERIFIED,LOW,41012.38,PROFESSIONAL,N,2025-06-26
106047,VERIFIED,MEDIUM,131061.17,SALARIED,N,2026-02-20
106048,VERIFIED,HIGH,84223.59,SALARIED,N,2026-03-07
106049,VERIFIED,LOW,84730.11,SALARIED,N,2026-06-17
106050,VERIFIED,LOW,35793.3,SELF_EMPLOYED,N,2026-05-14
106051,VERIFIED,MEDIUM,56370.93,SALARIED,N,2025-09-10
106052,VERIFIED,MEDIUM,97780.96,PROFESSIONAL,N,2026-09-02
106053,EXPIRED,LOW,84283.09,SELF_EMPLOYED,N,2025-09-24
106054,VERIFIED,LOW,350456.76,SELF_EMPLOYED,N,2025-10-30
106055,VERIFIED,LOW,76338.47,SALARIED,N,2025-04-03
106056,VERIFIED,LOW,42948.96,SELF_EMPLOYED,N,2025-10-28
106057,VERIFIED,LOW,49868.64,SALARIED,N,2026-09-04
106058,VERIFIED,LOW,37921.21,SALARIED,N,2025-07-01
106059,VERIFIED,LOW,43471.58,SALARIED,N,2026-10-06
106060,VERIFIED,LOW,70602.54,SALARIED,N,2026-05-01
106061,VERIFIED,LOW,48949.92,SALARIED,N,2025-05-19
106062,VERIFIED,MEDIUM,157700.42,SELF_EMPLOYED,N,2026-10-07
106063,VERIFIED,LOW,117319.42,PROFESSIONAL,N,2026-06-28
106064,VERIFIED,LOW,116034.64,RETIRED,N,2025-08-20
106065,VERIFIED,MEDIUM,56177.68,SELF_EMPLOYED,N,2026-07-30
106066,VERIFIED,LOW,119848.35,STUDENT,N,2026-04-02
106067,VERIFIED,LOW,128673.37,SALARIED,N,2025-01-10
106068,VERIFIED,HIGH,186708.46,PROFESSIONAL,N,2026-05-17
106069,EXPIRED,LOW,46549.01,SALARIED,N,2026-07-26
106070,VERIFIED,LOW,66672.44,SELF_EMPLOYED,N,2026-06-14
106071,VERIFIED,LOW,40617.66,SALARIED,N,2025-10-26
106072,VERIFIED,LOW,367888.24,SELF_EMPLOYED,N,2026-01-28
106073,VERIFIED,MEDIUM,58034.13,SELF_EMPLOYED,N,2026-05-06
106074,VERIFIED,LOW,151641.55,PROFESSIONAL,N,2025-09-21
106075,VERIFIED,LOW,73261.43,SALARIED,N,2025-09-15
106076,VERIFIED,MEDIUM,117198.85,STUDENT,N,2026-01-20
106077,VERIFIED,MEDIUM,65551.02,SALARIED,N,2025-01-12
106078,VERIFIED,MEDIUM,120578.54,SALARIED,N,2025-03-07
106079,VERIFIED,MEDIUM,79190.02,SALARIED,N,2026-07-14
106080,VERIFIED,MEDIUM,200457.66,SALARIED,N,2026-09-23
106081,VERIFIED,LOW,80743.0,SELF_EMPLOYED,N,2025-10-18
106082,VERIFIED,LOW,41373.57,SALARIED,N,2025-04-12
106083,VERIFIED,LOW,92667.05,PROFESSIONAL,N,2025-03-21
106084,VERIFIED,LOW,66570.38,STUDENT,N,2025-05-22
106085,VERIFIED,MEDIUM,34846.74,SELF_EMPLOYED,N,2025-09-10
106086,VERIFIED,LOW,84668.88,SELF_EMPLOYED,N,2026-01-25
106087,VERIFIED,LOW,44315.05,SALARIED,N,2025-07-04
106088,PENDING,LOW,56769.24,SALARIED,N,2025-12-17
106089,VERIFIED,MEDIUM,67962.17,SALARIED,N,2026-03-19
106090,VERIFIED,LOW,17716.14,SALARIED,N,2025-02-12
106091,VERIFIED,MEDIUM,49992.73,SALARIED,N,2026-01-01
106092,VERIFIED,HIGH,120629.32,SELF_EMPLOYED,N,2025-12-31
106093,VERIFIED,MEDIUM,58396.93,SALARIED,N,2026-04-12
106094,VERIFIED,LOW,19222.68,STUDENT,N,2026-03-09
106095,VERIFIED,LOW,62749.65,PROFESSIONAL,N,2026-09-22
106096,VERIFIED,LOW,90574.31,SELF_EMPLOYED,N,2025-11-08
106097,VERIFIED,MEDIUM,54524.88,STUDENT,N,2025-06-05
106098,VERIFIED,LOW,55683.49,SALARIED,N,2026-01-11
106099,VERIFIED,MEDIUM,49508.65,STUDENT,N,2025-04-27
106100,VERIFIED,LOW,99051.95,SALARIED,N,2025-03-17
106101,VERIFIED,LOW,38779.79,SALARIED,N,2026-03-10
106102,VERIFIED,LOW,94378.93,PROFESSIONAL,N,2026-08-07
106103,VERIFIED,LOW,55595.13,PROFESSIONAL,N,2026-01-03
106104,VERIFIED,MEDIUM,149423.57,SALARIED,N,2026-10-09
106105,VERIFIED,LOW,48269.09,SELF_EMPLOYED,N,2025-12-29
106106,VERIFIED,LOW,32144.98,STUDENT,N,2026-02-04
106107,VERIFIED,LOW,98937.5,SALARIED,N,2026-02-16
106108,VERIFIED,LOW,91152.94,PROFESSIONAL,N,2025-12-24
106109,VERIFIED,MEDIUM,86484.76,SALARIED,N,2025-06-22
106110,VERIFIED,LOW,114715.8,STUDENT,N,2026-04-01
106111,VERIFIED,LOW,34503.26,SALARIED,N,2025-12-16
106112,VERIFIED,LOW,39638.27,SELF_EMPLOYED,N,2026-07-30
106113,VERIFIED,LOW,156028.8,PROFESSIONAL,N,2025-04-03
106114,VERIFIED,LOW,87823.2,SALARIED,Y,2025-04-30
106115,VERIFIED,MEDIUM,49208.61,STUDENT,N,2026-02-18
106116,VERIFIED,LOW,21028.91,SALARIED,N,2025-11-19
106117,VERIFIED,LOW,29473.33,SALARIED,N,2025-09-19
106118,VERIFIED,LOW,35513.2,SELF_EMPLOYED,N,2025-09-21
106119,VERIFIED,LOW,45945.2,SALARIED,N,2026-03-04
106120,VERIFIED,LOW,80706.31,STUDENT,N,2025-04-15
106121,VERIFIED,MEDIUM,27233.8,SALARIED,N,2025-11-10
106122,VERIFIED,LOW,46953.76,STUDENT,N,2025-09-25
106123,VERIFIED,LOW,29107.26,SELF_EMPLOYED,N,2026-01-01
106124,EXPIRED,HIGH,50317.67,STUDENT,N,2026-07-25
106125,VERIFIED,MEDIUM,311771.83,SALARIED,N,2025-01-28
106126,VERIFIED,LOW,143346.16,SALARIED,N,2025-03-15
106127,VERIFIED,MEDIUM,96067.45,SALARIED,N,2025-11-07
106128,VERIFIED,LOW,47123.98,SALARIED,N,2025-04-28
106129,VERIFIED,MEDIUM,32859.55,STUDENT,N,2025-12-29
106130,VERIFIED,LOW,62546.09,RETIRED,N,2026-02-21
106131,VERIFIED,LOW,24106.87,SALARIED,N,2026-09-25
106132,VERIFIED,MEDIUM,100839.06,SALARIED,N,2025-05-19
106133,VERIFIED,HIGH,58171.9,SALARIED,N,2025-04-21
106134,VERIFIED,LOW,64997.33,SALARIED,N,2025-04-23
106135,EXPIRED,LOW,22432.54,SALARIED,N,2026-04-30
106136,PENDING,HIGH,68348.7,RETIRED,N,2026-08-24
106137,VERIFIED,LOW,56648.34,SALARIED,N,2025-07-22
106138,VERIFIED,LOW,35531.49,SELF_EMPLOYED,N,2025-10-13
106139,VERIFIED,LOW,76565.15,PROFESSIONAL,N,2026-10-04
106140,VERIFIED,MEDIUM,51070.89,SALARIED,N,2025-05-20
106141,VERIFIED,LOW,80141.43,PROFESSIONAL,N,2025-02-02
106142,VERIFIED,HIGH,98903.93,SELF_EMPLOYED,N,2025-11-26
106143,VERIFIED,LOW,32691.16,STUDENT,N,2025-12-31
106144,VERIFIED,LOW,70937.76,RETIRED,N,2025-02-13
106145,VERIFIED,MEDIUM,70073.37,SELF_EMPLOYED,N,2026-01-10
106146,VERIFIED,LOW,148506.65,PROFESSIONAL,N,2025-06-01
106147,VERIFIED,LOW,114307.32,RETIRED,N,2025-03-30
106148,VERIFIED,HIGH,52764.03,PROFESSIONAL,N,2026-01-06
106149,VERIFIED,HIGH,50175.34,SELF_EMPLOYED,N,2026-07-14
106150,VERIFIED,MEDIUM,72930.87,SALARIED,N,2025-04-29
106151,VERIFIED,LOW,31876.95,SALARIED,N,2025-04-06
106152,VERIFIED,MEDIUM,35141.69,STUDENT,N,2026-08-24
106153,VERIFIED,LOW,48818.81,SALARIED,N,2026-06-09
106154,VERIFIED,LOW,14071.83,STUDENT,N,2025-06-08
106155,VERIFIED,LOW,34777.3,SELF_EMPLOYED,N,2025-07-09
106156,VERIFIED,LOW,53318.22,PROFESSIONAL,N,2025-07-06
106157,VERIFIED,LOW,396882.08,SALARIED,N,2025-10-11
106158,VERIFIED,LOW,43534.78,SALARIED,N,2026-04-05
106159,VERIFIED,LOW,101635.25,RETIRED,N,2026-05-25
106160,VERIFIED,MEDIUM,58177.13,SELF_EMPLOYED,N,2026-07-17
106161,VERIFIED,MEDIUM,88077.69,SELF_EMPLOYED,N,2026-10-08
106162,VERIFIED,LOW,32740.49,STUDENT,N,2025-02-23
106163,VERIFIED,HIGH,24229.88,SALARIED,N,2026-03-04
106164,VERIFIED,MEDIUM,161988.06,SALARIED,N,2025-12-29
106165,VERIFIED,MEDIUM,27874.08,SALARIED,N,2026-08-05
106166,VERIFIED,MEDIUM,173573.57,SELF_EMPLOYED,N,2026-04-22
106167,VERIFIED,LOW,51992.12,PROFESSIONAL,N,2026-06-24
106168,VERIFIED,MEDIUM,38654.12,SALARIED,N,2026-07-17
106169,VERIFIED,LOW,47303.45,SELF_EMPLOYED,N,2026-06-09
106170,VERIFIED,HIGH,187477.42,SELF_EMPLOYED,N,2025-02-26
106171,VERIFIED,LOW,42023.01,SALARIED,N,2026-02-08
106172,VERIFIED,MEDIUM,51618.64,SALARIED,N,2026-10-09
106173,VERIFIED,LOW,124730.32,STUDENT,N,2025-10-28
106174,VERIFIED,LOW,90033.55,SALARIED,N,2025-03-06
106175,VERIFIED,LOW,255342.45,SELF_EMPLOYED,N,2025-01-31
106176,VERIFIED,LOW,141131.71,SELF_EMPLOYED,N,2026-06-07
106177,VERIFIED,LOW,42084.04,SELF_EMPLOYED,N,2026-07-09
106178,VERIFIED,LOW,154302.34,STUDENT,N,2025-04-07
106179,VERIFIED,HIGH,18969.1,STUDENT,N,2026-09-16
106180,VERIFIED,MEDIUM,109168.87,PROFESSIONAL,N,2026-02-06
106181,VERIFIED,LOW,43237.54,SALARIED,N,2025-08-01
106182,VERIFIED,MEDIUM,97455.47,SALARIED,N,2025-08-10
106183,VERIFIED,LOW,237113.11,SELF_EMPLOYED,N,2025-06-01
106184,PENDING,MEDIUM,22342.34,PROFESSIONAL,N,2025-08-10
106185,VERIFIED,MEDIUM,120559.04,SALARIED,N,2025-03-15
106186,VERIFIED,MEDIUM,114243.27,PROFESSIONAL,N,2025-08-29
106187,VERIFIED,LOW,101636.87,PROFESSIONAL,N,2025-04-11
106188,VERIFIED,MEDIUM,34992.12,SALARIED,N,2026-04-13
106189,PENDING,MEDIUM,62431.35,STUDENT,N,2026-04-16
106190,VERIFIED,LOW,35384.0,STUDENT,N,2025-09-10
106191,VERIFIED,LOW,87509.23,SALARIED,N,2026-10-10
106192,VERIFIED,MEDIUM,28344.72,SALARIED,N,2026-08-30
106193,VERIFIED,HIGH,49800.04,SALARIED,N,2026-05-13
106194,VERIFIED,LOW,99664.36,STUDENT,N,2025-05-10
106195,VERIFIED,LOW,41097.97,SALARIED,Y,2025-11-11
106196,VERIFIED,LOW,51145.28,SALARIED,N,2025-01-04
106197,VERIFIED,LOW,36708.51,SALARIED,N,2025-02-03
106198,VERIFIED,MEDIUM,78186.67,SELF_EMPLOYED,N,2025-04-25
106199,VERIFIED,LOW,60507.77,SALARIED,N,2026-03-25
106200,VERIFIED,LOW,41100.82,SALARIED,N,2026-09-16
106201,VERIFIED,LOW,43916.82,SELF_EMPLOYED,N,2025-01-14
106202,VERIFIED,MEDIUM,73332.6,SALARIED,N,2026-02-21
106203,VERIFIED,MEDIUM,33261.54,SALARIED,N,2025-10-27
106204,VERIFIED,LOW,64293.33,RETIRED,N,2026-02-04
106205,VERIFIED,LOW,67614.11,SALARIED,N,2025-10-03
106206,VERIFIED,LOW,73238.9,RETIRED,N,2026-09-28
106207,VERIFIED,MEDIUM,46878.59,PROFESSIONAL,N,2025-06-09
106208,VERIFIED,LOW,98057.13,SALARIED,N,2025-10-22
106209,VERIFIED,MEDIUM,123629.46,SALARIED,N,2026-04-01
106210,VERIFIED,LOW,100786.56,SALARIED,N,2025-07-23
106211,VERIFIED,LOW,75840.31,PROFESSIONAL,N,2026-10-04
106212,VERIFIED,LOW,26181.96,SALARIED,N,2025-01-07
106213,VERIFIED,MEDIUM,196639.66,SALARIED,N,2026-02-10
106214,VERIFIED,MEDIUM,68740.64,PROFESSIONAL,N,2025-07-01
106215,VERIFIED,LOW,81039.3,PROFESSIONAL,N,2025-03-16
106216,VERIFIED,LOW,41845.4,PROFESSIONAL,N,2025-11-07
106217,VERIFIED,LOW,57548.81,SALARIED,N,2026-01-23
106218,VERIFIED,LOW,142429.11,PROFESSIONAL,N,2025-01-02
106219,VERIFIED,MEDIUM,110055.14,SELF_EMPLOYED,N,2026-02-16
106220,VERIFIED,LOW,54050.16,STUDENT,N,2026-07-14
106221,VERIFIED,LOW,178614.59,SELF_EMPLOYED,N,2025-01-05
106222,VERIFIED,MEDIUM,34336.91,SELF_EMPLOYED,N,2025-12-22
106223,VERIFIED,LOW,22191.16,SELF_EMPLOYED,N,2026-09-19
106224,VERIFIED,LOW,18883.54,SALARIED,N,2026-07-26
106225,VERIFIED,LOW,110936.81,SELF_EMPLOYED,N,2025-11-04
106226,VERIFIED,LOW,42089.69,RETIRED,N,2026-04-06
106227,VERIFIED,LOW,60400.97,STUDENT,N,2025-07-21
106228,PENDING,HIGH,134772.37,SALARIED,Y,2026-02-12
106229,VERIFIED,LOW,81935.05,SALARIED,N,2025-04-01
106230,VERIFIED,LOW,30608.16,SALARIED,N,2026-04-07
106231,VERIFIED,LOW,190179.88,PROFESSIONAL,N,2025-10-30
106232,VERIFIED,LOW,54767.56,SELF_EMPLOYED,N,2026-04-26
106233,PENDING,MEDIUM,63518.5,STUDENT,N,2026-06-11
106234,VERIFIED,LOW,41633.64,SALARIED,N,2025-09-18
106235,VERIFIED,HIGH,32042.9,SELF_EMPLOYED,N,2025-07-10
106236,VERIFIED,LOW,76859.47,SALARIED,N,2026-04-12
106237,VERIFIED,MEDIUM,25928.47,SELF_EMPLOYED,N,2025-09-08
106238,VERIFIED,LOW,62692.51,PROFESSIONAL,N,2026-07-18
106239,VERIFIED,LOW,185444.17,PROFESSIONAL,N,2025-11-01
106240,VERIFIED,MEDIUM,107830.85,SALARIED,N,2026-05-04
106241,VERIFIED,LOW,75503.78,STUDENT,N,2026-09-08
106242,PENDING,MEDIUM,32406.1,RETIRED,N,2026-03-15
106243,VERIFIED,LOW,63611.01,PROFESSIONAL,N,2026-01-22
106244,VERIFIED,MEDIUM,39440.99,SALARIED,N,2026-06-27
106245,VERIFIED,LOW,168964.41,SALARIED,N,2026-06-14
106246,VERIFIED,LOW,48627.24,SALARIED,N,2025-05-17
106247,VERIFIED,MEDIUM,39700.42,RETIRED,N,2025-09-15
106248,VERIFIED,MEDIUM,57439.67,SALARIED,N,2025-07-30
106249,VERIFIED,MEDIUM,39810.32,STUDENT,N,2026-06-14
106250,VERIFIED,HIGH,77124.39,PROFESSIONAL,N,2026-01-10
106251,VERIFIED,LOW,216171.45,SALARIED,N,2025-03-19
106252,VERIFIED,MEDIUM,66480.21,SALARIED,N,2025-05-13
106253,VERIFIED,MEDIUM,36322.55,SALARIED,N,2025-07-11
106254,VERIFIED,LOW,59711.82,SALARIED,N,2026-03-28
106255,EXPIRED,LOW,28967.22,SELF_EMPLOYED,N,2026-01-24
106256,VERIFIED,LOW,428381.37,SALARIED,N,2026-05-06
106257,VERIFIED,MEDIUM,213326.18,SELF_EMPLOYED,N,2025-10-08
106258,VERIFIED,HIGH,148830.3,STUDENT,N,2025-01-17
106259,VERIFIED,MEDIUM,107841.64,SALARIED,N,2025-07-21
106260,VERIFIED,LOW,59422.81,SALARIED,N,2026-03-06
106261,VERIFIED,MEDIUM,60281.49,STUDENT,N,2025-07-28
106262,VERIFIED,LOW,57339.81,SELF_EMPLOYED,N,2025-01-20
106263,VERIFIED,HIGH,310195.6,SALARIED,N,2026-06-07
106264,VERIFIED,HIGH,58401.84,SALARIED,N,2025-01-31
106265,PENDING,LOW,45859.74,SALARIED,N,2026-04-10
106266,VERIFIED,LOW,61823.98,SALARIED,N,2025-04-07
106267,VERIFIED,HIGH,92599.02,PROFESSIONAL,N,2026-05-21
106268,VERIFIED,MEDIUM,6880.59,SALARIED,N,2025-05-30
106269,VERIFIED,HIGH,85447.73,SALARIED,N,2026-01-07
106270,VERIFIED,LOW,12674.76,SALARIED,N,2026-07-16
106271,VERIFIED,LOW,172275.3,PROFESSIONAL,N,2025-05-04
106272,VERIFIED,LOW,21575.48,SALARIED,N,2025-12-29
106273,VERIFIED,LOW,39258.88,SALARIED,N,2026-06-10
106274,VERIFIED,MEDIUM,19032.78,SALARIED,N,2025-02-05
106275,VERIFIED,LOW,213316.41,STUDENT,N,2025-10-11
106276,VERIFIED,LOW,65644.97,STUDENT,N,2026-09-17
106277,VERIFIED,MEDIUM,281328.72,PROFESSIONAL,N,2026-06-16
106278,EXPIRED,LOW,240900.67,PROFESSIONAL,N,2025-10-31
106279,VERIFIED,LOW,149048.97,RETIRED,N,2025-01-20
106280,VERIFIED,MEDIUM,26605.85,SALARIED,N,2025-12-24
106281,EXPIRED,LOW,73685.51,STUDENT,N,2025-01-30
106282,PENDING,LOW,160819.35,STUDENT,N,2026-04-05
106283,VERIFIED,MEDIUM,85198.49,SALARIED,N,2025-07-26
106284,VERIFIED,LOW,52031.37,SALARIED,N,2026-06-30
106285,VERIFIED,MEDIUM,83158.08,SELF_EMPLOYED,N,2025-10-11
106286,VERIFIED,MEDIUM,88521.9,PROFESSIONAL,N,2026-01-19
106287,VERIFIED,LOW,25331.4,SELF_EMPLOYED,N,2025-04-24
106288,VERIFIED,LOW,45777.28,SELF_EMPLOYED,N,2026-02-11
106289,VERIFIED,LOW,101168.31,SALARIED,N,2025-11-16
106290,VERIFIED,MEDIUM,116815.74,SALARIED,N,2025-02-25
106291,VERIFIED,LOW,77512.95,SALARIED,N,2026-03-05
106292,VERIFIED,LOW,50760.68,SALARIED,N,2025-02-05
106293,VERIFIED,MEDIUM,58408.78,SALARIED,N,2026-08-19
106294,VERIFIED,LOW,40525.64,SALARIED,N,2025-06-18
106295,VERIFIED,LOW,61843.31,RETIRED,N,2025-10-26
106296,VERIFIED,MEDIUM,114983.99,PROFESSIONAL,N,2025-12-23
106297,PENDING,LOW,320719.74,SALARIED,N,2026-02-18
106298,PENDING,MEDIUM,30249.67,SALARIED,N,2026-08-06
106299,VERIFIED,LOW,150752.56,SALARIED,N,2025-11-19
106300,VERIFIED,LOW,84865.54,SALARIED,N,2025-04-23
106301,VERIFIED,LOW,23369.72,SALARIED,N,2026-09-06
106302,VERIFIED,MEDIUM,62099.82,SALARIED,N,2026-09-03
106303,VERIFIED,LOW,58788.8,PROFESSIONAL,N,2025-09-17
106304,VERIFIED,MEDIUM,66101.6,SALARIED,N,2025-06-21
106305,VERIFIED,LOW,130751.92,STUDENT,N,2026-04-17
106306,VERIFIED,MEDIUM,238868.64,STUDENT,N,2026-06-17
106307,VERIFIED,LOW,153552.64,SALARIED,N,2025-03-11
106308,VERIFIED,MEDIUM,75987.6,SALARIED,N,2025-07-05
106309,VERIFIED,LOW,81677.98,SELF_EMPLOYED,N,2025-07-05
106310,VERIFIED,LOW,255587.68,STUDENT,N,2025-09-21
106311,VERIFIED,LOW,33250.93,PROFESSIONAL,N,2026-01-15
106312,VERIFIED,LOW,148353.39,SALARIED,N,2026-04-02
106313,VERIFIED,LOW,31390.78,PROFESSIONAL,N,2026-06-29
106314,PENDING,LOW,24549.38,SELF_EMPLOYED,N,2026-07-28
106315,VERIFIED,HIGH,99733.81,SALARIED,N,2025-09-21
106316,PENDING,MEDIUM,22528.56,SALARIED,N,2025-06-09
106317,VERIFIED,HIGH,51260.13,SALARIED,N,2025-02-12
106318,VERIFIED,LOW,161663.41,PROFESSIONAL,N,2026-05-17
106319,VERIFIED,LOW,36533.08,SALARIED,N,2025-06-04
106320,VERIFIED,LOW,212757.3,RETIRED,N,2026-10-08
106321,VERIFIED,MEDIUM,15253.92,SALARIED,N,2025-08-04
106322,VERIFIED,HIGH,130453.76,SALARIED,N,2025-09-17
106323,VERIFIED,LOW,26911.78,SALARIED,N,2026-04-17
106324,VERIFIED,LOW,58319.41,SALARIED,N,2025-03-05
106325,VERIFIED,LOW,76132.75,SELF_EMPLOYED,N,2025-06-12
106326,VERIFIED,LOW,55077.94,SALARIED,N,2026-01-07
106327,VERIFIED,MEDIUM,55981.76,SALARIED,N,2025-10-31
106328,VERIFIED,MEDIUM,25770.33,SALARIED,N,2025-06-04
106329,VERIFIED,MEDIUM,165998.81,SALARIED,N,2025-08-13
106330,VERIFIED,LOW,29751.18,SALARIED,N,2025-03-02
106331,VERIFIED,LOW,29733.86,SALARIED,N,2026-07-22
106332,VERIFIED,LOW,62118.39,PROFESSIONAL,N,2026-01-28
106333,VERIFIED,MEDIUM,42068.79,STUDENT,N,2026-08-01
106334,VERIFIED,LOW,114128.31,SALARIED,N,2025-08-17
106335,VERIFIED,LOW,46778.57,SALARIED,N,2026-06-07
106336,VERIFIED,LOW,66120.56,SALARIED,N,2025-07-16
106337,VERIFIED,LOW,71283.52,SALARIED,N,2025-08-22
106338,VERIFIED,LOW,124613.2,SALARIED,N,2026-08-15
106339,VERIFIED,LOW,46957.63,SELF_EMPLOYED,N,2025-09-02
106340,PENDING,MEDIUM,22322.22,SALARIED,N,2025-03-13
106341,VERIFIED,LOW,39094.69,SALARIED,N,2026-02-08
106342,VERIFIED,HIGH,138586.41,SALARIED,N,2025-10-18
106343,VERIFIED,LOW,82970.43,PROFESSIONAL,N,2026-07-21
106344,VERIFIED,LOW,52012.14,PROFESSIONAL,N,2026-04-09
106345,VERIFIED,MEDIUM,68852.95,STUDENT,N,2026-06-27
106346,VERIFIED,LOW,55677.95,SALARIED,N,2026-02-08
106347,VERIFIED,MEDIUM,110414.79,STUDENT,N,2025-03-27
106348,VERIFIED,MEDIUM,82401.62,STUDENT,N,2026-02-21
106349,VERIFIED,LOW,55200.39,PROFESSIONAL,N,2026-01-16
106350,VERIFIED,HIGH,120147.92,SALARIED,N,2026-06-08
106351,VERIFIED,LOW,142190.55,SALARIED,N,2025-01-14
106352,PENDING,LOW,36403.72,RETIRED,N,2025-08-09
106353,VERIFIED,MEDIUM,36839.01,SALARIED,N,2025-04-11
106354,VERIFIED,LOW,315100.43,PROFESSIONAL,N,2025-10-21
106355,VERIFIED,MEDIUM,99404.46,SALARIED,N,2026-10-12
106356,VERIFIED,LOW,195842.7,SALARIED,N,2025-08-02
106357,VERIFIED,MEDIUM,118188.86,SALARIED,N,2025-01-23
106358,VERIFIED,LOW,89199.26,PROFESSIONAL,N,2025-06-16
106359,VERIFIED,LOW,16500.6,SALARIED,N,2026-04-27
106360,VERIFIED,HIGH,29918.85,SALARIED,N,2025-08-27
106361,VERIFIED,MEDIUM,100983.24,STUDENT,N,2025-05-11
106362,VERIFIED,MEDIUM,36746.38,STUDENT,N,2025-08-08
106363,VERIFIED,LOW,60091.96,PROFESSIONAL,N,2026-03-29
106364,VERIFIED,MEDIUM,119578.06,SALARIED,N,2025-10-03
106365,VERIFIED,LOW,72270.16,SELF_EMPLOYED,N,2025-07-04
106366,VERIFIED,LOW,85751.22,SALARIED,N,2026-07-11
106367,VERIFIED,LOW,163108.42,RETIRED,N,2025-11-24
106368,VERIFIED,LOW,173952.14,SELF_EMPLOYED,N,2025-08-15
106369,PENDING,LOW,63792.78,STUDENT,N,2026-07-09
106370,VERIFIED,MEDIUM,151458.79,SALARIED,N,2025-10-16
106371,VERIFIED,LOW,35435.12,PROFESSIONAL,N,2025-05-14
106372,VERIFIED,LOW,76681.28,SALARIED,N,2025-10-08
106373,VERIFIED,MEDIUM,95598.36,SALARIED,N,2026-05-26
106374,VERIFIED,LOW,61789.53,PROFESSIONAL,N,2025-07-04
106375,VERIFIED,LOW,57277.73,SALARIED,N,2025-05-02
106376,VERIFIED,LOW,31964.49,SALARIED,N,2025-11-09
106377,VERIFIED,LOW,64658.85,SALARIED,N,2026-08-06
106378,VERIFIED,MEDIUM,23260.02,SALARIED,N,2026-07-18
106379,VERIFIED,LOW,60683.84,SELF_EMPLOYED,N,2026-07-27
106380,VERIFIED,LOW,68816.54,STUDENT,N,2025-06-28
106381,EXPIRED,LOW,107409.06,PROFESSIONAL,N,2026-07-05
106382,VERIFIED,LOW,30804.23,SELF_EMPLOYED,N,2025-11-13
106383,VERIFIED,LOW,82530.27,SALARIED,N,2025-08-04
106384,VERIFIED,LOW,95827.52,SALARIED,N,2025-11-11
106385,VERIFIED,LOW,65229.16,SALARIED,N,2026-04-12
106386,VERIFIED,MEDIUM,88506.0,PROFESSIONAL,N,2026-03-27
106387,EXPIRED,LOW,78859.4,SALARIED,N,2026-05-26
106388,VERIFIED,LOW,12204.43,SALARIED,N,2025-11-22
106389,VERIFIED,MEDIUM,36337.94,STUDENT,N,2025-05-05
106390,VERIFIED,LOW,266409.74,STUDENT,N,2025-05-28
106391,VERIFIED,LOW,101358.51,PROFESSIONAL,N,2025-05-18
106392,VERIFIED,HIGH,44754.92,SELF_EMPLOYED,N,2025-08-28
106393,VERIFIED,LOW,83977.82,SALARIED,N,2025-03-19
106394,EXPIRED,MEDIUM,105044.19,PROFESSIONAL,N,2025-04-23
106395,VERIFIED,MEDIUM,180183.27,PROFESSIONAL,N,2026-02-27
106396,VERIFIED,LOW,51376.79,SALARIED,N,2025-02-27
106397,VERIFIED,LOW,44917.67,SALARIED,N,2026-01-10
106398,VERIFIED,LOW,47880.41,SALARIED,N,2025-04-17
106399,VERIFIED,LOW,45642.55,SELF_EMPLOYED,N,2025-06-02
106400,PENDING,LOW,44656.03,SALARIED,N,2025-03-06
106401,VERIFIED,HIGH,74742.43,SELF_EMPLOYED,N,2026-01-10
106402,VERIFIED,LOW,50328.05,SALARIED,N,2025-03-01
106403,PENDING,MEDIUM,63554.07,SELF_EMPLOYED,N,2026-09-01
106404,VERIFIED,LOW,223470.18,PROFESSIONAL,N,2025-04-03
106405,PENDING,LOW,35502.9,SELF_EMPLOYED,N,2025-08-19
106406,VERIFIED,LOW,82367.07,SALARIED,N,2025-09-01
106407,VERIFIED,LOW,31629.87,RETIRED,N,2025-03-18
106408,VERIFIED,LOW,120880.55,SELF_EMPLOYED,N,2025-04-03
106409,VERIFIED,LOW,136945.65,PROFESSIONAL,N,2025-11-19
106410,VERIFIED,MEDIUM,37647.19,SALARIED,N,2025-11-13
106411,VERIFIED,MEDIUM,42095.05,SALARIED,N,2025-10-04
106412,VERIFIED,LOW,102064.95,STUDENT,N,2025-06-16
106413,VERIFIED,LOW,55358.39,STUDENT,N,2026-09-30
106414,VERIFIED,MEDIUM,166233.95,SALARIED,N,2026-06-29
106415,VERIFIED,LOW,30297.17,RETIRED,N,2025-08-11
106416,VERIFIED,MEDIUM,133263.25,SELF_EMPLOYED,N,2025-03-17
106417,VERIFIED,LOW,283336.84,SALARIED,N,2025-09-18
106418,VERIFIED,LOW,85379.01,SALARIED,N,2026-04-11
106419,VERIFIED,LOW,43740.11,SELF_EMPLOYED,Y,2026-06-19
106420,VERIFIED,LOW,39930.01,SALARIED,N,2025-02-17
106421,VERIFIED,MEDIUM,59556.79,SELF_EMPLOYED,N,2025-05-25
106422,VERIFIED,LOW,102686.96,PROFESSIONAL,N,2026-09-22
106423,VERIFIED,HIGH,25063.57,SALARIED,N,2025-08-24
106424,VERIFIED,LOW,54102.82,PROFESSIONAL,N,2026-04-08
106425,VERIFIED,MEDIUM,72081.28,SELF_EMPLOYED,N,2026-06-01
106426,PENDING,MEDIUM,181716.78,SELF_EMPLOYED,N,2026-07-15
106427,VERIFIED,LOW,221927.63,SALARIED,N,2026-10-01
106428,VERIFIED,MEDIUM,60746.08,SELF_EMPLOYED,N,2025-03-01
106429,VERIFIED,LOW,32194.9,RETIRED,N,2025-08-03
106430,VERIFIED,LOW,72482.01,SALARIED,N,2026-02-01
106431,VERIFIED,LOW,74189.16,SALARIED,N,2025-03-26
106432,VERIFIED,LOW,143054.64,SELF_EMPLOYED,N,2025-01-05
106433,VERIFIED,LOW,49592.86,RETIRED,N,2025-12-15
106434,VERIFIED,LOW,34792.15,SALARIED,N,2025-08-30
106435,VERIFIED,HIGH,65672.16,SALARIED,N,2025-04-19
106436,VERIFIED,MEDIUM,53046.75,RETIRED,N,2026-10-01
106437,VERIFIED,MEDIUM,52139.94,SALARIED,N,2025-10-31
106438,VERIFIED,MEDIUM,37631.89,SALARIED,N,2025-08-26
106439,VERIFIED,MEDIUM,29259.25,SALARIED,N,2026-09-05
106440,VERIFIED,MEDIUM,98393.86,SALARIED,N,2026-01-10
106441,VERIFIED,LOW,78559.11,SALARIED,N,2025-06-09
106442,VERIFIED,MEDIUM,39249.74,SALARIED,N,2025-12-02
106443,VERIFIED,LOW,112753.41,SELF_EMPLOYED,N,2026-05-17
106444,VERIFIED,LOW,19976.44,SALARIED,N,2025-07-22
106445,PENDING,LOW,50756.94,SALARIED,N,2025-06-18
106446,VERIFIED,LOW,76113.38,SALARIED,N,2025-02-07
106447,VERIFIED,LOW,135957.98,SALARIED,N,2026-01-02
106448,VERIFIED,MEDIUM,46116.28,STUDENT,N,2026-07-20
106449,VERIFIED,LOW,137396.2,SALARIED,N,2025-02-16
106450,VERIFIED,LOW,43320.3,SALARIED,N,2026-03-09
106451,VERIFIED,HIGH,112865.21,SALARIED,N,2025-03-12
106452,VERIFIED,MEDIUM,197482.64,SALARIED,N,2026-09-28
106453,VERIFIED,MEDIUM,34545.69,SELF_EMPLOYED,N,2025-04-25
106454,VERIFIED,LOW,73015.83,SALARIED,N,2026-02-06
106455,VERIFIED,LOW,94033.17,SELF_EMPLOYED,N,2026-10-11
106456,VERIFIED,MEDIUM,29473.11,SALARIED,N,2025-03-10
106457,PENDING,LOW,87650.97,PROFESSIONAL,N,2025-12-08
106458,VERIFIED,LOW,45790.39,STUDENT,N,2025-10-16
106459,VERIFIED,LOW,38257.87,RETIRED,N,2025-01-22
106460,VERIFIED,MEDIUM,50253.99,STUDENT,N,2025-06-22
106461,EXPIRED,LOW,47932.18,SELF_EMPLOYED,N,2026-03-21
106462,PENDING,MEDIUM,111351.54,SALARIED,N,2026-09-01
106463,VERIFIED,MEDIUM,66132.09,SALARIED,N,2026-04-15
106464,VERIFIED,HIGH,297144.06,SALARIED,N,2025-05-18
106465,VERIFIED,LOW,46702.01,PROFESSIONAL,N,2026-01-19
106466,VERIFIED,LOW,90041.34,PROFESSIONAL,N,2025-10-17
106467,VERIFIED,MEDIUM,59998.04,SALARIED,N,2025-08-11
106468,VERIFIED,HIGH,28867.85,SALARIED,N,2026-09-07
106469,VERIFIED,LOW,186052.79,SALARIED,N,2025-04-13
106470,VERIFIED,LOW,71519.06,RETIRED,N,2025-02-26
106471,VERIFIED,LOW,39830.02,SALARIED,N,2025-06-04
106472,VERIFIED,MEDIUM,85811.19,PROFESSIONAL,N,2026-04-30
106473,VERIFIED,LOW,129536.42,PROFESSIONAL,N,2025-08-29
106474,VERIFIED,LOW,38110.3,PROFESSIONAL,N,2026-02-22
106475,VERIFIED,LOW,68372.58,SELF_EMPLOYED,N,2025-10-04
106476,VERIFIED,LOW,130120.95,SALARIED,N,2025-10-08
106477,VERIFIED,LOW,73666.23,SALARIED,N,2025-06-21
106478,VERIFIED,LOW,94865.18,STUDENT,N,2025-03-07
106479,VERIFIED,LOW,55734.95,SELF_EMPLOYED,N,2025-06-21
106480,VERIFIED,LOW,23804.41,SELF_EMPLOYED,N,2026-06-29
106481,VERIFIED,LOW,56181.23,SALARIED,N,2026-09-30
106482,VERIFIED,LOW,45962.88,SALARIED,N,2025-01-18
106483,VERIFIED,MEDIUM,61644.79,SELF_EMPLOYED,N,2025-12-19
106484,VERIFIED,LOW,46291.34,STUDENT,N,2026-05-26
106485,VERIFIED,LOW,73916.32,SALARIED,N,2026-03-03
106486,VERIFIED,LOW,52819.47,SALARIED,N,2026-01-28
106487,VERIFIED,LOW,111943.89,SALARIED,N,2025-09-30
106488,VERIFIED,MEDIUM,98733.92,STUDENT,N,2025-05-06
106489,VERIFIED,LOW,36283.39,SELF_EMPLOYED,Y,2025-04-12
106490,VERIFIED,LOW,149756.37,SELF_EMPLOYED,N,2025-12-31
106491,VERIFIED,MEDIUM,41352.09,SALARIED,N,2026-02-18
106492,VERIFIED,LOW,31862.75,SALARIED,N,2026-03-28
106493,PENDING,LOW,131397.35,SALARIED,N,2025-11-01
106494,VERIFIED,LOW,45026.28,SELF_EMPLOYED,N,2025-09-10
106495,VERIFIED,LOW,70515.43,SALARIED,N,2026-07-04
106496,VERIFIED,MEDIUM,28650.22,RETIRED,N,2026-06-05
106497,PENDING,MEDIUM,52160.45,SELF_EMPLOYED,N,2025-03-31
106498,VERIFIED,LOW,61390.46,SALARIED,N,2026-09-14
106499,VERIFIED,LOW,51269.21,SALARIED,N,2025-02-21
106500,VERIFIED,LOW,47383.31,SALARIED,N,2026-04-28
106501,VERIFIED,LOW,67957.11,SALARIED,N,2026-05-08
106502,VERIFIED,LOW,125935.0,RETIRED,N,2025-01-02
106503,VERIFIED,LOW,35880.39,RETIRED,N,2025-11-17
106504,PENDING,HIGH,12799.27,SALARIED,N,2025-08-11
106505,VERIFIED,MEDIUM,148106.67,SALARIED,N,2025-01-08
106506,VERIFIED,MEDIUM,43135.2,SALARIED,N,2026-08-17
106507,VERIFIED,MEDIUM,45590.99,SALARIED,N,2026-01-03
106508,VERIFIED,LOW,46421.06,SALARIED,N,2025-08-08
106509,VERIFIED,LOW,27905.25,SALARIED,N,2025-02-23
106510,VERIFIED,LOW,51190.6,SALARIED,N,2025-05-04
106511,VERIFIED,LOW,55167.21,SALARIED,N,2025-10-09
106512,VERIFIED,LOW,87808.3,SALARIED,N,2025-04-04
106513,VERIFIED,MEDIUM,46351.54,SALARIED,N,2025-03-15
106514,VERIFIED,MEDIUM,13535.96,SELF_EMPLOYED,N,2026-06-05
106515,VERIFIED,LOW,27742.43,SALARIED,N,2025-01-15
106516,VERIFIED,MEDIUM,136634.69,SALARIED,N,2025-06-08
106517,VERIFIED,LOW,38326.63,PROFESSIONAL,N,2025-06-15
106518,VERIFIED,LOW,94351.32,SELF_EMPLOYED,N,2025-10-25
106519,VERIFIED,LOW,41616.74,STUDENT,N,2026-05-09
106520,VERIFIED,MEDIUM,112233.91,SALARIED,N,2025-11-23
106521,VERIFIED,MEDIUM,70573.12,SALARIED,N,2025-03-14
106522,EXPIRED,LOW,25761.43,SALARIED,N,2026-09-18
106523,VERIFIED,MEDIUM,30911.62,SALARIED,N,2026-06-01
106524,VERIFIED,LOW,25125.64,SALARIED,N,2026-02-25
106525,VERIFIED,LOW,119743.1,SALARIED,N,2026-04-18
106526,VERIFIED,LOW,29196.37,SELF_EMPLOYED,N,2026-09-16
106527,VERIFIED,HIGH,52051.07,SALARIED,N,2026-06-07
106528,VERIFIED,LOW,62807.5,SALARIED,N,2025-05-16
106529,VERIFIED,LOW,76442.97,SALARIED,N,2025-12-29
106530,VERIFIED,HIGH,49036.9,PROFESSIONAL,N,2026-07-14
106531,VERIFIED,LOW,23763.59,SALARIED,N,2026-02-17
106532,VERIFIED,LOW,30199.5,SALARIED,N,2025-05-14
106533,VERIFIED,LOW,33397.03,RETIRED,N,2025-09-22
106534,VERIFIED,LOW,11833.05,SALARIED,N,2025-06-29
106535,VERIFIED,MEDIUM,87599.52,SELF_EMPLOYED,N,2025-11-09
106536,VERIFIED,MEDIUM,91906.8,SELF_EMPLOYED,N,2026-09-28
106537,VERIFIED,LOW,32969.2,SALARIED,N,2025-08-08
106538,VERIFIED,MEDIUM,154499.45,PROFESSIONAL,N,2025-11-18
106539,EXPIRED,LOW,61749.44,SELF_EMPLOYED,N,2026-09-15
106540,EXPIRED,MEDIUM,114790.99,SELF_EMPLOYED,N,2025-08-23
106541,VERIFIED,LOW,109571.7,SALARIED,N,2026-10-12
106542,VERIFIED,LOW,60645.19,SALARIED,N,2026-03-01
106543,VERIFIED,LOW,17693.37,SALARIED,N,2025-01-19
106544,VERIFIED,MEDIUM,75310.64,SALARIED,N,2026-05-22
106545,VERIFIED,LOW,93168.58,SALARIED,N,2025-08-01
106546,EXPIRED,LOW,43296.87,SALARIED,N,2025-10-22
106547,VERIFIED,LOW,73462.71,SALARIED,N,2025-03-24
106548,VERIFIED,HIGH,64949.28,RETIRED,N,2026-06-28
106549,VERIFIED,LOW,35609.42,STUDENT,N,2025-07-02
106550,VERIFIED,HIGH,62011.59,SALARIED,N,2026-02-21
106551,VERIFIED,LOW,47525.15,SALARIED,N,2025-02-03
106552,VERIFIED,LOW,84439.94,SALARIED,N,2026-07-13
106553,VERIFIED,LOW,45093.62,SALARIED,N,2026-04-14
106554,PENDING,LOW,41664.96,SALARIED,N,2026-09-09
106555,VERIFIED,LOW,22821.77,SELF_EMPLOYED,N,2026-02-23
106556,VERIFIED,LOW,277670.6,SALARIED,N,2026-02-21
106557,VERIFIED,LOW,49307.4,PROFESSIONAL,N,2026-04-26
106558,VERIFIED,LOW,31734.7,STUDENT,Y,2026-04-08
106559,VERIFIED,LOW,97956.95,SALARIED,N,2026-09-28
106560,VERIFIED,LOW,74719.97,SALARIED,N,2025-02-22
106561,VERIFIED,LOW,94497.56,SALARIED,N,2025-11-15
106562,VERIFIED,MEDIUM,101231.09,SELF_EMPLOYED,N,2026-06-01
106563,VERIFIED,LOW,135008.39,SALARIED,N,2025-04-23
106564,VERIFIED,LOW,33120.45,SALARIED,N,2026-09-27
106565,VERIFIED,LOW,72785.67,SALARIED,N,2026-02-01
106566,PENDING,MEDIUM,23709.3,RETIRED,N,2025-11-04
106567,VERIFIED,LOW,54210.6,SALARIED,N,2025-02-25
106568,VERIFIED,LOW,102326.57,SALARIED,N,2025-09-21
106569,VERIFIED,LOW,36979.28,SALARIED,N,2026-09-17
106570,VERIFIED,MEDIUM,282113.82,SALARIED,N,2026-03-31
106571,VERIFIED,LOW,66951.19,SELF_EMPLOYED,N,2026-04-17
106572,VERIFIED,LOW,20399.96,RETIRED,N,2025-05-18
106573,VERIFIED,LOW,104652.84,SELF_EMPLOYED,N,2025-09-13
106574,VERIFIED,LOW,280162.6,SELF_EMPLOYED,N,2025-03-18
106575,VERIFIED,LOW,15464.84,SELF_EMPLOYED,N,2026-05-14
106576,VERIFIED,LOW,105280.76,SALARIED,N,2026-08-27
106577,VERIFIED,MEDIUM,34784.51,STUDENT,N,2025-09-20
106578,VERIFIED,LOW,63887.46,RETIRED,N,2025-02-13
106579,VERIFIED,LOW,28255.3,SALARIED,N,2026-08-22
106580,VERIFIED,LOW,115240.32,SALARIED,N,2026-03-29
106581,VERIFIED,LOW,53799.8,SELF_EMPLOYED,N,2025-11-08
106582,VERIFIED,LOW,140681.22,STUDENT,N,2025-07-15
106583,VERIFIED,LOW,33885.77,SELF_EMPLOYED,N,2025-07-13
106584,VERIFIED,LOW,57856.43,SALARIED,N,2025-01-07
106585,VERIFIED,LOW,14706.67,SALARIED,N,2026-03-08
106586,VERIFIED,LOW,358079.65,SALARIED,N,2025-06-05
106587,VERIFIED,MEDIUM,230447.22,STUDENT,N,2025-04-21
106588,VERIFIED,MEDIUM,272808.11,PROFESSIONAL,N,2026-06-23
106589,VERIFIED,LOW,179246.6,PROFESSIONAL,N,2025-06-01
106590,VERIFIED,LOW,45067.34,SALARIED,N,2025-01-14
106591,VERIFIED,LOW,64299.44,SALARIED,N,2025-11-03
106592,VERIFIED,MEDIUM,79972.4,PROFESSIONAL,N,2025-05-19
106593,VERIFIED,LOW,84406.14,SALARIED,N,2026-04-11
106594,VERIFIED,LOW,32465.08,SALARIED,N,2026-04-25
106595,VERIFIED,LOW,31420.76,PROFESSIONAL,N,2025-09-28
106596,VERIFIED,MEDIUM,27747.43,SELF_EMPLOYED,N,2026-10-01
106597,VERIFIED,LOW,50149.1,SALARIED,N,2026-05-19
106598,VERIFIED,MEDIUM,53746.47,SALARIED,N,2026-03-08
106599,VERIFIED,LOW,49304.1,SALARIED,N,2025-09-03
106600,VERIFIED,LOW,77908.81,STUDENT,N,2025-12-14
106601,VERIFIED,LOW,26933.51,SALARIED,N,2025-07-25
106602,VERIFIED,MEDIUM,37973.95,SALARIED,N,2025-09-11
106603,VERIFIED,LOW,40368.03,SELF_EMPLOYED,N,2026-02-12
106604,VERIFIED,LOW,112681.29,SALARIED,N,2026-04-21
106605,EXPIRED,LOW,75234.73,PROFESSIONAL,N,2026-01-08
106606,VERIFIED,MEDIUM,82440.2,SALARIED,N,2025-05-19
106607,VERIFIED,LOW,36059.89,SALARIED,N,2025-12-16
106608,VERIFIED,MEDIUM,67935.98,SELF_EMPLOYED,N,2025-02-23
106609,VERIFIED,MEDIUM,39999.83,SALARIED,N,2025-07-08
106610,VERIFIED,LOW,40899.81,STUDENT,N,2026-04-01
106611,VERIFIED,MEDIUM,84138.93,SALARIED,N,2025-01-05
106612,VERIFIED,LOW,43456.63,SELF_EMPLOYED,N,2026-08-13
106613,EXPIRED,LOW,61785.03,SALARIED,N,2026-05-01
106614,VERIFIED,LOW,55524.01,SALARIED,N,2026-07-21
106615,VERIFIED,MEDIUM,30845.67,SALARIED,N,2025-08-26
106616,VERIFIED,HIGH,45461.59,SALARIED,N,2025-09-03
106617,VERIFIED,LOW,45936.95,STUDENT,N,2025-01-07
106618,VERIFIED,LOW,51632.52,SELF_EMPLOYED,N,2026-09-03
106619,VERIFIED,LOW,20498.5,SELF_EMPLOYED,N,2025-06-20
106620,VERIFIED,LOW,41190.59,RETIRED,N,2025-02-22
106621,VERIFIED,MEDIUM,119695.38,SALARIED,N,2025-03-21
106622,VERIFIED,LOW,87930.53,SALARIED,N,2025-02-12
106623,VERIFIED,MEDIUM,51039.42,PROFESSIONAL,N,2025-02-01
106624,VERIFIED,LOW,30735.32,SALARIED,N,2025-12-20
106625,VERIFIED,LOW,70633.51,PROFESSIONAL,N,2025-07-23
106626,VERIFIED,LOW,124118.54,SALARIED,N,2026-03-26
106627,VERIFIED,LOW,177384.94,SALARIED,Y,2025-03-26
106628,VERIFIED,MEDIUM,47070.67,SELF_EMPLOYED,N,2025-06-28
106629,PENDING,LOW,33221.27,SALARIED,N,2025-12-13
106630,VERIFIED,LOW,90503.55,SALARIED,N,2026-01-17
106631,VERIFIED,LOW,83568.37,PROFESSIONAL,Y,2026-10-04
106632,VERIFIED,HIGH,66621.54,SALARIED,N,2025-02-06
106633,VERIFIED,LOW,43788.04,SALARIED,N,2025-10-11
106634,VERIFIED,MEDIUM,28261.47,SELF_EMPLOYED,N,2026-08-08
106635,VERIFIED,LOW,102589.2,SALARIED,N,2026-03-22
106636,VERIFIED,LOW,118509.6,SALARIED,N,2025-12-30
106637,VERIFIED,LOW,52366.13,SELF_EMPLOYED,N,2026-09-23
106638,VERIFIED,LOW,201159.15,SELF_EMPLOYED,N,2026-09-06
106639,VERIFIED,LOW,77152.9,SALARIED,N,2025-12-26
106640,VERIFIED,LOW,59058.2,STUDENT,N,2026-01-13
106641,VERIFIED,LOW,30672.93,SALARIED,N,2026-09-11
106642,VERIFIED,LOW,21909.91,SALARIED,N,2026-07-05
106643,VERIFIED,LOW,47440.23,SALARIED,N,2025-12-16
106644,VERIFIED,MEDIUM,84093.86,STUDENT,N,2026-09-10
106645,VERIFIED,MEDIUM,301591.56,SALARIED,N,2025-02-14
106646,VERIFIED,LOW,69141.85,SELF_EMPLOYED,N,2025-11-02
106647,VERIFIED,HIGH,97242.92,SALARIED,N,2026-06-07
106648,VERIFIED,HIGH,38649.42,STUDENT,N,2025-08-03
106649,VERIFIED,LOW,75782.63,STUDENT,N,2026-07-12
106650,VERIFIED,MEDIUM,69611.59,SALARIED,N,2025-07-29
106651,VERIFIED,LOW,35790.65,SALARIED,N,2026-05-17
106652,VERIFIED,LOW,157916.06,SALARIED,N,2025-08-29
106653,VERIFIED,LOW,60649.41,RETIRED,N,2026-05-13
106654,VERIFIED,LOW,135738.41,SELF_EMPLOYED,N,2025-06-21
106655,VERIFIED,LOW,66587.42,RETIRED,N,2025-08-09
106656,VERIFIED,MEDIUM,53347.95,SALARIED,N,2026-09-04
106657,VERIFIED,HIGH,39821.78,PROFESSIONAL,N,2026-05-21
106658,VERIFIED,LOW,52694.45,STUDENT,N,2025-12-09
106659,VERIFIED,LOW,171451.15,SALARIED,N,2025-03-10
106660,VERIFIED,HIGH,36896.18,SALARIED,N,2026-01-29
106661,VERIFIED,MEDIUM,102038.91,SALARIED,N,2025-09-23
106662,VERIFIED,LOW,54053.6,SALARIED,N,2025-02-14
106663,VERIFIED,HIGH,97068.41,SELF_EMPLOYED,N,2025-06-11
106664,VERIFIED,LOW,75694.98,RETIRED,N,2026-07-28
106665,VERIFIED,LOW,27815.84,PROFESSIONAL,N,2026-04-16
106666,PENDING,LOW,73695.59,SALARIED,N,2025-02-22
106667,VERIFIED,MEDIUM,270419.03,STUDENT,N,2026-05-08
106668,VERIFIED,LOW,80810.39,PROFESSIONAL,N,2025-12-02
106669,EXPIRED,MEDIUM,120884.5,SALARIED,N,2026-07-04
106670,VERIFIED,MEDIUM,80273.76,STUDENT,N,2026-07-17
106671,VERIFIED,LOW,110453.24,SALARIED,N,2026-03-28
106672,VERIFIED,LOW,41493.06,SALARIED,N,2025-03-10
106673,VERIFIED,LOW,61149.05,PROFESSIONAL,N,2025-05-03
106674,VERIFIED,LOW,117248.31,SALARIED,N,2026-06-25
106675,VERIFIED,LOW,52701.17,SELF_EMPLOYED,N,2025-07-02
106676,VERIFIED,HIGH,132840.71,SALARIED,N,2026-04-10
106677,PENDING,LOW,34464.94,SALARIED,N,2025-12-12
106678,VERIFIED,LOW,68749.6,SELF_EMPLOYED,N,2025-12-18
106679,VERIFIED,MEDIUM,55923.18,SALARIED,N,2026-03-01
106680,VERIFIED,HIGH,367647.22,SALARIED,N,2025-08-06
106681,VERIFIED,MEDIUM,51361.29,SALARIED,N,2025-11-03
106682,PENDING,LOW,86954.77,SALARIED,N,2026-04-16
106683,VERIFIED,LOW,18134.85,SALARIED,N,2026-05-17
106684,VERIFIED,LOW,30974.3,SELF_EMPLOYED,N,2026-09-04
106685,VERIFIED,LOW,80720.11,SALARIED,N,2025-05-03
106686,VERIFIED,LOW,55740.96,PROFESSIONAL,N,2025-04-17
106687,VERIFIED,MEDIUM,56442.55,PROFESSIONAL,N,2026-07-26
106688,VERIFIED,HIGH,53571.09,SALARIED,N,2025-01-04
106689,VERIFIED,LOW,58672.89,SALARIED,N,2026-06-09
106690,VERIFIED,MEDIUM,21753.44,SALARIED,N,2025-01-03
106691,VERIFIED,LOW,62542.31,SELF_EMPLOYED,N,2025-11-10
106692,VERIFIED,MEDIUM,57379.99,SALARIED,N,2026-10-05
106693,VERIFIED,LOW,132350.8,SALARIED,N,2026-01-14
106694,VERIFIED,LOW,113873.75,RETIRED,N,2025-12-29
106695,VERIFIED,MEDIUM,10523.05,SALARIED,N,2026-02-16
106696,EXPIRED,LOW,41047.43,SALARIED,N,2025-11-26
106697,VERIFIED,MEDIUM,213494.34,SELF_EMPLOYED,N,2025-01-18
106698,PENDING,LOW,119234.39,SALARIED,N,2025-05-04
106699,VERIFIED,LOW,91040.27,STUDENT,N,2026-03-09
106700,VERIFIED,LOW,47725.7,RETIRED,N,2025-07-18
106701,VERIFIED,MEDIUM,107051.4,SALARIED,N,2025-08-30
106702,VERIFIED,LOW,24712.21,STUDENT,N,2026-01-31
106703,VERIFIED,LOW,45804.78,PROFESSIONAL,N,2025-01-30
106704,VERIFIED,LOW,82796.81,SALARIED,N,2025-04-07
106705,VERIFIED,LOW,98218.25,PROFESSIONAL,N,2026-01-28
106706,VERIFIED,LOW,76164.97,SALARIED,N,2025-11-22
106707,VERIFIED,LOW,85461.67,SALARIED,N,2026-03-05
106708,EXPIRED,HIGH,73623.52,PROFESSIONAL,N,2025-01-11
106709,VERIFIED,LOW,53910.71,SALARIED,N,2026-02-16
106710,VERIFIED,LOW,158174.29,STUDENT,N,2026-04-29
106711,VERIFIED,MEDIUM,220439.33,SALARIED,N,2026-10-02
106712,VERIFIED,HIGH,64022.23,SELF_EMPLOYED,N,2025-05-11
106713,VERIFIED,LOW,30824.95,PROFESSIONAL,N,2026-06-02
106714,VERIFIED,LOW,56800.46,PROFESSIONAL,N,2026-09-29
106715,VERIFIED,LOW,70013.93,SALARIED,N,2025-08-05
106716,PENDING,LOW,15732.92,SALARIED,N,2026-09-18
106717,VERIFIED,LOW,157946.01,STUDENT,N,2025-12-28
106718,VERIFIED,MEDIUM,43700.4,SALARIED,N,2025-03-02
106719,VERIFIED,MEDIUM,38661.25,SELF_EMPLOYED,N,2026-04-26
106720,VERIFIED,LOW,53065.82,SALARIED,N,2025-11-07
106721,VERIFIED,MEDIUM,48664.9,SELF_EMPLOYED,N,2025-02-18
106722,VERIFIED,LOW,68654.51,SALARIED,N,2025-07-05
106723,VERIFIED,LOW,110555.88,PROFESSIONAL,N,2025-11-28
106724,VERIFIED,LOW,151616.04,PROFESSIONAL,N,2025-12-25
106725,VERIFIED,HIGH,110619.13,SELF_EMPLOYED,N,2025-10-30
106726,VERIFIED,LOW,35853.44,SALARIED,N,2026-01-07
106727,VERIFIED,LOW,61643.63,SALARIED,N,2026-04-12
106728,VERIFIED,LOW,70829.87,SALARIED,N,2026-05-08
106729,EXPIRED,MEDIUM,80796.14,SALARIED,N,2025-11-23
106730,VERIFIED,MEDIUM,90946.73,SALARIED,N,2026-02-21
106731,VERIFIED,LOW,69603.26,SALARIED,N,2026-06-28
106732,EXPIRED,LOW,62556.26,RETIRED,N,2025-04-22
106733,VERIFIED,MEDIUM,119608.37,SELF_EMPLOYED,N,2025-09-03
106734,VERIFIED,MEDIUM,60699.21,SALARIED,N,2025-12-09
106735,VERIFIED,HIGH,123255.05,PROFESSIONAL,N,2025-06-17
106736,VERIFIED,MEDIUM,112278.88,SALARIED,N,2026-09-02
106737,EXPIRED,MEDIUM,170123.58,SALARIED,N,2025-12-19
106738,PENDING,LOW,76232.11,SALARIED,N,2025-01-22
106739,EXPIRED,LOW,169125.92,PROFESSIONAL,N,2025-03-26
106740,VERIFIED,LOW,54324.33,SALARIED,N,2025-01-29
106741,VERIFIED,LOW,82838.82,SALARIED,N,2025-06-18
106742,VERIFIED,LOW,108799.08,SALARIED,N,2025-06-10
106743,VERIFIED,LOW,34305.63,PROFESSIONAL,N,2025-03-31
106744,VERIFIED,LOW,51261.65,STUDENT,N,2026-05-12
106745,VERIFIED,LOW,42868.15,SELF_EMPLOYED,N,2025-07-14
106746,VERIFIED,LOW,63739.73,STUDENT,N,2026-10-12
106747,VERIFIED,MEDIUM,46804.83,SALARIED,N,2025-02-22
106748,VERIFIED,LOW,70916.21,SELF_EMPLOYED,N,2025-04-28
106749,VERIFIED,LOW,62902.41,STUDENT,N,2026-02-28
106750,EXPIRED,LOW,55180.62,SALARIED,N,2025-07-09
106751,VERIFIED,LOW,72985.9,SALARIED,N,2026-07-04
106752,VERIFIED,LOW,42465.61,SALARIED,N,2026-07-15
106753,VERIFIED,LOW,37781.57,STUDENT,N,2025-08-20
106754,VERIFIED,MEDIUM,30466.69,SALARIED,N,2026-02-28
106755,VERIFIED,LOW,20698.61,SALARIED,N,2025-10-17
106756,PENDING,MEDIUM,42539.74,PROFESSIONAL,N,2025-07-22
106757,VERIFIED,LOW,93923.13,SALARIED,N,2025-02-07
106758,VERIFIED,LOW,58191.22,PROFESSIONAL,N,2026-03-31
106759,VERIFIED,LOW,66697.33,PROFESSIONAL,N,2025-07-19
106760,VERIFIED,LOW,50865.86,STUDENT,N,2025-04-27
106761,VERIFIED,LOW,232336.55,SALARIED,N,2025-03-22
106762,VERIFIED,LOW,73688.8,SALARIED,N,2026-04-08
106763,VERIFIED,LOW,45722.9,STUDENT,N,2025-09-05
106764,VERIFIED,LOW,33291.28,SALARIED,N,2025-03-13
106765,PENDING,HIGH,201506.37,SELF_EMPLOYED,N,2026-01-01
106766,VERIFIED,LOW,26602.57,SALARIED,N,2026-01-08
106767,VERIFIED,MEDIUM,39474.5,STUDENT,N,2026-06-21
106768,VERIFIED,HIGH,39489.52,SALARIED,N,2025-11-14
106769,VERIFIED,LOW,64695.28,PROFESSIONAL,N,2025-05-07
106770,VERIFIED,MEDIUM,83348.32,SALARIED,N,2025-10-11
106771,VERIFIED,HIGH,69181.35,SALARIED,N,2026-04-18
106772,VERIFIED,LOW,52207.39,SALARIED,N,2025-12-22
106773,VERIFIED,LOW,26684.36,SALARIED,N,2025-06-28
106774,VERIFIED,MEDIUM,221195.96,SALARIED,N,2026-10-05
106775,VERIFIED,MEDIUM,78605.18,SALARIED,N,2026-07-19
106776,VERIFIED,MEDIUM,95697.53,STUDENT,N,2025-12-14
106777,VERIFIED,LOW,42641.82,SELF_EMPLOYED,N,2026-06-08
106778,VERIFIED,LOW,54550.48,SELF_EMPLOYED,N,2025-04-10
106779,VERIFIED,MEDIUM,141825.92,SALARIED,N,2026-05-03
106780,VERIFIED,LOW,15781.88,SALARIED,N,2025-05-05
106781,VERIFIED,LOW,108692.12,SALARIED,N,2026-06-17
106782,VERIFIED,LOW,56355.57,SALARIED,N,2025-06-06
106783,VERIFIED,LOW,86715.67,RETIRED,N,2025-12-19
106784,VERIFIED,MEDIUM,195279.38,SALARIED,N,2026-04-21
106785,VERIFIED,LOW,48505.08,SALARIED,N,2025-01-16
106786,VERIFIED,LOW,11426.52,STUDENT,N,2025-05-01
106787,VERIFIED,HIGH,32552.6,SELF_EMPLOYED,N,2025-05-24
106788,VERIFIED,LOW,66729.26,SALARIED,N,2025-05-15
106789,VERIFIED,MEDIUM,193283.78,SALARIED,N,2026-05-27
106790,VERIFIED,LOW,51415.22,SALARIED,N,2026-09-28
106791,VERIFIED,LOW,180995.47,SALARIED,N,2025-09-29
106792,VERIFIED,MEDIUM,14603.33,PROFESSIONAL,N,2026-05-08
106793,VERIFIED,MEDIUM,47699.4,SELF_EMPLOYED,N,2025-05-27
106794,VERIFIED,LOW,129914.46,PROFESSIONAL,N,2025-09-05
106795,VERIFIED,MEDIUM,122212.19,SALARIED,N,2025-04-18
106796,VERIFIED,LOW,18578.41,SELF_EMPLOYED,N,2026-01-15
106797,VERIFIED,MEDIUM,38329.43,SALARIED,N,2025-07-07
106798,VERIFIED,MEDIUM,60478.5,PROFESSIONAL,N,2025-10-31
106799,VERIFIED,MEDIUM,42973.24,PROFESSIONAL,N,2026-03-14
106800,VERIFIED,MEDIUM,141497.54,SALARIED,N,2026-02-06
106801,VERIFIED,MEDIUM,66727.29,SALARIED,N,2025-10-17
106802,VERIFIED,LOW,25878.41,PROFESSIONAL,N,2026-09-12
106803,VERIFIED,MEDIUM,89272.47,SELF_EMPLOYED,N,2026-08-02
106804,VERIFIED,LOW,92400.8,SELF_EMPLOYED,N,2026-05-26
106805,VERIFIED,LOW,31350.64,RETIRED,N,2025-01-22
106806,VERIFIED,HIGH,37080.73,SALARIED,N,2025-12-07
106807,VERIFIED,LOW,41664.62,SALARIED,N,2026-10-03
106808,VERIFIED,LOW,160858.56,SALARIED,N,2025-04-06
106809,VERIFIED,MEDIUM,62481.02,SALARIED,N,2025-12-30
106810,VERIFIED,LOW,15739.43,SELF_EMPLOYED,N,2025-02-10
106811,VERIFIED,MEDIUM,30266.02,SALARIED,N,2026-04-10
106812,PENDING,MEDIUM,105378.61,SALARIED,N,2025-11-13
106813,VERIFIED,MEDIUM,50749.77,SALARIED,N,2025-06-08
106814,VERIFIED,LOW,29797.9,SALARIED,N,2025-02-12
106815,VERIFIED,MEDIUM,51741.29,RETIRED,N,2025-03-15
106816,VERIFIED,LOW,125223.07,SELF_EMPLOYED,N,2026-09-30
106817,VERIFIED,LOW,272250.4,SELF_EMPLOYED,N,2026-07-09
106818,VERIFIED,MEDIUM,63724.39,SALARIED,N,2025-11-25
106819,VERIFIED,MEDIUM,90965.42,SALARIED,N,2026-09-06
106820,VERIFIED,MEDIUM,61999.08,PROFESSIONAL,N,2025-04-16
106821,VERIFIED,LOW,76291.39,SALARIED,N,2025-02-14
106822,VERIFIED,LOW,36270.03,PROFESSIONAL,N,2025-06-01
106823,VERIFIED,LOW,169271.88,SALARIED,N,2025-10-14
106824,PENDING,LOW,49121.02,SALARIED,N,2025-05-28
106825,VERIFIED,MEDIUM,32381.9,SALARIED,N,2026-09-15
106826,VERIFIED,LOW,40137.3,SALARIED,N,2025-11-30
106827,VERIFIED,LOW,101949.27,SELF_EMPLOYED,N,2025-06-03
106828,VERIFIED,LOW,42012.35,SALARIED,N,2025-10-14
106829,VERIFIED,LOW,177343.56,SALARIED,N,2026-10-05
106830,PENDING,LOW,100279.02,SALARIED,N,2026-02-12
106831,VERIFIED,MEDIUM,115842.27,PROFESSIONAL,N,2025-03-07
106832,VERIFIED,HIGH,50404.55,SALARIED,N,2025-09-19
106833,VERIFIED,LOW,44181.42,RETIRED,N,2026-08-09
106834,VERIFIED,LOW,67602.63,SALARIED,N,2026-03-15
106835,VERIFIED,LOW,30587.61,SALARIED,Y,2026-02-10
106836,VERIFIED,LOW,89955.22,STUDENT,N,2025-09-02
106837,VERIFIED,LOW,120116.73,SALARIED,N,2026-08-18
106838,VERIFIED,LOW,42200.39,SALARIED,N,2025-07-19
106839,VERIFIED,LOW,103605.65,PROFESSIONAL,N,2025-05-05
106840,VERIFIED,MEDIUM,78082.68,SALARIED,N,2025-01-27
106841,PENDING,MEDIUM,136702.32,SELF_EMPLOYED,N,2026-05-04
106842,VERIFIED,LOW,192595.04,SALARIED,N,2026-06-02
106843,VERIFIED,LOW,109988.94,STUDENT,N,2025-01-26
106844,VERIFIED,LOW,63794.15,SELF_EMPLOYED,N,2025-11-23
106845,VERIFIED,LOW,144892.79,SALARIED,N,2025-06-08
106846,PENDING,MEDIUM,68237.62,SALARIED,N,2025-05-09
106847,VERIFIED,LOW,55680.91,SALARIED,N,2026-08-07
106848,VERIFIED,LOW,44517.99,SALARIED,N,2025-10-25
106849,VERIFIED,LOW,70512.39,RETIRED,N,2026-03-14
106850,VERIFIED,LOW,127178.89,SALARIED,N,2025-08-03
106851,VERIFIED,LOW,33844.63,SALARIED,N,2026-03-18
106852,VERIFIED,MEDIUM,29551.79,SALARIED,N,2025-05-21
106853,VERIFIED,LOW,29935.77,SALARIED,N,2025-10-06
106854,VERIFIED,LOW,128569.24,SALARIED,N,2026-03-09
106855,VERIFIED,LOW,85720.93,SALARIED,N,2025-05-03
106856,VERIFIED,LOW,172544.1,SALARIED,N,2025-10-29
106857,VERIFIED,MEDIUM,47223.77,STUDENT,N,2025-12-08
106858,VERIFIED,LOW,29888.83,SALARIED,N,2025-10-08
106859,VERIFIED,LOW,182050.59,SALARIED,Y,2025-06-17
106860,VERIFIED,MEDIUM,41025.87,PROFESSIONAL,N,2025-11-01
106861,VERIFIED,MEDIUM,102673.72,SALARIED,N,2025-06-13
106862,VERIFIED,HIGH,27799.06,SALARIED,N,2026-02-28
106863,VERIFIED,LOW,74421.87,SALARIED,N,2025-07-11
106864,VERIFIED,MEDIUM,59513.72,SELF_EMPLOYED,N,2026-06-03
106865,VERIFIED,LOW,26224.06,SALARIED,N,2025-07-18
106866,VERIFIED,MEDIUM,226332.9,STUDENT,N,2025-10-28
106867,VERIFIED,MEDIUM,37144.86,PROFESSIONAL,N,2025-11-23
106868,VERIFIED,LOW,36030.48,SALARIED,N,2025-12-19
106869,VERIFIED,MEDIUM,43246.34,SALARIED,N,2025-04-10
106870,VERIFIED,MEDIUM,16051.83,SALARIED,N,2026-02-24
106871,VERIFIED,LOW,53495.3,SALARIED,N,2025-12-08
106872,VERIFIED,LOW,43253.91,SALARIED,N,2025-04-24
106873,VERIFIED,MEDIUM,126121.82,SALARIED,N,2026-02-17
106874,VERIFIED,HIGH,81255.9,SALARIED,N,2026-05-17
106875,VERIFIED,MEDIUM,29025.43,SALARIED,N,2025-11-14
106876,VERIFIED,LOW,43274.3,SALARIED,N,2025-01-22
106877,VERIFIED,LOW,268664.68,SELF_EMPLOYED,N,2026-03-18
106878,VERIFIED,LOW,36580.81,SELF_EMPLOYED,N,2025-06-04
106879,VERIFIED,LOW,113017.7,PROFESSIONAL,N,2026-02-04
106880,VERIFIED,LOW,42528.63,SALARIED,N,2026-10-03
106881,EXPIRED,LOW,34476.08,SALARIED,N,2025-07-31
106882,VERIFIED,LOW,46526.86,SALARIED,N,2026-02-10
106883,VERIFIED,LOW,172087.4,SALARIED,N,2026-07-09
106884,VERIFIED,LOW,25494.58,SALARIED,N,2025-10-02
106885,VERIFIED,HIGH,101394.62,SALARIED,Y,2025-09-23
106886,PENDING,LOW,146185.94,SALARIED,N,2026-04-24
106887,VERIFIED,LOW,46221.98,SALARIED,N,2026-10-01
106888,VERIFIED,LOW,126508.45,SALARIED,N,2025-09-11
106889,VERIFIED,LOW,114337.02,SELF_EMPLOYED,N,2025-12-01
106890,VERIFIED,HIGH,39172.35,SELF_EMPLOYED,N,2025-08-23
106891,VERIFIED,LOW,35690.01,SALARIED,N,2025-05-17
106892,VERIFIED,MEDIUM,59869.69,PROFESSIONAL,N,2026-05-03
106893,VERIFIED,LOW,70991.19,SALARIED,N,2025-01-15
106894,VERIFIED,LOW,52034.74,SELF_EMPLOYED,N,2025-10-31
106895,VERIFIED,MEDIUM,95538.12,SELF_EMPLOYED,N,2026-04-07
106896,VERIFIED,LOW,40016.29,SALARIED,N,2025-11-03
106897,VERIFIED,LOW,36586.88,SALARIED,N,2025-03-09
106898,VERIFIED,LOW,66341.22,SALARIED,N,2025-03-14
106899,VERIFIED,HIGH,76765.87,SELF_EMPLOYED,N,2025-08-22
106900,VERIFIED,LOW,155243.81,SALARIED,N,2026-06-21
106901,EXPIRED,MEDIUM,88904.05,RETIRED,N,2025-07-01
106902,VERIFIED,LOW,104937.55,SELF_EMPLOYED,N,2025-08-13
106903,PENDING,LOW,52877.83,SALARIED,N,2026-08-02
106904,VERIFIED,LOW,53111.06,SALARIED,N,2026-01-03
106905,VERIFIED,LOW,43778.26,SALARIED,N,2026-08-21
106906,VERIFIED,LOW,74520.0,SELF_EMPLOYED,N,2025-09-24
106907,PENDING,LOW,72738.88,STUDENT,N,2025-12-06
106908,VERIFIED,LOW,70470.25,PROFESSIONAL,N,2026-01-31
106909,VERIFIED,LOW,58006.3,SALARIED,N,2026-06-02
106910,VERIFIED,LOW,64362.43,SALARIED,N,2025-12-09
106911,VERIFIED,HIGH,194260.89,STUDENT,N,2025-09-22
106912,VERIFIED,LOW,79087.78,SALARIED,N,2026-09-16
106913,VERIFIED,HIGH,96685.53,SELF_EMPLOYED,N,2025-07-24
106914,PENDING,MEDIUM,89748.47,SALARIED,N,2026-09-15
106915,VERIFIED,MEDIUM,59086.26,SALARIED,N,2026-03-29
106916,VERIFIED,LOW,93804.64,SALARIED,N,2025-04-21
106917,VERIFIED,LOW,67072.34,SALARIED,N,2026-03-15
106918,VERIFIED,MEDIUM,29357.73,SALARIED,N,2026-08-04
106919,PENDING,MEDIUM,45369.01,SALARIED,N,2025-03-28
106920,VERIFIED,MEDIUM,241777.26,SALARIED,N,2025-10-12
106921,VERIFIED,MEDIUM,141271.15,SALARIED,N,2026-07-30
106922,VERIFIED,LOW,54488.11,SALARIED,N,2025-11-01
106923,VERIFIED,HIGH,102611.28,PROFESSIONAL,N,2025-12-17
106924,VERIFIED,HIGH,76278.7,SALARIED,N,2026-04-26
106925,VERIFIED,MEDIUM,205418.36,PROFESSIONAL,N,2025-02-13
106926,VERIFIED,LOW,60825.68,SALARIED,N,2025-11-26
106927,VERIFIED,MEDIUM,76565.99,SALARIED,N,2025-01-24
106928,VERIFIED,LOW,39415.19,SELF_EMPLOYED,N,2026-04-13
106929,VERIFIED,LOW,60635.86,SELF_EMPLOYED,N,2025-12-09
106930,VERIFIED,HIGH,11139.4,SELF_EMPLOYED,N,2025-09-30
106931,VERIFIED,LOW,78339.72,SALARIED,N,2025-09-24
106932,VERIFIED,MEDIUM,127044.42,SALARIED,N,2026-04-16
106933,VERIFIED,LOW,198779.52,SALARIED,N,2026-06-09
106934,VERIFIED,LOW,90457.19,SALARIED,N,2025-11-16
106935,VERIFIED,LOW,52182.1,PROFESSIONAL,N,2026-06-29
106936,VERIFIED,LOW,38795.61,SELF_EMPLOYED,N,2025-03-14
106937,VERIFIED,LOW,48583.98,SALARIED,N,2026-06-08
106938,VERIFIED,MEDIUM,23411.51,PROFESSIONAL,N,2026-01-25
106939,EXPIRED,LOW,56179.64,PROFESSIONAL,N,2025-05-06
106940,VERIFIED,MEDIUM,29831.85,SALARIED,N,2026-03-15
106941,EXPIRED,LOW,44882.48,RETIRED,N,2026-03-30
106942,VERIFIED,LOW,57940.86,SALARIED,N,2025-06-10
106943,VERIFIED,LOW,81968.51,SALARIED,N,2026-09-21
106944,VERIFIED,LOW,22623.99,SALARIED,N,2026-03-10
106945,VERIFIED,MEDIUM,52943.34,SALARIED,N,2025-04-09
106946,VERIFIED,LOW,103353.9,PROFESSIONAL,N,2026-10-09
106947,VERIFIED,MEDIUM,164363.64,SELF_EMPLOYED,N,2026-06-10
106948,VERIFIED,MEDIUM,63049.94,SALARIED,Y,2025-11-11
106949,VERIFIED,LOW,276005.61,SELF_EMPLOYED,N,2026-08-04
106950,VERIFIED,MEDIUM,104316.96,SALARIED,N,2025-07-23
106951,VERIFIED,MEDIUM,68877.61,SALARIED,N,2025-05-11
106952,VERIFIED,LOW,148483.04,RETIRED,N,2025-04-21
106953,VERIFIED,LOW,47590.57,SALARIED,N,2026-04-02
106954,VERIFIED,LOW,33486.1,SELF_EMPLOYED,N,2025-05-09
106955,VERIFIED,LOW,121026.76,SALARIED,N,2025-05-25
106956,PENDING,LOW,93426.94,SALARIED,N,2025-05-28
106957,VERIFIED,LOW,130451.0,SALARIED,N,2026-02-06
106958,VERIFIED,LOW,128507.36,PROFESSIONAL,N,2025-08-23
106959,VERIFIED,LOW,244434.19,SALARIED,N,2025-10-08
106960,VERIFIED,LOW,25759.7,SALARIED,N,2025-01-17
106961,VERIFIED,MEDIUM,52553.01,SALARIED,N,2025-10-13
106962,VERIFIED,LOW,54878.6,SALARIED,N,2025-11-07
106963,VERIFIED,LOW,141260.52,SALARIED,N,2025-03-23
106964,VERIFIED,LOW,84312.44,SALARIED,N,2026-07-30
106965,VERIFIED,LOW,141617.31,SALARIED,N,2026-09-15
106966,VERIFIED,LOW,79541.97,SALARIED,N,2025-10-31
106967,PENDING,LOW,65381.18,SALARIED,N,2025-01-18
106968,VERIFIED,LOW,102998.13,RETIRED,N,2025-11-28
106969,VERIFIED,LOW,78420.07,SALARIED,N,2025-02-19
106970,VERIFIED,LOW,85249.91,SELF_EMPLOYED,N,2026-01-07
106971,VERIFIED,LOW,101086.26,SALARIED,N,2025-05-28
106972,PENDING,LOW,87722.64,SALARIED,N,2026-09-26
106973,VERIFIED,LOW,125339.74,SELF_EMPLOYED,N,2025-11-24
106974,VERIFIED,LOW,68437.26,SALARIED,N,2025-07-09
106975,VERIFIED,MEDIUM,73883.47,STUDENT,N,2026-02-17
106976,VERIFIED,LOW,34523.98,PROFESSIONAL,N,2026-09-16
106977,VERIFIED,HIGH,125366.65,PROFESSIONAL,N,2025-05-23
106978,VERIFIED,HIGH,201259.2,RETIRED,N,2026-05-11
106979,VERIFIED,LOW,20509.13,STUDENT,N,2026-08-20
106980,VERIFIED,MEDIUM,100370.96,SALARIED,N,2025-10-16
106981,VERIFIED,LOW,60181.39,STUDENT,N,2026-08-27
106982,EXPIRED,HIGH,58698.62,PROFESSIONAL,N,2026-07-02
106983,VERIFIED,MEDIUM,99506.58,SALARIED,N,2025-12-04
106984,VERIFIED,LOW,64905.37,SALARIED,N,2026-09-14
106985,VERIFIED,LOW,85404.17,SELF_EMPLOYED,N,2025-04-26
106986,VERIFIED,MEDIUM,52376.17,SALARIED,N,2026-09-03
106987,VERIFIED,LOW,175976.54,SALARIED,N,2025-07-19
106988,VERIFIED,MEDIUM,56871.81,SELF_EMPLOYED,N,2025-10-21
106989,VERIFIED,LOW,40344.12,PROFESSIONAL,N,2025-07-13
106990,VERIFIED,LOW,82911.54,RETIRED,N,2026-08-15
106991,VERIFIED,LOW,38456.77,SELF_EMPLOYED,N,2025-07-06
106992,VERIFIED,MEDIUM,77082.99,STUDENT,N,2026-04-03
106993,VERIFIED,LOW,193031.31,RETIRED,N,2025-12-09
106994,VERIFIED,MEDIUM,64271.33,SELF_EMPLOYED,N,2025-02-20
106995,VERIFIED,MEDIUM,27437.88,SALARIED,N,2026-05-12
106996,VERIFIED,MEDIUM,50522.65,SALARIED,N,2025-01-24
106997,VERIFIED,LOW,112206.2,STUDENT,N,2025-04-28
106998,VERIFIED,LOW,70932.0,SALARIED,N,2025-09-17
106999,VERIFIED,LOW,104384.51,PROFESSIONAL,N,2025-10-12
107000,VERIFIED,LOW,43860.16,STUDENT,N,2026-02-24
107001,VERIFIED,LOW,50626.27,SELF_EMPLOYED,N,2025-02-09
107002,VERIFIED,MEDIUM,99894.47,STUDENT,N,2026-08-05
107003,VERIFIED,LOW,188543.39,SELF_EMPLOYED,N,2025-01-31
107004,VERIFIED,LOW,51445.15,RETIRED,N,2025-01-25
107005,VERIFIED,LOW,67799.4,RETIRED,N,2026-04-26
107006,VERIFIED,MEDIUM,135257.87,SELF_EMPLOYED,N,2025-06-25
107007,PENDING,LOW,72054.8,SELF_EMPLOYED,N,2025-06-09
107008,PENDING,MEDIUM,100162.87,STUDENT,N,2026-05-01
107009,VERIFIED,MEDIUM,40900.76,PROFESSIONAL,N,2026-01-28
107010,VERIFIED,LOW,66324.12,SELF_EMPLOYED,N,2025-08-25
107011,VERIFIED,MEDIUM,44183.28,SELF_EMPLOYED,N,2025-07-25
107012,PENDING,LOW,22123.14,SALARIED,N,2026-01-27
107013,VERIFIED,LOW,37238.4,RETIRED,N,2026-07-14
107014,VERIFIED,MEDIUM,88551.21,SALARIED,N,2025-09-16
107015,EXPIRED,MEDIUM,94720.49,SALARIED,N,2025-10-07
107016,VERIFIED,MEDIUM,109052.53,SALARIED,N,2025-05-15
107017,VERIFIED,LOW,92118.16,SALARIED,N,2025-12-12
107018,VERIFIED,LOW,57279.54,RETIRED,N,2025-02-09
107019,VERIFIED,LOW,20100.16,SELF_EMPLOYED,N,2026-06-12
107020,VERIFIED,LOW,31455.49,SALARIED,N,2025-12-16
107021,VERIFIED,LOW,135684.1,SALARIED,N,2025-07-07
107022,VERIFIED,MEDIUM,38277.15,SALARIED,N,2025-05-01
107023,VERIFIED,LOW,63043.24,STUDENT,N,2025-06-22
107024,VERIFIED,MEDIUM,68925.93,SALARIED,N,2025-02-15
107025,VERIFIED,MEDIUM,26892.95,RETIRED,N,2026-09-13
107026,VERIFIED,MEDIUM,82119.97,SALARIED,N,2025-07-21
107027,VERIFIED,HIGH,178627.45,SALARIED,N,2026-08-24
107028,VERIFIED,MEDIUM,65369.45,RETIRED,N,2026-08-25
107029,VERIFIED,LOW,55545.73,SALARIED,N,2025-01-10
107030,VERIFIED,MEDIUM,31164.84,SALARIED,N,2025-12-31
107031,VERIFIED,HIGH,55380.11,SALARIED,N,2026-05-31
107032,VERIFIED,LOW,94072.59,PROFESSIONAL,N,2025-06-05
107033,VERIFIED,LOW,65897.69,STUDENT,N,2026-09-29
107034,VERIFIED,LOW,49721.27,SALARIED,N,2026-02-07
107035,VERIFIED,LOW,127240.48,STUDENT,N,2026-05-26
107036,VERIFIED,MEDIUM,55824.98,SALARIED,N,2026-05-16
107037,VERIFIED,MEDIUM,50106.3,SELF_EMPLOYED,N,2025-04-03
107038,VERIFIED,LOW,72532.21,SALARIED,N,2026-07-07
107039,VERIFIED,LOW,154746.87,SALARIED,N,2025-03-20
107040,VERIFIED,LOW,59847.15,SELF_EMPLOYED,Y,2026-10-06
107041,VERIFIED,MEDIUM,37212.5,SALARIED,N,2026-02-13
107042,VERIFIED,LOW,94351.37,SELF_EMPLOYED,N,2026-02-06
107043,VERIFIED,LOW,53335.54,PROFESSIONAL,N,2026-09-10
107044,VERIFIED,MEDIUM,94906.3,SALARIED,N,2025-10-09
107045,VERIFIED,LOW,17471.73,SALARIED,N,2025-11-21
107046,VERIFIED,LOW,67773.95,PROFESSIONAL,N,2026-03-18
107047,VERIFIED,MEDIUM,56297.07,SELF_EMPLOYED,N,2025-05-25
107048,VERIFIED,LOW,35463.78,SALARIED,N,2025-03-13
107049,VERIFIED,LOW,30078.97,SELF_EMPLOYED,N,2026-09-30
107050,VERIFIED,LOW,55158.38,SALARIED,N,2026-04-25
107051,PENDING,LOW,33020.04,SELF_EMPLOYED,N,2026-01-07
107052,EXPIRED,LOW,9625.85,SALARIED,N,2025-07-01
107053,PENDING,LOW,30824.38,PROFESSIONAL,N,2026-06-03
107054,VERIFIED,LOW,29968.8,SELF_EMPLOYED,N,2026-03-10
107055,VERIFIED,LOW,67441.74,SELF_EMPLOYED,N,2025-10-08
107056,VERIFIED,LOW,30554.55,RETIRED,N,2025-10-30
107057,PENDING,LOW,66142.51,SALARIED,N,2026-09-08
107058,VERIFIED,LOW,35612.62,RETIRED,N,2025-06-14
107059,VERIFIED,MEDIUM,110042.95,SALARIED,N,2025-02-18
107060,VERIFIED,LOW,84416.87,STUDENT,N,2026-05-16
107061,VERIFIED,MEDIUM,54443.76,SELF_EMPLOYED,N,2025-05-27
107062,VERIFIED,MEDIUM,72660.66,SELF_EMPLOYED,N,2026-07-25
107063,VERIFIED,LOW,96142.76,STUDENT,N,2026-01-23
107064,VERIFIED,LOW,68854.12,RETIRED,N,2026-01-06
107065,VERIFIED,HIGH,72530.61,SALARIED,N,2025-06-07
107066,VERIFIED,LOW,16818.59,SALARIED,N,2026-06-30
107067,VERIFIED,LOW,47243.4,PROFESSIONAL,N,2026-05-15
107068,VERIFIED,LOW,39891.77,SALARIED,N,2026-06-30
107069,VERIFIED,HIGH,131011.93,SALARIED,N,2025-12-15
107070,VERIFIED,LOW,51340.23,SALARIED,N,2025-06-07
107071,VERIFIED,MEDIUM,42677.28,SALARIED,N,2026-01-06
107072,VERIFIED,LOW,96528.38,PROFESSIONAL,N,2026-02-01
107073,PENDING,LOW,24653.05,SALARIED,N,2025-05-07
107074,VERIFIED,LOW,62566.36,SALARIED,N,2026-10-08
107075,VERIFIED,LOW,18312.71,SALARIED,N,2025-09-26
107076,VERIFIED,LOW,41432.58,SELF_EMPLOYED,N,2025-03-16
107077,VERIFIED,MEDIUM,48976.46,RETIRED,N,2026-05-12
107078,VERIFIED,MEDIUM,170602.84,SALARIED,N,2026-02-25
107079,VERIFIED,LOW,60066.54,STUDENT,N,2025-02-10
107080,VERIFIED,LOW,37092.95,STUDENT,Y,2025-08-27
107081,VERIFIED,LOW,60672.0,SALARIED,Y,2025-03-07
107082,VERIFIED,LOW,168790.16,SALARIED,N,2025-09-10
107083,VERIFIED,MEDIUM,17405.5,SALARIED,N,2025-02-04
107084,VERIFIED,LOW,109335.49,STUDENT,N,2025-02-09
107085,VERIFIED,MEDIUM,84673.32,SALARIED,N,2026-06-16
107086,VERIFIED,LOW,61338.86,SALARIED,N,2025-07-02
107087,VERIFIED,LOW,54074.22,SALARIED,N,2026-04-23
107088,EXPIRED,LOW,168404.08,SALARIED,N,2026-07-10
107089,VERIFIED,LOW,105551.83,STUDENT,N,2026-03-22
107090,PENDING,LOW,33709.49,STUDENT,N,2025-02-08
107091,VERIFIED,LOW,67139.07,SALARIED,N,2026-06-18
107092,VERIFIED,LOW,148657.23,SELF_EMPLOYED,N,2025-07-19
107093,VERIFIED,LOW,93866.13,SELF_EMPLOYED,N,2026-03-15
107094,VERIFIED,LOW,78474.8,SALARIED,N,2026-10-04
107095,VERIFIED,MEDIUM,28367.08,SELF_EMPLOYED,N,2025-02-05
107096,VERIFIED,MEDIUM,297652.1,STUDENT,N,2025-04-05
107097,EXPIRED,LOW,105760.53,PROFESSIONAL,N,2026-06-28
107098,VERIFIED,LOW,210923.69,SELF_EMPLOYED,N,2026-05-11
107099,VERIFIED,LOW,80485.55,SELF_EMPLOYED,N,2026-09-05
107100,VERIFIED,MEDIUM,65391.46,PROFESSIONAL,N,2026-10-09
107101,VERIFIED,MEDIUM,43527.83,PROFESSIONAL,N,2025-02-15
107102,PENDING,MEDIUM,124728.7,STUDENT,N,2026-08-02
107103,VERIFIED,MEDIUM,175156.14,PROFESSIONAL,N,2025-05-10
107104,VERIFIED,MEDIUM,130204.54,SALARIED,N,2026-07-10
107105,VERIFIED,LOW,286697.87,SELF_EMPLOYED,N,2026-02-15
107106,VERIFIED,LOW,72055.15,SALARIED,N,2026-10-11
107107,VERIFIED,MEDIUM,44197.6,PROFESSIONAL,N,2026-10-01
107108,VERIFIED,LOW,78216.65,SALARIED,N,2025-06-26
107109,VERIFIED,LOW,111597.2,SALARIED,N,2025-12-05
107110,VERIFIED,MEDIUM,55781.71,SALARIED,N,2026-09-17
107111,VERIFIED,MEDIUM,64329.26,STUDENT,N,2026-05-20
107112,VERIFIED,LOW,76038.15,RETIRED,N,2025-12-18
107113,VERIFIED,LOW,91201.19,SALARIED,N,2026-04-10
107114,VERIFIED,LOW,72230.58,SALARIED,N,2025-03-11
107115,VERIFIED,LOW,75894.26,SALARIED,N,2026-04-17
107116,VERIFIED,LOW,100041.45,SELF_EMPLOYED,N,2026-07-17
107117,VERIFIED,MEDIUM,109056.63,SALARIED,N,2025-10-11
107118,VERIFIED,LOW,47965.98,SALARIED,N,2025-03-27
107119,VERIFIED,MEDIUM,20058.51,SELF_EMPLOYED,N,2025-03-06
107120,VERIFIED,LOW,33696.62,SALARIED,N,2025-04-26
107121,VERIFIED,LOW,89292.9,SELF_EMPLOYED,N,2026-01-15
107122,VERIFIED,LOW,41149.47,STUDENT,N,2025-01-01
107123,PENDING,MEDIUM,78637.81,PROFESSIONAL,N,2026-10-12
107124,VERIFIED,HIGH,63754.23,SALARIED,N,2025-09-03
107125,VERIFIED,LOW,69114.15,SALARIED,N,2025-11-16
107126,VERIFIED,LOW,91069.68,SALARIED,N,2025-09-28
107127,VERIFIED,LOW,143414.83,SALARIED,N,2026-03-26
107128,VERIFIED,LOW,65459.02,SALARIED,N,2025-06-18
107129,VERIFIED,LOW,33611.6,RETIRED,N,2026-07-16
107130,VERIFIED,LOW,80994.43,STUDENT,N,2026-06-18
107131,VERIFIED,MEDIUM,105179.08,SELF_EMPLOYED,N,2026-05-09
107132,PENDING,LOW,15292.55,SELF_EMPLOYED,N,2026-07-27
107133,VERIFIED,MEDIUM,41377.26,SALARIED,N,2026-05-10
107134,VERIFIED,MEDIUM,67440.75,SALARIED,N,2025-07-11
107135,VERIFIED,MEDIUM,48426.62,SALARIED,N,2026-03-15
107136,VERIFIED,LOW,72214.7,RETIRED,N,2025-12-04
107137,VERIFIED,LOW,44105.89,PROFESSIONAL,N,2026-03-21
107138,VERIFIED,LOW,121673.96,SALARIED,N,2026-09-05
107139,VERIFIED,LOW,68418.79,SALARIED,N,2025-02-19
107140,VERIFIED,LOW,20540.39,SALARIED,N,2025-04-28
107141,VERIFIED,LOW,106446.95,SALARIED,N,2026-09-08
107142,VERIFIED,MEDIUM,110933.53,SALARIED,N,2025-05-23
107143,VERIFIED,LOW,64584.65,SALARIED,N,2025-11-14
107144,VERIFIED,LOW,20018.41,STUDENT,N,2025-09-02
107145,PENDING,LOW,118927.85,SALARIED,N,2026-06-23
107146,VERIFIED,LOW,34053.53,SELF_EMPLOYED,N,2025-06-07
107147,VERIFIED,LOW,52321.15,SALARIED,N,2025-04-11
107148,VERIFIED,LOW,45560.5,SALARIED,N,2025-01-24
107149,VERIFIED,MEDIUM,25959.91,SALARIED,N,2025-07-21
107150,VERIFIED,MEDIUM,66435.42,PROFESSIONAL,N,2026-08-08
107151,VERIFIED,HIGH,75492.28,SALARIED,N,2026-07-05
107152,VERIFIED,LOW,71232.71,SELF_EMPLOYED,N,2025-02-04
107153,VERIFIED,MEDIUM,57753.25,SALARIED,N,2026-09-27
107154,VERIFIED,MEDIUM,40772.63,STUDENT,N,2025-08-26
107155,VERIFIED,HIGH,171942.27,SALARIED,N,2025-03-29
107156,VERIFIED,LOW,74642.88,PROFESSIONAL,N,2025-03-03
107157,VERIFIED,MEDIUM,36023.7,PROFESSIONAL,N,2025-07-09
107158,VERIFIED,LOW,88105.92,STUDENT,N,2025-08-15
107159,PENDING,LOW,83857.72,RETIRED,N,2026-02-19
107160,VERIFIED,LOW,98712.64,SELF_EMPLOYED,N,2025-03-12
107161,VERIFIED,LOW,64799.85,SELF_EMPLOYED,N,2025-11-29
107162,VERIFIED,MEDIUM,44147.53,SELF_EMPLOYED,N,2025-03-14
107163,VERIFIED,HIGH,27169.91,STUDENT,N,2026-02-08
107164,VERIFIED,MEDIUM,46878.15,SELF_EMPLOYED,N,2026-02-21
107165,VERIFIED,LOW,22547.59,PROFESSIONAL,N,2026-03-23
107166,VERIFIED,LOW,80460.4,SALARIED,N,2025-10-15
107167,VERIFIED,LOW,23295.09,SALARIED,N,2025-10-02
107168,VERIFIED,MEDIUM,52520.24,SALARIED,N,2025-06-27
107169,VERIFIED,LOW,106279.36,SELF_EMPLOYED,N,2026-08-26
107170,VERIFIED,MEDIUM,56536.75,PROFESSIONAL,N,2026-09-13
107171,VERIFIED,LOW,63677.64,SALARIED,N,2025-03-09
107172,VERIFIED,LOW,88279.23,SELF_EMPLOYED,N,2026-09-23
107173,VERIFIED,LOW,92378.46,SALARIED,N,2025-12-26
107174,VERIFIED,LOW,129915.5,SELF_EMPLOYED,N,2026-02-03
107175,VERIFIED,MEDIUM,95431.94,SALARIED,N,2026-03-16
107176,VERIFIED,LOW,83498.31,SALARIED,N,2025-05-13
107177,VERIFIED,LOW,18491.33,PROFESSIONAL,N,2026-09-05
107178,VERIFIED,LOW,77426.07,SALARIED,N,2026-08-28
107179,PENDING,MEDIUM,194477.22,SELF_EMPLOYED,N,2025-09-23
107180,VERIFIED,LOW,100791.95,SALARIED,N,2025-08-27
107181,VERIFIED,LOW,124277.07,SALARIED,N,2026-08-08
107182,VERIFIED,LOW,42689.94,SALARIED,N,2025-11-11
107183,VERIFIED,LOW,63274.7,SALARIED,N,2025-06-26
107184,VERIFIED,MEDIUM,95508.56,RETIRED,N,2026-04-25
107185,VERIFIED,MEDIUM,88253.33,SALARIED,N,2025-01-11
107186,VERIFIED,LOW,110588.11,SALARIED,N,2026-04-28
107187,VERIFIED,LOW,31656.22,PROFESSIONAL,N,2026-03-05
107188,VERIFIED,LOW,39516.94,SALARIED,N,2025-10-26
107189,VERIFIED,MEDIUM,28539.19,SELF_EMPLOYED,N,2025-12-25
107190,VERIFIED,LOW,78285.96,SELF_EMPLOYED,N,2025-12-17
107191,VERIFIED,MEDIUM,58586.69,STUDENT,N,2025-06-07
107192,VERIFIED,MEDIUM,58309.89,SALARIED,N,2026-09-25
107193,VERIFIED,LOW,42513.34,SELF_EMPLOYED,N,2025-11-22
107194,VERIFIED,LOW,38244.54,SALARIED,N,2025-11-19
107195,VERIFIED,LOW,66250.73,SALARIED,N,2026-02-01
107196,VERIFIED,LOW,135914.82,SALARIED,N,2026-04-05
107197,VERIFIED,HIGH,183287.46,PROFESSIONAL,N,2025-11-01
107198,VERIFIED,LOW,183707.13,SELF_EMPLOYED,N,2025-05-19
107199,VERIFIED,MEDIUM,48801.89,SELF_EMPLOYED,N,2025-09-25
107200,VERIFIED,LOW,30669.86,SALARIED,N,2026-02-07
107201,VERIFIED,LOW,117524.92,SALARIED,N,2025-06-09
107202,VERIFIED,LOW,151524.26,SALARIED,N,2025-04-26
107203,VERIFIED,HIGH,86807.25,SALARIED,N,2025-04-07
107204,VERIFIED,MEDIUM,65190.9,SALARIED,N,2025-08-27
107205,VERIFIED,LOW,44025.92,SALARIED,N,2026-05-23
107206,VERIFIED,HIGH,98086.77,SALARIED,N,2025-10-19
107207,VERIFIED,LOW,96202.76,PROFESSIONAL,N,2025-07-20
107208,PENDING,LOW,79534.04,SELF_EMPLOYED,N,2026-03-13
107209,VERIFIED,MEDIUM,32234.91,PROFESSIONAL,N,2026-05-30
107210,VERIFIED,LOW,34688.85,PROFESSIONAL,N,2025-02-22
107211,VERIFIED,MEDIUM,62252.71,SALARIED,N,2026-09-04
107212,VERIFIED,MEDIUM,130251.39,STUDENT,N,2025-03-07
107213,VERIFIED,LOW,119526.18,SELF_EMPLOYED,N,2026-04-16
107214,PENDING,MEDIUM,51051.36,PROFESSIONAL,N,2025-02-03
107215,VERIFIED,MEDIUM,20181.67,STUDENT,N,2025-07-15
107216,VERIFIED,LOW,157615.72,PROFESSIONAL,N,2025-09-05
107217,VERIFIED,MEDIUM,148240.16,SELF_EMPLOYED,N,2025-05-08
107218,EXPIRED,MEDIUM,71721.87,SALARIED,N,2025-05-11
107219,VERIFIED,LOW,50036.58,SALARIED,N,2025-08-25
107220,PENDING,LOW,54193.87,STUDENT,N,2026-05-16
107221,VERIFIED,LOW,121204.78,SALARIED,N,2025-11-16
107222,VERIFIED,LOW,93805.75,SALARIED,N,2026-06-21
107223,VERIFIED,LOW,50100.89,SALARIED,N,2026-06-11
107224,VERIFIED,LOW,276800.03,SALARIED,N,2025-06-09
107225,VERIFIED,LOW,24477.51,SELF_EMPLOYED,N,2025-10-18
107226,VERIFIED,LOW,44755.48,PROFESSIONAL,N,2026-02-04
107227,VERIFIED,LOW,45410.44,SALARIED,N,2025-06-29
107228,VERIFIED,MEDIUM,70893.85,SALARIED,N,2025-11-15
107229,VERIFIED,MEDIUM,138142.81,SALARIED,N,2025-07-13
107230,VERIFIED,LOW,113395.23,PROFESSIONAL,N,2025-05-11
107231,VERIFIED,LOW,71851.18,SALARIED,N,2025-02-17
107232,PENDING,HIGH,27927.68,SALARIED,N,2026-02-18
107233,VERIFIED,LOW,123112.2,SALARIED,N,2025-11-10
107234,VERIFIED,MEDIUM,31637.53,SALARIED,N,2026-04-25
107235,VERIFIED,LOW,50961.09,SALARIED,N,2025-02-13
107236,VERIFIED,LOW,63000.29,SELF_EMPLOYED,N,2026-06-29
107237,VERIFIED,LOW,39149.53,STUDENT,N,2026-09-14
107238,VERIFIED,LOW,38656.83,SALARIED,N,2025-07-16
107239,VERIFIED,MEDIUM,117761.59,SALARIED,N,2026-09-26
107240,VERIFIED,HIGH,170285.79,STUDENT,N,2025-04-11
107241,VERIFIED,LOW,63064.61,STUDENT,N,2025-12-11
107242,VERIFIED,LOW,20819.27,PROFESSIONAL,N,2026-08-29
107243,VERIFIED,MEDIUM,79407.59,SALARIED,N,2025-10-07
107244,VERIFIED,MEDIUM,42087.77,SALARIED,N,2026-08-29
107245,VERIFIED,LOW,83648.55,RETIRED,N,2025-05-13
107246,PENDING,LOW,80183.05,SALARIED,N,2025-07-05
107247,VERIFIED,LOW,19476.42,SALARIED,N,2026-02-22
107248,VERIFIED,LOW,51341.45,SALARIED,N,2025-02-06
107249,VERIFIED,MEDIUM,98778.22,SALARIED,N,2025-06-04
107250,VERIFIED,MEDIUM,62282.06,SALARIED,N,2026-04-06
107251,VERIFIED,MEDIUM,32446.93,SELF_EMPLOYED,N,2025-03-28
107252,VERIFIED,LOW,101376.23,SALARIED,N,2025-08-26
107253,PENDING,MEDIUM,22414.07,SALARIED,N,2025-12-28
107254,VERIFIED,LOW,77043.36,SALARIED,N,2026-05-09
107255,VERIFIED,LOW,46612.15,PROFESSIONAL,N,2025-12-06
107256,VERIFIED,LOW,87740.22,PROFESSIONAL,N,2025-02-16
107257,VERIFIED,LOW,57051.86,SALARIED,N,2026-01-20
107258,VERIFIED,MEDIUM,90763.65,SALARIED,N,2025-10-26
107259,VERIFIED,MEDIUM,160287.89,STUDENT,N,2025-09-14
107260,EXPIRED,LOW,103905.84,SALARIED,N,2025-08-05
107261,VERIFIED,LOW,102688.53,SALARIED,N,2026-06-16
107262,VERIFIED,LOW,96654.35,SALARIED,N,2026-02-22
107263,VERIFIED,LOW,21679.11,SALARIED,N,2025-01-23
107264,VERIFIED,MEDIUM,69726.95,PROFESSIONAL,N,2026-04-07
107265,VERIFIED,MEDIUM,78851.1,SALARIED,N,2025-07-09
107266,VERIFIED,LOW,94785.14,SALARIED,N,2026-09-09
107267,VERIFIED,MEDIUM,62633.75,SELF_EMPLOYED,N,2025-10-21
107268,VERIFIED,MEDIUM,105357.63,SALARIED,N,2025-08-15
107269,VERIFIED,LOW,35482.21,PROFESSIONAL,N,2025-03-21
107270,VERIFIED,LOW,241668.75,SALARIED,N,2025-03-25
107271,VERIFIED,LOW,95116.04,SALARIED,N,2026-04-27
107272,VERIFIED,LOW,36380.39,STUDENT,N,2026-09-17
107273,VERIFIED,MEDIUM,159700.42,SALARIED,N,2025-09-15
107274,VERIFIED,LOW,32035.95,SALARIED,N,2026-01-06
107275,VERIFIED,MEDIUM,66578.8,SELF_EMPLOYED,N,2026-09-13
107276,VERIFIED,LOW,71322.96,SALARIED,N,2026-08-30
107277,VERIFIED,LOW,50693.76,SALARIED,N,2026-03-24
107278,VERIFIED,LOW,61122.9,SALARIED,N,2026-06-24
107279,VERIFIED,MEDIUM,68948.46,SELF_EMPLOYED,N,2025-12-02
107280,VERIFIED,LOW,32936.78,SELF_EMPLOYED,N,2025-11-16
107281,VERIFIED,MEDIUM,79038.35,SALARIED,N,2025-10-12
107282,VERIFIED,LOW,66300.09,SELF_EMPLOYED,N,2025-02-27
107283,VERIFIED,LOW,234111.64,STUDENT,N,2026-01-30
107284,VERIFIED,MEDIUM,173604.65,RETIRED,N,2025-07-14
107285,VERIFIED,LOW,41086.55,SELF_EMPLOYED,N,2026-04-12
107286,VERIFIED,MEDIUM,60375.13,SALARIED,N,2026-03-31
107287,VERIFIED,LOW,42155.99,PROFESSIONAL,N,2025-07-30
107288,VERIFIED,LOW,56063.49,STUDENT,N,2026-04-23
107289,VERIFIED,LOW,115690.01,SALARIED,N,2025-04-23
107290,VERIFIED,LOW,61902.14,SALARIED,N,2025-06-13
107291,PENDING,LOW,47841.78,SALARIED,N,2026-03-21
107292,VERIFIED,LOW,98078.07,RETIRED,N,2026-02-21
107293,VERIFIED,LOW,18791.66,PROFESSIONAL,N,2026-07-24
107294,VERIFIED,LOW,51475.2,SALARIED,N,2025-03-08
107295,VERIFIED,LOW,161214.31,STUDENT,N,2026-04-02
107296,VERIFIED,MEDIUM,166280.42,SELF_EMPLOYED,N,2025-05-19
107297,VERIFIED,LOW,154580.77,STUDENT,N,2025-08-11
107298,VERIFIED,LOW,29722.99,STUDENT,N,2025-03-21
107299,VERIFIED,LOW,29578.6,SALARIED,N,2025-07-23
107300,VERIFIED,LOW,48006.14,SALARIED,N,2025-05-13
107301,VERIFIED,MEDIUM,66712.6,SALARIED,N,2025-12-05
107302,PENDING,LOW,41089.97,SELF_EMPLOYED,N,2025-04-18
107303,VERIFIED,LOW,22194.6,SELF_EMPLOYED,N,2026-01-12
107304,VERIFIED,LOW,120945.24,SALARIED,N,2026-04-13
107305,VERIFIED,LOW,108527.8,SALARIED,N,2025-09-17
107306,VERIFIED,LOW,45072.24,SALARIED,N,2026-08-19
107307,VERIFIED,LOW,105112.47,SALARIED,N,2025-03-25
107308,VERIFIED,LOW,122180.73,PROFESSIONAL,N,2026-09-21
107309,VERIFIED,MEDIUM,14087.91,SELF_EMPLOYED,N,2026-01-24
107310,VERIFIED,LOW,100533.6,PROFESSIONAL,N,2025-09-12
107311,VERIFIED,LOW,63604.02,SALARIED,N,2025-01-19
107312,VERIFIED,LOW,12918.45,SALARIED,N,2026-07-13
107313,VERIFIED,LOW,128259.85,SALARIED,N,2026-09-06
107314,VERIFIED,LOW,69677.43,SALARIED,N,2025-03-01
107315,PENDING,LOW,23446.57,SELF_EMPLOYED,N,2025-06-22
107316,VERIFIED,LOW,85680.0,SELF_EMPLOYED,N,2026-01-05
107317,VERIFIED,LOW,74432.89,SALARIED,N,2025-08-07
107318,VERIFIED,LOW,94046.73,SALARIED,N,2026-01-29
107319,VERIFIED,LOW,18822.51,SELF_EMPLOYED,N,2026-01-18
107320,VERIFIED,LOW,54430.81,RETIRED,N,2025-09-24
107321,VERIFIED,LOW,34979.02,SALARIED,N,2026-04-19
107322,VERIFIED,MEDIUM,59520.42,SELF_EMPLOYED,N,2025-01-15
107323,VERIFIED,MEDIUM,21942.09,SALARIED,N,2026-02-14
107324,VERIFIED,MEDIUM,32011.66,SELF_EMPLOYED,N,2025-08-03
107325,VERIFIED,LOW,179993.73,SELF_EMPLOYED,N,2025-05-24
107326,VERIFIED,LOW,140784.65,SELF_EMPLOYED,N,2025-01-04
107327,VERIFIED,MEDIUM,124436.96,SALARIED,N,2025-01-19
107328,VERIFIED,LOW,172123.66,SALARIED,N,2026-06-10
107329,VERIFIED,MEDIUM,19629.39,STUDENT,N,2026-07-01
107330,VERIFIED,MEDIUM,63779.96,SALARIED,N,2026-10-12
107331,VERIFIED,LOW,77540.7,SALARIED,N,2026-07-23
107332,VERIFIED,LOW,51440.55,SALARIED,N,2025-05-16
107333,VERIFIED,LOW,19741.0,PROFESSIONAL,N,2025-05-15
107334,VERIFIED,LOW,117519.75,SALARIED,N,2026-05-17
107335,VERIFIED,MEDIUM,98872.7,SALARIED,N,2025-11-05
107336,VERIFIED,LOW,44203.9,SALARIED,N,2026-08-03
107337,EXPIRED,LOW,114649.33,SALARIED,N,2025-01-29
107338,VERIFIED,LOW,71740.92,SELF_EMPLOYED,N,2025-07-07
107339,VERIFIED,MEDIUM,99905.75,SALARIED,N,2025-05-12
107340,VERIFIED,LOW,36520.83,SALARIED,N,2026-02-26
107341,VERIFIED,LOW,77275.4,SALARIED,N,2026-04-23
107342,VERIFIED,LOW,77808.52,STUDENT,N,2025-06-11
107343,VERIFIED,MEDIUM,56926.33,SELF_EMPLOYED,N,2026-06-24
107344,VERIFIED,LOW,11637.1,PROFESSIONAL,N,2025-02-13
107345,VERIFIED,MEDIUM,73987.05,SALARIED,N,2025-01-06
107346,VERIFIED,MEDIUM,77333.96,SALARIED,N,2026-01-11
107347,VERIFIED,MEDIUM,35787.06,SALARIED,N,2026-09-10
107348,VERIFIED,MEDIUM,95987.35,SALARIED,N,2025-07-09
107349,VERIFIED,LOW,77577.39,SALARIED,N,2026-01-17
107350,VERIFIED,MEDIUM,86351.23,SALARIED,N,2026-07-15
107351,VERIFIED,MEDIUM,51774.38,STUDENT,N,2025-03-07
107352,VERIFIED,LOW,21792.3,SALARIED,N,2026-09-15
107353,VERIFIED,MEDIUM,22108.33,SALARIED,N,2026-02-08
107354,VERIFIED,HIGH,103452.97,SALARIED,N,2025-04-26
107355,VERIFIED,LOW,32499.43,STUDENT,N,2025-11-27
107356,VERIFIED,LOW,39390.94,RETIRED,N,2025-04-08
107357,VERIFIED,LOW,114205.67,SALARIED,N,2025-01-20
107358,VERIFIED,LOW,16503.44,RETIRED,N,2025-05-11
107359,VERIFIED,HIGH,23289.37,SALARIED,N,2026-07-16
107360,VERIFIED,LOW,110517.72,SELF_EMPLOYED,N,2025-10-30
107361,VERIFIED,MEDIUM,69897.83,PROFESSIONAL,N,2025-08-11
107362,VERIFIED,MEDIUM,18110.14,STUDENT,Y,2025-07-26
107363,VERIFIED,MEDIUM,49724.88,SALARIED,N,2026-08-26
107364,VERIFIED,LOW,74190.59,PROFESSIONAL,N,2026-02-21
107365,VERIFIED,LOW,32329.9,SELF_EMPLOYED,N,2026-09-28
107366,PENDING,LOW,25851.28,SALARIED,N,2025-10-30
107367,VERIFIED,LOW,22079.38,PROFESSIONAL,N,2026-04-30
107368,VERIFIED,LOW,114706.89,STUDENT,N,2025-01-15
107369,VERIFIED,LOW,130371.42,SELF_EMPLOYED,N,2026-03-19
107370,VERIFIED,MEDIUM,108071.94,PROFESSIONAL,N,2026-05-02
107371,VERIFIED,MEDIUM,147413.63,SELF_EMPLOYED,N,2026-07-26
107372,VERIFIED,LOW,152097.14,PROFESSIONAL,N,2025-08-18
107373,VERIFIED,MEDIUM,24700.49,SELF_EMPLOYED,N,2025-12-30
107374,VERIFIED,LOW,126860.32,SELF_EMPLOYED,N,2026-03-08
107375,VERIFIED,LOW,71177.7,SALARIED,N,2026-04-23
107376,VERIFIED,LOW,227455.29,SALARIED,N,2026-07-01
107377,VERIFIED,LOW,597702.06,SALARIED,N,2025-08-11
107378,VERIFIED,MEDIUM,58270.05,PROFESSIONAL,N,2025-03-12
107379,VERIFIED,LOW,54271.76,SALARIED,N,2026-09-17
107380,VERIFIED,LOW,51564.62,SALARIED,Y,2026-01-23
107381,VERIFIED,LOW,69337.93,SALARIED,N,2025-04-18
107382,VERIFIED,MEDIUM,76939.78,STUDENT,N,2026-08-29
107383,VERIFIED,LOW,367600.24,STUDENT,N,2026-10-03
107384,VERIFIED,HIGH,72624.62,SALARIED,N,2025-03-29
107385,VERIFIED,LOW,50048.12,SELF_EMPLOYED,N,2026-08-20
107386,VERIFIED,LOW,66736.79,SELF_EMPLOYED,N,2026-01-30
107387,VERIFIED,LOW,38707.11,SALARIED,N,2025-04-26
107388,PENDING,MEDIUM,22230.82,SALARIED,N,2025-05-21
107389,VERIFIED,MEDIUM,60102.26,SALARIED,N,2025-05-08
107390,VERIFIED,LOW,301558.3,SALARIED,N,2025-10-05
107391,VERIFIED,LOW,117882.14,SALARIED,N,2026-06-07
107392,VERIFIED,LOW,48445.87,SALARIED,N,2026-04-20
107393,VERIFIED,MEDIUM,83124.19,RETIRED,N,2025-10-13
107394,VERIFIED,MEDIUM,339154.08,SALARIED,N,2026-07-02
107395,VERIFIED,LOW,75304.45,SALARIED,N,2026-09-21
107396,VERIFIED,LOW,37101.28,SALARIED,N,2026-08-25
107397,VERIFIED,LOW,69184.52,SALARIED,N,2025-06-03
107398,VERIFIED,HIGH,100431.48,SALARIED,N,2026-06-07
107399,VERIFIED,LOW,86752.8,SALARIED,N,2025-04-25
107400,VERIFIED,LOW,170125.1,SALARIED,N,2026-07-19
107401,VERIFIED,MEDIUM,70606.18,SALARIED,N,2025-07-14
107402,PENDING,LOW,14429.65,SELF_EMPLOYED,N,2025-02-28
107403,VERIFIED,LOW,89918.11,PROFESSIONAL,N,2025-01-02
107404,VERIFIED,LOW,86032.06,SALARIED,N,2026-04-01
107405,VERIFIED,MEDIUM,82467.67,SALARIED,N,2025-06-18
107406,PENDING,LOW,38117.76,SALARIED,N,2026-03-29
107407,PENDING,LOW,241747.26,SALARIED,N,2025-08-13
107408,VERIFIED,MEDIUM,32634.95,SALARIED,N,2025-02-26
107409,VERIFIED,MEDIUM,34968.42,SALARIED,N,2025-09-01
107410,VERIFIED,LOW,57025.46,STUDENT,N,2025-08-07
107411,VERIFIED,LOW,156709.91,SELF_EMPLOYED,N,2025-10-07
107412,VERIFIED,LOW,161188.01,STUDENT,N,2025-08-18
107413,VERIFIED,LOW,100320.87,SALARIED,N,2025-09-09
107414,VERIFIED,LOW,118264.53,PROFESSIONAL,N,2026-02-25
107415,VERIFIED,LOW,28378.15,SALARIED,N,2025-09-14
107416,VERIFIED,LOW,21919.5,SALARIED,N,2025-12-20
107417,EXPIRED,MEDIUM,51958.8,SALARIED,N,2025-06-02
107418,VERIFIED,MEDIUM,117672.92,STUDENT,N,2026-09-02
107419,VERIFIED,LOW,119680.28,PROFESSIONAL,N,2026-09-19
107420,VERIFIED,MEDIUM,37612.16,SALARIED,N,2025-04-03
107421,VERIFIED,LOW,35060.45,RETIRED,N,2026-07-07
107422,VERIFIED,LOW,141437.46,SALARIED,N,2026-01-21
107423,VERIFIED,LOW,74879.87,SALARIED,N,2026-06-08
107424,VERIFIED,LOW,17212.64,SALARIED,N,2025-03-28
107425,VERIFIED,MEDIUM,31866.1,SELF_EMPLOYED,N,2026-03-27
107426,VERIFIED,LOW,90702.52,SELF_EMPLOYED,N,2026-07-13
107427,VERIFIED,MEDIUM,30604.18,PROFESSIONAL,N,2025-08-18
107428,VERIFIED,LOW,34897.98,STUDENT,N,2025-09-05
107429,VERIFIED,LOW,35732.91,PROFESSIONAL,N,2026-09-28
107430,VERIFIED,LOW,116856.42,SALARIED,N,2025-07-01
107431,VERIFIED,LOW,65762.64,SALARIED,N,2026-06-08
107432,VERIFIED,LOW,196739.45,SALARIED,N,2025-07-04
107433,VERIFIED,LOW,50070.08,SALARIED,N,2025-11-11
107434,VERIFIED,LOW,57693.81,SELF_EMPLOYED,N,2025-03-19
107435,VERIFIED,MEDIUM,82246.23,SALARIED,N,2026-08-07
107436,VERIFIED,LOW,44089.01,SALARIED,N,2025-05-16
107437,VERIFIED,HIGH,23411.54,SALARIED,Y,2026-04-01
107438,VERIFIED,LOW,52619.23,PROFESSIONAL,N,2025-09-07
107439,VERIFIED,LOW,40675.39,SELF_EMPLOYED,N,2025-04-15
107440,VERIFIED,MEDIUM,60937.01,SALARIED,N,2025-01-23
107441,VERIFIED,LOW,44854.99,SALARIED,N,2025-03-29
107442,VERIFIED,LOW,88695.5,SALARIED,N,2025-11-25
107443,VERIFIED,MEDIUM,52640.61,PROFESSIONAL,N,2025-05-02
107444,PENDING,LOW,23146.97,SALARIED,N,2025-05-01
107445,PENDING,LOW,44147.53,SALARIED,N,2026-09-12
107446,EXPIRED,LOW,30288.77,SALARIED,N,2025-12-24
107447,VERIFIED,MEDIUM,230742.94,SALARIED,N,2025-02-13
107448,VERIFIED,LOW,68181.88,SALARIED,N,2025-03-30
107449,VERIFIED,MEDIUM,102094.99,STUDENT,N,2025-12-08
107450,VERIFIED,HIGH,62173.4,PROFESSIONAL,N,2025-06-17
107451,VERIFIED,MEDIUM,217950.24,SALARIED,N,2025-05-23
107452,VERIFIED,LOW,29155.39,SALARIED,N,2026-05-30
107453,VERIFIED,MEDIUM,39555.69,SALARIED,N,2025-10-31
107454,VERIFIED,MEDIUM,136403.08,SALARIED,N,2026-10-09
107455,VERIFIED,LOW,47264.61,SALARIED,N,2026-03-13
107456,VERIFIED,MEDIUM,40686.26,SALARIED,N,2025-08-15
107457,VERIFIED,LOW,45938.42,SALARIED,N,2026-06-10
107458,VERIFIED,LOW,232276.97,SALARIED,N,2025-11-04
107459,VERIFIED,MEDIUM,249936.87,SALARIED,N,2026-04-28
107460,VERIFIED,LOW,86363.77,PROFESSIONAL,N,2025-10-14
107461,VERIFIED,LOW,75196.11,SELF_EMPLOYED,N,2025-01-01
107462,VERIFIED,LOW,110110.68,SALARIED,N,2025-08-21
107463,VERIFIED,LOW,85401.57,SALARIED,N,2025-05-17
107464,VERIFIED,MEDIUM,74177.67,SALARIED,N,2025-06-17
107465,EXPIRED,MEDIUM,49370.42,SALARIED,N,2025-09-12
107466,VERIFIED,MEDIUM,44347.63,SELF_EMPLOYED,N,2026-02-22
107467,VERIFIED,HIGH,91353.91,SALARIED,N,2026-06-19
107468,VERIFIED,LOW,72433.98,SELF_EMPLOYED,N,2025-06-02
107469,VERIFIED,LOW,171875.58,SALARIED,N,2026-01-21
107470,PENDING,MEDIUM,55918.32,SALARIED,N,2025-10-19
107471,VERIFIED,LOW,36265.94,SELF_EMPLOYED,N,2025-02-08
107472,VERIFIED,MEDIUM,25598.35,SELF_EMPLOYED,N,2025-09-15
107473,VERIFIED,MEDIUM,40162.81,PROFESSIONAL,N,2026-04-12
107474,VERIFIED,LOW,25985.24,SALARIED,N,2026-05-01
107475,VERIFIED,MEDIUM,139515.74,RETIRED,N,2026-05-16
107476,VERIFIED,LOW,50194.93,SALARIED,N,2026-06-16
107477,VERIFIED,LOW,40171.68,RETIRED,N,2025-12-06
107478,VERIFIED,MEDIUM,90386.24,SALARIED,N,2025-01-15
107479,EXPIRED,MEDIUM,234894.67,RETIRED,N,2025-08-28
107480,VERIFIED,LOW,50140.16,RETIRED,N,2026-01-04
107481,VERIFIED,MEDIUM,31661.89,SALARIED,N,2025-06-19
107482,VERIFIED,HIGH,51167.11,SALARIED,N,2025-03-16
107483,VERIFIED,LOW,19767.76,SELF_EMPLOYED,N,2025-08-29
107484,VERIFIED,LOW,92460.65,SALARIED,N,2025-02-28
107485,VERIFIED,LOW,96278.6,SALARIED,N,2026-06-08
107486,VERIFIED,LOW,49730.77,RETIRED,N,2025-08-09
107487,VERIFIED,LOW,31943.47,PROFESSIONAL,N,2026-01-23
107488,VERIFIED,LOW,314958.86,PROFESSIONAL,N,2025-02-16
107489,VERIFIED,LOW,29759.42,STUDENT,N,2025-11-03
107490,VERIFIED,LOW,40634.64,SELF_EMPLOYED,N,2026-08-28
107491,VERIFIED,LOW,67655.03,SELF_EMPLOYED,N,2025-06-13
107492,VERIFIED,HIGH,115789.27,PROFESSIONAL,N,2026-03-27
107493,VERIFIED,LOW,59997.51,SALARIED,N,2025-08-19
107494,VERIFIED,LOW,67710.01,SALARIED,N,2026-02-24
107495,VERIFIED,LOW,98498.23,SELF_EMPLOYED,N,2026-10-01
107496,VERIFIED,HIGH,531629.24,PROFESSIONAL,N,2025-04-20
107497,VERIFIED,LOW,45412.03,SALARIED,N,2025-03-23
107498,VERIFIED,MEDIUM,47503.36,SALARIED,N,2026-07-07
107499,VERIFIED,LOW,61700.03,RETIRED,N,2025-11-27
107500,VERIFIED,LOW,102883.4,SALARIED,N,2025-06-19
107501,VERIFIED,LOW,341591.94,SALARIED,N,2026-01-11
107502,VERIFIED,MEDIUM,61576.76,PROFESSIONAL,N,2025-06-21
107503,VERIFIED,MEDIUM,94896.28,SALARIED,N,2025-10-18
107504,VERIFIED,LOW,16261.85,SELF_EMPLOYED,N,2026-08-02
107505,VERIFIED,HIGH,69009.58,SELF_EMPLOYED,N,2025-08-20
107506,VERIFIED,LOW,65567.35,SALARIED,N,2026-02-11
107507,VERIFIED,LOW,128338.6,SALARIED,N,2026-08-23
107508,VERIFIED,MEDIUM,47275.21,SALARIED,N,2026-03-11
107509,VERIFIED,LOW,29894.86,SELF_EMPLOYED,N,2025-09-17
107510,VERIFIED,MEDIUM,76825.84,SALARIED,N,2026-09-25
107511,VERIFIED,LOW,24019.03,STUDENT,N,2025-10-17
107512,VERIFIED,LOW,39245.27,STUDENT,N,2025-09-17
107513,VERIFIED,LOW,68579.54,STUDENT,N,2026-02-14
107514,VERIFIED,HIGH,13934.59,SALARIED,N,2025-06-28
107515,PENDING,MEDIUM,56038.44,PROFESSIONAL,N,2025-11-14
107516,VERIFIED,HIGH,184853.38,PROFESSIONAL,N,2025-06-22
107517,VERIFIED,MEDIUM,23222.43,RETIRED,N,2025-02-09
107518,VERIFIED,LOW,42437.36,PROFESSIONAL,N,2025-05-10
107519,VERIFIED,LOW,97003.2,SALARIED,N,2026-03-23
107520,VERIFIED,LOW,112423.63,SALARIED,N,2026-06-28
107521,PENDING,LOW,68710.99,SALARIED,N,2025-05-11
107522,VERIFIED,LOW,58624.56,SELF_EMPLOYED,N,2025-07-07
107523,PENDING,MEDIUM,193831.17,PROFESSIONAL,N,2025-04-11
107524,VERIFIED,LOW,75984.09,SALARIED,N,2025-03-17
107525,VERIFIED,LOW,33273.13,SALARIED,N,2025-05-06
107526,VERIFIED,MEDIUM,71546.14,SALARIED,N,2026-05-19
107527,VERIFIED,MEDIUM,60615.9,SELF_EMPLOYED,N,2026-05-10
107528,VERIFIED,LOW,49755.61,SELF_EMPLOYED,N,2026-09-19
107529,VERIFIED,LOW,22186.0,PROFESSIONAL,N,2025-01-15
107530,VERIFIED,LOW,65867.05,SELF_EMPLOYED,N,2026-05-14
107531,VERIFIED,LOW,96629.01,SALARIED,N,2026-01-16
107532,VERIFIED,LOW,107775.49,SALARIED,N,2025-08-05
107533,PENDING,MEDIUM,66651.36,SELF_EMPLOYED,N,2025-04-20
107534,VERIFIED,LOW,67718.17,SALARIED,N,2025-04-23
107535,VERIFIED,LOW,45983.45,SELF_EMPLOYED,N,2025-11-27
107536,VERIFIED,LOW,124142.05,SALARIED,N,2026-05-27
107537,VERIFIED,HIGH,30549.09,SALARIED,Y,2025-03-28
107538,VERIFIED,MEDIUM,47161.39,SALARIED,N,2026-03-08
107539,VERIFIED,MEDIUM,39190.4,SALARIED,N,2025-04-14
107540,VERIFIED,MEDIUM,61536.8,RETIRED,N,2025-05-09
107541,VERIFIED,LOW,155329.72,SELF_EMPLOYED,N,2025-01-18
107542,VERIFIED,LOW,30576.44,SALARIED,N,2026-09-08
107543,VERIFIED,LOW,79341.57,PROFESSIONAL,N,2025-07-18
107544,VERIFIED,LOW,80499.0,SALARIED,N,2026-01-20
107545,VERIFIED,LOW,35360.75,SALARIED,N,2025-04-08
107546,VERIFIED,MEDIUM,58385.26,SALARIED,N,2026-01-20
107547,VERIFIED,LOW,36942.16,SALARIED,N,2026-03-31
107548,PENDING,LOW,70647.39,SELF_EMPLOYED,N,2025-09-15
107549,VERIFIED,LOW,61275.98,PROFESSIONAL,N,2026-01-11
107550,PENDING,LOW,175980.37,SELF_EMPLOYED,N,2025-05-14
107551,VERIFIED,LOW,40237.37,SALARIED,N,2025-10-14
107552,VERIFIED,HIGH,59173.09,PROFESSIONAL,N,2026-01-15
107553,PENDING,LOW,51903.82,SALARIED,N,2025-02-27
107554,VERIFIED,MEDIUM,159830.21,SELF_EMPLOYED,N,2025-10-01
107555,VERIFIED,MEDIUM,48049.28,SALARIED,N,2025-09-06
107556,VERIFIED,LOW,37076.57,SALARIED,N,2025-04-17
107557,VERIFIED,LOW,39959.73,PROFESSIONAL,N,2025-03-01
107558,VERIFIED,LOW,39532.6,SALARIED,N,2025-01-13
107559,VERIFIED,MEDIUM,45351.46,SALARIED,N,2025-08-24
107560,VERIFIED,MEDIUM,37939.64,STUDENT,N,2026-07-29
107561,VERIFIED,LOW,66840.29,SALARIED,N,2026-04-13
107562,VERIFIED,LOW,28449.88,STUDENT,N,2026-08-29
107563,VERIFIED,LOW,96258.01,SELF_EMPLOYED,N,2025-11-29
107564,VERIFIED,LOW,67966.42,STUDENT,N,2025-03-07
107565,VERIFIED,LOW,189880.7,SALARIED,N,2025-11-18
107566,VERIFIED,LOW,89631.92,PROFESSIONAL,N,2025-07-10
107567,EXPIRED,HIGH,83937.78,SALARIED,N,2026-02-06
107568,VERIFIED,MEDIUM,244314.85,SALARIED,N,2026-04-17
107569,VERIFIED,MEDIUM,87762.1,SALARIED,N,2026-09-07
107570,VERIFIED,HIGH,57549.6,STUDENT,N,2026-02-25
107571,VERIFIED,LOW,37609.49,SALARIED,N,2026-01-26
107572,VERIFIED,LOW,170140.47,SALARIED,N,2025-09-16
107573,VERIFIED,LOW,34356.91,SALARIED,N,2025-05-08
107574,VERIFIED,MEDIUM,31548.93,SALARIED,N,2025-07-29
107575,VERIFIED,MEDIUM,31640.8,SALARIED,N,2026-01-10
107576,VERIFIED,HIGH,40574.82,SALARIED,N,2026-10-04
107577,VERIFIED,LOW,68065.65,SALARIED,N,2026-01-27
107578,VERIFIED,LOW,55806.13,STUDENT,N,2025-03-13
107579,VERIFIED,LOW,93106.02,PROFESSIONAL,N,2025-03-16
107580,VERIFIED,LOW,32580.76,SALARIED,N,2026-06-19
107581,VERIFIED,MEDIUM,37546.73,SALARIED,N,2026-07-01
107582,VERIFIED,LOW,73115.99,SALARIED,N,2025-09-08
107583,VERIFIED,LOW,35358.17,SELF_EMPLOYED,N,2025-07-14
107584,VERIFIED,LOW,27298.64,SALARIED,N,2025-01-09
107585,VERIFIED,LOW,24479.71,STUDENT,N,2026-06-07
107586,EXPIRED,LOW,64116.73,SELF_EMPLOYED,N,2026-06-04
107587,VERIFIED,LOW,63276.09,RETIRED,N,2026-02-27
107588,VERIFIED,MEDIUM,61366.96,SELF_EMPLOYED,N,2026-09-27
107589,VERIFIED,MEDIUM,145950.12,SALARIED,N,2025-05-04
107590,VERIFIED,MEDIUM,80533.9,SALARIED,N,2026-06-24
107591,VERIFIED,LOW,66185.9,SALARIED,N,2026-09-23
107592,VERIFIED,LOW,158928.61,SALARIED,N,2026-02-09
107593,VERIFIED,LOW,124711.41,SALARIED,N,2026-03-04
107594,VERIFIED,LOW,41173.59,SALARIED,N,2026-04-30
107595,VERIFIED,LOW,113829.45,SALARIED,N,2025-08-17
107596,VERIFIED,LOW,209487.43,SALARIED,N,2025-07-01
107597,VERIFIED,MEDIUM,209992.27,SALARIED,N,2026-03-03
107598,VERIFIED,MEDIUM,124851.03,SALARIED,N,2025-06-30
107599,VERIFIED,HIGH,85151.66,SALARIED,Y,2026-05-13
107600,VERIFIED,LOW,79909.55,STUDENT,N,2026-07-13
107601,VERIFIED,LOW,170617.18,SALARIED,N,2025-12-02
107602,VERIFIED,LOW,27736.57,PROFESSIONAL,N,2026-01-19
107603,VERIFIED,LOW,150836.96,PROFESSIONAL,N,2025-03-02
107604,VERIFIED,LOW,72024.91,SALARIED,N,2025-10-18
107605,VERIFIED,LOW,36324.49,SALARIED,N,2026-10-09
107606,VERIFIED,LOW,30690.28,SALARIED,N,2026-02-15
107607,VERIFIED,LOW,21836.71,SALARIED,N,2025-02-20
107608,VERIFIED,LOW,95503.6,SALARIED,N,2025-09-06
107609,VERIFIED,LOW,230866.79,STUDENT,N,2026-04-02
107610,VERIFIED,LOW,47835.76,SALARIED,N,2026-08-09
107611,VERIFIED,MEDIUM,37983.83,PROFESSIONAL,N,2026-04-21
107612,PENDING,LOW,145147.13,SALARIED,N,2025-07-09
107613,VERIFIED,LOW,71237.53,SELF_EMPLOYED,N,2025-06-12
107614,VERIFIED,MEDIUM,149542.61,SALARIED,N,2025-04-15
107615,VERIFIED,MEDIUM,35091.02,PROFESSIONAL,N,2026-04-02
107616,VERIFIED,LOW,101131.68,SALARIED,N,2025-04-28
107617,VERIFIED,MEDIUM,215316.92,SALARIED,N,2026-03-01
107618,VERIFIED,LOW,33441.41,SALARIED,N,2026-08-24
107619,VERIFIED,LOW,53718.09,STUDENT,N,2026-03-10
107620,VERIFIED,MEDIUM,52311.22,SELF_EMPLOYED,N,2025-07-20
107621,VERIFIED,LOW,107709.62,SALARIED,N,2025-05-30
107622,PENDING,LOW,150154.74,SALARIED,N,2026-09-28
107623,VERIFIED,LOW,42482.69,SALARIED,N,2025-03-26
107624,VERIFIED,MEDIUM,335619.99,SALARIED,N,2025-01-27
107625,VERIFIED,MEDIUM,68645.58,SALARIED,N,2025-11-28
107626,VERIFIED,LOW,45753.75,SALARIED,N,2025-02-02
107627,VERIFIED,LOW,167373.9,STUDENT,N,2026-06-15
107628,VERIFIED,MEDIUM,72478.32,SALARIED,N,2026-06-18
107629,VERIFIED,LOW,51816.1,SALARIED,N,2025-03-30
107630,VERIFIED,LOW,46512.15,SALARIED,N,2025-09-20
107631,VERIFIED,LOW,259479.97,PROFESSIONAL,N,2026-08-31
107632,VERIFIED,LOW,34681.87,SALARIED,N,2026-04-03
107633,VERIFIED,LOW,137556.32,RETIRED,N,2025-03-22
107634,PENDING,MEDIUM,39043.78,SALARIED,N,2026-01-21
107635,VERIFIED,LOW,44144.49,SELF_EMPLOYED,N,2025-12-19
107636,VERIFIED,LOW,62738.94,RETIRED,N,2026-03-23
107637,VERIFIED,MEDIUM,89547.64,PROFESSIONAL,N,2026-08-01
107638,VERIFIED,LOW,22718.24,SALARIED,N,2025-12-08
107639,VERIFIED,MEDIUM,46449.36,STUDENT,N,2026-09-10
107640,PENDING,MEDIUM,129173.08,SALARIED,N,2026-04-03
107641,VERIFIED,LOW,128793.0,SELF_EMPLOYED,N,2025-02-05
107642,VERIFIED,MEDIUM,54791.28,PROFESSIONAL,N,2026-01-06
107643,VERIFIED,MEDIUM,30824.22,SALARIED,N,2025-09-18
107644,VERIFIED,LOW,76122.18,PROFESSIONAL,N,2025-09-20
107645,VERIFIED,MEDIUM,113754.37,SALARIED,N,2026-03-31
107646,VERIFIED,LOW,74459.44,STUDENT,N,2026-03-30
107647,PENDING,MEDIUM,164966.57,SALARIED,N,2025-09-21
107648,VERIFIED,MEDIUM,55528.71,STUDENT,N,2025-03-20
107649,VERIFIED,HIGH,28094.19,SALARIED,N,2025-03-04
107650,VERIFIED,LOW,44953.53,SALARIED,N,2025-06-24
107651,VERIFIED,MEDIUM,66237.21,SALARIED,N,2026-05-02
107652,PENDING,LOW,41888.27,SALARIED,N,2025-05-02
107653,VERIFIED,MEDIUM,47205.29,SALARIED,N,2026-07-13
107654,EXPIRED,LOW,123638.19,SALARIED,N,2026-07-01
107655,VERIFIED,LOW,39025.88,SELF_EMPLOYED,N,2025-12-01
107656,VERIFIED,MEDIUM,27819.08,SELF_EMPLOYED,N,2026-02-09
107657,VERIFIED,LOW,112025.06,SALARIED,N,2026-04-21
107658,VERIFIED,MEDIUM,100660.11,RETIRED,N,2025-01-01
107659,VERIFIED,LOW,33719.46,SALARIED,N,2025-11-06
107660,PENDING,LOW,104802.37,SELF_EMPLOYED,N,2026-06-21
107661,VERIFIED,MEDIUM,31732.89,PROFESSIONAL,N,2026-09-06
107662,VERIFIED,MEDIUM,41344.96,SALARIED,N,2025-06-28
107663,VERIFIED,LOW,32277.62,SALARIED,N,2025-11-19
107664,VERIFIED,MEDIUM,49120.9,SALARIED,N,2025-01-08
107665,VERIFIED,LOW,95476.74,SALARIED,N,2025-03-30
107666,VERIFIED,HIGH,78858.42,STUDENT,N,2025-02-22
107667,VERIFIED,MEDIUM,38990.69,SALARIED,N,2025-08-13
107668,VERIFIED,LOW,74842.63,STUDENT,N,2025-12-27
107669,PENDING,LOW,84826.52,SELF_EMPLOYED,N,2025-07-27
107670,PENDING,LOW,123135.79,STUDENT,N,2025-04-29
107671,VERIFIED,HIGH,83577.29,SALARIED,N,2026-07-20
107672,VERIFIED,LOW,106884.49,SELF_EMPLOYED,N,2026-02-13
107673,VERIFIED,LOW,69018.02,SALARIED,N,2026-05-30
107674,VERIFIED,LOW,38961.84,SALARIED,N,2026-07-11
107675,VERIFIED,MEDIUM,73510.32,SELF_EMPLOYED,N,2026-07-19
107676,VERIFIED,MEDIUM,145822.54,SALARIED,N,2025-09-23
107677,VERIFIED,LOW,150857.1,RETIRED,N,2026-04-01
107678,VERIFIED,LOW,12357.91,SALARIED,N,2026-07-21
107679,VERIFIED,LOW,99588.82,SALARIED,N,2026-05-12
107680,VERIFIED,LOW,47990.39,STUDENT,N,2025-05-19
107681,VERIFIED,HIGH,85853.57,STUDENT,N,2026-08-22
107682,VERIFIED,MEDIUM,27232.39,STUDENT,N,2026-02-21
107683,VERIFIED,LOW,50031.14,SELF_EMPLOYED,N,2025-04-02
107684,VERIFIED,LOW,23325.49,SELF_EMPLOYED,N,2026-08-04
107685,VERIFIED,LOW,49950.25,SALARIED,N,2026-06-01
107686,VERIFIED,MEDIUM,98216.29,PROFESSIONAL,N,2025-12-24
107687,EXPIRED,MEDIUM,88369.31,SELF_EMPLOYED,N,2025-08-19
107688,VERIFIED,LOW,266957.57,SALARIED,N,2026-05-23
107689,VERIFIED,LOW,47345.45,RETIRED,N,2026-01-15
107690,VERIFIED,LOW,37387.8,SALARIED,N,2026-01-29
107691,VERIFIED,LOW,162893.06,SELF_EMPLOYED,N,2025-02-08
107692,VERIFIED,HIGH,21685.37,SELF_EMPLOYED,N,2025-04-15
107693,VERIFIED,LOW,75024.97,SALARIED,N,2025-08-02
107694,VERIFIED,MEDIUM,91754.15,SALARIED,N,2026-08-21
107695,VERIFIED,MEDIUM,14740.73,SELF_EMPLOYED,N,2026-03-25
107696,VERIFIED,LOW,32575.3,RETIRED,N,2025-05-14
107697,VERIFIED,LOW,27243.86,SALARIED,N,2026-07-27
107698,VERIFIED,LOW,113727.58,SELF_EMPLOYED,Y,2026-05-26
107699,VERIFIED,MEDIUM,43581.75,SALARIED,N,2025-02-21
107700,VERIFIED,LOW,55868.75,SALARIED,N,2025-03-02
107701,VERIFIED,MEDIUM,23183.37,SALARIED,N,2025-09-02
107702,VERIFIED,MEDIUM,39088.33,SALARIED,N,2025-11-15
107703,VERIFIED,MEDIUM,39593.84,SALARIED,N,2026-05-13
107704,VERIFIED,MEDIUM,57423.48,SALARIED,N,2026-01-14
107705,EXPIRED,LOW,54238.85,SALARIED,N,2025-08-10
107706,VERIFIED,MEDIUM,172065.25,SALARIED,N,2026-03-15
107707,VERIFIED,LOW,103734.99,RETIRED,N,2026-03-09
107708,VERIFIED,LOW,20854.65,SELF_EMPLOYED,N,2026-04-02
107709,VERIFIED,LOW,128206.38,RETIRED,N,2026-02-02
107710,VERIFIED,LOW,117248.17,PROFESSIONAL,N,2025-02-05
107711,VERIFIED,LOW,69167.35,SALARIED,N,2026-08-26
107712,VERIFIED,LOW,125584.1,SELF_EMPLOYED,N,2025-07-29
107713,VERIFIED,LOW,144590.73,SALARIED,N,2026-06-13
107714,VERIFIED,HIGH,48253.81,SALARIED,N,2026-03-11
107715,VERIFIED,LOW,29946.14,SALARIED,N,2026-02-10
107716,VERIFIED,LOW,95525.54,SALARIED,N,2025-09-01
107717,VERIFIED,LOW,38945.71,PROFESSIONAL,N,2026-05-19
107718,VERIFIED,LOW,78574.6,SALARIED,N,2025-10-18
107719,VERIFIED,MEDIUM,33701.26,SALARIED,N,2025-06-15
107720,VERIFIED,LOW,124632.28,SELF_EMPLOYED,N,2025-03-05
107721,VERIFIED,LOW,40391.38,SELF_EMPLOYED,N,2025-03-07
107722,VERIFIED,LOW,57692.44,SALARIED,N,2026-01-26
107723,VERIFIED,LOW,55333.29,SALARIED,N,2025-10-09
107724,VERIFIED,MEDIUM,26355.34,SELF_EMPLOYED,N,2025-08-01
107725,VERIFIED,LOW,133477.28,PROFESSIONAL,N,2025-11-22
107726,VERIFIED,MEDIUM,152561.71,SALARIED,N,2025-03-15
107727,EXPIRED,LOW,60280.47,PROFESSIONAL,N,2026-07-31
107728,VERIFIED,MEDIUM,40388.24,SELF_EMPLOYED,N,2025-11-25
107729,VERIFIED,LOW,56834.46,PROFESSIONAL,N,2026-08-23
107730,VERIFIED,LOW,47623.76,SALARIED,N,2025-09-19
107731,VERIFIED,LOW,65200.5,RETIRED,N,2025-07-13
107732,VERIFIED,LOW,54034.96,SELF_EMPLOYED,N,2026-02-14
107733,VERIFIED,LOW,36692.22,SALARIED,N,2025-01-23
107734,VERIFIED,MEDIUM,138055.77,STUDENT,N,2025-05-29
107735,VERIFIED,MEDIUM,57574.74,SELF_EMPLOYED,N,2025-11-26
107736,VERIFIED,LOW,232250.68,SALARIED,N,2025-04-09
107737,VERIFIED,LOW,70810.44,STUDENT,N,2026-10-05
107738,VERIFIED,LOW,50862.34,SELF_EMPLOYED,N,2025-08-11
107739,VERIFIED,MEDIUM,55083.94,SALARIED,N,2026-04-15
107740,VERIFIED,LOW,52119.01,SALARIED,N,2026-08-21
107741,VERIFIED,LOW,61759.83,SALARIED,N,2025-02-11
107742,VERIFIED,MEDIUM,76541.89,SALARIED,N,2025-05-20
107743,VERIFIED,LOW,31911.56,SALARIED,N,2025-02-17
107744,PENDING,MEDIUM,34068.18,SALARIED,N,2025-07-12
107745,PENDING,LOW,109876.6,SALARIED,N,2026-01-10
107746,VERIFIED,MEDIUM,92340.16,SALARIED,N,2026-05-25
107747,VERIFIED,LOW,23770.68,SALARIED,N,2025-10-03
107748,VERIFIED,MEDIUM,92936.91,PROFESSIONAL,N,2026-05-09
107749,VERIFIED,LOW,114262.13,SALARIED,N,2026-06-22
107750,VERIFIED,LOW,77970.36,SALARIED,N,2025-09-14
107751,VERIFIED,MEDIUM,22580.64,SALARIED,N,2025-08-07
107752,VERIFIED,LOW,27747.07,SELF_EMPLOYED,N,2026-06-12
107753,VERIFIED,LOW,64180.0,SALARIED,N,2025-06-04
107754,VERIFIED,LOW,224926.25,SELF_EMPLOYED,N,2026-05-01
107755,VERIFIED,LOW,46632.36,SALARIED,N,2026-03-03
107756,VERIFIED,HIGH,98081.91,SELF_EMPLOYED,N,2025-07-05
107757,VERIFIED,MEDIUM,43539.12,RETIRED,N,2025-05-09
107758,VERIFIED,LOW,199778.01,PROFESSIONAL,N,2026-02-08
107759,VERIFIED,LOW,67979.52,SELF_EMPLOYED,N,2026-03-23
107760,VERIFIED,LOW,30084.95,SALARIED,N,2025-06-19
107761,PENDING,MEDIUM,38944.54,SALARIED,N,2026-02-21
107762,VERIFIED,LOW,36953.46,SALARIED,N,2025-12-05
107763,VERIFIED,LOW,71369.13,PROFESSIONAL,N,2025-01-05
107764,VERIFIED,LOW,42082.69,PROFESSIONAL,N,2025-10-16
107765,PENDING,LOW,47959.98,SALARIED,N,2025-06-14
107766,VERIFIED,MEDIUM,234472.87,PROFESSIONAL,N,2025-11-06
107767,VERIFIED,LOW,45199.85,SELF_EMPLOYED,N,2025-03-22
107768,EXPIRED,MEDIUM,74213.06,RETIRED,N,2026-09-13
107769,VERIFIED,MEDIUM,55413.08,RETIRED,N,2025-02-19
107770,VERIFIED,HIGH,64088.77,SALARIED,N,2026-05-31
107771,VERIFIED,LOW,102073.71,PROFESSIONAL,N,2025-06-03
107772,VERIFIED,LOW,15853.81,SALARIED,N,2026-02-07
107773,VERIFIED,LOW,72962.6,SALARIED,N,2025-03-24
107774,PENDING,MEDIUM,51818.01,SALARIED,N,2025-02-03
107775,VERIFIED,LOW,74168.18,SALARIED,N,2026-08-27
107776,VERIFIED,LOW,57976.8,SELF_EMPLOYED,N,2025-03-25
107777,VERIFIED,MEDIUM,58316.49,SALARIED,N,2026-01-13
107778,VERIFIED,LOW,80186.42,SELF_EMPLOYED,N,2026-02-20
107779,VERIFIED,MEDIUM,46275.82,SELF_EMPLOYED,N,2025-05-24
107780,VERIFIED,MEDIUM,237663.16,SALARIED,N,2026-08-21
107781,VERIFIED,HIGH,35406.43,SALARIED,N,2026-06-06
107782,VERIFIED,MEDIUM,168627.22,SALARIED,N,2025-02-01
107783,VERIFIED,LOW,29530.78,SALARIED,N,2025-01-19
107784,VERIFIED,LOW,55752.23,PROFESSIONAL,N,2026-10-06
107785,VERIFIED,LOW,80983.21,SALARIED,N,2025-03-13
107786,VERIFIED,LOW,36086.91,SALARIED,N,2025-11-03
107787,VERIFIED,MEDIUM,34504.55,SALARIED,N,2026-05-14
107788,VERIFIED,LOW,55129.12,PROFESSIONAL,N,2025-09-05
107789,VERIFIED,MEDIUM,118450.99,PROFESSIONAL,N,2026-09-14
107790,VERIFIED,MEDIUM,69792.11,SALARIED,N,2026-03-20
107791,VERIFIED,MEDIUM,226745.87,SALARIED,N,2026-05-05
107792,VERIFIED,MEDIUM,95514.87,SALARIED,N,2026-10-06
107793,VERIFIED,LOW,49155.51,RETIRED,N,2025-03-25
107794,VERIFIED,LOW,11485.49,SALARIED,N,2025-05-13
107795,VERIFIED,LOW,24147.85,SALARIED,N,2025-03-08
107796,VERIFIED,MEDIUM,55687.71,SALARIED,N,2026-09-18
107797,VERIFIED,HIGH,23927.8,STUDENT,N,2025-12-24
107798,VERIFIED,HIGH,58384.16,SALARIED,N,2025-03-22
107799,VERIFIED,LOW,76508.41,STUDENT,N,2025-07-10
107800,VERIFIED,HIGH,54709.11,SELF_EMPLOYED,N,2026-06-11
107801,VERIFIED,MEDIUM,55472.98,SALARIED,N,2025-12-09
107802,VERIFIED,LOW,236206.94,PROFESSIONAL,N,2026-04-03
107803,VERIFIED,LOW,69060.47,PROFESSIONAL,N,2025-11-15
107804,VERIFIED,HIGH,60503.43,SELF_EMPLOYED,N,2025-11-13
107805,VERIFIED,LOW,34672.64,SALARIED,N,2026-07-29
107806,VERIFIED,HIGH,66031.55,PROFESSIONAL,N,2025-12-22
107807,VERIFIED,LOW,48482.72,PROFESSIONAL,Y,2026-04-29
107808,VERIFIED,LOW,213441.03,STUDENT,N,2026-09-27
107809,VERIFIED,LOW,95806.74,SALARIED,N,2025-10-24
107810,PENDING,LOW,166584.34,RETIRED,N,2026-05-13
107811,VERIFIED,MEDIUM,75773.8,SALARIED,N,2026-08-04
107812,VERIFIED,LOW,148718.78,SALARIED,N,2026-10-06
107813,VERIFIED,LOW,34528.5,SELF_EMPLOYED,N,2025-09-27
107814,VERIFIED,HIGH,77827.1,PROFESSIONAL,N,2025-03-15
107815,VERIFIED,LOW,37609.16,SALARIED,N,2026-08-10
107816,VERIFIED,LOW,49723.95,SALARIED,N,2025-09-15
107817,VERIFIED,MEDIUM,67986.17,SALARIED,N,2025-02-18
107818,VERIFIED,HIGH,35519.39,PROFESSIONAL,N,2025-06-11
107819,VERIFIED,MEDIUM,25580.93,SALARIED,N,2026-07-15
107820,VERIFIED,LOW,125416.29,PROFESSIONAL,N,2025-07-31
107821,VERIFIED,LOW,22194.69,STUDENT,N,2026-01-30
107822,VERIFIED,MEDIUM,198502.09,STUDENT,N,2026-09-21
107823,VERIFIED,MEDIUM,38941.68,SALARIED,N,2026-03-22
107824,VERIFIED,MEDIUM,95628.97,SELF_EMPLOYED,N,2025-12-27
107825,VERIFIED,LOW,99339.38,SALARIED,N,2025-08-20
107826,VERIFIED,MEDIUM,32252.13,SELF_EMPLOYED,N,2026-06-26
107827,VERIFIED,MEDIUM,89238.79,SALARIED,N,2026-05-06
107828,VERIFIED,MEDIUM,73981.54,STUDENT,N,2025-01-07
107829,VERIFIED,LOW,99740.05,PROFESSIONAL,N,2025-10-11
107830,VERIFIED,LOW,145251.87,SALARIED,N,2025-12-06
107831,VERIFIED,LOW,112296.18,RETIRED,N,2025-08-14
107832,VERIFIED,MEDIUM,37630.05,STUDENT,N,2026-09-14
107833,PENDING,MEDIUM,60571.87,SALARIED,N,2026-09-20
107834,VERIFIED,LOW,38730.5,SELF_EMPLOYED,N,2025-08-11
107835,VERIFIED,LOW,45511.11,STUDENT,N,2025-01-03
107836,VERIFIED,LOW,90868.66,PROFESSIONAL,N,2025-11-18
107837,VERIFIED,LOW,98057.29,STUDENT,N,2026-03-06
107838,VERIFIED,MEDIUM,96598.86,SELF_EMPLOYED,N,2025-07-14
107839,VERIFIED,LOW,79783.53,SALARIED,N,2026-03-20
107840,VERIFIED,MEDIUM,88116.0,SALARIED,N,2026-04-08
107841,PENDING,LOW,49238.41,SALARIED,N,2025-01-14
107842,VERIFIED,MEDIUM,159251.59,SELF_EMPLOYED,N,2025-01-06
107843,VERIFIED,LOW,102153.18,STUDENT,N,2026-01-04
107844,VERIFIED,LOW,65272.99,SALARIED,N,2026-01-06
107845,VERIFIED,LOW,137595.11,SELF_EMPLOYED,N,2026-06-24
107846,VERIFIED,LOW,47341.21,SALARIED,N,2025-03-14
107847,VERIFIED,LOW,71519.31,SALARIED,N,2025-10-01
107848,VERIFIED,MEDIUM,118382.93,SALARIED,N,2025-10-22
107849,VERIFIED,LOW,29978.92,SALARIED,N,2026-03-06
107850,VERIFIED,MEDIUM,280615.84,PROFESSIONAL,N,2025-11-24
107851,VERIFIED,LOW,45127.19,SELF_EMPLOYED,N,2026-03-21
107852,VERIFIED,LOW,49309.0,SALARIED,N,2025-09-23
107853,VERIFIED,LOW,67041.73,RETIRED,N,2025-03-12
107854,VERIFIED,MEDIUM,107046.72,SALARIED,N,2025-02-02
107855,PENDING,LOW,113907.57,PROFESSIONAL,N,2025-02-05
107856,VERIFIED,LOW,175334.32,SALARIED,N,2025-12-29
107857,VERIFIED,LOW,63480.86,SALARIED,N,2025-10-08
107858,VERIFIED,LOW,82005.79,PROFESSIONAL,N,2025-06-12
107859,VERIFIED,LOW,24347.4,SALARIED,N,2026-02-01
107860,VERIFIED,LOW,32991.35,SELF_EMPLOYED,N,2025-10-14
107861,VERIFIED,MEDIUM,62357.75,SALARIED,N,2025-07-20
107862,VERIFIED,LOW,83500.7,SALARIED,N,2025-02-28
107863,VERIFIED,LOW,64215.32,STUDENT,N,2025-03-20
107864,VERIFIED,LOW,93038.12,SELF_EMPLOYED,N,2025-04-17
107865,VERIFIED,LOW,63773.98,PROFESSIONAL,N,2025-04-21
107866,VERIFIED,LOW,56835.98,STUDENT,N,2026-02-05
107867,EXPIRED,MEDIUM,314946.96,SELF_EMPLOYED,N,2026-02-05
107868,VERIFIED,LOW,55766.13,SALARIED,N,2026-10-08
107869,VERIFIED,MEDIUM,127782.94,SELF_EMPLOYED,N,2025-02-22
107870,VERIFIED,LOW,28318.82,SALARIED,N,2026-09-30
107871,VERIFIED,MEDIUM,71691.53,SALARIED,N,2026-04-20
107872,VERIFIED,LOW,42683.04,SELF_EMPLOYED,N,2025-03-16
107873,VERIFIED,MEDIUM,239667.49,SELF_EMPLOYED,N,2026-01-05
107874,VERIFIED,LOW,46053.61,SELF_EMPLOYED,N,2026-01-12
107875,VERIFIED,MEDIUM,64855.34,SALARIED,N,2025-03-08
107876,EXPIRED,LOW,38744.03,SELF_EMPLOYED,N,2026-08-11
107877,VERIFIED,LOW,37258.24,SALARIED,N,2026-04-05
107878,VERIFIED,LOW,62974.39,SALARIED,N,2025-09-17
107879,VERIFIED,LOW,83756.03,PROFESSIONAL,N,2025-09-29
107880,VERIFIED,LOW,131590.98,SALARIED,N,2026-06-07
107881,VERIFIED,MEDIUM,45415.45,SELF_EMPLOYED,N,2026-02-02
107882,VERIFIED,LOW,44924.37,SALARIED,N,2025-04-03
107883,VERIFIED,LOW,152561.86,SELF_EMPLOYED,N,2026-01-27
107884,VERIFIED,MEDIUM,186471.65,SALARIED,N,2026-10-03
107885,VERIFIED,LOW,62648.81,SALARIED,N,2026-07-22
107886,VERIFIED,LOW,89563.59,STUDENT,N,2026-02-22
107887,PENDING,MEDIUM,195873.48,SALARIED,N,2025-12-17
107888,VERIFIED,MEDIUM,370177.54,PROFESSIONAL,N,2026-02-06
107889,PENDING,LOW,86877.91,SALARIED,N,2025-06-29
107890,VERIFIED,LOW,107975.08,SALARIED,N,2026-01-13
107891,VERIFIED,LOW,72140.67,SALARIED,N,2026-06-29
107892,PENDING,MEDIUM,25283.55,SALARIED,N,2026-08-10
107893,VERIFIED,LOW,82887.18,SALARIED,N,2026-01-22
107894,VERIFIED,LOW,161340.29,SALARIED,N,2025-07-20
107895,VERIFIED,LOW,40556.46,RETIRED,N,2025-05-21
107896,VERIFIED,LOW,19822.86,SALARIED,N,2025-05-20
107897,VERIFIED,MEDIUM,97153.43,SALARIED,N,2025-06-01
107898,VERIFIED,LOW,21129.27,SALARIED,N,2025-12-14
107899,VERIFIED,MEDIUM,23816.75,SELF_EMPLOYED,N,2025-10-15
107900,VERIFIED,MEDIUM,22868.98,SALARIED,N,2026-10-03
107901,VERIFIED,LOW,17999.9,SELF_EMPLOYED,N,2026-02-06
107902,VERIFIED,MEDIUM,131569.51,SELF_EMPLOYED,N,2026-10-01
107903,VERIFIED,LOW,72395.29,RETIRED,N,2026-08-21
107904,VERIFIED,LOW,251914.66,SALARIED,N,2025-03-01
107905,VERIFIED,LOW,106675.03,SELF_EMPLOYED,N,2025-06-23
107906,VERIFIED,MEDIUM,252693.99,SALARIED,N,2025-02-01
107907,VERIFIED,LOW,43538.85,SALARIED,N,2026-02-21
107908,EXPIRED,LOW,83748.45,STUDENT,N,2026-06-10
107909,VERIFIED,MEDIUM,28905.95,STUDENT,N,2026-08-18
107910,VERIFIED,MEDIUM,55256.49,SALARIED,N,2026-02-22
107911,PENDING,MEDIUM,168128.02,SELF_EMPLOYED,N,2025-06-04
107912,PENDING,LOW,64450.78,PROFESSIONAL,N,2026-02-11
107913,VERIFIED,MEDIUM,56803.94,SALARIED,N,2025-06-18
107914,VERIFIED,MEDIUM,65224.68,SALARIED,N,2026-03-31
107915,VERIFIED,LOW,72642.96,PROFESSIONAL,N,2025-01-25
107916,VERIFIED,LOW,72702.99,SALARIED,N,2025-01-21
107917,VERIFIED,LOW,157391.27,SALARIED,N,2026-02-03
107918,VERIFIED,MEDIUM,41411.83,SALARIED,N,2025-09-24
107919,VERIFIED,LOW,57851.63,STUDENT,N,2025-03-31
107920,VERIFIED,LOW,70520.49,SALARIED,N,2025-11-08
107921,VERIFIED,LOW,36780.82,SELF_EMPLOYED,N,2026-02-09
107922,VERIFIED,MEDIUM,49495.39,SALARIED,N,2026-03-05
107923,PENDING,LOW,108898.88,SALARIED,N,2025-01-22
107924,VERIFIED,MEDIUM,38728.62,SALARIED,N,2026-01-13
107925,VERIFIED,LOW,401494.94,SALARIED,N,2025-02-20
107926,VERIFIED,HIGH,191721.51,SALARIED,N,2026-05-07
107927,EXPIRED,LOW,74235.37,SALARIED,N,2026-04-15
107928,VERIFIED,LOW,96197.28,SELF_EMPLOYED,N,2025-12-19
107929,VERIFIED,MEDIUM,109190.5,SALARIED,N,2026-06-11
107930,VERIFIED,LOW,95226.92,RETIRED,N,2026-02-16
107931,VERIFIED,LOW,70405.81,STUDENT,N,2026-01-23
107932,VERIFIED,LOW,395817.32,SALARIED,N,2025-01-04
107933,VERIFIED,MEDIUM,41484.54,PROFESSIONAL,N,2025-05-04
107934,VERIFIED,LOW,51454.36,SALARIED,N,2026-02-18
107935,VERIFIED,LOW,69371.26,SALARIED,N,2026-09-08
107936,VERIFIED,LOW,100636.33,SALARIED,N,2025-11-29
107937,VERIFIED,MEDIUM,244669.5,STUDENT,N,2026-10-07
107938,VERIFIED,MEDIUM,66100.3,SALARIED,N,2025-09-26
107939,VERIFIED,MEDIUM,96379.43,SALARIED,N,2025-03-28
107940,VERIFIED,MEDIUM,85019.71,SELF_EMPLOYED,N,2026-03-29
107941,VERIFIED,LOW,62709.22,SELF_EMPLOYED,N,2026-04-12
107942,VERIFIED,LOW,148321.41,SALARIED,N,2025-01-02
107943,VERIFIED,LOW,87419.28,PROFESSIONAL,N,2026-07-26
107944,EXPIRED,MEDIUM,125821.09,SELF_EMPLOYED,N,2026-05-15
107945,VERIFIED,LOW,54692.31,SALARIED,N,2026-01-19
107946,VERIFIED,LOW,46562.79,SALARIED,N,2026-07-31
107947,VERIFIED,LOW,52941.06,SELF_EMPLOYED,N,2026-04-18
107948,VERIFIED,HIGH,80364.16,SELF_EMPLOYED,N,2025-03-15
107949,VERIFIED,LOW,136830.65,SALARIED,N,2026-03-06
107950,VERIFIED,LOW,258552.94,SALARIED,N,2025-08-19
107951,VERIFIED,MEDIUM,74142.33,SALARIED,N,2026-10-03
107952,VERIFIED,LOW,222156.2,RETIRED,N,2026-07-19
107953,VERIFIED,LOW,99413.03,SALARIED,N,2026-04-07
107954,VERIFIED,LOW,42853.32,SALARIED,N,2025-02-10
107955,VERIFIED,LOW,71488.13,SALARIED,N,2026-08-14
107956,PENDING,LOW,109100.58,SALARIED,N,2025-05-28
107957,VERIFIED,LOW,114726.41,RETIRED,N,2026-05-29
107958,VERIFIED,MEDIUM,48448.14,STUDENT,N,2026-06-08
107959,VERIFIED,MEDIUM,52499.12,SALARIED,N,2025-11-19
107960,VERIFIED,LOW,53217.41,STUDENT,N,2025-08-21
107961,VERIFIED,LOW,58194.52,SALARIED,N,2025-05-14
107962,VERIFIED,LOW,80699.89,SELF_EMPLOYED,N,2025-08-09
107963,VERIFIED,LOW,225764.09,SALARIED,N,2025-02-18
107964,VERIFIED,LOW,50324.46,SELF_EMPLOYED,N,2025-09-16
107965,PENDING,LOW,22794.48,SELF_EMPLOYED,N,2025-09-29
107966,VERIFIED,LOW,21860.57,SALARIED,N,2026-09-21
107967,VERIFIED,LOW,112524.99,STUDENT,N,2025-10-25
107968,VERIFIED,LOW,46428.18,SALARIED,N,2025-02-07
107969,VERIFIED,LOW,78845.97,PROFESSIONAL,N,2025-04-05
107970,VERIFIED,LOW,41776.39,STUDENT,N,2025-08-27
107971,VERIFIED,LOW,60093.1,SALARIED,Y,2025-07-16
107972,VERIFIED,LOW,53568.53,RETIRED,N,2025-08-24
107973,VERIFIED,LOW,42343.36,PROFESSIONAL,N,2025-10-17
107974,VERIFIED,LOW,147803.13,PROFESSIONAL,N,2026-09-29
107975,VERIFIED,LOW,155038.09,SALARIED,N,2025-01-31
107976,VERIFIED,MEDIUM,100294.8,SALARIED,N,2025-07-07
107977,VERIFIED,LOW,249822.92,SALARIED,N,2025-08-02
107978,VERIFIED,MEDIUM,28138.1,STUDENT,N,2026-09-06
107979,VERIFIED,MEDIUM,57691.95,SALARIED,N,2026-02-22
107980,VERIFIED,LOW,52735.56,SALARIED,N,2025-09-20
107981,VERIFIED,LOW,104935.44,SALARIED,N,2025-01-23
107982,VERIFIED,LOW,29161.51,RETIRED,N,2025-10-24
107983,VERIFIED,LOW,102112.57,SELF_EMPLOYED,N,2026-07-15
107984,VERIFIED,LOW,25902.12,SALARIED,N,2026-03-16
107985,VERIFIED,LOW,107592.97,PROFESSIONAL,N,2026-08-26
107986,VERIFIED,LOW,140180.28,SALARIED,N,2025-11-09
107987,VERIFIED,LOW,31705.64,STUDENT,N,2025-07-03
107988,PENDING,LOW,52122.14,SELF_EMPLOYED,N,2025-05-21
107989,VERIFIED,MEDIUM,143437.1,SALARIED,N,2026-01-31
107990,VERIFIED,LOW,163525.15,SALARIED,N,2026-06-30
107991,VERIFIED,LOW,26160.87,SALARIED,N,2026-01-11
107992,VERIFIED,MEDIUM,84524.64,PROFESSIONAL,N,2025-07-03
107993,VERIFIED,MEDIUM,101200.18,SALARIED,N,2026-02-06
107994,VERIFIED,LOW,65774.5,RETIRED,N,2026-07-12
107995,EXPIRED,LOW,168291.01,SALARIED,N,2026-01-23
107996,EXPIRED,LOW,46373.88,STUDENT,N,2026-09-22
107997,VERIFIED,HIGH,50529.79,SALARIED,N,2025-06-20
107998,VERIFIED,LOW,43111.27,SALARIED,N,2025-12-13
107999,VERIFIED,LOW,77622.46,RETIRED,N,2025-06-05
108000,VERIFIED,MEDIUM,55570.14,SALARIED,N,2025-04-24
108001,VERIFIED,LOW,116656.7,PROFESSIONAL,N,2025-03-17
108002,EXPIRED,LOW,52791.73,SELF_EMPLOYED,N,2025-04-16
108003,PENDING,LOW,59411.35,SALARIED,N,2025-07-27
108004,VERIFIED,MEDIUM,77991.49,PROFESSIONAL,N,2026-07-08
108005,VERIFIED,HIGH,39920.53,SALARIED,N,2025-05-09
108006,VERIFIED,LOW,132611.88,SALARIED,N,2025-07-04
108007,VERIFIED,MEDIUM,106972.6,SELF_EMPLOYED,N,2026-04-21
108008,VERIFIED,MEDIUM,104729.45,SALARIED,N,2025-11-18
108009,VERIFIED,LOW,35291.59,STUDENT,N,2026-03-02
108010,VERIFIED,LOW,187115.83,SALARIED,N,2026-05-25
108011,VERIFIED,MEDIUM,20564.26,STUDENT,N,2025-10-28
108012,VERIFIED,LOW,110883.67,SALARIED,N,2025-02-06
108013,VERIFIED,LOW,75069.77,SELF_EMPLOYED,N,2025-10-30
108014,VERIFIED,LOW,105798.78,RETIRED,N,2025-10-09
108015,VERIFIED,MEDIUM,59618.22,RETIRED,N,2026-09-04
108016,VERIFIED,LOW,72459.6,STUDENT,N,2026-03-12
108017,VERIFIED,LOW,108100.27,PROFESSIONAL,N,2026-02-06
108018,VERIFIED,MEDIUM,68558.97,SELF_EMPLOYED,N,2026-01-09
108019,VERIFIED,LOW,78925.78,SALARIED,N,2025-09-06
108020,VERIFIED,MEDIUM,80611.92,SALARIED,N,2025-09-22
108021,VERIFIED,LOW,285666.83,SELF_EMPLOYED,N,2025-05-31
108022,VERIFIED,LOW,24295.46,SALARIED,N,2025-08-18
108023,VERIFIED,MEDIUM,159394.96,SELF_EMPLOYED,N,2026-04-18
108024,VERIFIED,LOW,92114.67,SELF_EMPLOYED,N,2025-02-21
108025,VERIFIED,LOW,84973.55,SELF_EMPLOYED,N,2025-12-20
108026,EXPIRED,LOW,30025.85,SELF_EMPLOYED,N,2026-01-29
108027,VERIFIED,MEDIUM,145183.74,STUDENT,N,2025-04-05
108028,VERIFIED,LOW,32851.7,SALARIED,N,2025-02-07
108029,VERIFIED,LOW,178744.8,SELF_EMPLOYED,N,2025-10-08
108030,VERIFIED,HIGH,48196.08,SELF_EMPLOYED,N,2025-12-05
108031,VERIFIED,LOW,178739.76,SALARIED,N,2025-05-03
108032,VERIFIED,LOW,43271.5,SELF_EMPLOYED,N,2025-03-28
108033,PENDING,LOW,37400.65,SALARIED,N,2025-07-13
108034,VERIFIED,LOW,64370.0,PROFESSIONAL,N,2025-01-26
108035,EXPIRED,LOW,42302.22,STUDENT,N,2026-02-07
108036,VERIFIED,LOW,58765.77,SALARIED,N,2025-11-13
108037,VERIFIED,LOW,205044.54,SELF_EMPLOYED,N,2026-01-17
108038,VERIFIED,MEDIUM,47809.27,STUDENT,N,2025-07-18
108039,VERIFIED,LOW,76714.94,SELF_EMPLOYED,N,2026-01-25
108040,VERIFIED,MEDIUM,192771.7,SALARIED,N,2025-11-14
108041,VERIFIED,LOW,79983.74,SELF_EMPLOYED,N,2026-09-16
108042,VERIFIED,LOW,142398.73,SALARIED,N,2025-04-17
108043,VERIFIED,MEDIUM,98345.35,SALARIED,N,2025-10-18
108044,VERIFIED,MEDIUM,131125.58,RETIRED,N,2026-09-21
108045,VERIFIED,LOW,65565.38,SALARIED,N,2026-09-06
108046,VERIFIED,LOW,99966.12,STUDENT,N,2025-01-10
108047,VERIFIED,MEDIUM,221825.94,PROFESSIONAL,N,2025-08-10
108048,VERIFIED,LOW,55231.27,SALARIED,N,2025-03-30
108049,VERIFIED,LOW,89877.11,STUDENT,N,2026-03-24
108050,VERIFIED,LOW,44050.8,SALARIED,N,2026-04-08
108051,VERIFIED,LOW,134332.69,RETIRED,N,2026-01-02
108052,VERIFIED,LOW,23116.4,SELF_EMPLOYED,N,2026-08-28
108053,VERIFIED,LOW,56461.92,SALARIED,N,2025-01-22
108054,VERIFIED,LOW,131651.37,SALARIED,N,2025-01-30
108055,VERIFIED,MEDIUM,61980.08,STUDENT,N,2026-08-29
108056,VERIFIED,MEDIUM,21365.57,PROFESSIONAL,N,2025-01-15
108057,VERIFIED,LOW,41465.12,SALARIED,N,2026-09-18
108058,VERIFIED,LOW,43851.72,PROFESSIONAL,N,2025-12-29
108059,VERIFIED,LOW,190236.61,SELF_EMPLOYED,N,2026-02-14
108060,VERIFIED,MEDIUM,114325.98,SELF_EMPLOYED,N,2025-10-14
108061,VERIFIED,LOW,122170.05,SELF_EMPLOYED,N,2026-02-15
108062,VERIFIED,HIGH,30706.9,SALARIED,N,2025-05-13
108063,VERIFIED,LOW,68524.22,SALARIED,N,2025-03-09
108064,VERIFIED,MEDIUM,187905.41,SELF_EMPLOYED,N,2025-03-27
108065,VERIFIED,LOW,122335.18,SALARIED,N,2025-04-20
108066,VERIFIED,LOW,49114.99,STUDENT,N,2026-07-09
108067,VERIFIED,LOW,113864.2,SALARIED,N,2025-10-15
108068,VERIFIED,MEDIUM,29648.56,SALARIED,N,2025-03-22
108069,VERIFIED,LOW,39132.74,PROFESSIONAL,N,2025-06-12
108070,VERIFIED,MEDIUM,20086.92,PROFESSIONAL,N,2026-03-28
108071,VERIFIED,LOW,63506.11,SELF_EMPLOYED,N,2025-08-26
108072,VERIFIED,HIGH,103112.81,STUDENT,N,2026-06-22
108073,VERIFIED,LOW,36511.74,PROFESSIONAL,N,2025-01-14
108074,VERIFIED,LOW,64350.17,PROFESSIONAL,N,2025-01-15
108075,VERIFIED,LOW,39583.33,SALARIED,N,2026-05-19
108076,VERIFIED,LOW,46509.24,PROFESSIONAL,N,2026-04-29
108077,VERIFIED,LOW,34601.06,SALARIED,N,2025-02-28
108078,VERIFIED,LOW,153047.58,SALARIED,N,2026-03-21
108079,VERIFIED,LOW,43583.87,SELF_EMPLOYED,N,2025-05-15
108080,VERIFIED,LOW,58083.15,PROFESSIONAL,N,2025-12-19
108081,VERIFIED,LOW,48545.72,SALARIED,N,2026-04-26
108082,VERIFIED,MEDIUM,83831.23,SALARIED,N,2025-02-21
108083,VERIFIED,LOW,344721.1,SALARIED,N,2026-10-09
108084,VERIFIED,MEDIUM,417786.68,SALARIED,N,2026-08-14
108085,VERIFIED,LOW,59249.98,SALARIED,N,2025-07-19
108086,VERIFIED,LOW,89633.15,SALARIED,N,2026-08-14
108087,VERIFIED,MEDIUM,127726.56,SALARIED,N,2025-12-15
108088,VERIFIED,MEDIUM,154649.49,SALARIED,N,2025-08-10
108089,VERIFIED,LOW,103391.94,STUDENT,N,2026-07-22
108090,EXPIRED,LOW,140376.98,SALARIED,N,2025-08-07
108091,VERIFIED,MEDIUM,89445.02,SALARIED,N,2025-10-06
108092,VERIFIED,HIGH,45440.99,SALARIED,N,2025-12-22
108093,VERIFIED,HIGH,139811.28,SELF_EMPLOYED,N,2025-05-20
108094,VERIFIED,LOW,74879.1,STUDENT,N,2026-07-24
108095,VERIFIED,LOW,85065.92,STUDENT,N,2026-07-17
108096,VERIFIED,LOW,28371.96,SALARIED,N,2026-08-29
108097,VERIFIED,LOW,41525.51,SELF_EMPLOYED,N,2026-07-19
108098,VERIFIED,LOW,53328.67,RETIRED,N,2025-06-12
108099,VERIFIED,LOW,96468.4,SALARIED,N,2026-01-15
108100,VERIFIED,HIGH,220020.5,STUDENT,N,2025-12-28
108101,VERIFIED,LOW,113623.45,PROFESSIONAL,N,2026-06-07
108102,VERIFIED,LOW,60810.92,STUDENT,N,2025-08-25
108103,VERIFIED,LOW,36021.51,RETIRED,N,2025-12-12
108104,VERIFIED,HIGH,154035.99,SALARIED,N,2025-05-22
108105,PENDING,HIGH,84225.6,SELF_EMPLOYED,N,2025-12-07
108106,VERIFIED,LOW,8550.1,SALARIED,N,2025-01-02
108107,VERIFIED,LOW,134786.27,SALARIED,N,2025-01-10
108108,VERIFIED,HIGH,87275.41,PROFESSIONAL,N,2025-07-10
108109,VERIFIED,LOW,16927.46,STUDENT,N,2026-04-02
108110,VERIFIED,LOW,102555.55,SALARIED,N,2025-08-02
108111,VERIFIED,MEDIUM,72309.59,PROFESSIONAL,N,2026-03-22
108112,VERIFIED,LOW,29093.63,SALARIED,N,2026-03-02
108113,VERIFIED,LOW,257507.52,SALARIED,N,2025-07-13
108114,VERIFIED,LOW,90999.74,SALARIED,N,2026-02-23
108115,VERIFIED,LOW,49930.24,PROFESSIONAL,N,2025-09-24
108116,VERIFIED,MEDIUM,41104.3,SALARIED,N,2026-09-29
108117,VERIFIED,LOW,60373.85,SALARIED,N,2025-01-12
108118,VERIFIED,LOW,61667.51,SALARIED,N,2026-03-07
108119,VERIFIED,LOW,99421.29,SALARIED,N,2026-06-22
108120,VERIFIED,LOW,58502.54,SELF_EMPLOYED,N,2025-04-10
108121,VERIFIED,LOW,52235.84,SALARIED,N,2026-09-28
108122,VERIFIED,MEDIUM,75742.49,SALARIED,N,2026-01-19
108123,VERIFIED,MEDIUM,51450.24,SALARIED,N,2026-01-03
108124,VERIFIED,LOW,63366.44,PROFESSIONAL,N,2025-04-18
108125,VERIFIED,LOW,167718.09,SALARIED,N,2026-01-23
108126,VERIFIED,LOW,49883.45,SALARIED,N,2025-04-11
108127,VERIFIED,LOW,60954.91,SALARIED,N,2025-09-20
108128,VERIFIED,LOW,40282.22,RETIRED,N,2026-08-26
108129,VERIFIED,LOW,135722.66,SELF_EMPLOYED,N,2025-06-01
108130,VERIFIED,MEDIUM,22066.0,SALARIED,N,2025-04-27
108131,PENDING,MEDIUM,38567.3,SELF_EMPLOYED,N,2025-01-05
108132,VERIFIED,LOW,105236.38,STUDENT,N,2025-11-07
108133,VERIFIED,HIGH,60008.84,SELF_EMPLOYED,N,2026-04-23
108134,VERIFIED,HIGH,117456.53,SALARIED,N,2026-08-13
108135,VERIFIED,LOW,58364.19,SALARIED,N,2025-03-10
108136,VERIFIED,HIGH,42749.6,SELF_EMPLOYED,N,2026-01-30
108137,VERIFIED,LOW,61113.78,SALARIED,N,2025-04-15
108138,VERIFIED,LOW,28578.54,SALARIED,N,2025-10-26
108139,VERIFIED,MEDIUM,38687.0,STUDENT,N,2025-06-20
108140,VERIFIED,LOW,119749.61,SELF_EMPLOYED,N,2025-08-06
108141,VERIFIED,MEDIUM,55926.89,SALARIED,N,2025-12-04
108142,VERIFIED,MEDIUM,64883.55,SELF_EMPLOYED,N,2025-03-23
108143,VERIFIED,LOW,71754.06,STUDENT,N,2026-07-21
108144,VERIFIED,LOW,23873.42,SELF_EMPLOYED,N,2026-07-13
108145,VERIFIED,LOW,24024.34,SELF_EMPLOYED,N,2025-06-17
108146,VERIFIED,LOW,84798.52,SALARIED,N,2026-06-06
108147,VERIFIED,LOW,50677.56,SELF_EMPLOYED,N,2026-03-01
108148,VERIFIED,MEDIUM,57348.37,STUDENT,N,2026-08-20
108149,VERIFIED,MEDIUM,98709.58,SALARIED,N,2026-05-08
108150,VERIFIED,LOW,36043.42,PROFESSIONAL,N,2026-05-19
108151,VERIFIED,LOW,45780.17,SELF_EMPLOYED,N,2025-11-28
108152,VERIFIED,LOW,52617.33,SALARIED,N,2025-11-15
108153,VERIFIED,LOW,82354.04,SALARIED,N,2025-05-28
108154,VERIFIED,LOW,52383.84,STUDENT,N,2025-05-06
108155,VERIFIED,LOW,43855.35,SALARIED,N,2025-12-14
108156,VERIFIED,LOW,198951.29,SALARIED,N,2026-07-27
108157,VERIFIED,LOW,67911.53,SALARIED,N,2025-11-22
108158,VERIFIED,LOW,101274.11,SELF_EMPLOYED,N,2025-05-13
108159,VERIFIED,LOW,20413.25,SALARIED,N,2026-01-17
108160,VERIFIED,MEDIUM,28644.43,SALARIED,N,2025-11-01
108161,VERIFIED,MEDIUM,96829.45,SALARIED,N,2025-06-11
108162,VERIFIED,LOW,56579.18,PROFESSIONAL,N,2026-03-05
108163,VERIFIED,MEDIUM,51477.03,SALARIED,N,2025-08-10
108164,VERIFIED,MEDIUM,35675.45,SALARIED,N,2026-07-06
108165,VERIFIED,MEDIUM,124651.58,SALARIED,N,2026-06-11
108166,VERIFIED,MEDIUM,101251.54,PROFESSIONAL,N,2026-07-03
108167,VERIFIED,MEDIUM,63425.21,SELF_EMPLOYED,N,2026-08-24
108168,VERIFIED,MEDIUM,77636.08,SALARIED,N,2025-08-25
108169,VERIFIED,LOW,54272.6,SALARIED,N,2026-04-24
108170,VERIFIED,LOW,42424.89,SALARIED,N,2025-03-21
108171,VERIFIED,MEDIUM,47229.99,SALARIED,N,2026-04-18
108172,VERIFIED,LOW,108756.95,SALARIED,N,2025-11-15
108173,VERIFIED,LOW,51200.74,SELF_EMPLOYED,N,2025-08-16
108174,VERIFIED,LOW,68686.81,PROFESSIONAL,N,2026-07-22
108175,VERIFIED,LOW,50051.26,STUDENT,N,2025-08-25
108176,VERIFIED,MEDIUM,121879.7,SALARIED,N,2025-07-08
108177,VERIFIED,LOW,43364.66,SALARIED,N,2026-02-24
108178,VERIFIED,LOW,178547.23,SELF_EMPLOYED,N,2025-12-16
108179,PENDING,MEDIUM,45581.66,SELF_EMPLOYED,N,2026-05-25
108180,VERIFIED,LOW,45615.94,SELF_EMPLOYED,N,2025-04-13
108181,VERIFIED,MEDIUM,243340.23,PROFESSIONAL,N,2026-10-07
108182,VERIFIED,LOW,33082.17,SALARIED,N,2026-04-29
108183,VERIFIED,LOW,64583.29,SALARIED,N,2025-08-08
108184,VERIFIED,LOW,127718.77,SELF_EMPLOYED,N,2026-01-30
108185,VERIFIED,MEDIUM,24264.04,SELF_EMPLOYED,N,2025-01-03
108186,VERIFIED,MEDIUM,78262.73,SALARIED,N,2026-04-26
108187,VERIFIED,LOW,24334.14,SALARIED,N,2025-02-02
108188,VERIFIED,HIGH,67765.69,RETIRED,N,2025-07-08
108189,VERIFIED,LOW,248536.28,SELF_EMPLOYED,N,2026-06-07
108190,VERIFIED,LOW,14353.68,SELF_EMPLOYED,N,2026-03-16
108191,VERIFIED,LOW,63000.79,SALARIED,N,2025-12-13
108192,VERIFIED,MEDIUM,49235.67,STUDENT,N,2025-04-22
108193,VERIFIED,LOW,34380.96,SALARIED,N,2026-05-07
108194,VERIFIED,LOW,24477.58,SALARIED,N,2025-09-30
108195,VERIFIED,LOW,135178.68,SALARIED,N,2026-03-01
108196,VERIFIED,LOW,75247.47,SALARIED,N,2026-07-01
108197,VERIFIED,MEDIUM,19766.34,SALARIED,N,2026-10-09
108198,VERIFIED,LOW,35883.19,SALARIED,N,2025-11-29
108199,VERIFIED,LOW,46317.24,SALARIED,N,2026-01-30
108200,VERIFIED,LOW,23829.02,SALARIED,N,2026-08-08
108201,VERIFIED,HIGH,70051.63,SELF_EMPLOYED,N,2025-10-25
108202,VERIFIED,LOW,78104.29,SALARIED,N,2026-06-16
108203,VERIFIED,LOW,77385.79,SALARIED,N,2026-05-02
108204,VERIFIED,LOW,246097.18,STUDENT,N,2025-12-09
108205,VERIFIED,HIGH,35899.42,SALARIED,N,2026-09-25
108206,PENDING,LOW,48657.53,SALARIED,N,2025-08-10
108207,VERIFIED,MEDIUM,46976.76,SELF_EMPLOYED,N,2026-09-14
108208,VERIFIED,LOW,115324.73,STUDENT,N,2026-05-01
108209,VERIFIED,MEDIUM,107404.41,SELF_EMPLOYED,N,2026-01-02
108210,VERIFIED,LOW,31730.69,SALARIED,N,2026-05-03
108211,VERIFIED,LOW,169288.19,SELF_EMPLOYED,N,2025-06-29
108212,PENDING,HIGH,36673.03,SALARIED,N,2025-12-04
108213,VERIFIED,LOW,115269.92,PROFESSIONAL,N,2026-04-12
108214,VERIFIED,LOW,110837.82,SALARIED,N,2025-03-31
108215,VERIFIED,HIGH,85707.37,SALARIED,N,2026-10-05
108216,VERIFIED,LOW,53417.9,SALARIED,N,2025-07-27
108217,VERIFIED,MEDIUM,54062.09,SALARIED,N,2026-05-01
108218,VERIFIED,LOW,90474.38,SELF_EMPLOYED,N,2025-11-08
108219,VERIFIED,LOW,93164.38,SALARIED,N,2026-07-18
108220,VERIFIED,LOW,104946.87,STUDENT,N,2026-09-06
108221,VERIFIED,MEDIUM,104972.89,SALARIED,N,2025-03-13
108222,VERIFIED,LOW,82667.45,SALARIED,N,2026-05-18
108223,VERIFIED,LOW,165823.08,SELF_EMPLOYED,N,2026-01-07
108224,VERIFIED,MEDIUM,44795.41,PROFESSIONAL,N,2026-05-21
108225,VERIFIED,LOW,68022.93,SALARIED,N,2026-08-07
108226,VERIFIED,LOW,46034.53,PROFESSIONAL,N,2025-05-13
108227,VERIFIED,LOW,323950.78,PROFESSIONAL,N,2026-07-07
108228,VERIFIED,LOW,108749.03,SELF_EMPLOYED,N,2025-04-11
108229,VERIFIED,LOW,127859.55,SALARIED,N,2025-07-25
108230,VERIFIED,LOW,88444.65,SELF_EMPLOYED,Y,2026-09-24
108231,VERIFIED,HIGH,63787.16,SALARIED,N,2025-05-08
108232,PENDING,MEDIUM,375490.54,SALARIED,N,2025-07-06
108233,VERIFIED,HIGH,145812.22,SALARIED,N,2026-05-18
108234,VERIFIED,MEDIUM,53718.6,SALARIED,N,2026-03-02
108235,EXPIRED,HIGH,55447.09,PROFESSIONAL,N,2026-06-20
108236,VERIFIED,LOW,76442.53,SALARIED,N,2026-05-05
108237,PENDING,LOW,46558.41,SALARIED,N,2025-06-04
108238,PENDING,LOW,52788.27,SALARIED,N,2025-12-06
108239,VERIFIED,LOW,24641.35,SALARIED,N,2025-02-08
108240,VERIFIED,MEDIUM,13946.59,SALARIED,N,2025-02-18
108241,VERIFIED,LOW,239186.69,PROFESSIONAL,N,2026-05-26
108242,VERIFIED,HIGH,47615.13,SALARIED,N,2025-08-07
108243,VERIFIED,LOW,54306.52,PROFESSIONAL,N,2025-11-17
108244,VERIFIED,LOW,69208.14,SELF_EMPLOYED,N,2026-08-29
108245,VERIFIED,MEDIUM,104025.98,SALARIED,N,2026-03-31
108246,VERIFIED,LOW,109571.74,SALARIED,N,2025-12-29
108247,VERIFIED,MEDIUM,129175.44,SALARIED,N,2025-12-25
108248,VERIFIED,LOW,96150.89,SALARIED,N,2026-09-11
108249,VERIFIED,LOW,55593.25,SALARIED,N,2025-08-25
108250,VERIFIED,LOW,150541.62,SALARIED,N,2025-04-16
108251,VERIFIED,LOW,58919.9,SALARIED,N,2026-08-24
108252,VERIFIED,MEDIUM,129386.76,SELF_EMPLOYED,N,2025-02-14
108253,VERIFIED,LOW,24321.37,STUDENT,N,2026-07-08
108254,VERIFIED,MEDIUM,154183.53,SALARIED,N,2026-03-05
108255,VERIFIED,LOW,37067.56,STUDENT,N,2025-05-06
108256,VERIFIED,LOW,25783.33,SALARIED,N,2025-06-30
108257,VERIFIED,LOW,28441.47,SALARIED,N,2025-09-17
108258,VERIFIED,LOW,75497.73,PROFESSIONAL,N,2026-01-07
108259,VERIFIED,LOW,292393.61,SELF_EMPLOYED,N,2025-11-26
108260,VERIFIED,LOW,58253.05,PROFESSIONAL,N,2025-08-27
108261,PENDING,HIGH,61512.63,SELF_EMPLOYED,N,2025-12-22
108262,VERIFIED,HIGH,109040.31,SALARIED,N,2025-06-11
108263,VERIFIED,LOW,45511.95,SALARIED,N,2025-01-02
108264,VERIFIED,MEDIUM,60038.7,SALARIED,N,2025-02-27
108265,VERIFIED,HIGH,52756.98,STUDENT,N,2025-08-10
108266,PENDING,LOW,237690.85,RETIRED,N,2025-12-25
108267,PENDING,LOW,69505.16,SALARIED,N,2025-03-14
108268,VERIFIED,LOW,107647.76,SELF_EMPLOYED,N,2025-02-05
108269,VERIFIED,LOW,41650.32,SALARIED,N,2026-05-15
108270,VERIFIED,MEDIUM,31560.98,PROFESSIONAL,N,2026-04-12
108271,VERIFIED,LOW,101877.83,SALARIED,N,2025-11-13
108272,VERIFIED,LOW,77990.48,PROFESSIONAL,N,2025-06-20
108273,VERIFIED,MEDIUM,129256.33,SALARIED,N,2026-02-11
108274,VERIFIED,MEDIUM,37182.73,SELF_EMPLOYED,N,2025-04-03
108275,VERIFIED,LOW,62312.48,SALARIED,N,2025-01-08
108276,VERIFIED,MEDIUM,28641.15,PROFESSIONAL,N,2026-06-24
108277,VERIFIED,LOW,47983.8,SALARIED,N,2026-05-13
108278,VERIFIED,LOW,25861.56,STUDENT,N,2026-08-10
108279,VERIFIED,LOW,55004.12,SELF_EMPLOYED,N,2026-06-22
108280,VERIFIED,MEDIUM,154832.26,SALARIED,N,2025-03-24
108281,VERIFIED,LOW,37880.71,SALARIED,N,2025-02-07
108282,VERIFIED,LOW,37572.34,SALARIED,N,2026-09-11
108283,VERIFIED,MEDIUM,59365.49,SELF_EMPLOYED,N,2026-07-29
108284,VERIFIED,HIGH,58708.23,SALARIED,N,2025-11-02
108285,PENDING,LOW,109157.44,SELF_EMPLOYED,N,2026-01-03
108286,VERIFIED,LOW,28442.53,PROFESSIONAL,N,2025-03-19
108287,VERIFIED,LOW,12997.72,SALARIED,N,2025-05-22
108288,VERIFIED,LOW,68960.21,SALARIED,N,2025-08-28
108289,VERIFIED,LOW,198577.41,RETIRED,N,2025-06-01
108290,VERIFIED,MEDIUM,58336.24,SELF_EMPLOYED,N,2025-12-24
108291,VERIFIED,LOW,85595.97,SELF_EMPLOYED,N,2025-09-09
108292,VERIFIED,LOW,62836.77,SELF_EMPLOYED,N,2025-06-20
108293,VERIFIED,MEDIUM,107430.36,SALARIED,N,2025-06-03
108294,VERIFIED,LOW,54647.13,PROFESSIONAL,N,2026-05-23
108295,VERIFIED,LOW,63076.57,SALARIED,N,2026-02-24
108296,VERIFIED,LOW,191914.26,SALARIED,N,2025-03-18
108297,VERIFIED,LOW,139197.08,SELF_EMPLOYED,N,2026-05-08
108298,VERIFIED,LOW,42207.9,STUDENT,N,2026-07-29
108299,VERIFIED,LOW,42930.33,PROFESSIONAL,N,2025-06-15
108300,VERIFIED,LOW,44916.99,SELF_EMPLOYED,N,2025-09-29
108301,VERIFIED,LOW,31872.44,SALARIED,N,2025-03-13
108302,VERIFIED,LOW,46211.82,SALARIED,N,2026-09-28
108303,VERIFIED,LOW,61146.52,PROFESSIONAL,N,2026-04-14
108304,VERIFIED,MEDIUM,40025.66,PROFESSIONAL,N,2025-10-19
108305,VERIFIED,MEDIUM,92266.84,STUDENT,N,2025-02-26
108306,VERIFIED,LOW,22296.44,STUDENT,N,2025-01-11
108307,VERIFIED,LOW,30731.92,SALARIED,N,2025-10-24
108308,VERIFIED,LOW,101562.52,SELF_EMPLOYED,N,2025-09-11
108309,VERIFIED,HIGH,227657.91,SELF_EMPLOYED,N,2025-10-08
108310,VERIFIED,LOW,77992.42,SALARIED,N,2025-09-14
108311,VERIFIED,LOW,38474.87,SALARIED,N,2026-09-11
108312,VERIFIED,LOW,32095.68,RETIRED,N,2025-08-22
108313,VERIFIED,LOW,51848.87,STUDENT,N,2025-09-25
108314,VERIFIED,LOW,150734.24,SALARIED,N,2026-05-05
108315,PENDING,LOW,92433.7,SALARIED,N,2025-08-16
108316,VERIFIED,MEDIUM,29611.79,PROFESSIONAL,N,2026-01-16
108317,VERIFIED,LOW,83744.43,STUDENT,N,2026-04-21
108318,VERIFIED,MEDIUM,168142.21,SELF_EMPLOYED,N,2026-08-12
108319,VERIFIED,LOW,142562.78,SALARIED,N,2025-01-21
108320,VERIFIED,LOW,157134.72,SALARIED,N,2026-02-11
108321,VERIFIED,MEDIUM,111321.35,SALARIED,N,2025-12-11
108322,VERIFIED,LOW,28754.77,SALARIED,N,2026-01-15
108323,VERIFIED,LOW,39152.0,SALARIED,N,2026-10-02
108324,VERIFIED,LOW,204988.08,SALARIED,N,2025-06-26
108325,VERIFIED,LOW,53047.09,SALARIED,N,2026-06-18
108326,VERIFIED,MEDIUM,19288.33,SALARIED,N,2026-03-07
108327,VERIFIED,HIGH,98139.23,STUDENT,N,2025-09-28
108328,VERIFIED,MEDIUM,131971.89,SALARIED,N,2026-04-01
108329,VERIFIED,LOW,62801.83,SALARIED,N,2026-05-23
108330,VERIFIED,MEDIUM,94593.61,SALARIED,N,2025-01-29
108331,EXPIRED,LOW,38625.92,SELF_EMPLOYED,N,2025-12-26
108332,VERIFIED,LOW,48932.67,SALARIED,N,2025-02-03
108333,PENDING,MEDIUM,20419.0,SALARIED,N,2025-01-19
108334,VERIFIED,LOW,32931.82,SELF_EMPLOYED,N,2025-05-17
108335,VERIFIED,LOW,168360.14,SALARIED,N,2025-05-11
108336,VERIFIED,LOW,7672.42,SALARIED,N,2026-01-15
108337,VERIFIED,LOW,51442.61,RETIRED,N,2026-06-23
108338,VERIFIED,MEDIUM,46772.89,PROFESSIONAL,N,2026-02-18
108339,VERIFIED,MEDIUM,97383.55,SELF_EMPLOYED,N,2026-07-03
108340,VERIFIED,MEDIUM,16536.49,STUDENT,N,2025-08-20
108341,VERIFIED,MEDIUM,40285.87,PROFESSIONAL,N,2026-08-12
108342,VERIFIED,LOW,45139.66,SALARIED,N,2025-06-08
108343,EXPIRED,MEDIUM,86112.66,RETIRED,N,2026-04-26
108344,VERIFIED,LOW,65757.2,SELF_EMPLOYED,N,2025-04-18
108345,PENDING,MEDIUM,22552.07,SALARIED,N,2026-01-13
108346,VERIFIED,MEDIUM,53092.95,SALARIED,N,2025-07-16
108347,VERIFIED,HIGH,39921.46,SALARIED,N,2026-02-04
108348,VERIFIED,MEDIUM,89435.94,SALARIED,N,2025-10-22
108349,VERIFIED,LOW,56387.53,SALARIED,N,2025-03-14
108350,VERIFIED,MEDIUM,206194.41,SELF_EMPLOYED,N,2026-01-25
108351,VERIFIED,LOW,42977.97,SALARIED,N,2026-04-30
108352,PENDING,LOW,45747.11,SALARIED,N,2026-07-20
108353,EXPIRED,LOW,46824.02,SALARIED,N,2026-08-16
108354,VERIFIED,LOW,58369.23,SALARIED,N,2026-02-17
108355,VERIFIED,MEDIUM,114366.32,RETIRED,N,2026-02-23
108356,VERIFIED,LOW,49640.74,SALARIED,N,2025-12-22
108357,VERIFIED,LOW,51172.12,STUDENT,N,2026-08-30
108358,VERIFIED,LOW,83455.68,STUDENT,N,2025-08-13
108359,VERIFIED,LOW,35770.24,SALARIED,N,2025-11-21
108360,VERIFIED,LOW,99704.18,SALARIED,N,2025-10-08
108361,VERIFIED,MEDIUM,51758.42,PROFESSIONAL,N,2025-08-02
108362,PENDING,MEDIUM,36797.16,SALARIED,N,2026-02-24
108363,VERIFIED,LOW,20021.34,SALARIED,N,2025-02-08
108364,VERIFIED,LOW,32326.76,STUDENT,N,2026-02-19
108365,VERIFIED,LOW,57855.12,SELF_EMPLOYED,N,2026-06-28
108366,VERIFIED,HIGH,62314.54,SALARIED,N,2025-05-18
108367,VERIFIED,LOW,55010.37,SALARIED,N,2025-06-05
108368,VERIFIED,LOW,25288.13,PROFESSIONAL,N,2026-06-11
108369,VERIFIED,LOW,57660.02,SALARIED,N,2025-07-12
108370,VERIFIED,LOW,24113.46,SELF_EMPLOYED,N,2026-06-24
108371,VERIFIED,LOW,28985.86,SALARIED,N,2026-02-13
108372,VERIFIED,MEDIUM,133963.5,PROFESSIONAL,N,2026-10-01
108373,VERIFIED,LOW,60606.24,SELF_EMPLOYED,N,2025-11-07
108374,VERIFIED,LOW,87054.36,RETIRED,N,2026-08-05
108375,VERIFIED,LOW,164416.32,STUDENT,N,2026-08-23
108376,VERIFIED,LOW,62434.98,SALARIED,N,2025-03-07
108377,VERIFIED,LOW,121009.27,SALARIED,N,2025-05-21
108378,VERIFIED,LOW,83352.99,STUDENT,N,2025-10-10
108379,VERIFIED,LOW,40596.98,SALARIED,N,2025-06-26
108380,VERIFIED,LOW,58984.1,SALARIED,N,2025-02-07
108381,VERIFIED,MEDIUM,39753.63,SELF_EMPLOYED,N,2026-09-24
108382,VERIFIED,MEDIUM,96388.22,SALARIED,N,2026-05-15
108383,PENDING,MEDIUM,123847.2,SALARIED,N,2025-08-16
108384,VERIFIED,LOW,26633.25,SALARIED,N,2026-07-22
108385,VERIFIED,LOW,36571.62,SALARIED,N,2026-08-30
108386,EXPIRED,LOW,51327.25,STUDENT,N,2025-11-15
108387,VERIFIED,LOW,38120.03,SELF_EMPLOYED,N,2025-03-28
108388,VERIFIED,LOW,55604.35,SALARIED,N,2025-05-01
108389,VERIFIED,LOW,81983.95,SALARIED,N,2026-06-22
108390,VERIFIED,MEDIUM,149387.23,SELF_EMPLOYED,N,2025-10-26
108391,VERIFIED,LOW,46615.93,SALARIED,N,2025-11-27
108392,VERIFIED,LOW,45223.67,SALARIED,N,2025-03-27
108393,VERIFIED,LOW,82459.5,SALARIED,N,2025-01-22
108394,VERIFIED,MEDIUM,62600.8,SELF_EMPLOYED,N,2025-02-28
108395,VERIFIED,LOW,23497.73,STUDENT,N,2026-04-02
108396,VERIFIED,LOW,36942.12,SALARIED,N,2025-03-21
108397,PENDING,LOW,51519.18,SALARIED,N,2026-07-01
108398,VERIFIED,LOW,107154.56,SALARIED,N,2025-03-08
108399,PENDING,LOW,132951.71,SALARIED,N,2025-04-29
108400,PENDING,LOW,32409.46,SALARIED,N,2026-08-04
108401,VERIFIED,LOW,39141.76,SELF_EMPLOYED,N,2025-12-12
108402,VERIFIED,MEDIUM,113112.78,STUDENT,N,2025-01-20
108403,VERIFIED,LOW,47801.06,SALARIED,N,2025-05-06
108404,VERIFIED,MEDIUM,81392.93,SALARIED,N,2025-07-03
108405,VERIFIED,LOW,56982.12,SELF_EMPLOYED,N,2025-06-24
108406,VERIFIED,LOW,65840.2,SALARIED,N,2025-05-14
108407,VERIFIED,LOW,49256.59,SALARIED,N,2025-08-14
108408,VERIFIED,LOW,133218.44,SALARIED,N,2025-10-17
108409,VERIFIED,MEDIUM,23515.16,SELF_EMPLOYED,N,2025-02-27
108410,VERIFIED,LOW,49810.35,SELF_EMPLOYED,N,2025-06-15
108411,VERIFIED,LOW,125397.93,SELF_EMPLOYED,N,2026-10-02
108412,VERIFIED,LOW,56103.56,PROFESSIONAL,N,2025-06-12
108413,VERIFIED,LOW,59751.92,SALARIED,N,2025-04-15
108414,PENDING,LOW,119675.88,SALARIED,N,2026-08-04
108415,VERIFIED,MEDIUM,86641.05,SALARIED,N,2025-02-22
108416,VERIFIED,LOW,111002.85,SALARIED,N,2026-03-06
108417,VERIFIED,LOW,139431.3,SELF_EMPLOYED,N,2025-02-09
108418,VERIFIED,LOW,25053.4,SALARIED,N,2025-07-12
108419,VERIFIED,MEDIUM,47530.55,SELF_EMPLOYED,N,2026-03-18
108420,VERIFIED,HIGH,37437.19,SALARIED,N,2025-07-28
108421,VERIFIED,MEDIUM,78856.49,SALARIED,N,2026-02-08
108422,VERIFIED,LOW,125464.19,SALARIED,N,2025-08-29
108423,VERIFIED,LOW,12556.91,SALARIED,N,2025-08-12
108424,VERIFIED,MEDIUM,22785.77,SALARIED,N,2025-09-15
108425,VERIFIED,MEDIUM,16561.37,SELF_EMPLOYED,N,2025-02-02
108426,VERIFIED,LOW,36295.99,SELF_EMPLOYED,N,2025-05-03
108427,VERIFIED,MEDIUM,64762.88,PROFESSIONAL,N,2026-01-26
108428,VERIFIED,MEDIUM,179986.27,SALARIED,N,2025-08-16
108429,VERIFIED,MEDIUM,26801.68,STUDENT,N,2026-09-22
108430,VERIFIED,MEDIUM,296768.0,SALARIED,N,2026-07-23
108431,VERIFIED,MEDIUM,87928.27,SELF_EMPLOYED,N,2026-04-25
108432,VERIFIED,MEDIUM,90040.73,RETIRED,N,2026-04-13
108433,VERIFIED,LOW,99383.93,SALARIED,N,2026-06-04
108434,VERIFIED,LOW,24897.65,STUDENT,N,2025-01-25
108435,VERIFIED,MEDIUM,42468.87,SALARIED,N,2025-05-14
108436,VERIFIED,LOW,32064.98,PROFESSIONAL,N,2026-06-11
108437,VERIFIED,HIGH,94682.69,STUDENT,N,2026-08-22
108438,VERIFIED,LOW,34496.66,SALARIED,N,2025-09-22
108439,VERIFIED,LOW,54014.25,SALARIED,N,2025-12-14
108440,VERIFIED,LOW,40236.82,STUDENT,N,2026-04-16
108441,VERIFIED,LOW,156968.99,SALARIED,N,2025-10-16
108442,VERIFIED,LOW,41734.15,SELF_EMPLOYED,N,2025-09-13
108443,VERIFIED,LOW,30309.88,SALARIED,N,2026-10-08
108444,VERIFIED,LOW,84730.31,SALARIED,N,2026-05-20
108445,VERIFIED,MEDIUM,59496.23,SELF_EMPLOYED,N,2026-08-29
108446,VERIFIED,MEDIUM,154325.24,SALARIED,N,2026-03-08
108447,VERIFIED,LOW,75669.52,SELF_EMPLOYED,N,2025-02-25
108448,VERIFIED,LOW,74044.81,SELF_EMPLOYED,N,2026-03-13
108449,VERIFIED,MEDIUM,109723.92,STUDENT,N,2025-09-02
108450,VERIFIED,LOW,83607.13,SALARIED,N,2026-07-28
108451,VERIFIED,MEDIUM,103754.59,SELF_EMPLOYED,N,2026-08-20
108452,EXPIRED,LOW,98253.44,SALARIED,N,2026-06-21
108453,VERIFIED,MEDIUM,50104.16,STUDENT,N,2025-12-18
108454,VERIFIED,LOW,28408.58,STUDENT,N,2025-11-17
108455,VERIFIED,MEDIUM,55272.35,SALARIED,N,2025-07-19
108456,VERIFIED,LOW,16829.89,PROFESSIONAL,N,2026-03-07
108457,VERIFIED,MEDIUM,38409.73,SELF_EMPLOYED,N,2026-02-07
108458,VERIFIED,LOW,47978.15,SALARIED,N,2025-09-04
108459,VERIFIED,LOW,144191.27,SALARIED,N,2026-09-16
108460,VERIFIED,MEDIUM,56212.38,SALARIED,N,2026-03-05
108461,VERIFIED,LOW,193980.25,SELF_EMPLOYED,N,2025-06-30
108462,VERIFIED,LOW,84284.86,SALARIED,N,2025-06-23
108463,VERIFIED,LOW,21509.45,SALARIED,N,2025-04-04
108464,VERIFIED,MEDIUM,130803.66,STUDENT,N,2026-01-08
108465,PENDING,LOW,122261.51,SELF_EMPLOYED,N,2025-10-05
108466,VERIFIED,LOW,20864.12,RETIRED,N,2026-06-14
108467,VERIFIED,LOW,99512.11,SALARIED,N,2025-03-03
108468,VERIFIED,LOW,158763.03,SALARIED,N,2025-11-25
108469,VERIFIED,LOW,15420.7,STUDENT,N,2025-03-05
108470,VERIFIED,LOW,30831.88,PROFESSIONAL,N,2026-03-20
108471,VERIFIED,LOW,115211.97,SALARIED,N,2026-01-03
108472,VERIFIED,LOW,55401.41,SALARIED,N,2025-07-06
108473,VERIFIED,LOW,163051.65,SALARIED,N,2026-10-07
108474,VERIFIED,HIGH,115517.15,SELF_EMPLOYED,N,2026-06-17
108475,VERIFIED,LOW,107408.18,SALARIED,N,2025-05-07
108476,VERIFIED,LOW,133875.34,SALARIED,N,2025-11-04
108477,VERIFIED,LOW,36809.42,PROFESSIONAL,N,2026-03-24
108478,VERIFIED,MEDIUM,51253.32,SALARIED,N,2025-09-15
108479,VERIFIED,LOW,222119.16,SELF_EMPLOYED,N,2025-10-31
108480,VERIFIED,LOW,49926.75,SALARIED,N,2025-01-20
108481,VERIFIED,LOW,127687.22,SALARIED,N,2025-11-11
108482,VERIFIED,LOW,55131.41,SALARIED,N,2025-03-06
108483,VERIFIED,LOW,38104.11,SALARIED,N,2026-07-01
108484,VERIFIED,LOW,33009.27,SALARIED,N,2025-03-22
108485,VERIFIED,MEDIUM,89829.57,SALARIED,N,2025-02-11
108486,PENDING,LOW,146375.69,SALARIED,N,2025-11-12
108487,VERIFIED,LOW,86195.82,SALARIED,N,2025-09-18
108488,VERIFIED,HIGH,73995.94,STUDENT,N,2025-02-20
108489,PENDING,MEDIUM,29735.03,SALARIED,N,2026-01-13
108490,VERIFIED,HIGH,62772.13,SALARIED,N,2026-02-08
108491,VERIFIED,LOW,70543.3,STUDENT,N,2026-01-24
108492,VERIFIED,LOW,35411.92,SALARIED,N,2025-04-12
108493,VERIFIED,LOW,83198.42,SALARIED,N,2025-01-22
108494,PENDING,HIGH,40096.16,SELF_EMPLOYED,N,2026-02-09
108495,VERIFIED,MEDIUM,48621.13,SALARIED,N,2026-09-19
108496,VERIFIED,LOW,103764.79,SALARIED,N,2025-11-30
108497,VERIFIED,LOW,177473.27,SALARIED,N,2026-04-29
108498,VERIFIED,LOW,167702.48,SELF_EMPLOYED,N,2025-07-04
108499,VERIFIED,MEDIUM,57279.38,SELF_EMPLOYED,N,2025-02-22
108500,VERIFIED,LOW,89752.1,SALARIED,N,2025-10-29
108501,VERIFIED,MEDIUM,94945.22,SALARIED,N,2025-02-11
108502,PENDING,MEDIUM,94582.98,SALARIED,N,2025-10-27
108503,VERIFIED,LOW,68322.01,SALARIED,N,2025-08-02
108504,VERIFIED,MEDIUM,146101.11,SALARIED,N,2025-03-27
108505,VERIFIED,LOW,42252.09,PROFESSIONAL,N,2026-08-25
108506,VERIFIED,MEDIUM,29984.05,SALARIED,N,2025-10-29
108507,VERIFIED,LOW,79249.72,SALARIED,N,2026-02-23
108508,EXPIRED,LOW,51434.22,STUDENT,N,2026-02-21
108509,VERIFIED,LOW,218964.41,SALARIED,N,2026-07-29
108510,VERIFIED,LOW,46548.32,PROFESSIONAL,N,2026-03-28
108511,VERIFIED,MEDIUM,123365.45,SALARIED,N,2025-07-01
108512,VERIFIED,MEDIUM,85710.38,SELF_EMPLOYED,N,2026-08-04
108513,VERIFIED,MEDIUM,25377.29,SELF_EMPLOYED,N,2026-06-24
108514,VERIFIED,LOW,92688.98,SALARIED,N,2026-04-15
108515,VERIFIED,LOW,41262.36,SALARIED,N,2025-04-11
108516,VERIFIED,LOW,300480.87,SALARIED,N,2025-12-14
108517,VERIFIED,LOW,37739.43,SALARIED,N,2026-09-30
108518,VERIFIED,LOW,34609.77,PROFESSIONAL,N,2025-07-14
108519,VERIFIED,LOW,15263.12,RETIRED,N,2026-08-07
108520,VERIFIED,LOW,38327.96,SALARIED,N,2025-10-31
108521,PENDING,HIGH,101103.09,SALARIED,N,2025-12-06
108522,VERIFIED,LOW,32251.94,SALARIED,Y,2026-09-27
108523,VERIFIED,MEDIUM,88122.25,SALARIED,N,2025-07-07
108524,PENDING,LOW,74577.95,SELF_EMPLOYED,N,2026-09-07
108525,VERIFIED,LOW,33447.98,SALARIED,N,2026-06-12
108526,VERIFIED,LOW,58369.81,SELF_EMPLOYED,N,2026-04-25
108527,VERIFIED,MEDIUM,34197.13,SALARIED,N,2025-02-01
108528,VERIFIED,MEDIUM,110218.4,PROFESSIONAL,N,2025-01-22
108529,VERIFIED,LOW,19296.18,PROFESSIONAL,N,2025-08-05
108530,VERIFIED,LOW,101828.63,RETIRED,N,2025-02-11
108531,VERIFIED,MEDIUM,39445.11,SELF_EMPLOYED,N,2025-08-08
108532,PENDING,LOW,68027.46,SELF_EMPLOYED,N,2026-09-26
108533,VERIFIED,MEDIUM,85366.31,SELF_EMPLOYED,N,2026-05-29
108534,VERIFIED,LOW,69121.89,SALARIED,N,2026-06-11
108535,VERIFIED,MEDIUM,240877.14,SALARIED,N,2026-01-22
108536,VERIFIED,LOW,48067.53,STUDENT,N,2025-11-14
108537,EXPIRED,LOW,25908.3,STUDENT,N,2025-09-15
108538,VERIFIED,MEDIUM,258912.44,RETIRED,N,2025-09-18
108539,VERIFIED,LOW,80283.79,SELF_EMPLOYED,N,2025-09-26
108540,VERIFIED,LOW,69713.38,SALARIED,N,2025-04-29
108541,VERIFIED,LOW,271088.27,PROFESSIONAL,N,2025-02-01
108542,VERIFIED,LOW,27010.27,SELF_EMPLOYED,N,2025-12-04
108543,EXPIRED,LOW,59936.69,SALARIED,N,2025-12-04
108544,VERIFIED,LOW,31266.38,SALARIED,N,2026-02-27
108545,VERIFIED,LOW,59012.23,SELF_EMPLOYED,N,2025-05-02
108546,VERIFIED,LOW,24998.71,SELF_EMPLOYED,N,2025-03-25
108547,VERIFIED,LOW,67268.4,SALARIED,N,2026-09-11
108548,VERIFIED,LOW,64191.04,STUDENT,N,2025-11-04
108549,VERIFIED,LOW,62107.18,SALARIED,N,2025-06-30
108550,VERIFIED,MEDIUM,14540.88,SALARIED,N,2025-08-20
108551,VERIFIED,HIGH,104730.98,SALARIED,N,2025-02-07
108552,VERIFIED,LOW,54757.17,SALARIED,N,2026-08-01
108553,VERIFIED,LOW,351313.53,SALARIED,N,2026-06-06
108554,VERIFIED,HIGH,46914.65,SELF_EMPLOYED,N,2026-04-08
108555,VERIFIED,MEDIUM,42150.85,SALARIED,N,2026-05-31
108556,VERIFIED,HIGH,70810.94,SALARIED,N,2026-08-10
108557,VERIFIED,LOW,28603.01,SALARIED,N,2026-02-26
108558,VERIFIED,HIGH,141538.82,STUDENT,N,2025-08-21
108559,VERIFIED,MEDIUM,34791.55,PROFESSIONAL,N,2025-03-04
108560,VERIFIED,LOW,37322.49,STUDENT,N,2025-04-16
108561,VERIFIED,LOW,110541.25,STUDENT,N,2025-10-16
108562,VERIFIED,LOW,75940.08,SALARIED,N,2026-06-24
108563,VERIFIED,LOW,75002.27,SALARIED,N,2025-08-08
108564,VERIFIED,LOW,27341.54,STUDENT,N,2025-10-03
108565,VERIFIED,LOW,124412.02,PROFESSIONAL,N,2026-09-08
108566,VERIFIED,HIGH,33849.26,STUDENT,N,2026-01-08
108567,VERIFIED,MEDIUM,21562.71,SALARIED,N,2026-07-31
108568,VERIFIED,MEDIUM,84144.48,SALARIED,N,2026-04-15
108569,VERIFIED,LOW,57545.31,SALARIED,N,2025-12-03
108570,VERIFIED,MEDIUM,56643.46,SALARIED,N,2026-02-09
108571,VERIFIED,MEDIUM,102226.13,SELF_EMPLOYED,N,2026-04-20
108572,VERIFIED,LOW,53754.97,RETIRED,N,2026-06-06
108573,VERIFIED,LOW,21226.74,PROFESSIONAL,N,2026-04-03
108574,VERIFIED,LOW,53060.66,SALARIED,N,2025-04-25
108575,VERIFIED,MEDIUM,79786.63,PROFESSIONAL,N,2025-06-11
108576,VERIFIED,LOW,74299.46,SELF_EMPLOYED,N,2025-02-26
108577,VERIFIED,MEDIUM,58899.82,SALARIED,N,2025-07-06
108578,VERIFIED,LOW,317165.7,SELF_EMPLOYED,N,2025-08-08
108579,VERIFIED,MEDIUM,194614.65,SALARIED,N,2025-03-24
108580,VERIFIED,LOW,30317.48,SALARIED,N,2025-12-09
108581,VERIFIED,LOW,27170.55,SALARIED,N,2026-09-01
108582,VERIFIED,MEDIUM,156673.25,RETIRED,N,2026-05-07
108583,VERIFIED,MEDIUM,132255.99,SALARIED,N,2026-07-17
108584,VERIFIED,MEDIUM,173112.21,PROFESSIONAL,N,2026-05-29
108585,VERIFIED,LOW,49577.59,SALARIED,N,2026-07-17
108586,VERIFIED,LOW,59621.21,SALARIED,N,2026-01-05
108587,VERIFIED,MEDIUM,20829.36,STUDENT,N,2025-11-10
108588,PENDING,LOW,72660.53,SALARIED,N,2026-05-18
108589,VERIFIED,MEDIUM,43687.85,SELF_EMPLOYED,N,2026-01-24
108590,PENDING,MEDIUM,39838.2,STUDENT,N,2026-01-08
108591,VERIFIED,MEDIUM,120623.93,SALARIED,N,2026-07-06
108592,VERIFIED,LOW,59793.43,SALARIED,N,2025-06-08
108593,VERIFIED,LOW,113110.91,SELF_EMPLOYED,N,2025-02-16
108594,VERIFIED,LOW,61688.7,SALARIED,N,2026-05-02
108595,VERIFIED,HIGH,94495.58,SALARIED,N,2026-04-02
108596,VERIFIED,LOW,28193.99,SELF_EMPLOYED,N,2026-01-23
108597,VERIFIED,LOW,34837.86,STUDENT,N,2025-04-19
108598,VERIFIED,LOW,88848.14,SALARIED,N,2026-01-04
108599,VERIFIED,LOW,198811.22,SALARIED,N,2025-11-14
108600,VERIFIED,LOW,89600.15,PROFESSIONAL,N,2026-06-10
108601,VERIFIED,LOW,66837.97,SELF_EMPLOYED,N,2025-06-12
108602,VERIFIED,MEDIUM,175693.66,PROFESSIONAL,N,2025-01-25
108603,VERIFIED,LOW,57425.66,STUDENT,N,2026-03-17
108604,VERIFIED,LOW,39428.15,SALARIED,N,2025-05-31
108605,VERIFIED,MEDIUM,66467.93,PROFESSIONAL,N,2025-08-21
108606,VERIFIED,LOW,84313.26,SALARIED,N,2026-03-22
108607,VERIFIED,LOW,29054.95,SALARIED,N,2025-08-18
108608,PENDING,LOW,71963.07,SELF_EMPLOYED,N,2025-05-23
108609,VERIFIED,MEDIUM,21573.37,SALARIED,N,2025-01-18
108610,EXPIRED,HIGH,54430.0,SALARIED,N,2025-05-06
108611,VERIFIED,MEDIUM,59766.24,SALARIED,N,2025-01-07
108612,VERIFIED,MEDIUM,64799.02,SALARIED,N,2026-09-11
108613,VERIFIED,LOW,18532.71,SALARIED,N,2025-07-24
108614,PENDING,LOW,70638.31,SALARIED,N,2026-08-29
108615,VERIFIED,MEDIUM,116780.22,SALARIED,N,2025-09-02
108616,VERIFIED,LOW,165254.67,SALARIED,N,2025-11-01
108617,VERIFIED,MEDIUM,170145.79,SALARIED,N,2025-03-21
108618,VERIFIED,LOW,67271.95,SALARIED,N,2025-03-08
108619,VERIFIED,LOW,331391.5,SELF_EMPLOYED,N,2025-06-02
108620,VERIFIED,LOW,40374.24,STUDENT,N,2026-05-26
108621,VERIFIED,LOW,41215.02,PROFESSIONAL,N,2026-09-12
108622,VERIFIED,LOW,66953.7,SALARIED,N,2026-05-25
108623,VERIFIED,LOW,113285.94,SELF_EMPLOYED,N,2025-07-12
108624,VERIFIED,LOW,100521.51,SALARIED,N,2025-08-22
108625,VERIFIED,LOW,14194.23,SALARIED,N,2025-06-06
108626,VERIFIED,LOW,35355.96,STUDENT,N,2026-05-07
108627,VERIFIED,LOW,108953.02,SALARIED,N,2026-07-04
108628,EXPIRED,MEDIUM,37137.61,STUDENT,N,2025-02-27
108629,VERIFIED,LOW,60859.43,SALARIED,N,2025-04-03
108630,VERIFIED,LOW,83568.1,SELF_EMPLOYED,N,2025-10-23
108631,VERIFIED,MEDIUM,90614.92,SALARIED,N,2026-08-24
108632,VERIFIED,MEDIUM,115779.46,SELF_EMPLOYED,N,2025-02-01
108633,VERIFIED,HIGH,151180.2,SELF_EMPLOYED,N,2025-06-16
108634,VERIFIED,LOW,99824.73,SALARIED,N,2026-07-28
108635,VERIFIED,LOW,29796.66,SALARIED,N,2025-11-04
108636,VERIFIED,MEDIUM,96875.78,PROFESSIONAL,N,2025-08-15
108637,VERIFIED,LOW,133671.1,PROFESSIONAL,N,2026-06-20
108638,VERIFIED,LOW,88855.79,SELF_EMPLOYED,N,2025-04-21
108639,VERIFIED,MEDIUM,153019.89,STUDENT,N,2025-04-23
108640,VERIFIED,LOW,77219.59,SALARIED,N,2025-04-05
108641,VERIFIED,MEDIUM,60928.39,STUDENT,N,2026-06-27
108642,VERIFIED,MEDIUM,38155.91,SALARIED,N,2025-03-11
108643,VERIFIED,LOW,248282.4,STUDENT,N,2026-02-25
108644,VERIFIED,LOW,33541.86,SALARIED,N,2025-03-12
108645,VERIFIED,LOW,65965.66,PROFESSIONAL,N,2026-04-02
108646,VERIFIED,MEDIUM,52491.73,RETIRED,N,2025-11-04
108647,VERIFIED,LOW,27799.4,STUDENT,N,2025-06-22
108648,EXPIRED,MEDIUM,117866.87,SALARIED,N,2025-04-22
108649,VERIFIED,LOW,91520.64,PROFESSIONAL,N,2026-03-17
108650,VERIFIED,MEDIUM,77542.83,SALARIED,N,2026-05-11
108651,VERIFIED,LOW,44011.43,SALARIED,N,2026-01-13
108652,VERIFIED,LOW,95434.77,SELF_EMPLOYED,N,2025-11-28
108653,EXPIRED,HIGH,55841.71,SALARIED,N,2025-11-22
108654,VERIFIED,LOW,90460.49,SELF_EMPLOYED,N,2026-07-21
108655,VERIFIED,LOW,168297.71,PROFESSIONAL,N,2025-09-03
108656,VERIFIED,MEDIUM,13516.55,PROFESSIONAL,N,2026-06-20
108657,VERIFIED,LOW,126928.98,SALARIED,N,2025-03-15
108658,VERIFIED,LOW,309512.74,SALARIED,N,2026-04-25
108659,VERIFIED,LOW,202510.82,SALARIED,N,2026-09-13
108660,VERIFIED,LOW,109364.52,SELF_EMPLOYED,N,2025-04-22
108661,VERIFIED,MEDIUM,146566.26,STUDENT,N,2025-05-12
108662,VERIFIED,LOW,38091.92,SALARIED,N,2025-10-27
108663,VERIFIED,LOW,77359.25,SALARIED,N,2026-02-03
108664,VERIFIED,LOW,60024.75,SELF_EMPLOYED,N,2026-08-20
108665,VERIFIED,LOW,48842.07,SALARIED,N,2025-11-15
108666,VERIFIED,MEDIUM,125793.15,SALARIED,N,2026-05-12
108667,VERIFIED,HIGH,58199.3,SALARIED,N,2025-09-04
108668,VERIFIED,LOW,19824.93,SELF_EMPLOYED,N,2025-12-20
108669,VERIFIED,MEDIUM,87992.02,SALARIED,N,2025-05-26
108670,VERIFIED,LOW,64988.86,SELF_EMPLOYED,N,2025-12-23
108671,VERIFIED,MEDIUM,103832.65,PROFESSIONAL,N,2026-08-05
108672,VERIFIED,LOW,50700.21,SALARIED,N,2025-08-13
108673,EXPIRED,LOW,21593.99,SELF_EMPLOYED,N,2026-07-18
108674,VERIFIED,LOW,35124.83,SALARIED,N,2026-07-05
108675,VERIFIED,LOW,36498.92,STUDENT,N,2026-02-02
108676,VERIFIED,LOW,33929.33,RETIRED,N,2026-08-09
108677,PENDING,LOW,45902.2,SELF_EMPLOYED,N,2026-07-01
108678,VERIFIED,LOW,106160.51,SALARIED,N,2026-03-21
108679,VERIFIED,MEDIUM,26962.32,STUDENT,N,2026-08-25
108680,VERIFIED,MEDIUM,117474.0,SALARIED,N,2026-10-12
108681,VERIFIED,LOW,28989.02,SALARIED,N,2025-07-27
108682,VERIFIED,LOW,51651.29,STUDENT,N,2026-05-24
108683,VERIFIED,MEDIUM,64656.07,SELF_EMPLOYED,N,2025-11-02
108684,VERIFIED,LOW,54459.14,SALARIED,N,2026-06-19
108685,VERIFIED,LOW,99133.01,SALARIED,N,2025-04-06
108686,VERIFIED,LOW,61669.0,PROFESSIONAL,N,2025-11-24
108687,EXPIRED,LOW,59755.59,SALARIED,N,2026-01-09
108688,VERIFIED,LOW,14120.01,SALARIED,N,2025-11-02
108689,VERIFIED,MEDIUM,85861.41,SALARIED,N,2026-09-05
108690,VERIFIED,MEDIUM,224386.91,SELF_EMPLOYED,N,2025-08-27
108691,EXPIRED,LOW,48061.91,STUDENT,N,2026-01-26
108692,VERIFIED,LOW,101652.63,SALARIED,N,2025-11-14
108693,VERIFIED,HIGH,38735.79,SELF_EMPLOYED,N,2025-11-29
108694,VERIFIED,LOW,125556.38,SALARIED,N,2026-01-24
108695,EXPIRED,HIGH,92717.98,SELF_EMPLOYED,N,2026-01-03
108696,VERIFIED,LOW,52141.66,SELF_EMPLOYED,N,2025-12-18
108697,VERIFIED,MEDIUM,49956.12,SELF_EMPLOYED,N,2026-08-25
108698,VERIFIED,LOW,100657.05,PROFESSIONAL,N,2025-05-13
108699,VERIFIED,LOW,67954.73,SALARIED,N,2025-03-31
108700,VERIFIED,LOW,29720.97,SALARIED,N,2025-10-13
108701,VERIFIED,LOW,24508.23,PROFESSIONAL,N,2026-07-04
108702,VERIFIED,LOW,96989.59,SALARIED,N,2025-11-20
108703,VERIFIED,LOW,40295.39,RETIRED,N,2025-08-23
108704,VERIFIED,LOW,67705.99,SALARIED,N,2025-12-18
108705,VERIFIED,MEDIUM,96980.1,SALARIED,N,2026-09-15
108706,VERIFIED,LOW,30284.69,SALARIED,N,2025-02-06
108707,VERIFIED,MEDIUM,34226.68,SALARIED,N,2026-02-09
108708,VERIFIED,LOW,189987.34,PROFESSIONAL,N,2026-04-20
108709,VERIFIED,LOW,50615.47,SELF_EMPLOYED,N,2025-08-30
108710,EXPIRED,LOW,128328.75,SALARIED,N,2026-09-22
108711,VERIFIED,MEDIUM,337636.29,PROFESSIONAL,N,2025-12-31
108712,VERIFIED,LOW,77301.95,SELF_EMPLOYED,N,2025-05-03
108713,VERIFIED,LOW,37785.43,SELF_EMPLOYED,N,2025-10-06
108714,VERIFIED,LOW,71866.75,SALARIED,N,2026-07-18
108715,VERIFIED,HIGH,58529.77,PROFESSIONAL,N,2026-07-23
108716,VERIFIED,LOW,69122.73,SALARIED,N,2025-05-14
108717,VERIFIED,LOW,105462.27,STUDENT,N,2025-08-19
108718,VERIFIED,LOW,113612.29,SELF_EMPLOYED,N,2025-02-04
108719,VERIFIED,LOW,17978.0,STUDENT,N,2025-03-12
108720,VERIFIED,LOW,143410.81,STUDENT,N,2026-04-30
108721,VERIFIED,LOW,79052.32,SALARIED,N,2025-12-14
108722,VERIFIED,LOW,45578.29,SALARIED,N,2026-07-14
108723,VERIFIED,LOW,106638.26,SELF_EMPLOYED,N,2025-01-10
108724,VERIFIED,LOW,33429.62,SALARIED,N,2026-07-03
108725,VERIFIED,LOW,34457.62,SALARIED,N,2026-02-14
108726,VERIFIED,MEDIUM,131706.99,SALARIED,N,2025-02-27
108727,VERIFIED,LOW,69117.7,RETIRED,N,2026-03-08
108728,VERIFIED,LOW,183321.75,SALARIED,N,2025-01-05
108729,VERIFIED,LOW,42362.05,SALARIED,N,2026-09-09
108730,VERIFIED,MEDIUM,79967.03,SALARIED,N,2026-07-31
108731,VERIFIED,LOW,85119.87,SALARIED,N,2025-08-02
108732,EXPIRED,MEDIUM,86148.43,PROFESSIONAL,N,2025-06-17
108733,VERIFIED,LOW,99060.86,SALARIED,N,2025-01-31
108734,VERIFIED,LOW,89210.01,SELF_EMPLOYED,N,2025-05-21
108735,VERIFIED,LOW,67001.19,SALARIED,N,2026-01-05
108736,VERIFIED,LOW,18731.37,STUDENT,N,2026-07-04
108737,VERIFIED,LOW,116042.49,STUDENT,N,2025-04-22
108738,VERIFIED,LOW,14143.7,PROFESSIONAL,N,2025-07-10
108739,VERIFIED,HIGH,29675.92,SALARIED,N,2025-06-19
108740,VERIFIED,MEDIUM,41854.44,SALARIED,N,2025-11-17
108741,EXPIRED,MEDIUM,119023.32,SALARIED,N,2025-01-14
108742,VERIFIED,MEDIUM,57271.33,STUDENT,N,2026-08-25
108743,VERIFIED,LOW,223847.2,RETIRED,N,2025-04-28
108744,VERIFIED,MEDIUM,26865.08,SALARIED,N,2026-03-27
108745,VERIFIED,LOW,32377.75,SALARIED,N,2025-11-23
108746,VERIFIED,LOW,15324.55,SELF_EMPLOYED,N,2025-10-11
108747,VERIFIED,MEDIUM,31401.05,SALARIED,N,2025-06-06
108748,PENDING,LOW,43861.46,SALARIED,N,2025-11-23
108749,VERIFIED,LOW,171477.73,SELF_EMPLOYED,N,2025-11-22
108750,VERIFIED,LOW,130582.15,PROFESSIONAL,N,2025-08-02
108751,VERIFIED,HIGH,77264.73,SALARIED,N,2025-10-26
108752,VERIFIED,LOW,54051.46,SALARIED,N,2026-07-12
108753,VERIFIED,LOW,108778.64,SALARIED,N,2025-12-23
108754,VERIFIED,LOW,151341.25,SALARIED,N,2025-12-26
108755,VERIFIED,LOW,43460.89,SELF_EMPLOYED,N,2025-10-21
108756,VERIFIED,LOW,46365.13,SALARIED,N,2026-06-17
108757,VERIFIED,MEDIUM,49988.47,SALARIED,N,2025-12-12
108758,VERIFIED,LOW,21430.65,SALARIED,N,2026-10-11
108759,VERIFIED,MEDIUM,145380.1,STUDENT,N,2025-05-19
108760,VERIFIED,LOW,45287.33,STUDENT,N,2025-11-03
108761,VERIFIED,LOW,54826.3,SELF_EMPLOYED,N,2026-10-04
108762,VERIFIED,LOW,170482.57,SALARIED,N,2025-01-15
108763,VERIFIED,LOW,46595.53,PROFESSIONAL,N,2026-07-25
108764,VERIFIED,LOW,150684.88,SALARIED,N,2026-08-02
108765,EXPIRED,MEDIUM,21240.88,STUDENT,N,2025-10-03
108766,VERIFIED,MEDIUM,95314.65,SELF_EMPLOYED,N,2025-06-06
108767,VERIFIED,MEDIUM,49535.57,SALARIED,N,2026-08-13
108768,VERIFIED,LOW,23703.82,SALARIED,N,2025-06-16
108769,VERIFIED,LOW,31631.83,PROFESSIONAL,N,2026-03-08
108770,VERIFIED,MEDIUM,72494.11,SALARIED,N,2025-08-08
108771,VERIFIED,HIGH,35455.21,SALARIED,N,2025-01-03
108772,EXPIRED,LOW,84876.59,SALARIED,N,2026-09-22
108773,VERIFIED,LOW,40763.1,STUDENT,N,2025-09-03
108774,VERIFIED,LOW,23094.88,PROFESSIONAL,N,2026-02-24
108775,VERIFIED,MEDIUM,124290.32,SALARIED,N,2025-11-14
108776,VERIFIED,LOW,80126.13,SELF_EMPLOYED,N,2026-04-26
108777,VERIFIED,LOW,20497.2,SALARIED,N,2025-02-04
108778,VERIFIED,LOW,101162.1,SALARIED,N,2025-03-30
108779,VERIFIED,MEDIUM,71641.23,SALARIED,N,2026-08-15
108780,VERIFIED,LOW,49984.65,SALARIED,N,2025-09-02
108781,VERIFIED,LOW,51289.71,SALARIED,N,2025-07-28
108782,VERIFIED,MEDIUM,158146.0,STUDENT,N,2025-06-07
108783,PENDING,MEDIUM,81423.97,SALARIED,N,2026-04-09
108784,VERIFIED,LOW,163236.29,SELF_EMPLOYED,N,2025-01-12
108785,VERIFIED,LOW,90152.35,RETIRED,N,2026-05-12
108786,VERIFIED,LOW,77083.65,SALARIED,N,2026-03-03
108787,VERIFIED,LOW,40447.53,SALARIED,N,2026-02-12
108788,VERIFIED,LOW,73318.27,SELF_EMPLOYED,N,2025-01-07
108789,VERIFIED,LOW,128495.67,SALARIED,N,2025-04-17
108790,VERIFIED,LOW,69758.33,PROFESSIONAL,N,2026-07-20
108791,VERIFIED,MEDIUM,232967.31,SALARIED,N,2026-08-19
108792,VERIFIED,LOW,128370.89,STUDENT,N,2026-03-04
108793,VERIFIED,HIGH,30367.93,SALARIED,N,2025-02-09
108794,VERIFIED,LOW,48281.93,SALARIED,N,2025-12-13
108795,VERIFIED,LOW,102505.08,STUDENT,N,2025-12-30
108796,VERIFIED,MEDIUM,24525.9,SALARIED,N,2025-10-17
108797,EXPIRED,MEDIUM,61347.15,SELF_EMPLOYED,N,2026-05-31
108798,VERIFIED,LOW,36090.26,SALARIED,N,2025-10-11
108799,VERIFIED,MEDIUM,67945.2,SELF_EMPLOYED,N,2026-02-25
108800,VERIFIED,MEDIUM,36278.7,SALARIED,N,2025-07-23
108801,VERIFIED,LOW,131231.85,SELF_EMPLOYED,N,2026-04-10
108802,VERIFIED,LOW,47525.71,SELF_EMPLOYED,N,2026-03-12
108803,EXPIRED,LOW,101927.54,SELF_EMPLOYED,N,2026-05-10
108804,VERIFIED,LOW,25064.22,SALARIED,N,2026-01-30
108805,VERIFIED,LOW,54282.49,SALARIED,N,2026-06-13
108806,VERIFIED,LOW,28804.58,SALARIED,N,2025-07-24
108807,VERIFIED,LOW,143730.49,SELF_EMPLOYED,N,2025-03-15
108808,VERIFIED,LOW,40000.42,STUDENT,N,2026-09-11
108809,VERIFIED,LOW,62522.46,SALARIED,N,2026-07-02
108810,VERIFIED,LOW,83178.32,STUDENT,N,2025-09-05
108811,VERIFIED,LOW,40733.41,STUDENT,N,2026-04-02
108812,VERIFIED,MEDIUM,30327.01,SALARIED,N,2026-04-16
108813,VERIFIED,MEDIUM,74655.4,SELF_EMPLOYED,N,2025-06-03
108814,VERIFIED,HIGH,18845.4,SALARIED,N,2025-10-18
108815,VERIFIED,HIGH,158286.97,SALARIED,N,2025-02-23
108816,VERIFIED,LOW,60545.93,PROFESSIONAL,N,2025-03-14
108817,VERIFIED,LOW,25382.06,SALARIED,N,2026-07-01
108818,VERIFIED,LOW,55713.78,STUDENT,N,2026-08-14
108819,VERIFIED,LOW,96333.18,SALARIED,N,2025-07-06
108820,VERIFIED,LOW,38906.21,SELF_EMPLOYED,N,2026-06-02
108821,VERIFIED,MEDIUM,18726.61,SALARIED,N,2025-11-30
108822,VERIFIED,LOW,61072.27,SALARIED,N,2025-04-26
108823,VERIFIED,LOW,108528.33,SALARIED,N,2025-06-23
108824,VERIFIED,MEDIUM,76993.71,SALARIED,N,2025-10-09
108825,VERIFIED,MEDIUM,85974.62,SALARIED,N,2026-09-10
108826,VERIFIED,MEDIUM,123237.61,SELF_EMPLOYED,N,2026-07-09
108827,VERIFIED,MEDIUM,185148.73,SALARIED,N,2025-12-20
108828,VERIFIED,LOW,11490.52,SELF_EMPLOYED,N,2026-04-23
108829,VERIFIED,LOW,27970.89,SALARIED,N,2026-04-05
108830,VERIFIED,LOW,73800.73,STUDENT,N,2026-03-03
108831,VERIFIED,HIGH,79228.1,SALARIED,N,2026-09-23
108832,VERIFIED,LOW,24179.24,SALARIED,N,2026-06-15
108833,VERIFIED,LOW,39798.38,PROFESSIONAL,N,2025-01-27
108834,VERIFIED,HIGH,202671.69,STUDENT,N,2025-07-26
108835,EXPIRED,LOW,52567.68,SELF_EMPLOYED,N,2025-02-07
108836,VERIFIED,LOW,75865.04,SALARIED,N,2026-07-05
108837,VERIFIED,LOW,211936.14,SALARIED,N,2025-02-19
108838,VERIFIED,LOW,70348.49,STUDENT,N,2026-08-13
108839,VERIFIED,LOW,110392.22,SALARIED,N,2025-06-10
108840,VERIFIED,MEDIUM,95911.1,SALARIED,N,2025-02-07
108841,EXPIRED,LOW,53190.76,PROFESSIONAL,N,2025-07-29
108842,VERIFIED,MEDIUM,51251.24,SALARIED,N,2026-08-18
108843,VERIFIED,LOW,142635.18,SELF_EMPLOYED,N,2025-08-23
108844,VERIFIED,HIGH,65825.54,STUDENT,N,2026-09-20
108845,VERIFIED,MEDIUM,34346.31,SALARIED,N,2026-07-10
108846,VERIFIED,MEDIUM,133720.39,STUDENT,N,2025-09-09
108847,VERIFIED,LOW,10346.1,PROFESSIONAL,N,2025-09-07
108848,VERIFIED,MEDIUM,184589.58,SELF_EMPLOYED,N,2026-08-02
108849,VERIFIED,MEDIUM,58614.68,SALARIED,N,2026-01-16
108850,VERIFIED,LOW,66515.3,SALARIED,N,2025-02-05
108851,VERIFIED,HIGH,69840.32,SELF_EMPLOYED,N,2026-02-05
108852,VERIFIED,MEDIUM,157148.73,SALARIED,N,2026-03-31
108853,VERIFIED,HIGH,74103.03,SALARIED,N,2025-05-23
108854,VERIFIED,MEDIUM,65202.55,SELF_EMPLOYED,N,2025-11-01
108855,VERIFIED,MEDIUM,35631.49,STUDENT,N,2025-08-05
108856,PENDING,LOW,41611.84,SALARIED,N,2025-11-13
108857,PENDING,LOW,100442.91,SALARIED,N,2026-04-10
108858,VERIFIED,LOW,76476.84,SALARIED,N,2026-08-18
108859,VERIFIED,MEDIUM,198119.46,PROFESSIONAL,N,2026-08-28
108860,VERIFIED,LOW,38962.58,SALARIED,N,2026-02-10
108861,VERIFIED,LOW,31256.42,SALARIED,N,2025-09-11
108862,PENDING,LOW,80407.16,PROFESSIONAL,N,2026-08-05
108863,VERIFIED,MEDIUM,62597.41,SALARIED,N,2025-11-26
108864,VERIFIED,MEDIUM,30362.42,SELF_EMPLOYED,N,2025-04-28
108865,VERIFIED,LOW,47223.09,SELF_EMPLOYED,N,2025-05-13
108866,VERIFIED,LOW,104620.95,STUDENT,N,2026-04-11
108867,VERIFIED,HIGH,28052.83,SALARIED,N,2025-12-15
108868,VERIFIED,LOW,31589.71,SELF_EMPLOYED,N,2025-06-02
108869,VERIFIED,LOW,41218.13,SALARIED,N,2025-10-25
108870,EXPIRED,HIGH,41772.32,SALARIED,N,2025-04-15
108871,VERIFIED,HIGH,110799.78,SALARIED,N,2026-08-08
108872,VERIFIED,LOW,46125.1,SALARIED,N,2026-07-19
108873,VERIFIED,LOW,191072.63,STUDENT,N,2026-09-17
108874,VERIFIED,HIGH,33591.71,SELF_EMPLOYED,N,2026-01-20
108875,VERIFIED,LOW,83880.62,SELF_EMPLOYED,N,2025-09-01
108876,EXPIRED,MEDIUM,64467.66,SALARIED,N,2025-04-03
108877,VERIFIED,MEDIUM,66309.27,SELF_EMPLOYED,N,2026-01-05
108878,VERIFIED,LOW,13357.13,SALARIED,N,2025-12-19
108879,VERIFIED,LOW,32424.64,SELF_EMPLOYED,N,2025-10-19
108880,VERIFIED,LOW,59348.12,PROFESSIONAL,N,2026-02-25
108881,VERIFIED,LOW,18394.09,PROFESSIONAL,N,2025-09-10
108882,VERIFIED,LOW,9896.84,SALARIED,N,2026-08-07
108883,VERIFIED,LOW,29656.72,STUDENT,N,2026-08-19
108884,VERIFIED,LOW,82393.18,SALARIED,N,2025-05-04
108885,VERIFIED,HIGH,90237.19,SELF_EMPLOYED,N,2025-01-23
108886,VERIFIED,HIGH,29871.97,SALARIED,N,2025-05-02
108887,VERIFIED,MEDIUM,58053.48,STUDENT,N,2025-06-26
108888,VERIFIED,MEDIUM,87151.41,SALARIED,N,2026-04-14
108889,VERIFIED,LOW,156576.85,SALARIED,N,2025-05-26
108890,VERIFIED,LOW,152666.75,RETIRED,N,2025-09-19
108891,VERIFIED,MEDIUM,119651.12,SALARIED,N,2025-10-05
108892,EXPIRED,HIGH,46605.24,STUDENT,N,2026-04-10
108893,VERIFIED,LOW,64085.1,PROFESSIONAL,N,2025-11-07
108894,VERIFIED,MEDIUM,69308.81,SALARIED,N,2025-05-10
108895,VERIFIED,HIGH,57481.59,SALARIED,N,2026-06-22
108896,VERIFIED,LOW,27044.57,SALARIED,N,2026-02-19
108897,VERIFIED,MEDIUM,168840.56,SALARIED,N,2026-06-03
108898,VERIFIED,HIGH,87668.06,STUDENT,N,2025-05-12
108899,VERIFIED,MEDIUM,116484.07,SALARIED,N,2026-09-07
108900,PENDING,LOW,101652.98,SALARIED,N,2025-09-30
108901,VERIFIED,HIGH,49924.63,SALARIED,N,2025-11-17
108902,VERIFIED,MEDIUM,24974.53,SALARIED,N,2026-08-13
108903,VERIFIED,LOW,107796.25,SALARIED,N,2026-02-18
108904,VERIFIED,HIGH,103380.33,SELF_EMPLOYED,N,2025-05-25
108905,VERIFIED,LOW,79880.48,STUDENT,N,2026-03-28
108906,VERIFIED,HIGH,268091.68,SALARIED,N,2025-05-23
108907,VERIFIED,MEDIUM,45794.95,SALARIED,N,2025-09-12
108908,VERIFIED,LOW,53931.57,SELF_EMPLOYED,N,2026-04-02
108909,VERIFIED,MEDIUM,75685.18,SALARIED,N,2026-03-29
108910,VERIFIED,LOW,47896.81,SALARIED,N,2025-06-06
108911,VERIFIED,HIGH,56806.44,PROFESSIONAL,N,2025-01-29
108912,VERIFIED,LOW,129463.42,SALARIED,N,2025-12-29
108913,VERIFIED,LOW,43439.9,STUDENT,N,2025-01-15
108914,VERIFIED,HIGH,45407.0,PROFESSIONAL,N,2026-01-11
108915,VERIFIED,LOW,96318.96,SALARIED,N,2025-10-01
108916,VERIFIED,LOW,28061.47,SALARIED,N,2026-07-16
108917,VERIFIED,MEDIUM,62739.85,SALARIED,N,2026-09-09
108918,VERIFIED,LOW,60637.65,SALARIED,N,2025-02-04
108919,VERIFIED,LOW,99441.63,SELF_EMPLOYED,N,2026-07-27
108920,VERIFIED,LOW,111540.38,PROFESSIONAL,N,2026-08-28
108921,VERIFIED,LOW,59640.65,SALARIED,N,2026-01-29
108922,VERIFIED,LOW,62577.02,SALARIED,N,2026-03-15
108923,VERIFIED,LOW,64674.97,SALARIED,N,2025-04-26
108924,VERIFIED,LOW,54167.04,SALARIED,N,2026-07-12
108925,PENDING,LOW,153244.29,SALARIED,N,2025-01-07
108926,VERIFIED,LOW,91688.12,SALARIED,N,2025-10-19
108927,VERIFIED,LOW,150699.79,STUDENT,N,2026-09-18
108928,VERIFIED,MEDIUM,37424.91,SALARIED,N,2025-04-03
108929,VERIFIED,LOW,149235.72,SALARIED,N,2025-09-27
108930,VERIFIED,HIGH,71516.91,SALARIED,N,2026-07-15
108931,VERIFIED,LOW,103230.76,SALARIED,N,2026-09-29
108932,VERIFIED,LOW,19132.46,SALARIED,N,2025-09-26
108933,VERIFIED,MEDIUM,190448.12,RETIRED,N,2025-04-09
108934,VERIFIED,LOW,88107.63,STUDENT,N,2025-12-22
108935,VERIFIED,LOW,222223.45,SALARIED,N,2026-03-27
108936,VERIFIED,LOW,136309.51,SALARIED,N,2025-09-15
108937,VERIFIED,HIGH,17487.97,STUDENT,N,2026-04-28
108938,VERIFIED,LOW,177909.45,SALARIED,N,2025-02-19
108939,EXPIRED,LOW,74718.13,SALARIED,N,2025-04-08
108940,VERIFIED,LOW,100432.99,SALARIED,N,2025-05-24
108941,VERIFIED,LOW,94112.5,SALARIED,N,2025-07-03
108942,PENDING,MEDIUM,62058.61,SALARIED,N,2026-09-13
108943,VERIFIED,MEDIUM,50873.65,SALARIED,N,2026-02-02
108944,VERIFIED,MEDIUM,104680.2,STUDENT,N,2026-01-23
108945,VERIFIED,LOW,38525.08,SALARIED,N,2026-06-07
108946,VERIFIED,MEDIUM,67397.56,PROFESSIONAL,N,2025-11-28
108947,VERIFIED,LOW,164588.16,SELF_EMPLOYED,N,2025-12-28
108948,VERIFIED,LOW,29951.6,SALARIED,N,2025-01-26
108949,PENDING,LOW,58145.68,STUDENT,N,2026-05-31
108950,VERIFIED,LOW,141388.57,RETIRED,N,2026-07-24
108951,VERIFIED,LOW,38879.94,SALARIED,N,2026-01-28
108952,VERIFIED,MEDIUM,19143.64,RETIRED,N,2026-10-02
108953,VERIFIED,LOW,18247.66,RETIRED,N,2026-04-23
108954,VERIFIED,LOW,48746.42,SALARIED,N,2025-02-11
108955,VERIFIED,LOW,197743.09,SALARIED,N,2025-03-19
108956,VERIFIED,LOW,40304.44,SALARIED,N,2026-04-24
108957,VERIFIED,MEDIUM,54875.49,SALARIED,N,2026-04-19
108958,VERIFIED,LOW,68494.25,SALARIED,N,2026-09-16
108959,VERIFIED,LOW,135804.84,SALARIED,N,2025-09-01
108960,VERIFIED,MEDIUM,115504.08,STUDENT,N,2026-08-28
108961,VERIFIED,LOW,59891.18,SALARIED,N,2026-03-08
108962,VERIFIED,MEDIUM,97699.56,SELF_EMPLOYED,N,2026-03-02
108963,VERIFIED,HIGH,131877.12,STUDENT,Y,2026-02-25
108964,VERIFIED,HIGH,22707.36,SALARIED,N,2025-12-19
108965,VERIFIED,LOW,51796.62,PROFESSIONAL,N,2025-02-06
108966,VERIFIED,LOW,30319.94,SALARIED,N,2025-02-14
108967,VERIFIED,MEDIUM,41262.49,SALARIED,N,2025-11-22
108968,VERIFIED,LOW,100967.81,PROFESSIONAL,N,2025-12-20
108969,VERIFIED,LOW,30327.76,SELF_EMPLOYED,N,2026-05-10
108970,VERIFIED,LOW,296894.02,SELF_EMPLOYED,N,2026-07-20
108971,PENDING,LOW,101556.08,SALARIED,N,2025-10-29
108972,VERIFIED,LOW,45252.06,SALARIED,N,2025-04-09
108973,VERIFIED,LOW,60750.07,SALARIED,N,2026-02-23
108974,VERIFIED,MEDIUM,28642.46,STUDENT,N,2025-04-10
108975,VERIFIED,LOW,25375.69,STUDENT,N,2025-09-25
108976,VERIFIED,LOW,51507.03,SALARIED,N,2026-06-12
108977,VERIFIED,HIGH,154901.57,SELF_EMPLOYED,N,2026-06-15
108978,EXPIRED,MEDIUM,26516.85,SALARIED,N,2026-09-22
108979,VERIFIED,LOW,147482.64,SELF_EMPLOYED,N,2026-01-13
108980,VERIFIED,LOW,58647.51,SALARIED,N,2025-02-24
108981,VERIFIED,MEDIUM,77275.02,SALARIED,N,2026-08-07
108982,VERIFIED,MEDIUM,69388.34,SALARIED,N,2025-04-10
108983,PENDING,MEDIUM,109469.01,PROFESSIONAL,N,2025-09-27
108984,VERIFIED,LOW,135061.58,SALARIED,N,2025-09-17
108985,VERIFIED,LOW,57557.37,STUDENT,N,2026-02-28
108986,VERIFIED,LOW,92170.84,SALARIED,N,2026-09-02
108987,VERIFIED,HIGH,154120.88,SALARIED,Y,2026-02-05
108988,VERIFIED,LOW,112325.28,SALARIED,N,2025-02-27
108989,VERIFIED,LOW,50586.57,SALARIED,N,2025-04-10
108990,VERIFIED,MEDIUM,58290.53,SELF_EMPLOYED,N,2025-01-25
108991,VERIFIED,MEDIUM,34848.48,SALARIED,N,2025-08-07
108992,VERIFIED,LOW,215676.34,SALARIED,N,2026-08-24
108993,VERIFIED,LOW,80757.71,RETIRED,N,2025-02-01
108994,VERIFIED,MEDIUM,26576.42,PROFESSIONAL,N,2025-10-07
108995,VERIFIED,LOW,38335.04,SALARIED,N,2026-03-29
108996,PENDING,LOW,59884.94,PROFESSIONAL,N,2026-01-10
108997,VERIFIED,MEDIUM,158315.52,SALARIED,N,2026-04-25
108998,VERIFIED,LOW,58445.5,SALARIED,N,2025-08-18
108999,VERIFIED,LOW,97984.95,STUDENT,N,2026-08-20
109000,VERIFIED,LOW,41585.31,RETIRED,N,2026-02-16
109001,VERIFIED,LOW,100592.14,STUDENT,N,2025-02-20
109002,VERIFIED,LOW,154166.08,SELF_EMPLOYED,N,2025-12-12
109003,VERIFIED,LOW,110559.05,PROFESSIONAL,N,2025-12-17
109004,VERIFIED,LOW,13399.59,SALARIED,N,2025-01-12
109005,PENDING,LOW,59923.74,SALARIED,N,2025-07-04
109006,VERIFIED,MEDIUM,33272.49,SELF_EMPLOYED,N,2025-04-26
109007,VERIFIED,LOW,102366.21,SELF_EMPLOYED,N,2026-09-29
109008,VERIFIED,LOW,69262.57,SALARIED,N,2025-02-05
109009,VERIFIED,LOW,201306.43,SELF_EMPLOYED,N,2026-01-12
109010,VERIFIED,LOW,53314.66,SALARIED,N,2025-03-10
109011,VERIFIED,LOW,69378.96,PROFESSIONAL,N,2025-05-11
109012,VERIFIED,MEDIUM,61079.27,SALARIED,Y,2025-04-15
109013,VERIFIED,LOW,105573.71,SALARIED,N,2026-09-08
109014,VERIFIED,HIGH,35188.04,STUDENT,N,2026-08-14
109015,VERIFIED,MEDIUM,34541.83,RETIRED,N,2026-08-15
109016,VERIFIED,HIGH,45883.38,PROFESSIONAL,N,2025-05-16
109017,VERIFIED,LOW,96770.38,SALARIED,N,2025-01-11
109018,VERIFIED,LOW,130017.21,SALARIED,N,2026-10-06
109019,VERIFIED,LOW,62288.57,SALARIED,N,2025-09-05
109020,VERIFIED,LOW,97198.01,PROFESSIONAL,N,2026-08-10
109021,VERIFIED,MEDIUM,92057.99,PROFESSIONAL,N,2026-01-28
109022,VERIFIED,LOW,63742.78,SALARIED,N,2025-10-04
109023,VERIFIED,LOW,62765.49,SALARIED,N,2026-04-19
109024,VERIFIED,MEDIUM,108623.73,SELF_EMPLOYED,N,2025-02-18
109025,VERIFIED,LOW,229842.94,SALARIED,N,2026-08-20
109026,VERIFIED,LOW,125770.21,SALARIED,N,2026-09-19
109027,VERIFIED,LOW,144619.85,PROFESSIONAL,N,2025-08-28
109028,VERIFIED,LOW,249052.53,STUDENT,N,2026-05-02
109029,VERIFIED,MEDIUM,42034.69,SALARIED,N,2025-06-05
109030,VERIFIED,LOW,104395.51,STUDENT,N,2025-07-29
109031,VERIFIED,MEDIUM,170515.14,STUDENT,N,2025-11-12
109032,VERIFIED,LOW,121841.79,SALARIED,N,2025-06-26
109033,PENDING,LOW,44828.82,SALARIED,N,2026-03-13
109034,VERIFIED,LOW,39421.84,SALARIED,N,2026-07-30
109035,VERIFIED,MEDIUM,191277.87,PROFESSIONAL,N,2026-04-19
109036,VERIFIED,LOW,86699.16,SALARIED,N,2026-05-24
109037,VERIFIED,LOW,80710.37,PROFESSIONAL,N,2026-08-29
109038,VERIFIED,LOW,67014.96,SALARIED,N,2025-05-16
109039,VERIFIED,LOW,176583.65,SALARIED,N,2025-07-15
109040,VERIFIED,MEDIUM,124639.17,SELF_EMPLOYED,N,2025-05-17
109041,VERIFIED,LOW,58634.16,SALARIED,N,2025-05-27
109042,VERIFIED,LOW,119661.66,SALARIED,N,2026-06-04
109043,EXPIRED,LOW,74297.14,PROFESSIONAL,N,2026-02-25
109044,VERIFIED,LOW,116622.44,SALARIED,Y,2026-07-18
109045,PENDING,MEDIUM,159776.83,SALARIED,N,2026-10-06
109046,VERIFIED,LOW,147803.82,STUDENT,N,2025-12-08
109047,VERIFIED,MEDIUM,21552.89,STUDENT,N,2025-08-25
109048,VERIFIED,LOW,92399.76,SALARIED,N,2025-04-10
109049,EXPIRED,LOW,172950.75,SALARIED,N,2026-02-07
109050,VERIFIED,MEDIUM,41471.78,SALARIED,N,2025-06-09
109051,VERIFIED,LOW,241110.77,SALARIED,N,2026-02-06
109052,VERIFIED,LOW,99057.12,SALARIED,N,2026-02-28
109053,VERIFIED,MEDIUM,123378.19,SALARIED,N,2026-10-03
109054,VERIFIED,MEDIUM,123305.91,RETIRED,N,2025-04-23
109055,VERIFIED,HIGH,27614.79,SALARIED,N,2026-01-06
109056,VERIFIED,MEDIUM,126376.58,RETIRED,Y,2025-01-22
109057,VERIFIED,LOW,91177.59,SALARIED,N,2025-12-05
109058,VERIFIED,LOW,49455.11,SALARIED,N,2025-07-14
109059,VERIFIED,LOW,190095.25,SALARIED,N,2025-06-27
109060,VERIFIED,LOW,19309.81,SALARIED,N,2026-02-23
109061,VERIFIED,MEDIUM,44438.08,SALARIED,N,2025-01-24
109062,VERIFIED,LOW,170199.22,SELF_EMPLOYED,N,2025-11-15
109063,VERIFIED,MEDIUM,127499.51,SALARIED,N,2026-04-07
109064,VERIFIED,LOW,46655.31,PROFESSIONAL,N,2026-09-14
109065,VERIFIED,LOW,41652.85,SALARIED,N,2026-09-19
109066,VERIFIED,LOW,59562.3,SELF_EMPLOYED,N,2025-03-29
109067,VERIFIED,LOW,85358.82,SALARIED,N,2025-02-01
109068,VERIFIED,LOW,52928.95,PROFESSIONAL,N,2026-08-27
109069,VERIFIED,LOW,66773.48,SELF_EMPLOYED,N,2026-06-15
109070,VERIFIED,MEDIUM,75000.18,SALARIED,N,2025-11-04
109071,VERIFIED,LOW,57271.32,STUDENT,N,2025-09-18
109072,VERIFIED,LOW,53476.26,STUDENT,N,2026-09-06
109073,VERIFIED,LOW,33450.92,STUDENT,N,2025-10-29
109074,VERIFIED,LOW,70652.39,SALARIED,N,2025-04-27
109075,VERIFIED,MEDIUM,69746.55,SELF_EMPLOYED,N,2025-06-08
109076,VERIFIED,MEDIUM,39093.13,SELF_EMPLOYED,N,2025-06-19
109077,VERIFIED,LOW,86339.86,PROFESSIONAL,N,2026-01-26
109078,VERIFIED,LOW,154496.12,SELF_EMPLOYED,N,2025-08-23
109079,VERIFIED,LOW,74892.98,SALARIED,N,2025-07-16
109080,VERIFIED,MEDIUM,95000.07,SALARIED,N,2025-03-22
109081,VERIFIED,LOW,136511.68,SALARIED,N,2025-04-15
109082,VERIFIED,MEDIUM,70246.3,SELF_EMPLOYED,N,2025-05-05
109083,VERIFIED,LOW,128321.22,SALARIED,N,2025-03-24
109084,PENDING,MEDIUM,16074.56,STUDENT,N,2025-09-24
109085,VERIFIED,LOW,45333.79,STUDENT,N,2026-02-24
109086,PENDING,LOW,35093.0,PROFESSIONAL,N,2025-12-30
109087,VERIFIED,LOW,179599.01,SALARIED,N,2025-03-20
109088,VERIFIED,MEDIUM,108277.07,PROFESSIONAL,N,2026-01-08
109089,VERIFIED,MEDIUM,32722.64,STUDENT,N,2025-11-05
109090,VERIFIED,LOW,38069.12,SELF_EMPLOYED,N,2025-01-05
109091,VERIFIED,LOW,29439.79,SELF_EMPLOYED,N,2025-04-20
109092,VERIFIED,LOW,88796.69,SALARIED,N,2026-06-05
109093,VERIFIED,LOW,81412.77,SALARIED,N,2025-06-18
109094,VERIFIED,LOW,54532.25,SELF_EMPLOYED,N,2025-07-16
109095,VERIFIED,MEDIUM,40593.0,STUDENT,N,2025-04-22
109096,VERIFIED,LOW,70323.46,SELF_EMPLOYED,N,2026-04-24
109097,VERIFIED,MEDIUM,383109.02,SALARIED,N,2025-09-15
109098,VERIFIED,MEDIUM,55917.01,PROFESSIONAL,N,2025-06-26
109099,VERIFIED,HIGH,150906.68,SALARIED,N,2025-10-31
109100,VERIFIED,LOW,59056.45,SALARIED,N,2025-07-04
109101,VERIFIED,MEDIUM,134650.42,SALARIED,N,2025-11-29
109102,VERIFIED,LOW,106108.66,PROFESSIONAL,N,2026-01-23
109103,VERIFIED,LOW,70167.08,STUDENT,N,2025-02-18
109104,VERIFIED,LOW,108580.36,SALARIED,N,2025-01-12
109105,VERIFIED,LOW,156179.71,SALARIED,N,2026-05-20
109106,VERIFIED,LOW,74874.81,SALARIED,N,2025-03-19
109107,VERIFIED,MEDIUM,63697.67,PROFESSIONAL,N,2025-03-05
109108,VERIFIED,LOW,110408.21,SALARIED,N,2026-09-22
109109,VERIFIED,LOW,206813.89,SALARIED,N,2026-08-05
109110,VERIFIED,MEDIUM,29018.67,SALARIED,N,2025-10-26
109111,VERIFIED,LOW,31436.86,SELF_EMPLOYED,N,2025-02-13
109112,VERIFIED,HIGH,179689.96,SALARIED,N,2026-06-21
109113,VERIFIED,HIGH,50389.35,SALARIED,N,2026-08-25
109114,VERIFIED,LOW,160881.78,SALARIED,N,2026-06-17
109115,VERIFIED,LOW,46236.13,SALARIED,N,2026-09-13
109116,VERIFIED,LOW,52831.12,SELF_EMPLOYED,N,2025-01-04
109117,VERIFIED,HIGH,140842.32,SALARIED,N,2026-08-19
109118,VERIFIED,LOW,115426.82,SELF_EMPLOYED,N,2025-10-28
109119,VERIFIED,LOW,34274.85,SALARIED,N,2025-07-26
109120,VERIFIED,MEDIUM,105585.71,PROFESSIONAL,Y,2026-02-09
109121,VERIFIED,MEDIUM,46402.49,SALARIED,N,2026-10-07
109122,VERIFIED,MEDIUM,95098.77,PROFESSIONAL,N,2026-06-01
109123,VERIFIED,LOW,74544.74,SELF_EMPLOYED,Y,2025-08-13
109124,VERIFIED,MEDIUM,64109.34,SALARIED,N,2026-09-20
109125,VERIFIED,MEDIUM,47984.47,STUDENT,N,2025-06-17
109126,VERIFIED,LOW,24191.42,SALARIED,N,2025-04-03
109127,VERIFIED,MEDIUM,47560.27,SALARIED,N,2026-07-02
109128,VERIFIED,LOW,112578.64,SALARIED,N,2026-04-03
109129,VERIFIED,LOW,96426.53,SALARIED,N,2025-03-12
109130,VERIFIED,LOW,41721.36,STUDENT,N,2025-10-14
109131,VERIFIED,LOW,147197.63,SALARIED,N,2025-03-15
109132,VERIFIED,LOW,91112.98,SALARIED,N,2025-09-14
109133,VERIFIED,LOW,107638.49,SALARIED,N,2026-01-09
109134,VERIFIED,LOW,36760.49,PROFESSIONAL,N,2025-01-01
109135,PENDING,LOW,233590.93,RETIRED,N,2025-08-23
109136,VERIFIED,LOW,98927.52,SELF_EMPLOYED,N,2026-10-06
109137,VERIFIED,MEDIUM,196900.91,SALARIED,N,2025-08-12
109138,VERIFIED,LOW,48193.63,SALARIED,N,2026-02-06
109139,VERIFIED,LOW,22122.36,STUDENT,N,2025-08-23
109140,VERIFIED,LOW,39331.59,PROFESSIONAL,N,2026-02-14
109141,VERIFIED,MEDIUM,143088.88,SALARIED,N,2025-05-29
109142,VERIFIED,LOW,34900.19,PROFESSIONAL,N,2026-09-01
109143,VERIFIED,LOW,191905.79,SALARIED,N,2025-07-30
109144,VERIFIED,LOW,45451.01,SALARIED,N,2025-06-02
109145,VERIFIED,LOW,93668.0,SALARIED,N,2025-03-05
109146,VERIFIED,LOW,84789.67,RETIRED,N,2026-04-03
109147,VERIFIED,LOW,59503.85,SALARIED,N,2026-05-01
109148,VERIFIED,MEDIUM,59738.16,SALARIED,N,2025-10-27
109149,VERIFIED,LOW,38360.28,PROFESSIONAL,N,2025-03-14
109150,VERIFIED,MEDIUM,260055.03,SALARIED,N,2025-11-14
109151,PENDING,LOW,101857.32,SELF_EMPLOYED,N,2026-01-25
109152,VERIFIED,LOW,25305.42,STUDENT,N,2026-05-25
109153,VERIFIED,MEDIUM,30110.66,SALARIED,N,2025-02-26
109154,VERIFIED,LOW,102695.1,SALARIED,N,2025-06-24
109155,VERIFIED,MEDIUM,72195.81,SALARIED,N,2026-09-15
109156,VERIFIED,LOW,22333.24,STUDENT,N,2026-09-01
109157,PENDING,LOW,378609.21,SALARIED,N,2025-09-17
109158,PENDING,MEDIUM,11863.57,SALARIED,N,2025-11-14
109159,EXPIRED,LOW,53784.51,SELF_EMPLOYED,N,2025-10-20
109160,VERIFIED,LOW,73535.16,STUDENT,N,2025-12-02
109161,VERIFIED,LOW,46626.13,SALARIED,N,2026-05-22
109162,VERIFIED,LOW,126474.64,SALARIED,N,2025-09-12
109163,VERIFIED,LOW,101365.72,SALARIED,N,2025-06-16
109164,VERIFIED,MEDIUM,79645.36,SALARIED,N,2025-02-19
109165,VERIFIED,LOW,69319.13,SALARIED,N,2025-11-03
109166,VERIFIED,LOW,102985.53,SALARIED,N,2025-12-27
109167,VERIFIED,MEDIUM,63382.95,SALARIED,N,2026-03-20
109168,VERIFIED,MEDIUM,27195.79,SALARIED,N,2026-03-03
109169,VERIFIED,HIGH,136225.39,PROFESSIONAL,N,2025-08-17
109170,VERIFIED,MEDIUM,226558.11,SALARIED,N,2025-02-02
109171,VERIFIED,LOW,76737.13,SALARIED,N,2025-10-22
109172,VERIFIED,LOW,77775.04,SALARIED,N,2025-07-12
109173,VERIFIED,MEDIUM,70984.09,SELF_EMPLOYED,N,2025-05-27
109174,VERIFIED,LOW,30847.27,SALARIED,N,2026-06-24
109175,VERIFIED,LOW,51039.17,SALARIED,N,2025-10-22
109176,VERIFIED,MEDIUM,121950.41,SELF_EMPLOYED,N,2025-11-18
109177,VERIFIED,LOW,85763.5,SALARIED,N,2026-02-13
109178,VERIFIED,LOW,221948.46,SALARIED,N,2026-01-27
109179,VERIFIED,LOW,118239.84,SALARIED,N,2026-08-30
109180,VERIFIED,LOW,55858.96,STUDENT,N,2025-08-27
109181,VERIFIED,LOW,112864.69,PROFESSIONAL,N,2026-02-12
109182,VERIFIED,HIGH,64102.04,SELF_EMPLOYED,N,2025-02-07
109183,VERIFIED,LOW,25002.93,SALARIED,N,2025-01-08
109184,VERIFIED,LOW,143923.71,SALARIED,N,2025-12-31
109185,VERIFIED,LOW,101469.55,SALARIED,N,2025-02-28
109186,VERIFIED,LOW,493690.84,SALARIED,N,2025-06-15
109187,VERIFIED,LOW,51501.61,SALARIED,N,2026-04-03
109188,VERIFIED,LOW,117628.57,SALARIED,N,2026-04-07
109189,VERIFIED,MEDIUM,45119.82,SALARIED,N,2025-08-14
109190,VERIFIED,LOW,41554.64,PROFESSIONAL,N,2025-09-15
109191,EXPIRED,LOW,332362.66,SALARIED,N,2026-08-12
109192,VERIFIED,MEDIUM,19106.5,SALARIED,N,2025-11-27
109193,VERIFIED,LOW,71156.86,SALARIED,N,2025-08-20
109194,VERIFIED,LOW,225766.59,SALARIED,N,2025-12-31
109195,VERIFIED,LOW,26658.27,RETIRED,N,2025-09-21
109196,VERIFIED,LOW,52198.57,SALARIED,N,2026-04-15
109197,VERIFIED,LOW,131060.37,SELF_EMPLOYED,N,2025-10-05
109198,VERIFIED,LOW,33233.95,SELF_EMPLOYED,N,2026-06-12
109199,VERIFIED,LOW,89944.5,PROFESSIONAL,N,2025-05-20
109200,VERIFIED,LOW,43429.71,PROFESSIONAL,N,2025-03-07
109201,VERIFIED,LOW,173289.72,SALARIED,N,2026-04-06
109202,VERIFIED,LOW,169317.42,PROFESSIONAL,N,2025-03-02
109203,VERIFIED,LOW,53146.14,SALARIED,N,2025-12-19
109204,VERIFIED,LOW,11226.18,STUDENT,N,2025-04-15
109205,VERIFIED,MEDIUM,101507.06,SELF_EMPLOYED,N,2025-04-23
109206,VERIFIED,MEDIUM,141134.07,SALARIED,N,2026-03-04
109207,VERIFIED,LOW,102070.84,SALARIED,N,2026-09-14
109208,VERIFIED,LOW,93979.41,STUDENT,N,2025-06-13
109209,VERIFIED,HIGH,86196.38,SELF_EMPLOYED,N,2025-06-03
109210,VERIFIED,MEDIUM,58105.61,PROFESSIONAL,N,2026-05-18
109211,VERIFIED,LOW,44104.51,STUDENT,N,2025-10-02
109212,VERIFIED,LOW,74174.89,SALARIED,N,2025-09-07
109213,VERIFIED,MEDIUM,61834.48,SALARIED,N,2025-08-06
109214,VERIFIED,LOW,112316.12,STUDENT,N,2025-09-30
109215,VERIFIED,LOW,41183.34,SELF_EMPLOYED,N,2025-10-18
109216,VERIFIED,LOW,54072.26,SELF_EMPLOYED,N,2025-12-30
109217,VERIFIED,LOW,75261.99,SALARIED,N,2025-12-16
109218,VERIFIED,LOW,43409.66,SALARIED,N,2026-02-05
109219,VERIFIED,MEDIUM,28726.94,SALARIED,N,2025-12-19
109220,VERIFIED,LOW,107734.01,SALARIED,N,2025-01-12
109221,VERIFIED,LOW,30305.21,SALARIED,N,2026-04-08
109222,VERIFIED,MEDIUM,79934.9,STUDENT,N,2025-09-27
109223,VERIFIED,LOW,100054.84,STUDENT,N,2025-02-15
109224,VERIFIED,LOW,178200.41,PROFESSIONAL,N,2026-06-15
109225,VERIFIED,LOW,316636.16,SALARIED,N,2025-08-20
109226,VERIFIED,LOW,166512.88,SALARIED,N,2026-02-01
109227,VERIFIED,LOW,44648.5,SALARIED,N,2026-07-22
109228,VERIFIED,MEDIUM,58237.57,SALARIED,N,2025-06-28
109229,VERIFIED,LOW,85974.05,SALARIED,N,2025-03-07
109230,VERIFIED,LOW,67854.3,SELF_EMPLOYED,N,2026-08-28
109231,PENDING,LOW,78043.06,SALARIED,N,2026-03-13
109232,VERIFIED,LOW,158731.66,SELF_EMPLOYED,N,2026-09-22
109233,VERIFIED,LOW,76751.73,PROFESSIONAL,Y,2025-12-05
109234,PENDING,HIGH,127795.33,SALARIED,N,2025-10-30
109235,VERIFIED,LOW,33797.38,SALARIED,N,2026-03-04
109236,VERIFIED,LOW,96329.38,STUDENT,N,2025-08-14
109237,VERIFIED,LOW,23718.96,SELF_EMPLOYED,N,2026-04-06
109238,VERIFIED,LOW,145561.71,SALARIED,N,2026-07-22
109239,VERIFIED,LOW,62293.81,SELF_EMPLOYED,N,2026-06-19
109240,VERIFIED,LOW,28639.32,SALARIED,N,2025-07-03
109241,VERIFIED,LOW,58577.11,PROFESSIONAL,N,2025-11-15
109242,VERIFIED,MEDIUM,95572.4,SELF_EMPLOYED,N,2026-04-19
109243,VERIFIED,LOW,31357.71,SALARIED,N,2025-02-15
109244,VERIFIED,LOW,39620.66,PROFESSIONAL,N,2026-03-23
109245,VERIFIED,HIGH,54238.17,SELF_EMPLOYED,N,2025-11-16
109246,VERIFIED,MEDIUM,120596.15,SELF_EMPLOYED,N,2026-02-17
109247,VERIFIED,LOW,18961.56,SALARIED,N,2025-08-03
109248,VERIFIED,LOW,94504.91,SALARIED,N,2025-04-15
109249,VERIFIED,LOW,59459.2,SALARIED,N,2025-04-14
109250,VERIFIED,LOW,140789.11,PROFESSIONAL,N,2025-04-25
109251,VERIFIED,LOW,91052.51,SALARIED,N,2026-09-04
109252,VERIFIED,MEDIUM,169714.04,SELF_EMPLOYED,N,2025-09-09
109253,VERIFIED,LOW,91615.95,PROFESSIONAL,N,2025-03-26
109254,VERIFIED,LOW,31910.84,RETIRED,Y,2025-12-19
109255,VERIFIED,LOW,92698.12,RETIRED,N,2026-08-31
109256,VERIFIED,MEDIUM,96574.62,PROFESSIONAL,N,2025-08-25
109257,VERIFIED,MEDIUM,44532.74,SALARIED,N,2025-07-21
109258,VERIFIED,LOW,49101.0,SALARIED,N,2026-04-21
109259,VERIFIED,LOW,14598.83,SALARIED,N,2026-03-13
109260,VERIFIED,LOW,112316.62,SALARIED,N,2025-06-30
109261,VERIFIED,LOW,63410.79,SALARIED,N,2025-01-02
109262,VERIFIED,LOW,47852.06,SALARIED,N,2026-01-30
109263,VERIFIED,LOW,36005.74,SELF_EMPLOYED,N,2026-08-23
109264,VERIFIED,MEDIUM,50097.06,RETIRED,Y,2025-06-09
109265,PENDING,HIGH,91886.82,SALARIED,N,2025-10-13
109266,VERIFIED,LOW,77672.39,STUDENT,N,2025-10-14
109267,VERIFIED,MEDIUM,55555.88,PROFESSIONAL,N,2025-11-02
109268,VERIFIED,LOW,31109.6,SELF_EMPLOYED,N,2025-10-04
109269,VERIFIED,MEDIUM,55131.49,SALARIED,N,2025-10-12
109270,VERIFIED,LOW,39974.41,SELF_EMPLOYED,N,2025-11-28
109271,VERIFIED,LOW,59513.91,SELF_EMPLOYED,N,2026-09-16
109272,PENDING,LOW,102595.43,PROFESSIONAL,N,2026-05-05
109273,VERIFIED,LOW,48197.18,SELF_EMPLOYED,N,2025-04-30
109274,VERIFIED,MEDIUM,202689.44,RETIRED,N,2025-08-10
109275,VERIFIED,LOW,47120.91,SALARIED,N,2026-06-29
109276,VERIFIED,MEDIUM,22375.64,SALARIED,N,2026-02-24
109277,VERIFIED,MEDIUM,58964.2,SELF_EMPLOYED,N,2025-11-14
109278,VERIFIED,LOW,45990.88,RETIRED,N,2026-08-07
109279,VERIFIED,LOW,625853.18,SALARIED,N,2025-11-07
109280,VERIFIED,MEDIUM,50370.86,SALARIED,N,2025-07-23
109281,VERIFIED,LOW,25184.47,SELF_EMPLOYED,N,2026-04-14
109282,VERIFIED,LOW,67966.05,PROFESSIONAL,N,2025-12-01
109283,VERIFIED,LOW,59510.24,SALARIED,N,2025-04-05
109284,VERIFIED,LOW,31018.0,SALARIED,N,2025-07-16
109285,VERIFIED,LOW,83593.97,SALARIED,N,2026-06-28
109286,VERIFIED,LOW,95606.8,SALARIED,N,2026-06-24
109287,VERIFIED,LOW,69753.07,SALARIED,N,2026-04-19
109288,EXPIRED,MEDIUM,55635.67,SALARIED,N,2025-07-08
109289,VERIFIED,MEDIUM,52083.74,SALARIED,N,2025-04-20
109290,VERIFIED,MEDIUM,44126.62,SELF_EMPLOYED,N,2026-10-03
109291,VERIFIED,LOW,28770.67,PROFESSIONAL,N,2025-12-01
109292,VERIFIED,MEDIUM,173726.5,RETIRED,N,2025-02-13
109293,VERIFIED,LOW,322685.19,STUDENT,N,2026-07-27
109294,VERIFIED,LOW,33944.59,SALARIED,N,2026-08-05
109295,VERIFIED,LOW,44725.41,SALARIED,N,2025-11-05
109296,VERIFIED,LOW,32758.86,SALARIED,N,2026-06-06
109297,VERIFIED,LOW,118057.66,SELF_EMPLOYED,N,2026-07-22
109298,VERIFIED,MEDIUM,34206.75,SALARIED,N,2025-04-11
109299,VERIFIED,LOW,104190.83,RETIRED,N,2026-01-15
109300,VERIFIED,LOW,87390.69,SELF_EMPLOYED,N,2026-03-10
109301,VERIFIED,MEDIUM,59898.51,STUDENT,N,2026-10-10
109302,VERIFIED,MEDIUM,160158.97,SELF_EMPLOYED,N,2025-01-25
109303,PENDING,LOW,52713.41,STUDENT,N,2025-03-24
109304,VERIFIED,LOW,66270.1,PROFESSIONAL,N,2025-02-05
109305,VERIFIED,MEDIUM,30004.79,SALARIED,N,2026-08-24
109306,PENDING,LOW,13536.24,SELF_EMPLOYED,N,2026-01-04
109307,VERIFIED,LOW,131800.68,STUDENT,N,2025-07-03
109308,VERIFIED,HIGH,44271.66,STUDENT,N,2026-01-17
109309,VERIFIED,MEDIUM,140322.41,STUDENT,N,2025-06-18
109310,VERIFIED,LOW,52627.74,PROFESSIONAL,N,2025-07-21
109311,VERIFIED,MEDIUM,61651.15,SELF_EMPLOYED,N,2025-03-24
109312,PENDING,LOW,75654.36,SALARIED,N,2026-07-21
109313,VERIFIED,LOW,46601.33,SALARIED,N,2026-02-04
109314,VERIFIED,LOW,23157.12,SALARIED,N,2026-01-29
109315,VERIFIED,LOW,37557.51,SALARIED,N,2025-07-30
109316,VERIFIED,LOW,35684.8,SALARIED,N,2026-02-23
109317,EXPIRED,LOW,64744.48,SALARIED,N,2026-07-11
109318,VERIFIED,LOW,136768.93,SALARIED,N,2026-01-30
109319,VERIFIED,LOW,41288.68,SALARIED,N,2026-07-06
109320,VERIFIED,MEDIUM,62023.7,STUDENT,N,2025-09-20
109321,VERIFIED,LOW,77282.42,STUDENT,N,2026-05-20
109322,VERIFIED,MEDIUM,39489.41,SELF_EMPLOYED,N,2025-02-14
109323,VERIFIED,MEDIUM,85005.7,SALARIED,N,2026-05-26
109324,VERIFIED,MEDIUM,135308.67,RETIRED,N,2026-01-02
109325,VERIFIED,LOW,85460.12,SALARIED,N,2025-06-29
109326,VERIFIED,LOW,64045.73,SELF_EMPLOYED,N,2026-06-21
109327,VERIFIED,MEDIUM,38306.64,PROFESSIONAL,N,2026-01-27
109328,PENDING,MEDIUM,61258.96,PROFESSIONAL,N,2026-08-12
109329,VERIFIED,MEDIUM,40564.39,PROFESSIONAL,N,2026-04-05
109330,EXPIRED,MEDIUM,45191.91,SALARIED,N,2025-03-30
109331,VERIFIED,MEDIUM,61122.37,PROFESSIONAL,N,2026-09-30
109332,VERIFIED,LOW,57797.27,SALARIED,N,2026-04-22
109333,PENDING,LOW,129510.28,SELF_EMPLOYED,N,2026-07-08
109334,VERIFIED,LOW,45154.25,SALARIED,N,2025-05-17
109335,VERIFIED,MEDIUM,85188.51,SALARIED,N,2026-03-11
109336,VERIFIED,LOW,48924.03,SELF_EMPLOYED,N,2025-05-15
109337,VERIFIED,LOW,36602.07,SELF_EMPLOYED,N,2026-02-23
109338,VERIFIED,LOW,98155.99,SALARIED,N,2025-02-12
109339,VERIFIED,LOW,86879.99,STUDENT,N,2025-02-11
109340,VERIFIED,LOW,44798.02,SALARIED,N,2026-09-25
109341,VERIFIED,MEDIUM,8678.84,SALARIED,N,2025-03-19
109342,VERIFIED,MEDIUM,137090.25,SALARIED,N,2026-05-02
109343,VERIFIED,LOW,109663.71,PROFESSIONAL,N,2026-03-27
109344,VERIFIED,LOW,140119.36,STUDENT,N,2025-08-09
109345,VERIFIED,LOW,145085.77,SELF_EMPLOYED,N,2025-01-26
109346,VERIFIED,LOW,66807.69,PROFESSIONAL,N,2026-07-10
109347,VERIFIED,MEDIUM,50479.92,SELF_EMPLOYED,N,2026-01-29
109348,VERIFIED,LOW,20650.37,SELF_EMPLOYED,N,2025-04-05
109349,EXPIRED,LOW,72267.37,STUDENT,N,2026-01-02
109350,VERIFIED,LOW,49410.9,SALARIED,N,2025-08-10
109351,VERIFIED,MEDIUM,39781.34,SELF_EMPLOYED,N,2026-01-31
109352,VERIFIED,LOW,27359.02,SELF_EMPLOYED,N,2025-02-02
109353,VERIFIED,MEDIUM,33870.29,SALARIED,N,2025-06-06
109354,VERIFIED,LOW,27588.58,SALARIED,N,2025-10-11
109355,VERIFIED,LOW,126172.82,SALARIED,N,2026-08-18
109356,VERIFIED,LOW,136648.59,RETIRED,Y,2025-06-15
109357,VERIFIED,LOW,40844.26,SALARIED,N,2025-05-01
109358,PENDING,LOW,146680.26,SALARIED,N,2026-10-06
109359,VERIFIED,LOW,70740.45,PROFESSIONAL,N,2025-11-25
109360,VERIFIED,LOW,171847.69,SALARIED,N,2025-05-04
109361,VERIFIED,LOW,97510.83,SELF_EMPLOYED,N,2025-02-09
109362,VERIFIED,LOW,99798.46,SELF_EMPLOYED,N,2025-04-22
109363,VERIFIED,LOW,77594.86,SELF_EMPLOYED,N,2025-07-30
109364,VERIFIED,LOW,41393.47,SALARIED,N,2025-01-31
109365,PENDING,LOW,28051.48,SELF_EMPLOYED,N,2025-03-20
109366,PENDING,MEDIUM,75596.2,SALARIED,N,2025-11-24
109367,VERIFIED,LOW,62194.64,SELF_EMPLOYED,N,2026-07-10
109368,VERIFIED,MEDIUM,358487.23,SELF_EMPLOYED,N,2025-02-21
109369,PENDING,LOW,107580.62,PROFESSIONAL,N,2026-04-20
109370,PENDING,MEDIUM,38218.44,PROFESSIONAL,N,2026-05-11
109371,VERIFIED,LOW,62639.37,SELF_EMPLOYED,N,2026-08-08
109372,VERIFIED,MEDIUM,52081.73,PROFESSIONAL,N,2025-09-29
109373,VERIFIED,LOW,64501.24,SALARIED,N,2026-05-24
109374,VERIFIED,HIGH,28213.28,SALARIED,N,2026-10-08
109375,VERIFIED,MEDIUM,119357.83,SALARIED,N,2026-03-02
109376,VERIFIED,LOW,51180.5,PROFESSIONAL,N,2025-02-15
109377,VERIFIED,LOW,101245.74,SALARIED,N,2025-09-08
109378,VERIFIED,LOW,44696.47,SELF_EMPLOYED,N,2025-10-16
109379,PENDING,LOW,51103.97,SALARIED,N,2026-03-27
109380,VERIFIED,LOW,97307.94,SALARIED,N,2026-09-23
109381,VERIFIED,LOW,17218.9,SALARIED,N,2025-02-10
109382,PENDING,LOW,125710.2,SALARIED,N,2025-10-07
109383,VERIFIED,LOW,172024.86,SALARIED,N,2026-06-17
109384,VERIFIED,LOW,169861.31,SALARIED,N,2025-08-14
109385,VERIFIED,LOW,41956.42,SALARIED,N,2026-08-27
109386,VERIFIED,LOW,80509.28,STUDENT,N,2025-03-30
109387,VERIFIED,LOW,49510.52,SELF_EMPLOYED,N,2025-08-07
109388,PENDING,LOW,25184.52,SALARIED,N,2026-01-29
109389,EXPIRED,MEDIUM,70099.34,STUDENT,N,2026-02-10
109390,VERIFIED,MEDIUM,25672.94,SALARIED,N,2025-07-23
109391,VERIFIED,HIGH,97699.09,SELF_EMPLOYED,N,2026-06-23
109392,VERIFIED,LOW,112668.81,SALARIED,N,2026-01-07
109393,PENDING,LOW,153169.93,STUDENT,N,2025-11-05
109394,VERIFIED,LOW,92325.95,SALARIED,N,2026-08-22
109395,VERIFIED,LOW,50570.37,SALARIED,N,2025-10-02
109396,VERIFIED,MEDIUM,58524.14,SALARIED,N,2026-01-09
109397,PENDING,LOW,71669.67,SALARIED,N,2026-03-19
109398,VERIFIED,HIGH,171246.57,SALARIED,N,2025-02-10
109399,VERIFIED,MEDIUM,172423.63,PROFESSIONAL,N,2025-04-20
109400,VERIFIED,LOW,62650.66,SELF_EMPLOYED,N,2025-11-17
109401,VERIFIED,LOW,125351.31,SALARIED,N,2025-11-14
109402,VERIFIED,LOW,47314.94,SALARIED,N,2026-04-05
109403,VERIFIED,MEDIUM,87866.2,SALARIED,N,2026-01-13
109404,VERIFIED,LOW,52725.8,SALARIED,N,2026-01-25
109405,VERIFIED,LOW,77540.68,SELF_EMPLOYED,N,2026-03-09
109406,VERIFIED,MEDIUM,38784.33,SALARIED,N,2025-03-30
109407,VERIFIED,MEDIUM,26284.68,PROFESSIONAL,N,2025-11-18
109408,VERIFIED,HIGH,29434.72,SALARIED,N,2025-10-05
109409,VERIFIED,LOW,96664.38,PROFESSIONAL,N,2026-03-30
109410,VERIFIED,MEDIUM,32071.76,RETIRED,N,2025-12-12
109411,VERIFIED,LOW,53009.94,SELF_EMPLOYED,Y,2025-11-06
109412,VERIFIED,LOW,118037.66,SELF_EMPLOYED,N,2025-09-08
109413,VERIFIED,LOW,137067.34,PROFESSIONAL,N,2026-07-20
109414,VERIFIED,LOW,35009.85,SALARIED,N,2026-08-24
109415,VERIFIED,LOW,13901.86,STUDENT,N,2026-04-20
109416,VERIFIED,LOW,39248.85,SELF_EMPLOYED,N,2026-10-03
109417,VERIFIED,MEDIUM,75383.7,STUDENT,N,2025-01-22
109418,VERIFIED,HIGH,102360.54,SALARIED,N,2026-05-10
109419,VERIFIED,LOW,30734.97,SALARIED,N,2025-12-03
109420,VERIFIED,MEDIUM,20986.95,PROFESSIONAL,N,2026-08-22
109421,VERIFIED,LOW,36678.13,SALARIED,N,2025-08-11
109422,VERIFIED,LOW,47218.27,RETIRED,N,2026-09-02
109423,VERIFIED,MEDIUM,257031.08,STUDENT,N,2025-05-22
109424,EXPIRED,HIGH,71067.89,SALARIED,N,2025-08-15
109425,VERIFIED,HIGH,100872.57,STUDENT,N,2025-09-29
109426,VERIFIED,LOW,135278.49,STUDENT,N,2025-08-10
109427,VERIFIED,MEDIUM,49404.52,SALARIED,N,2025-07-23
109428,VERIFIED,LOW,70636.26,STUDENT,N,2025-01-27
109429,VERIFIED,MEDIUM,77998.75,SELF_EMPLOYED,N,2025-07-05
109430,VERIFIED,LOW,98135.09,SALARIED,N,2025-05-21
109431,VERIFIED,LOW,60865.46,SALARIED,N,2025-07-06
109432,PENDING,HIGH,130428.48,STUDENT,N,2025-04-11
109433,VERIFIED,LOW,135573.95,SELF_EMPLOYED,N,2026-08-09
109434,VERIFIED,MEDIUM,55037.48,SELF_EMPLOYED,N,2025-04-20
109435,VERIFIED,LOW,108380.41,SELF_EMPLOYED,N,2025-01-21
109436,EXPIRED,MEDIUM,85219.68,PROFESSIONAL,N,2025-04-13
109437,VERIFIED,HIGH,373311.73,SALARIED,N,2025-02-18
109438,VERIFIED,LOW,118483.13,PROFESSIONAL,N,2025-08-08
109439,VERIFIED,LOW,85055.56,SELF_EMPLOYED,N,2026-04-21
109440,VERIFIED,MEDIUM,45705.03,RETIRED,N,2026-02-27
109441,VERIFIED,LOW,33778.88,SELF_EMPLOYED,N,2026-02-28
109442,VERIFIED,LOW,93249.67,SALARIED,N,2026-07-16
109443,VERIFIED,LOW,21798.96,SALARIED,N,2025-02-21
109444,VERIFIED,LOW,190147.27,SELF_EMPLOYED,N,2025-04-29
109445,VERIFIED,LOW,17350.99,SELF_EMPLOYED,N,2026-06-15
109446,VERIFIED,LOW,33895.63,STUDENT,N,2026-02-27
109447,VERIFIED,LOW,126754.99,STUDENT,N,2026-09-13
109448,VERIFIED,HIGH,64665.42,SALARIED,N,2025-12-02
109449,VERIFIED,LOW,74530.92,RETIRED,N,2025-10-02
109450,VERIFIED,LOW,42325.1,PROFESSIONAL,N,2026-02-25
109451,VERIFIED,MEDIUM,60904.38,SALARIED,N,2025-05-06
109452,VERIFIED,MEDIUM,103232.39,SALARIED,N,2025-01-05
109453,VERIFIED,LOW,38523.8,SELF_EMPLOYED,N,2025-08-17
109454,VERIFIED,LOW,55807.38,SALARIED,N,2026-07-02
109455,VERIFIED,LOW,66399.26,SALARIED,N,2025-07-17
109456,VERIFIED,HIGH,55491.42,SELF_EMPLOYED,N,2025-09-12
109457,VERIFIED,MEDIUM,107801.95,RETIRED,N,2025-09-05
109458,VERIFIED,LOW,89199.92,STUDENT,N,2026-05-25
109459,VERIFIED,LOW,61820.8,SALARIED,N,2025-04-25
109460,VERIFIED,MEDIUM,21831.26,PROFESSIONAL,N,2025-08-11
109461,VERIFIED,MEDIUM,142655.87,SALARIED,N,2026-09-16
109462,VERIFIED,LOW,36299.71,STUDENT,N,2026-09-18
109463,VERIFIED,HIGH,209910.17,SELF_EMPLOYED,N,2025-03-16
109464,VERIFIED,MEDIUM,38210.05,SALARIED,N,2026-03-14
109465,VERIFIED,LOW,78056.78,RETIRED,N,2026-06-01
109466,VERIFIED,LOW,100042.69,SALARIED,N,2026-08-27
109467,VERIFIED,LOW,58232.73,SALARIED,N,2025-10-30
109468,VERIFIED,MEDIUM,81045.73,SALARIED,N,2025-09-27
109469,VERIFIED,LOW,55069.8,SALARIED,N,2026-07-22
109470,VERIFIED,MEDIUM,225927.79,SALARIED,N,2025-07-12
109471,VERIFIED,MEDIUM,75465.63,RETIRED,N,2026-05-05
109472,VERIFIED,MEDIUM,61349.27,SALARIED,N,2025-10-22
109473,VERIFIED,LOW,77555.16,PROFESSIONAL,N,2026-01-13
109474,VERIFIED,LOW,138129.63,SALARIED,N,2025-04-04
109475,VERIFIED,LOW,85286.8,SALARIED,N,2026-01-20
109476,VERIFIED,LOW,74549.57,SALARIED,N,2025-05-24
109477,VERIFIED,LOW,26042.36,PROFESSIONAL,N,2025-09-09
109478,VERIFIED,LOW,140221.03,SELF_EMPLOYED,N,2025-09-03
109479,VERIFIED,LOW,83090.08,SALARIED,N,2025-10-06
109480,VERIFIED,LOW,49538.42,SALARIED,N,2025-08-09
109481,PENDING,LOW,81827.22,SALARIED,N,2026-09-25
109482,VERIFIED,HIGH,163419.87,SELF_EMPLOYED,N,2025-01-28
109483,VERIFIED,MEDIUM,105322.99,SALARIED,N,2026-01-24
109484,VERIFIED,LOW,237888.82,SELF_EMPLOYED,N,2025-05-20
109485,VERIFIED,MEDIUM,116813.01,RETIRED,N,2025-07-18
109486,VERIFIED,LOW,18880.76,SALARIED,N,2026-02-06
109487,VERIFIED,LOW,150183.03,SALARIED,N,2025-02-06
109488,VERIFIED,LOW,21309.59,SALARIED,N,2026-08-07
109489,VERIFIED,LOW,159230.99,SELF_EMPLOYED,N,2026-04-12
109490,VERIFIED,MEDIUM,117632.45,SALARIED,N,2025-05-10
109491,VERIFIED,HIGH,197200.43,SALARIED,N,2026-08-07
109492,VERIFIED,MEDIUM,88245.38,SELF_EMPLOYED,N,2025-05-18
109493,VERIFIED,LOW,79701.15,SALARIED,N,2026-05-14
109494,VERIFIED,LOW,148023.21,PROFESSIONAL,N,2026-04-30
109495,EXPIRED,LOW,30794.08,SALARIED,N,2025-12-26
109496,VERIFIED,LOW,67927.9,RETIRED,N,2026-02-19
109497,VERIFIED,MEDIUM,56982.19,SALARIED,N,2025-11-17
109498,EXPIRED,LOW,50052.97,RETIRED,N,2026-07-30
109499,VERIFIED,LOW,45663.13,SALARIED,N,2025-01-26
109500,VERIFIED,MEDIUM,73330.68,SALARIED,N,2025-04-05
109501,VERIFIED,LOW,105545.49,SALARIED,N,2026-05-23
109502,VERIFIED,HIGH,173989.15,PROFESSIONAL,N,2026-08-10
109503,VERIFIED,HIGH,54988.71,SELF_EMPLOYED,N,2025-12-03
109504,VERIFIED,LOW,52109.79,SALARIED,N,2025-06-30
109505,VERIFIED,MEDIUM,10576.16,STUDENT,N,2026-02-01
109506,VERIFIED,HIGH,171430.33,SALARIED,N,2025-06-29
109507,VERIFIED,MEDIUM,27372.21,SALARIED,N,2025-07-08
109508,VERIFIED,HIGH,90425.02,SALARIED,N,2025-10-01
109509,VERIFIED,LOW,80031.16,SALARIED,N,2025-03-13
109510,VERIFIED,LOW,125961.34,SALARIED,N,2026-09-18
109511,VERIFIED,MEDIUM,37356.88,SALARIED,N,2026-01-10
109512,VERIFIED,LOW,96104.66,SALARIED,N,2025-03-08
109513,VERIFIED,MEDIUM,190711.63,SELF_EMPLOYED,N,2025-02-23
109514,VERIFIED,LOW,76967.07,SALARIED,N,2026-02-08
109515,PENDING,LOW,37439.76,SALARIED,N,2025-01-03
109516,VERIFIED,MEDIUM,25497.38,SELF_EMPLOYED,N,2026-07-07
109517,VERIFIED,LOW,174174.26,SALARIED,N,2026-04-07
109518,VERIFIED,LOW,49738.17,SALARIED,N,2026-09-07
109519,VERIFIED,MEDIUM,56594.05,SELF_EMPLOYED,N,2025-12-07
109520,VERIFIED,LOW,342329.42,RETIRED,N,2026-05-16
109521,VERIFIED,MEDIUM,120560.77,PROFESSIONAL,N,2026-08-21
109522,VERIFIED,MEDIUM,139340.68,PROFESSIONAL,N,2025-02-11
109523,VERIFIED,LOW,192344.27,SELF_EMPLOYED,N,2025-09-23
109524,VERIFIED,MEDIUM,24005.03,SALARIED,N,2026-06-19
109525,VERIFIED,LOW,179435.39,SELF_EMPLOYED,N,2025-03-21
109526,VERIFIED,MEDIUM,196040.85,PROFESSIONAL,N,2026-05-21
109527,VERIFIED,LOW,49513.56,SALARIED,N,2026-04-09
109528,EXPIRED,LOW,107883.02,RETIRED,N,2026-09-08
109529,VERIFIED,MEDIUM,124106.79,PROFESSIONAL,N,2025-10-09
109530,VERIFIED,LOW,41769.01,SELF_EMPLOYED,N,2025-04-28
109531,VERIFIED,MEDIUM,119903.0,SALARIED,N,2025-09-14
109532,VERIFIED,LOW,43787.24,PROFESSIONAL,N,2025-11-23
109533,VERIFIED,HIGH,356764.89,RETIRED,N,2026-03-09
109534,PENDING,MEDIUM,73502.99,SALARIED,N,2025-09-15
109535,VERIFIED,MEDIUM,95664.88,SALARIED,N,2025-11-15
109536,VERIFIED,LOW,22972.99,SELF_EMPLOYED,N,2026-03-27
109537,VERIFIED,MEDIUM,85596.55,SALARIED,N,2025-08-01
109538,VERIFIED,LOW,146238.23,SALARIED,N,2025-04-15
109539,VERIFIED,MEDIUM,36994.08,SALARIED,N,2026-04-18
109540,VERIFIED,MEDIUM,47124.1,SELF_EMPLOYED,N,2025-01-28
109541,VERIFIED,MEDIUM,41686.53,SALARIED,N,2026-03-04
109542,VERIFIED,LOW,31249.54,SALARIED,N,2025-07-25
109543,VERIFIED,MEDIUM,28510.31,SALARIED,N,2026-08-26
109544,VERIFIED,MEDIUM,129186.63,SALARIED,N,2026-04-15
109545,VERIFIED,MEDIUM,29065.41,SALARIED,N,2026-02-25
109546,VERIFIED,MEDIUM,20756.78,SALARIED,N,2026-02-20
109547,VERIFIED,LOW,46821.77,SALARIED,N,2026-01-01
109548,VERIFIED,LOW,68364.91,SALARIED,N,2025-07-13
109549,VERIFIED,LOW,96492.16,SELF_EMPLOYED,N,2025-12-11
109550,VERIFIED,MEDIUM,37167.72,RETIRED,N,2026-01-22
109551,VERIFIED,LOW,45145.34,SALARIED,N,2026-09-19
109552,VERIFIED,MEDIUM,94051.61,PROFESSIONAL,N,2025-12-12
109553,VERIFIED,LOW,119125.34,SALARIED,N,2026-01-16
109554,VERIFIED,LOW,148489.49,SELF_EMPLOYED,N,2025-07-23
109555,VERIFIED,LOW,90372.6,SALARIED,N,2025-07-23
109556,VERIFIED,LOW,22527.02,RETIRED,N,2025-01-13
109557,VERIFIED,LOW,37463.85,SELF_EMPLOYED,N,2026-10-11
109558,VERIFIED,MEDIUM,149503.53,SELF_EMPLOYED,N,2025-11-24
109559,PENDING,LOW,209192.77,SALARIED,N,2025-05-28
109560,VERIFIED,MEDIUM,62504.97,PROFESSIONAL,N,2025-01-07
109561,VERIFIED,LOW,59030.55,RETIRED,N,2025-12-31
109562,VERIFIED,LOW,34522.86,SALARIED,N,2026-04-06
109563,VERIFIED,LOW,166576.13,SALARIED,N,2025-01-04
109564,VERIFIED,LOW,33259.02,RETIRED,N,2025-05-20
109565,VERIFIED,MEDIUM,236834.96,SELF_EMPLOYED,N,2026-02-07
109566,EXPIRED,HIGH,62750.67,SALARIED,N,2025-07-25
109567,VERIFIED,LOW,37837.37,SALARIED,N,2025-11-01
109568,PENDING,LOW,20764.06,PROFESSIONAL,N,2025-03-15
109569,VERIFIED,MEDIUM,55503.6,STUDENT,N,2026-02-26
109570,PENDING,HIGH,60957.91,SALARIED,N,2025-12-30
109571,VERIFIED,LOW,53787.0,SALARIED,N,2026-09-22
109572,VERIFIED,MEDIUM,66388.44,SALARIED,N,2025-03-16
109573,PENDING,LOW,162860.05,STUDENT,N,2026-06-19
109574,VERIFIED,LOW,98936.97,STUDENT,N,2025-10-13
109575,VERIFIED,LOW,75102.92,SELF_EMPLOYED,Y,2026-09-02
109576,VERIFIED,MEDIUM,138981.34,SALARIED,N,2026-03-09
109577,VERIFIED,LOW,36476.29,SELF_EMPLOYED,N,2026-01-27
109578,VERIFIED,MEDIUM,105207.06,SELF_EMPLOYED,N,2026-09-23
109579,VERIFIED,LOW,103914.98,PROFESSIONAL,N,2026-04-26
109580,VERIFIED,LOW,175396.33,SELF_EMPLOYED,N,2025-11-30
109581,VERIFIED,LOW,27149.0,SELF_EMPLOYED,N,2025-08-02
109582,VERIFIED,LOW,37683.78,RETIRED,N,2025-05-28
109583,PENDING,LOW,39081.27,SALARIED,N,2025-06-06
109584,VERIFIED,MEDIUM,90293.67,PROFESSIONAL,N,2026-03-22
109585,VERIFIED,LOW,76541.81,STUDENT,N,2025-06-02
109586,VERIFIED,MEDIUM,95706.56,SALARIED,N,2025-07-19
109587,EXPIRED,MEDIUM,16823.56,SALARIED,N,2026-03-28
109588,VERIFIED,LOW,172288.69,SALARIED,N,2025-06-30
109589,PENDING,MEDIUM,77092.07,STUDENT,N,2026-06-06
109590,VERIFIED,LOW,94766.05,SELF_EMPLOYED,N,2026-02-17
109591,VERIFIED,LOW,84179.6,SELF_EMPLOYED,N,2025-01-31
109592,VERIFIED,MEDIUM,43998.76,SELF_EMPLOYED,N,2025-02-07
109593,VERIFIED,HIGH,92662.11,SALARIED,N,2026-03-18
109594,VERIFIED,LOW,69532.33,SALARIED,N,2025-09-10
109595,VERIFIED,LOW,68934.73,SALARIED,N,2025-05-15
109596,VERIFIED,MEDIUM,91178.52,SALARIED,N,2025-08-27
109597,VERIFIED,LOW,61905.35,RETIRED,N,2025-03-22
109598,VERIFIED,MEDIUM,27324.88,PROFESSIONAL,N,2025-04-10
109599,VERIFIED,LOW,58807.45,SALARIED,N,2026-06-22
109600,VERIFIED,HIGH,190282.32,SALARIED,N,2026-01-29
109601,VERIFIED,LOW,46178.78,SALARIED,N,2026-10-06
109602,VERIFIED,HIGH,70344.14,SELF_EMPLOYED,N,2026-05-18
109603,VERIFIED,MEDIUM,113814.78,SALARIED,N,2025-01-17
109604,EXPIRED,HIGH,262381.5,SALARIED,N,2025-07-19
109605,VERIFIED,LOW,56036.95,SELF_EMPLOYED,N,2026-06-15
109606,VERIFIED,LOW,29801.9,SELF_EMPLOYED,N,2025-08-31
109607,VERIFIED,LOW,102450.69,SALARIED,N,2025-10-23
109608,VERIFIED,MEDIUM,39027.64,SALARIED,N,2025-09-04
109609,VERIFIED,LOW,80174.13,SALARIED,N,2025-06-27
109610,VERIFIED,LOW,98117.14,SELF_EMPLOYED,N,2026-01-14
109611,VERIFIED,LOW,48455.92,SALARIED,Y,2025-02-22
109612,PENDING,MEDIUM,55445.6,SALARIED,N,2026-05-14
109613,VERIFIED,MEDIUM,112700.88,SALARIED,N,2025-03-03
109614,VERIFIED,LOW,134618.6,SELF_EMPLOYED,N,2025-04-05
109615,VERIFIED,MEDIUM,68100.47,SALARIED,N,2026-04-08
109616,VERIFIED,LOW,73835.33,SALARIED,N,2025-01-10
109617,VERIFIED,HIGH,31870.68,SALARIED,N,2025-08-21
109618,VERIFIED,MEDIUM,71449.77,PROFESSIONAL,N,2026-04-28
109619,VERIFIED,LOW,51299.08,RETIRED,N,2025-07-19
109620,VERIFIED,LOW,69642.14,SALARIED,N,2025-08-12
109621,VERIFIED,LOW,166348.39,SALARIED,N,2026-09-13
109622,VERIFIED,MEDIUM,31824.63,SELF_EMPLOYED,N,2025-12-07
109623,VERIFIED,HIGH,142056.11,RETIRED,N,2025-09-11
109624,VERIFIED,LOW,75100.88,PROFESSIONAL,N,2026-03-08
109625,VERIFIED,LOW,65022.43,SALARIED,N,2025-12-20
109626,VERIFIED,LOW,37621.2,SALARIED,N,2026-10-08
109627,VERIFIED,LOW,79355.52,SALARIED,N,2025-06-19
109628,VERIFIED,HIGH,271428.95,SALARIED,N,2026-05-13
109629,VERIFIED,HIGH,12633.16,SELF_EMPLOYED,N,2025-11-02
109630,VERIFIED,LOW,18562.7,PROFESSIONAL,N,2025-08-01
109631,PENDING,LOW,58988.01,SALARIED,N,2025-08-29
109632,VERIFIED,LOW,81842.8,SALARIED,N,2025-04-30
109633,VERIFIED,LOW,121867.92,SALARIED,N,2026-05-24
109634,VERIFIED,MEDIUM,88775.96,STUDENT,N,2025-12-16
109635,VERIFIED,LOW,22847.83,SALARIED,N,2026-04-07
109636,VERIFIED,MEDIUM,98762.41,SALARIED,N,2025-11-22
109637,VERIFIED,LOW,59150.71,STUDENT,N,2026-08-01
109638,VERIFIED,LOW,117648.04,SELF_EMPLOYED,N,2025-03-22
109639,VERIFIED,MEDIUM,41518.56,SALARIED,N,2025-09-16
109640,VERIFIED,LOW,24448.09,PROFESSIONAL,N,2025-10-25
109641,VERIFIED,MEDIUM,49356.42,SELF_EMPLOYED,N,2026-09-16
109642,VERIFIED,MEDIUM,91050.82,PROFESSIONAL,N,2026-09-19
109643,VERIFIED,LOW,84873.75,SELF_EMPLOYED,N,2026-02-04
109644,VERIFIED,LOW,66901.79,STUDENT,N,2025-12-18
109645,VERIFIED,LOW,44466.18,PROFESSIONAL,N,2025-04-19
109646,VERIFIED,MEDIUM,60731.88,SELF_EMPLOYED,N,2026-10-07
109647,VERIFIED,LOW,173362.83,STUDENT,N,2025-09-06
109648,VERIFIED,LOW,347629.98,SALARIED,N,2025-05-09
109649,VERIFIED,LOW,87258.22,SALARIED,N,2025-01-17
109650,VERIFIED,MEDIUM,128844.33,SALARIED,N,2026-01-08
109651,VERIFIED,LOW,41241.75,SALARIED,N,2025-03-22
109652,VERIFIED,LOW,159472.7,SALARIED,N,2025-03-06
109653,VERIFIED,LOW,52734.19,SALARIED,N,2025-05-28
109654,VERIFIED,LOW,29044.77,SELF_EMPLOYED,N,2026-04-29
109655,VERIFIED,MEDIUM,139941.97,RETIRED,N,2026-02-25
109656,VERIFIED,MEDIUM,70141.36,SALARIED,N,2025-07-10
109657,VERIFIED,MEDIUM,163726.88,SALARIED,N,2026-09-03
109658,EXPIRED,LOW,113225.67,RETIRED,N,2026-09-15
109659,VERIFIED,HIGH,28541.85,SALARIED,N,2025-03-19
109660,PENDING,LOW,74607.31,SALARIED,N,2025-01-17
109661,VERIFIED,MEDIUM,36941.13,RETIRED,N,2026-09-21
109662,VERIFIED,LOW,150461.56,SALARIED,N,2026-01-02
109663,VERIFIED,LOW,69984.74,STUDENT,N,2026-06-06
109664,VERIFIED,LOW,43136.7,SALARIED,N,2026-04-03
109665,VERIFIED,LOW,17683.36,SALARIED,N,2026-07-10
109666,VERIFIED,MEDIUM,141213.35,PROFESSIONAL,N,2025-10-08
109667,VERIFIED,MEDIUM,52959.21,RETIRED,N,2025-10-28
109668,VERIFIED,HIGH,55816.55,SALARIED,N,2026-09-20
109669,EXPIRED,MEDIUM,90624.28,SALARIED,N,2026-03-03
109670,VERIFIED,LOW,37239.03,SALARIED,N,2025-07-14
109671,VERIFIED,LOW,24666.44,SALARIED,N,2025-10-19
109672,VERIFIED,MEDIUM,75016.22,SALARIED,N,2025-01-16
109673,VERIFIED,LOW,36128.0,SALARIED,N,2026-10-11
109674,VERIFIED,LOW,62948.32,SELF_EMPLOYED,N,2026-03-21
109675,PENDING,LOW,37703.24,PROFESSIONAL,N,2025-11-22
109676,VERIFIED,MEDIUM,27350.69,RETIRED,N,2025-12-01
109677,VERIFIED,LOW,22767.75,SALARIED,Y,2026-10-10
109678,VERIFIED,LOW,70661.17,RETIRED,N,2026-01-31
109679,VERIFIED,MEDIUM,134959.15,SALARIED,N,2025-04-28
109680,VERIFIED,HIGH,124951.5,STUDENT,N,2025-12-26
109681,VERIFIED,MEDIUM,67248.9,PROFESSIONAL,N,2025-01-25
109682,VERIFIED,LOW,167057.51,SALARIED,N,2026-04-13
109683,VERIFIED,MEDIUM,46715.38,RETIRED,N,2026-04-04
109684,VERIFIED,LOW,112671.97,SALARIED,N,2025-11-04
109685,VERIFIED,LOW,48056.46,PROFESSIONAL,N,2026-05-25
109686,VERIFIED,MEDIUM,41281.23,SELF_EMPLOYED,N,2025-02-14
109687,VERIFIED,HIGH,112000.08,SALARIED,N,2025-02-25
109688,VERIFIED,LOW,87659.12,SALARIED,N,2025-02-07
109689,VERIFIED,LOW,99629.49,SALARIED,N,2025-12-02
109690,VERIFIED,LOW,25146.34,SALARIED,N,2025-01-20
109691,VERIFIED,LOW,129165.7,STUDENT,N,2025-06-08
109692,VERIFIED,MEDIUM,102760.42,SALARIED,N,2026-09-19
109693,VERIFIED,LOW,50927.86,SELF_EMPLOYED,N,2025-05-06
109694,VERIFIED,LOW,96657.58,SALARIED,N,2026-09-14
109695,VERIFIED,MEDIUM,134931.38,SALARIED,N,2026-05-28
109696,VERIFIED,MEDIUM,41013.08,SALARIED,N,2025-09-10
109697,EXPIRED,MEDIUM,41188.12,SALARIED,N,2026-04-19
109698,VERIFIED,LOW,54856.39,STUDENT,N,2026-03-13
109699,VERIFIED,HIGH,15616.43,SALARIED,N,2026-02-09
109700,VERIFIED,LOW,82007.52,SALARIED,N,2025-02-04
109701,VERIFIED,LOW,119615.87,STUDENT,N,2025-02-12
109702,VERIFIED,LOW,95850.28,STUDENT,N,2026-04-05
109703,VERIFIED,HIGH,90355.97,SELF_EMPLOYED,N,2025-09-04
109704,VERIFIED,LOW,128703.48,STUDENT,N,2025-10-24
109705,VERIFIED,HIGH,61997.39,RETIRED,N,2026-03-03
109706,EXPIRED,HIGH,23823.39,SALARIED,N,2025-11-21
109707,VERIFIED,MEDIUM,71979.1,SALARIED,N,2025-08-20
109708,PENDING,LOW,154184.91,SALARIED,N,2025-03-07
109709,VERIFIED,LOW,83683.9,SELF_EMPLOYED,N,2026-09-30
109710,VERIFIED,LOW,51961.16,PROFESSIONAL,Y,2025-09-12
109711,VERIFIED,LOW,110161.2,SALARIED,Y,2026-06-04
109712,PENDING,LOW,85048.74,SALARIED,N,2025-04-29
109713,VERIFIED,LOW,57511.31,SALARIED,N,2025-08-04
109714,VERIFIED,MEDIUM,71496.16,PROFESSIONAL,N,2025-01-05
109715,VERIFIED,HIGH,53836.31,SELF_EMPLOYED,N,2025-02-09
109716,VERIFIED,LOW,98680.51,SALARIED,N,2025-09-26
109717,VERIFIED,LOW,36866.82,SELF_EMPLOYED,N,2025-08-03
109718,VERIFIED,LOW,81999.54,SELF_EMPLOYED,N,2025-03-09
109719,EXPIRED,MEDIUM,116427.36,SALARIED,N,2025-05-27
109720,VERIFIED,LOW,77238.14,STUDENT,N,2025-05-01
109721,VERIFIED,LOW,77809.95,SALARIED,N,2026-05-10
109722,VERIFIED,LOW,69252.16,PROFESSIONAL,N,2025-07-20
109723,VERIFIED,MEDIUM,93665.85,SALARIED,N,2025-07-31
109724,VERIFIED,LOW,52390.04,SELF_EMPLOYED,N,2025-10-22
109725,VERIFIED,HIGH,60788.27,RETIRED,N,2025-05-02
109726,VERIFIED,HIGH,36840.41,SELF_EMPLOYED,N,2025-06-06
109727,VERIFIED,MEDIUM,55523.3,SELF_EMPLOYED,N,2025-05-14
109728,PENDING,LOW,17980.48,SELF_EMPLOYED,N,2026-09-12
109729,VERIFIED,HIGH,67409.84,SELF_EMPLOYED,N,2026-02-04
109730,VERIFIED,LOW,98755.76,PROFESSIONAL,N,2026-08-21
109731,VERIFIED,LOW,63351.41,PROFESSIONAL,N,2026-07-16
109732,VERIFIED,LOW,120425.25,PROFESSIONAL,N,2025-06-11
109733,EXPIRED,MEDIUM,157628.01,SALARIED,N,2025-01-30
109734,VERIFIED,LOW,65483.41,SALARIED,N,2025-10-19
109735,VERIFIED,LOW,34623.18,SALARIED,N,2025-08-23
109736,EXPIRED,HIGH,134517.88,SALARIED,N,2026-01-30
109737,VERIFIED,LOW,117947.12,PROFESSIONAL,N,2025-04-13
109738,PENDING,LOW,88593.74,SALARIED,N,2025-05-02
109739,VERIFIED,HIGH,47056.32,SALARIED,N,2025-05-15
109740,VERIFIED,MEDIUM,84597.44,SALARIED,N,2026-02-13
109741,PENDING,LOW,54044.65,SALARIED,N,2025-04-25
109742,VERIFIED,LOW,41072.67,SALARIED,N,2025-10-01
109743,VERIFIED,LOW,83571.05,SALARIED,N,2025-06-19
109744,VERIFIED,LOW,35152.13,SELF_EMPLOYED,N,2025-01-21
109745,VERIFIED,LOW,108154.76,STUDENT,N,2025-04-25
109746,VERIFIED,LOW,79460.5,SELF_EMPLOYED,N,2025-06-16
109747,VERIFIED,MEDIUM,61545.9,SELF_EMPLOYED,N,2026-06-14
109748,VERIFIED,LOW,64406.23,SELF_EMPLOYED,N,2025-04-30
109749,VERIFIED,LOW,32939.91,RETIRED,N,2026-01-14
109750,VERIFIED,LOW,34250.08,SELF_EMPLOYED,N,2026-06-19
109751,VERIFIED,LOW,204095.75,SALARIED,N,2026-09-21
109752,VERIFIED,LOW,59988.69,SALARIED,N,2025-11-20
109753,VERIFIED,MEDIUM,26223.63,SALARIED,N,2025-01-25
109754,VERIFIED,HIGH,120215.29,SALARIED,N,2025-04-28
109755,VERIFIED,LOW,34002.25,PROFESSIONAL,N,2025-12-23
109756,PENDING,LOW,96258.92,SALARIED,N,2026-01-05
109757,VERIFIED,MEDIUM,172511.71,SALARIED,N,2026-09-28
109758,VERIFIED,LOW,57462.29,SALARIED,N,2025-10-11
109759,VERIFIED,LOW,140440.23,SALARIED,N,2025-10-11
109760,VERIFIED,MEDIUM,106616.59,SALARIED,N,2025-10-05
109761,VERIFIED,LOW,183989.59,SELF_EMPLOYED,N,2025-06-30
109762,VERIFIED,LOW,96586.99,SALARIED,N,2025-05-11
109763,VERIFIED,LOW,46928.19,SALARIED,N,2026-09-01
109764,VERIFIED,LOW,17086.79,PROFESSIONAL,N,2026-02-20
109765,VERIFIED,LOW,39543.72,STUDENT,N,2026-07-14
109766,VERIFIED,LOW,47741.32,SALARIED,N,2026-06-18
109767,VERIFIED,LOW,126150.7,SALARIED,N,2026-07-24
109768,VERIFIED,LOW,145685.7,SALARIED,N,2025-11-12
109769,VERIFIED,LOW,32454.1,SALARIED,N,2025-07-07
109770,VERIFIED,LOW,146517.22,SALARIED,N,2025-04-07
109771,VERIFIED,LOW,40026.19,PROFESSIONAL,N,2026-06-24
109772,VERIFIED,LOW,38496.19,SALARIED,N,2025-06-20
109773,VERIFIED,MEDIUM,26921.01,SALARIED,N,2026-07-04
109774,VERIFIED,LOW,82416.72,SELF_EMPLOYED,N,2025-07-24
109775,VERIFIED,MEDIUM,45220.4,PROFESSIONAL,N,2025-04-03
109776,VERIFIED,HIGH,155354.07,SALARIED,N,2026-07-29
109777,VERIFIED,LOW,36670.2,SALARIED,N,2025-08-18
109778,VERIFIED,LOW,106503.6,SALARIED,N,2026-02-10
109779,VERIFIED,LOW,30091.13,RETIRED,N,2025-09-23
109780,VERIFIED,MEDIUM,129407.53,RETIRED,N,2026-08-26
109781,VERIFIED,HIGH,71405.35,PROFESSIONAL,N,2025-05-04
109782,VERIFIED,LOW,80051.6,SALARIED,N,2025-07-29
109783,VERIFIED,HIGH,52419.22,SALARIED,N,2026-05-20
109784,VERIFIED,MEDIUM,50524.26,SALARIED,N,2026-07-22
109785,PENDING,LOW,91391.03,SALARIED,N,2026-01-14
109786,PENDING,MEDIUM,214385.27,SALARIED,N,2026-05-30
109787,VERIFIED,LOW,33447.08,SALARIED,N,2026-02-04
109788,VERIFIED,LOW,53028.6,RETIRED,N,2026-09-09
109789,VERIFIED,MEDIUM,44436.21,SELF_EMPLOYED,N,2026-09-17
109790,VERIFIED,MEDIUM,24769.25,SALARIED,N,2025-06-07
109791,VERIFIED,LOW,24567.41,SALARIED,N,2025-08-14
109792,VERIFIED,LOW,41104.11,STUDENT,N,2026-09-08
109793,VERIFIED,LOW,51156.47,PROFESSIONAL,N,2025-07-06
109794,VERIFIED,LOW,166118.91,SALARIED,N,2026-03-05
109795,VERIFIED,LOW,125876.0,STUDENT,N,2026-10-09
109796,VERIFIED,LOW,38821.53,SALARIED,N,2026-04-23
109797,VERIFIED,LOW,109354.01,PROFESSIONAL,N,2026-03-01
109798,VERIFIED,LOW,39356.84,SELF_EMPLOYED,N,2025-05-01
109799,VERIFIED,LOW,62499.59,SELF_EMPLOYED,N,2025-05-20
109800,VERIFIED,MEDIUM,81671.42,SALARIED,N,2025-05-21
109801,VERIFIED,MEDIUM,260798.21,SALARIED,N,2025-02-20
109802,VERIFIED,LOW,78804.57,SALARIED,N,2026-10-09
109803,VERIFIED,MEDIUM,25318.65,SALARIED,N,2026-06-27
109804,VERIFIED,LOW,107336.88,SALARIED,N,2026-05-25
109805,EXPIRED,LOW,138576.0,SELF_EMPLOYED,N,2026-05-18
109806,VERIFIED,MEDIUM,117898.96,SALARIED,N,2026-08-01
109807,VERIFIED,LOW,34674.27,SALARIED,N,2026-04-06
109808,PENDING,LOW,71740.72,SALARIED,N,2025-06-20
109809,VERIFIED,MEDIUM,65404.84,SELF_EMPLOYED,N,2025-06-02
109810,VERIFIED,LOW,209020.06,SALARIED,N,2025-11-18
109811,VERIFIED,MEDIUM,98802.88,SALARIED,N,2025-05-09
109812,VERIFIED,HIGH,201968.04,SALARIED,N,2025-12-11
109813,VERIFIED,LOW,41727.74,SALARIED,N,2026-04-21
109814,VERIFIED,MEDIUM,57476.39,STUDENT,N,2025-06-23
109815,VERIFIED,MEDIUM,46657.17,SALARIED,N,2025-05-23
109816,VERIFIED,MEDIUM,125011.12,SELF_EMPLOYED,N,2025-04-04
109817,VERIFIED,LOW,138791.88,STUDENT,N,2025-12-24
109818,VERIFIED,LOW,85307.76,SALARIED,N,2025-05-01
109819,VERIFIED,LOW,70375.59,SELF_EMPLOYED,N,2026-08-19
109820,VERIFIED,LOW,86819.04,SALARIED,N,2025-07-27
109821,VERIFIED,LOW,26939.41,STUDENT,N,2026-05-31
109822,VERIFIED,LOW,50650.56,SALARIED,N,2025-10-02
109823,VERIFIED,LOW,53367.19,SALARIED,N,2026-07-05
109824,VERIFIED,LOW,65588.96,SALARIED,N,2025-01-13
109825,VERIFIED,LOW,43312.44,RETIRED,N,2025-05-25
109826,VERIFIED,LOW,38099.23,SALARIED,N,2025-11-07
109827,VERIFIED,LOW,23419.02,STUDENT,N,2025-12-17
109828,VERIFIED,LOW,87627.68,STUDENT,N,2025-12-10
109829,VERIFIED,LOW,27129.6,STUDENT,N,2026-03-24
109830,VERIFIED,LOW,126709.31,SALARIED,N,2025-11-05
109831,VERIFIED,LOW,81679.5,SELF_EMPLOYED,N,2026-05-21
109832,VERIFIED,LOW,117733.67,SALARIED,N,2026-01-21
109833,VERIFIED,LOW,37062.19,SALARIED,N,2026-08-13
109834,VERIFIED,LOW,222228.61,SALARIED,N,2025-02-28
109835,VERIFIED,LOW,280073.18,RETIRED,N,2026-03-28
109836,VERIFIED,LOW,67476.2,SALARIED,N,2026-07-27
109837,VERIFIED,HIGH,85453.2,STUDENT,N,2025-02-13
109838,VERIFIED,MEDIUM,65623.07,SALARIED,N,2025-06-01
109839,PENDING,MEDIUM,127358.46,PROFESSIONAL,N,2025-06-05
109840,VERIFIED,LOW,110772.31,PROFESSIONAL,N,2025-10-12
109841,VERIFIED,LOW,20868.75,SALARIED,N,2025-12-01
109842,VERIFIED,MEDIUM,38664.92,SELF_EMPLOYED,N,2026-07-11
109843,VERIFIED,LOW,85415.98,SALARIED,N,2025-09-07
109844,VERIFIED,MEDIUM,109416.52,SALARIED,N,2026-04-11
109845,VERIFIED,LOW,72917.63,SELF_EMPLOYED,N,2026-06-30
109846,VERIFIED,LOW,21963.53,SELF_EMPLOYED,N,2026-04-15
109847,VERIFIED,MEDIUM,95013.76,SELF_EMPLOYED,N,2026-08-20
109848,VERIFIED,LOW,216674.12,PROFESSIONAL,N,2026-06-05
109849,VERIFIED,LOW,14876.2,SELF_EMPLOYED,N,2025-08-30
109850,VERIFIED,LOW,121849.34,SALARIED,N,2026-09-21
109851,PENDING,LOW,217697.4,RETIRED,N,2026-09-07
109852,PENDING,LOW,122187.21,RETIRED,N,2025-01-27
109853,VERIFIED,LOW,62789.19,SALARIED,N,2026-09-19
109854,VERIFIED,LOW,118535.76,RETIRED,N,2026-10-11
109855,VERIFIED,LOW,62548.66,RETIRED,N,2026-07-06
109856,VERIFIED,LOW,94119.4,PROFESSIONAL,N,2026-08-31
109857,VERIFIED,LOW,69853.9,PROFESSIONAL,N,2026-06-25
109858,VERIFIED,LOW,71135.61,SALARIED,N,2025-04-03
109859,VERIFIED,LOW,40327.24,SALARIED,N,2025-01-21
109860,VERIFIED,LOW,48964.03,SALARIED,N,2025-07-11
109861,VERIFIED,MEDIUM,190243.66,SALARIED,N,2025-01-24
109862,VERIFIED,LOW,44228.31,PROFESSIONAL,N,2026-03-05
109863,VERIFIED,LOW,18559.66,SALARIED,N,2026-07-15
109864,VERIFIED,LOW,650180.63,SALARIED,N,2026-07-27
109865,VERIFIED,LOW,49823.31,SALARIED,N,2025-03-04
109866,VERIFIED,LOW,55573.42,SALARIED,N,2025-12-19
109867,VERIFIED,MEDIUM,50952.75,STUDENT,N,2025-12-11
109868,VERIFIED,LOW,66859.92,PROFESSIONAL,N,2025-11-30
109869,VERIFIED,LOW,40399.13,SALARIED,N,2026-08-09
109870,VERIFIED,LOW,174230.9,SELF_EMPLOYED,N,2025-03-19
109871,PENDING,LOW,58120.38,SELF_EMPLOYED,N,2025-02-16
109872,PENDING,LOW,33536.68,SELF_EMPLOYED,N,2026-04-16
109873,VERIFIED,HIGH,10252.91,SALARIED,N,2026-01-30
109874,VERIFIED,LOW,134816.33,SALARIED,N,2025-11-21
109875,VERIFIED,LOW,49689.49,SALARIED,N,2025-04-28
109876,VERIFIED,LOW,84474.21,SELF_EMPLOYED,N,2025-03-09
109877,VERIFIED,LOW,36175.82,SALARIED,N,2026-02-13
109878,VERIFIED,LOW,70331.15,SELF_EMPLOYED,N,2026-08-17
109879,VERIFIED,MEDIUM,65008.16,SELF_EMPLOYED,N,2026-09-10
109880,EXPIRED,LOW,120399.5,SELF_EMPLOYED,N,2025-06-04
109881,VERIFIED,HIGH,73688.72,SELF_EMPLOYED,N,2026-01-14
109882,VERIFIED,LOW,31891.83,SALARIED,N,2025-12-13
109883,VERIFIED,LOW,315393.34,SELF_EMPLOYED,N,2026-09-10
109884,VERIFIED,MEDIUM,87769.32,SALARIED,N,2026-06-27
109885,VERIFIED,LOW,35804.44,SALARIED,N,2025-03-22
109886,VERIFIED,LOW,74826.25,PROFESSIONAL,N,2026-03-15
109887,VERIFIED,LOW,85323.41,PROFESSIONAL,N,2026-06-15
109888,VERIFIED,LOW,90641.11,PROFESSIONAL,N,2025-06-02
109889,VERIFIED,MEDIUM,83795.77,SALARIED,N,2025-08-15
109890,VERIFIED,LOW,77611.92,PROFESSIONAL,N,2026-10-12
109891,VERIFIED,LOW,120150.48,SALARIED,N,2025-08-30
109892,VERIFIED,LOW,106203.69,SALARIED,N,2025-03-02
109893,VERIFIED,HIGH,107494.93,SALARIED,N,2026-09-26
109894,VERIFIED,MEDIUM,20852.69,SELF_EMPLOYED,N,2026-06-08
109895,VERIFIED,LOW,21433.35,SALARIED,N,2025-02-08
109896,PENDING,MEDIUM,39514.57,SALARIED,N,2025-10-29
109897,VERIFIED,LOW,56303.66,SALARIED,N,2026-05-06
109898,VERIFIED,LOW,40377.82,SALARIED,N,2025-02-16
109899,VERIFIED,MEDIUM,34191.31,SALARIED,N,2025-10-14
109900,VERIFIED,LOW,77286.02,SELF_EMPLOYED,N,2025-06-07
109901,VERIFIED,MEDIUM,37521.9,SALARIED,N,2025-03-24
109902,VERIFIED,LOW,13872.91,SELF_EMPLOYED,N,2025-02-24
109903,PENDING,MEDIUM,27368.59,SALARIED,N,2025-12-31
109904,VERIFIED,LOW,44518.61,SALARIED,N,2025-05-15
109905,VERIFIED,LOW,55945.21,SALARIED,N,2026-04-17
109906,PENDING,LOW,118675.66,SALARIED,N,2026-07-30
109907,VERIFIED,LOW,87768.01,STUDENT,N,2025-11-28
109908,VERIFIED,MEDIUM,17972.95,SALARIED,N,2025-07-10
109909,VERIFIED,MEDIUM,170105.68,PROFESSIONAL,N,2025-05-11
109910,VERIFIED,LOW,58130.27,SALARIED,N,2026-02-02
109911,VERIFIED,LOW,69213.83,SALARIED,N,2026-04-05
109912,VERIFIED,LOW,71596.33,SALARIED,N,2025-05-10
109913,VERIFIED,LOW,38015.8,SALARIED,N,2025-08-12
109914,VERIFIED,LOW,95437.17,STUDENT,N,2025-06-09
109915,VERIFIED,LOW,18650.08,SELF_EMPLOYED,N,2026-05-27
109916,VERIFIED,MEDIUM,158113.52,SELF_EMPLOYED,N,2025-08-18
109917,VERIFIED,LOW,74749.23,SALARIED,N,2026-02-15
109918,VERIFIED,LOW,83792.91,SALARIED,N,2026-09-09
109919,VERIFIED,MEDIUM,93181.26,SELF_EMPLOYED,N,2025-06-23
109920,VERIFIED,LOW,49665.11,SELF_EMPLOYED,N,2025-05-18
109921,VERIFIED,LOW,151183.69,SALARIED,N,2025-08-24
109922,VERIFIED,LOW,41299.69,SELF_EMPLOYED,N,2026-03-04
109923,VERIFIED,HIGH,34531.26,SELF_EMPLOYED,N,2025-09-10
109924,VERIFIED,MEDIUM,72900.94,SALARIED,N,2025-08-31
109925,VERIFIED,LOW,27022.98,SALARIED,N,2026-07-12
109926,EXPIRED,MEDIUM,45793.97,PROFESSIONAL,N,2025-04-03
109927,VERIFIED,LOW,78393.96,SALARIED,N,2026-01-23
109928,VERIFIED,MEDIUM,106700.68,SALARIED,N,2025-12-27
109929,VERIFIED,MEDIUM,64581.18,PROFESSIONAL,N,2025-09-30
109930,VERIFIED,LOW,36762.2,RETIRED,N,2025-08-31
109931,VERIFIED,LOW,53147.07,SALARIED,N,2026-02-28
109932,VERIFIED,LOW,42862.83,SALARIED,N,2026-07-22
109933,VERIFIED,MEDIUM,62101.62,SALARIED,N,2025-02-18
109934,VERIFIED,LOW,44215.66,SALARIED,N,2026-08-25
109935,VERIFIED,LOW,35057.65,SALARIED,N,2025-01-08
109936,VERIFIED,HIGH,32332.3,PROFESSIONAL,N,2026-01-06
109937,VERIFIED,LOW,20031.92,STUDENT,N,2025-09-15
109938,VERIFIED,LOW,133629.65,SALARIED,N,2025-07-10
109939,VERIFIED,LOW,105373.22,STUDENT,N,2026-06-06
109940,VERIFIED,HIGH,29776.23,SALARIED,N,2025-12-12
109941,VERIFIED,MEDIUM,101012.14,SALARIED,N,2025-05-24
109942,VERIFIED,MEDIUM,68019.34,STUDENT,N,2026-07-30
109943,VERIFIED,LOW,28572.96,SALARIED,N,2025-08-10
109944,VERIFIED,LOW,33428.84,SALARIED,N,2026-03-15
109945,VERIFIED,LOW,60061.15,SALARIED,N,2025-04-01
109946,VERIFIED,MEDIUM,107126.78,SALARIED,N,2025-02-26
109947,VERIFIED,LOW,97361.66,STUDENT,N,2026-01-25
109948,VERIFIED,LOW,46623.45,SALARIED,N,2025-02-11
109949,VERIFIED,LOW,89190.59,SALARIED,N,2026-09-09
109950,VERIFIED,MEDIUM,59531.53,RETIRED,N,2025-04-11
109951,VERIFIED,LOW,41039.96,SALARIED,N,2025-11-23
109952,VERIFIED,LOW,123543.91,STUDENT,N,2026-01-04
109953,VERIFIED,LOW,73221.03,SALARIED,N,2026-07-07
109954,VERIFIED,MEDIUM,92230.46,SALARIED,N,2025-04-20
109955,VERIFIED,LOW,32418.21,STUDENT,N,2026-08-27
109956,VERIFIED,LOW,47203.37,RETIRED,N,2025-06-15
109957,VERIFIED,LOW,112768.85,SALARIED,N,2026-09-18
109958,VERIFIED,MEDIUM,55135.52,SELF_EMPLOYED,N,2025-12-10
109959,VERIFIED,MEDIUM,57246.38,SALARIED,N,2025-06-24
109960,VERIFIED,LOW,33199.04,SALARIED,N,2026-01-03
109961,VERIFIED,LOW,75204.2,SALARIED,N,2026-05-07
109962,VERIFIED,MEDIUM,32811.97,SALARIED,N,2026-06-21
109963,VERIFIED,LOW,83931.25,SALARIED,N,2025-06-30
109964,PENDING,LOW,34705.05,STUDENT,N,2025-10-11
109965,VERIFIED,LOW,57750.62,SALARIED,N,2025-11-25
109966,EXPIRED,MEDIUM,184197.61,SALARIED,N,2026-05-21
109967,VERIFIED,MEDIUM,83931.54,SELF_EMPLOYED,N,2026-03-26
109968,VERIFIED,LOW,52828.39,SALARIED,N,2025-02-21
109969,VERIFIED,LOW,115489.58,SALARIED,N,2025-02-04
109970,VERIFIED,HIGH,41345.77,SELF_EMPLOYED,N,2025-12-19
109971,VERIFIED,LOW,34855.23,SALARIED,N,2026-06-05
109972,VERIFIED,LOW,52205.65,SALARIED,N,2025-10-07
109973,VERIFIED,HIGH,135149.83,RETIRED,N,2025-06-25
109974,VERIFIED,MEDIUM,130303.09,PROFESSIONAL,N,2026-08-25
109975,VERIFIED,LOW,47914.21,SALARIED,N,2025-06-18
109976,VERIFIED,MEDIUM,55019.22,STUDENT,N,2026-04-14
109977,VERIFIED,LOW,86960.19,STUDENT,N,2025-04-04
109978,VERIFIED,LOW,320716.4,SALARIED,N,2026-03-26
109979,VERIFIED,LOW,56702.08,STUDENT,Y,2025-10-26
109980,VERIFIED,MEDIUM,162534.62,SALARIED,N,2026-08-12
109981,VERIFIED,LOW,77820.19,STUDENT,N,2026-01-08
109982,VERIFIED,LOW,115222.79,SALARIED,N,2025-06-11
109983,VERIFIED,LOW,127876.49,SALARIED,N,2025-11-26
109984,VERIFIED,LOW,74189.89,SALARIED,N,2026-05-08
109985,VERIFIED,LOW,64963.55,SALARIED,N,2025-09-23
109986,VERIFIED,LOW,57833.66,SALARIED,N,2026-07-18
109987,VERIFIED,MEDIUM,83109.15,PROFESSIONAL,N,2026-07-06
109988,VERIFIED,LOW,143212.79,SALARIED,N,2026-10-08
109989,VERIFIED,MEDIUM,156337.65,SALARIED,N,2025-12-07
109990,EXPIRED,MEDIUM,145345.0,SELF_EMPLOYED,N,2025-10-06
109991,VERIFIED,LOW,48880.62,SELF_EMPLOYED,N,2025-08-13
109992,VERIFIED,LOW,45738.03,SALARIED,N,2026-03-09
109993,VERIFIED,LOW,38628.48,SALARIED,N,2025-12-18
109994,VERIFIED,LOW,73139.07,PROFESSIONAL,N,2025-05-03
109995,VERIFIED,LOW,121344.66,SALARIED,N,2026-08-21
109996,VERIFIED,LOW,45831.71,SALARIED,N,2025-12-30
109997,VERIFIED,LOW,58750.78,RETIRED,N,2025-10-06
109998,VERIFIED,MEDIUM,100743.42,SALARIED,N,2025-10-17
109999,VERIFIED,MEDIUM,53704.22,STUDENT,N,2025-07-21
110000,VERIFIED,LOW,58469.89,SALARIED,N,2025-03-31
