experiment_id,customer_id,experiment_group,assignment_date,eligible_flag
PAY_CONFIRM_V2,107646,TREATMENT,2026-03-12,Y
PAY_CONFIRM_V2,108130,CONTROL,2026-03-07,Y
PAY_CONFIRM_V2,101879,TREATMENT,2026-03-09,Y
PAY_CONFIRM_V2,102887,CONTROL,2026-03-11,Y
PAY_CONFIRM_V2,102349,CONTROL,2026-03-04,Y
PAY_CONFIRM_V2,100784,TREATMENT,2026-03-08,Y
PAY_CONFIRM_V2,102693,TREATMENT,2026-03-13,Y
PAY_CONFIRM_V2,108240,TREATMENT,2026-03-17,Y
PAY_CONFIRM_V2,100707,TREATMENT,2026-03-12,Y
PAY_CONFIRM_V2,108522,TREATMENT,2026-03-04,Y
PAY_CONFIRM_V2,100449,TREATMENT,2026-03-30,Y
PAY_CONFIRM_V2,102550,TREATMENT,2026-03-11,Y
PAY_CONFIRM_V2,100908,CONTROL,2026-03-07,Y
PAY_CONFIRM_V2,107730,CONTROL,2026-03-23,Y
PAY_CONFIRM_V2,104597,CONTROL,2026-03-15,Y
PAY_CONFIRM_V2,104538,CONTROL,2026-03-13,Y
PAY_CONFIRM_V2,106714,CONTROL,2026-03-16,Y
PAY_CONFIRM_V2,101776,CONTROL,2026-03-15,Y
PAY_CONFIRM_V2,100558,CONTROL,2026-03-26,Y
PAY_CONFIRM_V2,102627,TREATMENT,2026-03-25,Y
PAY_CONFIRM_V2,106752,TREATMENT,2026-03-17,Y
PAY_CONFIRM_V2,101577,TREATMENT,2026-03-03,Y
PAY_CONFIRM_V2,102985,CONTROL,2026-03-13,Y
PAY_CONFIRM_V2,108764,TREATMENT,2026-03-02,Y
PAY_CONFIRM_V2,108296,TREATMENT,2026-03-16,Y
PAY_CONFIRM_V2,100492,CONTROL,2026-03-21,Y
PAY_CONFIRM_V2,108755,TREATMENT,2026-03-19,Y
PAY_CONFIRM_V2,102573,CONTROL,2026-03-28,Y
PAY_CONFIRM_V2,100278,CONTROL,2026-03-26,Y
PAY_CONFIRM_V2,104723,CONTROL,2026-03-09,Y
PAY_CONFIRM_V2,107212,TREATMENT,2026-03-24,Y
PAY_CONFIRM_V2,106073,TREATMENT,2026-03-16,Y
PAY_CONFIRM_V2,100473,TREATMENT,2026-03-05,Y
PAY_CONFIRM_V2,104795,CONTROL,2026-03-14,Y
PAY_CONFIRM_V2,103951,TREATMENT,2026-03-03,Y
PAY_CONFIRM_V2,104778,CONTROL,2026-03-12,Y
PAY_CONFIRM_V2,105799,TREATMENT,2026-03-14,Y
PAY_CONFIRM_V2,109626,CONTROL,2026-03-05,Y
PAY_CONFIRM_V2,105109,CONTROL,2026-03-28,Y
PAY_CONFIRM_V2,100405,TREATMENT,2026-03-14,Y
PAY_CONFIRM_V2,105651,CONTROL,2026-03-11,Y
PAY_CONFIRM_V2,104228,TREATMENT,2026-03-27,Y
PAY_CONFIRM_V2,104231,CONTROL,2026-03-01,Y
PAY_CONFIRM_V2,106342,TREATMENT,2026-03-01,Y
PAY_CONFIRM_V2,106038,TREATMENT,2026-03-03,Y
PAY_CONFIRM_V2,100844,TREATMENT,2026-03-17,Y
PAY_CONFIRM_V2,107877,CONTROL,2026-03-30,Y
PAY_CONFIRM_V2,101101,TREATMENT,2026-03-28,Y
PAY_CONFIRM_V2,106218,CONTROL,2026-03-14,Y
PAY_CONFIRM_V2,104566,TREATMENT,2026-03-13,Y
PAY_CONFIRM_V2,106331,TREATMENT,2026-03-28,Y
PAY_CONFIRM_V2,107271,CONTROL,2026-03-02,Y
PAY_CONFIRM_V2,108021,TREATMENT,2026-03-10,Y
PAY_CONFIRM_V2,104734,TREATMENT,2026-03-04,Y
PAY_CONFIRM_V2,105853,CONTROL,2026-03-18,Y
PAY_CONFIRM_V2,103583,TREATMENT,2026-03-02,Y
PAY_CONFIRM_V2,109478,TREATMENT,2026-03-24,Y
PAY_CONFIRM_V2,102308,TREATMENT,2026-03-19,Y
PAY_CONFIRM_V2,109166,TREATMENT,2026-03-25,Y
PAY_CONFIRM_V2,106603,CONTROL,2026-03-17,Y
PAY_CONFIRM_V2,107172,CONTROL,2026-03-03,Y
PAY_CONFIRM_V2,100772,TREATMENT,2026-03-06,Y
PAY_CONFIRM_V2,108216,CONTROL,2026-03-25,Y
PAY_CONFIRM_V2,106969,TREATMENT,2026-03-03,Y
PAY_CONFIRM_V2,109755,TREATMENT,2026-03-30,Y
PAY_CONFIRM_V2,101175,TREATMENT,2026-03-24,Y
PAY_CONFIRM_V2,105824,CONTROL,2026-03-25,Y
PAY_CONFIRM_V2,105580,CONTROL,2026-03-24,Y
PAY_CONFIRM_V2,105052,TREATMENT,2026-03-22,Y
PAY_CONFIRM_V2,106348,TREATMENT,2026-03-29,Y
PAY_CONFIRM_V2,106177,TREATMENT,2026-03-05,Y
PAY_CONFIRM_V2,104951,TREATMENT,2026-03-04,Y
PAY_CONFIRM_V2,104024,TREATMENT,2026-03-28,Y
PAY_CONFIRM_V2,105666,TREATMENT,2026-03-04,Y
PAY_CONFIRM_V2,101134,CONTROL,2026-03-12,Y
PAY_CONFIRM_V2,103593,CONTROL,2026-03-02,Y
PAY_CONFIRM_V2,107253,TREATMENT,2026-03-28,Y
PAY_CONFIRM_V2,102532,CONTROL,2026-03-27,Y
PAY_CONFIRM_V2,102059,CONTROL,2026-03-27,Y
PAY_CONFIRM_V2,100136,TREATMENT,2026-03-18,Y
PAY_CONFIRM_V2,100395,CONTROL,2026-03-13,Y
PAY_CONFIRM_V2,107664,TREATMENT,2026-03-11,Y
PAY_CONFIRM_V2,102673,TREATMENT,2026-03-01,Y
PAY_CONFIRM_V2,104902,TREATMENT,2026-03-17,Y
PAY_CONFIRM_V2,107566,TREATMENT,2026-03-19,Y
PAY_CONFIRM_V2,105852,TREATMENT,2026-03-27,Y
PAY_CONFIRM_V2,108104,TREATMENT,2026-03-19,Y
PAY_CONFIRM_V2,109570,CONTROL,2026-03-29,Y
PAY_CONFIRM_V2,106261,TREATMENT,2026-03-17,Y
PAY_CONFIRM_V2,108813,CONTROL,2026-03-17,Y
PAY_CONFIRM_V2,107940,CONTROL,2026-03-14,Y
PAY_CONFIRM_V2,107174,TREATMENT,2026-03-21,Y
PAY_CONFIRM_V2,102566,CONTROL,2026-03-05,Y
PAY_CONFIRM_V2,100741,TREATMENT,2026-03-24,Y
PAY_CONFIRM_V2,106927,TREATMENT,2026-03-20,Y
PAY_CONFIRM_V2,103728,TREATMENT,2026-03-29,Y
PAY_CONFIRM_V2,106616,CONTROL,2026-03-22,Y
PAY_CONFIRM_V2,101470,CONTROL,2026-03-21,Y
PAY_CONFIRM_V2,109198,TREATMENT,2026-03-14,Y
PAY_CONFIRM_V2,105586,TREATMENT,2026-03-06,Y
PAY_CONFIRM_V2,105253,CONTROL,2026-03-19,Y
PAY_CONFIRM_V2,107763,CONTROL,2026-03-14,Y
PAY_CONFIRM_V2,105296,TREATMENT,2026-03-22,Y
PAY_CONFIRM_V2,102104,TREATMENT,2026-03-15,Y
PAY_CONFIRM_V2,107525,CONTROL,2026-03-20,Y
PAY_CONFIRM_V2,101966,CONTROL,2026-03-11,Y
PAY_CONFIRM_V2,108534,CONTROL,2026-03-21,Y
PAY_CONFIRM_V2,108597,CONTROL,2026-03-02,Y
PAY_CONFIRM_V2,101091,TREATMENT,2026-03-03,Y
PAY_CONFIRM_V2,100956,TREATMENT,2026-03-05,Y
PAY_CONFIRM_V2,101918,TREATMENT,2026-03-02,Y
PAY_CONFIRM_V2,106029,CONTROL,2026-03-04,Y
PAY_CONFIRM_V2,102401,TREATMENT,2026-03-10,Y
PAY_CONFIRM_V2,107843,CONTROL,2026-03-14,Y
PAY_CONFIRM_V2,108796,TREATMENT,2026-03-05,Y
PAY_CONFIRM_V2,107086,CONTROL,2026-03-12,Y
PAY_CONFIRM_V2,106175,CONTROL,2026-03-10,Y
PAY_CONFIRM_V2,102427,TREATMENT,2026-03-02,Y
PAY_CONFIRM_V2,107197,CONTROL,2026-03-27,Y
PAY_CONFIRM_V2,108170,CONTROL,2026-03-14,Y
PAY_CONFIRM_V2,107543,TREATMENT,2026-03-02,Y
PAY_CONFIRM_V2,109297,CONTROL,2026-03-22,Y
PAY_CONFIRM_V2,107765,CONTROL,2026-03-19,Y
PAY_CONFIRM_V2,103569,CONTROL,2026-03-28,Y
PAY_CONFIRM_V2,108322,CONTROL,2026-03-08,Y
PAY_CONFIRM_V2,108506,TREATMENT,2026-03-17,Y
PAY_CONFIRM_V2,104389,TREATMENT,2026-03-07,Y
PAY_CONFIRM_V2,108196,TREATMENT,2026-03-09,Y
PAY_CONFIRM_V2,106980,TREATMENT,2026-03-01,Y
PAY_CONFIRM_V2,101288,TREATMENT,2026-03-12,Y
PAY_CONFIRM_V2,104260,TREATMENT,2026-03-02,Y
PAY_CONFIRM_V2,100788,CONTROL,2026-03-26,Y
PAY_CONFIRM_V2,108079,CONTROL,2026-03-04,Y
PAY_CONFIRM_V2,108184,CONTROL,2026-03-22,Y
PAY_CONFIRM_V2,104415,CONTROL,2026-03-03,Y
PAY_CONFIRM_V2,105290,CONTROL,2026-03-09,Y
PAY_CONFIRM_V2,108934,TREATMENT,2026-03-14,Y
PAY_CONFIRM_V2,107665,TREATMENT,2026-03-03,Y
PAY_CONFIRM_V2,103590,TREATMENT,2026-03-28,Y
PAY_CONFIRM_V2,109958,CONTROL,2026-03-14,Y
PAY_CONFIRM_V2,106885,CONTROL,2026-03-12,Y
PAY_CONFIRM_V2,108758,TREATMENT,2026-03-28,Y
PAY_CONFIRM_V2,103926,CONTROL,2026-03-10,Y
PAY_CONFIRM_V2,105002,CONTROL,2026-03-25,Y
PAY_CONFIRM_V2,101912,CONTROL,2026-03-21,Y
PAY_CONFIRM_V2,103162,CONTROL,2026-03-28,Y
PAY_CONFIRM_V2,104676,TREATMENT,2026-03-25,Y
PAY_CONFIRM_V2,103355,CONTROL,2026-03-03,Y
PAY_CONFIRM_V2,109780,CONTROL,2026-03-30,Y
PAY_CONFIRM_V2,103529,CONTROL,2026-03-21,Y
PAY_CONFIRM_V2,101588,TREATMENT,2026-03-12,Y
PAY_CONFIRM_V2,104127,CONTROL,2026-03-10,Y
PAY_CONFIRM_V2,102992,TREATMENT,2026-03-08,Y
PAY_CONFIRM_V2,103867,CONTROL,2026-03-25,Y
PAY_CONFIRM_V2,100262,CONTROL,2026-03-20,Y
PAY_CONFIRM_V2,103930,TREATMENT,2026-03-22,Y
PAY_CONFIRM_V2,106300,CONTROL,2026-03-26,Y
PAY_CONFIRM_V2,101639,TREATMENT,2026-03-08,Y
PAY_CONFIRM_V2,105567,CONTROL,2026-03-13,Y
PAY_CONFIRM_V2,102110,TREATMENT,2026-03-30,Y
PAY_CONFIRM_V2,102886,CONTROL,2026-03-19,Y
PAY_CONFIRM_V2,100656,TREATMENT,2026-03-14,Y
PAY_CONFIRM_V2,109725,TREATMENT,2026-03-30,Y
PAY_CONFIRM_V2,100520,TREATMENT,2026-03-01,Y
PAY_CONFIRM_V2,105818,TREATMENT,2026-03-05,Y
PAY_CONFIRM_V2,106727,CONTROL,2026-03-08,Y
PAY_CONFIRM_V2,100940,CONTROL,2026-03-22,Y
PAY_CONFIRM_V2,101212,TREATMENT,2026-03-19,Y
PAY_CONFIRM_V2,100384,TREATMENT,2026-03-01,Y
PAY_CONFIRM_V2,102908,CONTROL,2026-03-28,Y
PAY_CONFIRM_V2,109974,TREATMENT,2026-03-02,Y
PAY_CONFIRM_V2,101431,TREATMENT,2026-03-08,Y
PAY_CONFIRM_V2,100734,TREATMENT,2026-03-22,Y
PAY_CONFIRM_V2,107151,TREATMENT,2026-03-23,Y
PAY_CONFIRM_V2,104818,TREATMENT,2026-03-05,Y
PAY_CONFIRM_V2,104107,CONTROL,2026-03-29,Y
PAY_CONFIRM_V2,109007,TREATMENT,2026-03-18,Y
PAY_CONFIRM_V2,103105,CONTROL,2026-03-18,Y
PAY_CONFIRM_V2,106366,TREATMENT,2026-03-19,Y
PAY_CONFIRM_V2,101823,CONTROL,2026-03-30,Y
PAY_CONFIRM_V2,101507,TREATMENT,2026-03-01,Y
PAY_CONFIRM_V2,106416,TREATMENT,2026-03-24,Y
PAY_CONFIRM_V2,100773,CONTROL,2026-03-03,Y
PAY_CONFIRM_V2,104952,TREATMENT,2026-03-27,Y
PAY_CONFIRM_V2,102762,TREATMENT,2026-03-20,Y
PAY_CONFIRM_V2,106707,CONTROL,2026-03-28,Y
PAY_CONFIRM_V2,107400,TREATMENT,2026-03-03,Y
PAY_CONFIRM_V2,102972,CONTROL,2026-03-13,Y
PAY_CONFIRM_V2,103873,CONTROL,2026-03-09,Y
PAY_CONFIRM_V2,101294,TREATMENT,2026-03-01,Y
PAY_CONFIRM_V2,103853,TREATMENT,2026-03-07,Y
PAY_CONFIRM_V2,103727,CONTROL,2026-03-06,Y
PAY_CONFIRM_V2,102045,CONTROL,2026-03-01,Y
PAY_CONFIRM_V2,109551,CONTROL,2026-03-15,Y
PAY_CONFIRM_V2,109798,CONTROL,2026-03-21,Y
PAY_CONFIRM_V2,102062,CONTROL,2026-03-20,Y
PAY_CONFIRM_V2,104582,TREATMENT,2026-03-26,Y
PAY_CONFIRM_V2,102539,CONTROL,2026-03-24,Y
PAY_CONFIRM_V2,103452,TREATMENT,2026-03-17,Y
PAY_CONFIRM_V2,104341,TREATMENT,2026-03-24,Y
PAY_CONFIRM_V2,109026,TREATMENT,2026-03-08,Y
PAY_CONFIRM_V2,103112,CONTROL,2026-03-13,Y
PAY_CONFIRM_V2,103665,TREATMENT,2026-03-13,Y
PAY_CONFIRM_V2,107913,CONTROL,2026-03-19,Y
PAY_CONFIRM_V2,106211,TREATMENT,2026-03-30,Y
PAY_CONFIRM_V2,103820,TREATMENT,2026-03-02,Y
PAY_CONFIRM_V2,103394,CONTROL,2026-03-24,Y
PAY_CONFIRM_V2,107009,CONTROL,2026-03-10,Y
PAY_CONFIRM_V2,104176,TREATMENT,2026-03-29,Y
PAY_CONFIRM_V2,101141,CONTROL,2026-03-29,Y
PAY_CONFIRM_V2,104096,CONTROL,2026-03-12,Y
PAY_CONFIRM_V2,107290,CONTROL,2026-03-23,Y
PAY_CONFIRM_V2,107944,CONTROL,2026-03-22,Y
PAY_CONFIRM_V2,102088,CONTROL,2026-03-20,Y
PAY_CONFIRM_V2,105385,CONTROL,2026-03-16,Y
PAY_CONFIRM_V2,107697,CONTROL,2026-03-17,Y
PAY_CONFIRM_V2,101943,TREATMENT,2026-03-03,Y
PAY_CONFIRM_V2,100116,TREATMENT,2026-03-16,Y
PAY_CONFIRM_V2,100052,CONTROL,2026-03-15,Y
PAY_CONFIRM_V2,108340,TREATMENT,2026-03-04,Y
PAY_CONFIRM_V2,105227,CONTROL,2026-03-18,Y
PAY_CONFIRM_V2,103973,TREATMENT,2026-03-24,Y
PAY_CONFIRM_V2,103933,TREATMENT,2026-03-29,Y
PAY_CONFIRM_V2,107879,CONTROL,2026-03-30,Y
PAY_CONFIRM_V2,103286,CONTROL,2026-03-23,Y
PAY_CONFIRM_V2,103683,TREATMENT,2026-03-15,Y
PAY_CONFIRM_V2,100268,TREATMENT,2026-03-05,Y
PAY_CONFIRM_V2,109560,CONTROL,2026-03-15,Y
PAY_CONFIRM_V2,100099,TREATMENT,2026-03-22,Y
PAY_CONFIRM_V2,108787,TREATMENT,2026-03-04,Y
PAY_CONFIRM_V2,107249,TREATMENT,2026-03-25,Y
PAY_CONFIRM_V2,103354,CONTROL,2026-03-22,Y
PAY_CONFIRM_V2,100352,TREATMENT,2026-03-08,Y
PAY_CONFIRM_V2,103606,CONTROL,2026-03-13,Y
PAY_CONFIRM_V2,106973,TREATMENT,2026-03-29,Y
PAY_CONFIRM_V2,104457,CONTROL,2026-03-07,Y
PAY_CONFIRM_V2,101662,CONTROL,2026-03-22,Y
PAY_CONFIRM_V2,105664,TREATMENT,2026-03-18,Y
PAY_CONFIRM_V2,101469,TREATMENT,2026-03-05,Y
PAY_CONFIRM_V2,106656,TREATMENT,2026-03-28,Y
PAY_CONFIRM_V2,104361,CONTROL,2026-03-29,Y
PAY_CONFIRM_V2,106751,TREATMENT,2026-03-03,Y
PAY_CONFIRM_V2,103001,TREATMENT,2026-03-15,Y
PAY_CONFIRM_V2,107939,TREATMENT,2026-03-30,Y
PAY_CONFIRM_V2,108551,TREATMENT,2026-03-05,Y
PAY_CONFIRM_V2,102359,CONTROL,2026-03-01,Y
PAY_CONFIRM_V2,101800,TREATMENT,2026-03-18,Y
PAY_CONFIRM_V2,102489,TREATMENT,2026-03-01,Y
PAY_CONFIRM_V2,101118,TREATMENT,2026-03-30,Y
PAY_CONFIRM_V2,103070,CONTROL,2026-03-12,Y
PAY_CONFIRM_V2,103387,CONTROL,2026-03-28,Y
PAY_CONFIRM_V2,108921,TREATMENT,2026-03-12,Y
PAY_CONFIRM_V2,109553,TREATMENT,2026-03-09,Y
PAY_CONFIRM_V2,105326,TREATMENT,2026-03-12,Y
PAY_CONFIRM_V2,102638,TREATMENT,2026-03-24,Y
PAY_CONFIRM_V2,106792,CONTROL,2026-03-25,Y
PAY_CONFIRM_V2,100536,CONTROL,2026-03-17,Y
PAY_CONFIRM_V2,104507,CONTROL,2026-03-28,Y
PAY_CONFIRM_V2,101834,TREATMENT,2026-03-18,Y
PAY_CONFIRM_V2,101888,CONTROL,2026-03-22,Y
PAY_CONFIRM_V2,100811,TREATMENT,2026-03-25,Y
PAY_CONFIRM_V2,109719,TREATMENT,2026-03-03,Y
PAY_CONFIRM_V2,102903,TREATMENT,2026-03-04,Y
PAY_CONFIRM_V2,106815,CONTROL,2026-03-28,Y
PAY_CONFIRM_V2,108913,CONTROL,2026-03-18,Y
PAY_CONFIRM_V2,102496,CONTROL,2026-03-23,Y
PAY_CONFIRM_V2,104735,CONTROL,2026-03-26,Y
PAY_CONFIRM_V2,107685,CONTROL,2026-03-04,Y
PAY_CONFIRM_V2,102463,TREATMENT,2026-03-05,Y
PAY_CONFIRM_V2,102772,TREATMENT,2026-03-13,Y
PAY_CONFIRM_V2,103567,CONTROL,2026-03-17,Y
PAY_CONFIRM_V2,101508,CONTROL,2026-03-23,Y
PAY_CONFIRM_V2,108826,CONTROL,2026-03-04,Y
PAY_CONFIRM_V2,101875,CONTROL,2026-03-04,Y
PAY_CONFIRM_V2,100924,TREATMENT,2026-03-12,Y
PAY_CONFIRM_V2,105646,CONTROL,2026-03-13,Y
PAY_CONFIRM_V2,106380,TREATMENT,2026-03-26,Y
PAY_CONFIRM_V2,108503,CONTROL,2026-03-22,Y
PAY_CONFIRM_V2,106099,TREATMENT,2026-03-28,Y
PAY_CONFIRM_V2,102479,CONTROL,2026-03-21,Y
PAY_CONFIRM_V2,104586,TREATMENT,2026-03-02,Y
PAY_CONFIRM_V2,101466,CONTROL,2026-03-28,Y
PAY_CONFIRM_V2,107605,CONTROL,2026-03-04,Y
PAY_CONFIRM_V2,107440,CONTROL,2026-03-26,Y
PAY_CONFIRM_V2,108587,CONTROL,2026-03-19,Y
PAY_CONFIRM_V2,104480,CONTROL,2026-03-10,Y
PAY_CONFIRM_V2,100880,CONTROL,2026-03-25,Y
PAY_CONFIRM_V2,102313,TREATMENT,2026-03-23,Y
PAY_CONFIRM_V2,108923,TREATMENT,2026-03-27,Y
PAY_CONFIRM_V2,107361,TREATMENT,2026-03-11,Y
PAY_CONFIRM_V2,101960,TREATMENT,2026-03-24,Y
PAY_CONFIRM_V2,103597,TREATMENT,2026-03-25,Y
PAY_CONFIRM_V2,102490,TREATMENT,2026-03-13,Y
PAY_CONFIRM_V2,104425,TREATMENT,2026-03-27,Y
PAY_CONFIRM_V2,103635,TREATMENT,2026-03-14,Y
PAY_CONFIRM_V2,104310,TREATMENT,2026-03-20,Y
PAY_CONFIRM_V2,105638,TREATMENT,2026-03-19,Y
PAY_CONFIRM_V2,102533,CONTROL,2026-03-24,Y
PAY_CONFIRM_V2,100481,TREATMENT,2026-03-17,Y
PAY_CONFIRM_V2,108831,TREATMENT,2026-03-30,Y
PAY_CONFIRM_V2,106592,TREATMENT,2026-03-12,Y
PAY_CONFIRM_V2,107409,TREATMENT,2026-03-27,Y
PAY_CONFIRM_V2,104845,CONTROL,2026-03-23,Y
PAY_CONFIRM_V2,105053,TREATMENT,2026-03-29,Y
PAY_CONFIRM_V2,109202,TREATMENT,2026-03-29,Y
PAY_CONFIRM_V2,100563,CONTROL,2026-03-15,Y
PAY_CONFIRM_V2,106996,TREATMENT,2026-03-09,Y
PAY_CONFIRM_V2,100941,TREATMENT,2026-03-06,Y
PAY_CONFIRM_V2,100968,TREATMENT,2026-03-19,Y
PAY_CONFIRM_V2,104709,TREATMENT,2026-03-22,Y
PAY_CONFIRM_V2,106474,TREATMENT,2026-03-08,Y
PAY_CONFIRM_V2,108800,CONTROL,2026-03-06,Y
PAY_CONFIRM_V2,104445,TREATMENT,2026-03-12,Y
PAY_CONFIRM_V2,106178,CONTROL,2026-03-17,Y
PAY_CONFIRM_V2,107576,TREATMENT,2026-03-05,Y
PAY_CONFIRM_V2,102770,TREATMENT,2026-03-07,Y
PAY_CONFIRM_V2,101444,CONTROL,2026-03-23,Y
PAY_CONFIRM_V2,107554,CONTROL,2026-03-08,Y
PAY_CONFIRM_V2,103675,TREATMENT,2026-03-03,Y
PAY_CONFIRM_V2,101503,TREATMENT,2026-03-15,Y
PAY_CONFIRM_V2,109508,CONTROL,2026-03-14,Y
PAY_CONFIRM_V2,108102,TREATMENT,2026-03-22,Y
PAY_CONFIRM_V2,103661,TREATMENT,2026-03-22,Y
PAY_CONFIRM_V2,106414,TREATMENT,2026-03-04,Y
PAY_CONFIRM_V2,109754,TREATMENT,2026-03-05,Y
PAY_CONFIRM_V2,109762,CONTROL,2026-03-17,Y
PAY_CONFIRM_V2,104827,TREATMENT,2026-03-03,Y
PAY_CONFIRM_V2,109064,CONTROL,2026-03-03,Y
PAY_CONFIRM_V2,104005,CONTROL,2026-03-01,Y
PAY_CONFIRM_V2,106958,CONTROL,2026-03-12,Y
PAY_CONFIRM_V2,102801,TREATMENT,2026-03-05,Y
PAY_CONFIRM_V2,103548,CONTROL,2026-03-30,Y
PAY_CONFIRM_V2,108446,CONTROL,2026-03-01,Y
PAY_CONFIRM_V2,109939,CONTROL,2026-03-07,Y
PAY_CONFIRM_V2,103726,TREATMENT,2026-03-23,Y
PAY_CONFIRM_V2,104287,TREATMENT,2026-03-13,Y
PAY_CONFIRM_V2,102800,CONTROL,2026-03-14,Y
PAY_CONFIRM_V2,108157,TREATMENT,2026-03-24,Y
PAY_CONFIRM_V2,102826,TREATMENT,2026-03-20,Y
PAY_CONFIRM_V2,107075,CONTROL,2026-03-03,Y
PAY_CONFIRM_V2,109768,CONTROL,2026-03-23,Y
PAY_CONFIRM_V2,106611,CONTROL,2026-03-17,Y
PAY_CONFIRM_V2,109336,TREATMENT,2026-03-10,Y
PAY_CONFIRM_V2,107535,CONTROL,2026-03-17,Y
PAY_CONFIRM_V2,105794,TREATMENT,2026-03-30,Y
PAY_CONFIRM_V2,101652,CONTROL,2026-03-07,Y
PAY_CONFIRM_V2,103465,TREATMENT,2026-03-21,Y
PAY_CONFIRM_V2,109792,TREATMENT,2026-03-12,Y
PAY_CONFIRM_V2,103160,TREATMENT,2026-03-22,Y
PAY_CONFIRM_V2,103709,CONTROL,2026-03-10,Y
PAY_CONFIRM_V2,100112,TREATMENT,2026-03-08,Y
PAY_CONFIRM_V2,102259,CONTROL,2026-03-23,Y
PAY_CONFIRM_V2,104840,CONTROL,2026-03-30,Y
PAY_CONFIRM_V2,107396,CONTROL,2026-03-11,Y
PAY_CONFIRM_V2,100082,TREATMENT,2026-03-30,Y
PAY_CONFIRM_V2,106222,CONTROL,2026-03-11,Y
PAY_CONFIRM_V2,104240,TREATMENT,2026-03-07,Y
PAY_CONFIRM_V2,102990,TREATMENT,2026-03-26,Y
PAY_CONFIRM_V2,101760,CONTROL,2026-03-27,Y
PAY_CONFIRM_V2,100921,CONTROL,2026-03-05,Y
PAY_CONFIRM_V2,108283,TREATMENT,2026-03-04,Y
PAY_CONFIRM_V2,104981,CONTROL,2026-03-30,Y
PAY_CONFIRM_V2,105118,CONTROL,2026-03-24,Y
PAY_CONFIRM_V2,105264,TREATMENT,2026-03-12,Y
PAY_CONFIRM_V2,106900,TREATMENT,2026-03-16,Y
PAY_CONFIRM_V2,100139,TREATMENT,2026-03-18,Y
PAY_CONFIRM_V2,106787,CONTROL,2026-03-28,Y
PAY_CONFIRM_V2,102290,TREATMENT,2026-03-27,Y
PAY_CONFIRM_V2,101636,CONTROL,2026-03-14,Y
PAY_CONFIRM_V2,101283,TREATMENT,2026-03-13,Y
PAY_CONFIRM_V2,105146,CONTROL,2026-03-09,Y
PAY_CONFIRM_V2,105871,CONTROL,2026-03-09,Y
PAY_CONFIRM_V2,104544,TREATMENT,2026-03-28,Y
PAY_CONFIRM_V2,101071,CONTROL,2026-03-25,Y
PAY_CONFIRM_V2,102875,CONTROL,2026-03-30,Y
PAY_CONFIRM_V2,103599,CONTROL,2026-03-02,Y
PAY_CONFIRM_V2,108563,CONTROL,2026-03-04,Y
PAY_CONFIRM_V2,105116,TREATMENT,2026-03-09,Y
PAY_CONFIRM_V2,109520,TREATMENT,2026-03-15,Y
PAY_CONFIRM_V2,108167,CONTROL,2026-03-11,Y
PAY_CONFIRM_V2,101832,CONTROL,2026-03-03,Y
PAY_CONFIRM_V2,102449,TREATMENT,2026-03-10,Y
PAY_CONFIRM_V2,104269,TREATMENT,2026-03-23,Y
PAY_CONFIRM_V2,104150,TREATMENT,2026-03-18,Y
PAY_CONFIRM_V2,104100,CONTROL,2026-03-12,Y
PAY_CONFIRM_V2,104009,TREATMENT,2026-03-19,Y
PAY_CONFIRM_V2,102839,TREATMENT,2026-03-15,Y
PAY_CONFIRM_V2,107633,CONTROL,2026-03-15,Y
PAY_CONFIRM_V2,100771,CONTROL,2026-03-14,Y
PAY_CONFIRM_V2,103084,TREATMENT,2026-03-26,Y
PAY_CONFIRM_V2,107623,CONTROL,2026-03-11,Y
PAY_CONFIRM_V2,107013,CONTROL,2026-03-04,Y
PAY_CONFIRM_V2,105254,TREATMENT,2026-03-12,Y
PAY_CONFIRM_V2,106572,TREATMENT,2026-03-27,Y
PAY_CONFIRM_V2,108050,TREATMENT,2026-03-19,Y
PAY_CONFIRM_V2,108120,TREATMENT,2026-03-05,Y
PAY_CONFIRM_V2,102982,CONTROL,2026-03-27,Y
PAY_CONFIRM_V2,107426,CONTROL,2026-03-15,Y
PAY_CONFIRM_V2,105798,CONTROL,2026-03-25,Y
PAY_CONFIRM_V2,108690,CONTROL,2026-03-08,Y
PAY_CONFIRM_V2,103594,TREATMENT,2026-03-19,Y
PAY_CONFIRM_V2,104749,TREATMENT,2026-03-03,Y
PAY_CONFIRM_V2,104965,TREATMENT,2026-03-23,Y
PAY_CONFIRM_V2,109638,CONTROL,2026-03-22,Y
PAY_CONFIRM_V2,104901,CONTROL,2026-03-03,Y
PAY_CONFIRM_V2,105062,TREATMENT,2026-03-07,Y
PAY_CONFIRM_V2,109599,CONTROL,2026-03-09,Y
PAY_CONFIRM_V2,109152,TREATMENT,2026-03-03,Y
PAY_CONFIRM_V2,100530,CONTROL,2026-03-18,Y
PAY_CONFIRM_V2,102366,TREATMENT,2026-03-08,Y
PAY_CONFIRM_V2,103758,CONTROL,2026-03-09,Y
PAY_CONFIRM_V2,109040,CONTROL,2026-03-15,Y
PAY_CONFIRM_V2,108659,TREATMENT,2026-03-05,Y
PAY_CONFIRM_V2,105246,TREATMENT,2026-03-23,Y
PAY_CONFIRM_V2,105755,CONTROL,2026-03-11,Y
PAY_CONFIRM_V2,100494,CONTROL,2026-03-26,Y
PAY_CONFIRM_V2,100048,CONTROL,2026-03-17,Y
PAY_CONFIRM_V2,105461,CONTROL,2026-03-26,Y
PAY_CONFIRM_V2,101325,CONTROL,2026-03-21,Y
PAY_CONFIRM_V2,104058,TREATMENT,2026-03-16,Y
PAY_CONFIRM_V2,107413,TREATMENT,2026-03-21,Y
PAY_CONFIRM_V2,100932,TREATMENT,2026-03-11,Y
PAY_CONFIRM_V2,101670,TREATMENT,2026-03-21,Y
PAY_CONFIRM_V2,108544,CONTROL,2026-03-14,Y
PAY_CONFIRM_V2,106654,CONTROL,2026-03-27,Y
PAY_CONFIRM_V2,106091,TREATMENT,2026-03-05,Y
PAY_CONFIRM_V2,100701,TREATMENT,2026-03-26,Y
PAY_CONFIRM_V2,107984,TREATMENT,2026-03-20,Y
PAY_CONFIRM_V2,108614,TREATMENT,2026-03-30,Y
PAY_CONFIRM_V2,104914,TREATMENT,2026-03-08,Y
PAY_CONFIRM_V2,101854,CONTROL,2026-03-25,Y
PAY_CONFIRM_V2,107382,CONTROL,2026-03-10,Y
PAY_CONFIRM_V2,101088,CONTROL,2026-03-24,Y
PAY_CONFIRM_V2,109615,TREATMENT,2026-03-20,Y
PAY_CONFIRM_V2,109169,TREATMENT,2026-03-30,Y
PAY_CONFIRM_V2,102365,CONTROL,2026-03-17,Y
PAY_CONFIRM_V2,102215,TREATMENT,2026-03-06,Y
PAY_CONFIRM_V2,107578,CONTROL,2026-03-26,Y
PAY_CONFIRM_V2,102350,TREATMENT,2026-03-04,Y
PAY_CONFIRM_V2,102852,CONTROL,2026-03-10,Y
PAY_CONFIRM_V2,102729,TREATMENT,2026-03-09,Y
PAY_CONFIRM_V2,108548,TREATMENT,2026-03-20,Y
PAY_CONFIRM_V2,100340,TREATMENT,2026-03-12,Y
PAY_CONFIRM_V2,102471,TREATMENT,2026-03-27,Y
PAY_CONFIRM_V2,100169,CONTROL,2026-03-25,Y
PAY_CONFIRM_V2,104198,CONTROL,2026-03-06,Y
PAY_CONFIRM_V2,109657,CONTROL,2026-03-05,Y
PAY_CONFIRM_V2,100192,CONTROL,2026-03-22,Y
PAY_CONFIRM_V2,108207,CONTROL,2026-03-08,Y
PAY_CONFIRM_V2,105157,TREATMENT,2026-03-25,Y
PAY_CONFIRM_V2,107790,TREATMENT,2026-03-08,Y
PAY_CONFIRM_V2,109308,CONTROL,2026-03-07,Y
PAY_CONFIRM_V2,106583,TREATMENT,2026-03-16,Y
PAY_CONFIRM_V2,100593,CONTROL,2026-03-30,Y
PAY_CONFIRM_V2,108857,TREATMENT,2026-03-27,Y
PAY_CONFIRM_V2,103061,TREATMENT,2026-03-03,Y
PAY_CONFIRM_V2,106648,TREATMENT,2026-03-20,Y
PAY_CONFIRM_V2,100415,TREATMENT,2026-03-13,Y
PAY_CONFIRM_V2,102966,TREATMENT,2026-03-03,Y
PAY_CONFIRM_V2,109598,CONTROL,2026-03-27,Y
PAY_CONFIRM_V2,100539,CONTROL,2026-03-22,Y
PAY_CONFIRM_V2,102926,TREATMENT,2026-03-27,Y
PAY_CONFIRM_V2,104517,TREATMENT,2026-03-01,Y
PAY_CONFIRM_V2,105198,CONTROL,2026-03-20,Y
PAY_CONFIRM_V2,109274,TREATMENT,2026-03-17,Y
PAY_CONFIRM_V2,102198,CONTROL,2026-03-08,Y
PAY_CONFIRM_V2,103334,CONTROL,2026-03-16,Y
PAY_CONFIRM_V2,109285,CONTROL,2026-03-09,Y
PAY_CONFIRM_V2,102571,TREATMENT,2026-03-01,Y
PAY_CONFIRM_V2,103851,TREATMENT,2026-03-25,Y
PAY_CONFIRM_V2,109712,TREATMENT,2026-03-16,Y
PAY_CONFIRM_V2,101192,CONTROL,2026-03-03,Y
PAY_CONFIRM_V2,104446,TREATMENT,2026-03-28,Y
PAY_CONFIRM_V2,108936,CONTROL,2026-03-22,Y
PAY_CONFIRM_V2,106167,CONTROL,2026-03-16,Y
PAY_CONFIRM_V2,101117,TREATMENT,2026-03-26,Y
PAY_CONFIRM_V2,104021,TREATMENT,2026-03-15,Y
PAY_CONFIRM_V2,102806,TREATMENT,2026-03-20,Y
PAY_CONFIRM_V2,100946,CONTROL,2026-03-25,Y
PAY_CONFIRM_V2,100178,TREATMENT,2026-03-06,Y
PAY_CONFIRM_V2,106957,TREATMENT,2026-03-27,Y
PAY_CONFIRM_V2,109233,CONTROL,2026-03-13,Y
PAY_CONFIRM_V2,108138,TREATMENT,2026-03-07,Y
PAY_CONFIRM_V2,106137,TREATMENT,2026-03-12,Y
PAY_CONFIRM_V2,104619,TREATMENT,2026-03-30,Y
PAY_CONFIRM_V2,102853,CONTROL,2026-03-26,Y
PAY_CONFIRM_V2,108950,CONTROL,2026-03-14,Y
PAY_CONFIRM_V2,109187,CONTROL,2026-03-21,Y
PAY_CONFIRM_V2,109922,TREATMENT,2026-03-03,Y
PAY_CONFIRM_V2,101774,CONTROL,2026-03-11,Y
PAY_CONFIRM_V2,108468,TREATMENT,2026-03-12,Y
PAY_CONFIRM_V2,105019,CONTROL,2026-03-08,Y
PAY_CONFIRM_V2,100685,TREATMENT,2026-03-29,Y
PAY_CONFIRM_V2,100770,TREATMENT,2026-03-30,Y
PAY_CONFIRM_V2,107656,TREATMENT,2026-03-14,Y
PAY_CONFIRM_V2,102991,TREATMENT,2026-03-03,Y
PAY_CONFIRM_V2,105113,TREATMENT,2026-03-24,Y
PAY_CONFIRM_V2,106455,TREATMENT,2026-03-07,Y
PAY_CONFIRM_V2,108942,CONTROL,2026-03-22,Y
PAY_CONFIRM_V2,108335,TREATMENT,2026-03-13,Y
PAY_CONFIRM_V2,107323,CONTROL,2026-03-30,Y
PAY_CONFIRM_V2,105946,TREATMENT,2026-03-16,Y
PAY_CONFIRM_V2,105069,TREATMENT,2026-03-12,Y
PAY_CONFIRM_V2,106184,CONTROL,2026-03-02,Y
PAY_CONFIRM_V2,107507,CONTROL,2026-03-21,Y
PAY_CONFIRM_V2,104790,CONTROL,2026-03-16,Y
PAY_CONFIRM_V2,107896,TREATMENT,2026-03-17,Y
PAY_CONFIRM_V2,108970,TREATMENT,2026-03-27,Y
PAY_CONFIRM_V2,109881,TREATMENT,2026-03-27,Y
PAY_CONFIRM_V2,108061,CONTROL,2026-03-02,Y
PAY_CONFIRM_V2,101719,CONTROL,2026-03-29,Y
PAY_CONFIRM_V2,100519,CONTROL,2026-03-22,Y
PAY_CONFIRM_V2,109373,TREATMENT,2026-03-18,Y
PAY_CONFIRM_V2,108312,CONTROL,2026-03-07,Y
PAY_CONFIRM_V2,105229,TREATMENT,2026-03-18,Y
PAY_CONFIRM_V2,102597,TREATMENT,2026-03-26,Y
PAY_CONFIRM_V2,107268,TREATMENT,2026-03-09,Y
PAY_CONFIRM_V2,103124,TREATMENT,2026-03-21,Y
PAY_CONFIRM_V2,107393,CONTROL,2026-03-03,Y
PAY_CONFIRM_V2,106422,TREATMENT,2026-03-02,Y
PAY_CONFIRM_V2,106340,CONTROL,2026-03-21,Y
PAY_CONFIRM_V2,109516,CONTROL,2026-03-14,Y
PAY_CONFIRM_V2,101701,CONTROL,2026-03-25,Y
PAY_CONFIRM_V2,101549,TREATMENT,2026-03-23,Y
PAY_CONFIRM_V2,107213,CONTROL,2026-03-30,Y
PAY_CONFIRM_V2,109160,TREATMENT,2026-03-03,Y
PAY_CONFIRM_V2,104575,TREATMENT,2026-03-27,Y
PAY_CONFIRM_V2,102326,TREATMENT,2026-03-13,Y
PAY_CONFIRM_V2,101756,TREATMENT,2026-03-12,Y
PAY_CONFIRM_V2,109688,TREATMENT,2026-03-03,Y
PAY_CONFIRM_V2,100934,CONTROL,2026-03-27,Y
PAY_CONFIRM_V2,100378,TREATMENT,2026-03-03,Y
PAY_CONFIRM_V2,104884,TREATMENT,2026-03-20,Y
PAY_CONFIRM_V2,103849,TREATMENT,2026-03-08,Y
PAY_CONFIRM_V2,109682,CONTROL,2026-03-29,Y
PAY_CONFIRM_V2,102581,TREATMENT,2026-03-14,Y
PAY_CONFIRM_V2,103279,CONTROL,2026-03-22,Y
PAY_CONFIRM_V2,103887,TREATMENT,2026-03-23,Y
PAY_CONFIRM_V2,105545,CONTROL,2026-03-14,Y
PAY_CONFIRM_V2,103915,CONTROL,2026-03-26,Y
PAY_CONFIRM_V2,104212,TREATMENT,2026-03-06,Y
PAY_CONFIRM_V2,101139,CONTROL,2026-03-02,Y
PAY_CONFIRM_V2,100980,CONTROL,2026-03-06,Y
PAY_CONFIRM_V2,107588,TREATMENT,2026-03-23,Y
PAY_CONFIRM_V2,107842,TREATMENT,2026-03-08,Y
PAY_CONFIRM_V2,103697,CONTROL,2026-03-14,Y
PAY_CONFIRM_V2,102952,CONTROL,2026-03-07,Y
PAY_CONFIRM_V2,100813,TREATMENT,2026-03-08,Y
PAY_CONFIRM_V2,109860,CONTROL,2026-03-20,Y
PAY_CONFIRM_V2,106810,CONTROL,2026-03-30,Y
PAY_CONFIRM_V2,109116,TREATMENT,2026-03-01,Y
PAY_CONFIRM_V2,105270,TREATMENT,2026-03-17,Y
PAY_CONFIRM_V2,100583,CONTROL,2026-03-13,Y
PAY_CONFIRM_V2,107115,CONTROL,2026-03-10,Y
PAY_CONFIRM_V2,108709,CONTROL,2026-03-03,Y
PAY_CONFIRM_V2,101473,CONTROL,2026-03-07,Y
PAY_CONFIRM_V2,107836,CONTROL,2026-03-09,Y
PAY_CONFIRM_V2,109715,CONTROL,2026-03-14,Y
PAY_CONFIRM_V2,107564,CONTROL,2026-03-20,Y
PAY_CONFIRM_V2,100343,TREATMENT,2026-03-07,Y
PAY_CONFIRM_V2,108086,CONTROL,2026-03-03,Y
PAY_CONFIRM_V2,106972,TREATMENT,2026-03-14,Y
PAY_CONFIRM_V2,106706,CONTROL,2026-03-29,Y
PAY_CONFIRM_V2,109330,TREATMENT,2026-03-18,Y
PAY_CONFIRM_V2,109115,TREATMENT,2026-03-19,Y
PAY_CONFIRM_V2,106665,CONTROL,2026-03-03,Y
PAY_CONFIRM_V2,100629,CONTROL,2026-03-14,Y
PAY_CONFIRM_V2,108388,CONTROL,2026-03-28,Y
PAY_CONFIRM_V2,106077,TREATMENT,2026-03-04,Y
PAY_CONFIRM_V2,102364,CONTROL,2026-03-07,Y
PAY_CONFIRM_V2,101018,TREATMENT,2026-03-11,Y
PAY_CONFIRM_V2,105876,CONTROL,2026-03-04,Y
PAY_CONFIRM_V2,106841,TREATMENT,2026-03-29,Y
PAY_CONFIRM_V2,101229,CONTROL,2026-03-15,Y
PAY_CONFIRM_V2,107348,CONTROL,2026-03-11,Y
PAY_CONFIRM_V2,100339,TREATMENT,2026-03-12,Y
PAY_CONFIRM_V2,107881,TREATMENT,2026-03-29,Y
PAY_CONFIRM_V2,100468,CONTROL,2026-03-09,Y
PAY_CONFIRM_V2,105455,TREATMENT,2026-03-01,Y
PAY_CONFIRM_V2,102838,TREATMENT,2026-03-04,Y
PAY_CONFIRM_V2,105306,CONTROL,2026-03-04,Y
PAY_CONFIRM_V2,106643,TREATMENT,2026-03-04,Y
PAY_CONFIRM_V2,109968,CONTROL,2026-03-07,Y
PAY_CONFIRM_V2,108837,CONTROL,2026-03-15,Y
PAY_CONFIRM_V2,101285,CONTROL,2026-03-04,Y
PAY_CONFIRM_V2,105551,CONTROL,2026-03-17,Y
PAY_CONFIRM_V2,102119,CONTROL,2026-03-15,Y
PAY_CONFIRM_V2,103798,CONTROL,2026-03-29,Y
PAY_CONFIRM_V2,105483,TREATMENT,2026-03-19,Y
PAY_CONFIRM_V2,102073,CONTROL,2026-03-15,Y
PAY_CONFIRM_V2,108750,TREATMENT,2026-03-02,Y
PAY_CONFIRM_V2,100953,TREATMENT,2026-03-28,Y
PAY_CONFIRM_V2,101805,CONTROL,2026-03-15,Y
PAY_CONFIRM_V2,104530,TREATMENT,2026-03-14,Y
PAY_CONFIRM_V2,107003,TREATMENT,2026-03-19,Y
PAY_CONFIRM_V2,104353,TREATMENT,2026-03-23,Y
PAY_CONFIRM_V2,105307,CONTROL,2026-03-21,Y
PAY_CONFIRM_V2,105060,TREATMENT,2026-03-01,Y
PAY_CONFIRM_V2,105280,TREATMENT,2026-03-12,Y
PAY_CONFIRM_V2,106859,CONTROL,2026-03-12,Y
PAY_CONFIRM_V2,102244,CONTROL,2026-03-04,Y
PAY_CONFIRM_V2,106677,CONTROL,2026-03-20,Y
PAY_CONFIRM_V2,100783,CONTROL,2026-03-14,Y
PAY_CONFIRM_V2,101034,TREATMENT,2026-03-30,Y
PAY_CONFIRM_V2,104803,TREATMENT,2026-03-08,Y
PAY_CONFIRM_V2,100174,CONTROL,2026-03-15,Y
PAY_CONFIRM_V2,103935,CONTROL,2026-03-03,Y
PAY_CONFIRM_V2,106954,CONTROL,2026-03-18,Y
PAY_CONFIRM_V2,106799,CONTROL,2026-03-27,Y
PAY_CONFIRM_V2,109535,CONTROL,2026-03-11,Y
PAY_CONFIRM_V2,102068,CONTROL,2026-03-27,Y
PAY_CONFIRM_V2,105098,TREATMENT,2026-03-21,Y
PAY_CONFIRM_V2,102625,CONTROL,2026-03-15,Y
PAY_CONFIRM_V2,105384,CONTROL,2026-03-23,Y
PAY_CONFIRM_V2,105942,TREATMENT,2026-03-26,Y
PAY_CONFIRM_V2,109005,CONTROL,2026-03-21,Y
PAY_CONFIRM_V2,101519,CONTROL,2026-03-23,Y
PAY_CONFIRM_V2,101490,TREATMENT,2026-03-09,Y
PAY_CONFIRM_V2,104201,TREATMENT,2026-03-23,Y
PAY_CONFIRM_V2,104719,CONTROL,2026-03-08,Y
PAY_CONFIRM_V2,109621,CONTROL,2026-03-28,Y
PAY_CONFIRM_V2,102663,CONTROL,2026-03-26,Y
PAY_CONFIRM_V2,103273,TREATMENT,2026-03-05,Y
PAY_CONFIRM_V2,102457,TREATMENT,2026-03-16,Y
PAY_CONFIRM_V2,106981,CONTROL,2026-03-13,Y
PAY_CONFIRM_V2,106322,TREATMENT,2026-03-11,Y
PAY_CONFIRM_V2,109503,TREATMENT,2026-03-02,Y
PAY_CONFIRM_V2,105863,TREATMENT,2026-03-06,Y
PAY_CONFIRM_V2,109981,CONTROL,2026-03-06,Y
PAY_CONFIRM_V2,105698,TREATMENT,2026-03-17,Y
PAY_CONFIRM_V2,103702,CONTROL,2026-03-24,Y
PAY_CONFIRM_V2,104410,TREATMENT,2026-03-30,Y
PAY_CONFIRM_V2,108812,CONTROL,2026-03-25,Y
PAY_CONFIRM_V2,108338,CONTROL,2026-03-20,Y
PAY_CONFIRM_V2,109830,CONTROL,2026-03-03,Y
PAY_CONFIRM_V2,106528,CONTROL,2026-03-28,Y
PAY_CONFIRM_V2,106975,TREATMENT,2026-03-13,Y
PAY_CONFIRM_V2,103226,TREATMENT,2026-03-28,Y
PAY_CONFIRM_V2,100830,TREATMENT,2026-03-04,Y
PAY_CONFIRM_V2,104225,CONTROL,2026-03-25,Y
PAY_CONFIRM_V2,104725,TREATMENT,2026-03-10,Y
PAY_CONFIRM_V2,108218,TREATMENT,2026-03-07,Y
PAY_CONFIRM_V2,103585,TREATMENT,2026-03-15,Y
PAY_CONFIRM_V2,103886,CONTROL,2026-03-23,Y
PAY_CONFIRM_V2,107380,TREATMENT,2026-03-23,Y
PAY_CONFIRM_V2,100534,TREATMENT,2026-03-15,Y
PAY_CONFIRM_V2,105194,TREATMENT,2026-03-01,Y
PAY_CONFIRM_V2,107512,CONTROL,2026-03-10,Y
PAY_CONFIRM_V2,101138,CONTROL,2026-03-20,Y
PAY_CONFIRM_V2,105509,TREATMENT,2026-03-03,Y
PAY_CONFIRM_V2,108930,CONTROL,2026-03-01,Y
PAY_CONFIRM_V2,106800,TREATMENT,2026-03-18,Y
PAY_CONFIRM_V2,108313,CONTROL,2026-03-25,Y
PAY_CONFIRM_V2,107110,TREATMENT,2026-03-10,Y
PAY_CONFIRM_V2,107099,TREATMENT,2026-03-01,Y
PAY_CONFIRM_V2,108526,TREATMENT,2026-03-30,Y
PAY_CONFIRM_V2,101355,TREATMENT,2026-03-17,Y
PAY_CONFIRM_V2,101025,CONTROL,2026-03-21,Y
PAY_CONFIRM_V2,105263,TREATMENT,2026-03-18,Y
PAY_CONFIRM_V2,109671,CONTROL,2026-03-06,Y
PAY_CONFIRM_V2,105934,TREATMENT,2026-03-28,Y
PAY_CONFIRM_V2,104337,TREATMENT,2026-03-08,Y
PAY_CONFIRM_V2,103765,TREATMENT,2026-03-06,Y
PAY_CONFIRM_V2,103257,TREATMENT,2026-03-22,Y
PAY_CONFIRM_V2,105981,TREATMENT,2026-03-17,Y
PAY_CONFIRM_V2,107055,CONTROL,2026-03-26,Y
PAY_CONFIRM_V2,106146,CONTROL,2026-03-26,Y
PAY_CONFIRM_V2,103768,TREATMENT,2026-03-05,Y
PAY_CONFIRM_V2,108641,CONTROL,2026-03-29,Y
PAY_CONFIRM_V2,105898,CONTROL,2026-03-23,Y
PAY_CONFIRM_V2,109313,CONTROL,2026-03-30,Y
PAY_CONFIRM_V2,109415,TREATMENT,2026-03-09,Y
PAY_CONFIRM_V2,104082,TREATMENT,2026-03-24,Y
PAY_CONFIRM_V2,101822,CONTROL,2026-03-13,Y
PAY_CONFIRM_V2,108284,TREATMENT,2026-03-16,Y
PAY_CONFIRM_V2,108048,TREATMENT,2026-03-13,Y
PAY_CONFIRM_V2,105986,CONTROL,2026-03-08,Y
PAY_CONFIRM_V2,107076,CONTROL,2026-03-18,Y
PAY_CONFIRM_V2,104543,CONTROL,2026-03-17,Y
PAY_CONFIRM_V2,104524,TREATMENT,2026-03-06,Y
PAY_CONFIRM_V2,102661,TREATMENT,2026-03-17,Y
PAY_CONFIRM_V2,107545,TREATMENT,2026-03-28,Y
PAY_CONFIRM_V2,107702,CONTROL,2026-03-13,Y
PAY_CONFIRM_V2,105585,TREATMENT,2026-03-08,Y
PAY_CONFIRM_V2,105881,TREATMENT,2026-03-07,Y
PAY_CONFIRM_V2,108095,CONTROL,2026-03-17,Y
PAY_CONFIRM_V2,105919,TREATMENT,2026-03-11,Y
PAY_CONFIRM_V2,101271,CONTROL,2026-03-02,Y
PAY_CONFIRM_V2,105054,CONTROL,2026-03-28,Y
PAY_CONFIRM_V2,105737,CONTROL,2026-03-27,Y
PAY_CONFIRM_V2,102199,CONTROL,2026-03-25,Y
PAY_CONFIRM_V2,100529,TREATMENT,2026-03-13,Y
PAY_CONFIRM_V2,104359,CONTROL,2026-03-12,Y
PAY_CONFIRM_V2,102415,TREATMENT,2026-03-07,Y
PAY_CONFIRM_V2,106502,TREATMENT,2026-03-13,Y
PAY_CONFIRM_V2,101614,CONTROL,2026-03-07,Y
PAY_CONFIRM_V2,101121,TREATMENT,2026-03-15,Y
PAY_CONFIRM_V2,107457,CONTROL,2026-03-11,Y
PAY_CONFIRM_V2,105477,TREATMENT,2026-03-26,Y
PAY_CONFIRM_V2,109572,CONTROL,2026-03-06,Y
PAY_CONFIRM_V2,100767,CONTROL,2026-03-01,Y
PAY_CONFIRM_V2,101405,CONTROL,2026-03-08,Y
PAY_CONFIRM_V2,103322,CONTROL,2026-03-14,Y
PAY_CONFIRM_V2,104744,CONTROL,2026-03-25,Y
PAY_CONFIRM_V2,108851,CONTROL,2026-03-08,Y
PAY_CONFIRM_V2,108657,CONTROL,2026-03-21,Y
PAY_CONFIRM_V2,106239,CONTROL,2026-03-17,Y
PAY_CONFIRM_V2,105574,TREATMENT,2026-03-08,Y
PAY_CONFIRM_V2,100040,CONTROL,2026-03-17,Y
PAY_CONFIRM_V2,104953,CONTROL,2026-03-06,Y
PAY_CONFIRM_V2,103878,TREATMENT,2026-03-17,Y
PAY_CONFIRM_V2,101186,TREATMENT,2026-03-16,Y
PAY_CONFIRM_V2,108714,TREATMENT,2026-03-05,Y
PAY_CONFIRM_V2,109012,TREATMENT,2026-03-25,Y
PAY_CONFIRM_V2,107927,TREATMENT,2026-03-06,Y
PAY_CONFIRM_V2,101485,TREATMENT,2026-03-22,Y
PAY_CONFIRM_V2,104214,CONTROL,2026-03-30,Y
PAY_CONFIRM_V2,105847,TREATMENT,2026-03-06,Y
PAY_CONFIRM_V2,107248,TREATMENT,2026-03-16,Y
PAY_CONFIRM_V2,104708,CONTROL,2026-03-25,Y
PAY_CONFIRM_V2,106045,CONTROL,2026-03-02,Y
PAY_CONFIRM_V2,103100,CONTROL,2026-03-22,Y
PAY_CONFIRM_V2,102429,CONTROL,2026-03-21,Y
PAY_CONFIRM_V2,100797,TREATMENT,2026-03-21,Y
PAY_CONFIRM_V2,109963,CONTROL,2026-03-28,Y
PAY_CONFIRM_V2,102564,TREATMENT,2026-03-22,Y
PAY_CONFIRM_V2,108288,CONTROL,2026-03-28,Y
PAY_CONFIRM_V2,108243,TREATMENT,2026-03-03,Y
PAY_CONFIRM_V2,100864,CONTROL,2026-03-14,Y
PAY_CONFIRM_V2,106316,TREATMENT,2026-03-17,Y
PAY_CONFIRM_V2,105345,TREATMENT,2026-03-02,Y
PAY_CONFIRM_V2,100856,TREATMENT,2026-03-16,Y
PAY_CONFIRM_V2,100990,CONTROL,2026-03-17,Y
PAY_CONFIRM_V2,106894,TREATMENT,2026-03-23,Y
PAY_CONFIRM_V2,103399,CONTROL,2026-03-24,Y
PAY_CONFIRM_V2,107616,TREATMENT,2026-03-06,Y
PAY_CONFIRM_V2,100419,CONTROL,2026-03-09,Y
PAY_CONFIRM_V2,102846,TREATMENT,2026-03-04,Y
PAY_CONFIRM_V2,100467,TREATMENT,2026-03-01,Y
PAY_CONFIRM_V2,103410,CONTROL,2026-03-30,Y
PAY_CONFIRM_V2,107969,TREATMENT,2026-03-11,Y
PAY_CONFIRM_V2,107861,TREATMENT,2026-03-09,Y
PAY_CONFIRM_V2,103274,CONTROL,2026-03-09,Y
PAY_CONFIRM_V2,106430,CONTROL,2026-03-04,Y
PAY_CONFIRM_V2,109925,CONTROL,2026-03-03,Y
PAY_CONFIRM_V2,107677,TREATMENT,2026-03-22,Y
PAY_CONFIRM_V2,106857,CONTROL,2026-03-21,Y
PAY_CONFIRM_V2,101203,CONTROL,2026-03-22,Y
PAY_CONFIRM_V2,107985,CONTROL,2026-03-08,Y
PAY_CONFIRM_V2,104956,TREATMENT,2026-03-11,Y
PAY_CONFIRM_V2,105856,TREATMENT,2026-03-28,Y
PAY_CONFIRM_V2,106127,CONTROL,2026-03-29,Y
PAY_CONFIRM_V2,100214,TREATMENT,2026-03-03,Y
PAY_CONFIRM_V2,109071,TREATMENT,2026-03-30,Y
PAY_CONFIRM_V2,106735,TREATMENT,2026-03-03,Y
PAY_CONFIRM_V2,108294,TREATMENT,2026-03-13,Y
PAY_CONFIRM_V2,104429,TREATMENT,2026-03-08,Y
PAY_CONFIRM_V2,108507,TREATMENT,2026-03-24,Y
PAY_CONFIRM_V2,103943,CONTROL,2026-03-01,Y
PAY_CONFIRM_V2,102432,TREATMENT,2026-03-24,Y
PAY_CONFIRM_V2,107002,CONTROL,2026-03-26,Y
PAY_CONFIRM_V2,109164,TREATMENT,2026-03-13,Y
PAY_CONFIRM_V2,108960,TREATMENT,2026-03-28,Y
PAY_CONFIRM_V2,108164,TREATMENT,2026-03-30,Y
PAY_CONFIRM_V2,107513,CONTROL,2026-03-28,Y
PAY_CONFIRM_V2,104959,TREATMENT,2026-03-24,Y
PAY_CONFIRM_V2,104464,TREATMENT,2026-03-10,Y
PAY_CONFIRM_V2,100117,CONTROL,2026-03-28,Y
PAY_CONFIRM_V2,102185,TREATMENT,2026-03-22,Y
PAY_CONFIRM_V2,103057,TREATMENT,2026-03-27,Y
PAY_CONFIRM_V2,107079,TREATMENT,2026-03-07,Y
PAY_CONFIRM_V2,100858,TREATMENT,2026-03-03,Y
PAY_CONFIRM_V2,102040,TREATMENT,2026-03-15,Y
PAY_CONFIRM_V2,105500,CONTROL,2026-03-26,Y
PAY_CONFIRM_V2,103894,CONTROL,2026-03-30,Y
PAY_CONFIRM_V2,105125,CONTROL,2026-03-03,Y
PAY_CONFIRM_V2,105725,CONTROL,2026-03-21,Y
PAY_CONFIRM_V2,105289,TREATMENT,2026-03-07,Y
PAY_CONFIRM_V2,109730,CONTROL,2026-03-15,Y
PAY_CONFIRM_V2,105728,CONTROL,2026-03-01,Y
PAY_CONFIRM_V2,107501,TREATMENT,2026-03-24,Y
PAY_CONFIRM_V2,102301,TREATMENT,2026-03-18,Y
PAY_CONFIRM_V2,104689,TREATMENT,2026-03-13,Y
PAY_CONFIRM_V2,108443,CONTROL,2026-03-07,Y
PAY_CONFIRM_V2,106335,CONTROL,2026-03-15,Y
PAY_CONFIRM_V2,103215,CONTROL,2026-03-12,Y
PAY_CONFIRM_V2,107100,TREATMENT,2026-03-25,Y
PAY_CONFIRM_V2,101687,TREATMENT,2026-03-05,Y
PAY_CONFIRM_V2,108952,TREATMENT,2026-03-15,Y
PAY_CONFIRM_V2,100440,TREATMENT,2026-03-15,Y
PAY_CONFIRM_V2,101730,TREATMENT,2026-03-16,Y
PAY_CONFIRM_V2,103055,TREATMENT,2026-03-14,Y
PAY_CONFIRM_V2,109910,CONTROL,2026-03-23,Y
PAY_CONFIRM_V2,108377,TREATMENT,2026-03-24,Y
PAY_CONFIRM_V2,103144,TREATMENT,2026-03-09,Y
PAY_CONFIRM_V2,103974,CONTROL,2026-03-03,Y
PAY_CONFIRM_V2,102531,TREATMENT,2026-03-29,Y
PAY_CONFIRM_V2,107777,TREATMENT,2026-03-18,Y
PAY_CONFIRM_V2,101787,CONTROL,2026-03-18,Y
PAY_CONFIRM_V2,100032,TREATMENT,2026-03-07,Y
PAY_CONFIRM_V2,106311,TREATMENT,2026-03-02,Y
PAY_CONFIRM_V2,100923,TREATMENT,2026-03-03,Y
PAY_CONFIRM_V2,106989,TREATMENT,2026-03-18,Y
PAY_CONFIRM_V2,108098,CONTROL,2026-03-02,Y
PAY_CONFIRM_V2,104755,CONTROL,2026-03-29,Y
PAY_CONFIRM_V2,105727,CONTROL,2026-03-28,Y
PAY_CONFIRM_V2,106143,TREATMENT,2026-03-17,Y
PAY_CONFIRM_V2,104285,TREATMENT,2026-03-25,Y
PAY_CONFIRM_V2,103793,TREATMENT,2026-03-14,Y
PAY_CONFIRM_V2,106033,TREATMENT,2026-03-03,Y
PAY_CONFIRM_V2,101501,CONTROL,2026-03-17,Y
PAY_CONFIRM_V2,107024,TREATMENT,2026-03-08,Y
PAY_CONFIRM_V2,100786,CONTROL,2026-03-13,Y
PAY_CONFIRM_V2,108885,TREATMENT,2026-03-03,Y
PAY_CONFIRM_V2,100366,CONTROL,2026-03-12,Y
PAY_CONFIRM_V2,107798,CONTROL,2026-03-26,Y
PAY_CONFIRM_V2,101736,TREATMENT,2026-03-25,Y
PAY_CONFIRM_V2,101552,CONTROL,2026-03-13,Y
PAY_CONFIRM_V2,106407,CONTROL,2026-03-29,Y
PAY_CONFIRM_V2,107581,TREATMENT,2026-03-09,Y
PAY_CONFIRM_V2,104202,CONTROL,2026-03-13,Y
PAY_CONFIRM_V2,108165,CONTROL,2026-03-28,Y
PAY_CONFIRM_V2,107223,TREATMENT,2026-03-29,Y
PAY_CONFIRM_V2,100337,TREATMENT,2026-03-03,Y
PAY_CONFIRM_V2,105711,TREATMENT,2026-03-24,Y
PAY_CONFIRM_V2,106795,TREATMENT,2026-03-10,Y
PAY_CONFIRM_V2,103788,CONTROL,2026-03-25,Y
PAY_CONFIRM_V2,108899,CONTROL,2026-03-01,Y
PAY_CONFIRM_V2,106725,CONTROL,2026-03-25,Y
PAY_CONFIRM_V2,102867,CONTROL,2026-03-04,Y
PAY_CONFIRM_V2,101994,CONTROL,2026-03-18,Y
PAY_CONFIRM_V2,100577,CONTROL,2026-03-03,Y
PAY_CONFIRM_V2,101001,CONTROL,2026-03-23,Y
PAY_CONFIRM_V2,105988,CONTROL,2026-03-22,Y
PAY_CONFIRM_V2,106644,CONTROL,2026-03-27,Y
PAY_CONFIRM_V2,107652,TREATMENT,2026-03-19,Y
PAY_CONFIRM_V2,105855,CONTROL,2026-03-19,Y
PAY_CONFIRM_V2,106824,TREATMENT,2026-03-06,Y
PAY_CONFIRM_V2,109502,TREATMENT,2026-03-19,Y
PAY_CONFIRM_V2,104461,CONTROL,2026-03-29,Y
PAY_CONFIRM_V2,100917,TREATMENT,2026-03-12,Y
PAY_CONFIRM_V2,102133,TREATMENT,2026-03-20,Y
PAY_CONFIRM_V2,102171,CONTROL,2026-03-21,Y
PAY_CONFIRM_V2,103330,CONTROL,2026-03-18,Y
PAY_CONFIRM_V2,108049,CONTROL,2026-03-05,Y
PAY_CONFIRM_V2,106686,CONTROL,2026-03-03,Y
PAY_CONFIRM_V2,101491,CONTROL,2026-03-20,Y
PAY_CONFIRM_V2,105484,CONTROL,2026-03-07,Y
PAY_CONFIRM_V2,103332,TREATMENT,2026-03-03,Y
PAY_CONFIRM_V2,106461,CONTROL,2026-03-23,Y
PAY_CONFIRM_V2,102793,CONTROL,2026-03-17,Y
PAY_CONFIRM_V2,107486,CONTROL,2026-03-22,Y
PAY_CONFIRM_V2,107796,CONTROL,2026-03-30,Y
PAY_CONFIRM_V2,108108,CONTROL,2026-03-05,Y
PAY_CONFIRM_V2,108272,CONTROL,2026-03-05,Y
PAY_CONFIRM_V2,104864,TREATMENT,2026-03-21,Y
PAY_CONFIRM_V2,104854,CONTROL,2026-03-20,Y
PAY_CONFIRM_V2,102420,TREATMENT,2026-03-11,Y
PAY_CONFIRM_V2,108975,TREATMENT,2026-03-22,Y
PAY_CONFIRM_V2,101042,TREATMENT,2026-03-03,Y
PAY_CONFIRM_V2,104279,CONTROL,2026-03-13,Y
PAY_CONFIRM_V2,107601,TREATMENT,2026-03-21,Y
PAY_CONFIRM_V2,109896,TREATMENT,2026-03-06,Y
PAY_CONFIRM_V2,109167,TREATMENT,2026-03-15,Y
PAY_CONFIRM_V2,102577,TREATMENT,2026-03-29,Y
PAY_CONFIRM_V2,106749,TREATMENT,2026-03-24,Y
PAY_CONFIRM_V2,107993,TREATMENT,2026-03-04,Y
PAY_CONFIRM_V2,104144,CONTROL,2026-03-03,Y
PAY_CONFIRM_V2,107640,CONTROL,2026-03-26,Y
PAY_CONFIRM_V2,109241,TREATMENT,2026-03-19,Y
PAY_CONFIRM_V2,108339,TREATMENT,2026-03-01,Y
PAY_CONFIRM_V2,108126,CONTROL,2026-03-17,Y
PAY_CONFIRM_V2,106948,CONTROL,2026-03-28,Y
PAY_CONFIRM_V2,108033,CONTROL,2026-03-25,Y
PAY_CONFIRM_V2,109732,CONTROL,2026-03-05,Y
PAY_CONFIRM_V2,101446,CONTROL,2026-03-05,Y
PAY_CONFIRM_V2,106860,TREATMENT,2026-03-28,Y
PAY_CONFIRM_V2,104325,CONTROL,2026-03-21,Y
PAY_CONFIRM_V2,107749,TREATMENT,2026-03-06,Y
PAY_CONFIRM_V2,100714,CONTROL,2026-03-22,Y
PAY_CONFIRM_V2,104909,TREATMENT,2026-03-16,Y
PAY_CONFIRM_V2,109748,TREATMENT,2026-03-28,Y
PAY_CONFIRM_V2,103602,TREATMENT,2026-03-03,Y
PAY_CONFIRM_V2,101423,CONTROL,2026-03-24,Y
PAY_CONFIRM_V2,101978,CONTROL,2026-03-07,Y
PAY_CONFIRM_V2,108648,TREATMENT,2026-03-06,Y
PAY_CONFIRM_V2,105025,TREATMENT,2026-03-28,Y
PAY_CONFIRM_V2,105366,CONTROL,2026-03-11,Y
PAY_CONFIRM_V2,100600,CONTROL,2026-03-21,Y
PAY_CONFIRM_V2,107293,CONTROL,2026-03-26,Y
PAY_CONFIRM_V2,102942,TREATMENT,2026-03-27,Y
PAY_CONFIRM_V2,104259,TREATMENT,2026-03-15,Y
PAY_CONFIRM_V2,107867,CONTROL,2026-03-12,Y
PAY_CONFIRM_V2,100329,TREATMENT,2026-03-12,Y
PAY_CONFIRM_V2,104363,CONTROL,2026-03-27,Y
PAY_CONFIRM_V2,104933,CONTROL,2026-03-02,Y
PAY_CONFIRM_V2,105751,CONTROL,2026-03-20,Y
PAY_CONFIRM_V2,109674,CONTROL,2026-03-17,Y
PAY_CONFIRM_V2,105085,CONTROL,2026-03-04,Y
PAY_CONFIRM_V2,103801,TREATMENT,2026-03-17,Y
PAY_CONFIRM_V2,109043,TREATMENT,2026-03-03,Y
PAY_CONFIRM_V2,105387,TREATMENT,2026-03-10,Y
PAY_CONFIRM_V2,103842,CONTROL,2026-03-14,Y
PAY_CONFIRM_V2,107509,TREATMENT,2026-03-21,Y
PAY_CONFIRM_V2,106264,TREATMENT,2026-03-20,Y
PAY_CONFIRM_V2,101742,TREATMENT,2026-03-13,Y
PAY_CONFIRM_V2,100849,CONTROL,2026-03-28,Y
PAY_CONFIRM_V2,106674,TREATMENT,2026-03-01,Y
PAY_CONFIRM_V2,104251,TREATMENT,2026-03-23,Y
PAY_CONFIRM_V2,104794,CONTROL,2026-03-14,Y
PAY_CONFIRM_V2,108653,TREATMENT,2026-03-15,Y
PAY_CONFIRM_V2,100289,CONTROL,2026-03-09,Y
PAY_CONFIRM_V2,108177,TREATMENT,2026-03-18,Y
PAY_CONFIRM_V2,105592,CONTROL,2026-03-25,Y
PAY_CONFIRM_V2,108405,TREATMENT,2026-03-02,Y
PAY_CONFIRM_V2,108982,CONTROL,2026-03-07,Y
PAY_CONFIRM_V2,105277,CONTROL,2026-03-01,Y
PAY_CONFIRM_V2,105587,CONTROL,2026-03-24,Y
PAY_CONFIRM_V2,108200,TREATMENT,2026-03-26,Y
PAY_CONFIRM_V2,100645,TREATMENT,2026-03-01,Y
PAY_CONFIRM_V2,105920,CONTROL,2026-03-28,Y
PAY_CONFIRM_V2,102038,TREATMENT,2026-03-26,Y
PAY_CONFIRM_V2,102555,CONTROL,2026-03-09,Y
PAY_CONFIRM_V2,102845,TREATMENT,2026-03-10,Y
PAY_CONFIRM_V2,106085,CONTROL,2026-03-28,Y
PAY_CONFIRM_V2,108707,TREATMENT,2026-03-02,Y
PAY_CONFIRM_V2,106605,CONTROL,2026-03-03,Y
PAY_CONFIRM_V2,109716,TREATMENT,2026-03-27,Y
PAY_CONFIRM_V2,109942,CONTROL,2026-03-26,Y
PAY_CONFIRM_V2,104542,TREATMENT,2026-03-18,Y
PAY_CONFIRM_V2,101270,TREATMENT,2026-03-15,Y
PAY_CONFIRM_V2,108726,CONTROL,2026-03-28,Y
PAY_CONFIRM_V2,105650,CONTROL,2026-03-30,Y
PAY_CONFIRM_V2,106387,CONTROL,2026-03-04,Y
PAY_CONFIRM_V2,101766,CONTROL,2026-03-29,Y
PAY_CONFIRM_V2,108779,CONTROL,2026-03-02,Y
PAY_CONFIRM_V2,100959,TREATMENT,2026-03-30,Y
PAY_CONFIRM_V2,109039,TREATMENT,2026-03-12,Y
PAY_CONFIRM_V2,109014,TREATMENT,2026-03-06,Y
PAY_CONFIRM_V2,108612,TREATMENT,2026-03-29,Y
PAY_CONFIRM_V2,100335,CONTROL,2026-03-15,Y
PAY_CONFIRM_V2,102894,TREATMENT,2026-03-04,Y
PAY_CONFIRM_V2,104596,CONTROL,2026-03-24,Y
PAY_CONFIRM_V2,107901,CONTROL,2026-03-23,Y
PAY_CONFIRM_V2,100042,TREATMENT,2026-03-18,Y
PAY_CONFIRM_V2,101749,CONTROL,2026-03-17,Y
PAY_CONFIRM_V2,109892,CONTROL,2026-03-18,Y
PAY_CONFIRM_V2,100397,TREATMENT,2026-03-17,Y
PAY_CONFIRM_V2,106843,CONTROL,2026-03-21,Y
PAY_CONFIRM_V2,108169,TREATMENT,2026-03-18,Y
PAY_CONFIRM_V2,107314,TREATMENT,2026-03-11,Y
PAY_CONFIRM_V2,102535,CONTROL,2026-03-07,Y
PAY_CONFIRM_V2,105505,TREATMENT,2026-03-23,Y
PAY_CONFIRM_V2,100005,CONTROL,2026-03-24,Y
PAY_CONFIRM_V2,106655,CONTROL,2026-03-26,Y
PAY_CONFIRM_V2,106606,TREATMENT,2026-03-02,Y
PAY_CONFIRM_V2,101205,TREATMENT,2026-03-25,Y
PAY_CONFIRM_V2,102197,TREATMENT,2026-03-07,Y
PAY_CONFIRM_V2,109879,TREATMENT,2026-03-21,Y
PAY_CONFIRM_V2,107234,CONTROL,2026-03-23,Y
PAY_CONFIRM_V2,103703,CONTROL,2026-03-18,Y
PAY_CONFIRM_V2,108730,CONTROL,2026-03-12,Y
PAY_CONFIRM_V2,102583,CONTROL,2026-03-04,Y
PAY_CONFIRM_V2,103222,CONTROL,2026-03-14,Y
PAY_CONFIRM_V2,101008,TREATMENT,2026-03-23,Y
PAY_CONFIRM_V2,102834,CONTROL,2026-03-01,Y
PAY_CONFIRM_V2,109900,CONTROL,2026-03-21,Y
PAY_CONFIRM_V2,107285,CONTROL,2026-03-23,Y
PAY_CONFIRM_V2,102225,CONTROL,2026-03-29,Y
PAY_CONFIRM_V2,102325,TREATMENT,2026-03-02,Y
PAY_CONFIRM_V2,104865,CONTROL,2026-03-01,Y
PAY_CONFIRM_V2,107204,TREATMENT,2026-03-05,Y
PAY_CONFIRM_V2,108137,TREATMENT,2026-03-13,Y
PAY_CONFIRM_V2,109721,TREATMENT,2026-03-18,Y
PAY_CONFIRM_V2,105374,TREATMENT,2026-03-05,Y
PAY_CONFIRM_V2,109858,CONTROL,2026-03-23,Y
PAY_CONFIRM_V2,100538,CONTROL,2026-03-07,Y
PAY_CONFIRM_V2,109008,CONTROL,2026-03-29,Y
PAY_CONFIRM_V2,108594,TREATMENT,2026-03-19,Y
PAY_CONFIRM_V2,102382,TREATMENT,2026-03-27,Y
PAY_CONFIRM_V2,100689,CONTROL,2026-03-04,Y
PAY_CONFIRM_V2,106756,CONTROL,2026-03-10,Y
PAY_CONFIRM_V2,101005,TREATMENT,2026-03-16,Y
PAY_CONFIRM_V2,104293,CONTROL,2026-03-10,Y
PAY_CONFIRM_V2,103431,CONTROL,2026-03-06,Y
PAY_CONFIRM_V2,105738,TREATMENT,2026-03-07,Y
PAY_CONFIRM_V2,109993,CONTROL,2026-03-01,Y
PAY_CONFIRM_V2,109744,TREATMENT,2026-03-23,Y
PAY_CONFIRM_V2,109793,CONTROL,2026-03-22,Y
PAY_CONFIRM_V2,105108,CONTROL,2026-03-16,Y
PAY_CONFIRM_V2,105583,CONTROL,2026-03-18,Y
PAY_CONFIRM_V2,103389,CONTROL,2026-03-08,Y
PAY_CONFIRM_V2,107614,CONTROL,2026-03-08,Y
PAY_CONFIRM_V2,104395,CONTROL,2026-03-29,Y
PAY_CONFIRM_V2,108825,TREATMENT,2026-03-13,Y
PAY_CONFIRM_V2,100988,TREATMENT,2026-03-08,Y
PAY_CONFIRM_V2,104552,CONTROL,2026-03-12,Y
PAY_CONFIRM_V2,103496,TREATMENT,2026-03-06,Y
PAY_CONFIRM_V2,102284,TREATMENT,2026-03-04,Y
PAY_CONFIRM_V2,108018,CONTROL,2026-03-27,Y
PAY_CONFIRM_V2,103301,CONTROL,2026-03-07,Y
PAY_CONFIRM_V2,108465,CONTROL,2026-03-16,Y
PAY_CONFIRM_V2,106759,CONTROL,2026-03-14,Y
PAY_CONFIRM_V2,101085,TREATMENT,2026-03-21,Y
PAY_CONFIRM_V2,109140,CONTROL,2026-03-17,Y
PAY_CONFIRM_V2,103614,CONTROL,2026-03-04,Y
PAY_CONFIRM_V2,100225,TREATMENT,2026-03-29,Y
PAY_CONFIRM_V2,102869,CONTROL,2026-03-23,Y
PAY_CONFIRM_V2,109030,CONTROL,2026-03-22,Y
PAY_CONFIRM_V2,104711,TREATMENT,2026-03-01,Y
PAY_CONFIRM_V2,101368,TREATMENT,2026-03-15,Y
PAY_CONFIRM_V2,107183,CONTROL,2026-03-07,Y
PAY_CONFIRM_V2,104503,CONTROL,2026-03-21,Y
PAY_CONFIRM_V2,102288,TREATMENT,2026-03-02,Y
PAY_CONFIRM_V2,108947,TREATMENT,2026-03-07,Y
PAY_CONFIRM_V2,101779,CONTROL,2026-03-14,Y
PAY_CONFIRM_V2,106187,CONTROL,2026-03-19,Y
PAY_CONFIRM_V2,102078,CONTROL,2026-03-11,Y
PAY_CONFIRM_V2,100546,CONTROL,2026-03-20,Y
PAY_CONFIRM_V2,104093,CONTROL,2026-03-19,Y
PAY_CONFIRM_V2,108624,CONTROL,2026-03-25,Y
PAY_CONFIRM_V2,103028,TREATMENT,2026-03-23,Y
PAY_CONFIRM_V2,105772,CONTROL,2026-03-01,Y
PAY_CONFIRM_V2,100441,TREATMENT,2026-03-01,Y
PAY_CONFIRM_V2,108463,CONTROL,2026-03-18,Y
PAY_CONFIRM_V2,100810,TREATMENT,2026-03-12,Y
PAY_CONFIRM_V2,104602,CONTROL,2026-03-08,Y
PAY_CONFIRM_V2,101443,TREATMENT,2026-03-04,Y
PAY_CONFIRM_V2,101157,CONTROL,2026-03-25,Y
PAY_CONFIRM_V2,101843,TREATMENT,2026-03-03,Y
PAY_CONFIRM_V2,108616,CONTROL,2026-03-28,Y
PAY_CONFIRM_V2,100445,TREATMENT,2026-03-01,Y
PAY_CONFIRM_V2,108470,TREATMENT,2026-03-23,Y
PAY_CONFIRM_V2,104817,CONTROL,2026-03-29,Y
PAY_CONFIRM_V2,105686,CONTROL,2026-03-06,Y
PAY_CONFIRM_V2,105950,TREATMENT,2026-03-15,Y
PAY_CONFIRM_V2,109003,TREATMENT,2026-03-28,Y
PAY_CONFIRM_V2,109523,CONTROL,2026-03-18,Y
PAY_CONFIRM_V2,105413,CONTROL,2026-03-03,Y
PAY_CONFIRM_V2,100182,TREATMENT,2026-03-25,Y
PAY_CONFIRM_V2,101474,CONTROL,2026-03-28,Y
PAY_CONFIRM_V2,105063,TREATMENT,2026-03-17,Y
PAY_CONFIRM_V2,108485,CONTROL,2026-03-03,Y
PAY_CONFIRM_V2,103687,TREATMENT,2026-03-01,Y
PAY_CONFIRM_V2,101609,TREATMENT,2026-03-11,Y
PAY_CONFIRM_V2,104881,TREATMENT,2026-03-09,Y
PAY_CONFIRM_V2,105334,TREATMENT,2026-03-02,Y
PAY_CONFIRM_V2,103689,CONTROL,2026-03-09,Y
PAY_CONFIRM_V2,108404,CONTROL,2026-03-13,Y
PAY_CONFIRM_V2,104973,CONTROL,2026-03-09,Y
PAY_CONFIRM_V2,100595,TREATMENT,2026-03-06,Y
PAY_CONFIRM_V2,106781,TREATMENT,2026-03-18,Y
PAY_CONFIRM_V2,107458,CONTROL,2026-03-28,Y
PAY_CONFIRM_V2,106729,TREATMENT,2026-03-09,Y
PAY_CONFIRM_V2,101623,CONTROL,2026-03-16,Y
PAY_CONFIRM_V2,101278,CONTROL,2026-03-24,Y
PAY_CONFIRM_V2,105568,TREATMENT,2026-03-08,Y
PAY_CONFIRM_V2,103228,TREATMENT,2026-03-20,Y
PAY_CONFIRM_V2,106565,CONTROL,2026-03-16,Y
PAY_CONFIRM_V2,101028,TREATMENT,2026-03-13,Y
PAY_CONFIRM_V2,106122,CONTROL,2026-03-30,Y
PAY_CONFIRM_V2,108536,CONTROL,2026-03-18,Y
PAY_CONFIRM_V2,103761,CONTROL,2026-03-13,Y
PAY_CONFIRM_V2,101306,TREATMENT,2026-03-15,Y
PAY_CONFIRM_V2,101007,CONTROL,2026-03-16,Y
PAY_CONFIRM_V2,106769,TREATMENT,2026-03-21,Y
PAY_CONFIRM_V2,101741,TREATMENT,2026-03-19,Y
PAY_CONFIRM_V2,100152,TREATMENT,2026-03-23,Y
PAY_CONFIRM_V2,102639,CONTROL,2026-03-18,Y
PAY_CONFIRM_V2,108277,TREATMENT,2026-03-04,Y
PAY_CONFIRM_V2,102653,CONTROL,2026-03-11,Y
PAY_CONFIRM_V2,100461,CONTROL,2026-03-18,Y
PAY_CONFIRM_V2,102884,CONTROL,2026-03-02,Y
PAY_CONFIRM_V2,101317,TREATMENT,2026-03-09,Y
PAY_CONFIRM_V2,109401,TREATMENT,2026-03-12,Y
PAY_CONFIRM_V2,102542,CONTROL,2026-03-08,Y
PAY_CONFIRM_V2,105499,CONTROL,2026-03-26,Y
PAY_CONFIRM_V2,107870,TREATMENT,2026-03-07,Y
PAY_CONFIRM_V2,101337,CONTROL,2026-03-05,Y
PAY_CONFIRM_V2,106499,TREATMENT,2026-03-16,Y
PAY_CONFIRM_V2,107916,CONTROL,2026-03-13,Y
PAY_CONFIRM_V2,102640,TREATMENT,2026-03-10,Y
PAY_CONFIRM_V2,108043,TREATMENT,2026-03-16,Y
PAY_CONFIRM_V2,109343,TREATMENT,2026-03-25,Y
PAY_CONFIRM_V2,109752,CONTROL,2026-03-16,Y
PAY_CONFIRM_V2,103822,CONTROL,2026-03-25,Y
PAY_CONFIRM_V2,103773,CONTROL,2026-03-14,Y
PAY_CONFIRM_V2,101559,TREATMENT,2026-03-27,Y
PAY_CONFIRM_V2,101996,CONTROL,2026-03-08,Y
PAY_CONFIRM_V2,103540,CONTROL,2026-03-25,Y
PAY_CONFIRM_V2,104128,TREATMENT,2026-03-18,Y
PAY_CONFIRM_V2,100761,TREATMENT,2026-03-08,Y
PAY_CONFIRM_V2,102676,CONTROL,2026-03-27,Y
PAY_CONFIRM_V2,106639,CONTROL,2026-03-08,Y
PAY_CONFIRM_V2,104761,CONTROL,2026-03-18,Y
PAY_CONFIRM_V2,104704,CONTROL,2026-03-19,Y
PAY_CONFIRM_V2,102362,CONTROL,2026-03-22,Y
PAY_CONFIRM_V2,107951,TREATMENT,2026-03-29,Y
PAY_CONFIRM_V2,107750,CONTROL,2026-03-02,Y
PAY_CONFIRM_V2,104890,TREATMENT,2026-03-28,Y
PAY_CONFIRM_V2,102044,TREATMENT,2026-03-14,Y
PAY_CONFIRM_V2,102324,CONTROL,2026-03-19,Y
PAY_CONFIRM_V2,101934,TREATMENT,2026-03-08,Y
PAY_CONFIRM_V2,107422,CONTROL,2026-03-14,Y
PAY_CONFIRM_V2,106061,TREATMENT,2026-03-16,Y
PAY_CONFIRM_V2,104183,TREATMENT,2026-03-01,Y
PAY_CONFIRM_V2,105717,CONTROL,2026-03-23,Y
PAY_CONFIRM_V2,106403,CONTROL,2026-03-20,Y
PAY_CONFIRM_V2,101298,TREATMENT,2026-03-26,Y
PAY_CONFIRM_V2,102413,TREATMENT,2026-03-05,Y
PAY_CONFIRM_V2,104900,CONTROL,2026-03-17,Y
PAY_CONFIRM_V2,101984,TREATMENT,2026-03-04,Y
PAY_CONFIRM_V2,104814,CONTROL,2026-03-02,Y
PAY_CONFIRM_V2,102472,TREATMENT,2026-03-14,Y
PAY_CONFIRM_V2,109982,CONTROL,2026-03-06,Y
PAY_CONFIRM_V2,107346,TREATMENT,2026-03-03,Y
PAY_CONFIRM_V2,105791,TREATMENT,2026-03-04,Y
PAY_CONFIRM_V2,102231,CONTROL,2026-03-04,Y
PAY_CONFIRM_V2,105897,TREATMENT,2026-03-09,Y
PAY_CONFIRM_V2,101356,CONTROL,2026-03-14,Y
PAY_CONFIRM_V2,107283,CONTROL,2026-03-10,Y
PAY_CONFIRM_V2,103645,TREATMENT,2026-03-06,Y
PAY_CONFIRM_V2,109777,CONTROL,2026-03-23,Y
PAY_CONFIRM_V2,105512,CONTROL,2026-03-29,Y
PAY_CONFIRM_V2,102659,TREATMENT,2026-03-25,Y
PAY_CONFIRM_V2,100730,CONTROL,2026-03-05,Y
PAY_CONFIRM_V2,101420,TREATMENT,2026-03-08,Y
PAY_CONFIRM_V2,109938,CONTROL,2026-03-18,Y
PAY_CONFIRM_V2,105821,CONTROL,2026-03-17,Y
PAY_CONFIRM_V2,109521,CONTROL,2026-03-24,Y
PAY_CONFIRM_V2,101656,TREATMENT,2026-03-03,Y
PAY_CONFIRM_V2,106379,CONTROL,2026-03-03,Y
PAY_CONFIRM_V2,109916,TREATMENT,2026-03-28,Y
PAY_CONFIRM_V2,105579,CONTROL,2026-03-21,Y
PAY_CONFIRM_V2,101211,TREATMENT,2026-03-07,Y
PAY_CONFIRM_V2,107785,TREATMENT,2026-03-14,Y
PAY_CONFIRM_V2,109088,TREATMENT,2026-03-27,Y
PAY_CONFIRM_V2,103747,TREATMENT,2026-03-14,Y
PAY_CONFIRM_V2,109002,CONTROL,2026-03-15,Y
PAY_CONFIRM_V2,108252,TREATMENT,2026-03-29,Y
PAY_CONFIRM_V2,102898,CONTROL,2026-03-28,Y
PAY_CONFIRM_V2,102714,CONTROL,2026-03-21,Y
PAY_CONFIRM_V2,106477,CONTROL,2026-03-06,Y
PAY_CONFIRM_V2,105954,TREATMENT,2026-03-27,Y
PAY_CONFIRM_V2,102400,CONTROL,2026-03-09,Y
PAY_CONFIRM_V2,109286,TREATMENT,2026-03-14,Y
PAY_CONFIRM_V2,108832,CONTROL,2026-03-04,Y
PAY_CONFIRM_V2,102963,TREATMENT,2026-03-04,Y
PAY_CONFIRM_V2,100795,CONTROL,2026-03-21,Y
PAY_CONFIRM_V2,100426,CONTROL,2026-03-06,Y
PAY_CONFIRM_V2,100135,CONTROL,2026-03-11,Y
PAY_CONFIRM_V2,106185,TREATMENT,2026-03-03,Y
PAY_CONFIRM_V2,100851,CONTROL,2026-03-25,Y
PAY_CONFIRM_V2,108632,TREATMENT,2026-03-10,Y
PAY_CONFIRM_V2,103643,CONTROL,2026-03-25,Y
PAY_CONFIRM_V2,108609,CONTROL,2026-03-29,Y
PAY_CONFIRM_V2,109663,CONTROL,2026-03-03,Y
PAY_CONFIRM_V2,109680,CONTROL,2026-03-15,Y
PAY_CONFIRM_V2,109970,TREATMENT,2026-03-10,Y
PAY_CONFIRM_V2,106409,TREATMENT,2026-03-26,Y
PAY_CONFIRM_V2,105314,CONTROL,2026-03-29,Y
PAY_CONFIRM_V2,108501,TREATMENT,2026-03-28,Y
PAY_CONFIRM_V2,100938,CONTROL,2026-03-30,Y
PAY_CONFIRM_V2,108024,CONTROL,2026-03-15,Y
PAY_CONFIRM_V2,109630,TREATMENT,2026-03-21,Y
PAY_CONFIRM_V2,101803,TREATMENT,2026-03-15,Y
PAY_CONFIRM_V2,104411,CONTROL,2026-03-04,Y
PAY_CONFIRM_V2,105092,TREATMENT,2026-03-29,Y
PAY_CONFIRM_V2,105554,CONTROL,2026-03-13,Y
PAY_CONFIRM_V2,100708,TREATMENT,2026-03-24,Y
PAY_CONFIRM_V2,105578,CONTROL,2026-03-11,Y
PAY_CONFIRM_V2,108179,CONTROL,2026-03-04,Y
PAY_CONFIRM_V2,102264,CONTROL,2026-03-13,Y
PAY_CONFIRM_V2,101794,CONTROL,2026-03-27,Y
PAY_CONFIRM_V2,109923,CONTROL,2026-03-04,Y
PAY_CONFIRM_V2,109706,TREATMENT,2026-03-17,Y
PAY_CONFIRM_V2,102956,CONTROL,2026-03-04,Y
PAY_CONFIRM_V2,105035,TREATMENT,2026-03-01,Y
PAY_CONFIRM_V2,105972,CONTROL,2026-03-14,Y
PAY_CONFIRM_V2,107611,CONTROL,2026-03-28,Y
PAY_CONFIRM_V2,100349,TREATMENT,2026-03-09,Y
PAY_CONFIRM_V2,101869,TREATMENT,2026-03-02,Y
PAY_CONFIRM_V2,107058,CONTROL,2026-03-10,Y
PAY_CONFIRM_V2,109277,TREATMENT,2026-03-01,Y
PAY_CONFIRM_V2,100298,TREATMENT,2026-03-30,Y
PAY_CONFIRM_V2,104741,CONTROL,2026-03-01,Y
PAY_CONFIRM_V2,100399,TREATMENT,2026-03-01,Y
PAY_CONFIRM_V2,100604,TREATMENT,2026-03-11,Y
PAY_CONFIRM_V2,106202,CONTROL,2026-03-28,Y
PAY_CONFIRM_V2,107644,TREATMENT,2026-03-03,Y
PAY_CONFIRM_V2,108946,CONTROL,2026-03-02,Y
PAY_CONFIRM_V2,107067,CONTROL,2026-03-07,Y
PAY_CONFIRM_V2,100837,CONTROL,2026-03-19,Y
PAY_CONFIRM_V2,109646,CONTROL,2026-03-20,Y
PAY_CONFIRM_V2,101493,CONTROL,2026-03-15,Y
PAY_CONFIRM_V2,107710,CONTROL,2026-03-02,Y
PAY_CONFIRM_V2,104849,CONTROL,2026-03-03,Y
PAY_CONFIRM_V2,107258,CONTROL,2026-03-01,Y
PAY_CONFIRM_V2,108282,CONTROL,2026-03-17,Y
PAY_CONFIRM_V2,104366,TREATMENT,2026-03-15,Y
PAY_CONFIRM_V2,105428,CONTROL,2026-03-24,Y
PAY_CONFIRM_V2,101632,TREATMENT,2026-03-29,Y
PAY_CONFIRM_V2,103814,TREATMENT,2026-03-29,Y
PAY_CONFIRM_V2,102459,TREATMENT,2026-03-08,Y
PAY_CONFIRM_V2,100027,TREATMENT,2026-03-24,Y
PAY_CONFIRM_V2,108479,CONTROL,2026-03-24,Y
PAY_CONFIRM_V2,104842,CONTROL,2026-03-21,Y
PAY_CONFIRM_V2,101024,CONTROL,2026-03-14,Y
PAY_CONFIRM_V2,100288,TREATMENT,2026-03-26,Y
PAY_CONFIRM_V2,106987,TREATMENT,2026-03-06,Y
PAY_CONFIRM_V2,106009,TREATMENT,2026-03-29,Y
PAY_CONFIRM_V2,102858,CONTROL,2026-03-10,Y
PAY_CONFIRM_V2,105020,TREATMENT,2026-03-19,Y
PAY_CONFIRM_V2,108914,CONTROL,2026-03-27,Y
PAY_CONFIRM_V2,105649,TREATMENT,2026-03-07,Y
PAY_CONFIRM_V2,106128,TREATMENT,2026-03-29,Y
PAY_CONFIRM_V2,101200,TREATMENT,2026-03-14,Y
PAY_CONFIRM_V2,102293,CONTROL,2026-03-21,Y
PAY_CONFIRM_V2,102878,TREATMENT,2026-03-23,Y
PAY_CONFIRM_V2,104748,CONTROL,2026-03-11,Y
PAY_CONFIRM_V2,107251,TREATMENT,2026-03-28,Y
PAY_CONFIRM_V2,104003,TREATMENT,2026-03-30,Y
PAY_CONFIRM_V2,102901,TREATMENT,2026-03-09,Y
PAY_CONFIRM_V2,104679,CONTROL,2026-03-17,Y
PAY_CONFIRM_V2,106070,CONTROL,2026-03-06,Y
PAY_CONFIRM_V2,108598,CONTROL,2026-03-09,Y
PAY_CONFIRM_V2,109909,TREATMENT,2026-03-13,Y
PAY_CONFIRM_V2,104912,CONTROL,2026-03-20,Y
PAY_CONFIRM_V2,109486,CONTROL,2026-03-12,Y
PAY_CONFIRM_V2,100580,TREATMENT,2026-03-18,Y
PAY_CONFIRM_V2,106483,CONTROL,2026-03-18,Y
PAY_CONFIRM_V2,108926,CONTROL,2026-03-12,Y
PAY_CONFIRM_V2,100875,TREATMENT,2026-03-15,Y
PAY_CONFIRM_V2,104177,CONTROL,2026-03-12,Y
PAY_CONFIRM_V2,102179,CONTROL,2026-03-03,Y
PAY_CONFIRM_V2,103428,CONTROL,2026-03-11,Y
PAY_CONFIRM_V2,104479,CONTROL,2026-03-24,Y
PAY_CONFIRM_V2,104246,TREATMENT,2026-03-25,Y
PAY_CONFIRM_V2,105734,TREATMENT,2026-03-22,Y
PAY_CONFIRM_V2,101228,TREATMENT,2026-03-24,Y
PAY_CONFIRM_V2,105710,TREATMENT,2026-03-14,Y
PAY_CONFIRM_V2,100100,CONTROL,2026-03-11,Y
PAY_CONFIRM_V2,107082,CONTROL,2026-03-09,Y
PAY_CONFIRM_V2,103839,TREATMENT,2026-03-14,Y
PAY_CONFIRM_V2,100660,CONTROL,2026-03-12,Y
PAY_CONFIRM_V2,105520,TREATMENT,2026-03-12,Y
PAY_CONFIRM_V2,100623,CONTROL,2026-03-03,Y
PAY_CONFIRM_V2,108862,CONTROL,2026-03-02,Y
PAY_CONFIRM_V2,106960,TREATMENT,2026-03-08,Y
PAY_CONFIRM_V2,109494,CONTROL,2026-03-13,Y
PAY_CONFIRM_V2,104898,TREATMENT,2026-03-17,Y
PAY_CONFIRM_V2,105107,CONTROL,2026-03-03,Y
PAY_CONFIRM_V2,104537,CONTROL,2026-03-25,Y
PAY_CONFIRM_V2,106351,CONTROL,2026-03-10,Y
PAY_CONFIRM_V2,100702,CONTROL,2026-03-11,Y
PAY_CONFIRM_V2,109684,CONTROL,2026-03-01,Y
PAY_CONFIRM_V2,100121,CONTROL,2026-03-17,Y
PAY_CONFIRM_V2,107865,CONTROL,2026-03-13,Y
PAY_CONFIRM_V2,105814,CONTROL,2026-03-08,Y
PAY_CONFIRM_V2,107517,CONTROL,2026-03-01,Y
PAY_CONFIRM_V2,108487,TREATMENT,2026-03-11,Y
PAY_CONFIRM_V2,102416,TREATMENT,2026-03-05,Y
PAY_CONFIRM_V2,104945,TREATMENT,2026-03-27,Y
PAY_CONFIRM_V2,106160,CONTROL,2026-03-26,Y
PAY_CONFIRM_V2,100879,TREATMENT,2026-03-06,Y
PAY_CONFIRM_V2,105044,CONTROL,2026-03-02,Y
PAY_CONFIRM_V2,101863,TREATMENT,2026-03-28,Y
PAY_CONFIRM_V2,103020,CONTROL,2026-03-14,Y
PAY_CONFIRM_V2,102572,TREATMENT,2026-03-14,Y
PAY_CONFIRM_V2,104721,TREATMENT,2026-03-13,Y
PAY_CONFIRM_V2,109904,TREATMENT,2026-03-12,Y
PAY_CONFIRM_V2,105422,TREATMENT,2026-03-03,Y
PAY_CONFIRM_V2,103300,CONTROL,2026-03-27,Y
PAY_CONFIRM_V2,109156,CONTROL,2026-03-19,Y
PAY_CONFIRM_V2,107101,CONTROL,2026-03-01,Y
PAY_CONFIRM_V2,106165,CONTROL,2026-03-20,Y
PAY_CONFIRM_V2,101083,TREATMENT,2026-03-20,Y
PAY_CONFIRM_V2,100404,TREATMENT,2026-03-03,Y
PAY_CONFIRM_V2,107318,TREATMENT,2026-03-16,Y
PAY_CONFIRM_V2,100428,CONTROL,2026-03-07,Y
PAY_CONFIRM_V2,101262,TREATMENT,2026-03-04,Y
PAY_CONFIRM_V2,106152,TREATMENT,2026-03-25,Y
PAY_CONFIRM_V2,100317,CONTROL,2026-03-27,Y
PAY_CONFIRM_V2,105065,CONTROL,2026-03-11,Y
PAY_CONFIRM_V2,106809,TREATMENT,2026-03-27,Y
PAY_CONFIRM_V2,108735,CONTROL,2026-03-04,Y
PAY_CONFIRM_V2,109890,TREATMENT,2026-03-14,Y
PAY_CONFIRM_V2,106490,TREATMENT,2026-03-14,Y
PAY_CONFIRM_V2,106705,TREATMENT,2026-03-24,Y
PAY_CONFIRM_V2,101046,CONTROL,2026-03-13,Y
PAY_CONFIRM_V2,109952,CONTROL,2026-03-19,Y
PAY_CONFIRM_V2,105811,CONTROL,2026-03-17,Y
PAY_CONFIRM_V2,100561,TREATMENT,2026-03-30,Y
PAY_CONFIRM_V2,104254,TREATMENT,2026-03-06,Y
PAY_CONFIRM_V2,100316,TREATMENT,2026-03-14,Y
PAY_CONFIRM_V2,103168,CONTROL,2026-03-20,Y
PAY_CONFIRM_V2,108834,TREATMENT,2026-03-23,Y
PAY_CONFIRM_V2,108789,CONTROL,2026-03-19,Y
PAY_CONFIRM_V2,100981,TREATMENT,2026-03-24,Y
PAY_CONFIRM_V2,107997,CONTROL,2026-03-09,Y
PAY_CONFIRM_V2,103406,TREATMENT,2026-03-23,Y
PAY_CONFIRM_V2,108717,TREATMENT,2026-03-17,Y
PAY_CONFIRM_V2,108012,CONTROL,2026-03-07,Y
PAY_CONFIRM_V2,103692,TREATMENT,2026-03-15,Y
PAY_CONFIRM_V2,101054,CONTROL,2026-03-18,Y
PAY_CONFIRM_V2,101569,TREATMENT,2026-03-28,Y
PAY_CONFIRM_V2,100080,CONTROL,2026-03-20,Y
PAY_CONFIRM_V2,104194,TREATMENT,2026-03-22,Y
PAY_CONFIRM_V2,104444,TREATMENT,2026-03-17,Y
PAY_CONFIRM_V2,104697,TREATMENT,2026-03-12,Y
PAY_CONFIRM_V2,101817,CONTROL,2026-03-13,Y
PAY_CONFIRM_V2,102214,CONTROL,2026-03-11,Y
PAY_CONFIRM_V2,107659,CONTROL,2026-03-28,Y
PAY_CONFIRM_V2,103564,CONTROL,2026-03-20,Y
PAY_CONFIRM_V2,107386,TREATMENT,2026-03-21,Y
PAY_CONFIRM_V2,107278,CONTROL,2026-03-12,Y
PAY_CONFIRM_V2,100190,CONTROL,2026-03-05,Y
PAY_CONFIRM_V2,105668,CONTROL,2026-03-08,Y
PAY_CONFIRM_V2,108016,CONTROL,2026-03-20,Y
PAY_CONFIRM_V2,100325,TREATMENT,2026-03-08,Y
PAY_CONFIRM_V2,101313,TREATMENT,2026-03-08,Y
PAY_CONFIRM_V2,101396,TREATMENT,2026-03-27,Y
PAY_CONFIRM_V2,107682,CONTROL,2026-03-26,Y
PAY_CONFIRM_V2,100572,TREATMENT,2026-03-23,Y
PAY_CONFIRM_V2,109306,TREATMENT,2026-03-07,Y
PAY_CONFIRM_V2,106933,CONTROL,2026-03-01,Y
PAY_CONFIRM_V2,104567,TREATMENT,2026-03-25,Y
PAY_CONFIRM_V2,109927,TREATMENT,2026-03-08,Y
PAY_CONFIRM_V2,104630,TREATMENT,2026-03-19,Y
PAY_CONFIRM_V2,107803,CONTROL,2026-03-17,Y
PAY_CONFIRM_V2,100114,CONTROL,2026-03-03,Y
PAY_CONFIRM_V2,108397,TREATMENT,2026-03-01,Y
PAY_CONFIRM_V2,104125,CONTROL,2026-03-18,Y
PAY_CONFIRM_V2,105914,CONTROL,2026-03-22,Y
PAY_CONFIRM_V2,105656,CONTROL,2026-03-30,Y
PAY_CONFIRM_V2,102024,TREATMENT,2026-03-13,Y
PAY_CONFIRM_V2,106562,CONTROL,2026-03-11,Y
PAY_CONFIRM_V2,104018,CONTROL,2026-03-06,Y
PAY_CONFIRM_V2,100321,CONTROL,2026-03-11,Y
PAY_CONFIRM_V2,104561,TREATMENT,2026-03-14,Y
PAY_CONFIRM_V2,100826,CONTROL,2026-03-26,Y
PAY_CONFIRM_V2,101512,CONTROL,2026-03-08,Y
PAY_CONFIRM_V2,105514,TREATMENT,2026-03-11,Y
PAY_CONFIRM_V2,105467,TREATMENT,2026-03-18,Y
PAY_CONFIRM_V2,107349,CONTROL,2026-03-06,Y
PAY_CONFIRM_V2,102568,TREATMENT,2026-03-27,Y
PAY_CONFIRM_V2,108807,TREATMENT,2026-03-23,Y
PAY_CONFIRM_V2,102328,TREATMENT,2026-03-11,Y
PAY_CONFIRM_V2,103376,TREATMENT,2026-03-26,Y
PAY_CONFIRM_V2,107288,TREATMENT,2026-03-17,Y
PAY_CONFIRM_V2,106242,CONTROL,2026-03-22,Y
PAY_CONFIRM_V2,102701,CONTROL,2026-03-09,Y
PAY_CONFIRM_V2,105055,CONTROL,2026-03-14,Y
PAY_CONFIRM_V2,100067,CONTROL,2026-03-04,Y
PAY_CONFIRM_V2,102759,CONTROL,2026-03-18,Y
PAY_CONFIRM_V2,105542,TREATMENT,2026-03-08,Y
PAY_CONFIRM_V2,101009,CONTROL,2026-03-20,Y
PAY_CONFIRM_V2,106571,TREATMENT,2026-03-19,Y
PAY_CONFIRM_V2,101448,CONTROL,2026-03-19,Y
PAY_CONFIRM_V2,105736,TREATMENT,2026-03-22,Y
PAY_CONFIRM_V2,103384,TREATMENT,2026-03-06,Y
PAY_CONFIRM_V2,106807,CONTROL,2026-03-25,Y
PAY_CONFIRM_V2,101859,TREATMENT,2026-03-22,Y
PAY_CONFIRM_V2,101895,CONTROL,2026-03-18,Y
PAY_CONFIRM_V2,106645,CONTROL,2026-03-27,Y
PAY_CONFIRM_V2,107608,TREATMENT,2026-03-26,Y
PAY_CONFIRM_V2,105318,CONTROL,2026-03-09,Y
PAY_CONFIRM_V2,107805,CONTROL,2026-03-27,Y
PAY_CONFIRM_V2,109956,CONTROL,2026-03-13,Y
PAY_CONFIRM_V2,102093,CONTROL,2026-03-12,Y
PAY_CONFIRM_V2,106827,TREATMENT,2026-03-20,Y
PAY_CONFIRM_V2,106378,TREATMENT,2026-03-01,Y
PAY_CONFIRM_V2,102883,TREATMENT,2026-03-30,Y
PAY_CONFIRM_V2,101506,TREATMENT,2026-03-14,Y
PAY_CONFIRM_V2,104322,TREATMENT,2026-03-28,Y
PAY_CONFIRM_V2,100624,TREATMENT,2026-03-01,Y
PAY_CONFIRM_V2,104551,TREATMENT,2026-03-09,Y
PAY_CONFIRM_V2,105216,TREATMENT,2026-03-20,Y
PAY_CONFIRM_V2,108719,TREATMENT,2026-03-14,Y
PAY_CONFIRM_V2,109108,CONTROL,2026-03-16,Y
PAY_CONFIRM_V2,102637,TREATMENT,2026-03-30,Y
PAY_CONFIRM_V2,107634,TREATMENT,2026-03-12,Y
PAY_CONFIRM_V2,103441,CONTROL,2026-03-06,Y
PAY_CONFIRM_V2,106278,TREATMENT,2026-03-10,Y
PAY_CONFIRM_V2,105191,TREATMENT,2026-03-02,Y
PAY_CONFIRM_V2,108625,CONTROL,2026-03-06,Y
PAY_CONFIRM_V2,100431,TREATMENT,2026-03-28,Y
PAY_CONFIRM_V2,102175,TREATMENT,2026-03-06,Y
PAY_CONFIRM_V2,100069,TREATMENT,2026-03-19,Y
PAY_CONFIRM_V2,104114,CONTROL,2026-03-26,Y
PAY_CONFIRM_V2,104733,CONTROL,2026-03-10,Y
PAY_CONFIRM_V2,101762,CONTROL,2026-03-01,Y
PAY_CONFIRM_V2,108223,TREATMENT,2026-03-14,Y
PAY_CONFIRM_V2,104388,TREATMENT,2026-03-04,Y
PAY_CONFIRM_V2,100887,CONTROL,2026-03-18,Y
PAY_CONFIRM_V2,108088,TREATMENT,2026-03-22,Y
PAY_CONFIRM_V2,105128,TREATMENT,2026-03-04,Y
PAY_CONFIRM_V2,101190,TREATMENT,2026-03-02,Y
PAY_CONFIRM_V2,108633,CONTROL,2026-03-28,Y
PAY_CONFIRM_V2,105131,TREATMENT,2026-03-04,Y
PAY_CONFIRM_V2,106797,CONTROL,2026-03-13,Y
PAY_CONFIRM_V2,101648,TREATMENT,2026-03-05,Y
PAY_CONFIRM_V2,107162,CONTROL,2026-03-01,Y
PAY_CONFIRM_V2,101177,CONTROL,2026-03-04,Y
PAY_CONFIRM_V2,102163,TREATMENT,2026-03-08,Y
PAY_CONFIRM_V2,108520,TREATMENT,2026-03-12,Y
PAY_CONFIRM_V2,107602,TREATMENT,2026-03-22,Y
PAY_CONFIRM_V2,103050,TREATMENT,2026-03-23,Y
PAY_CONFIRM_V2,105575,TREATMENT,2026-03-06,Y
PAY_CONFIRM_V2,109223,CONTROL,2026-03-30,Y
PAY_CONFIRM_V2,104458,TREATMENT,2026-03-20,Y
PAY_CONFIRM_V2,100765,TREATMENT,2026-03-03,Y
PAY_CONFIRM_V2,102986,TREATMENT,2026-03-05,Y
PAY_CONFIRM_V2,106288,CONTROL,2026-03-30,Y
PAY_CONFIRM_V2,107266,TREATMENT,2026-03-06,Y
PAY_CONFIRM_V2,105142,TREATMENT,2026-03-08,Y
PAY_CONFIRM_V2,103831,TREATMENT,2026-03-03,Y
PAY_CONFIRM_V2,109917,CONTROL,2026-03-04,Y
PAY_CONFIRM_V2,105415,CONTROL,2026-03-29,Y
PAY_CONFIRM_V2,108900,TREATMENT,2026-03-22,Y
PAY_CONFIRM_V2,104834,CONTROL,2026-03-23,Y
PAY_CONFIRM_V2,109375,TREATMENT,2026-03-05,Y
PAY_CONFIRM_V2,100554,CONTROL,2026-03-15,Y
PAY_CONFIRM_V2,103175,CONTROL,2026-03-05,Y
PAY_CONFIRM_V2,101014,TREATMENT,2026-03-24,Y
PAY_CONFIRM_V2,102022,CONTROL,2026-03-17,Y
PAY_CONFIRM_V2,105958,TREATMENT,2026-03-11,Y
PAY_CONFIRM_V2,109229,TREATMENT,2026-03-23,Y
PAY_CONFIRM_V2,105667,CONTROL,2026-03-17,Y
PAY_CONFIRM_V2,106774,CONTROL,2026-03-01,Y
PAY_CONFIRM_V2,104998,TREATMENT,2026-03-05,Y
PAY_CONFIRM_V2,102417,CONTROL,2026-03-14,Y
PAY_CONFIRM_V2,108979,TREATMENT,2026-03-08,Y
PAY_CONFIRM_V2,106040,CONTROL,2026-03-07,Y
PAY_CONFIRM_V2,104124,TREATMENT,2026-03-27,Y
PAY_CONFIRM_V2,105631,CONTROL,2026-03-16,Y
PAY_CONFIRM_V2,104086,CONTROL,2026-03-07,Y
PAY_CONFIRM_V2,102649,CONTROL,2026-03-16,Y
PAY_CONFIRM_V2,103809,CONTROL,2026-03-14,Y
PAY_CONFIRM_V2,108408,TREATMENT,2026-03-01,Y
PAY_CONFIRM_V2,105173,CONTROL,2026-03-12,Y
PAY_CONFIRM_V2,100341,TREATMENT,2026-03-18,Y
PAY_CONFIRM_V2,103626,CONTROL,2026-03-29,Y
PAY_CONFIRM_V2,108744,CONTROL,2026-03-27,Y
PAY_CONFIRM_V2,104779,TREATMENT,2026-03-13,Y
PAY_CONFIRM_V2,105102,TREATMENT,2026-03-12,Y
PAY_CONFIRM_V2,101122,CONTROL,2026-03-15,Y
PAY_CONFIRM_V2,109474,CONTROL,2026-03-13,Y
PAY_CONFIRM_V2,107369,CONTROL,2026-03-11,Y
PAY_CONFIRM_V2,108756,CONTROL,2026-03-25,Y
PAY_CONFIRM_V2,102817,CONTROL,2026-03-25,Y
PAY_CONFIRM_V2,101797,TREATMENT,2026-03-25,Y
PAY_CONFIRM_V2,105776,CONTROL,2026-03-01,Y
PAY_CONFIRM_V2,100478,CONTROL,2026-03-12,Y
PAY_CONFIRM_V2,105339,CONTROL,2026-03-06,Y
PAY_CONFIRM_V2,101184,TREATMENT,2026-03-11,Y
PAY_CONFIRM_V2,103487,CONTROL,2026-03-14,Y
PAY_CONFIRM_V2,109017,CONTROL,2026-03-08,Y
PAY_CONFIRM_V2,108974,TREATMENT,2026-03-01,Y
PAY_CONFIRM_V2,102516,TREATMENT,2026-03-21,Y
PAY_CONFIRM_V2,103245,TREATMENT,2026-03-06,Y
PAY_CONFIRM_V2,106895,CONTROL,2026-03-11,Y
PAY_CONFIRM_V2,102754,TREATMENT,2026-03-14,Y
PAY_CONFIRM_V2,104686,CONTROL,2026-03-23,Y
PAY_CONFIRM_V2,101377,CONTROL,2026-03-03,Y
PAY_CONFIRM_V2,106233,TREATMENT,2026-03-16,Y
PAY_CONFIRM_V2,102422,TREATMENT,2026-03-05,Y
PAY_CONFIRM_V2,102648,TREATMENT,2026-03-05,Y
PAY_CONFIRM_V2,104874,TREATMENT,2026-03-17,Y
PAY_CONFIRM_V2,103518,CONTROL,2026-03-06,Y
PAY_CONFIRM_V2,108106,TREATMENT,2026-03-08,Y
PAY_CONFIRM_V2,103281,CONTROL,2026-03-08,Y
PAY_CONFIRM_V2,100963,CONTROL,2026-03-27,Y
PAY_CONFIRM_V2,108389,TREATMENT,2026-03-11,Y
PAY_CONFIRM_V2,103256,TREATMENT,2026-03-04,Y
PAY_CONFIRM_V2,102219,TREATMENT,2026-03-29,Y
PAY_CONFIRM_V2,106934,TREATMENT,2026-03-17,Y
PAY_CONFIRM_V2,100983,CONTROL,2026-03-17,Y
PAY_CONFIRM_V2,106125,TREATMENT,2026-03-08,Y
PAY_CONFIRM_V2,101937,TREATMENT,2026-03-25,Y
PAY_CONFIRM_V2,103029,TREATMENT,2026-03-25,Y
PAY_CONFIRM_V2,104406,CONTROL,2026-03-19,Y
PAY_CONFIRM_V2,100374,CONTROL,2026-03-27,Y
PAY_CONFIRM_V2,105294,TREATMENT,2026-03-05,Y
PAY_CONFIRM_V2,107130,CONTROL,2026-03-22,Y
PAY_CONFIRM_V2,109555,CONTROL,2026-03-24,Y
PAY_CONFIRM_V2,105846,TREATMENT,2026-03-03,Y
PAY_CONFIRM_V2,100489,TREATMENT,2026-03-03,Y
PAY_CONFIRM_V2,101103,CONTROL,2026-03-08,Y
PAY_CONFIRM_V2,108190,TREATMENT,2026-03-03,Y
PAY_CONFIRM_V2,109252,CONTROL,2026-03-25,Y
PAY_CONFIRM_V2,101578,CONTROL,2026-03-02,Y
PAY_CONFIRM_V2,100331,CONTROL,2026-03-27,Y
PAY_CONFIRM_V2,103195,CONTROL,2026-03-27,Y
PAY_CONFIRM_V2,105566,CONTROL,2026-03-09,Y
PAY_CONFIRM_V2,100049,TREATMENT,2026-03-05,Y
PAY_CONFIRM_V2,103385,CONTROL,2026-03-21,Y
PAY_CONFIRM_V2,104233,TREATMENT,2026-03-19,Y
PAY_CONFIRM_V2,102154,TREATMENT,2026-03-15,Y
PAY_CONFIRM_V2,109809,TREATMENT,2026-03-06,Y
PAY_CONFIRM_V2,103754,CONTROL,2026-03-12,Y
PAY_CONFIRM_V2,102674,CONTROL,2026-03-19,Y
PAY_CONFIRM_V2,101181,TREATMENT,2026-03-17,Y
PAY_CONFIRM_V2,103011,CONTROL,2026-03-22,Y
PAY_CONFIRM_V2,107250,TREATMENT,2026-03-18,Y
PAY_CONFIRM_V2,100883,CONTROL,2026-03-23,Y
PAY_CONFIRM_V2,108875,TREATMENT,2026-03-09,Y
PAY_CONFIRM_V2,107760,TREATMENT,2026-03-21,Y
PAY_CONFIRM_V2,109607,TREATMENT,2026-03-22,Y
PAY_CONFIRM_V2,107319,TREATMENT,2026-03-02,Y
PAY_CONFIRM_V2,102864,TREATMENT,2026-03-12,Y
PAY_CONFIRM_V2,109025,TREATMENT,2026-03-17,Y
PAY_CONFIRM_V2,101314,CONTROL,2026-03-10,Y
PAY_CONFIRM_V2,108337,CONTROL,2026-03-16,Y
PAY_CONFIRM_V2,107069,TREATMENT,2026-03-13,Y
PAY_CONFIRM_V2,108315,TREATMENT,2026-03-11,Y
PAY_CONFIRM_V2,108055,TREATMENT,2026-03-18,Y
PAY_CONFIRM_V2,103632,CONTROL,2026-03-16,Y
PAY_CONFIRM_V2,100796,CONTROL,2026-03-01,Y
PAY_CONFIRM_V2,104252,TREATMENT,2026-03-30,Y
PAY_CONFIRM_V2,100713,TREATMENT,2026-03-18,Y
PAY_CONFIRM_V2,109795,TREATMENT,2026-03-20,Y
PAY_CONFIRM_V2,102642,CONTROL,2026-03-08,Y
PAY_CONFIRM_V2,103299,TREATMENT,2026-03-10,Y
PAY_CONFIRM_V2,108007,TREATMENT,2026-03-25,Y
PAY_CONFIRM_V2,106525,TREATMENT,2026-03-16,Y
PAY_CONFIRM_V2,107280,TREATMENT,2026-03-17,Y
PAY_CONFIRM_V2,105982,TREATMENT,2026-03-27,Y
PAY_CONFIRM_V2,104661,CONTROL,2026-03-15,Y
PAY_CONFIRM_V2,104903,CONTROL,2026-03-08,Y
PAY_CONFIRM_V2,106680,TREATMENT,2026-03-15,Y
PAY_CONFIRM_V2,108886,CONTROL,2026-03-08,Y
PAY_CONFIRM_V2,103503,CONTROL,2026-03-01,Y
PAY_CONFIRM_V2,104314,TREATMENT,2026-03-27,Y
PAY_CONFIRM_V2,104824,CONTROL,2026-03-09,Y
PAY_CONFIRM_V2,102398,TREATMENT,2026-03-18,Y
PAY_CONFIRM_V2,106170,TREATMENT,2026-03-26,Y
PAY_CONFIRM_V2,109831,CONTROL,2026-03-18,Y
PAY_CONFIRM_V2,106245,TREATMENT,2026-03-06,Y
PAY_CONFIRM_V2,105877,TREATMENT,2026-03-26,Y
PAY_CONFIRM_V2,100807,CONTROL,2026-03-11,Y
PAY_CONFIRM_V2,106823,CONTROL,2026-03-10,Y
PAY_CONFIRM_V2,107201,TREATMENT,2026-03-01,Y
PAY_CONFIRM_V2,108246,TREATMENT,2026-03-09,Y
PAY_CONFIRM_V2,109498,TREATMENT,2026-03-14,Y
PAY_CONFIRM_V2,102352,TREATMENT,2026-03-16,Y
PAY_CONFIRM_V2,108907,TREATMENT,2026-03-05,Y
PAY_CONFIRM_V2,100412,TREATMENT,2026-03-29,Y
PAY_CONFIRM_V2,106554,TREATMENT,2026-03-19,Y
PAY_CONFIRM_V2,100805,CONTROL,2026-03-30,Y
PAY_CONFIRM_V2,105247,CONTROL,2026-03-30,Y
PAY_CONFIRM_V2,101921,TREATMENT,2026-03-06,Y
PAY_CONFIRM_V2,103753,CONTROL,2026-03-12,Y
PAY_CONFIRM_V2,102921,CONTROL,2026-03-22,Y
PAY_CONFIRM_V2,102329,TREATMENT,2026-03-09,Y
PAY_CONFIRM_V2,106041,TREATMENT,2026-03-11,Y
PAY_CONFIRM_V2,108700,CONTROL,2026-03-20,Y
PAY_CONFIRM_V2,104925,CONTROL,2026-03-08,Y
PAY_CONFIRM_V2,100124,CONTROL,2026-03-01,Y
PAY_CONFIRM_V2,108892,CONTROL,2026-03-26,Y
PAY_CONFIRM_V2,101309,TREATMENT,2026-03-20,Y
PAY_CONFIRM_V2,106599,CONTROL,2026-03-26,Y
PAY_CONFIRM_V2,106382,CONTROL,2026-03-27,Y
PAY_CONFIRM_V2,103639,TREATMENT,2026-03-09,Y
PAY_CONFIRM_V2,100062,TREATMENT,2026-03-05,Y
PAY_CONFIRM_V2,105311,TREATMENT,2026-03-23,Y
PAY_CONFIRM_V2,100406,TREATMENT,2026-03-25,Y
PAY_CONFIRM_V2,107921,TREATMENT,2026-03-10,Y
PAY_CONFIRM_V2,100719,TREATMENT,2026-03-30,Y
PAY_CONFIRM_V2,103146,CONTROL,2026-03-22,Y
PAY_CONFIRM_V2,105657,CONTROL,2026-03-05,Y
PAY_CONFIRM_V2,107441,TREATMENT,2026-03-09,Y
PAY_CONFIRM_V2,109377,TREATMENT,2026-03-10,Y
PAY_CONFIRM_V2,109055,CONTROL,2026-03-27,Y
PAY_CONFIRM_V2,103309,CONTROL,2026-03-26,Y
PAY_CONFIRM_V2,103185,TREATMENT,2026-03-22,Y
PAY_CONFIRM_V2,109051,TREATMENT,2026-03-15,Y
PAY_CONFIRM_V2,101654,CONTROL,2026-03-25,Y
PAY_CONFIRM_V2,104377,TREATMENT,2026-03-11,Y
PAY_CONFIRM_V2,104763,TREATMENT,2026-03-27,Y
PAY_CONFIRM_V2,108280,TREATMENT,2026-03-29,Y
PAY_CONFIRM_V2,103066,CONTROL,2026-03-30,Y
PAY_CONFIRM_V2,103267,TREATMENT,2026-03-18,Y
PAY_CONFIRM_V2,104871,TREATMENT,2026-03-16,Y
PAY_CONFIRM_V2,105979,CONTROL,2026-03-08,Y
PAY_CONFIRM_V2,104665,CONTROL,2026-03-07,Y
PAY_CONFIRM_V2,102335,TREATMENT,2026-03-17,Y
PAY_CONFIRM_V2,104678,TREATMENT,2026-03-13,Y
PAY_CONFIRM_V2,106719,TREATMENT,2026-03-22,Y
PAY_CONFIRM_V2,105182,TREATMENT,2026-03-24,Y
PAY_CONFIRM_V2,104942,CONTROL,2026-03-28,Y
PAY_CONFIRM_V2,102580,CONTROL,2026-03-12,Y
PAY_CONFIRM_V2,106299,CONTROL,2026-03-21,Y
PAY_CONFIRM_V2,109861,CONTROL,2026-03-20,Y
PAY_CONFIRM_V2,103034,TREATMENT,2026-03-04,Y
PAY_CONFIRM_V2,104182,CONTROL,2026-03-21,Y
PAY_CONFIRM_V2,103450,CONTROL,2026-03-07,Y
PAY_CONFIRM_V2,100659,TREATMENT,2026-03-01,Y
PAY_CONFIRM_V2,109604,CONTROL,2026-03-24,Y
PAY_CONFIRM_V2,100850,TREATMENT,2026-03-14,Y
PAY_CONFIRM_V2,102317,CONTROL,2026-03-05,Y
PAY_CONFIRM_V2,109240,CONTROL,2026-03-08,Y
PAY_CONFIRM_V2,107156,CONTROL,2026-03-25,Y
PAY_CONFIRM_V2,106191,CONTROL,2026-03-20,Y
PAY_CONFIRM_V2,100902,CONTROL,2026-03-10,Y
PAY_CONFIRM_V2,101509,CONTROL,2026-03-27,Y
PAY_CONFIRM_V2,104625,TREATMENT,2026-03-13,Y
PAY_CONFIRM_V2,104511,CONTROL,2026-03-13,Y
PAY_CONFIRM_V2,100814,CONTROL,2026-03-15,Y
PAY_CONFIRM_V2,102647,TREATMENT,2026-03-12,Y
PAY_CONFIRM_V2,105007,TREATMENT,2026-03-06,Y
PAY_CONFIRM_V2,109880,CONTROL,2026-03-07,Y
PAY_CONFIRM_V2,106138,TREATMENT,2026-03-20,Y
PAY_CONFIRM_V2,108237,CONTROL,2026-03-01,Y
PAY_CONFIRM_V2,101607,TREATMENT,2026-03-13,Y
PAY_CONFIRM_V2,102919,CONTROL,2026-03-16,Y
PAY_CONFIRM_V2,109623,CONTROL,2026-03-19,Y
PAY_CONFIRM_V2,100256,TREATMENT,2026-03-18,Y
PAY_CONFIRM_V2,103816,TREATMENT,2026-03-26,Y
PAY_CONFIRM_V2,101434,CONTROL,2026-03-14,Y
PAY_CONFIRM_V2,106307,CONTROL,2026-03-22,Y
PAY_CONFIRM_V2,109420,CONTROL,2026-03-29,Y
PAY_CONFIRM_V2,109541,TREATMENT,2026-03-05,Y
PAY_CONFIRM_V2,108065,CONTROL,2026-03-16,Y
PAY_CONFIRM_V2,100252,CONTROL,2026-03-02,Y
PAY_CONFIRM_V2,101849,CONTROL,2026-03-09,Y
PAY_CONFIRM_V2,103589,TREATMENT,2026-03-15,Y
PAY_CONFIRM_V2,106381,TREATMENT,2026-03-10,Y
PAY_CONFIRM_V2,101948,CONTROL,2026-03-15,Y
PAY_CONFIRM_V2,108642,TREATMENT,2026-03-26,Y
PAY_CONFIRM_V2,105808,CONTROL,2026-03-30,Y
PAY_CONFIRM_V2,106861,CONTROL,2026-03-05,Y
PAY_CONFIRM_V2,103883,CONTROL,2026-03-29,Y
PAY_CONFIRM_V2,104634,CONTROL,2026-03-30,Y
PAY_CONFIRM_V2,106021,TREATMENT,2026-03-07,Y
PAY_CONFIRM_V2,105933,CONTROL,2026-03-21,Y
PAY_CONFIRM_V2,100634,TREATMENT,2026-03-29,Y
PAY_CONFIRM_V2,109085,CONTROL,2026-03-23,Y
PAY_CONFIRM_V2,101385,CONTROL,2026-03-15,Y
PAY_CONFIRM_V2,107699,CONTROL,2026-03-24,Y
PAY_CONFIRM_V2,103305,TREATMENT,2026-03-07,Y
PAY_CONFIRM_V2,101533,CONTROL,2026-03-05,Y
PAY_CONFIRM_V2,101050,CONTROL,2026-03-21,Y
PAY_CONFIRM_V2,102705,CONTROL,2026-03-01,Y
PAY_CONFIRM_V2,109836,TREATMENT,2026-03-05,Y
PAY_CONFIRM_V2,102442,TREATMENT,2026-03-09,Y
PAY_CONFIRM_V2,105012,TREATMENT,2026-03-27,Y
PAY_CONFIRM_V2,108181,CONTROL,2026-03-02,Y
PAY_CONFIRM_V2,106995,CONTROL,2026-03-07,Y
PAY_CONFIRM_V2,101275,CONTROL,2026-03-29,Y
PAY_CONFIRM_V2,109086,CONTROL,2026-03-05,Y
PAY_CONFIRM_V2,105429,CONTROL,2026-03-18,Y
PAY_CONFIRM_V2,106180,CONTROL,2026-03-01,Y
PAY_CONFIRM_V2,103395,CONTROL,2026-03-24,Y
PAY_CONFIRM_V2,108114,TREATMENT,2026-03-11,Y
PAY_CONFIRM_V2,107692,TREATMENT,2026-03-08,Y
PAY_CONFIRM_V2,109188,CONTROL,2026-03-20,Y
PAY_CONFIRM_V2,106291,CONTROL,2026-03-12,Y
PAY_CONFIRM_V2,106693,CONTROL,2026-03-11,Y
PAY_CONFIRM_V2,105087,TREATMENT,2026-03-12,Y
PAY_CONFIRM_V2,108687,TREATMENT,2026-03-08,Y
PAY_CONFIRM_V2,103221,CONTROL,2026-03-17,Y
PAY_CONFIRM_V2,106054,CONTROL,2026-03-25,Y
PAY_CONFIRM_V2,108422,TREATMENT,2026-03-19,Y
PAY_CONFIRM_V2,101011,TREATMENT,2026-03-09,Y
PAY_CONFIRM_V2,102487,CONTROL,2026-03-18,Y
PAY_CONFIRM_V2,105623,CONTROL,2026-03-28,Y
PAY_CONFIRM_V2,101295,TREATMENT,2026-03-23,Y
PAY_CONFIRM_V2,107683,CONTROL,2026-03-25,Y
PAY_CONFIRM_V2,107492,CONTROL,2026-03-13,Y
PAY_CONFIRM_V2,105226,CONTROL,2026-03-02,Y
PAY_CONFIRM_V2,108036,CONTROL,2026-03-07,Y
PAY_CONFIRM_V2,109469,TREATMENT,2026-03-21,Y
PAY_CONFIRM_V2,109807,CONTROL,2026-03-01,Y
PAY_CONFIRM_V2,100890,TREATMENT,2026-03-10,Y
PAY_CONFIRM_V2,101646,CONTROL,2026-03-07,Y
PAY_CONFIRM_V2,107158,CONTROL,2026-03-17,Y
PAY_CONFIRM_V2,102675,TREATMENT,2026-03-16,Y
PAY_CONFIRM_V2,105810,CONTROL,2026-03-13,Y
PAY_CONFIRM_V2,102363,CONTROL,2026-03-24,Y
PAY_CONFIRM_V2,101999,CONTROL,2026-03-30,Y
PAY_CONFIRM_V2,102865,CONTROL,2026-03-29,Y
PAY_CONFIRM_V2,104138,CONTROL,2026-03-03,Y
PAY_CONFIRM_V2,101809,CONTROL,2026-03-25,Y
PAY_CONFIRM_V2,103397,CONTROL,2026-03-21,Y
PAY_CONFIRM_V2,100455,CONTROL,2026-03-02,Y
PAY_CONFIRM_V2,105987,CONTROL,2026-03-22,Y
PAY_CONFIRM_V2,106833,CONTROL,2026-03-10,Y
PAY_CONFIRM_V2,104380,TREATMENT,2026-03-16,Y
PAY_CONFIRM_V2,105134,CONTROL,2026-03-07,Y
PAY_CONFIRM_V2,100413,CONTROL,2026-03-13,Y
PAY_CONFIRM_V2,103691,TREATMENT,2026-03-21,Y
PAY_CONFIRM_V2,101821,CONTROL,2026-03-04,Y
PAY_CONFIRM_V2,107774,CONTROL,2026-03-22,Y
PAY_CONFIRM_V2,108428,CONTROL,2026-03-23,Y
PAY_CONFIRM_V2,109271,TREATMENT,2026-03-28,Y
PAY_CONFIRM_V2,100011,CONTROL,2026-03-01,Y
PAY_CONFIRM_V2,105159,CONTROL,2026-03-12,Y
PAY_CONFIRM_V2,100550,CONTROL,2026-03-20,Y
PAY_CONFIRM_V2,107643,CONTROL,2026-03-29,Y
PAY_CONFIRM_V2,107097,TREATMENT,2026-03-18,Y
PAY_CONFIRM_V2,106334,TREATMENT,2026-03-05,Y
PAY_CONFIRM_V2,106558,CONTROL,2026-03-19,Y
PAY_CONFIRM_V2,102195,CONTROL,2026-03-13,Y
PAY_CONFIRM_V2,108285,TREATMENT,2026-03-07,Y
PAY_CONFIRM_V2,109920,CONTROL,2026-03-28,Y
PAY_CONFIRM_V2,106831,TREATMENT,2026-03-05,Y
PAY_CONFIRM_V2,106301,TREATMENT,2026-03-05,Y
PAY_CONFIRM_V2,108864,CONTROL,2026-03-22,Y
PAY_CONFIRM_V2,101907,TREATMENT,2026-03-19,Y
PAY_CONFIRM_V2,106209,CONTROL,2026-03-26,Y
PAY_CONFIRM_V2,106750,TREATMENT,2026-03-14,Y
PAY_CONFIRM_V2,107955,CONTROL,2026-03-25,Y
PAY_CONFIRM_V2,109727,TREATMENT,2026-03-18,Y
PAY_CONFIRM_V2,108032,CONTROL,2026-03-07,Y
PAY_CONFIRM_V2,101428,TREATMENT,2026-03-21,Y
PAY_CONFIRM_V2,101539,CONTROL,2026-03-26,Y
PAY_CONFIRM_V2,109692,CONTROL,2026-03-20,Y
PAY_CONFIRM_V2,107146,CONTROL,2026-03-19,Y
PAY_CONFIRM_V2,100382,TREATMENT,2026-03-14,Y
PAY_CONFIRM_V2,109235,CONTROL,2026-03-22,Y
PAY_CONFIRM_V2,108063,TREATMENT,2026-03-19,Y
PAY_CONFIRM_V2,108964,TREATMENT,2026-03-17,Y
PAY_CONFIRM_V2,108994,TREATMENT,2026-03-20,Y
PAY_CONFIRM_V2,104649,TREATMENT,2026-03-12,Y
PAY_CONFIRM_V2,106888,TREATMENT,2026-03-26,Y
PAY_CONFIRM_V2,109110,CONTROL,2026-03-08,Y
PAY_CONFIRM_V2,107818,TREATMENT,2026-03-10,Y
PAY_CONFIRM_V2,108168,TREATMENT,2026-03-26,Y
PAY_CONFIRM_V2,103128,CONTROL,2026-03-28,Y
PAY_CONFIRM_V2,103858,TREATMENT,2026-03-03,Y
PAY_CONFIRM_V2,104141,TREATMENT,2026-03-11,Y
PAY_CONFIRM_V2,105285,TREATMENT,2026-03-30,Y
PAY_CONFIRM_V2,103454,CONTROL,2026-03-23,Y
PAY_CONFIRM_V2,107072,CONTROL,2026-03-28,Y
PAY_CONFIRM_V2,102276,CONTROL,2026-03-21,Y
PAY_CONFIRM_V2,102827,CONTROL,2026-03-22,Y
PAY_CONFIRM_V2,102905,TREATMENT,2026-03-04,Y
PAY_CONFIRM_V2,108545,CONTROL,2026-03-30,Y
PAY_CONFIRM_V2,101296,TREATMENT,2026-03-06,Y
PAY_CONFIRM_V2,103688,CONTROL,2026-03-22,Y
PAY_CONFIRM_V2,100677,TREATMENT,2026-03-25,Y
PAY_CONFIRM_V2,109134,TREATMENT,2026-03-04,Y
PAY_CONFIRM_V2,100138,CONTROL,2026-03-30,Y
PAY_CONFIRM_V2,102614,CONTROL,2026-03-05,Y
PAY_CONFIRM_V2,107542,TREATMENT,2026-03-05,Y
PAY_CONFIRM_V2,110000,TREATMENT,2026-03-22,Y
PAY_CONFIRM_V2,109105,TREATMENT,2026-03-30,Y
PAY_CONFIRM_V2,107569,CONTROL,2026-03-09,Y
PAY_CONFIRM_V2,102448,TREATMENT,2026-03-01,Y
PAY_CONFIRM_V2,102139,TREATMENT,2026-03-11,Y
PAY_CONFIRM_V2,105209,TREATMENT,2026-03-27,Y
PAY_CONFIRM_V2,100143,CONTROL,2026-03-22,Y
PAY_CONFIRM_V2,101718,TREATMENT,2026-03-19,Y
PAY_CONFIRM_V2,108275,TREATMENT,2026-03-12,Y
PAY_CONFIRM_V2,107599,TREATMENT,2026-03-07,Y
PAY_CONFIRM_V2,103957,TREATMENT,2026-03-16,Y
PAY_CONFIRM_V2,101792,CONTROL,2026-03-13,Y
PAY_CONFIRM_V2,106682,CONTROL,2026-03-03,Y
PAY_CONFIRM_V2,101898,TREATMENT,2026-03-14,Y
PAY_CONFIRM_V2,100132,CONTROL,2026-03-05,Y
PAY_CONFIRM_V2,109838,TREATMENT,2026-03-28,Y
PAY_CONFIRM_V2,107464,CONTROL,2026-03-16,Y
PAY_CONFIRM_V2,108998,CONTROL,2026-03-29,Y
PAY_CONFIRM_V2,106998,TREATMENT,2026-03-30,Y
PAY_CONFIRM_V2,101282,CONTROL,2026-03-03,Y
PAY_CONFIRM_V2,100537,TREATMENT,2026-03-22,Y
PAY_CONFIRM_V2,104858,CONTROL,2026-03-02,Y
PAY_CONFIRM_V2,102255,CONTROL,2026-03-29,Y
PAY_CONFIRM_V2,101873,CONTROL,2026-03-20,Y
PAY_CONFIRM_V2,106520,CONTROL,2026-03-26,Y
PAY_CONFIRM_V2,107949,TREATMENT,2026-03-29,Y
PAY_CONFIRM_V2,100876,TREATMENT,2026-03-13,Y
PAY_CONFIRM_V2,109877,TREATMENT,2026-03-14,Y
PAY_CONFIRM_V2,102057,TREATMENT,2026-03-07,Y
PAY_CONFIRM_V2,107006,CONTROL,2026-03-06,Y
PAY_CONFIRM_V2,109131,CONTROL,2026-03-30,Y
PAY_CONFIRM_V2,100860,CONTROL,2026-03-12,Y
PAY_CONFIRM_V2,101957,TREATMENT,2026-03-12,Y
PAY_CONFIRM_V2,108703,TREATMENT,2026-03-30,Y
PAY_CONFIRM_V2,106423,TREATMENT,2026-03-05,Y
PAY_CONFIRM_V2,107334,TREATMENT,2026-03-27,Y
PAY_CONFIRM_V2,107883,TREATMENT,2026-03-06,Y
PAY_CONFIRM_V2,103963,CONTROL,2026-03-20,Y
PAY_CONFIRM_V2,109209,TREATMENT,2026-03-26,Y
PAY_CONFIRM_V2,104112,CONTROL,2026-03-03,Y
PAY_CONFIRM_V2,104160,CONTROL,2026-03-27,Y
PAY_CONFIRM_V2,106044,CONTROL,2026-03-01,Y
PAY_CONFIRM_V2,105968,CONTROL,2026-03-03,Y
PAY_CONFIRM_V2,106876,TREATMENT,2026-03-04,Y
PAY_CONFIRM_V2,105781,TREATMENT,2026-03-22,Y
PAY_CONFIRM_V2,106195,CONTROL,2026-03-03,Y
PAY_CONFIRM_V2,109099,CONTROL,2026-03-14,Y
PAY_CONFIRM_V2,102431,CONTROL,2026-03-03,Y
PAY_CONFIRM_V2,102511,CONTROL,2026-03-17,Y
PAY_CONFIRM_V2,102201,TREATMENT,2026-03-07,Y
PAY_CONFIRM_V2,102323,CONTROL,2026-03-06,Y
PAY_CONFIRM_V2,105625,CONTROL,2026-03-11,Y
PAY_CONFIRM_V2,103315,TREATMENT,2026-03-17,Y
PAY_CONFIRM_V2,103627,TREATMENT,2026-03-04,Y
PAY_CONFIRM_V2,100527,TREATMENT,2026-03-13,Y
PAY_CONFIRM_V2,106976,TREATMENT,2026-03-07,Y
PAY_CONFIRM_V2,108920,CONTROL,2026-03-15,Y
PAY_CONFIRM_V2,105083,TREATMENT,2026-03-30,Y
PAY_CONFIRM_V2,103349,TREATMENT,2026-03-06,Y
PAY_CONFIRM_V2,105687,TREATMENT,2026-03-24,Y
PAY_CONFIRM_V2,104946,CONTROL,2026-03-04,Y
PAY_CONFIRM_V2,105120,CONTROL,2026-03-30,Y
PAY_CONFIRM_V2,101737,TREATMENT,2026-03-27,Y
PAY_CONFIRM_V2,109596,CONTROL,2026-03-29,Y
PAY_CONFIRM_V2,104185,TREATMENT,2026-03-20,Y
PAY_CONFIRM_V2,105836,TREATMENT,2026-03-14,Y
PAY_CONFIRM_V2,107559,TREATMENT,2026-03-10,Y
PAY_CONFIRM_V2,103326,CONTROL,2026-03-24,Y
PAY_CONFIRM_V2,103958,CONTROL,2026-03-05,Y
PAY_CONFIRM_V2,102377,TREATMENT,2026-03-05,Y
PAY_CONFIRM_V2,109062,TREATMENT,2026-03-27,Y
PAY_CONFIRM_V2,103517,TREATMENT,2026-03-13,Y
PAY_CONFIRM_V2,107837,CONTROL,2026-03-23,Y
PAY_CONFIRM_V2,100056,CONTROL,2026-03-28,Y
PAY_CONFIRM_V2,103238,CONTROL,2026-03-02,Y
PAY_CONFIRM_V2,102712,CONTROL,2026-03-23,Y
PAY_CONFIRM_V2,107821,CONTROL,2026-03-22,Y
PAY_CONFIRM_V2,103991,TREATMENT,2026-03-06,Y
PAY_CONFIRM_V2,109060,CONTROL,2026-03-26,Y
PAY_CONFIRM_V2,106117,TREATMENT,2026-03-15,Y
PAY_CONFIRM_V2,100008,CONTROL,2026-03-29,Y
PAY_CONFIRM_V2,106198,CONTROL,2026-03-26,Y
PAY_CONFIRM_V2,108828,CONTROL,2026-03-16,Y
PAY_CONFIRM_V2,100540,CONTROL,2026-03-06,Y
PAY_CONFIRM_V2,102118,TREATMENT,2026-03-14,Y
PAY_CONFIRM_V2,103866,CONTROL,2026-03-08,Y
PAY_CONFIRM_V2,102981,CONTROL,2026-03-20,Y
PAY_CONFIRM_V2,101685,CONTROL,2026-03-11,Y
PAY_CONFIRM_V2,107299,CONTROL,2026-03-29,Y
PAY_CONFIRM_V2,104437,TREATMENT,2026-03-30,Y
PAY_CONFIRM_V2,103498,CONTROL,2026-03-24,Y
PAY_CONFIRM_V2,101586,TREATMENT,2026-03-24,Y
PAY_CONFIRM_V2,103031,CONTROL,2026-03-26,Y
PAY_CONFIRM_V2,100189,CONTROL,2026-03-21,Y
PAY_CONFIRM_V2,100177,TREATMENT,2026-03-25,Y
PAY_CONFIRM_V2,109690,TREATMENT,2026-03-23,Y
PAY_CONFIRM_V2,107831,TREATMENT,2026-03-22,Y
PAY_CONFIRM_V2,108221,CONTROL,2026-03-17,Y
PAY_CONFIRM_V2,102006,CONTROL,2026-03-25,Y
PAY_CONFIRM_V2,100692,CONTROL,2026-03-01,Y
PAY_CONFIRM_V2,100901,TREATMENT,2026-03-09,Y
PAY_CONFIRM_V2,106257,TREATMENT,2026-03-02,Y
PAY_CONFIRM_V2,100823,TREATMENT,2026-03-21,Y
PAY_CONFIRM_V2,105262,CONTROL,2026-03-12,Y
PAY_CONFIRM_V2,103830,TREATMENT,2026-03-24,Y
PAY_CONFIRM_V2,103541,CONTROL,2026-03-01,Y
PAY_CONFIRM_V2,100958,CONTROL,2026-03-12,Y
PAY_CONFIRM_V2,104155,TREATMENT,2026-03-15,Y
PAY_CONFIRM_V2,105565,CONTROL,2026-03-28,Y
PAY_CONFIRM_V2,108452,TREATMENT,2026-03-26,Y
PAY_CONFIRM_V2,108078,CONTROL,2026-03-06,Y
PAY_CONFIRM_V2,100458,CONTROL,2026-03-02,Y
PAY_CONFIRM_V2,109468,CONTROL,2026-03-22,Y
PAY_CONFIRM_V2,101806,CONTROL,2026-03-12,Y
PAY_CONFIRM_V2,101194,TREATMENT,2026-03-07,Y
PAY_CONFIRM_V2,107093,CONTROL,2026-03-20,Y
PAY_CONFIRM_V2,107182,TREATMENT,2026-03-24,Y
PAY_CONFIRM_V2,104115,TREATMENT,2026-03-09,Y
PAY_CONFIRM_V2,101216,TREATMENT,2026-03-12,Y
PAY_CONFIRM_V2,102558,TREATMENT,2026-03-18,Y
PAY_CONFIRM_V2,106437,TREATMENT,2026-03-21,Y
PAY_CONFIRM_V2,109394,CONTROL,2026-03-07,Y
PAY_CONFIRM_V2,100843,TREATMENT,2026-03-22,Y
PAY_CONFIRM_V2,106014,TREATMENT,2026-03-25,Y
PAY_CONFIRM_V2,108176,CONTROL,2026-03-07,Y
PAY_CONFIRM_V2,104328,TREATMENT,2026-03-01,Y
PAY_CONFIRM_V2,105027,CONTROL,2026-03-02,Y
PAY_CONFIRM_V2,101883,TREATMENT,2026-03-06,Y
PAY_CONFIRM_V2,108249,TREATMENT,2026-03-28,Y
PAY_CONFIRM_V2,107068,CONTROL,2026-03-03,Y
PAY_CONFIRM_V2,102035,CONTROL,2026-03-26,Y
PAY_CONFIRM_V2,106071,CONTROL,2026-03-19,Y
PAY_CONFIRM_V2,103117,TREATMENT,2026-03-07,Y
PAY_CONFIRM_V2,103482,TREATMENT,2026-03-25,Y
PAY_CONFIRM_V2,101531,TREATMENT,2026-03-26,Y
PAY_CONFIRM_V2,104232,CONTROL,2026-03-29,Y
PAY_CONFIRM_V2,107776,TREATMENT,2026-03-17,Y
PAY_CONFIRM_V2,107270,TREATMENT,2026-03-23,Y
PAY_CONFIRM_V2,103481,TREATMENT,2026-03-24,Y
PAY_CONFIRM_V2,102127,CONTROL,2026-03-02,Y
PAY_CONFIRM_V2,103033,TREATMENT,2026-03-21,Y
PAY_CONFIRM_V2,108261,CONTROL,2026-03-16,Y
PAY_CONFIRM_V2,101587,CONTROL,2026-03-24,Y
PAY_CONFIRM_V2,103197,TREATMENT,2026-03-29,Y
PAY_CONFIRM_V2,109069,CONTROL,2026-03-28,Y
PAY_CONFIRM_V2,101783,TREATMENT,2026-03-19,Y
PAY_CONFIRM_V2,106327,TREATMENT,2026-03-15,Y
PAY_CONFIRM_V2,109593,CONTROL,2026-03-28,Y
PAY_CONFIRM_V2,101357,CONTROL,2026-03-24,Y
PAY_CONFIRM_V2,105915,TREATMENT,2026-03-25,Y
PAY_CONFIRM_V2,109898,CONTROL,2026-03-19,Y
PAY_CONFIRM_V2,101535,TREATMENT,2026-03-12,Y
PAY_CONFIRM_V2,101980,TREATMENT,2026-03-28,Y
PAY_CONFIRM_V2,107914,CONTROL,2026-03-27,Y
PAY_CONFIRM_V2,100975,TREATMENT,2026-03-04,Y
PAY_CONFIRM_V2,100506,CONTROL,2026-03-12,Y
PAY_CONFIRM_V2,107978,TREATMENT,2026-03-28,Y
PAY_CONFIRM_V2,103909,CONTROL,2026-03-29,Y
PAY_CONFIRM_V2,102189,TREATMENT,2026-03-14,Y
PAY_CONFIRM_V2,106075,TREATMENT,2026-03-18,Y
PAY_CONFIRM_V2,104433,TREATMENT,2026-03-15,Y
PAY_CONFIRM_V2,107707,TREATMENT,2026-03-27,Y
PAY_CONFIRM_V2,108546,TREATMENT,2026-03-24,Y
PAY_CONFIRM_V2,108074,CONTROL,2026-03-08,Y
PAY_CONFIRM_V2,100338,TREATMENT,2026-03-03,Y
PAY_CONFIRM_V2,108865,TREATMENT,2026-03-19,Y
PAY_CONFIRM_V2,108746,CONTROL,2026-03-12,Y
PAY_CONFIRM_V2,106436,CONTROL,2026-03-08,Y
PAY_CONFIRM_V2,100154,CONTROL,2026-03-05,Y
PAY_CONFIRM_V2,104311,TREATMENT,2026-03-08,Y
PAY_CONFIRM_V2,104175,TREATMENT,2026-03-21,Y
PAY_CONFIRM_V2,106089,CONTROL,2026-03-19,Y
PAY_CONFIRM_V2,107621,TREATMENT,2026-03-14,Y
PAY_CONFIRM_V2,102209,CONTROL,2026-03-06,Y
PAY_CONFIRM_V2,101688,CONTROL,2026-03-16,Y
PAY_CONFIRM_V2,100688,TREATMENT,2026-03-18,Y
PAY_CONFIRM_V2,109481,TREATMENT,2026-03-03,Y
PAY_CONFIRM_V2,101000,TREATMENT,2026-03-15,Y
PAY_CONFIRM_V2,100227,TREATMENT,2026-03-17,Y
PAY_CONFIRM_V2,105697,CONTROL,2026-03-16,Y
PAY_CONFIRM_V2,103443,CONTROL,2026-03-03,Y
PAY_CONFIRM_V2,100553,TREATMENT,2026-03-15,Y
PAY_CONFIRM_V2,108784,TREATMENT,2026-03-29,Y
PAY_CONFIRM_V2,106768,TREATMENT,2026-03-28,Y
PAY_CONFIRM_V2,108172,TREATMENT,2026-03-28,Y
PAY_CONFIRM_V2,108595,TREATMENT,2026-03-01,Y
PAY_CONFIRM_V2,106098,TREATMENT,2026-03-27,Y
PAY_CONFIRM_V2,104764,CONTROL,2026-03-11,Y
PAY_CONFIRM_V2,101445,CONTROL,2026-03-04,Y
PAY_CONFIRM_V2,105947,TREATMENT,2026-03-19,Y
PAY_CONFIRM_V2,109815,CONTROL,2026-03-09,Y
PAY_CONFIRM_V2,104600,CONTROL,2026-03-20,Y
PAY_CONFIRM_V2,101725,CONTROL,2026-03-11,Y
PAY_CONFIRM_V2,102483,CONTROL,2026-03-25,Y
PAY_CONFIRM_V2,107989,TREATMENT,2026-03-16,Y
PAY_CONFIRM_V2,106086,CONTROL,2026-03-18,Y
PAY_CONFIRM_V2,102988,TREATMENT,2026-03-27,Y
PAY_CONFIRM_V2,105760,TREATMENT,2026-03-15,Y
PAY_CONFIRM_V2,106736,CONTROL,2026-03-27,Y
PAY_CONFIRM_V2,103881,CONTROL,2026-03-11,Y
PAY_CONFIRM_V2,108110,TREATMENT,2026-03-13,Y
PAY_CONFIRM_V2,106758,TREATMENT,2026-03-28,Y
PAY_CONFIRM_V2,101363,CONTROL,2026-03-12,Y
PAY_CONFIRM_V2,109324,TREATMENT,2026-03-20,Y
PAY_CONFIRM_V2,103720,TREATMENT,2026-03-04,Y
PAY_CONFIRM_V2,104535,TREATMENT,2026-03-14,Y
PAY_CONFIRM_V2,104576,TREATMENT,2026-03-01,Y
PAY_CONFIRM_V2,104043,CONTROL,2026-03-06,Y
PAY_CONFIRM_V2,105910,CONTROL,2026-03-29,Y
PAY_CONFIRM_V2,104045,TREATMENT,2026-03-03,Y
PAY_CONFIRM_V2,108107,TREATMENT,2026-03-14,Y
PAY_CONFIRM_V2,100699,TREATMENT,2026-03-20,Y
PAY_CONFIRM_V2,106845,TREATMENT,2026-03-20,Y
PAY_CONFIRM_V2,108867,CONTROL,2026-03-26,Y
PAY_CONFIRM_V2,102669,TREATMENT,2026-03-04,Y
PAY_CONFIRM_V2,107585,TREATMENT,2026-03-07,Y
PAY_CONFIRM_V2,106270,CONTROL,2026-03-16,Y
PAY_CONFIRM_V2,107791,CONTROL,2026-03-09,Y
PAY_CONFIRM_V2,108448,CONTROL,2026-03-25,Y
PAY_CONFIRM_V2,102140,CONTROL,2026-03-05,Y
PAY_CONFIRM_V2,105097,TREATMENT,2026-03-23,Y
PAY_CONFIRM_V2,107555,TREATMENT,2026-03-09,Y
PAY_CONFIRM_V2,100265,TREATMENT,2026-03-04,Y
PAY_CONFIRM_V2,108602,CONTROL,2026-03-23,Y
PAY_CONFIRM_V2,101985,TREATMENT,2026-03-08,Y
PAY_CONFIRM_V2,105313,TREATMENT,2026-03-02,Y
PAY_CONFIRM_V2,102934,TREATMENT,2026-03-19,Y
PAY_CONFIRM_V2,102473,TREATMENT,2026-03-08,Y
PAY_CONFIRM_V2,106821,TREATMENT,2026-03-25,Y
PAY_CONFIRM_V2,109693,CONTROL,2026-03-06,Y
PAY_CONFIRM_V2,100972,TREATMENT,2026-03-29,Y
PAY_CONFIRM_V2,108129,CONTROL,2026-03-21,Y
PAY_CONFIRM_V2,103657,CONTROL,2026-03-15,Y
PAY_CONFIRM_V2,106350,TREATMENT,2026-03-13,Y
PAY_CONFIRM_V2,107613,TREATMENT,2026-03-17,Y
PAY_CONFIRM_V2,101611,TREATMENT,2026-03-30,Y
PAY_CONFIRM_V2,101239,CONTROL,2026-03-23,Y
PAY_CONFIRM_V2,106501,CONTROL,2026-03-24,Y
PAY_CONFIRM_V2,109823,TREATMENT,2026-03-06,Y
PAY_CONFIRM_V2,105407,TREATMENT,2026-03-21,Y
PAY_CONFIRM_V2,104568,TREATMENT,2026-03-05,Y
PAY_CONFIRM_V2,104002,CONTROL,2026-03-10,Y
PAY_CONFIRM_V2,109914,TREATMENT,2026-03-14,Y
PAY_CONFIRM_V2,100669,TREATMENT,2026-03-29,Y
PAY_CONFIRM_V2,103405,CONTROL,2026-03-05,Y
PAY_CONFIRM_V2,106193,CONTROL,2026-03-23,Y
PAY_CONFIRM_V2,108728,CONTROL,2026-03-30,Y
PAY_CONFIRM_V2,106627,TREATMENT,2026-03-30,Y
PAY_CONFIRM_V2,104456,CONTROL,2026-03-05,Y
PAY_CONFIRM_V2,104944,CONTROL,2026-03-04,Y
PAY_CONFIRM_V2,101853,CONTROL,2026-03-08,Y
PAY_CONFIRM_V2,100373,TREATMENT,2026-03-11,Y
PAY_CONFIRM_V2,100768,CONTROL,2026-03-15,Y
PAY_CONFIRM_V2,108014,CONTROL,2026-03-02,Y
PAY_CONFIRM_V2,102425,TREATMENT,2026-03-02,Y
PAY_CONFIRM_V2,103439,TREATMENT,2026-03-01,Y
PAY_CONFIRM_V2,107171,TREATMENT,2026-03-19,Y
PAY_CONFIRM_V2,108661,TREATMENT,2026-03-05,Y
PAY_CONFIRM_V2,101038,TREATMENT,2026-03-15,Y
PAY_CONFIRM_V2,103817,CONTROL,2026-03-30,Y
PAY_CONFIRM_V2,104417,TREATMENT,2026-03-24,Y
PAY_CONFIRM_V2,108745,TREATMENT,2026-03-14,Y
PAY_CONFIRM_V2,100967,TREATMENT,2026-03-24,Y
PAY_CONFIRM_V2,103456,TREATMENT,2026-03-12,Y
PAY_CONFIRM_V2,103494,CONTROL,2026-03-14,Y
PAY_CONFIRM_V2,107830,TREATMENT,2026-03-26,Y
PAY_CONFIRM_V2,109625,TREATMENT,2026-03-26,Y
PAY_CONFIRM_V2,104878,CONTROL,2026-03-12,Y
PAY_CONFIRM_V2,105300,TREATMENT,2026-03-05,Y
PAY_CONFIRM_V2,105284,CONTROL,2026-03-22,Y
PAY_CONFIRM_V2,101624,TREATMENT,2026-03-08,Y
PAY_CONFIRM_V2,106922,TREATMENT,2026-03-03,Y
PAY_CONFIRM_V2,101019,TREATMENT,2026-03-09,Y
PAY_CONFIRM_V2,105091,CONTROL,2026-03-25,Y
PAY_CONFIRM_V2,103044,TREATMENT,2026-03-24,Y
PAY_CONFIRM_V2,107308,TREATMENT,2026-03-16,Y
PAY_CONFIRM_V2,108273,TREATMENT,2026-03-16,Y
PAY_CONFIRM_V2,104192,TREATMENT,2026-03-23,Y
PAY_CONFIRM_V2,106956,TREATMENT,2026-03-08,Y
PAY_CONFIRM_V2,101529,CONTROL,2026-03-25,Y
PAY_CONFIRM_V2,106148,TREATMENT,2026-03-02,Y
PAY_CONFIRM_V2,106207,CONTROL,2026-03-11,Y
PAY_CONFIRM_V2,101499,CONTROL,2026-03-15,Y
PAY_CONFIRM_V2,107935,TREATMENT,2026-03-07,Y
PAY_CONFIRM_V2,104655,CONTROL,2026-03-23,Y
PAY_CONFIRM_V2,102807,TREATMENT,2026-03-09,Y
PAY_CONFIRM_V2,107044,TREATMENT,2026-03-04,Y
PAY_CONFIRM_V2,104080,TREATMENT,2026-03-18,Y
PAY_CONFIRM_V2,107770,TREATMENT,2026-03-13,Y
PAY_CONFIRM_V2,105056,TREATMENT,2026-03-12,Y
PAY_CONFIRM_V2,105531,TREATMENT,2026-03-21,Y
PAY_CONFIRM_V2,108258,TREATMENT,2026-03-12,Y
PAY_CONFIRM_V2,106569,CONTROL,2026-03-08,Y
PAY_CONFIRM_V2,109207,TREATMENT,2026-03-07,Y
PAY_CONFIRM_V2,106865,CONTROL,2026-03-25,Y
PAY_CONFIRM_V2,102709,TREATMENT,2026-03-27,Y
PAY_CONFIRM_V2,105175,TREATMENT,2026-03-28,Y
PAY_CONFIRM_V2,100034,CONTROL,2026-03-01,Y
PAY_CONFIRM_V2,107321,CONTROL,2026-03-12,Y
PAY_CONFIRM_V2,101657,CONTROL,2026-03-06,Y
PAY_CONFIRM_V2,105127,TREATMENT,2026-03-02,Y
PAY_CONFIRM_V2,109759,CONTROL,2026-03-20,Y
PAY_CONFIRM_V2,108034,CONTROL,2026-03-19,Y
PAY_CONFIRM_V2,106541,CONTROL,2026-03-24,Y
PAY_CONFIRM_V2,102836,TREATMENT,2026-03-10,Y
PAY_CONFIRM_V2,102678,CONTROL,2026-03-10,Y
PAY_CONFIRM_V2,103670,CONTROL,2026-03-12,Y
PAY_CONFIRM_V2,106784,CONTROL,2026-03-24,Y
PAY_CONFIRM_V2,104052,TREATMENT,2026-03-06,Y
PAY_CONFIRM_V2,108561,TREATMENT,2026-03-10,Y
PAY_CONFIRM_V2,103438,TREATMENT,2026-03-28,Y
PAY_CONFIRM_V2,107303,CONTROL,2026-03-27,Y
PAY_CONFIRM_V2,100526,CONTROL,2026-03-24,Y
PAY_CONFIRM_V2,104499,CONTROL,2026-03-17,Y
PAY_CONFIRM_V2,101773,CONTROL,2026-03-05,Y
PAY_CONFIRM_V2,107452,CONTROL,2026-03-03,Y
PAY_CONFIRM_V2,107963,TREATMENT,2026-03-16,Y
PAY_CONFIRM_V2,107793,TREATMENT,2026-03-05,Y
PAY_CONFIRM_V2,102861,TREATMENT,2026-03-05,Y
PAY_CONFIRM_V2,102312,CONTROL,2026-03-30,Y
PAY_CONFIRM_V2,102761,TREATMENT,2026-03-06,Y
PAY_CONFIRM_V2,102311,CONTROL,2026-03-22,Y
PAY_CONFIRM_V2,107712,CONTROL,2026-03-20,Y
PAY_CONFIRM_V2,100306,CONTROL,2026-03-03,Y
PAY_CONFIRM_V2,102586,CONTROL,2026-03-03,Y
PAY_CONFIRM_V2,103316,CONTROL,2026-03-20,Y
PAY_CONFIRM_V2,106896,TREATMENT,2026-03-29,Y
PAY_CONFIRM_V2,101500,TREATMENT,2026-03-21,Y
PAY_CONFIRM_V2,108685,CONTROL,2026-03-26,Y
PAY_CONFIRM_V2,102906,CONTROL,2026-03-04,Y
PAY_CONFIRM_V2,107477,TREATMENT,2026-03-26,Y
PAY_CONFIRM_V2,102318,CONTROL,2026-03-07,Y
PAY_CONFIRM_V2,105111,TREATMENT,2026-03-19,Y
PAY_CONFIRM_V2,106646,TREATMENT,2026-03-27,Y
PAY_CONFIRM_V2,103698,TREATMENT,2026-03-06,Y
PAY_CONFIRM_V2,109431,CONTROL,2026-03-15,Y
PAY_CONFIRM_V2,105602,CONTROL,2026-03-09,Y
PAY_CONFIRM_V2,104083,CONTROL,2026-03-30,Y
PAY_CONFIRM_V2,105031,CONTROL,2026-03-22,Y
PAY_CONFIRM_V2,107753,TREATMENT,2026-03-23,Y
PAY_CONFIRM_V2,103982,TREATMENT,2026-03-25,Y
PAY_CONFIRM_V2,101224,CONTROL,2026-03-28,Y
PAY_CONFIRM_V2,107745,TREATMENT,2026-03-18,Y
PAY_CONFIRM_V2,108406,TREATMENT,2026-03-06,Y
PAY_CONFIRM_V2,108622,CONTROL,2026-03-18,Y
PAY_CONFIRM_V2,107313,CONTROL,2026-03-12,Y
PAY_CONFIRM_V2,101150,TREATMENT,2026-03-02,Y
PAY_CONFIRM_V2,104281,TREATMENT,2026-03-21,Y
PAY_CONFIRM_V2,101938,CONTROL,2026-03-24,Y
PAY_CONFIRM_V2,101896,CONTROL,2026-03-03,Y
PAY_CONFIRM_V2,107169,TREATMENT,2026-03-11,Y
PAY_CONFIRM_V2,107816,CONTROL,2026-03-02,Y
PAY_CONFIRM_V2,108375,TREATMENT,2026-03-02,Y
PAY_CONFIRM_V2,100241,TREATMENT,2026-03-26,Y
PAY_CONFIRM_V2,104221,CONTROL,2026-03-29,Y
PAY_CONFIRM_V2,109363,TREATMENT,2026-03-07,Y
PAY_CONFIRM_V2,104342,CONTROL,2026-03-01,Y
PAY_CONFIRM_V2,101753,TREATMENT,2026-03-14,Y
PAY_CONFIRM_V2,101191,TREATMENT,2026-03-02,Y
PAY_CONFIRM_V2,105219,CONTROL,2026-03-27,Y
PAY_CONFIRM_V2,104963,TREATMENT,2026-03-01,Y
PAY_CONFIRM_V2,103396,TREATMENT,2026-03-28,Y
PAY_CONFIRM_V2,103646,TREATMENT,2026-03-12,Y
PAY_CONFIRM_V2,109908,CONTROL,2026-03-04,Y
PAY_CONFIRM_V2,109319,TREATMENT,2026-03-18,Y
PAY_CONFIRM_V2,105894,CONTROL,2026-03-09,Y
PAY_CONFIRM_V2,103380,CONTROL,2026-03-29,Y
PAY_CONFIRM_V2,109972,CONTROL,2026-03-17,Y
PAY_CONFIRM_V2,107211,TREATMENT,2026-03-29,Y
PAY_CONFIRM_V2,106504,TREATMENT,2026-03-05,Y
PAY_CONFIRM_V2,105526,CONTROL,2026-03-28,Y
PAY_CONFIRM_V2,101655,TREATMENT,2026-03-28,Y
PAY_CONFIRM_V2,103538,CONTROL,2026-03-05,Y
PAY_CONFIRM_V2,103151,TREATMENT,2026-03-30,Y
PAY_CONFIRM_V2,103785,CONTROL,2026-03-20,Y
PAY_CONFIRM_V2,109569,CONTROL,2026-03-07,Y
PAY_CONFIRM_V2,107200,CONTROL,2026-03-30,Y
PAY_CONFIRM_V2,104610,CONTROL,2026-03-03,Y
PAY_CONFIRM_V2,101359,CONTROL,2026-03-13,Y
PAY_CONFIRM_V2,100992,TREATMENT,2026-03-09,Y
PAY_CONFIRM_V2,100301,CONTROL,2026-03-08,Y
PAY_CONFIRM_V2,106582,TREATMENT,2026-03-23,Y
PAY_CONFIRM_V2,104220,CONTROL,2026-03-25,Y
PAY_CONFIRM_V2,106030,TREATMENT,2026-03-28,Y
PAY_CONFIRM_V2,104498,CONTROL,2026-03-05,Y
PAY_CONFIRM_V2,101137,TREATMENT,2026-03-10,Y
PAY_CONFIRM_V2,100674,TREATMENT,2026-03-19,Y
PAY_CONFIRM_V2,104977,CONTROL,2026-03-15,Y
PAY_CONFIRM_V2,105203,TREATMENT,2026-03-01,Y
PAY_CONFIRM_V2,103291,TREATMENT,2026-03-24,Y
PAY_CONFIRM_V2,109573,TREATMENT,2026-03-26,Y
PAY_CONFIRM_V2,100435,TREATMENT,2026-03-11,Y
PAY_CONFIRM_V2,102907,CONTROL,2026-03-30,Y
PAY_CONFIRM_V2,100351,TREATMENT,2026-03-19,Y
PAY_CONFIRM_V2,102570,CONTROL,2026-03-24,Y
PAY_CONFIRM_V2,106420,TREATMENT,2026-03-15,Y
PAY_CONFIRM_V2,101824,TREATMENT,2026-03-15,Y
PAY_CONFIRM_V2,106279,TREATMENT,2026-03-11,Y
PAY_CONFIRM_V2,104274,CONTROL,2026-03-17,Y
PAY_CONFIRM_V2,101119,TREATMENT,2026-03-20,Y
PAY_CONFIRM_V2,102128,TREATMENT,2026-03-15,Y
PAY_CONFIRM_V2,108570,TREATMENT,2026-03-19,Y
PAY_CONFIRM_V2,109381,TREATMENT,2026-03-16,Y
PAY_CONFIRM_V2,104574,TREATMENT,2026-03-20,Y
PAY_CONFIRM_V2,107638,CONTROL,2026-03-01,Y
PAY_CONFIRM_V2,102320,TREATMENT,2026-03-25,Y
PAY_CONFIRM_V2,101360,CONTROL,2026-03-20,Y
PAY_CONFIRM_V2,104181,TREATMENT,2026-03-20,Y
PAY_CONFIRM_V2,108619,TREATMENT,2026-03-06,Y
PAY_CONFIRM_V2,102651,CONTROL,2026-03-21,Y
PAY_CONFIRM_V2,103861,TREATMENT,2026-03-03,Y
PAY_CONFIRM_V2,100195,TREATMENT,2026-03-27,Y
PAY_CONFIRM_V2,100566,TREATMENT,2026-03-12,Y
PAY_CONFIRM_V2,108517,TREATMENT,2026-03-13,Y
PAY_CONFIRM_V2,100870,TREATMENT,2026-03-11,Y
PAY_CONFIRM_V2,106842,CONTROL,2026-03-30,Y
PAY_CONFIRM_V2,104140,TREATMENT,2026-03-22,Y
PAY_CONFIRM_V2,102987,TREATMENT,2026-03-18,Y
PAY_CONFIRM_V2,106854,TREATMENT,2026-03-12,Y
PAY_CONFIRM_V2,101705,CONTROL,2026-03-14,Y
PAY_CONFIRM_V2,109066,CONTROL,2026-03-24,Y
PAY_CONFIRM_V2,100358,TREATMENT,2026-03-17,Y
PAY_CONFIRM_V2,109528,TREATMENT,2026-03-02,Y
PAY_CONFIRM_V2,109061,TREATMENT,2026-03-23,Y
PAY_CONFIRM_V2,101573,CONTROL,2026-03-13,Y
PAY_CONFIRM_V2,105151,TREATMENT,2026-03-15,Y
PAY_CONFIRM_V2,107372,TREATMENT,2026-03-03,Y
PAY_CONFIRM_V2,105221,CONTROL,2026-03-27,Y
PAY_CONFIRM_V2,103559,TREATMENT,2026-03-05,Y
PAY_CONFIRM_V2,106870,TREATMENT,2026-03-04,Y
PAY_CONFIRM_V2,101417,CONTROL,2026-03-13,Y
PAY_CONFIRM_V2,103631,TREATMENT,2026-03-22,Y
PAY_CONFIRM_V2,104771,TREATMENT,2026-03-23,Y
PAY_CONFIRM_V2,107840,TREATMENT,2026-03-15,Y
PAY_CONFIRM_V2,105437,TREATMENT,2026-03-21,Y
PAY_CONFIRM_V2,102183,CONTROL,2026-03-14,Y
PAY_CONFIRM_V2,100759,TREATMENT,2026-03-04,Y
PAY_CONFIRM_V2,103075,TREATMENT,2026-03-16,Y
PAY_CONFIRM_V2,105773,TREATMENT,2026-03-28,Y
PAY_CONFIRM_V2,103550,CONTROL,2026-03-13,Y
PAY_CONFIRM_V2,103447,CONTROL,2026-03-15,Y
PAY_CONFIRM_V2,104954,CONTROL,2026-03-15,Y
PAY_CONFIRM_V2,101478,TREATMENT,2026-03-07,Y
PAY_CONFIRM_V2,102322,TREATMENT,2026-03-30,Y
PAY_CONFIRM_V2,108094,CONTROL,2026-03-20,Y
PAY_CONFIRM_V2,106676,CONTROL,2026-03-29,Y
PAY_CONFIRM_V2,102993,CONTROL,2026-03-16,Y
PAY_CONFIRM_V2,100318,TREATMENT,2026-03-26,Y
PAY_CONFIRM_V2,105046,CONTROL,2026-03-25,Y
PAY_CONFIRM_V2,107273,TREATMENT,2026-03-09,Y
PAY_CONFIRM_V2,101292,CONTROL,2026-03-17,Y
PAY_CONFIRM_V2,108374,CONTROL,2026-03-11,Y
PAY_CONFIRM_V2,107769,TREATMENT,2026-03-24,Y
PAY_CONFIRM_V2,105869,CONTROL,2026-03-25,Y
PAY_CONFIRM_V2,101300,TREATMENT,2026-03-30,Y
PAY_CONFIRM_V2,101752,CONTROL,2026-03-11,Y
PAY_CONFIRM_V2,102030,TREATMENT,2026-03-20,Y
PAY_CONFIRM_V2,101799,CONTROL,2026-03-06,Y
PAY_CONFIRM_V2,101669,TREATMENT,2026-03-05,Y
PAY_CONFIRM_V2,106945,TREATMENT,2026-03-19,Y
PAY_CONFIRM_V2,107402,TREATMENT,2026-03-09,Y
PAY_CONFIRM_V2,103549,TREATMENT,2026-03-02,Y
PAY_CONFIRM_V2,106214,TREATMENT,2026-03-25,Y
PAY_CONFIRM_V2,109480,CONTROL,2026-03-27,Y
PAY_CONFIRM_V2,100728,CONTROL,2026-03-04,Y
PAY_CONFIRM_V2,102599,CONTROL,2026-03-06,Y
PAY_CONFIRM_V2,101426,CONTROL,2026-03-02,Y
PAY_CONFIRM_V2,103110,CONTROL,2026-03-02,Y
PAY_CONFIRM_V2,109038,CONTROL,2026-03-03,Y
PAY_CONFIRM_V2,102829,TREATMENT,2026-03-21,Y
PAY_CONFIRM_V2,106053,CONTROL,2026-03-29,Y
PAY_CONFIRM_V2,105482,CONTROL,2026-03-21,Y
PAY_CONFIRM_V2,107537,CONTROL,2026-03-15,Y
PAY_CONFIRM_V2,105251,TREATMENT,2026-03-09,Y
PAY_CONFIRM_V2,105144,TREATMENT,2026-03-22,Y
PAY_CONFIRM_V2,106463,TREATMENT,2026-03-06,Y
PAY_CONFIRM_V2,103748,CONTROL,2026-03-04,Y
PAY_CONFIRM_V2,103669,TREATMENT,2026-03-18,Y
PAY_CONFIRM_V2,103288,CONTROL,2026-03-28,Y
PAY_CONFIRM_V2,101786,CONTROL,2026-03-26,Y
PAY_CONFIRM_V2,101904,TREATMENT,2026-03-15,Y
PAY_CONFIRM_V2,103779,CONTROL,2026-03-27,Y
PAY_CONFIRM_V2,103417,TREATMENT,2026-03-01,Y
PAY_CONFIRM_V2,107028,CONTROL,2026-03-20,Y
PAY_CONFIRM_V2,103111,TREATMENT,2026-03-19,Y
PAY_CONFIRM_V2,108652,CONTROL,2026-03-24,Y
PAY_CONFIRM_V2,102828,TREATMENT,2026-03-19,Y
PAY_CONFIRM_V2,107504,TREATMENT,2026-03-24,Y
PAY_CONFIRM_V2,103270,CONTROL,2026-03-23,Y
PAY_CONFIRM_V2,105603,CONTROL,2026-03-02,Y
PAY_CONFIRM_V2,102611,CONTROL,2026-03-25,Y
PAY_CONFIRM_V2,109148,CONTROL,2026-03-16,Y
PAY_CONFIRM_V2,104758,CONTROL,2026-03-09,Y
PAY_CONFIRM_V2,104624,CONTROL,2026-03-26,Y
PAY_CONFIRM_V2,107522,TREATMENT,2026-03-14,Y
PAY_CONFIRM_V2,109053,CONTROL,2026-03-16,Y
PAY_CONFIRM_V2,106026,CONTROL,2026-03-02,Y
PAY_CONFIRM_V2,107127,CONTROL,2026-03-22,Y
PAY_CONFIRM_V2,104420,CONTROL,2026-03-24,Y
PAY_CONFIRM_V2,101946,TREATMENT,2026-03-18,Y
PAY_CONFIRM_V2,109977,TREATMENT,2026-03-12,Y
PAY_CONFIRM_V2,102792,CONTROL,2026-03-19,Y
PAY_CONFIRM_V2,100295,CONTROL,2026-03-15,Y
PAY_CONFIRM_V2,107456,TREATMENT,2026-03-05,Y
PAY_CONFIRM_V2,101744,TREATMENT,2026-03-19,Y
PAY_CONFIRM_V2,106051,TREATMENT,2026-03-10,Y
PAY_CONFIRM_V2,107047,TREATMENT,2026-03-25,Y
PAY_CONFIRM_V2,109068,CONTROL,2026-03-25,Y
PAY_CONFIRM_V2,104184,TREATMENT,2026-03-20,Y
PAY_CONFIRM_V2,103516,TREATMENT,2026-03-17,Y
PAY_CONFIRM_V2,106818,CONTROL,2026-03-05,Y
PAY_CONFIRM_V2,107954,CONTROL,2026-03-08,Y
PAY_CONFIRM_V2,107650,TREATMENT,2026-03-08,Y
PAY_CONFIRM_V2,106215,TREATMENT,2026-03-19,Y
PAY_CONFIRM_V2,100833,CONTROL,2026-03-29,Y
PAY_CONFIRM_V2,104296,TREATMENT,2026-03-25,Y
PAY_CONFIRM_V2,101709,TREATMENT,2026-03-24,Y
PAY_CONFIRM_V2,109589,TREATMENT,2026-03-29,Y
PAY_CONFIRM_V2,106651,CONTROL,2026-03-26,Y
PAY_CONFIRM_V2,107403,CONTROL,2026-03-29,Y
PAY_CONFIRM_V2,109513,TREATMENT,2026-03-30,Y
PAY_CONFIRM_V2,101280,CONTROL,2026-03-30,Y
PAY_CONFIRM_V2,101179,CONTROL,2026-03-01,Y
PAY_CONFIRM_V2,106208,CONTROL,2026-03-03,Y
PAY_CONFIRM_V2,102849,CONTROL,2026-03-15,Y
PAY_CONFIRM_V2,101412,TREATMENT,2026-03-28,Y
PAY_CONFIRM_V2,102048,CONTROL,2026-03-21,Y
PAY_CONFIRM_V2,101734,TREATMENT,2026-03-12,Y
PAY_CONFIRM_V2,101833,TREATMENT,2026-03-29,Y
PAY_CONFIRM_V2,101164,TREATMENT,2026-03-26,Y
PAY_CONFIRM_V2,105148,CONTROL,2026-03-13,Y
PAY_CONFIRM_V2,103302,TREATMENT,2026-03-20,Y
PAY_CONFIRM_V2,109391,CONTROL,2026-03-05,Y
PAY_CONFIRM_V2,107152,CONTROL,2026-03-15,Y
PAY_CONFIRM_V2,107979,TREATMENT,2026-03-03,Y
PAY_CONFIRM_V2,102937,TREATMENT,2026-03-24,Y
PAY_CONFIRM_V2,107804,CONTROL,2026-03-08,Y
PAY_CONFIRM_V2,103558,TREATMENT,2026-03-22,Y
PAY_CONFIRM_V2,102914,CONTROL,2026-03-11,Y
PAY_CONFIRM_V2,102690,TREATMENT,2026-03-25,Y
PAY_CONFIRM_V2,106176,CONTROL,2026-03-04,Y
PAY_CONFIRM_V2,105501,TREATMENT,2026-03-23,Y
PAY_CONFIRM_V2,106672,TREATMENT,2026-03-15,Y
PAY_CONFIRM_V2,109032,CONTROL,2026-03-10,Y
PAY_CONFIRM_V2,105765,TREATMENT,2026-03-14,Y
PAY_CONFIRM_V2,104851,TREATMENT,2026-03-29,Y
PAY_CONFIRM_V2,101965,TREATMENT,2026-03-21,Y
PAY_CONFIRM_V2,102273,TREATMENT,2026-03-22,Y
PAY_CONFIRM_V2,102247,TREATMENT,2026-03-16,Y
PAY_CONFIRM_V2,105115,TREATMENT,2026-03-21,Y
PAY_CONFIRM_V2,101798,TREATMENT,2026-03-10,Y
PAY_CONFIRM_V2,103134,TREATMENT,2026-03-04,Y
PAY_CONFIRM_V2,105122,TREATMENT,2026-03-23,Y
PAY_CONFIRM_V2,101120,CONTROL,2026-03-23,Y
PAY_CONFIRM_V2,102738,CONTROL,2026-03-24,Y
PAY_CONFIRM_V2,109482,CONTROL,2026-03-14,Y
PAY_CONFIRM_V2,102512,TREATMENT,2026-03-15,Y
PAY_CONFIRM_V2,109577,CONTROL,2026-03-16,Y
PAY_CONFIRM_V2,103402,CONTROL,2026-03-25,Y
PAY_CONFIRM_V2,109918,TREATMENT,2026-03-13,Y
PAY_CONFIRM_V2,104409,TREATMENT,2026-03-04,Y
PAY_CONFIRM_V2,102773,CONTROL,2026-03-02,Y
PAY_CONFIRM_V2,103230,TREATMENT,2026-03-07,Y
PAY_CONFIRM_V2,103202,CONTROL,2026-03-08,Y
PAY_CONFIRM_V2,103713,CONTROL,2026-03-04,Y
PAY_CONFIRM_V2,104860,CONTROL,2026-03-07,Y
PAY_CONFIRM_V2,108738,CONTROL,2026-03-19,Y
PAY_CONFIRM_V2,106303,TREATMENT,2026-03-12,Y
PAY_CONFIRM_V2,108827,CONTROL,2026-03-02,Y
PAY_CONFIRM_V2,109966,TREATMENT,2026-03-29,Y
PAY_CONFIRM_V2,106649,TREATMENT,2026-03-29,Y
PAY_CONFIRM_V2,104812,TREATMENT,2026-03-26,Y
PAY_CONFIRM_V2,100998,TREATMENT,2026-03-22,Y
PAY_CONFIRM_V2,104960,TREATMENT,2026-03-23,Y
PAY_CONFIRM_V2,101084,TREATMENT,2026-03-17,Y
PAY_CONFIRM_V2,100873,CONTROL,2026-03-17,Y
PAY_CONFIRM_V2,105039,CONTROL,2026-03-07,Y
PAY_CONFIRM_V2,102624,CONTROL,2026-03-06,Y
PAY_CONFIRM_V2,106911,TREATMENT,2026-03-23,Y
PAY_CONFIRM_V2,100105,CONTROL,2026-03-30,Y
PAY_CONFIRM_V2,105992,CONTROL,2026-03-01,Y
PAY_CONFIRM_V2,100479,CONTROL,2026-03-20,Y
PAY_CONFIRM_V2,101993,CONTROL,2026-03-30,Y
PAY_CONFIRM_V2,102976,CONTROL,2026-03-08,Y
PAY_CONFIRM_V2,100648,CONTROL,2026-03-04,Y
PAY_CONFIRM_V2,108810,TREATMENT,2026-03-16,Y
PAY_CONFIRM_V2,103664,CONTROL,2026-03-15,Y
PAY_CONFIRM_V2,101033,CONTROL,2026-03-01,Y
PAY_CONFIRM_V2,101951,TREATMENT,2026-03-15,Y
PAY_CONFIRM_V2,107575,CONTROL,2026-03-20,Y
PAY_CONFIRM_V2,106205,TREATMENT,2026-03-01,Y
PAY_CONFIRM_V2,109332,CONTROL,2026-03-02,Y
PAY_CONFIRM_V2,103453,TREATMENT,2026-03-12,Y
PAY_CONFIRM_V2,105707,TREATMENT,2026-03-20,Y
PAY_CONFIRM_V2,109778,TREATMENT,2026-03-28,Y
PAY_CONFIRM_V2,106476,CONTROL,2026-03-04,Y
PAY_CONFIRM_V2,103099,CONTROL,2026-03-01,Y
PAY_CONFIRM_V2,106690,TREATMENT,2026-03-30,Y
PAY_CONFIRM_V2,107536,CONTROL,2026-03-11,Y
PAY_CONFIRM_V2,103339,TREATMENT,2026-03-06,Y
PAY_CONFIRM_V2,109921,CONTROL,2026-03-25,Y
PAY_CONFIRM_V2,109933,CONTROL,2026-03-07,Y
PAY_CONFIRM_V2,109711,TREATMENT,2026-03-28,Y
PAY_CONFIRM_V2,105813,TREATMENT,2026-03-30,Y
PAY_CONFIRM_V2,102872,TREATMENT,2026-03-04,Y
PAY_CONFIRM_V2,101218,CONTROL,2026-03-28,Y
PAY_CONFIRM_V2,106837,TREATMENT,2026-03-28,Y
PAY_CONFIRM_V2,101658,CONTROL,2026-03-09,Y
PAY_CONFIRM_V2,108390,CONTROL,2026-03-08,Y
PAY_CONFIRM_V2,101436,TREATMENT,2026-03-20,Y
PAY_CONFIRM_V2,108317,TREATMENT,2026-03-22,Y
PAY_CONFIRM_V2,100617,TREATMENT,2026-03-20,Y
PAY_CONFIRM_V2,104556,CONTROL,2026-03-03,Y
PAY_CONFIRM_V2,100396,TREATMENT,2026-03-16,Y
PAY_CONFIRM_V2,103135,TREATMENT,2026-03-30,Y
PAY_CONFIRM_V2,105167,CONTROL,2026-03-06,Y
PAY_CONFIRM_V2,107655,CONTROL,2026-03-21,Y
PAY_CONFIRM_V2,106839,CONTROL,2026-03-01,Y
PAY_CONFIRM_V2,104855,CONTROL,2026-03-26,Y
PAY_CONFIRM_V2,107800,TREATMENT,2026-03-10,Y
PAY_CONFIRM_V2,106578,TREATMENT,2026-03-13,Y
PAY_CONFIRM_V2,106109,CONTROL,2026-03-06,Y
PAY_CONFIRM_V2,104931,CONTROL,2026-03-22,Y
PAY_CONFIRM_V2,107485,CONTROL,2026-03-18,Y
PAY_CONFIRM_V2,100852,CONTROL,2026-03-23,Y
PAY_CONFIRM_V2,105393,CONTROL,2026-03-29,Y
PAY_CONFIRM_V2,109585,CONTROL,2026-03-22,Y
PAY_CONFIRM_V2,101316,TREATMENT,2026-03-11,Y
PAY_CONFIRM_V2,100386,CONTROL,2026-03-06,Y
PAY_CONFIRM_V2,105829,CONTROL,2026-03-14,Y
PAY_CONFIRM_V2,102019,TREATMENT,2026-03-05,Y
PAY_CONFIRM_V2,109522,TREATMENT,2026-03-24,Y
PAY_CONFIRM_V2,101391,CONTROL,2026-03-15,Y
PAY_CONFIRM_V2,102652,TREATMENT,2026-03-14,Y
PAY_CONFIRM_V2,101236,TREATMENT,2026-03-03,Y
PAY_CONFIRM_V2,104777,CONTROL,2026-03-14,Y
PAY_CONFIRM_V2,100969,CONTROL,2026-03-02,Y
PAY_CONFIRM_V2,101882,TREATMENT,2026-03-13,Y
PAY_CONFIRM_V2,103944,CONTROL,2026-03-18,Y
PAY_CONFIRM_V2,101331,TREATMENT,2026-03-03,Y
PAY_CONFIRM_V2,106025,TREATMENT,2026-03-14,Y
PAY_CONFIRM_V2,107297,TREATMENT,2026-03-05,Y
PAY_CONFIRM_V2,106713,TREATMENT,2026-03-02,Y
PAY_CONFIRM_V2,108310,TREATMENT,2026-03-13,Y
PAY_CONFIRM_V2,102269,TREATMENT,2026-03-20,Y
PAY_CONFIRM_V2,104523,TREATMENT,2026-03-17,Y
PAY_CONFIRM_V2,106718,CONTROL,2026-03-27,Y
PAY_CONFIRM_V2,105830,CONTROL,2026-03-12,Y
PAY_CONFIRM_V2,101881,CONTROL,2026-03-28,Y
PAY_CONFIRM_V2,104548,TREATMENT,2026-03-26,Y
PAY_CONFIRM_V2,100847,TREATMENT,2026-03-03,Y
PAY_CONFIRM_V2,106545,TREATMENT,2026-03-14,Y
PAY_CONFIRM_V2,100885,CONTROL,2026-03-27,Y
PAY_CONFIRM_V2,107017,CONTROL,2026-03-25,Y
PAY_CONFIRM_V2,106556,TREATMENT,2026-03-13,Y
PAY_CONFIRM_V2,104947,CONTROL,2026-03-10,Y
PAY_CONFIRM_V2,104785,CONTROL,2026-03-13,Y
PAY_CONFIRM_V2,100060,TREATMENT,2026-03-22,Y
PAY_CONFIRM_V2,108117,CONTROL,2026-03-14,Y
PAY_CONFIRM_V2,105648,CONTROL,2026-03-27,Y
PAY_CONFIRM_V2,106930,CONTROL,2026-03-01,Y
PAY_CONFIRM_V2,109576,CONTROL,2026-03-21,Y
PAY_CONFIRM_V2,109667,TREATMENT,2026-03-19,Y
PAY_CONFIRM_V2,109709,TREATMENT,2026-03-02,Y
PAY_CONFIRM_V2,103914,CONTROL,2026-03-23,Y
PAY_CONFIRM_V2,102316,TREATMENT,2026-03-10,Y
PAY_CONFIRM_V2,106542,TREATMENT,2026-03-03,Y
PAY_CONFIRM_V2,102029,TREATMENT,2026-03-06,Y
PAY_CONFIRM_V2,102296,CONTROL,2026-03-26,Y
PAY_CONFIRM_V2,109612,TREATMENT,2026-03-09,Y
PAY_CONFIRM_V2,100162,TREATMENT,2026-03-06,Y
PAY_CONFIRM_V2,105137,CONTROL,2026-03-24,Y
PAY_CONFIRM_V2,102282,CONTROL,2026-03-06,Y
PAY_CONFIRM_V2,100125,CONTROL,2026-03-14,Y
PAY_CONFIRM_V2,109588,TREATMENT,2026-03-03,Y
PAY_CONFIRM_V2,104653,TREATMENT,2026-03-19,Y
PAY_CONFIRM_V2,105872,TREATMENT,2026-03-30,Y
PAY_CONFIRM_V2,103509,CONTROL,2026-03-13,Y
PAY_CONFIRM_V2,107908,TREATMENT,2026-03-04,Y
PAY_CONFIRM_V2,105406,TREATMENT,2026-03-21,Y
PAY_CONFIRM_V2,108047,TREATMENT,2026-03-05,Y
PAY_CONFIRM_V2,105089,CONTROL,2026-03-24,Y
PAY_CONFIRM_V2,106924,CONTROL,2026-03-20,Y
PAY_CONFIRM_V2,107410,CONTROL,2026-03-01,Y
PAY_CONFIRM_V2,103844,TREATMENT,2026-03-30,Y
PAY_CONFIRM_V2,103837,CONTROL,2026-03-04,Y
PAY_CONFIRM_V2,102193,CONTROL,2026-03-10,Y
PAY_CONFIRM_V2,106721,CONTROL,2026-03-21,Y
PAY_CONFIRM_V2,102636,TREATMENT,2026-03-14,Y
PAY_CONFIRM_V2,104154,CONTROL,2026-03-16,Y
PAY_CONFIRM_V2,105884,CONTROL,2026-03-15,Y
PAY_CONFIRM_V2,100452,CONTROL,2026-03-23,Y
PAY_CONFIRM_V2,102723,CONTROL,2026-03-26,Y
PAY_CONFIRM_V2,100947,TREATMENT,2026-03-28,Y
PAY_CONFIRM_V2,106336,TREATMENT,2026-03-29,Y
PAY_CONFIRM_V2,107584,CONTROL,2026-03-11,Y
PAY_CONFIRM_V2,107210,CONTROL,2026-03-24,Y
PAY_CONFIRM_V2,106607,CONTROL,2026-03-23,Y
PAY_CONFIRM_V2,109129,TREATMENT,2026-03-22,Y
PAY_CONFIRM_V2,108309,TREATMENT,2026-03-17,Y
PAY_CONFIRM_V2,102096,CONTROL,2026-03-21,Y
PAY_CONFIRM_V2,103888,TREATMENT,2026-03-13,Y
PAY_CONFIRM_V2,108986,TREATMENT,2026-03-05,Y
PAY_CONFIRM_V2,106630,CONTROL,2026-03-18,Y
PAY_CONFIRM_V2,104856,TREATMENT,2026-03-06,Y
PAY_CONFIRM_V2,105202,CONTROL,2026-03-18,Y
PAY_CONFIRM_V2,109622,TREATMENT,2026-03-19,Y
PAY_CONFIRM_V2,102771,CONTROL,2026-03-05,Y
PAY_CONFIRM_V2,100957,TREATMENT,2026-03-30,Y
PAY_CONFIRM_V2,100259,TREATMENT,2026-03-20,Y
PAY_CONFIRM_V2,100216,CONTROL,2026-03-10,Y
PAY_CONFIRM_V2,108067,TREATMENT,2026-03-08,Y
PAY_CONFIRM_V2,106984,TREATMENT,2026-03-29,Y
PAY_CONFIRM_V2,105257,TREATMENT,2026-03-12,Y
PAY_CONFIRM_V2,100007,TREATMENT,2026-03-27,Y
PAY_CONFIRM_V2,103132,CONTROL,2026-03-11,Y
PAY_CONFIRM_V2,108031,CONTROL,2026-03-02,Y
PAY_CONFIRM_V2,102946,TREATMENT,2026-03-05,Y
PAY_CONFIRM_V2,107639,TREATMENT,2026-03-08,Y
PAY_CONFIRM_V2,108046,TREATMENT,2026-03-16,Y
PAY_CONFIRM_V2,103507,TREATMENT,2026-03-20,Y
PAY_CONFIRM_V2,101540,CONTROL,2026-03-15,Y
PAY_CONFIRM_V2,104408,TREATMENT,2026-03-24,Y
PAY_CONFIRM_V2,106468,TREATMENT,2026-03-11,Y
PAY_CONFIRM_V2,103834,CONTROL,2026-03-23,Y
PAY_CONFIRM_V2,107642,CONTROL,2026-03-18,Y
PAY_CONFIRM_V2,108113,TREATMENT,2026-03-29,Y
PAY_CONFIRM_V2,100825,TREATMENT,2026-03-20,Y
PAY_CONFIRM_V2,108732,TREATMENT,2026-03-07,Y
PAY_CONFIRM_V2,103607,TREATMENT,2026-03-27,Y
PAY_CONFIRM_V2,103331,TREATMENT,2026-03-06,Y
PAY_CONFIRM_V2,102125,TREATMENT,2026-03-18,Y
PAY_CONFIRM_V2,108052,CONTROL,2026-03-16,Y
PAY_CONFIRM_V2,101789,CONTROL,2026-03-22,Y
PAY_CONFIRM_V2,109701,CONTROL,2026-03-27,Y
PAY_CONFIRM_V2,102501,TREATMENT,2026-03-15,Y
PAY_CONFIRM_V2,102003,TREATMENT,2026-03-17,Y
PAY_CONFIRM_V2,107164,CONTROL,2026-03-30,Y
PAY_CONFIRM_V2,101376,CONTROL,2026-03-10,Y
PAY_CONFIRM_V2,104307,TREATMENT,2026-03-27,Y
PAY_CONFIRM_V2,101845,CONTROL,2026-03-21,Y
PAY_CONFIRM_V2,102327,TREATMENT,2026-03-24,Y
PAY_CONFIRM_V2,108429,TREATMENT,2026-03-18,Y
PAY_CONFIRM_V2,104191,CONTROL,2026-03-28,Y
PAY_CONFIRM_V2,107674,TREATMENT,2026-03-28,Y
PAY_CONFIRM_V2,103462,TREATMENT,2026-03-25,Y
PAY_CONFIRM_V2,101692,CONTROL,2026-03-24,Y
PAY_CONFIRM_V2,104922,CONTROL,2026-03-04,Y
PAY_CONFIRM_V2,103369,TREATMENT,2026-03-19,Y
PAY_CONFIRM_V2,107767,CONTROL,2026-03-13,Y
PAY_CONFIRM_V2,106683,CONTROL,2026-03-01,Y
PAY_CONFIRM_V2,109733,CONTROL,2026-03-13,Y
PAY_CONFIRM_V2,106919,TREATMENT,2026-03-27,Y
PAY_CONFIRM_V2,103107,CONTROL,2026-03-24,Y
PAY_CONFIRM_V2,102973,TREATMENT,2026-03-02,Y
PAY_CONFIRM_V2,107428,TREATMENT,2026-03-05,Y
PAY_CONFIRM_V2,109776,TREATMENT,2026-03-03,Y
PAY_CONFIRM_V2,102090,CONTROL,2026-03-14,Y
PAY_CONFIRM_V2,101988,CONTROL,2026-03-18,Y
PAY_CONFIRM_V2,108863,CONTROL,2026-03-02,Y
PAY_CONFIRM_V2,108873,TREATMENT,2026-03-18,Y
PAY_CONFIRM_V2,105136,CONTROL,2026-03-27,Y
PAY_CONFIRM_V2,103321,TREATMENT,2026-03-09,Y
PAY_CONFIRM_V2,104562,TREATMENT,2026-03-04,Y
PAY_CONFIRM_V2,108042,TREATMENT,2026-03-19,Y
PAY_CONFIRM_V2,101166,CONTROL,2026-03-27,Y
PAY_CONFIRM_V2,101511,TREATMENT,2026-03-19,Y
PAY_CONFIRM_V2,101534,TREATMENT,2026-03-15,Y
PAY_CONFIRM_V2,104369,CONTROL,2026-03-04,Y
PAY_CONFIRM_V2,106942,CONTROL,2026-03-19,Y
PAY_CONFIRM_V2,100453,CONTROL,2026-03-17,Y
PAY_CONFIRM_V2,108691,CONTROL,2026-03-23,Y
PAY_CONFIRM_V2,109453,CONTROL,2026-03-05,Y
PAY_CONFIRM_V2,104915,CONTROL,2026-03-12,Y
PAY_CONFIRM_V2,106212,CONTROL,2026-03-03,Y
PAY_CONFIRM_V2,109611,TREATMENT,2026-03-25,Y
PAY_CONFIRM_V2,107595,TREATMENT,2026-03-18,Y
PAY_CONFIRM_V2,106225,CONTROL,2026-03-26,Y
PAY_CONFIRM_V2,105633,CONTROL,2026-03-27,Y
PAY_CONFIRM_V2,107885,TREATMENT,2026-03-18,Y
PAY_CONFIRM_V2,100665,CONTROL,2026-03-28,Y
PAY_CONFIRM_V2,107324,CONTROL,2026-03-23,Y
PAY_CONFIRM_V2,106339,TREATMENT,2026-03-10,Y
PAY_CONFIRM_V2,106285,CONTROL,2026-03-03,Y
PAY_CONFIRM_V2,105271,CONTROL,2026-03-14,Y
PAY_CONFIRM_V2,101660,CONTROL,2026-03-17,Y
PAY_CONFIRM_V2,107096,TREATMENT,2026-03-06,Y
PAY_CONFIRM_V2,101072,CONTROL,2026-03-05,Y
PAY_CONFIRM_V2,103983,CONTROL,2026-03-05,Y
PAY_CONFIRM_V2,101406,TREATMENT,2026-03-09,Y
PAY_CONFIRM_V2,100628,CONTROL,2026-03-07,Y
PAY_CONFIRM_V2,103121,CONTROL,2026-03-10,Y
PAY_CONFIRM_V2,106530,CONTROL,2026-03-26,Y
PAY_CONFIRM_V2,102616,TREATMENT,2026-03-05,Y
PAY_CONFIRM_V2,101626,CONTROL,2026-03-25,Y
PAY_CONFIRM_V2,109145,TREATMENT,2026-03-11,Y
PAY_CONFIRM_V2,100518,CONTROL,2026-03-08,Y
PAY_CONFIRM_V2,108415,TREATMENT,2026-03-07,Y
PAY_CONFIRM_V2,103051,TREATMENT,2026-03-16,Y
PAY_CONFIRM_V2,105826,CONTROL,2026-03-14,Y
PAY_CONFIRM_V2,104041,CONTROL,2026-03-02,Y
PAY_CONFIRM_V2,108783,TREATMENT,2026-03-14,Y
PAY_CONFIRM_V2,109078,TREATMENT,2026-03-22,Y
PAY_CONFIRM_V2,104472,CONTROL,2026-03-14,Y
PAY_CONFIRM_V2,103372,CONTROL,2026-03-27,Y
PAY_CONFIRM_V2,108555,TREATMENT,2026-03-16,Y
PAY_CONFIRM_V2,102587,CONTROL,2026-03-22,Y
PAY_CONFIRM_V2,100816,TREATMENT,2026-03-07,Y
PAY_CONFIRM_V2,108502,CONTROL,2026-03-03,Y
PAY_CONFIRM_V2,101919,CONTROL,2026-03-30,Y
PAY_CONFIRM_V2,104564,TREATMENT,2026-03-23,Y
PAY_CONFIRM_V2,105126,CONTROL,2026-03-20,Y
PAY_CONFIRM_V2,102733,CONTROL,2026-03-11,Y
PAY_CONFIRM_V2,107526,TREATMENT,2026-03-17,Y
PAY_CONFIRM_V2,109586,CONTROL,2026-03-24,Y
PAY_CONFIRM_V2,107527,TREATMENT,2026-03-27,Y
PAY_CONFIRM_V2,104020,CONTROL,2026-03-04,Y
PAY_CONFIRM_V2,104753,CONTROL,2026-03-17,Y
PAY_CONFIRM_V2,109059,TREATMENT,2026-03-27,Y
PAY_CONFIRM_V2,102026,CONTROL,2026-03-23,Y
PAY_CONFIRM_V2,108658,TREATMENT,2026-03-24,Y
PAY_CONFIRM_V2,100819,TREATMENT,2026-03-22,Y
PAY_CONFIRM_V2,100905,CONTROL,2026-03-09,Y
PAY_CONFIRM_V2,101690,TREATMENT,2026-03-28,Y
PAY_CONFIRM_V2,109046,CONTROL,2026-03-07,Y
PAY_CONFIRM_V2,102882,TREATMENT,2026-03-27,Y
PAY_CONFIRM_V2,102893,CONTROL,2026-03-11,Y
PAY_CONFIRM_V2,100088,CONTROL,2026-03-14,Y
PAY_CONFIRM_V2,102445,TREATMENT,2026-03-05,Y
PAY_CONFIRM_V2,103004,CONTROL,2026-03-08,Y
PAY_CONFIRM_V2,100973,CONTROL,2026-03-17,Y
PAY_CONFIRM_V2,105917,TREATMENT,2026-03-06,Y
PAY_CONFIRM_V2,108011,TREATMENT,2026-03-13,Y
PAY_CONFIRM_V2,106400,CONTROL,2026-03-13,Y
PAY_CONFIRM_V2,104180,TREATMENT,2026-03-12,Y
PAY_CONFIRM_V2,103865,CONTROL,2026-03-05,Y
PAY_CONFIRM_V2,109320,CONTROL,2026-03-04,Y
PAY_CONFIRM_V2,105220,TREATMENT,2026-03-29,Y
PAY_CONFIRM_V2,108091,CONTROL,2026-03-11,Y
PAY_CONFIRM_V2,102129,TREATMENT,2026-03-27,Y
PAY_CONFIRM_V2,100638,CONTROL,2026-03-05,Y
PAY_CONFIRM_V2,108254,TREATMENT,2026-03-08,Y
PAY_CONFIRM_V2,100936,CONTROL,2026-03-07,Y
PAY_CONFIRM_V2,104262,TREATMENT,2026-03-07,Y
PAY_CONFIRM_V2,101220,CONTROL,2026-03-01,Y
PAY_CONFIRM_V2,100906,CONTROL,2026-03-11,Y
PAY_CONFIRM_V2,106260,CONTROL,2026-03-09,Y
PAY_CONFIRM_V2,103485,CONTROL,2026-03-29,Y
PAY_CONFIRM_V2,103547,TREATMENT,2026-03-15,Y
PAY_CONFIRM_V2,104486,TREATMENT,2026-03-06,Y
PAY_CONFIRM_V2,102657,CONTROL,2026-03-04,Y
PAY_CONFIRM_V2,104258,TREATMENT,2026-03-24,Y
PAY_CONFIRM_V2,103170,TREATMENT,2026-03-07,Y
PAY_CONFIRM_V2,103735,CONTROL,2026-03-11,Y
PAY_CONFIRM_V2,100291,TREATMENT,2026-03-27,Y
PAY_CONFIRM_V2,100176,CONTROL,2026-03-17,Y
PAY_CONFIRM_V2,101116,CONTROL,2026-03-20,Y
PAY_CONFIRM_V2,106939,CONTROL,2026-03-04,Y
PAY_CONFIRM_V2,109399,CONTROL,2026-03-10,Y
PAY_CONFIRM_V2,108639,CONTROL,2026-03-24,Y
PAY_CONFIRM_V2,105732,TREATMENT,2026-03-02,Y
PAY_CONFIRM_V2,100737,TREATMENT,2026-03-23,Y
PAY_CONFIRM_V2,101608,CONTROL,2026-03-20,Y
PAY_CONFIRM_V2,106798,CONTROL,2026-03-29,Y
PAY_CONFIRM_V2,101691,CONTROL,2026-03-23,Y
PAY_CONFIRM_V2,106396,TREATMENT,2026-03-19,Y
PAY_CONFIRM_V2,102713,TREATMENT,2026-03-14,Y
PAY_CONFIRM_V2,105403,TREATMENT,2026-03-29,Y
PAY_CONFIRM_V2,103644,CONTROL,2026-03-20,Y
PAY_CONFIRM_V2,103743,TREATMENT,2026-03-19,Y
PAY_CONFIRM_V2,101461,CONTROL,2026-03-29,Y
PAY_CONFIRM_V2,100612,TREATMENT,2026-03-15,Y
PAY_CONFIRM_V2,108508,TREATMENT,2026-03-02,Y
PAY_CONFIRM_V2,101185,CONTROL,2026-03-15,Y
PAY_CONFIRM_V2,108058,CONTROL,2026-03-24,Y
PAY_CONFIRM_V2,103889,TREATMENT,2026-03-27,Y
PAY_CONFIRM_V2,104961,TREATMENT,2026-03-03,Y
PAY_CONFIRM_V2,103127,CONTROL,2026-03-26,Y
PAY_CONFIRM_V2,109139,TREATMENT,2026-03-08,Y
PAY_CONFIRM_V2,106059,TREATMENT,2026-03-10,Y
PAY_CONFIRM_V2,101939,TREATMENT,2026-03-26,Y
PAY_CONFIRM_V2,109101,CONTROL,2026-03-02,Y
PAY_CONFIRM_V2,108902,TREATMENT,2026-03-09,Y
PAY_CONFIRM_V2,100113,CONTROL,2026-03-22,Y
PAY_CONFIRM_V2,103605,TREATMENT,2026-03-11,Y
PAY_CONFIRM_V2,104907,CONTROL,2026-03-01,Y
PAY_CONFIRM_V2,100670,CONTROL,2026-03-02,Y
PAY_CONFIRM_V2,109763,CONTROL,2026-03-10,Y
PAY_CONFIRM_V2,101382,TREATMENT,2026-03-01,Y
PAY_CONFIRM_V2,104554,CONTROL,2026-03-18,Y
PAY_CONFIRM_V2,102967,TREATMENT,2026-03-26,Y
PAY_CONFIRM_V2,106001,TREATMENT,2026-03-09,Y
PAY_CONFIRM_V2,100484,CONTROL,2026-03-05,Y
PAY_CONFIRM_V2,109832,CONTROL,2026-03-24,Y
PAY_CONFIRM_V2,107720,TREATMENT,2026-03-21,Y
PAY_CONFIRM_V2,105504,CONTROL,2026-03-28,Y
PAY_CONFIRM_V2,106609,TREATMENT,2026-03-01,Y
PAY_CONFIRM_V2,104224,CONTROL,2026-03-20,Y
PAY_CONFIRM_V2,106478,TREATMENT,2026-03-20,Y
PAY_CONFIRM_V2,105448,TREATMENT,2026-03-21,Y
PAY_CONFIRM_V2,105460,CONTROL,2026-03-12,Y
PAY_CONFIRM_V2,102984,CONTROL,2026-03-28,Y
PAY_CONFIRM_V2,104443,TREATMENT,2026-03-04,Y
PAY_CONFIRM_V2,106426,TREATMENT,2026-03-02,Y
PAY_CONFIRM_V2,103730,CONTROL,2026-03-25,Y
PAY_CONFIRM_V2,100997,TREATMENT,2026-03-25,Y
PAY_CONFIRM_V2,102523,TREATMENT,2026-03-05,Y
PAY_CONFIRM_V2,102750,TREATMENT,2026-03-20,Y
PAY_CONFIRM_V2,108608,CONTROL,2026-03-12,Y
PAY_CONFIRM_V2,108981,CONTROL,2026-03-04,Y
PAY_CONFIRM_V2,107364,CONTROL,2026-03-30,Y
PAY_CONFIRM_V2,107272,CONTROL,2026-03-25,Y
PAY_CONFIRM_V2,108924,CONTROL,2026-03-28,Y
PAY_CONFIRM_V2,103240,CONTROL,2026-03-09,Y
PAY_CONFIRM_V2,109856,CONTROL,2026-03-06,Y
PAY_CONFIRM_V2,103411,TREATMENT,2026-03-08,Y
PAY_CONFIRM_V2,103455,CONTROL,2026-03-20,Y
PAY_CONFIRM_V2,101572,TREATMENT,2026-03-19,Y
PAY_CONFIRM_V2,109873,CONTROL,2026-03-17,Y
PAY_CONFIRM_V2,101585,CONTROL,2026-03-29,Y
PAY_CONFIRM_V2,105967,TREATMENT,2026-03-19,Y
PAY_CONFIRM_V2,107966,TREATMENT,2026-03-01,Y
PAY_CONFIRM_V2,100436,TREATMENT,2026-03-08,Y
PAY_CONFIRM_V2,105886,CONTROL,2026-03-23,Y
PAY_CONFIRM_V2,102275,CONTROL,2026-03-06,Y
PAY_CONFIRM_V2,104509,CONTROL,2026-03-15,Y
PAY_CONFIRM_V2,109745,TREATMENT,2026-03-22,Y
PAY_CONFIRM_V2,106849,TREATMENT,2026-03-20,Y
PAY_CONFIRM_V2,103346,CONTROL,2026-03-21,Y
PAY_CONFIRM_V2,107191,CONTROL,2026-03-09,Y
PAY_CONFIRM_V2,107036,TREATMENT,2026-03-24,Y
PAY_CONFIRM_V2,107895,TREATMENT,2026-03-16,Y
PAY_CONFIRM_V2,109303,TREATMENT,2026-03-01,Y
PAY_CONFIRM_V2,103651,CONTROL,2026-03-26,Y
PAY_CONFIRM_V2,100778,CONTROL,2026-03-14,Y
PAY_CONFIRM_V2,105161,CONTROL,2026-03-26,Y
PAY_CONFIRM_V2,106259,TREATMENT,2026-03-18,Y
PAY_CONFIRM_V2,101619,CONTROL,2026-03-26,Y
PAY_CONFIRM_V2,105093,TREATMENT,2026-03-27,Y
PAY_CONFIRM_V2,106548,TREATMENT,2026-03-03,Y
PAY_CONFIRM_V2,108202,TREATMENT,2026-03-18,Y
PAY_CONFIRM_V2,100966,TREATMENT,2026-03-27,Y
PAY_CONFIRM_V2,106779,TREATMENT,2026-03-10,Y
PAY_CONFIRM_V2,108321,CONTROL,2026-03-12,Y
PAY_CONFIRM_V2,101911,CONTROL,2026-03-15,Y
PAY_CONFIRM_V2,100597,CONTROL,2026-03-24,Y
PAY_CONFIRM_V2,104518,TREATMENT,2026-03-25,Y
PAY_CONFIRM_V2,108777,CONTROL,2026-03-21,Y
PAY_CONFIRM_V2,105371,CONTROL,2026-03-13,Y
PAY_CONFIRM_V2,109452,TREATMENT,2026-03-07,Y
PAY_CONFIRM_V2,107023,TREATMENT,2026-03-12,Y
PAY_CONFIRM_V2,104168,TREATMENT,2026-03-07,Y
PAY_CONFIRM_V2,109882,TREATMENT,2026-03-14,Y
PAY_CONFIRM_V2,108148,TREATMENT,2026-03-03,Y
PAY_CONFIRM_V2,101095,CONTROL,2026-03-27,Y
PAY_CONFIRM_V2,106515,CONTROL,2026-03-05,Y
PAY_CONFIRM_V2,104135,CONTROL,2026-03-21,Y
PAY_CONFIRM_V2,107519,TREATMENT,2026-03-23,Y
PAY_CONFIRM_V2,103636,TREATMENT,2026-03-26,Y
PAY_CONFIRM_V2,106425,CONTROL,2026-03-22,Y
PAY_CONFIRM_V2,107615,CONTROL,2026-03-29,Y
PAY_CONFIRM_V2,103304,TREATMENT,2026-03-03,Y
PAY_CONFIRM_V2,107825,TREATMENT,2026-03-26,Y
PAY_CONFIRM_V2,105969,TREATMENT,2026-03-30,Y
PAY_CONFIRM_V2,103805,CONTROL,2026-03-19,Y
PAY_CONFIRM_V2,107190,CONTROL,2026-03-19,Y
PAY_CONFIRM_V2,101222,CONTROL,2026-03-03,Y
PAY_CONFIRM_V2,101827,CONTROL,2026-03-17,Y
PAY_CONFIRM_V2,109404,TREATMENT,2026-03-29,Y
PAY_CONFIRM_V2,103988,CONTROL,2026-03-17,Y
PAY_CONFIRM_V2,100915,CONTROL,2026-03-27,Y
PAY_CONFIRM_V2,108540,CONTROL,2026-03-16,Y
PAY_CONFIRM_V2,107465,CONTROL,2026-03-22,Y
PAY_CONFIRM_V2,103311,CONTROL,2026-03-28,Y
PAY_CONFIRM_V2,100188,TREATMENT,2026-03-25,Y
PAY_CONFIRM_V2,101392,TREATMENT,2026-03-16,Y
PAY_CONFIRM_V2,103790,CONTROL,2026-03-08,Y
PAY_CONFIRM_V2,104441,TREATMENT,2026-03-23,Y
PAY_CONFIRM_V2,108582,CONTROL,2026-03-23,Y
PAY_CONFIRM_V2,107255,TREATMENT,2026-03-10,Y
PAY_CONFIRM_V2,101074,TREATMENT,2026-03-17,Y
PAY_CONFIRM_V2,108897,TREATMENT,2026-03-02,Y
PAY_CONFIRM_V2,106050,TREATMENT,2026-03-19,Y
PAY_CONFIRM_V2,103623,TREATMENT,2026-03-11,Y
PAY_CONFIRM_V2,109020,TREATMENT,2026-03-18,Y
PAY_CONFIRM_V2,106287,TREATMENT,2026-03-08,Y
PAY_CONFIRM_V2,104662,CONTROL,2026-03-23,Y
PAY_CONFIRM_V2,109524,CONTROL,2026-03-29,Y
PAY_CONFIRM_V2,102091,TREATMENT,2026-03-23,Y
PAY_CONFIRM_V2,106079,TREATMENT,2026-03-13,Y
PAY_CONFIRM_V2,101649,TREATMENT,2026-03-01,Y
PAY_CONFIRM_V2,108127,CONTROL,2026-03-22,Y
PAY_CONFIRM_V2,102368,CONTROL,2026-03-01,Y
PAY_CONFIRM_V2,107806,CONTROL,2026-03-09,Y
PAY_CONFIRM_V2,107083,TREATMENT,2026-03-27,Y
PAY_CONFIRM_V2,104046,CONTROL,2026-03-20,Y
PAY_CONFIRM_V2,106510,TREATMENT,2026-03-24,Y
PAY_CONFIRM_V2,100155,CONTROL,2026-03-10,Y
PAY_CONFIRM_V2,100180,TREATMENT,2026-03-17,Y
PAY_CONFIRM_V2,104190,TREATMENT,2026-03-17,Y
PAY_CONFIRM_V2,104716,CONTROL,2026-03-20,Y
PAY_CONFIRM_V2,103715,TREATMENT,2026-03-01,Y
PAY_CONFIRM_V2,103225,TREATMENT,2026-03-28,Y
PAY_CONFIRM_V2,104873,TREATMENT,2026-03-15,Y
PAY_CONFIRM_V2,105681,CONTROL,2026-03-18,Y
PAY_CONFIRM_V2,109814,CONTROL,2026-03-05,Y
PAY_CONFIRM_V2,104344,CONTROL,2026-03-08,Y
PAY_CONFIRM_V2,109773,TREATMENT,2026-03-23,Y
PAY_CONFIRM_V2,105356,CONTROL,2026-03-12,Y
PAY_CONFIRM_V2,109467,TREATMENT,2026-03-05,Y
PAY_CONFIRM_V2,109356,CONTROL,2026-03-13,Y
PAY_CONFIRM_V2,108889,CONTROL,2026-03-21,Y
PAY_CONFIRM_V2,107860,TREATMENT,2026-03-29,Y
PAY_CONFIRM_V2,107238,CONTROL,2026-03-01,Y
PAY_CONFIRM_V2,101323,CONTROL,2026-03-09,Y
PAY_CONFIRM_V2,103336,TREATMENT,2026-03-14,Y
PAY_CONFIRM_V2,102380,TREATMENT,2026-03-14,Y
PAY_CONFIRM_V2,105643,TREATMENT,2026-03-12,Y
PAY_CONFIRM_V2,102256,TREATMENT,2026-03-08,Y
PAY_CONFIRM_V2,109293,CONTROL,2026-03-21,Y
PAY_CONFIRM_V2,109683,TREATMENT,2026-03-07,Y
PAY_CONFIRM_V2,100267,CONTROL,2026-03-23,Y
PAY_CONFIRM_V2,103426,CONTROL,2026-03-02,Y
PAY_CONFIRM_V2,108996,CONTROL,2026-03-09,Y
PAY_CONFIRM_V2,100872,TREATMENT,2026-03-30,Y
PAY_CONFIRM_V2,100209,CONTROL,2026-03-12,Y
PAY_CONFIRM_V2,109546,TREATMENT,2026-03-08,Y
PAY_CONFIRM_V2,104226,CONTROL,2026-03-12,Y
PAY_CONFIRM_V2,105700,CONTROL,2026-03-29,Y
PAY_CONFIRM_V2,109264,TREATMENT,2026-03-12,Y
PAY_CONFIRM_V2,103145,TREATMENT,2026-03-29,Y
PAY_CONFIRM_V2,109990,TREATMENT,2026-03-04,Y
PAY_CONFIRM_V2,102172,CONTROL,2026-03-04,Y
PAY_CONFIRM_V2,100226,TREATMENT,2026-03-11,Y
PAY_CONFIRM_V2,109065,CONTROL,2026-03-03,Y
PAY_CONFIRM_V2,106415,TREATMENT,2026-03-28,Y
PAY_CONFIRM_V2,107111,TREATMENT,2026-03-06,Y
PAY_CONFIRM_V2,101808,CONTROL,2026-03-30,Y
PAY_CONFIRM_V2,109919,TREATMENT,2026-03-17,Y
PAY_CONFIRM_V2,105273,CONTROL,2026-03-08,Y
PAY_CONFIRM_V2,104687,CONTROL,2026-03-22,Y
PAY_CONFIRM_V2,109636,CONTROL,2026-03-11,Y
PAY_CONFIRM_V2,109302,CONTROL,2026-03-02,Y
PAY_CONFIRM_V2,104392,TREATMENT,2026-03-19,Y
PAY_CONFIRM_V2,104729,TREATMENT,2026-03-02,Y
PAY_CONFIRM_V2,102924,CONTROL,2026-03-14,Y
PAY_CONFIRM_V2,107260,CONTROL,2026-03-02,Y
PAY_CONFIRM_V2,101631,CONTROL,2026-03-27,Y
PAY_CONFIRM_V2,105319,CONTROL,2026-03-13,Y
PAY_CONFIRM_V2,107802,CONTROL,2026-03-06,Y
PAY_CONFIRM_V2,102547,CONTROL,2026-03-05,Y
PAY_CONFIRM_V2,104837,CONTROL,2026-03-25,Y
PAY_CONFIRM_V2,109511,CONTROL,2026-03-30,Y
PAY_CONFIRM_V2,101804,CONTROL,2026-03-15,Y
PAY_CONFIRM_V2,107347,TREATMENT,2026-03-15,Y
PAY_CONFIRM_V2,100442,CONTROL,2026-03-08,Y
PAY_CONFIRM_V2,101699,CONTROL,2026-03-21,Y
PAY_CONFIRM_V2,109740,CONTROL,2026-03-14,Y
PAY_CONFIRM_V2,101977,TREATMENT,2026-03-27,Y
PAY_CONFIRM_V2,102680,CONTROL,2026-03-03,Y
PAY_CONFIRM_V2,101665,TREATMENT,2026-03-17,Y
PAY_CONFIRM_V2,107454,TREATMENT,2026-03-05,Y
PAY_CONFIRM_V2,105140,CONTROL,2026-03-03,Y
PAY_CONFIRM_V2,100627,TREATMENT,2026-03-17,Y
PAY_CONFIRM_V2,105279,TREATMENT,2026-03-26,Y
PAY_CONFIRM_V2,108027,TREATMENT,2026-03-28,Y
PAY_CONFIRM_V2,102394,CONTROL,2026-03-07,Y
PAY_CONFIRM_V2,105185,CONTROL,2026-03-20,Y
PAY_CONFIRM_V2,109290,CONTROL,2026-03-02,Y
PAY_CONFIRM_V2,103722,TREATMENT,2026-03-04,Y
PAY_CONFIRM_V2,108965,CONTROL,2026-03-07,Y
PAY_CONFIRM_V2,106584,TREATMENT,2026-03-01,Y
PAY_CONFIRM_V2,101037,TREATMENT,2026-03-10,Y
PAY_CONFIRM_V2,107141,TREATMENT,2026-03-10,Y
PAY_CONFIRM_V2,109220,TREATMENT,2026-03-06,Y
PAY_CONFIRM_V2,105243,CONTROL,2026-03-05,Y
PAY_CONFIRM_V2,109984,CONTROL,2026-03-05,Y
PAY_CONFIRM_V2,103648,TREATMENT,2026-03-06,Y
PAY_CONFIRM_V2,100533,CONTROL,2026-03-10,Y
PAY_CONFIRM_V2,108187,CONTROL,2026-03-12,Y
PAY_CONFIRM_V2,109396,TREATMENT,2026-03-19,Y
PAY_CONFIRM_V2,102774,TREATMENT,2026-03-04,Y
PAY_CONFIRM_V2,104717,TREATMENT,2026-03-02,Y
PAY_CONFIRM_V2,107964,TREATMENT,2026-03-23,Y
PAY_CONFIRM_V2,108323,CONTROL,2026-03-14,Y
PAY_CONFIRM_V2,103571,CONTROL,2026-03-19,Y
PAY_CONFIRM_V2,106505,TREATMENT,2026-03-12,Y
PAY_CONFIRM_V2,109640,TREATMENT,2026-03-29,Y
PAY_CONFIRM_V2,109991,CONTROL,2026-03-09,Y
PAY_CONFIRM_V2,103133,CONTROL,2026-03-06,Y
PAY_CONFIRM_V2,104813,CONTROL,2026-03-25,Y
PAY_CONFIRM_V2,101069,CONTROL,2026-03-22,Y
PAY_CONFIRM_V2,107975,CONTROL,2026-03-27,Y
PAY_CONFIRM_V2,100641,CONTROL,2026-03-09,Y
PAY_CONFIRM_V2,108804,CONTROL,2026-03-01,Y
PAY_CONFIRM_V2,106812,CONTROL,2026-03-07,Y
PAY_CONFIRM_V2,100248,CONTROL,2026-03-19,Y
PAY_CONFIRM_V2,109267,TREATMENT,2026-03-15,Y
PAY_CONFIRM_V2,102440,CONTROL,2026-03-30,Y
PAY_CONFIRM_V2,101092,CONTROL,2026-03-12,Y
PAY_CONFIRM_V2,100292,CONTROL,2026-03-05,Y
PAY_CONFIRM_V2,102880,TREATMENT,2026-03-16,Y
PAY_CONFIRM_V2,103992,CONTROL,2026-03-27,Y
PAY_CONFIRM_V2,101910,TREATMENT,2026-03-21,Y
PAY_CONFIRM_V2,105850,CONTROL,2026-03-05,Y
PAY_CONFIRM_V2,108786,CONTROL,2026-03-12,Y
PAY_CONFIRM_V2,108100,CONTROL,2026-03-07,Y
PAY_CONFIRM_V2,105430,TREATMENT,2026-03-06,Y
PAY_CONFIRM_V2,108370,TREATMENT,2026-03-12,Y
PAY_CONFIRM_V2,102802,CONTROL,2026-03-10,Y
PAY_CONFIRM_V2,104599,TREATMENT,2026-03-14,Y
PAY_CONFIRM_V2,104237,TREATMENT,2026-03-08,Y
PAY_CONFIRM_V2,102862,CONTROL,2026-03-08,Y
PAY_CONFIRM_V2,109772,CONTROL,2026-03-14,Y
PAY_CONFIRM_V2,109538,CONTROL,2026-03-02,Y
PAY_CONFIRM_V2,103800,TREATMENT,2026-03-11,Y
PAY_CONFIRM_V2,101006,CONTROL,2026-03-13,Y
PAY_CONFIRM_V2,105753,CONTROL,2026-03-28,Y
PAY_CONFIRM_V2,106074,CONTROL,2026-03-24,Y
PAY_CONFIRM_V2,102917,CONTROL,2026-03-09,Y
PAY_CONFIRM_V2,105926,CONTROL,2026-03-07,Y
PAY_CONFIRM_V2,103153,CONTROL,2026-03-06,Y
PAY_CONFIRM_V2,109691,CONTROL,2026-03-28,Y
PAY_CONFIRM_V2,106666,TREATMENT,2026-03-09,Y
PAY_CONFIRM_V2,103251,CONTROL,2026-03-05,Y
PAY_CONFIRM_V2,108458,CONTROL,2026-03-08,Y
PAY_CONFIRM_V2,106994,CONTROL,2026-03-02,Y
PAY_CONFIRM_V2,109310,CONTROL,2026-03-13,Y
PAY_CONFIRM_V2,102112,CONTROL,2026-03-11,Y
PAY_CONFIRM_V2,105754,TREATMENT,2026-03-30,Y
PAY_CONFIRM_V2,105080,CONTROL,2026-03-25,Y
PAY_CONFIRM_V2,108392,CONTROL,2026-03-06,Y
PAY_CONFIRM_V2,101326,TREATMENT,2026-03-28,Y
PAY_CONFIRM_V2,100757,CONTROL,2026-03-13,Y
PAY_CONFIRM_V2,108345,CONTROL,2026-03-26,Y
PAY_CONFIRM_V2,105676,TREATMENT,2026-03-25,Y
PAY_CONFIRM_V2,108785,TREATMENT,2026-03-24,Y
PAY_CONFIRM_V2,104435,CONTROL,2026-03-09,Y
PAY_CONFIRM_V2,100582,TREATMENT,2026-03-07,Y
PAY_CONFIRM_V2,107407,TREATMENT,2026-03-11,Y
PAY_CONFIRM_V2,106650,TREATMENT,2026-03-18,Y
PAY_CONFIRM_V2,109672,TREATMENT,2026-03-11,Y
PAY_CONFIRM_V2,108604,CONTROL,2026-03-30,Y
PAY_CONFIRM_V2,103338,CONTROL,2026-03-07,Y
PAY_CONFIRM_V2,109962,CONTROL,2026-03-12,Y
PAY_CONFIRM_V2,106846,TREATMENT,2026-03-10,Y
PAY_CONFIRM_V2,101340,TREATMENT,2026-03-17,Y
PAY_CONFIRM_V2,102083,CONTROL,2026-03-04,Y
PAY_CONFIRM_V2,101381,TREATMENT,2026-03-30,Y
PAY_CONFIRM_V2,102151,TREATMENT,2026-03-06,Y
PAY_CONFIRM_V2,105333,CONTROL,2026-03-16,Y
PAY_CONFIRM_V2,108278,TREATMENT,2026-03-13,Y
PAY_CONFIRM_V2,101615,TREATMENT,2026-03-02,Y
PAY_CONFIRM_V2,100272,TREATMENT,2026-03-18,Y
PAY_CONFIRM_V2,107547,CONTROL,2026-03-23,Y
PAY_CONFIRM_V2,100160,TREATMENT,2026-03-19,Y
PAY_CONFIRM_V2,105701,TREATMENT,2026-03-02,Y
PAY_CONFIRM_V2,103261,TREATMENT,2026-03-08,Y
PAY_CONFIRM_V2,108603,CONTROL,2026-03-03,Y
PAY_CONFIRM_V2,105573,CONTROL,2026-03-16,Y
PAY_CONFIRM_V2,108585,TREATMENT,2026-03-27,Y
PAY_CONFIRM_V2,106881,TREATMENT,2026-03-29,Y
PAY_CONFIRM_V2,102530,CONTROL,2026-03-10,Y
PAY_CONFIRM_V2,107863,CONTROL,2026-03-27,Y
PAY_CONFIRM_V2,102768,TREATMENT,2026-03-26,Y
PAY_CONFIRM_V2,106090,CONTROL,2026-03-06,Y
PAY_CONFIRM_V2,104896,CONTROL,2026-03-26,Y
PAY_CONFIRM_V2,105291,CONTROL,2026-03-02,Y
PAY_CONFIRM_V2,101456,CONTROL,2026-03-09,Y
PAY_CONFIRM_V2,102203,CONTROL,2026-03-03,Y
PAY_CONFIRM_V2,103574,TREATMENT,2026-03-14,Y
PAY_CONFIRM_V2,100090,CONTROL,2026-03-22,Y
PAY_CONFIRM_V2,102848,CONTROL,2026-03-15,Y
PAY_CONFIRM_V2,103794,CONTROL,2026-03-16,Y
PAY_CONFIRM_V2,101707,CONTROL,2026-03-05,Y
PAY_CONFIRM_V2,105790,CONTROL,2026-03-07,Y
PAY_CONFIRM_V2,106365,CONTROL,2026-03-16,Y
PAY_CONFIRM_V2,104579,TREATMENT,2026-03-26,Y
PAY_CONFIRM_V2,109456,TREATMENT,2026-03-07,Y
PAY_CONFIRM_V2,107521,CONTROL,2026-03-05,Y
PAY_CONFIRM_V2,108257,TREATMENT,2026-03-14,Y
PAY_CONFIRM_V2,107187,TREATMENT,2026-03-06,Y
PAY_CONFIRM_V2,100731,CONTROL,2026-03-02,Y
PAY_CONFIRM_V2,109087,CONTROL,2026-03-09,Y
PAY_CONFIRM_V2,100050,TREATMENT,2026-03-23,Y
PAY_CONFIRM_V2,101855,TREATMENT,2026-03-03,Y
PAY_CONFIRM_V2,103628,TREATMENT,2026-03-17,Y
PAY_CONFIRM_V2,105659,CONTROL,2026-03-28,Y
PAY_CONFIRM_V2,100073,CONTROL,2026-03-15,Y
PAY_CONFIRM_V2,106274,TREATMENT,2026-03-11,Y
PAY_CONFIRM_V2,100965,TREATMENT,2026-03-24,Y
PAY_CONFIRM_V2,105985,TREATMENT,2026-03-13,Y
PAY_CONFIRM_V2,102748,TREATMENT,2026-03-29,Y
PAY_CONFIRM_V2,108226,TREATMENT,2026-03-24,Y
PAY_CONFIRM_V2,100557,CONTROL,2026-03-20,Y
PAY_CONFIRM_V2,107181,TREATMENT,2026-03-18,Y
PAY_CONFIRM_V2,108367,CONTROL,2026-03-27,Y
PAY_CONFIRM_V2,104698,TREATMENT,2026-03-08,Y
PAY_CONFIRM_V2,103045,CONTROL,2026-03-15,Y
PAY_CONFIRM_V2,107874,CONTROL,2026-03-25,Y
PAY_CONFIRM_V2,104979,CONTROL,2026-03-02,Y
PAY_CONFIRM_V2,102076,TREATMENT,2026-03-03,Y
PAY_CONFIRM_V2,108359,TREATMENT,2026-03-27,Y
PAY_CONFIRM_V2,105948,TREATMENT,2026-03-13,Y
PAY_CONFIRM_V2,103040,CONTROL,2026-03-02,Y
PAY_CONFIRM_V2,102494,TREATMENT,2026-03-02,Y
PAY_CONFIRM_V2,100569,TREATMENT,2026-03-24,Y
PAY_CONFIRM_V2,108943,TREATMENT,2026-03-07,Y
PAY_CONFIRM_V2,104872,TREATMENT,2026-03-20,Y
PAY_CONFIRM_V2,105683,TREATMENT,2026-03-15,Y
PAY_CONFIRM_V2,103666,TREATMENT,2026-03-08,Y
PAY_CONFIRM_V2,101383,CONTROL,2026-03-14,Y
PAY_CONFIRM_V2,101520,CONTROL,2026-03-08,Y
PAY_CONFIRM_V2,105252,CONTROL,2026-03-23,Y
PAY_CONFIRM_V2,102086,TREATMENT,2026-03-02,Y
PAY_CONFIRM_V2,108871,CONTROL,2026-03-07,Y
PAY_CONFIRM_V2,105274,TREATMENT,2026-03-04,Y
PAY_CONFIRM_V2,102710,TREATMENT,2026-03-16,Y
PAY_CONFIRM_V2,105143,CONTROL,2026-03-21,Y
PAY_CONFIRM_V2,101874,TREATMENT,2026-03-04,Y
PAY_CONFIRM_V2,104617,CONTROL,2026-03-26,Y
PAY_CONFIRM_V2,109821,TREATMENT,2026-03-10,Y
PAY_CONFIRM_V2,101107,CONTROL,2026-03-22,Y
PAY_CONFIRM_V2,102042,TREATMENT,2026-03-28,Y
PAY_CONFIRM_V2,106817,TREATMENT,2026-03-11,Y
PAY_CONFIRM_V2,100903,CONTROL,2026-03-02,Y
PAY_CONFIRM_V2,107370,CONTROL,2026-03-17,Y
PAY_CONFIRM_V2,109562,CONTROL,2026-03-04,Y
PAY_CONFIRM_V2,102018,TREATMENT,2026-03-26,Y
PAY_CONFIRM_V2,100039,CONTROL,2026-03-04,Y
PAY_CONFIRM_V2,103161,TREATMENT,2026-03-20,Y
PAY_CONFIRM_V2,108437,CONTROL,2026-03-06,Y
PAY_CONFIRM_V2,100447,TREATMENT,2026-03-21,Y
PAY_CONFIRM_V2,103460,CONTROL,2026-03-26,Y
PAY_CONFIRM_V2,107823,TREATMENT,2026-03-07,Y
PAY_CONFIRM_V2,104164,TREATMENT,2026-03-22,Y
PAY_CONFIRM_V2,102628,TREATMENT,2026-03-26,Y
PAY_CONFIRM_V2,109219,CONTROL,2026-03-24,Y
PAY_CONFIRM_V2,100954,TREATMENT,2026-03-14,Y
PAY_CONFIRM_V2,105595,CONTROL,2026-03-05,Y
PAY_CONFIRM_V2,102182,CONTROL,2026-03-21,Y
PAY_CONFIRM_V2,100233,TREATMENT,2026-03-19,Y
PAY_CONFIRM_V2,105395,TREATMENT,2026-03-10,Y
PAY_CONFIRM_V2,102727,TREATMENT,2026-03-12,Y
PAY_CONFIRM_V2,107281,CONTROL,2026-03-27,Y
PAY_CONFIRM_V2,102248,TREATMENT,2026-03-11,Y
PAY_CONFIRM_V2,108293,TREATMENT,2026-03-17,Y
PAY_CONFIRM_V2,101281,CONTROL,2026-03-03,Y
PAY_CONFIRM_V2,108716,TREATMENT,2026-03-01,Y
PAY_CONFIRM_V2,108742,CONTROL,2026-03-18,Y
PAY_CONFIRM_V2,107878,CONTROL,2026-03-11,Y
PAY_CONFIRM_V2,109265,CONTROL,2026-03-26,Y
PAY_CONFIRM_V2,102243,CONTROL,2026-03-22,Y
PAY_CONFIRM_V2,108801,CONTROL,2026-03-02,Y
PAY_CONFIRM_V2,108260,TREATMENT,2026-03-08,Y
PAY_CONFIRM_V2,107553,TREATMENT,2026-03-26,Y
PAY_CONFIRM_V2,107824,CONTROL,2026-03-07,Y
PAY_CONFIRM_V2,104588,CONTROL,2026-03-10,Y
PAY_CONFIRM_V2,106282,TREATMENT,2026-03-19,Y
PAY_CONFIRM_V2,109808,CONTROL,2026-03-03,Y
PAY_CONFIRM_V2,107902,TREATMENT,2026-03-06,Y
PAY_CONFIRM_V2,107104,CONTROL,2026-03-20,Y
PAY_CONFIRM_V2,100568,TREATMENT,2026-03-05,Y
PAY_CONFIRM_V2,109839,TREATMENT,2026-03-03,Y
PAY_CONFIRM_V2,101065,TREATMENT,2026-03-25,Y
PAY_CONFIRM_V2,107976,TREATMENT,2026-03-02,Y
PAY_CONFIRM_V2,108473,TREATMENT,2026-03-22,Y
PAY_CONFIRM_V2,105255,CONTROL,2026-03-24,Y
PAY_CONFIRM_V2,103510,TREATMENT,2026-03-14,Y
PAY_CONFIRM_V2,109600,CONTROL,2026-03-08,Y
PAY_CONFIRM_V2,106509,TREATMENT,2026-03-07,Y
PAY_CONFIRM_V2,107918,CONTROL,2026-03-08,Y
PAY_CONFIRM_V2,106910,CONTROL,2026-03-18,Y
PAY_CONFIRM_V2,108675,TREATMENT,2026-03-13,Y
PAY_CONFIRM_V2,100202,TREATMENT,2026-03-27,Y
PAY_CONFIRM_V2,101062,CONTROL,2026-03-20,Y
PAY_CONFIRM_V2,104751,TREATMENT,2026-03-17,Y
PAY_CONFIRM_V2,100754,TREATMENT,2026-03-05,Y
PAY_CONFIRM_V2,101335,TREATMENT,2026-03-13,Y
PAY_CONFIRM_V2,100208,TREATMENT,2026-03-26,Y
PAY_CONFIRM_V2,100311,TREATMENT,2026-03-15,Y
PAY_CONFIRM_V2,104111,TREATMENT,2026-03-08,Y
PAY_CONFIRM_V2,102233,TREATMENT,2026-03-03,Y
PAY_CONFIRM_V2,106397,TREATMENT,2026-03-04,Y
PAY_CONFIRM_V2,101554,CONTROL,2026-03-01,Y
PAY_CONFIRM_V2,106521,CONTROL,2026-03-21,Y
PAY_CONFIRM_V2,102823,TREATMENT,2026-03-26,Y
PAY_CONFIRM_V2,102502,CONTROL,2026-03-29,Y
PAY_CONFIRM_V2,108205,TREATMENT,2026-03-24,Y
PAY_CONFIRM_V2,105094,CONTROL,2026-03-19,Y
PAY_CONFIRM_V2,105513,CONTROL,2026-03-28,Y
PAY_CONFIRM_V2,105351,TREATMENT,2026-03-02,Y
PAY_CONFIRM_V2,107586,TREATMENT,2026-03-28,Y
PAY_CONFIRM_V2,100812,CONTROL,2026-03-10,Y
PAY_CONFIRM_V2,103307,CONTROL,2026-03-09,Y
PAY_CONFIRM_V2,104906,TREATMENT,2026-03-17,Y
PAY_CONFIRM_V2,107338,CONTROL,2026-03-04,Y
PAY_CONFIRM_V2,108171,CONTROL,2026-03-17,Y
PAY_CONFIRM_V2,102645,CONTROL,2026-03-29,Y
PAY_CONFIRM_V2,103303,CONTROL,2026-03-10,Y
PAY_CONFIRM_V2,101711,TREATMENT,2026-03-06,Y
PAY_CONFIRM_V2,102226,CONTROL,2026-03-04,Y
PAY_CONFIRM_V2,109353,CONTROL,2026-03-12,Y
PAY_CONFIRM_V2,108733,TREATMENT,2026-03-29,Y
PAY_CONFIRM_V2,100736,TREATMENT,2026-03-25,Y
PAY_CONFIRM_V2,105690,CONTROL,2026-03-29,Y
PAY_CONFIRM_V2,105138,TREATMENT,2026-03-30,Y
PAY_CONFIRM_V2,102686,CONTROL,2026-03-19,Y
PAY_CONFIRM_V2,102732,TREATMENT,2026-03-17,Y
PAY_CONFIRM_V2,103841,TREATMENT,2026-03-03,Y
PAY_CONFIRM_V2,103654,CONTROL,2026-03-07,Y
PAY_CONFIRM_V2,102404,CONTROL,2026-03-13,Y
PAY_CONFIRM_V2,100293,CONTROL,2026-03-19,Y
PAY_CONFIRM_V2,109018,CONTROL,2026-03-02,Y
PAY_CONFIRM_V2,108462,TREATMENT,2026-03-06,Y
PAY_CONFIRM_V2,105186,CONTROL,2026-03-05,Y
PAY_CONFIRM_V2,101081,CONTROL,2026-03-15,Y
PAY_CONFIRM_V2,100869,TREATMENT,2026-03-21,Y
PAY_CONFIRM_V2,109797,CONTROL,2026-03-27,Y
PAY_CONFIRM_V2,107686,TREATMENT,2026-03-27,Y
PAY_CONFIRM_V2,106901,TREATMENT,2026-03-27,Y
PAY_CONFIRM_V2,103102,CONTROL,2026-03-15,Y
PAY_CONFIRM_V2,109564,TREATMENT,2026-03-07,Y
PAY_CONFIRM_V2,109675,CONTROL,2026-03-07,Y
PAY_CONFIRM_V2,106112,CONTROL,2026-03-22,Y
PAY_CONFIRM_V2,103908,CONTROL,2026-03-07,Y
PAY_CONFIRM_V2,109130,TREATMENT,2026-03-16,Y
PAY_CONFIRM_V2,103617,TREATMENT,2026-03-29,Y
PAY_CONFIRM_V2,107515,TREATMENT,2026-03-29,Y
PAY_CONFIRM_V2,100821,CONTROL,2026-03-09,Y
PAY_CONFIRM_V2,105521,CONTROL,2026-03-22,Y
PAY_CONFIRM_V2,102332,CONTROL,2026-03-26,Y
PAY_CONFIRM_V2,105874,CONTROL,2026-03-08,Y
PAY_CONFIRM_V2,108395,CONTROL,2026-03-18,Y
PAY_CONFIRM_V2,108329,CONTROL,2026-03-16,Y
PAY_CONFIRM_V2,102874,CONTROL,2026-03-19,Y
PAY_CONFIRM_V2,105222,TREATMENT,2026-03-07,Y
PAY_CONFIRM_V2,105757,TREATMENT,2026-03-26,Y
PAY_CONFIRM_V2,102667,CONTROL,2026-03-21,Y
PAY_CONFIRM_V2,102590,CONTROL,2026-03-12,Y
PAY_CONFIRM_V2,109728,CONTROL,2026-03-20,Y
PAY_CONFIRM_V2,107045,TREATMENT,2026-03-14,Y
PAY_CONFIRM_V2,107287,CONTROL,2026-03-12,Y
PAY_CONFIRM_V2,104650,TREATMENT,2026-03-28,Y
PAY_CONFIRM_V2,107631,TREATMENT,2026-03-19,Y
PAY_CONFIRM_V2,102123,TREATMENT,2026-03-22,Y
PAY_CONFIRM_V2,105605,TREATMENT,2026-03-05,Y
PAY_CONFIRM_V2,108822,TREATMENT,2026-03-26,Y
PAY_CONFIRM_V2,108316,CONTROL,2026-03-23,Y
PAY_CONFIRM_V2,105431,TREATMENT,2026-03-18,Y
PAY_CONFIRM_V2,105493,TREATMENT,2026-03-13,Y
PAY_CONFIRM_V2,102954,TREATMENT,2026-03-24,Y
PAY_CONFIRM_V2,101366,TREATMENT,2026-03-12,Y
PAY_CONFIRM_V2,109126,CONTROL,2026-03-24,Y
PAY_CONFIRM_V2,107532,TREATMENT,2026-03-06,Y
PAY_CONFIRM_V2,108725,TREATMENT,2026-03-21,Y
PAY_CONFIRM_V2,107593,TREATMENT,2026-03-25,Y
PAY_CONFIRM_V2,106129,TREATMENT,2026-03-02,Y
PAY_CONFIRM_V2,101830,CONTROL,2026-03-13,Y
PAY_CONFIRM_V2,108411,CONTROL,2026-03-27,Y
PAY_CONFIRM_V2,104186,CONTROL,2026-03-12,Y
PAY_CONFIRM_V2,108843,CONTROL,2026-03-07,Y
PAY_CONFIRM_V2,107929,CONTROL,2026-03-24,Y
PAY_CONFIRM_V2,101627,CONTROL,2026-03-25,Y
PAY_CONFIRM_V2,106594,CONTROL,2026-03-12,Y
PAY_CONFIRM_V2,104035,CONTROL,2026-03-14,Y
PAY_CONFIRM_V2,102545,TREATMENT,2026-03-02,Y
PAY_CONFIRM_V2,107999,TREATMENT,2026-03-20,Y
PAY_CONFIRM_V2,101487,TREATMENT,2026-03-29,Y
PAY_CONFIRM_V2,101221,CONTROL,2026-03-13,Y
PAY_CONFIRM_V2,105240,CONTROL,2026-03-30,Y
PAY_CONFIRM_V2,102039,TREATMENT,2026-03-15,Y
PAY_CONFIRM_V2,105599,CONTROL,2026-03-12,Y
PAY_CONFIRM_V2,100320,CONTROL,2026-03-13,Y
PAY_CONFIRM_V2,102134,TREATMENT,2026-03-11,Y
PAY_CONFIRM_V2,104084,TREATMENT,2026-03-09,Y
PAY_CONFIRM_V2,109135,CONTROL,2026-03-02,Y
PAY_CONFIRM_V2,103058,CONTROL,2026-03-23,Y
PAY_CONFIRM_V2,105049,CONTROL,2026-03-05,Y
PAY_CONFIRM_V2,103804,TREATMENT,2026-03-18,Y
PAY_CONFIRM_V2,107550,CONTROL,2026-03-05,Y
PAY_CONFIRM_V2,102000,TREATMENT,2026-03-12,Y
PAY_CONFIRM_V2,103918,CONTROL,2026-03-20,Y
PAY_CONFIRM_V2,107420,CONTROL,2026-03-09,Y
PAY_CONFIRM_V2,108250,TREATMENT,2026-03-19,Y
PAY_CONFIRM_V2,106392,CONTROL,2026-03-30,Y
PAY_CONFIRM_V2,107329,CONTROL,2026-03-29,Y
PAY_CONFIRM_V2,105537,CONTROL,2026-03-22,Y
PAY_CONFIRM_V2,108678,TREATMENT,2026-03-08,Y
PAY_CONFIRM_V2,103440,CONTROL,2026-03-29,Y
PAY_CONFIRM_V2,109775,CONTROL,2026-03-04,Y
PAY_CONFIRM_V2,108461,TREATMENT,2026-03-12,Y
PAY_CONFIRM_V2,102361,TREATMENT,2026-03-20,Y
PAY_CONFIRM_V2,108150,CONTROL,2026-03-04,Y
PAY_CONFIRM_V2,101829,CONTROL,2026-03-12,Y
PAY_CONFIRM_V2,106247,CONTROL,2026-03-05,Y
PAY_CONFIRM_V2,101545,CONTROL,2026-03-08,Y
PAY_CONFIRM_V2,103042,TREATMENT,2026-03-15,Y
PAY_CONFIRM_V2,101936,TREATMENT,2026-03-17,Y
PAY_CONFIRM_V2,108821,CONTROL,2026-03-08,Y
PAY_CONFIRM_V2,101826,TREATMENT,2026-03-28,Y
PAY_CONFIRM_V2,103429,CONTROL,2026-03-22,Y
PAY_CONFIRM_V2,101847,TREATMENT,2026-03-10,Y
PAY_CONFIRM_V2,101320,CONTROL,2026-03-30,Y
PAY_CONFIRM_V2,104820,TREATMENT,2026-03-08,Y
PAY_CONFIRM_V2,108983,CONTROL,2026-03-06,Y
PAY_CONFIRM_V2,102559,TREATMENT,2026-03-24,Y
PAY_CONFIRM_V2,102585,CONTROL,2026-03-30,Y
PAY_CONFIRM_V2,104203,CONTROL,2026-03-27,Y
PAY_CONFIRM_V2,107120,CONTROL,2026-03-29,Y
PAY_CONFIRM_V2,109251,TREATMENT,2026-03-20,Y
PAY_CONFIRM_V2,101581,TREATMENT,2026-03-25,Y
PAY_CONFIRM_V2,105533,TREATMENT,2026-03-23,Y
PAY_CONFIRM_V2,101165,CONTROL,2026-03-17,Y
PAY_CONFIRM_V2,109001,CONTROL,2026-03-23,Y
PAY_CONFIRM_V2,106305,TREATMENT,2026-03-13,Y
PAY_CONFIRM_V2,104993,TREATMENT,2026-03-29,Y
PAY_CONFIRM_V2,108214,CONTROL,2026-03-15,Y
PAY_CONFIRM_V2,107136,TREATMENT,2026-03-27,Y
PAY_CONFIRM_V2,105236,CONTROL,2026-03-09,Y
PAY_CONFIRM_V2,101909,CONTROL,2026-03-23,Y
PAY_CONFIRM_V2,105174,CONTROL,2026-03-24,Y
PAY_CONFIRM_V2,100463,CONTROL,2026-03-23,Y
PAY_CONFIRM_V2,102646,TREATMENT,2026-03-04,Y
PAY_CONFIRM_V2,101492,TREATMENT,2026-03-05,Y
PAY_CONFIRM_V2,102194,CONTROL,2026-03-21,Y
PAY_CONFIRM_V2,109314,CONTROL,2026-03-08,Y
PAY_CONFIRM_V2,106344,CONTROL,2026-03-12,Y
PAY_CONFIRM_V2,101036,CONTROL,2026-03-22,Y
PAY_CONFIRM_V2,105828,TREATMENT,2026-03-03,Y
PAY_CONFIRM_V2,103131,TREATMENT,2026-03-03,Y
PAY_CONFIRM_V2,104265,TREATMENT,2026-03-15,Y
PAY_CONFIRM_V2,106669,CONTROL,2026-03-07,Y
PAY_CONFIRM_V2,107387,TREATMENT,2026-03-25,Y
PAY_CONFIRM_V2,109170,CONTROL,2026-03-29,Y
PAY_CONFIRM_V2,101361,CONTROL,2026-03-24,Y
PAY_CONFIRM_V2,107356,CONTROL,2026-03-11,Y
PAY_CONFIRM_V2,105302,CONTROL,2026-03-21,Y
PAY_CONFIRM_V2,100417,CONTROL,2026-03-18,Y
PAY_CONFIRM_V2,102814,TREATMENT,2026-03-22,Y
PAY_CONFIRM_V2,106458,CONTROL,2026-03-11,Y
PAY_CONFIRM_V2,109282,CONTROL,2026-03-06,Y
PAY_CONFIRM_V2,100204,TREATMENT,2026-03-03,Y
PAY_CONFIRM_V2,107571,TREATMENT,2026-03-21,Y
PAY_CONFIRM_V2,108513,CONTROL,2026-03-14,Y
PAY_CONFIRM_V2,104317,CONTROL,2026-03-03,Y
PAY_CONFIRM_V2,109547,TREATMENT,2026-03-28,Y
PAY_CONFIRM_V2,103655,CONTROL,2026-03-03,Y
PAY_CONFIRM_V2,108505,TREATMENT,2026-03-25,Y
PAY_CONFIRM_V2,104877,TREATMENT,2026-03-13,Y
PAY_CONFIRM_V2,102207,CONTROL,2026-03-19,Y
PAY_CONFIRM_V2,106449,CONTROL,2026-03-05,Y
PAY_CONFIRM_V2,105480,TREATMENT,2026-03-14,Y
PAY_CONFIRM_V2,109216,TREATMENT,2026-03-27,Y
PAY_CONFIRM_V2,100495,TREATMENT,2026-03-12,Y
PAY_CONFIRM_V2,104885,CONTROL,2026-03-26,Y
PAY_CONFIRM_V2,102023,TREATMENT,2026-03-10,Y
PAY_CONFIRM_V2,103319,CONTROL,2026-03-09,Y
PAY_CONFIRM_V2,108044,CONTROL,2026-03-04,Y
PAY_CONFIRM_V2,107817,CONTROL,2026-03-17,Y
PAY_CONFIRM_V2,105959,CONTROL,2026-03-02,Y
PAY_CONFIRM_V2,106829,TREATMENT,2026-03-26,Y
PAY_CONFIRM_V2,108643,CONTROL,2026-03-12,Y
PAY_CONFIRM_V2,102791,CONTROL,2026-03-22,Y
PAY_CONFIRM_V2,104301,TREATMENT,2026-03-15,Y
PAY_CONFIRM_V2,103423,CONTROL,2026-03-05,Y
PAY_CONFIRM_V2,104674,TREATMENT,2026-03-22,Y
PAY_CONFIRM_V2,103103,CONTROL,2026-03-27,Y
PAY_CONFIRM_V2,101227,TREATMENT,2026-03-14,Y
PAY_CONFIRM_V2,101594,TREATMENT,2026-03-04,Y
PAY_CONFIRM_V2,101064,CONTROL,2026-03-29,Y
PAY_CONFIRM_V2,101987,TREATMENT,2026-03-07,Y
PAY_CONFIRM_V2,101927,TREATMENT,2026-03-15,Y
PAY_CONFIRM_V2,101263,TREATMENT,2026-03-03,Y
PAY_CONFIRM_V2,107917,CONTROL,2026-03-19,Y
PAY_CONFIRM_V2,108134,TREATMENT,2026-03-15,Y
PAY_CONFIRM_V2,109228,TREATMENT,2026-03-06,Y
PAY_CONFIRM_V2,101642,TREATMENT,2026-03-13,Y
PAY_CONFIRM_V2,105678,TREATMENT,2026-03-07,Y
PAY_CONFIRM_V2,107430,CONTROL,2026-03-30,Y
PAY_CONFIRM_V2,103352,TREATMENT,2026-03-03,Y
PAY_CONFIRM_V2,107510,CONTROL,2026-03-13,Y
PAY_CONFIRM_V2,103638,CONTROL,2026-03-26,Y
PAY_CONFIRM_V2,109816,TREATMENT,2026-03-28,Y
PAY_CONFIRM_V2,108191,TREATMENT,2026-03-12,Y
PAY_CONFIRM_V2,103621,CONTROL,2026-03-26,Y
PAY_CONFIRM_V2,105468,TREATMENT,2026-03-29,Y
PAY_CONFIRM_V2,108227,TREATMENT,2026-03-30,Y
PAY_CONFIRM_V2,101196,TREATMENT,2026-03-09,Y
PAY_CONFIRM_V2,107473,CONTROL,2026-03-25,Y
PAY_CONFIRM_V2,105607,TREATMENT,2026-03-08,Y
PAY_CONFIRM_V2,103442,TREATMENT,2026-03-18,Y
PAY_CONFIRM_V2,102450,CONTROL,2026-03-04,Y
PAY_CONFIRM_V2,109093,TREATMENT,2026-03-24,Y
PAY_CONFIRM_V2,104050,TREATMENT,2026-03-27,Y
PAY_CONFIRM_V2,105327,TREATMENT,2026-03-08,Y
PAY_CONFIRM_V2,103036,TREATMENT,2026-03-11,Y
PAY_CONFIRM_V2,107589,CONTROL,2026-03-28,Y
PAY_CONFIRM_V2,100752,CONTROL,2026-03-24,Y
PAY_CONFIRM_V2,104282,TREATMENT,2026-03-28,Y
PAY_CONFIRM_V2,104151,TREATMENT,2026-03-28,Y
PAY_CONFIRM_V2,109584,CONTROL,2026-03-10,Y
PAY_CONFIRM_V2,101778,TREATMENT,2026-03-14,Y
PAY_CONFIRM_V2,106446,CONTROL,2026-03-12,Y
PAY_CONFIRM_V2,109191,CONTROL,2026-03-12,Y
PAY_CONFIRM_V2,102122,CONTROL,2026-03-27,Y
PAY_CONFIRM_V2,104677,CONTROL,2026-03-04,Y
PAY_CONFIRM_V2,103714,CONTROL,2026-03-26,Y
PAY_CONFIRM_V2,109496,CONTROL,2026-03-07,Y
PAY_CONFIRM_V2,108852,CONTROL,2026-03-16,Y
PAY_CONFIRM_V2,103653,CONTROL,2026-03-25,Y
PAY_CONFIRM_V2,105713,CONTROL,2026-03-01,Y
PAY_CONFIRM_V2,107479,TREATMENT,2026-03-20,Y
PAY_CONFIRM_V2,109526,CONTROL,2026-03-24,Y
PAY_CONFIRM_V2,103090,TREATMENT,2026-03-11,Y
PAY_CONFIRM_V2,102835,TREATMENT,2026-03-14,Y
PAY_CONFIRM_V2,105442,TREATMENT,2026-03-14,Y
PAY_CONFIRM_V2,108713,CONTROL,2026-03-18,Y
PAY_CONFIRM_V2,104487,TREATMENT,2026-03-17,Y
PAY_CONFIRM_V2,101720,TREATMENT,2026-03-26,Y
PAY_CONFIRM_V2,101380,CONTROL,2026-03-30,Y
PAY_CONFIRM_V2,102397,CONTROL,2026-03-15,Y
PAY_CONFIRM_V2,103437,TREATMENT,2026-03-27,Y
PAY_CONFIRM_V2,102342,CONTROL,2026-03-27,Y
PAY_CONFIRM_V2,102156,CONTROL,2026-03-14,Y
PAY_CONFIRM_V2,106389,CONTROL,2026-03-28,Y
PAY_CONFIRM_V2,103514,TREATMENT,2026-03-22,Y
PAY_CONFIRM_V2,103325,CONTROL,2026-03-04,Y
PAY_CONFIRM_V2,108489,TREATMENT,2026-03-28,Y
PAY_CONFIRM_V2,108451,CONTROL,2026-03-20,Y
PAY_CONFIRM_V2,109398,TREATMENT,2026-03-14,Y
PAY_CONFIRM_V2,101234,TREATMENT,2026-03-24,Y
PAY_CONFIRM_V2,103348,CONTROL,2026-03-28,Y
PAY_CONFIRM_V2,103152,TREATMENT,2026-03-20,Y
PAY_CONFIRM_V2,101651,CONTROL,2026-03-21,Y
PAY_CONFIRM_V2,103328,CONTROL,2026-03-03,Y
PAY_CONFIRM_V2,108835,TREATMENT,2026-03-19,Y
PAY_CONFIRM_V2,100264,CONTROL,2026-03-22,Y
PAY_CONFIRM_V2,104264,CONTROL,2026-03-12,Y
PAY_CONFIRM_V2,100376,TREATMENT,2026-03-11,Y
PAY_CONFIRM_V2,108409,CONTROL,2026-03-08,Y
PAY_CONFIRM_V2,107450,CONTROL,2026-03-11,Y
PAY_CONFIRM_V2,105591,CONTROL,2026-03-15,Y
PAY_CONFIRM_V2,104767,TREATMENT,2026-03-20,Y
PAY_CONFIRM_V2,106890,TREATMENT,2026-03-20,Y
PAY_CONFIRM_V2,109771,TREATMENT,2026-03-26,Y
PAY_CONFIRM_V2,106608,CONTROL,2026-03-12,Y
PAY_CONFIRM_V2,109687,CONTROL,2026-03-05,Y
PAY_CONFIRM_V2,102731,TREATMENT,2026-03-07,Y
PAY_CONFIRM_V2,107436,TREATMENT,2026-03-30,Y
PAY_CONFIRM_V2,109329,CONTROL,2026-03-09,Y
PAY_CONFIRM_V2,100673,TREATMENT,2026-03-03,Y
PAY_CONFIRM_V2,109876,TREATMENT,2026-03-10,Y
PAY_CONFIRM_V2,109172,CONTROL,2026-03-10,Y
PAY_CONFIRM_V2,101178,CONTROL,2026-03-06,Y
PAY_CONFIRM_V2,107445,TREATMENT,2026-03-23,Y
PAY_CONFIRM_V2,104072,CONTROL,2026-03-21,Y
PAY_CONFIRM_V2,101618,TREATMENT,2026-03-13,Y
PAY_CONFIRM_V2,105439,CONTROL,2026-03-01,Y
PAY_CONFIRM_V2,104832,CONTROL,2026-03-26,Y
PAY_CONFIRM_V2,104103,TREATMENT,2026-03-21,Y
PAY_CONFIRM_V2,105377,TREATMENT,2026-03-25,Y
PAY_CONFIRM_V2,107423,TREATMENT,2026-03-18,Y
PAY_CONFIRM_V2,106921,CONTROL,2026-03-13,Y
PAY_CONFIRM_V2,101010,CONTROL,2026-03-05,Y
PAY_CONFIRM_V2,104157,CONTROL,2026-03-13,Y
PAY_CONFIRM_V2,104982,CONTROL,2026-03-14,Y
PAY_CONFIRM_V2,105419,TREATMENT,2026-03-14,Y
PAY_CONFIRM_V2,109959,TREATMENT,2026-03-19,Y
PAY_CONFIRM_V2,108677,TREATMENT,2026-03-21,Y
PAY_CONFIRM_V2,109063,TREATMENT,2026-03-21,Y
PAY_CONFIRM_V2,105163,TREATMENT,2026-03-08,Y
PAY_CONFIRM_V2,101145,CONTROL,2026-03-20,Y
PAY_CONFIRM_V2,100273,CONTROL,2026-03-21,Y
PAY_CONFIRM_V2,108694,CONTROL,2026-03-27,Y
PAY_CONFIRM_V2,103459,CONTROL,2026-03-01,Y
PAY_CONFIRM_V2,101129,CONTROL,2026-03-24,Y
PAY_CONFIRM_V2,108778,CONTROL,2026-03-01,Y
PAY_CONFIRM_V2,106753,CONTROL,2026-03-14,Y
PAY_CONFIRM_V2,107061,CONTROL,2026-03-30,Y
PAY_CONFIRM_V2,100842,CONTROL,2026-03-13,Y
PAY_CONFIRM_V2,104032,CONTROL,2026-03-19,Y
PAY_CONFIRM_V2,100672,TREATMENT,2026-03-15,Y
PAY_CONFIRM_V2,106625,TREATMENT,2026-03-11,Y
PAY_CONFIRM_V2,106947,CONTROL,2026-03-24,Y
PAY_CONFIRM_V2,109751,CONTROL,2026-03-29,Y
PAY_CONFIRM_V2,109983,TREATMENT,2026-03-21,Y
PAY_CONFIRM_V2,106652,TREATMENT,2026-03-01,Y
PAY_CONFIRM_V2,104553,TREATMENT,2026-03-09,Y
PAY_CONFIRM_V2,103786,TREATMENT,2026-03-07,Y
PAY_CONFIRM_V2,102177,CONTROL,2026-03-27,Y
PAY_CONFIRM_V2,101253,TREATMENT,2026-03-02,Y
PAY_CONFIRM_V2,108966,TREATMENT,2026-03-26,Y
PAY_CONFIRM_V2,101820,TREATMENT,2026-03-30,Y
PAY_CONFIRM_V2,106395,CONTROL,2026-03-18,Y
PAY_CONFIRM_V2,101893,TREATMENT,2026-03-13,Y
PAY_CONFIRM_V2,103840,CONTROL,2026-03-15,Y
PAY_CONFIRM_V2,109138,CONTROL,2026-03-11,Y
PAY_CONFIRM_V2,100398,TREATMENT,2026-03-26,Y
PAY_CONFIRM_V2,109961,CONTROL,2026-03-12,Y
PAY_CONFIRM_V2,102684,TREATMENT,2026-03-07,Y
PAY_CONFIRM_V2,104013,CONTROL,2026-03-03,Y
PAY_CONFIRM_V2,102267,CONTROL,2026-03-01,Y
PAY_CONFIRM_V2,109159,CONTROL,2026-03-27,Y
PAY_CONFIRM_V2,100183,TREATMENT,2026-03-10,Y
PAY_CONFIRM_V2,106410,TREATMENT,2026-03-10,Y
PAY_CONFIRM_V2,106720,TREATMENT,2026-03-23,Y
PAY_CONFIRM_V2,107897,CONTROL,2026-03-28,Y
PAY_CONFIRM_V2,106268,CONTROL,2026-03-25,Y
PAY_CONFIRM_V2,101675,TREATMENT,2026-03-15,Y
PAY_CONFIRM_V2,104136,CONTROL,2026-03-29,Y
PAY_CONFIRM_V2,101784,TREATMENT,2026-03-27,Y
PAY_CONFIRM_V2,103260,CONTROL,2026-03-02,Y
PAY_CONFIRM_V2,105868,CONTROL,2026-03-11,Y
PAY_CONFIRM_V2,104008,TREATMENT,2026-03-03,Y
PAY_CONFIRM_V2,106882,TREATMENT,2026-03-15,Y
PAY_CONFIRM_V2,109296,CONTROL,2026-03-30,Y
PAY_CONFIRM_V2,103659,CONTROL,2026-03-05,Y
PAY_CONFIRM_V2,103536,CONTROL,2026-03-21,Y
PAY_CONFIRM_V2,105488,CONTROL,2026-03-16,Y
PAY_CONFIRM_V2,100756,CONTROL,2026-03-17,Y
PAY_CONFIRM_V2,100663,CONTROL,2026-03-10,Y
PAY_CONFIRM_V2,108232,CONTROL,2026-03-13,Y
PAY_CONFIRM_V2,104780,TREATMENT,2026-03-07,Y
PAY_CONFIRM_V2,101115,CONTROL,2026-03-16,Y
PAY_CONFIRM_V2,106551,TREATMENT,2026-03-04,Y
PAY_CONFIRM_V2,109255,CONTROL,2026-03-30,Y
PAY_CONFIRM_V2,100411,CONTROL,2026-03-06,Y
PAY_CONFIRM_V2,103972,CONTROL,2026-03-15,Y
PAY_CONFIRM_V2,105423,TREATMENT,2026-03-25,Y
PAY_CONFIRM_V2,106814,TREATMENT,2026-03-24,Y
PAY_CONFIRM_V2,106427,CONTROL,2026-03-11,Y
PAY_CONFIRM_V2,106806,TREATMENT,2026-03-01,Y
PAY_CONFIRM_V2,103838,TREATMENT,2026-03-26,Y
PAY_CONFIRM_V2,107714,CONTROL,2026-03-18,Y
PAY_CONFIRM_V2,101761,TREATMENT,2026-03-15,Y
PAY_CONFIRM_V2,104917,CONTROL,2026-03-14,Y
PAY_CONFIRM_V2,106213,TREATMENT,2026-03-20,Y
PAY_CONFIRM_V2,102249,CONTROL,2026-03-29,Y
PAY_CONFIRM_V2,101498,TREATMENT,2026-03-29,Y
PAY_CONFIRM_V2,107395,TREATMENT,2026-03-14,Y
PAY_CONFIRM_V2,100565,TREATMENT,2026-03-15,Y
PAY_CONFIRM_V2,106320,CONTROL,2026-03-30,Y
PAY_CONFIRM_V2,108298,CONTROL,2026-03-29,Y
PAY_CONFIRM_V2,102554,TREATMENT,2026-03-18,Y
PAY_CONFIRM_V2,103017,CONTROL,2026-03-20,Y
PAY_CONFIRM_V2,104999,CONTROL,2026-03-23,Y
PAY_CONFIRM_V2,100877,CONTROL,2026-03-01,Y
PAY_CONFIRM_V2,102769,CONTROL,2026-03-12,Y
PAY_CONFIRM_V2,109854,CONTROL,2026-03-23,Y
PAY_CONFIRM_V2,107723,CONTROL,2026-03-18,Y
PAY_CONFIRM_V2,105744,CONTROL,2026-03-25,Y
PAY_CONFIRM_V2,107747,CONTROL,2026-03-03,Y
PAY_CONFIRM_V2,104294,TREATMENT,2026-03-04,Y
PAY_CONFIRM_V2,104357,CONTROL,2026-03-30,Y
PAY_CONFIRM_V2,102441,CONTROL,2026-03-03,Y
PAY_CONFIRM_V2,102855,CONTROL,2026-03-27,Y
PAY_CONFIRM_V2,109077,TREATMENT,2026-03-10,Y
PAY_CONFIRM_V2,107294,TREATMENT,2026-03-04,Y
PAY_CONFIRM_V2,108062,CONTROL,2026-03-11,Y
PAY_CONFIRM_V2,102538,TREATMENT,2026-03-20,Y
PAY_CONFIRM_V2,109884,CONTROL,2026-03-06,Y
PAY_CONFIRM_V2,103684,CONTROL,2026-03-20,Y
PAY_CONFIRM_V2,101302,TREATMENT,2026-03-10,Y
PAY_CONFIRM_V2,108583,TREATMENT,2026-03-19,Y
PAY_CONFIRM_V2,107788,CONTROL,2026-03-24,Y
PAY_CONFIRM_V2,104449,CONTROL,2026-03-01,Y
PAY_CONFIRM_V2,104883,TREATMENT,2026-03-11,Y
PAY_CONFIRM_V2,106549,CONTROL,2026-03-25,Y
PAY_CONFIRM_V2,101880,CONTROL,2026-03-23,Y
PAY_CONFIRM_V2,104257,CONTROL,2026-03-23,Y
PAY_CONFIRM_V2,100678,TREATMENT,2026-03-13,Y
PAY_CONFIRM_V2,101342,CONTROL,2026-03-09,Y
PAY_CONFIRM_V2,103188,CONTROL,2026-03-14,Y
PAY_CONFIRM_V2,103094,TREATMENT,2026-03-30,Y
PAY_CONFIRM_V2,100485,TREATMENT,2026-03-16,Y
PAY_CONFIRM_V2,101777,CONTROL,2026-03-25,Y
PAY_CONFIRM_V2,102305,CONTROL,2026-03-18,Y
PAY_CONFIRM_V2,105993,TREATMENT,2026-03-08,Y
PAY_CONFIRM_V2,101942,CONTROL,2026-03-02,Y
PAY_CONFIRM_V2,104319,CONTROL,2026-03-02,Y
PAY_CONFIRM_V2,101338,CONTROL,2026-03-01,Y
PAY_CONFIRM_V2,107240,TREATMENT,2026-03-25,Y
PAY_CONFIRM_V2,102692,CONTROL,2026-03-08,Y
PAY_CONFIRM_V2,102654,CONTROL,2026-03-14,Y
PAY_CONFIRM_V2,101791,CONTROL,2026-03-19,Y
PAY_CONFIRM_V2,101197,TREATMENT,2026-03-19,Y
PAY_CONFIRM_V2,103939,TREATMENT,2026-03-27,Y
PAY_CONFIRM_V2,108766,TREATMENT,2026-03-01,Y
PAY_CONFIRM_V2,101561,CONTROL,2026-03-24,Y
PAY_CONFIRM_V2,104382,TREATMENT,2026-03-19,Y
PAY_CONFIRM_V2,104034,TREATMENT,2026-03-28,Y
PAY_CONFIRM_V2,100790,TREATMENT,2026-03-30,Y
PAY_CONFIRM_V2,102235,CONTROL,2026-03-15,Y
PAY_CONFIRM_V2,107736,TREATMENT,2026-03-25,Y
PAY_CONFIRM_V2,108464,CONTROL,2026-03-21,Y
PAY_CONFIRM_V2,108219,TREATMENT,2026-03-21,Y
PAY_CONFIRM_V2,100460,TREATMENT,2026-03-17,Y
PAY_CONFIRM_V2,105636,TREATMENT,2026-03-19,Y
PAY_CONFIRM_V2,109944,CONTROL,2026-03-24,Y
PAY_CONFIRM_V2,107780,CONTROL,2026-03-08,Y
PAY_CONFIRM_V2,107783,CONTROL,2026-03-12,Y
PAY_CONFIRM_V2,106708,TREATMENT,2026-03-30,Y
PAY_CONFIRM_V2,109155,CONTROL,2026-03-25,Y
PAY_CONFIRM_V2,105952,TREATMENT,2026-03-29,Y
PAY_CONFIRM_V2,101419,TREATMENT,2026-03-23,Y
PAY_CONFIRM_V2,108948,TREATMENT,2026-03-28,Y
PAY_CONFIRM_V2,104386,TREATMENT,2026-03-25,Y
PAY_CONFIRM_V2,105321,CONTROL,2026-03-10,Y
PAY_CONFIRM_V2,108618,TREATMENT,2026-03-08,Y
PAY_CONFIRM_V2,103457,TREATMENT,2026-03-07,Y
PAY_CONFIRM_V2,103524,TREATMENT,2026-03-13,Y
PAY_CONFIRM_V2,101780,TREATMENT,2026-03-15,Y
PAY_CONFIRM_V2,100758,TREATMENT,2026-03-09,Y
PAY_CONFIRM_V2,100791,CONTROL,2026-03-30,Y
PAY_CONFIRM_V2,100095,TREATMENT,2026-03-28,Y
PAY_CONFIRM_V2,107894,TREATMENT,2026-03-25,Y
PAY_CONFIRM_V2,106424,CONTROL,2026-03-15,Y
PAY_CONFIRM_V2,109193,CONTROL,2026-03-12,Y
PAY_CONFIRM_V2,106710,CONTROL,2026-03-01,Y
PAY_CONFIRM_V2,104992,CONTROL,2026-03-13,Y
PAY_CONFIRM_V2,103217,TREATMENT,2026-03-22,Y
PAY_CONFIRM_V2,104580,TREATMENT,2026-03-27,Y
PAY_CONFIRM_V2,100910,CONTROL,2026-03-26,Y
PAY_CONFIRM_V2,102706,TREATMENT,2026-03-14,Y
PAY_CONFIRM_V2,109238,CONTROL,2026-03-30,Y
PAY_CONFIRM_V2,104139,TREATMENT,2026-03-17,Y
PAY_CONFIRM_V2,109194,CONTROL,2026-03-24,Y
PAY_CONFIRM_V2,106275,TREATMENT,2026-03-11,Y
PAY_CONFIRM_V2,102567,TREATMENT,2026-03-08,Y
PAY_CONFIRM_V2,109627,CONTROL,2026-03-08,Y
PAY_CONFIRM_V2,104632,TREATMENT,2026-03-27,Y
PAY_CONFIRM_V2,106929,CONTROL,2026-03-24,Y
PAY_CONFIRM_V2,106358,TREATMENT,2026-03-09,Y
PAY_CONFIRM_V2,104800,CONTROL,2026-03-29,Y
PAY_CONFIRM_V2,102117,TREATMENT,2026-03-20,Y
PAY_CONFIRM_V2,103543,CONTROL,2026-03-16,Y
PAY_CONFIRM_V2,106234,CONTROL,2026-03-25,Y
PAY_CONFIRM_V2,106679,CONTROL,2026-03-16,Y
PAY_CONFIRM_V2,108054,CONTROL,2026-03-01,Y
PAY_CONFIRM_V2,107574,TREATMENT,2026-03-06,Y
PAY_CONFIRM_V2,105074,CONTROL,2026-03-06,Y
PAY_CONFIRM_V2,105937,CONTROL,2026-03-29,Y
PAY_CONFIRM_V2,108093,CONTROL,2026-03-24,Y
PAY_CONFIRM_V2,102506,CONTROL,2026-03-15,Y
PAY_CONFIRM_V2,108253,TREATMENT,2026-03-11,Y
PAY_CONFIRM_V2,103919,TREATMENT,2026-03-06,Y
PAY_CONFIRM_V2,106328,TREATMENT,2026-03-26,Y
PAY_CONFIRM_V2,107660,TREATMENT,2026-03-11,Y
PAY_CONFIRM_V2,105129,CONTROL,2026-03-29,Y
PAY_CONFIRM_V2,103180,TREATMENT,2026-03-01,Y
PAY_CONFIRM_V2,101307,TREATMENT,2026-03-29,Y
PAY_CONFIRM_V2,106439,CONTROL,2026-03-07,Y
PAY_CONFIRM_V2,108722,CONTROL,2026-03-22,Y
PAY_CONFIRM_V2,107360,CONTROL,2026-03-22,Y
PAY_CONFIRM_V2,105141,TREATMENT,2026-03-07,Y
PAY_CONFIRM_V2,103194,TREATMENT,2026-03-13,Y
PAY_CONFIRM_V2,100033,CONTROL,2026-03-27,Y
PAY_CONFIRM_V2,107891,CONTROL,2026-03-10,Y
PAY_CONFIRM_V2,108053,TREATMENT,2026-03-17,Y
PAY_CONFIRM_V2,106786,CONTROL,2026-03-30,Y
PAY_CONFIRM_V2,102810,CONTROL,2026-03-30,Y
PAY_CONFIRM_V2,103235,TREATMENT,2026-03-14,Y
PAY_CONFIRM_V2,106100,CONTROL,2026-03-25,Y
PAY_CONFIRM_V2,105516,CONTROL,2026-03-27,Y
PAY_CONFIRM_V2,103014,CONTROL,2026-03-18,Y
PAY_CONFIRM_V2,108041,CONTROL,2026-03-02,Y
PAY_CONFIRM_V2,109000,TREATMENT,2026-03-15,Y
PAY_CONFIRM_V2,107178,CONTROL,2026-03-08,Y
PAY_CONFIRM_V2,105817,TREATMENT,2026-03-02,Y
PAY_CONFIRM_V2,109999,CONTROL,2026-03-10,Y
PAY_CONFIRM_V2,100194,TREATMENT,2026-03-12,Y
PAY_CONFIRM_V2,104044,TREATMENT,2026-03-01,Y
PAY_CONFIRM_V2,109829,TREATMENT,2026-03-13,Y
PAY_CONFIRM_V2,109197,CONTROL,2026-03-22,Y
PAY_CONFIRM_V2,104957,TREATMENT,2026-03-09,Y
PAY_CONFIRM_V2,108346,CONTROL,2026-03-11,Y
PAY_CONFIRM_V2,105960,CONTROL,2026-03-22,Y
PAY_CONFIRM_V2,101343,TREATMENT,2026-03-19,Y
PAY_CONFIRM_V2,106962,TREATMENT,2026-03-03,Y
PAY_CONFIRM_V2,108431,CONTROL,2026-03-07,Y
PAY_CONFIRM_V2,107415,TREATMENT,2026-03-04,Y
PAY_CONFIRM_V2,102460,TREATMENT,2026-03-23,Y
PAY_CONFIRM_V2,108610,TREATMENT,2026-03-19,Y
PAY_CONFIRM_V2,102620,TREATMENT,2026-03-19,Y
PAY_CONFIRM_V2,100631,TREATMENT,2026-03-29,Y
PAY_CONFIRM_V2,101967,TREATMENT,2026-03-26,Y
PAY_CONFIRM_V2,106777,CONTROL,2026-03-15,Y
PAY_CONFIRM_V2,101862,CONTROL,2026-03-16,Y
PAY_CONFIRM_V2,104137,CONTROL,2026-03-29,Y
PAY_CONFIRM_V2,105139,CONTROL,2026-03-01,Y
PAY_CONFIRM_V2,104621,TREATMENT,2026-03-10,Y
PAY_CONFIRM_V2,103377,TREATMENT,2026-03-14,Y
PAY_CONFIRM_V2,106613,CONTROL,2026-03-28,Y
PAY_CONFIRM_V2,105589,CONTROL,2026-03-13,Y
PAY_CONFIRM_V2,102279,CONTROL,2026-03-26,Y
PAY_CONFIRM_V2,104098,TREATMENT,2026-03-13,Y
PAY_CONFIRM_V2,104578,CONTROL,2026-03-04,Y
PAY_CONFIRM_V2,100895,CONTROL,2026-03-05,Y
PAY_CONFIRM_V2,104179,CONTROL,2026-03-23,Y
PAY_CONFIRM_V2,105839,CONTROL,2026-03-11,Y
PAY_CONFIRM_V2,103950,TREATMENT,2026-03-22,Y
PAY_CONFIRM_V2,106236,CONTROL,2026-03-21,Y
PAY_CONFIRM_V2,103863,CONTROL,2026-03-07,Y
PAY_CONFIRM_V2,107282,TREATMENT,2026-03-02,Y
PAY_CONFIRM_V2,105990,TREATMENT,2026-03-04,Y
PAY_CONFIRM_V2,100123,TREATMENT,2026-03-05,Y
PAY_CONFIRM_V2,108718,TREATMENT,2026-03-19,Y
PAY_CONFIRM_V2,106186,CONTROL,2026-03-26,Y
PAY_CONFIRM_V2,108617,CONTROL,2026-03-30,Y
PAY_CONFIRM_V2,108664,CONTROL,2026-03-21,Y
PAY_CONFIRM_V2,109247,TREATMENT,2026-03-17,Y
PAY_CONFIRM_V2,108731,CONTROL,2026-03-21,Y
PAY_CONFIRM_V2,109266,CONTROL,2026-03-22,Y
PAY_CONFIRM_V2,104908,CONTROL,2026-03-27,Y
PAY_CONFIRM_V2,101393,TREATMENT,2026-03-20,Y
PAY_CONFIRM_V2,106811,TREATMENT,2026-03-02,Y
PAY_CONFIRM_V2,109595,TREATMENT,2026-03-11,Y
PAY_CONFIRM_V2,108988,CONTROL,2026-03-05,Y
PAY_CONFIRM_V2,102892,CONTROL,2026-03-27,Y
PAY_CONFIRM_V2,104412,TREATMENT,2026-03-06,Y
PAY_CONFIRM_V2,106897,TREATMENT,2026-03-25,Y
PAY_CONFIRM_V2,105231,CONTROL,2026-03-27,Y
PAY_CONFIRM_V2,102423,CONTROL,2026-03-20,Y
PAY_CONFIRM_V2,108381,CONTROL,2026-03-27,Y
PAY_CONFIRM_V2,105671,TREATMENT,2026-03-17,Y
PAY_CONFIRM_V2,104153,CONTROL,2026-03-18,Y
PAY_CONFIRM_V2,102034,CONTROL,2026-03-28,Y
PAY_CONFIRM_V2,107959,CONTROL,2026-03-20,Y
PAY_CONFIRM_V2,109587,TREATMENT,2026-03-05,Y
PAY_CONFIRM_V2,104962,CONTROL,2026-03-25,Y
PAY_CONFIRM_V2,105293,CONTROL,2026-03-11,Y
PAY_CONFIRM_V2,104171,TREATMENT,2026-03-21,Y
PAY_CONFIRM_V2,107957,TREATMENT,2026-03-04,Y
PAY_CONFIRM_V2,100639,CONTROL,2026-03-02,Y
PAY_CONFIRM_V2,109566,TREATMENT,2026-03-27,Y
PAY_CONFIRM_V2,100710,CONTROL,2026-03-26,Y
PAY_CONFIRM_V2,100236,CONTROL,2026-03-08,Y
PAY_CONFIRM_V2,106678,TREATMENT,2026-03-18,Y
PAY_CONFIRM_V2,105269,CONTROL,2026-03-07,Y
PAY_CONFIRM_V2,100942,CONTROL,2026-03-07,Y
PAY_CONFIRM_V2,107365,CONTROL,2026-03-04,Y
PAY_CONFIRM_V2,107460,TREATMENT,2026-03-07,Y
PAY_CONFIRM_V2,109557,CONTROL,2026-03-25,Y
PAY_CONFIRM_V2,109723,CONTROL,2026-03-17,Y
PAY_CONFIRM_V2,100111,TREATMENT,2026-03-17,Y
PAY_CONFIRM_V2,102065,TREATMENT,2026-03-20,Y
PAY_CONFIRM_V2,109825,CONTROL,2026-03-11,Y
PAY_CONFIRM_V2,100653,TREATMENT,2026-03-12,Y
PAY_CONFIRM_V2,106131,TREATMENT,2026-03-17,Y
PAY_CONFIRM_V2,109428,TREATMENT,2026-03-02,Y
PAY_CONFIRM_V2,108553,CONTROL,2026-03-22,Y
PAY_CONFIRM_V2,101258,CONTROL,2026-03-04,Y
PAY_CONFIRM_V2,105901,TREATMENT,2026-03-03,Y
PAY_CONFIRM_V2,101284,TREATMENT,2026-03-25,Y
PAY_CONFIRM_V2,101404,CONTROL,2026-03-12,Y
PAY_CONFIRM_V2,107085,TREATMENT,2026-03-15,Y
PAY_CONFIRM_V2,107880,TREATMENT,2026-03-08,Y
PAY_CONFIRM_V2,104029,CONTROL,2026-03-17,Y
PAY_CONFIRM_V2,102252,CONTROL,2026-03-03,Y
PAY_CONFIRM_V2,102626,CONTROL,2026-03-01,Y
PAY_CONFIRM_V2,108068,TREATMENT,2026-03-08,Y
PAY_CONFIRM_V2,106734,CONTROL,2026-03-12,Y
PAY_CONFIRM_V2,101941,TREATMENT,2026-03-23,Y
PAY_CONFIRM_V2,103232,CONTROL,2026-03-30,Y
PAY_CONFIRM_V2,106346,TREATMENT,2026-03-27,Y
PAY_CONFIRM_V2,107342,CONTROL,2026-03-24,Y
PAY_CONFIRM_V2,107594,TREATMENT,2026-03-01,Y
PAY_CONFIRM_V2,109613,CONTROL,2026-03-11,Y
PAY_CONFIRM_V2,106229,CONTROL,2026-03-27,Y
PAY_CONFIRM_V2,108256,CONTROL,2026-03-10,Y
PAY_CONFIRM_V2,105882,CONTROL,2026-03-25,Y
PAY_CONFIRM_V2,102307,CONTROL,2026-03-01,Y
PAY_CONFIRM_V2,103414,CONTROL,2026-03-27,Y
PAY_CONFIRM_V2,104178,TREATMENT,2026-03-15,Y
PAY_CONFIRM_V2,108304,TREATMENT,2026-03-14,Y
PAY_CONFIRM_V2,107059,TREATMENT,2026-03-13,Y
PAY_CONFIRM_V2,102945,TREATMENT,2026-03-29,Y
PAY_CONFIRM_V2,101542,CONTROL,2026-03-04,Y
PAY_CONFIRM_V2,102174,CONTROL,2026-03-16,Y
PAY_CONFIRM_V2,106905,CONTROL,2026-03-11,Y
PAY_CONFIRM_V2,103949,CONTROL,2026-03-30,Y
PAY_CONFIRM_V2,108163,CONTROL,2026-03-12,Y
PAY_CONFIRM_V2,107998,TREATMENT,2026-03-04,Y
PAY_CONFIRM_V2,103077,TREATMENT,2026-03-27,Y
PAY_CONFIRM_V2,108496,CONTROL,2026-03-12,Y
PAY_CONFIRM_V2,104722,CONTROL,2026-03-28,Y
PAY_CONFIRM_V2,105885,TREATMENT,2026-03-10,Y
PAY_CONFIRM_V2,109280,CONTROL,2026-03-25,Y
PAY_CONFIRM_V2,101135,CONTROL,2026-03-30,Y
PAY_CONFIRM_V2,104508,TREATMENT,2026-03-25,Y
PAY_CONFIRM_V2,109985,TREATMENT,2026-03-11,Y
PAY_CONFIRM_V2,109243,TREATMENT,2026-03-22,Y
PAY_CONFIRM_V2,103362,CONTROL,2026-03-10,Y
PAY_CONFIRM_V2,103854,CONTROL,2026-03-10,Y
PAY_CONFIRM_V2,102527,CONTROL,2026-03-18,Y
PAY_CONFIRM_V2,108695,TREATMENT,2026-03-07,Y
PAY_CONFIRM_V2,100644,TREATMENT,2026-03-20,Y
PAY_CONFIRM_V2,107256,TREATMENT,2026-03-06,Y
PAY_CONFIRM_V2,107170,TREATMENT,2026-03-26,Y
PAY_CONFIRM_V2,104989,TREATMENT,2026-03-27,Y
PAY_CONFIRM_V2,106283,TREATMENT,2026-03-26,Y
PAY_CONFIRM_V2,107635,CONTROL,2026-03-11,Y
PAY_CONFIRM_V2,103604,TREATMENT,2026-03-08,Y
PAY_CONFIRM_V2,101963,TREATMENT,2026-03-30,Y
PAY_CONFIRM_V2,103065,CONTROL,2026-03-23,Y
PAY_CONFIRM_V2,103975,TREATMENT,2026-03-15,Y
PAY_CONFIRM_V2,104501,CONTROL,2026-03-20,Y
PAY_CONFIRM_V2,103787,CONTROL,2026-03-16,Y
PAY_CONFIRM_V2,107953,TREATMENT,2026-03-06,Y
PAY_CONFIRM_V2,108984,CONTROL,2026-03-12,Y
PAY_CONFIRM_V2,100242,CONTROL,2026-03-15,Y
PAY_CONFIRM_V2,102116,TREATMENT,2026-03-25,Y
PAY_CONFIRM_V2,103912,TREATMENT,2026-03-02,Y
PAY_CONFIRM_V2,102551,CONTROL,2026-03-11,Y
PAY_CONFIRM_V2,107095,TREATMENT,2026-03-10,Y
PAY_CONFIRM_V2,106136,CONTROL,2026-03-18,Y
PAY_CONFIRM_V2,102121,TREATMENT,2026-03-22,Y
PAY_CONFIRM_V2,107166,TREATMENT,2026-03-27,Y
PAY_CONFIRM_V2,106110,TREATMENT,2026-03-12,Y
PAY_CONFIRM_V2,108723,CONTROL,2026-03-25,Y
PAY_CONFIRM_V2,102002,TREATMENT,2026-03-15,Y
PAY_CONFIRM_V2,102789,CONTROL,2026-03-21,Y
PAY_CONFIRM_V2,106343,CONTROL,2026-03-03,Y
PAY_CONFIRM_V2,105435,TREATMENT,2026-03-25,Y
PAY_CONFIRM_V2,107718,CONTROL,2026-03-08,Y
PAY_CONFIRM_V2,101935,TREATMENT,2026-03-06,Y
PAY_CONFIRM_V2,101681,TREATMENT,2026-03-27,Y
PAY_CONFIRM_V2,102734,CONTROL,2026-03-21,Y
PAY_CONFIRM_V2,106466,CONTROL,2026-03-19,Y
PAY_CONFIRM_V2,103002,CONTROL,2026-03-18,Y
PAY_CONFIRM_V2,102499,TREATMENT,2026-03-10,Y
PAY_CONFIRM_V2,107799,CONTROL,2026-03-07,Y
PAY_CONFIRM_V2,102863,TREATMENT,2026-03-14,Y
PAY_CONFIRM_V2,109662,TREATMENT,2026-03-28,Y
PAY_CONFIRM_V2,106453,CONTROL,2026-03-11,Y
PAY_CONFIRM_V2,102643,TREATMENT,2026-03-21,Y
PAY_CONFIRM_V2,107489,TREATMENT,2026-03-03,Y
PAY_CONFIRM_V2,107444,CONTROL,2026-03-01,Y
PAY_CONFIRM_V2,104494,TREATMENT,2026-03-19,Y
PAY_CONFIRM_V2,104471,CONTROL,2026-03-12,Y
PAY_CONFIRM_V2,106269,TREATMENT,2026-03-15,Y
PAY_CONFIRM_V2,108480,CONTROL,2026-03-10,Y
PAY_CONFIRM_V2,108017,TREATMENT,2026-03-03,Y
PAY_CONFIRM_V2,109597,TREATMENT,2026-03-23,Y
PAY_CONFIRM_V2,109824,TREATMENT,2026-03-30,Y
PAY_CONFIRM_V2,102353,CONTROL,2026-03-19,Y
PAY_CONFIRM_V2,103306,TREATMENT,2026-03-23,Y
PAY_CONFIRM_V2,102931,CONTROL,2026-03-18,Y
PAY_CONFIRM_V2,108188,CONTROL,2026-03-18,Y
PAY_CONFIRM_V2,108419,TREATMENT,2026-03-23,Y
PAY_CONFIRM_V2,105883,TREATMENT,2026-03-09,Y
PAY_CONFIRM_V2,100984,TREATMENT,2026-03-11,Y
PAY_CONFIRM_V2,102077,CONTROL,2026-03-10,Y
PAY_CONFIRM_V2,100698,CONTROL,2026-03-07,Y
PAY_CONFIRM_V2,105596,CONTROL,2026-03-23,Y
PAY_CONFIRM_V2,108578,CONTROL,2026-03-29,Y
PAY_CONFIRM_V2,102899,TREATMENT,2026-03-16,Y
PAY_CONFIRM_V2,102070,CONTROL,2026-03-25,Y
PAY_CONFIRM_V2,108439,TREATMENT,2026-03-29,Y
PAY_CONFIRM_V2,101156,TREATMENT,2026-03-02,Y
PAY_CONFIRM_V2,103434,CONTROL,2026-03-07,Y
PAY_CONFIRM_V2,102518,TREATMENT,2026-03-06,Y
PAY_CONFIRM_V2,105962,CONTROL,2026-03-21,Y
PAY_CONFIRM_V2,100231,TREATMENT,2026-03-12,Y
PAY_CONFIRM_V2,102074,TREATMENT,2026-03-20,Y
PAY_CONFIRM_V2,100161,CONTROL,2026-03-30,Y
PAY_CONFIRM_V2,109180,TREATMENT,2026-03-29,Y
PAY_CONFIRM_V2,104275,TREATMENT,2026-03-04,Y
PAY_CONFIRM_V2,106031,TREATMENT,2026-03-07,Y
PAY_CONFIRM_V2,100287,TREATMENT,2026-03-07,Y
PAY_CONFIRM_V2,103018,CONTROL,2026-03-20,Y
PAY_CONFIRM_V2,109967,TREATMENT,2026-03-17,Y
PAY_CONFIRM_V2,105834,TREATMENT,2026-03-24,Y
PAY_CONFIRM_V2,106438,TREATMENT,2026-03-21,Y
PAY_CONFIRM_V2,106527,CONTROL,2026-03-23,Y
PAY_CONFIRM_V2,108073,TREATMENT,2026-03-28,Y
PAY_CONFIRM_V2,103138,CONTROL,2026-03-21,Y
PAY_CONFIRM_V2,107257,TREATMENT,2026-03-18,Y
PAY_CONFIRM_V2,102897,TREATMENT,2026-03-18,Y
PAY_CONFIRM_V2,107580,TREATMENT,2026-03-25,Y
PAY_CONFIRM_V2,109451,CONTROL,2026-03-15,Y
PAY_CONFIRM_V2,107039,CONTROL,2026-03-20,Y
PAY_CONFIRM_V2,107106,TREATMENT,2026-03-26,Y
PAY_CONFIRM_V2,100120,CONTROL,2026-03-20,Y
PAY_CONFIRM_V2,109782,TREATMENT,2026-03-20,Y
PAY_CONFIRM_V2,106482,TREATMENT,2026-03-20,Y
PAY_CONFIRM_V2,102948,CONTROL,2026-03-23,Y
PAY_CONFIRM_V2,106789,TREATMENT,2026-03-19,Y
PAY_CONFIRM_V2,104244,TREATMENT,2026-03-19,Y
PAY_CONFIRM_V2,100021,CONTROL,2026-03-09,Y
PAY_CONFIRM_V2,108456,TREATMENT,2026-03-23,Y
PAY_CONFIRM_V2,105999,TREATMENT,2026-03-16,Y
PAY_CONFIRM_V2,103032,TREATMENT,2026-03-05,Y
PAY_CONFIRM_V2,100081,TREATMENT,2026-03-11,Y
PAY_CONFIRM_V2,101682,CONTROL,2026-03-04,Y
PAY_CONFIRM_V2,105328,TREATMENT,2026-03-15,Y
PAY_CONFIRM_V2,109107,TREATMENT,2026-03-15,Y
PAY_CONFIRM_V2,109525,CONTROL,2026-03-22,Y
PAY_CONFIRM_V2,109218,TREATMENT,2026-03-24,Y
PAY_CONFIRM_V2,107612,CONTROL,2026-03-02,Y
PAY_CONFIRM_V2,107988,CONTROL,2026-03-17,Y
PAY_CONFIRM_V2,103207,TREATMENT,2026-03-30,Y
PAY_CONFIRM_V2,103241,TREATMENT,2026-03-22,Y
PAY_CONFIRM_V2,102180,CONTROL,2026-03-17,Y
PAY_CONFIRM_V2,107930,TREATMENT,2026-03-19,Y
PAY_CONFIRM_V2,109550,TREATMENT,2026-03-05,Y
PAY_CONFIRM_V2,106604,TREATMENT,2026-03-18,Y
PAY_CONFIRM_V2,108596,CONTROL,2026-03-28,Y
PAY_CONFIRM_V2,102890,CONTROL,2026-03-17,Y
PAY_CONFIRM_V2,106537,CONTROL,2026-03-12,Y
PAY_CONFIRM_V2,103130,TREATMENT,2026-03-13,Y
PAY_CONFIRM_V2,106771,CONTROL,2026-03-15,Y
PAY_CONFIRM_V2,104547,CONTROL,2026-03-01,Y
PAY_CONFIRM_V2,106003,CONTROL,2026-03-08,Y
PAY_CONFIRM_V2,107514,TREATMENT,2026-03-14,Y
PAY_CONFIRM_V2,105658,TREATMENT,2026-03-16,Y
PAY_CONFIRM_V2,101544,TREATMENT,2026-03-23,Y
PAY_CONFIRM_V2,105217,TREATMENT,2026-03-29,Y
PAY_CONFIRM_V2,107771,CONTROL,2026-03-13,Y
PAY_CONFIRM_V2,103393,CONTROL,2026-03-30,Y
PAY_CONFIRM_V2,100614,TREATMENT,2026-03-29,Y
PAY_CONFIRM_V2,100184,CONTROL,2026-03-17,Y
PAY_CONFIRM_V2,101438,CONTROL,2026-03-20,Y
PAY_CONFIRM_V2,109608,TREATMENT,2026-03-13,Y
PAY_CONFIRM_V2,103347,TREATMENT,2026-03-10,Y
PAY_CONFIRM_V2,105190,CONTROL,2026-03-12,Y
PAY_CONFIRM_V2,105900,CONTROL,2026-03-15,Y
PAY_CONFIRM_V2,107264,CONTROL,2026-03-17,Y
PAY_CONFIRM_V2,103535,CONTROL,2026-03-30,Y
PAY_CONFIRM_V2,106312,CONTROL,2026-03-26,Y
PAY_CONFIRM_V2,104430,TREATMENT,2026-03-03,Y
PAY_CONFIRM_V2,101017,CONTROL,2026-03-16,Y
PAY_CONFIRM_V2,107215,TREATMENT,2026-03-08,Y
PAY_CONFIRM_V2,102915,CONTROL,2026-03-22,Y
PAY_CONFIRM_V2,101070,TREATMENT,2026-03-24,Y
PAY_CONFIRM_V2,105495,CONTROL,2026-03-30,Y
PAY_CONFIRM_V2,109387,CONTROL,2026-03-16,Y
PAY_CONFIRM_V2,100803,CONTROL,2026-03-15,Y
PAY_CONFIRM_V2,106544,TREATMENT,2026-03-22,Y
PAY_CONFIRM_V2,106005,TREATMENT,2026-03-28,Y
PAY_CONFIRM_V2,101158,TREATMENT,2026-03-13,Y
PAY_CONFIRM_V2,101848,CONTROL,2026-03-20,Y
PAY_CONFIRM_V2,100097,CONTROL,2026-03-27,Y
PAY_CONFIRM_V2,109703,CONTROL,2026-03-19,Y
PAY_CONFIRM_V2,101754,CONTROL,2026-03-04,Y
PAY_CONFIRM_V2,103169,TREATMENT,2026-03-03,Y
PAY_CONFIRM_V2,105234,CONTROL,2026-03-01,Y
PAY_CONFIRM_V2,106914,CONTROL,2026-03-22,Y
PAY_CONFIRM_V2,100717,CONTROL,2026-03-18,Y
PAY_CONFIRM_V2,103198,CONTROL,2026-03-18,Y
PAY_CONFIRM_V2,104570,CONTROL,2026-03-12,Y
PAY_CONFIRM_V2,109084,TREATMENT,2026-03-23,Y
PAY_CONFIRM_V2,107252,TREATMENT,2026-03-05,Y
PAY_CONFIRM_V2,103716,CONTROL,2026-03-16,Y
PAY_CONFIRM_V2,108493,TREATMENT,2026-03-05,Y
PAY_CONFIRM_V2,106309,CONTROL,2026-03-01,Y
PAY_CONFIRM_V2,102149,CONTROL,2026-03-27,Y
PAY_CONFIRM_V2,102920,TREATMENT,2026-03-08,Y
PAY_CONFIRM_V2,104715,CONTROL,2026-03-02,Y
PAY_CONFIRM_V2,105758,TREATMENT,2026-03-28,Y
PAY_CONFIRM_V2,105627,TREATMENT,2026-03-23,Y
PAY_CONFIRM_V2,106850,TREATMENT,2026-03-18,Y
PAY_CONFIRM_V2,109929,CONTROL,2026-03-03,Y
PAY_CONFIRM_V2,103237,CONTROL,2026-03-06,Y
PAY_CONFIRM_V2,101399,CONTROL,2026-03-17,Y
PAY_CONFIRM_V2,107417,TREATMENT,2026-03-08,Y
PAY_CONFIRM_V2,100408,TREATMENT,2026-03-03,Y
PAY_CONFIRM_V2,109871,CONTROL,2026-03-18,Y
PAY_CONFIRM_V2,105348,CONTROL,2026-03-18,Y
PAY_CONFIRM_V2,109492,CONTROL,2026-03-15,Y
PAY_CONFIRM_V2,105491,CONTROL,2026-03-13,Y
PAY_CONFIRM_V2,100456,TREATMENT,2026-03-05,Y
PAY_CONFIRM_V2,100664,CONTROL,2026-03-05,Y
PAY_CONFIRM_V2,107583,TREATMENT,2026-03-06,Y
PAY_CONFIRM_V2,109862,CONTROL,2026-03-02,Y
PAY_CONFIRM_V2,101683,CONTROL,2026-03-13,Y
PAY_CONFIRM_V2,103601,CONTROL,2026-03-18,Y
PAY_CONFIRM_V2,109279,TREATMENT,2026-03-07,Y
PAY_CONFIRM_V2,105228,CONTROL,2026-03-21,Y
PAY_CONFIRM_V2,109004,CONTROL,2026-03-17,Y
PAY_CONFIRM_V2,109749,CONTROL,2026-03-18,Y
PAY_CONFIRM_V2,107016,CONTROL,2026-03-08,Y
PAY_CONFIRM_V2,101155,CONTROL,2026-03-02,Y
PAY_CONFIRM_V2,101440,TREATMENT,2026-03-02,Y
PAY_CONFIRM_V2,106915,CONTROL,2026-03-16,Y
PAY_CONFIRM_V2,102821,CONTROL,2026-03-27,Y
PAY_CONFIRM_V2,103478,CONTROL,2026-03-08,Y
PAY_CONFIRM_V2,106848,TREATMENT,2026-03-21,Y
PAY_CONFIRM_V2,105875,CONTROL,2026-03-28,Y
PAY_CONFIRM_V2,108560,CONTROL,2026-03-14,Y
PAY_CONFIRM_V2,107358,CONTROL,2026-03-12,Y
PAY_CONFIRM_V2,109204,TREATMENT,2026-03-18,Y
PAY_CONFIRM_V2,104169,CONTROL,2026-03-26,Y
PAY_CONFIRM_V2,105888,TREATMENT,2026-03-03,Y
PAY_CONFIRM_V2,104349,CONTROL,2026-03-23,Y
PAY_CONFIRM_V2,104062,TREATMENT,2026-03-14,Y
PAY_CONFIRM_V2,109581,TREATMENT,2026-03-05,Y
PAY_CONFIRM_V2,109339,TREATMENT,2026-03-14,Y
PAY_CONFIRM_V2,107680,TREATMENT,2026-03-02,Y
PAY_CONFIRM_V2,108866,CONTROL,2026-03-15,Y
PAY_CONFIRM_V2,102851,CONTROL,2026-03-01,Y
PAY_CONFIRM_V2,104204,CONTROL,2026-03-01,Y
PAY_CONFIRM_V2,104911,CONTROL,2026-03-28,Y
PAY_CONFIRM_V2,109349,TREATMENT,2026-03-17,Y
PAY_CONFIRM_V2,104545,TREATMENT,2026-03-22,Y
PAY_CONFIRM_V2,103934,CONTROL,2026-03-04,Y
PAY_CONFIRM_V2,105452,TREATMENT,2026-03-08,Y
PAY_CONFIRM_V2,108379,TREATMENT,2026-03-26,Y
PAY_CONFIRM_V2,100350,CONTROL,2026-03-11,Y
PAY_CONFIRM_V2,100709,CONTROL,2026-03-01,Y
PAY_CONFIRM_V2,102561,TREATMENT,2026-03-07,Y
PAY_CONFIRM_V2,101080,CONTROL,2026-03-22,Y
PAY_CONFIRM_V2,101924,CONTROL,2026-03-09,Y
PAY_CONFIRM_V2,105445,CONTROL,2026-03-13,Y
PAY_CONFIRM_V2,103365,CONTROL,2026-03-13,Y
PAY_CONFIRM_V2,102212,TREATMENT,2026-03-21,Y
PAY_CONFIRM_V2,103308,CONTROL,2026-03-11,Y
PAY_CONFIRM_V2,106376,CONTROL,2026-03-08,Y
PAY_CONFIRM_V2,101728,CONTROL,2026-03-14,Y
PAY_CONFIRM_V2,105481,TREATMENT,2026-03-02,Y
PAY_CONFIRM_V2,100926,CONTROL,2026-03-18,Y
PAY_CONFIRM_V2,101286,CONTROL,2026-03-26,Y
PAY_CONFIRM_V2,108669,CONTROL,2026-03-04,Y
PAY_CONFIRM_V2,106668,TREATMENT,2026-03-24,Y
PAY_CONFIRM_V2,103588,CONTROL,2026-03-30,Y
PAY_CONFIRM_V2,109579,CONTROL,2026-03-11,Y
PAY_CONFIRM_V2,102066,CONTROL,2026-03-11,Y
PAY_CONFIRM_V2,105171,TREATMENT,2026-03-20,Y
PAY_CONFIRM_V2,107051,CONTROL,2026-03-19,Y
PAY_CONFIRM_V2,100327,TREATMENT,2026-03-26,Y
PAY_CONFIRM_V2,100976,CONTROL,2026-03-29,Y
PAY_CONFIRM_V2,103312,TREATMENT,2026-03-30,Y
PAY_CONFIRM_V2,108849,TREATMENT,2026-03-10,Y
PAY_CONFIRM_V2,106006,TREATMENT,2026-03-13,Y
PAY_CONFIRM_V2,108802,CONTROL,2026-03-21,Y
PAY_CONFIRM_V2,107244,CONTROL,2026-03-01,Y
PAY_CONFIRM_V2,106834,TREATMENT,2026-03-23,Y
PAY_CONFIRM_V2,102306,CONTROL,2026-03-19,Y
PAY_CONFIRM_V2,102699,TREATMENT,2026-03-01,Y
PAY_CONFIRM_V2,105497,CONTROL,2026-03-20,Y
PAY_CONFIRM_V2,105655,TREATMENT,2026-03-15,Y
PAY_CONFIRM_V2,101457,CONTROL,2026-03-17,Y
PAY_CONFIRM_V2,106847,TREATMENT,2026-03-11,Y
PAY_CONFIRM_V2,107163,TREATMENT,2026-03-13,Y
PAY_CONFIRM_V2,106087,CONTROL,2026-03-09,Y
PAY_CONFIRM_V2,104255,TREATMENT,2026-03-07,Y
PAY_CONFIRM_V2,102825,TREATMENT,2026-03-27,Y
PAY_CONFIRM_V2,105560,TREATMENT,2026-03-29,Y
PAY_CONFIRM_V2,109389,CONTROL,2026-03-03,Y
PAY_CONFIRM_V2,105893,TREATMENT,2026-03-18,Y
PAY_CONFIRM_V2,101367,TREATMENT,2026-03-11,Y
PAY_CONFIRM_V2,101536,TREATMENT,2026-03-04,Y
PAY_CONFIRM_V2,100514,CONTROL,2026-03-18,Y
PAY_CONFIRM_V2,104393,CONTROL,2026-03-10,Y
PAY_CONFIRM_V2,106004,CONTROL,2026-03-08,Y
PAY_CONFIRM_V2,102454,TREATMENT,2026-03-23,Y
PAY_CONFIRM_V2,105793,CONTROL,2026-03-26,Y
PAY_CONFIRM_V2,109510,CONTROL,2026-03-06,Y
PAY_CONFIRM_V2,106640,CONTROL,2026-03-17,Y
PAY_CONFIRM_V2,104277,TREATMENT,2026-03-04,Y
PAY_CONFIRM_V2,100147,CONTROL,2026-03-09,Y
PAY_CONFIRM_V2,100675,CONTROL,2026-03-18,Y
PAY_CONFIRM_V2,101767,CONTROL,2026-03-11,Y
PAY_CONFIRM_V2,101956,CONTROL,2026-03-26,Y
PAY_CONFIRM_V2,100423,CONTROL,2026-03-22,Y
PAY_CONFIRM_V2,108401,TREATMENT,2026-03-30,Y
PAY_CONFIRM_V2,100775,TREATMENT,2026-03-09,Y
PAY_CONFIRM_V2,100170,TREATMENT,2026-03-11,Y
PAY_CONFIRM_V2,105441,CONTROL,2026-03-10,Y
PAY_CONFIRM_V2,108818,CONTROL,2026-03-18,Y
PAY_CONFIRM_V2,104976,CONTROL,2026-03-13,Y
PAY_CONFIRM_V2,108535,TREATMENT,2026-03-07,Y
PAY_CONFIRM_V2,100977,TREATMENT,2026-03-02,Y
PAY_CONFIRM_V2,106785,CONTROL,2026-03-29,Y
PAY_CONFIRM_V2,106716,TREATMENT,2026-03-04,Y
PAY_CONFIRM_V2,102747,TREATMENT,2026-03-17,Y
PAY_CONFIRM_V2,101522,TREATMENT,2026-03-09,Y
PAY_CONFIRM_V2,102691,CONTROL,2026-03-05,Y
PAY_CONFIRM_V2,104889,TREATMENT,2026-03-01,Y
PAY_CONFIRM_V2,106902,TREATMENT,2026-03-14,Y
PAY_CONFIRM_V2,109926,TREATMENT,2026-03-22,Y
PAY_CONFIRM_V2,100693,CONTROL,2026-03-10,Y
PAY_CONFIRM_V2,105862,CONTROL,2026-03-11,Y
PAY_CONFIRM_V2,102889,TREATMENT,2026-03-11,Y
PAY_CONFIRM_V2,109943,CONTROL,2026-03-18,Y
PAY_CONFIRM_V2,100393,CONTROL,2026-03-04,Y
PAY_CONFIRM_V2,107462,CONTROL,2026-03-21,Y
PAY_CONFIRM_V2,109315,TREATMENT,2026-03-19,Y
PAY_CONFIRM_V2,105363,TREATMENT,2026-03-17,Y
PAY_CONFIRM_V2,109950,TREATMENT,2026-03-12,Y
PAY_CONFIRM_V2,105693,TREATMENT,2026-03-29,Y
PAY_CONFIRM_V2,108715,CONTROL,2026-03-07,Y
PAY_CONFIRM_V2,100087,CONTROL,2026-03-03,Y
PAY_CONFIRM_V2,106002,CONTROL,2026-03-04,Y
PAY_CONFIRM_V2,106711,TREATMENT,2026-03-10,Y
PAY_CONFIRM_V2,104870,CONTROL,2026-03-16,Y
PAY_CONFIRM_V2,106880,CONTROL,2026-03-25,Y
PAY_CONFIRM_V2,102447,CONTROL,2026-03-06,Y
PAY_CONFIRM_V2,101242,TREATMENT,2026-03-13,Y
PAY_CONFIRM_V2,103936,TREATMENT,2026-03-20,Y
PAY_CONFIRM_V2,108002,CONTROL,2026-03-11,Y
PAY_CONFIRM_V2,109422,CONTROL,2026-03-01,Y
PAY_CONFIRM_V2,108592,CONTROL,2026-03-23,Y
PAY_CONFIRM_V2,105458,TREATMENT,2026-03-21,Y
PAY_CONFIRM_V2,107820,CONTROL,2026-03-01,Y
PAY_CONFIRM_V2,103905,CONTROL,2026-03-15,Y
PAY_CONFIRM_V2,107237,CONTROL,2026-03-20,Y
PAY_CONFIRM_V2,102741,CONTROL,2026-03-09,Y
PAY_CONFIRM_V2,109822,TREATMENT,2026-03-20,Y
PAY_CONFIRM_V2,105964,TREATMENT,2026-03-03,Y
PAY_CONFIRM_V2,103080,TREATMENT,2026-03-23,Y
PAY_CONFIRM_V2,104200,TREATMENT,2026-03-27,Y
PAY_CONFIRM_V2,102228,CONTROL,2026-03-02,Y
PAY_CONFIRM_V2,105451,TREATMENT,2026-03-26,Y
PAY_CONFIRM_V2,108020,CONTROL,2026-03-23,Y
PAY_CONFIRM_V2,107540,CONTROL,2026-03-26,Y
PAY_CONFIRM_V2,105577,CONTROL,2026-03-15,Y
PAY_CONFIRM_V2,102013,CONTROL,2026-03-23,Y
PAY_CONFIRM_V2,108600,TREATMENT,2026-03-20,Y
PAY_CONFIRM_V2,100002,CONTROL,2026-03-02,Y
PAY_CONFIRM_V2,105518,CONTROL,2026-03-22,Y
PAY_CONFIRM_V2,101133,TREATMENT,2026-03-08,Y
PAY_CONFIRM_V2,105913,CONTROL,2026-03-19,Y
PAY_CONFIRM_V2,103512,CONTROL,2026-03-01,Y
PAY_CONFIRM_V2,106151,CONTROL,2026-03-17,Y
PAY_CONFIRM_V2,105696,TREATMENT,2026-03-12,Y
PAY_CONFIRM_V2,100347,TREATMENT,2026-03-15,Y
PAY_CONFIRM_V2,102681,CONTROL,2026-03-15,Y
PAY_CONFIRM_V2,105268,TREATMENT,2026-03-19,Y
PAY_CONFIRM_V2,104569,CONTROL,2026-03-04,Y
PAY_CONFIRM_V2,103360,CONTROL,2026-03-09,Y
PAY_CONFIRM_V2,109244,TREATMENT,2026-03-11,Y
PAY_CONFIRM_V2,100344,TREATMENT,2026-03-21,Y
PAY_CONFIRM_V2,106904,CONTROL,2026-03-26,Y
PAY_CONFIRM_V2,102113,CONTROL,2026-03-07,Y
PAY_CONFIRM_V2,100544,TREATMENT,2026-03-28,Y
PAY_CONFIRM_V2,101238,TREATMENT,2026-03-06,Y
PAY_CONFIRM_V2,109479,CONTROL,2026-03-02,Y
PAY_CONFIRM_V2,103833,CONTROL,2026-03-19,Y
PAY_CONFIRM_V2,102787,TREATMENT,2026-03-25,Y
PAY_CONFIRM_V2,107658,TREATMENT,2026-03-15,Y
PAY_CONFIRM_V2,109869,TREATMENT,2026-03-09,Y
PAY_CONFIRM_V2,106874,CONTROL,2026-03-10,Y
PAY_CONFIRM_V2,109543,TREATMENT,2026-03-09,Y
PAY_CONFIRM_V2,102980,TREATMENT,2026-03-21,Y
PAY_CONFIRM_V2,101149,TREATMENT,2026-03-24,Y
PAY_CONFIRM_V2,105720,TREATMENT,2026-03-08,Y
PAY_CONFIRM_V2,107229,TREATMENT,2026-03-01,Y
PAY_CONFIRM_V2,109533,TREATMENT,2026-03-21,Y
PAY_CONFIRM_V2,102384,TREATMENT,2026-03-26,Y
PAY_CONFIRM_V2,102266,CONTROL,2026-03-18,Y
PAY_CONFIRM_V2,103685,TREATMENT,2026-03-11,Y
PAY_CONFIRM_V2,108814,TREATMENT,2026-03-28,Y
PAY_CONFIRM_V2,109971,TREATMENT,2026-03-05,Y
PAY_CONFIRM_V2,107336,CONTROL,2026-03-23,Y
PAY_CONFIRM_V2,101489,TREATMENT,2026-03-05,Y
PAY_CONFIRM_V2,106084,CONTROL,2026-03-08,Y
PAY_CONFIRM_V2,100362,CONTROL,2026-03-22,Y
PAY_CONFIRM_V2,101290,CONTROL,2026-03-18,Y
PAY_CONFIRM_V2,105783,CONTROL,2026-03-18,Y
PAY_CONFIRM_V2,108636,TREATMENT,2026-03-04,Y
PAY_CONFIRM_V2,102689,TREATMENT,2026-03-08,Y
PAY_CONFIRM_V2,104074,TREATMENT,2026-03-03,Y
PAY_CONFIRM_V2,104033,TREATMENT,2026-03-23,Y
PAY_CONFIRM_V2,109885,CONTROL,2026-03-08,Y
PAY_CONFIRM_V2,105543,CONTROL,2026-03-30,Y
PAY_CONFIRM_V2,101891,TREATMENT,2026-03-11,Y
PAY_CONFIRM_V2,100866,CONTROL,2026-03-20,Y
PAY_CONFIRM_V2,100354,CONTROL,2026-03-22,Y
PAY_CONFIRM_V2,103555,CONTROL,2026-03-12,Y
PAY_CONFIRM_V2,103495,CONTROL,2026-03-01,Y
PAY_CONFIRM_V2,103327,CONTROL,2026-03-25,Y
PAY_CONFIRM_V2,105556,TREATMENT,2026-03-25,Y
PAY_CONFIRM_V2,101515,TREATMENT,2026-03-27,Y
PAY_CONFIRM_V2,100243,CONTROL,2026-03-29,Y
PAY_CONFIRM_V2,109668,TREATMENT,2026-03-27,Y
PAY_CONFIRM_V2,108647,TREATMENT,2026-03-16,Y
PAY_CONFIRM_V2,104611,TREATMENT,2026-03-29,Y
PAY_CONFIRM_V2,100238,CONTROL,2026-03-18,Y
PAY_CONFIRM_V2,105860,CONTROL,2026-03-11,Y
PAY_CONFIRM_V2,109327,TREATMENT,2026-03-13,Y
PAY_CONFIRM_V2,105349,TREATMENT,2026-03-27,Y
PAY_CONFIRM_V2,109472,TREATMENT,2026-03-21,Y
PAY_CONFIRM_V2,107330,TREATMENT,2026-03-10,Y
PAY_CONFIRM_V2,100726,TREATMENT,2026-03-09,Y
PAY_CONFIRM_V2,109779,TREATMENT,2026-03-18,Y
PAY_CONFIRM_V2,107261,CONTROL,2026-03-28,Y
PAY_CONFIRM_V2,106492,CONTROL,2026-03-28,Y
PAY_CONFIRM_V2,108684,TREATMENT,2026-03-07,Y
PAY_CONFIRM_V2,101964,CONTROL,2026-03-22,Y
PAY_CONFIRM_V2,103586,CONTROL,2026-03-11,Y
PAY_CONFIRM_V2,104332,TREATMENT,2026-03-03,Y
PAY_CONFIRM_V2,105665,CONTROL,2026-03-04,Y
PAY_CONFIRM_V2,107414,CONTROL,2026-03-01,Y
PAY_CONFIRM_V2,106298,CONTROL,2026-03-06,Y
PAY_CONFIRM_V2,109344,CONTROL,2026-03-10,Y
PAY_CONFIRM_V2,107070,TREATMENT,2026-03-21,Y
PAY_CONFIRM_V2,107487,TREATMENT,2026-03-02,Y
PAY_CONFIRM_V2,106761,CONTROL,2026-03-29,Y
PAY_CONFIRM_V2,101276,CONTROL,2026-03-23,Y
PAY_CONFIRM_V2,109275,TREATMENT,2026-03-26,Y
PAY_CONFIRM_V2,108124,TREATMENT,2026-03-15,Y
PAY_CONFIRM_V2,107756,CONTROL,2026-03-09,Y
PAY_CONFIRM_V2,101193,CONTROL,2026-03-29,Y
PAY_CONFIRM_V2,109287,CONTROL,2026-03-28,Y
PAY_CONFIRM_V2,103953,CONTROL,2026-03-19,Y
PAY_CONFIRM_V2,106585,CONTROL,2026-03-07,Y
PAY_CONFIRM_V2,100727,CONTROL,2026-03-18,Y
PAY_CONFIRM_V2,103619,CONTROL,2026-03-18,Y
PAY_CONFIRM_V2,107421,CONTROL,2026-03-21,Y
PAY_CONFIRM_V2,102629,TREATMENT,2026-03-14,Y
PAY_CONFIRM_V2,103097,CONTROL,2026-03-16,Y
PAY_CONFIRM_V2,103577,TREATMENT,2026-03-17,Y
PAY_CONFIRM_V2,107495,CONTROL,2026-03-27,Y
PAY_CONFIRM_V2,108347,CONTROL,2026-03-19,Y
PAY_CONFIRM_V2,101815,TREATMENT,2026-03-29,Y
PAY_CONFIRM_V2,107991,TREATMENT,2026-03-15,Y
PAY_CONFIRM_V2,109913,TREATMENT,2026-03-19,Y
PAY_CONFIRM_V2,106732,CONTROL,2026-03-30,Y
PAY_CONFIRM_V2,101550,CONTROL,2026-03-20,Y
PAY_CONFIRM_V2,101920,TREATMENT,2026-03-22,Y
PAY_CONFIRM_V2,103275,TREATMENT,2026-03-10,Y
PAY_CONFIRM_V2,106985,TREATMENT,2026-03-08,Y
PAY_CONFIRM_V2,101451,CONTROL,2026-03-07,Y
PAY_CONFIRM_V2,102758,CONTROL,2026-03-25,Y
PAY_CONFIRM_V2,109260,TREATMENT,2026-03-02,Y
PAY_CONFIRM_V2,107033,TREATMENT,2026-03-09,Y
PAY_CONFIRM_V2,103294,TREATMENT,2026-03-16,Y
PAY_CONFIRM_V2,108267,CONTROL,2026-03-17,Y
PAY_CONFIRM_V2,102578,TREATMENT,2026-03-18,Y
PAY_CONFIRM_V2,107781,TREATMENT,2026-03-03,Y
PAY_CONFIRM_V2,107437,CONTROL,2026-03-02,Y
PAY_CONFIRM_V2,103523,TREATMENT,2026-03-09,Y
PAY_CONFIRM_V2,102557,TREATMENT,2026-03-10,Y
PAY_CONFIRM_V2,104728,TREATMENT,2026-03-03,Y
PAY_CONFIRM_V2,109811,CONTROL,2026-03-25,Y
PAY_CONFIRM_V2,107898,CONTROL,2026-03-10,Y
PAY_CONFIRM_V2,103862,TREATMENT,2026-03-05,Y
PAY_CONFIRM_V2,102005,TREATMENT,2026-03-10,Y
PAY_CONFIRM_V2,106715,TREATMENT,2026-03-14,Y
PAY_CONFIRM_V2,105989,TREATMENT,2026-03-19,Y
PAY_CONFIRM_V2,104811,CONTROL,2026-03-01,Y
PAY_CONFIRM_V2,101837,TREATMENT,2026-03-14,Y
PAY_CONFIRM_V2,105535,TREATMENT,2026-03-05,Y
PAY_CONFIRM_V2,107653,CONTROL,2026-03-10,Y
PAY_CONFIRM_V2,109602,TREATMENT,2026-03-17,Y
PAY_CONFIRM_V2,103359,CONTROL,2026-03-09,Y
PAY_CONFIRM_V2,103430,TREATMENT,2026-03-22,Y
PAY_CONFIRM_V2,109102,CONTROL,2026-03-04,Y
PAY_CONFIRM_V2,109161,TREATMENT,2026-03-02,Y
PAY_CONFIRM_V2,105425,CONTROL,2026-03-09,Y
PAY_CONFIRM_V2,105519,CONTROL,2026-03-04,Y
PAY_CONFIRM_V2,108008,CONTROL,2026-03-17,Y
PAY_CONFIRM_V2,104762,CONTROL,2026-03-20,Y
PAY_CONFIRM_V2,105844,CONTROL,2026-03-03,Y
PAY_CONFIRM_V2,106355,TREATMENT,2026-03-10,Y
PAY_CONFIRM_V2,109907,CONTROL,2026-03-20,Y
PAY_CONFIRM_V2,103897,TREATMENT,2026-03-10,Y
PAY_CONFIRM_V2,104747,CONTROL,2026-03-19,Y
PAY_CONFIRM_V2,100961,TREATMENT,2026-03-10,Y
PAY_CONFIRM_V2,107448,TREATMENT,2026-03-03,Y
PAY_CONFIRM_V2,101998,CONTROL,2026-03-18,Y
PAY_CONFIRM_V2,102234,CONTROL,2026-03-28,Y
PAY_CONFIRM_V2,109499,CONTROL,2026-03-26,Y
PAY_CONFIRM_V2,101055,CONTROL,2026-03-27,Y
PAY_CONFIRM_V2,108752,CONTROL,2026-03-14,Y
PAY_CONFIRM_V2,106635,CONTROL,2026-03-20,Y
PAY_CONFIRM_V2,107353,CONTROL,2026-03-27,Y
PAY_CONFIRM_V2,109633,CONTROL,2026-03-18,Y
PAY_CONFIRM_V2,100615,CONTROL,2026-03-16,Y
PAY_CONFIRM_V2,100475,TREATMENT,2026-03-25,Y
PAY_CONFIRM_V2,104243,TREATMENT,2026-03-28,Y
PAY_CONFIRM_V2,106093,CONTROL,2026-03-04,Y
PAY_CONFIRM_V2,107520,TREATMENT,2026-03-20,Y
PAY_CONFIRM_V2,108971,TREATMENT,2026-03-16,Y
PAY_CONFIRM_V2,109436,CONTROL,2026-03-23,Y
PAY_CONFIRM_V2,104928,CONTROL,2026-03-15,Y
PAY_CONFIRM_V2,105767,TREATMENT,2026-03-23,Y
PAY_CONFIRM_V2,104609,TREATMENT,2026-03-07,Y
PAY_CONFIRM_V2,105208,CONTROL,2026-03-24,Y
PAY_CONFIRM_V2,103686,CONTROL,2026-03-15,Y
PAY_CONFIRM_V2,105014,CONTROL,2026-03-01,Y
PAY_CONFIRM_V2,106199,CONTROL,2026-03-19,Y
PAY_CONFIRM_V2,101698,TREATMENT,2026-03-16,Y
PAY_CONFIRM_V2,105921,CONTROL,2026-03-16,Y
PAY_CONFIRM_V2,100333,TREATMENT,2026-03-18,Y
PAY_CONFIRM_V2,104288,CONTROL,2026-03-28,Y
PAY_CONFIRM_V2,102688,CONTROL,2026-03-24,Y
PAY_CONFIRM_V2,101738,CONTROL,2026-03-21,Y
PAY_CONFIRM_V2,102061,TREATMENT,2026-03-29,Y
PAY_CONFIRM_V2,108348,CONTROL,2026-03-21,Y
PAY_CONFIRM_V2,107733,TREATMENT,2026-03-29,Y
PAY_CONFIRM_V2,106712,TREATMENT,2026-03-19,Y
PAY_CONFIRM_V2,108398,TREATMENT,2026-03-21,Y
PAY_CONFIRM_V2,108748,TREATMENT,2026-03-15,Y
PAY_CONFIRM_V2,101579,CONTROL,2026-03-16,Y
PAY_CONFIRM_V2,100578,TREATMENT,2026-03-18,Y
PAY_CONFIRM_V2,103204,TREATMENT,2026-03-12,Y
PAY_CONFIRM_V2,105840,TREATMENT,2026-03-25,Y
PAY_CONFIRM_V2,101704,CONTROL,2026-03-23,Y
PAY_CONFIRM_V2,103120,TREATMENT,2026-03-21,Y
PAY_CONFIRM_V2,102592,TREATMENT,2026-03-26,Y
PAY_CONFIRM_V2,108264,CONTROL,2026-03-21,Y
PAY_CONFIRM_V2,107899,TREATMENT,2026-03-12,Y
PAY_CONFIRM_V2,103941,CONTROL,2026-03-15,Y
PAY_CONFIRM_V2,109785,CONTROL,2026-03-16,Y
PAY_CONFIRM_V2,102707,TREATMENT,2026-03-25,Y
PAY_CONFIRM_V2,100210,CONTROL,2026-03-27,Y
PAY_CONFIRM_V2,109378,TREATMENT,2026-03-18,Y
PAY_CONFIRM_V2,106687,TREATMENT,2026-03-25,Y
PAY_CONFIRM_V2,104015,TREATMENT,2026-03-04,Y
PAY_CONFIRM_V2,103570,CONTROL,2026-03-18,Y
PAY_CONFIRM_V2,107936,CONTROL,2026-03-09,Y
PAY_CONFIRM_V2,100309,CONTROL,2026-03-02,Y
PAY_CONFIRM_V2,109142,TREATMENT,2026-03-15,Y
PAY_CONFIRM_V2,100854,CONTROL,2026-03-18,Y
PAY_CONFIRM_V2,107298,CONTROL,2026-03-24,Y
PAY_CONFIRM_V2,104815,TREATMENT,2026-03-23,Y
PAY_CONFIRM_V2,108336,TREATMENT,2026-03-18,Y
PAY_CONFIRM_V2,100636,TREATMENT,2026-03-18,Y
PAY_CONFIRM_V2,108552,TREATMENT,2026-03-22,Y
PAY_CONFIRM_V2,105383,TREATMENT,2026-03-21,Y
PAY_CONFIRM_V2,106602,TREATMENT,2026-03-27,Y
PAY_CONFIRM_V2,101273,TREATMENT,2026-03-23,Y
PAY_CONFIRM_V2,102809,CONTROL,2026-03-25,Y
PAY_CONFIRM_V2,102820,CONTROL,2026-03-03,Y
PAY_CONFIRM_V2,107900,TREATMENT,2026-03-07,Y
PAY_CONFIRM_V2,108009,CONTROL,2026-03-18,Y
PAY_CONFIRM_V2,109236,CONTROL,2026-03-03,Y
PAY_CONFIRM_V2,105272,TREATMENT,2026-03-17,Y
PAY_CONFIRM_V2,104583,TREATMENT,2026-03-05,Y
PAY_CONFIRM_V2,108299,CONTROL,2026-03-17,Y
PAY_CONFIRM_V2,107628,CONTROL,2026-03-21,Y
PAY_CONFIRM_V2,106370,TREATMENT,2026-03-13,Y
PAY_CONFIRM_V2,108292,TREATMENT,2026-03-04,Y
PAY_CONFIRM_V2,109365,CONTROL,2026-03-22,Y
PAY_CONFIRM_V2,106588,TREATMENT,2026-03-15,Y
PAY_CONFIRM_V2,105189,TREATMENT,2026-03-28,Y
PAY_CONFIRM_V2,102278,TREATMENT,2026-03-04,Y
PAY_CONFIRM_V2,103006,CONTROL,2026-03-23,Y
PAY_CONFIRM_V2,105525,TREATMENT,2026-03-14,Y
PAY_CONFIRM_V2,104775,TREATMENT,2026-03-09,Y
PAY_CONFIRM_V2,104724,CONTROL,2026-03-15,Y
PAY_CONFIRM_V2,100863,TREATMENT,2026-03-04,Y
PAY_CONFIRM_V2,106580,TREATMENT,2026-03-29,Y
PAY_CONFIRM_V2,106738,CONTROL,2026-03-03,Y
PAY_CONFIRM_V2,100102,CONTROL,2026-03-01,Y
PAY_CONFIRM_V2,108066,TREATMENT,2026-03-05,Y
PAY_CONFIRM_V2,105432,CONTROL,2026-03-27,Y
PAY_CONFIRM_V2,102114,TREATMENT,2026-03-18,Y
PAY_CONFIRM_V2,104659,CONTROL,2026-03-16,Y
PAY_CONFIRM_V2,105082,TREATMENT,2026-03-23,Y
PAY_CONFIRM_V2,105890,CONTROL,2026-03-25,Y
PAY_CONFIRM_V2,100144,CONTROL,2026-03-19,Y
PAY_CONFIRM_V2,104152,CONTROL,2026-03-01,Y
PAY_CONFIRM_V2,101819,TREATMENT,2026-03-03,Y
PAY_CONFIRM_V2,101673,CONTROL,2026-03-01,Y
PAY_CONFIRM_V2,101775,CONTROL,2026-03-05,Y
PAY_CONFIRM_V2,103695,CONTROL,2026-03-06,Y
PAY_CONFIRM_V2,103189,TREATMENT,2026-03-11,Y
PAY_CONFIRM_V2,100794,CONTROL,2026-03-13,Y
PAY_CONFIRM_V2,107341,CONTROL,2026-03-29,Y
PAY_CONFIRM_V2,109641,CONTROL,2026-03-09,Y
PAY_CONFIRM_V2,103255,CONTROL,2026-03-03,Y
PAY_CONFIRM_V2,108775,TREATMENT,2026-03-26,Y
PAY_CONFIRM_V2,107418,CONTROL,2026-03-16,Y
PAY_CONFIRM_V2,103386,TREATMENT,2026-03-21,Y
PAY_CONFIRM_V2,101597,CONTROL,2026-03-05,Y
PAY_CONFIRM_V2,108782,TREATMENT,2026-03-26,Y
PAY_CONFIRM_V2,107078,CONTROL,2026-03-21,Y
PAY_CONFIRM_V2,100245,CONTROL,2026-03-16,Y
PAY_CONFIRM_V2,108629,TREATMENT,2026-03-25,Y
PAY_CONFIRM_V2,103284,CONTROL,2026-03-26,Y
PAY_CONFIRM_V2,108211,CONTROL,2026-03-18,Y
PAY_CONFIRM_V2,104088,TREATMENT,2026-03-13,Y
PAY_CONFIRM_V2,103985,TREATMENT,2026-03-21,Y
PAY_CONFIRM_V2,102446,TREATMENT,2026-03-19,Y
PAY_CONFIRM_V2,109506,TREATMENT,2026-03-05,Y
PAY_CONFIRM_V2,102004,CONTROL,2026-03-21,Y
PAY_CONFIRM_V2,102056,TREATMENT,2026-03-27,Y
PAY_CONFIRM_V2,105726,CONTROL,2026-03-08,Y
PAY_CONFIRM_V2,104759,TREATMENT,2026-03-02,Y
PAY_CONFIRM_V2,107159,TREATMENT,2026-03-16,Y
PAY_CONFIRM_V2,100894,TREATMENT,2026-03-06,Y
PAY_CONFIRM_V2,103551,CONTROL,2026-03-09,Y
PAY_CONFIRM_V2,100074,TREATMENT,2026-03-08,Y
PAY_CONFIRM_V2,101435,CONTROL,2026-03-11,Y
PAY_CONFIRM_V2,102386,CONTROL,2026-03-07,Y
PAY_CONFIRM_V2,109034,TREATMENT,2026-03-21,Y
PAY_CONFIRM_V2,103480,CONTROL,2026-03-24,Y
PAY_CONFIRM_V2,105347,CONTROL,2026-03-27,Y
PAY_CONFIRM_V2,106563,CONTROL,2026-03-10,Y
PAY_CONFIRM_V2,105008,TREATMENT,2026-03-10,Y
PAY_CONFIRM_V2,108601,CONTROL,2026-03-03,Y
PAY_CONFIRM_V2,105550,CONTROL,2026-03-03,Y
PAY_CONFIRM_V2,108083,TREATMENT,2026-03-05,Y
PAY_CONFIRM_V2,103892,CONTROL,2026-03-18,Y
PAY_CONFIRM_V2,104618,TREATMENT,2026-03-22,Y
PAY_CONFIRM_V2,104241,CONTROL,2026-03-23,Y
PAY_CONFIRM_V2,101058,TREATMENT,2026-03-14,Y
PAY_CONFIRM_V2,107014,TREATMENT,2026-03-03,Y
PAY_CONFIRM_V2,101582,TREATMENT,2026-03-09,Y
PAY_CONFIRM_V2,109567,CONTROL,2026-03-08,Y
PAY_CONFIRM_V2,106974,CONTROL,2026-03-30,Y
PAY_CONFIRM_V2,106941,TREATMENT,2026-03-30,Y
PAY_CONFIRM_V2,102526,TREATMENT,2026-03-27,Y
PAY_CONFIRM_V2,102708,CONTROL,2026-03-02,Y
PAY_CONFIRM_V2,101114,CONTROL,2026-03-26,Y
PAY_CONFIRM_V2,103751,TREATMENT,2026-03-12,Y
PAY_CONFIRM_V2,100999,CONTROL,2026-03-02,Y
PAY_CONFIRM_V2,109764,CONTROL,2026-03-19,Y
PAY_CONFIRM_V2,106097,CONTROL,2026-03-02,Y
PAY_CONFIRM_V2,101696,TREATMENT,2026-03-30,Y
PAY_CONFIRM_V2,103734,CONTROL,2026-03-13,Y
PAY_CONFIRM_V2,107154,CONTROL,2026-03-20,Y
PAY_CONFIRM_V2,109705,TREATMENT,2026-03-10,Y
PAY_CONFIRM_V2,105342,CONTROL,2026-03-13,Y
PAY_CONFIRM_V2,106937,CONTROL,2026-03-27,Y
PAY_CONFIRM_V2,101684,TREATMENT,2026-03-04,Y
PAY_CONFIRM_V2,108122,CONTROL,2026-03-25,Y
PAY_CONFIRM_V2,104477,CONTROL,2026-03-29,Y
PAY_CONFIRM_V2,105706,CONTROL,2026-03-26,Y
PAY_CONFIRM_V2,100700,CONTROL,2026-03-09,Y
PAY_CONFIRM_V2,102797,TREATMENT,2026-03-09,Y
PAY_CONFIRM_V2,101527,TREATMENT,2026-03-17,Y
PAY_CONFIRM_V2,102743,CONTROL,2026-03-04,Y
PAY_CONFIRM_V2,102393,TREATMENT,2026-03-24,Y
PAY_CONFIRM_V2,100044,CONTROL,2026-03-05,Y
PAY_CONFIRM_V2,107719,CONTROL,2026-03-17,Y
PAY_CONFIRM_V2,107741,CONTROL,2026-03-11,Y
PAY_CONFIRM_V2,104642,CONTROL,2026-03-09,Y
PAY_CONFIRM_V2,100224,CONTROL,2026-03-25,Y
PAY_CONFIRM_V2,106755,CONTROL,2026-03-29,Y
PAY_CONFIRM_V2,109073,TREATMENT,2026-03-08,Y
PAY_CONFIRM_V2,109380,CONTROL,2026-03-25,Y
PAY_CONFIRM_V2,100370,CONTROL,2026-03-02,Y
PAY_CONFIRM_V2,102521,TREATMENT,2026-03-27,Y
PAY_CONFIRM_V2,107371,CONTROL,2026-03-25,Y
PAY_CONFIRM_V2,107737,TREATMENT,2026-03-07,Y
PAY_CONFIRM_V2,107022,CONTROL,2026-03-16,Y
PAY_CONFIRM_V2,108311,CONTROL,2026-03-19,Y
PAY_CONFIRM_V2,100163,CONTROL,2026-03-17,Y
PAY_CONFIRM_V2,103446,CONTROL,2026-03-09,Y
PAY_CONFIRM_V2,105741,CONTROL,2026-03-17,Y
PAY_CONFIRM_V2,109806,CONTROL,2026-03-04,Y
PAY_CONFIRM_V2,100433,TREATMENT,2026-03-25,Y
PAY_CONFIRM_V2,105026,CONTROL,2026-03-02,Y
PAY_CONFIRM_V2,108350,TREATMENT,2026-03-18,Y
PAY_CONFIRM_V2,109439,TREATMENT,2026-03-30,Y
PAY_CONFIRM_V2,103924,CONTROL,2026-03-07,Y
PAY_CONFIRM_V2,109321,TREATMENT,2026-03-21,Y
PAY_CONFIRM_V2,104948,TREATMENT,2026-03-07,Y
PAY_CONFIRM_V2,104940,CONTROL,2026-03-12,Y
PAY_CONFIRM_V2,100497,TREATMENT,2026-03-25,Y
PAY_CONFIRM_V2,109507,CONTROL,2026-03-10,Y
PAY_CONFIRM_V2,107759,TREATMENT,2026-03-12,Y
PAY_CONFIRM_V2,104527,TREATMENT,2026-03-10,Y
PAY_CONFIRM_V2,102998,TREATMENT,2026-03-27,Y
PAY_CONFIRM_V2,102272,TREATMENT,2026-03-04,Y
PAY_CONFIRM_V2,108069,TREATMENT,2026-03-15,Y
PAY_CONFIRM_V2,107063,TREATMENT,2026-03-06,Y
PAY_CONFIRM_V2,107446,TREATMENT,2026-03-11,Y
PAY_CONFIRM_V2,106878,CONTROL,2026-03-12,Y
PAY_CONFIRM_V2,105984,TREATMENT,2026-03-14,Y
PAY_CONFIRM_V2,100336,CONTROL,2026-03-29,Y
PAY_CONFIRM_V2,109475,TREATMENT,2026-03-29,Y
PAY_CONFIRM_V2,108459,TREATMENT,2026-03-08,Y
PAY_CONFIRM_V2,108173,TREATMENT,2026-03-20,Y
PAY_CONFIRM_V2,106368,CONTROL,2026-03-18,Y
PAY_CONFIRM_V2,101747,TREATMENT,2026-03-27,Y
PAY_CONFIRM_V2,100815,CONTROL,2026-03-08,Y
PAY_CONFIRM_V2,109828,TREATMENT,2026-03-20,Y
PAY_CONFIRM_V2,100951,TREATMENT,2026-03-21,Y
PAY_CONFIRM_V2,104230,TREATMENT,2026-03-28,Y
PAY_CONFIRM_V2,105609,TREATMENT,2026-03-22,Y
PAY_CONFIRM_V2,109702,CONTROL,2026-03-16,Y
PAY_CONFIRM_V2,102804,CONTROL,2026-03-11,Y
PAY_CONFIRM_V2,102294,CONTROL,2026-03-24,Y
PAY_CONFIRM_V2,100372,TREATMENT,2026-03-17,Y
PAY_CONFIRM_V2,102739,CONTROL,2026-03-23,Y
PAY_CONFIRM_V2,107132,TREATMENT,2026-03-30,Y
PAY_CONFIRM_V2,104330,TREATMENT,2026-03-11,Y
PAY_CONFIRM_V2,107974,TREATMENT,2026-03-18,Y
PAY_CONFIRM_V2,102720,CONTROL,2026-03-11,Y
PAY_CONFIRM_V2,103910,TREATMENT,2026-03-12,Y
PAY_CONFIRM_V2,104291,CONTROL,2026-03-01,Y
PAY_CONFIRM_V2,109186,TREATMENT,2026-03-15,Y
PAY_CONFIRM_V2,104675,TREATMENT,2026-03-14,Y
PAY_CONFIRM_V2,105036,TREATMENT,2026-03-12,Y
PAY_CONFIRM_V2,104431,TREATMENT,2026-03-29,Y
PAY_CONFIRM_V2,107625,TREATMENT,2026-03-20,Y
PAY_CONFIRM_V2,106106,TREATMENT,2026-03-09,Y
PAY_CONFIRM_V2,106147,TREATMENT,2026-03-04,Y
PAY_CONFIRM_V2,102051,CONTROL,2026-03-23,Y
PAY_CONFIRM_V2,104428,CONTROL,2026-03-10,Y
PAY_CONFIRM_V2,105188,TREATMENT,2026-03-06,Y
PAY_CONFIRM_V2,107632,CONTROL,2026-03-18,Y
PAY_CONFIRM_V2,109932,TREATMENT,2026-03-15,Y
PAY_CONFIRM_V2,109619,TREATMENT,2026-03-17,Y
PAY_CONFIRM_V2,108894,TREATMENT,2026-03-10,Y
PAY_CONFIRM_V2,107484,TREATMENT,2026-03-29,Y
PAY_CONFIRM_V2,104102,TREATMENT,2026-03-08,Y
PAY_CONFIRM_V2,103527,TREATMENT,2026-03-13,Y
PAY_CONFIRM_V2,109352,CONTROL,2026-03-03,Y
PAY_CONFIRM_V2,108242,CONTROL,2026-03-04,Y
PAY_CONFIRM_V2,100173,TREATMENT,2026-03-07,Y
PAY_CONFIRM_V2,101231,CONTROL,2026-03-12,Y
PAY_CONFIRM_V2,104886,CONTROL,2026-03-12,Y
PAY_CONFIRM_V2,107208,TREATMENT,2026-03-21,Y
PAY_CONFIRM_V2,109491,TREATMENT,2026-03-15,Y
PAY_CONFIRM_V2,104766,TREATMENT,2026-03-30,Y
PAY_CONFIRM_V2,108811,CONTROL,2026-03-29,Y
PAY_CONFIRM_V2,103738,CONTROL,2026-03-07,Y
PAY_CONFIRM_V2,107972,CONTROL,2026-03-18,Y
PAY_CONFIRM_V2,101667,CONTROL,2026-03-20,Y
PAY_CONFIRM_V2,103211,TREATMENT,2026-03-26,Y
PAY_CONFIRM_V2,100611,TREATMENT,2026-03-14,Y
PAY_CONFIRM_V2,109317,TREATMENT,2026-03-05,Y
PAY_CONFIRM_V2,101293,TREATMENT,2026-03-12,Y
PAY_CONFIRM_V2,108412,TREATMENT,2026-03-19,Y
PAY_CONFIRM_V2,102021,CONTROL,2026-03-15,Y
PAY_CONFIRM_V2,100671,CONTROL,2026-03-06,Y
PAY_CONFIRM_V2,104699,TREATMENT,2026-03-22,Y
PAY_CONFIRM_V2,106405,TREATMENT,2026-03-03,Y
PAY_CONFIRM_V2,106805,TREATMENT,2026-03-25,Y
PAY_CONFIRM_V2,107219,TREATMENT,2026-03-21,Y
PAY_CONFIRM_V2,103964,CONTROL,2026-03-19,Y
PAY_CONFIRM_V2,100931,TREATMENT,2026-03-10,Y
PAY_CONFIRM_V2,100299,CONTROL,2026-03-29,Y
PAY_CONFIRM_V2,100191,CONTROL,2026-03-02,Y
PAY_CONFIRM_V2,108940,TREATMENT,2026-03-26,Y
PAY_CONFIRM_V2,109731,CONTROL,2026-03-16,Y
PAY_CONFIRM_V2,105267,TREATMENT,2026-03-15,Y
PAY_CONFIRM_V2,108351,TREATMENT,2026-03-24,Y
PAY_CONFIRM_V2,108537,TREATMENT,2026-03-20,Y
PAY_CONFIRM_V2,101245,TREATMENT,2026-03-15,Y
PAY_CONFIRM_V2,106454,TREATMENT,2026-03-03,Y
PAY_CONFIRM_V2,100101,TREATMENT,2026-03-09,Y
PAY_CONFIRM_V2,101899,TREATMENT,2026-03-25,Y
PAY_CONFIRM_V2,108925,TREATMENT,2026-03-16,Y
PAY_CONFIRM_V2,105047,TREATMENT,2026-03-04,Y
PAY_CONFIRM_V2,109311,CONTROL,2026-03-07,Y
PAY_CONFIRM_V2,100072,TREATMENT,2026-03-13,Y
PAY_CONFIRM_V2,102780,TREATMENT,2026-03-15,Y
PAY_CONFIRM_V2,104798,CONTROL,2026-03-19,Y
PAY_CONFIRM_V2,100512,TREATMENT,2026-03-06,Y
PAY_CONFIRM_V2,104397,CONTROL,2026-03-04,Y
PAY_CONFIRM_V2,106470,CONTROL,2026-03-07,Y
PAY_CONFIRM_V2,100738,TREATMENT,2026-03-27,Y
PAY_CONFIRM_V2,105552,CONTROL,2026-03-17,Y
PAY_CONFIRM_V2,107292,CONTROL,2026-03-07,Y
PAY_CONFIRM_V2,106573,TREATMENT,2026-03-04,Y
PAY_CONFIRM_V2,103969,CONTROL,2026-03-05,Y
PAY_CONFIRM_V2,101697,CONTROL,2026-03-06,Y
PAY_CONFIRM_V2,107383,CONTROL,2026-03-17,Y
PAY_CONFIRM_V2,100200,TREATMENT,2026-03-27,Y
PAY_CONFIRM_V2,105905,CONTROL,2026-03-07,Y
PAY_CONFIRM_V2,106390,TREATMENT,2026-03-25,Y
PAY_CONFIRM_V2,106353,CONTROL,2026-03-12,Y
PAY_CONFIRM_V2,108440,TREATMENT,2026-03-07,Y
PAY_CONFIRM_V2,106163,TREATMENT,2026-03-02,Y
PAY_CONFIRM_V2,101983,CONTROL,2026-03-18,Y
PAY_CONFIRM_V2,106333,TREATMENT,2026-03-28,Y
PAY_CONFIRM_V2,102270,CONTROL,2026-03-07,Y
PAY_CONFIRM_V2,108112,TREATMENT,2026-03-09,Y
PAY_CONFIRM_V2,108444,TREATMENT,2026-03-28,Y
PAY_CONFIRM_V2,107091,TREATMENT,2026-03-10,Y
PAY_CONFIRM_V2,103451,TREATMENT,2026-03-02,Y
PAY_CONFIRM_V2,104066,CONTROL,2026-03-05,Y
PAY_CONFIRM_V2,107904,TREATMENT,2026-03-01,Y
PAY_CONFIRM_V2,101997,CONTROL,2026-03-20,Y
PAY_CONFIRM_V2,102923,CONTROL,2026-03-26,Y
PAY_CONFIRM_V2,100359,CONTROL,2026-03-05,Y
PAY_CONFIRM_V2,100683,TREATMENT,2026-03-13,Y
PAY_CONFIRM_V2,107263,CONTROL,2026-03-30,Y
PAY_CONFIRM_V2,107977,TREATMENT,2026-03-11,Y
PAY_CONFIRM_V2,103408,CONTROL,2026-03-09,Y
PAY_CONFIRM_V2,103250,TREATMENT,2026-03-24,Y
PAY_CONFIRM_V2,108997,TREATMENT,2026-03-27,Y
PAY_CONFIRM_V2,102517,CONTROL,2026-03-01,Y
PAY_CONFIRM_V2,105522,TREATMENT,2026-03-18,Y
PAY_CONFIRM_V2,102381,CONTROL,2026-03-27,Y
PAY_CONFIRM_V2,102337,TREATMENT,2026-03-18,Y
PAY_CONFIRM_V2,106265,TREATMENT,2026-03-05,Y
PAY_CONFIRM_V2,103095,CONTROL,2026-03-05,Y
PAY_CONFIRM_V2,100929,TREATMENT,2026-03-21,Y
PAY_CONFIRM_V2,109151,TREATMENT,2026-03-25,Y
PAY_CONFIRM_V2,100239,TREATMENT,2026-03-08,Y
PAY_CONFIRM_V2,102969,CONTROL,2026-03-08,Y
PAY_CONFIRM_V2,106579,TREATMENT,2026-03-20,Y
PAY_CONFIRM_V2,107706,TREATMENT,2026-03-28,Y
PAY_CONFIRM_V2,104149,CONTROL,2026-03-18,Y
PAY_CONFIRM_V2,108911,CONTROL,2026-03-22,Y
PAY_CONFIRM_V2,109295,CONTROL,2026-03-04,Y
PAY_CONFIRM_V2,100388,TREATMENT,2026-03-08,Y
PAY_CONFIRM_V2,106723,TREATMENT,2026-03-27,Y
PAY_CONFIRM_V2,100015,TREATMENT,2026-03-07,Y
PAY_CONFIRM_V2,103868,TREATMENT,2026-03-22,Y
PAY_CONFIRM_V2,101928,TREATMENT,2026-03-12,Y
PAY_CONFIRM_V2,109015,TREATMENT,2026-03-11,Y
PAY_CONFIRM_V2,105005,CONTROL,2026-03-17,Y
PAY_CONFIRM_V2,104592,CONTROL,2026-03-26,Y
PAY_CONFIRM_V2,102610,TREATMENT,2026-03-22,Y
PAY_CONFIRM_V2,109097,CONTROL,2026-03-13,Y
PAY_CONFIRM_V2,107157,TREATMENT,2026-03-23,Y
PAY_CONFIRM_V2,109897,CONTROL,2026-03-25,Y
PAY_CONFIRM_V2,106435,CONTROL,2026-03-17,Y
PAY_CONFIRM_V2,106555,TREATMENT,2026-03-09,Y
PAY_CONFIRM_V2,105418,CONTROL,2026-03-11,Y
PAY_CONFIRM_V2,109534,CONTROL,2026-03-19,Y
PAY_CONFIRM_V2,101045,TREATMENT,2026-03-14,Y
PAY_CONFIRM_V2,100549,CONTROL,2026-03-15,Y
PAY_CONFIRM_V2,102819,TREATMENT,2026-03-19,Y
PAY_CONFIRM_V2,100555,TREATMENT,2026-03-12,Y
PAY_CONFIRM_V2,108794,CONTROL,2026-03-29,Y
PAY_CONFIRM_V2,101167,CONTROL,2026-03-14,Y
PAY_CONFIRM_V2,109355,TREATMENT,2026-03-08,Y
PAY_CONFIRM_V2,103650,TREATMENT,2026-03-30,Y
PAY_CONFIRM_V2,107911,CONTROL,2026-03-29,Y
PAY_CONFIRM_V2,106384,TREATMENT,2026-03-09,Y
PAY_CONFIRM_V2,104236,CONTROL,2026-03-01,Y
PAY_CONFIRM_V2,107943,TREATMENT,2026-03-11,Y
PAY_CONFIRM_V2,108549,TREATMENT,2026-03-13,Y
PAY_CONFIRM_V2,103901,TREATMENT,2026-03-28,Y
PAY_CONFIRM_V2,109542,TREATMENT,2026-03-22,Y
PAY_CONFIRM_V2,104199,CONTROL,2026-03-18,Y
PAY_CONFIRM_V2,106280,TREATMENT,2026-03-18,Y
PAY_CONFIRM_V2,106983,CONTROL,2026-03-17,Y
PAY_CONFIRM_V2,100470,TREATMENT,2026-03-11,Y
PAY_CONFIRM_V2,106281,TREATMENT,2026-03-05,Y
PAY_CONFIRM_V2,101176,TREATMENT,2026-03-09,Y
PAY_CONFIRM_V2,104300,TREATMENT,2026-03-14,Y
PAY_CONFIRM_V2,103791,TREATMENT,2026-03-25,Y
PAY_CONFIRM_V2,108915,CONTROL,2026-03-29,Y
PAY_CONFIRM_V2,104375,TREATMENT,2026-03-09,Y
PAY_CONFIRM_V2,105316,CONTROL,2026-03-13,Y
PAY_CONFIRM_V2,106598,CONTROL,2026-03-11,Y
PAY_CONFIRM_V2,106347,CONTROL,2026-03-17,Y
PAY_CONFIRM_V2,105145,CONTROL,2026-03-07,Y
PAY_CONFIRM_V2,103990,TREATMENT,2026-03-15,Y
PAY_CONFIRM_V2,104131,CONTROL,2026-03-14,Y
PAY_CONFIRM_V2,106221,CONTROL,2026-03-29,Y
PAY_CONFIRM_V2,106564,TREATMENT,2026-03-22,Y
PAY_CONFIRM_V2,101424,TREATMENT,2026-03-08,Y
PAY_CONFIRM_V2,106889,TREATMENT,2026-03-06,Y
PAY_CONFIRM_V2,101981,TREATMENT,2026-03-06,Y
PAY_CONFIRM_V2,102389,TREATMENT,2026-03-07,Y
PAY_CONFIRM_V2,102115,TREATMENT,2026-03-23,Y
PAY_CONFIRM_V2,102095,TREATMENT,2026-03-23,Y
PAY_CONFIRM_V2,104990,CONTROL,2026-03-06,Y
PAY_CONFIRM_V2,109181,TREATMENT,2026-03-23,Y
PAY_CONFIRM_V2,105682,TREATMENT,2026-03-07,Y
PAY_CONFIRM_V2,104070,CONTROL,2026-03-28,Y
PAY_CONFIRM_V2,106539,TREATMENT,2026-03-07,Y
PAY_CONFIRM_V2,109388,TREATMENT,2026-03-14,Y
PAY_CONFIRM_V2,104819,TREATMENT,2026-03-05,Y
PAY_CONFIRM_V2,109998,CONTROL,2026-03-14,Y
PAY_CONFIRM_V2,103845,CONTROL,2026-03-05,Y
PAY_CONFIRM_V2,104336,TREATMENT,2026-03-09,Y
PAY_CONFIRM_V2,107284,TREATMENT,2026-03-27,Y
PAY_CONFIRM_V2,108274,TREATMENT,2026-03-28,Y
PAY_CONFIRM_V2,107627,TREATMENT,2026-03-09,Y
PAY_CONFIRM_V2,108000,CONTROL,2026-03-17,Y
PAY_CONFIRM_V2,109591,TREATMENT,2026-03-27,Y
PAY_CONFIRM_V2,105740,TREATMENT,2026-03-03,Y
PAY_CONFIRM_V2,107565,TREATMENT,2026-03-11,Y
PAY_CONFIRM_V2,100599,CONTROL,2026-03-12,Y
PAY_CONFIRM_V2,104405,TREATMENT,2026-03-01,Y
PAY_CONFIRM_V2,102933,CONTROL,2026-03-28,Y
PAY_CONFIRM_V2,103208,CONTROL,2026-03-21,Y
PAY_CONFIRM_V2,101695,TREATMENT,2026-03-09,Y
PAY_CONFIRM_V2,104670,TREATMENT,2026-03-10,Y
PAY_CONFIRM_V2,109864,TREATMENT,2026-03-29,Y
PAY_CONFIRM_V2,106745,CONTROL,2026-03-30,Y
PAY_CONFIRM_V2,102376,TREATMENT,2026-03-13,Y
PAY_CONFIRM_V2,106626,CONTROL,2026-03-03,Y
PAY_CONFIRM_V2,100853,CONTROL,2026-03-08,Y
PAY_CONFIRM_V2,100070,CONTROL,2026-03-12,Y
PAY_CONFIRM_V2,104996,TREATMENT,2026-03-02,Y
PAY_CONFIRM_V2,101950,TREATMENT,2026-03-04,Y
PAY_CONFIRM_V2,101902,CONTROL,2026-03-18,Y
PAY_CONFIRM_V2,104402,CONTROL,2026-03-01,Y
PAY_CONFIRM_V2,104071,CONTROL,2026-03-01,Y
PAY_CONFIRM_V2,104830,CONTROL,2026-03-27,Y
PAY_CONFIRM_V2,109023,CONTROL,2026-03-24,Y
PAY_CONFIRM_V2,102519,TREATMENT,2026-03-22,Y
PAY_CONFIRM_V2,109103,TREATMENT,2026-03-15,Y
PAY_CONFIRM_V2,100840,CONTROL,2026-03-17,Y
PAY_CONFIRM_V2,106500,CONTROL,2026-03-24,Y
PAY_CONFIRM_V2,100528,CONTROL,2026-03-04,Y
PAY_CONFIRM_V2,102372,CONTROL,2026-03-19,Y
PAY_CONFIRM_V2,109185,CONTROL,2026-03-04,Y
PAY_CONFIRM_V2,109741,CONTROL,2026-03-17,Y
PAY_CONFIRM_V2,107925,CONTROL,2026-03-06,Y
PAY_CONFIRM_V2,106964,CONTROL,2026-03-17,Y
PAY_CONFIRM_V2,102433,CONTROL,2026-03-11,Y
PAY_CONFIRM_V2,103978,TREATMENT,2026-03-26,Y
PAY_CONFIRM_V2,106052,TREATMENT,2026-03-25,Y
PAY_CONFIRM_V2,104401,TREATMENT,2026-03-22,Y
PAY_CONFIRM_V2,102703,CONTROL,2026-03-11,Y
PAY_CONFIRM_V2,108638,TREATMENT,2026-03-15,Y
PAY_CONFIRM_V2,102261,TREATMENT,2026-03-25,Y
PAY_CONFIRM_V2,109661,TREATMENT,2026-03-20,Y
PAY_CONFIRM_V2,108989,TREATMENT,2026-03-21,Y
PAY_CONFIRM_V2,102960,TREATMENT,2026-03-13,Y
PAY_CONFIRM_V2,109899,CONTROL,2026-03-21,Y
PAY_CONFIRM_V2,103113,CONTROL,2026-03-10,Y
PAY_CONFIRM_V2,103473,TREATMENT,2026-03-03,Y
PAY_CONFIRM_V2,108572,CONTROL,2026-03-13,Y
PAY_CONFIRM_V2,108484,TREATMENT,2026-03-05,Y
PAY_CONFIRM_V2,105699,TREATMENT,2026-03-22,Y
PAY_CONFIRM_V2,107148,CONTROL,2026-03-20,Y
PAY_CONFIRM_V2,101672,TREATMENT,2026-03-08,Y
PAY_CONFIRM_V2,108142,TREATMENT,2026-03-18,Y
PAY_CONFIRM_V2,103818,TREATMENT,2026-03-07,Y
PAY_CONFIRM_V2,103591,TREATMENT,2026-03-29,Y
PAY_CONFIRM_V2,102080,TREATMENT,2026-03-15,Y
PAY_CONFIRM_V2,101567,TREATMENT,2026-03-01,Y
PAY_CONFIRM_V2,104452,TREATMENT,2026-03-23,Y
PAY_CONFIRM_V2,104958,CONTROL,2026-03-16,Y
PAY_CONFIRM_V2,108424,TREATMENT,2026-03-04,Y
PAY_CONFIRM_V2,106801,TREATMENT,2026-03-08,Y
PAY_CONFIRM_V2,102385,CONTROL,2026-03-04,Y
PAY_CONFIRM_V2,103554,TREATMENT,2026-03-22,Y
PAY_CONFIRM_V2,109419,TREATMENT,2026-03-16,Y
PAY_CONFIRM_V2,101339,TREATMENT,2026-03-06,Y
PAY_CONFIRM_V2,103775,TREATMENT,2026-03-19,Y
PAY_CONFIRM_V2,105614,TREATMENT,2026-03-21,Y
PAY_CONFIRM_V2,105213,TREATMENT,2026-03-10,Y
PAY_CONFIRM_V2,103167,TREATMENT,2026-03-22,Y
PAY_CONFIRM_V2,102476,CONTROL,2026-03-24,Y
PAY_CONFIRM_V2,105309,CONTROL,2026-03-15,Y
PAY_CONFIRM_V2,107027,TREATMENT,2026-03-26,Y
PAY_CONFIRM_V2,109432,TREATMENT,2026-03-23,Y
PAY_CONFIRM_V2,100587,TREATMENT,2026-03-22,Y
PAY_CONFIRM_V2,100053,TREATMENT,2026-03-27,Y
PAY_CONFIRM_V2,103658,CONTROL,2026-03-23,Y
PAY_CONFIRM_V2,102695,CONTROL,2026-03-08,Y
PAY_CONFIRM_V2,108883,CONTROL,2026-03-20,Y
PAY_CONFIRM_V2,108396,TREATMENT,2026-03-04,Y
PAY_CONFIRM_V2,108941,CONTROL,2026-03-07,Y
PAY_CONFIRM_V2,108426,TREATMENT,2026-03-30,Y
PAY_CONFIRM_V2,107704,TREATMENT,2026-03-03,Y
PAY_CONFIRM_V2,106363,TREATMENT,2026-03-25,Y
PAY_CONFIRM_V2,107838,CONTROL,2026-03-13,Y
PAY_CONFIRM_V2,101710,CONTROL,2026-03-04,Y
PAY_CONFIRM_V2,101004,CONTROL,2026-03-21,Y
PAY_CONFIRM_V2,107624,TREATMENT,2026-03-22,Y
PAY_CONFIRM_V2,101247,CONTROL,2026-03-21,Y
PAY_CONFIRM_V2,107641,TREATMENT,2026-03-19,Y
PAY_CONFIRM_V2,106133,TREATMENT,2026-03-20,Y
PAY_CONFIRM_V2,105887,TREATMENT,2026-03-09,Y
PAY_CONFIRM_V2,100106,CONTROL,2026-03-19,Y
PAY_CONFIRM_V2,107933,TREATMENT,2026-03-14,Y
PAY_CONFIRM_V2,109354,TREATMENT,2026-03-03,Y
PAY_CONFIRM_V2,100725,TREATMENT,2026-03-25,Y
PAY_CONFIRM_V2,106822,CONTROL,2026-03-04,Y
PAY_CONFIRM_V2,106123,TREATMENT,2026-03-01,Y
PAY_CONFIRM_V2,101311,CONTROL,2026-03-07,Y
PAY_CONFIRM_V2,109273,TREATMENT,2026-03-01,Y
PAY_CONFIRM_V2,109941,TREATMENT,2026-03-25,Y
PAY_CONFIRM_V2,102938,CONTROL,2026-03-14,Y
PAY_CONFIRM_V2,100960,TREATMENT,2026-03-30,Y
PAY_CONFIRM_V2,107619,TREATMENT,2026-03-11,Y
PAY_CONFIRM_V2,103262,CONTROL,2026-03-26,Y
PAY_CONFIRM_V2,105752,CONTROL,2026-03-10,Y
PAY_CONFIRM_V2,108927,TREATMENT,2026-03-06,Y
PAY_CONFIRM_V2,107654,CONTROL,2026-03-19,Y
PAY_CONFIRM_V2,100282,CONTROL,2026-03-06,Y
PAY_CONFIRM_V2,103741,TREATMENT,2026-03-19,Y
PAY_CONFIRM_V2,103236,TREATMENT,2026-03-09,Y
PAY_CONFIRM_V2,100928,CONTROL,2026-03-30,Y
PAY_CONFIRM_V2,103898,CONTROL,2026-03-27,Y
PAY_CONFIRM_V2,100234,CONTROL,2026-03-19,Y
PAY_CONFIRM_V2,106600,CONTROL,2026-03-05,Y
PAY_CONFIRM_V2,109400,TREATMENT,2026-03-23,Y
PAY_CONFIRM_V2,109231,CONTROL,2026-03-01,Y
PAY_CONFIRM_V2,105045,TREATMENT,2026-03-18,Y
PAY_CONFIRM_V2,102961,CONTROL,2026-03-05,Y
PAY_CONFIRM_V2,109747,CONTROL,2026-03-16,Y
PAY_CONFIRM_V2,104526,CONTROL,2026-03-29,Y
PAY_CONFIRM_V2,102635,TREATMENT,2026-03-16,Y
PAY_CONFIRM_V2,100387,CONTROL,2026-03-27,Y
PAY_CONFIRM_V2,109284,TREATMENT,2026-03-07,Y
PAY_CONFIRM_V2,106899,TREATMENT,2026-03-08,Y
PAY_CONFIRM_V2,106145,TREATMENT,2026-03-29,Y
PAY_CONFIRM_V2,104165,CONTROL,2026-03-18,Y
PAY_CONFIRM_V2,104101,TREATMENT,2026-03-06,Y
PAY_CONFIRM_V2,105181,CONTROL,2026-03-30,Y
PAY_CONFIRM_V2,109565,CONTROL,2026-03-18,Y
PAY_CONFIRM_V2,108099,TREATMENT,2026-03-13,Y
PAY_CONFIRM_V2,100552,TREATMENT,2026-03-14,Y
PAY_CONFIRM_V2,107962,TREATMENT,2026-03-25,Y
PAY_CONFIRM_V2,101676,CONTROL,2026-03-16,Y
PAY_CONFIRM_V2,101836,TREATMENT,2026-03-05,Y
PAY_CONFIRM_V2,109605,TREATMENT,2026-03-21,Y
PAY_CONFIRM_V2,105168,CONTROL,2026-03-12,Y
PAY_CONFIRM_V2,109677,TREATMENT,2026-03-30,Y
PAY_CONFIRM_V2,106763,TREATMENT,2026-03-24,Y
PAY_CONFIRM_V2,108263,CONTROL,2026-03-24,Y
PAY_CONFIRM_V2,105149,TREATMENT,2026-03-01,Y
PAY_CONFIRM_V2,107326,TREATMENT,2026-03-11,Y
PAY_CONFIRM_V2,107094,CONTROL,2026-03-02,Y
PAY_CONFIRM_V2,109447,TREATMENT,2026-03-23,Y
PAY_CONFIRM_V2,103562,TREATMENT,2026-03-15,Y
PAY_CONFIRM_V2,105851,TREATMENT,2026-03-16,Y
PAY_CONFIRM_V2,102868,CONTROL,2026-03-23,Y
PAY_CONFIRM_V2,100328,TREATMENT,2026-03-03,Y
PAY_CONFIRM_V2,106581,CONTROL,2026-03-22,Y
PAY_CONFIRM_V2,102145,CONTROL,2026-03-25,Y
PAY_CONFIRM_V2,106835,CONTROL,2026-03-21,Y
PAY_CONFIRM_V2,104587,CONTROL,2026-03-16,Y
PAY_CONFIRM_V2,102257,CONTROL,2026-03-21,Y
PAY_CONFIRM_V2,107740,CONTROL,2026-03-22,Y
PAY_CONFIRM_V2,107008,CONTROL,2026-03-10,Y
PAY_CONFIRM_V2,109868,CONTROL,2026-03-18,Y
PAY_CONFIRM_V2,106017,TREATMENT,2026-03-05,Y
PAY_CONFIRM_V2,109402,CONTROL,2026-03-09,Y
PAY_CONFIRM_V2,107332,TREATMENT,2026-03-10,Y
PAY_CONFIRM_V2,107378,CONTROL,2026-03-15,Y
PAY_CONFIRM_V2,104694,TREATMENT,2026-03-02,Y
PAY_CONFIRM_V2,103744,CONTROL,2026-03-30,Y
PAY_CONFIRM_V2,100215,CONTROL,2026-03-29,Y
PAY_CONFIRM_V2,102340,CONTROL,2026-03-09,Y
PAY_CONFIRM_V2,107909,TREATMENT,2026-03-01,Y
PAY_CONFIRM_V2,108436,TREATMENT,2026-03-11,Y
PAY_CONFIRM_V2,100922,TREATMENT,2026-03-23,Y
PAY_CONFIRM_V2,105380,TREATMENT,2026-03-21,Y
PAY_CONFIRM_V2,108057,TREATMENT,2026-03-24,Y
PAY_CONFIRM_V2,104095,TREATMENT,2026-03-28,Y
PAY_CONFIRM_V2,105759,CONTROL,2026-03-04,Y
PAY_CONFIRM_V2,102424,TREATMENT,2026-03-29,Y
PAY_CONFIRM_V2,105367,TREATMENT,2026-03-23,Y
PAY_CONFIRM_V2,105223,TREATMENT,2026-03-23,Y
PAY_CONFIRM_V2,103994,TREATMENT,2026-03-26,Y
PAY_CONFIRM_V2,100542,CONTROL,2026-03-28,Y
PAY_CONFIRM_V2,106694,CONTROL,2026-03-08,Y
PAY_CONFIRM_V2,102922,CONTROL,2026-03-06,Y
PAY_CONFIRM_V2,109989,TREATMENT,2026-03-03,Y
PAY_CONFIRM_V2,107853,TREATMENT,2026-03-18,Y
PAY_CONFIRM_V2,108149,TREATMENT,2026-03-29,Y
PAY_CONFIRM_V2,106950,CONTROL,2026-03-19,Y
PAY_CONFIRM_V2,100064,TREATMENT,2026-03-06,Y
PAY_CONFIRM_V2,102617,CONTROL,2026-03-12,Y
PAY_CONFIRM_V2,102237,TREATMENT,2026-03-19,Y
PAY_CONFIRM_V2,100793,CONTROL,2026-03-03,Y
PAY_CONFIRM_V2,104848,TREATMENT,2026-03-26,Y
PAY_CONFIRM_V2,101565,TREATMENT,2026-03-20,Y
PAY_CONFIRM_V2,103008,CONTROL,2026-03-21,Y
PAY_CONFIRM_V2,103244,CONTROL,2026-03-29,Y
PAY_CONFIRM_V2,103163,CONTROL,2026-03-15,Y
PAY_CONFIRM_V2,100004,CONTROL,2026-03-03,Y
PAY_CONFIRM_V2,101923,CONTROL,2026-03-11,Y
PAY_CONFIRM_V2,106546,TREATMENT,2026-03-18,Y
PAY_CONFIRM_V2,102902,TREATMENT,2026-03-27,Y
PAY_CONFIRM_V2,100746,CONTROL,2026-03-25,Y
PAY_CONFIRM_V2,108380,TREATMENT,2026-03-14,Y
PAY_CONFIRM_V2,101136,CONTROL,2026-03-11,Y
PAY_CONFIRM_V2,107945,CONTROL,2026-03-08,Y
PAY_CONFIRM_V2,101244,CONTROL,2026-03-24,Y
PAY_CONFIRM_V2,105112,CONTROL,2026-03-10,Y
PAY_CONFIRM_V2,108891,TREATMENT,2026-03-25,Y
PAY_CONFIRM_V2,102011,CONTROL,2026-03-07,Y
PAY_CONFIRM_V2,109372,CONTROL,2026-03-23,Y
PAY_CONFIRM_V2,106393,TREATMENT,2026-03-08,Y
PAY_CONFIRM_V2,107533,CONTROL,2026-03-21,Y
PAY_CONFIRM_V2,107126,TREATMENT,2026-03-23,Y
PAY_CONFIRM_V2,103515,CONTROL,2026-03-16,Y
PAY_CONFIRM_V2,102375,TREATMENT,2026-03-11,Y
PAY_CONFIRM_V2,106251,TREATMENT,2026-03-06,Y
PAY_CONFIRM_V2,101202,TREATMENT,2026-03-05,Y
PAY_CONFIRM_V2,104078,TREATMENT,2026-03-01,Y
PAY_CONFIRM_V2,105440,CONTROL,2026-03-11,Y
PAY_CONFIRM_V2,106780,TREATMENT,2026-03-15,Y
PAY_CONFIRM_V2,105397,CONTROL,2026-03-10,Y
PAY_CONFIRM_V2,107230,CONTROL,2026-03-17,Y
PAY_CONFIRM_V2,106130,TREATMENT,2026-03-21,Y
PAY_CONFIRM_V2,109199,CONTROL,2026-03-13,Y
PAY_CONFIRM_V2,104939,CONTROL,2026-03-19,Y
PAY_CONFIRM_V2,103625,CONTROL,2026-03-28,Y
PAY_CONFIRM_V2,100253,TREATMENT,2026-03-28,Y
PAY_CONFIRM_V2,108307,TREATMENT,2026-03-18,Y
PAY_CONFIRM_V2,106399,CONTROL,2026-03-20,Y
PAY_CONFIRM_V2,104805,TREATMENT,2026-03-14,Y
PAY_CONFIRM_V2,109370,TREATMENT,2026-03-11,Y
PAY_CONFIRM_V2,104978,TREATMENT,2026-03-24,Y
PAY_CONFIRM_V2,101043,CONTROL,2026-03-03,Y
PAY_CONFIRM_V2,109325,TREATMENT,2026-03-18,Y
PAY_CONFIRM_V2,107188,CONTROL,2026-03-26,Y
PAY_CONFIRM_V2,103859,TREATMENT,2026-03-01,Y
PAY_CONFIRM_V2,109232,TREATMENT,2026-03-26,Y
PAY_CONFIRM_V2,106210,TREATMENT,2026-03-13,Y
PAY_CONFIRM_V2,100602,TREATMENT,2026-03-01,Y
PAY_CONFIRM_V2,102295,CONTROL,2026-03-27,Y
PAY_CONFIRM_V2,104303,TREATMENT,2026-03-30,Y
PAY_CONFIRM_V2,104691,TREATMENT,2026-03-16,Y
PAY_CONFIRM_V2,107389,CONTROL,2026-03-14,Y
PAY_CONFIRM_V2,102726,TREATMENT,2026-03-27,Y
PAY_CONFIRM_V2,101885,CONTROL,2026-03-30,Y
PAY_CONFIRM_V2,109489,CONTROL,2026-03-24,Y
PAY_CONFIRM_V2,107671,TREATMENT,2026-03-10,Y
PAY_CONFIRM_V2,101867,TREATMENT,2026-03-21,Y
PAY_CONFIRM_V2,105330,TREATMENT,2026-03-09,Y
PAY_CONFIRM_V2,104145,TREATMENT,2026-03-06,Y
PAY_CONFIRM_V2,102466,TREATMENT,2026-03-12,Y
PAY_CONFIRM_V2,107405,TREATMENT,2026-03-10,Y
PAY_CONFIRM_V2,109631,TREATMENT,2026-03-10,Y
PAY_CONFIRM_V2,109028,CONTROL,2026-03-12,Y
PAY_CONFIRM_V2,101031,CONTROL,2026-03-09,Y
PAY_CONFIRM_V2,107778,CONTROL,2026-03-20,Y
PAY_CONFIRM_V2,107254,CONTROL,2026-03-25,Y
PAY_CONFIRM_V2,102522,TREATMENT,2026-03-20,Y
PAY_CONFIRM_V2,104519,CONTROL,2026-03-03,Y
PAY_CONFIRM_V2,105486,CONTROL,2026-03-25,Y
PAY_CONFIRM_V2,109041,CONTROL,2026-03-24,Y
PAY_CONFIRM_V2,107590,CONTROL,2026-03-02,Y
PAY_CONFIRM_V2,107679,CONTROL,2026-03-20,Y
PAY_CONFIRM_V2,106764,TREATMENT,2026-03-13,Y
PAY_CONFIRM_V2,105299,TREATMENT,2026-03-19,Y
PAY_CONFIRM_V2,104713,TREATMENT,2026-03-18,Y
PAY_CONFIRM_V2,108839,CONTROL,2026-03-07,Y
PAY_CONFIRM_V2,105341,TREATMENT,2026-03-10,Y
PAY_CONFIRM_V2,102453,CONTROL,2026-03-13,Y
PAY_CONFIRM_V2,107905,TREATMENT,2026-03-07,Y
PAY_CONFIRM_V2,105353,CONTROL,2026-03-12,Y
PAY_CONFIRM_V2,100918,TREATMENT,2026-03-10,Y
PAY_CONFIRM_V2,108754,CONTROL,2026-03-09,Y
PAY_CONFIRM_V2,104004,CONTROL,2026-03-10,Y
PAY_CONFIRM_V2,106951,TREATMENT,2026-03-06,Y
PAY_CONFIRM_V2,105067,TREATMENT,2026-03-14,Y
PAY_CONFIRM_V2,104500,TREATMENT,2026-03-18,Y
PAY_CONFIRM_V2,101890,CONTROL,2026-03-20,Y
PAY_CONFIRM_V2,109052,CONTROL,2026-03-20,Y
PAY_CONFIRM_V2,109654,TREATMENT,2026-03-29,Y
PAY_CONFIRM_V2,101731,CONTROL,2026-03-21,Y
PAY_CONFIRM_V2,106491,TREATMENT,2026-03-18,Y
PAY_CONFIRM_V2,104022,TREATMENT,2026-03-01,Y
PAY_CONFIRM_V2,103565,CONTROL,2026-03-29,Y
PAY_CONFIRM_V2,106028,TREATMENT,2026-03-10,Y
PAY_CONFIRM_V2,102548,CONTROL,2026-03-20,Y
PAY_CONFIRM_V2,103019,CONTROL,2026-03-13,Y
PAY_CONFIRM_V2,107037,CONTROL,2026-03-19,Y
PAY_CONFIRM_V2,104347,TREATMENT,2026-03-25,Y
PAY_CONFIRM_V2,103899,CONTROL,2026-03-05,Y
PAY_CONFIRM_V2,109878,CONTROL,2026-03-08,Y
PAY_CONFIRM_V2,103196,TREATMENT,2026-03-30,Y
PAY_CONFIRM_V2,106116,TREATMENT,2026-03-16,Y
PAY_CONFIRM_V2,105943,CONTROL,2026-03-25,Y
PAY_CONFIRM_V2,107903,TREATMENT,2026-03-12,Y
PAY_CONFIRM_V2,103398,CONTROL,2026-03-04,Y
PAY_CONFIRM_V2,105170,TREATMENT,2026-03-30,Y
PAY_CONFIRM_V2,105275,TREATMENT,2026-03-24,Y
PAY_CONFIRM_V2,107958,CONTROL,2026-03-20,Y
PAY_CONFIRM_V2,102126,CONTROL,2026-03-29,Y
PAY_CONFIRM_V2,108969,CONTROL,2026-03-06,Y
PAY_CONFIRM_V2,102161,CONTROL,2026-03-10,Y
PAY_CONFIRM_V2,107669,TREATMENT,2026-03-28,Y
PAY_CONFIRM_V2,106067,CONTROL,2026-03-10,Y
PAY_CONFIRM_V2,106465,TREATMENT,2026-03-03,Y
PAY_CONFIRM_V2,102341,TREATMENT,2026-03-18,Y
PAY_CONFIRM_V2,108854,TREATMENT,2026-03-27,Y
PAY_CONFIRM_V2,106851,CONTROL,2026-03-03,Y
PAY_CONFIRM_V2,105457,CONTROL,2026-03-24,Y
PAY_CONFIRM_V2,100439,CONTROL,2026-03-14,Y
PAY_CONFIRM_V2,105769,TREATMENT,2026-03-01,Y
PAY_CONFIRM_V2,105529,CONTROL,2026-03-15,Y
PAY_CONFIRM_V2,108394,TREATMENT,2026-03-19,Y
PAY_CONFIRM_V2,104573,TREATMENT,2026-03-03,Y
PAY_CONFIRM_V2,109150,TREATMENT,2026-03-28,Y
PAY_CONFIRM_V2,101053,CONTROL,2026-03-13,Y
PAY_CONFIRM_V2,109359,CONTROL,2026-03-15,Y
PAY_CONFIRM_V2,108676,TREATMENT,2026-03-18,Y
PAY_CONFIRM_V2,104299,CONTROL,2026-03-08,Y
PAY_CONFIRM_V2,104469,TREATMENT,2026-03-17,Y
PAY_CONFIRM_V2,100023,CONTROL,2026-03-03,Y
PAY_CONFIRM_V2,105903,TREATMENT,2026-03-18,Y
PAY_CONFIRM_V2,102983,CONTROL,2026-03-08,Y
PAY_CONFIRM_V2,103000,CONTROL,2026-03-22,Y
PAY_CONFIRM_V2,109117,TREATMENT,2026-03-06,Y
PAY_CONFIRM_V2,106248,CONTROL,2026-03-01,Y
PAY_CONFIRM_V2,100240,CONTROL,2026-03-05,Y
PAY_CONFIRM_V2,107931,CONTROL,2026-03-08,Y
PAY_CONFIRM_V2,100091,TREATMENT,2026-03-06,Y
PAY_CONFIRM_V2,109790,CONTROL,2026-03-26,Y
PAY_CONFIRM_V2,105590,CONTROL,2026-03-19,Y
PAY_CONFIRM_V2,107351,CONTROL,2026-03-24,Y
PAY_CONFIRM_V2,102755,TREATMENT,2026-03-22,Y
PAY_CONFIRM_V2,105971,TREATMENT,2026-03-18,Y
PAY_CONFIRM_V2,105613,CONTROL,2026-03-24,Y
PAY_CONFIRM_V2,102900,TREATMENT,2026-03-15,Y
PAY_CONFIRM_V2,107228,CONTROL,2026-03-15,Y
PAY_CONFIRM_V2,108160,TREATMENT,2026-03-18,Y
PAY_CONFIRM_V2,100185,TREATMENT,2026-03-24,Y
PAY_CONFIRM_V2,104109,TREATMENT,2026-03-15,Y
PAY_CONFIRM_V2,101388,CONTROL,2026-03-13,Y
PAY_CONFIRM_V2,107447,CONTROL,2026-03-15,Y
PAY_CONFIRM_V2,101796,TREATMENT,2026-03-16,Y
PAY_CONFIRM_V2,107056,CONTROL,2026-03-30,Y
PAY_CONFIRM_V2,104298,CONTROL,2026-03-20,Y
PAY_CONFIRM_V2,105677,TREATMENT,2026-03-07,Y
PAY_CONFIRM_V2,100257,TREATMENT,2026-03-19,Y
PAY_CONFIRM_V2,105774,CONTROL,2026-03-16,Y
PAY_CONFIRM_V2,107029,TREATMENT,2026-03-18,Y
PAY_CONFIRM_V2,109996,TREATMENT,2026-03-27,Y
PAY_CONFIRM_V2,106908,TREATMENT,2026-03-19,Y
PAY_CONFIRM_V2,100562,CONTROL,2026-03-14,Y
PAY_CONFIRM_V2,108197,TREATMENT,2026-03-28,Y
PAY_CONFIRM_V2,108103,CONTROL,2026-03-13,Y
PAY_CONFIRM_V2,102968,TREATMENT,2026-03-08,Y
PAY_CONFIRM_V2,108842,CONTROL,2026-03-05,Y
PAY_CONFIRM_V2,107815,CONTROL,2026-03-17,Y
PAY_CONFIRM_V2,106790,CONTROL,2026-03-19,Y
PAY_CONFIRM_V2,103977,CONTROL,2026-03-06,Y
PAY_CONFIRM_V2,108554,TREATMENT,2026-03-07,Y
PAY_CONFIRM_V2,101439,TREATMENT,2026-03-03,Y
PAY_CONFIRM_V2,101243,CONTROL,2026-03-21,Y
PAY_CONFIRM_V2,104612,CONTROL,2026-03-23,Y
PAY_CONFIRM_V2,100874,CONTROL,2026-03-09,Y
PAY_CONFIRM_V2,103961,CONTROL,2026-03-28,Y
PAY_CONFIRM_V2,106489,CONTROL,2026-03-15,Y
PAY_CONFIRM_V2,107012,CONTROL,2026-03-13,Y
PAY_CONFIRM_V2,103828,CONTROL,2026-03-30,Y
PAY_CONFIRM_V2,103106,CONTROL,2026-03-29,Y
PAY_CONFIRM_V2,100804,TREATMENT,2026-03-27,Y
PAY_CONFIRM_V2,109531,CONTROL,2026-03-28,Y
PAY_CONFIRM_V2,109651,CONTROL,2026-03-10,Y
PAY_CONFIRM_V2,109519,CONTROL,2026-03-16,Y
PAY_CONFIRM_V2,100642,TREATMENT,2026-03-01,Y
PAY_CONFIRM_V2,103573,TREATMENT,2026-03-19,Y
PAY_CONFIRM_V2,107160,CONTROL,2026-03-21,Y
PAY_CONFIRM_V2,103358,CONTROL,2026-03-19,Y
PAY_CONFIRM_V2,102050,CONTROL,2026-03-25,Y
PAY_CONFIRM_V2,103277,TREATMENT,2026-03-12,Y
PAY_CONFIRM_V2,107275,TREATMENT,2026-03-15,Y
PAY_CONFIRM_V2,107743,TREATMENT,2026-03-29,Y
PAY_CONFIRM_V2,109294,CONTROL,2026-03-16,Y
PAY_CONFIRM_V2,100158,CONTROL,2026-03-10,Y
PAY_CONFIRM_V2,104613,CONTROL,2026-03-07,Y
PAY_CONFIRM_V2,106417,TREATMENT,2026-03-02,Y
PAY_CONFIRM_V2,107020,CONTROL,2026-03-04,Y
PAY_CONFIRM_V2,105396,TREATMENT,2026-03-21,Y
PAY_CONFIRM_V2,101348,TREATMENT,2026-03-02,Y
PAY_CONFIRM_V2,109872,TREATMENT,2026-03-20,Y
PAY_CONFIRM_V2,104123,TREATMENT,2026-03-10,Y
PAY_CONFIRM_V2,107267,TREATMENT,2026-03-19,Y
PAY_CONFIRM_V2,104966,CONTROL,2026-03-12,Y
PAY_CONFIRM_V2,102871,CONTROL,2026-03-30,Y
PAY_CONFIRM_V2,104929,TREATMENT,2026-03-08,Y
PAY_CONFIRM_V2,106444,CONTROL,2026-03-13,Y
PAY_CONFIRM_V2,107315,CONTROL,2026-03-22,Y
PAY_CONFIRM_V2,103942,TREATMENT,2026-03-08,Y
PAY_CONFIRM_V2,107412,TREATMENT,2026-03-27,Y
PAY_CONFIRM_V2,100381,CONTROL,2026-03-14,Y
PAY_CONFIRM_V2,105991,TREATMENT,2026-03-05,Y
PAY_CONFIRM_V2,104614,CONTROL,2026-03-23,Y
PAY_CONFIRM_V2,109889,TREATMENT,2026-03-27,Y
PAY_CONFIRM_V2,100808,CONTROL,2026-03-22,Y
PAY_CONFIRM_V2,104693,CONTROL,2026-03-26,Y
PAY_CONFIRM_V2,100368,CONTROL,2026-03-18,Y
PAY_CONFIRM_V2,104381,CONTROL,2026-03-21,Y
PAY_CONFIRM_V2,104920,TREATMENT,2026-03-24,Y
PAY_CONFIRM_V2,103269,TREATMENT,2026-03-05,Y
PAY_CONFIRM_V2,103046,TREATMENT,2026-03-23,Y
PAY_CONFIRM_V2,100949,CONTROL,2026-03-05,Y
PAY_CONFIRM_V2,109473,TREATMENT,2026-03-28,Y
PAY_CONFIRM_V2,103463,CONTROL,2026-03-22,Y
PAY_CONFIRM_V2,103821,TREATMENT,2026-03-19,Y
PAY_CONFIRM_V2,104068,TREATMENT,2026-03-09,Y
PAY_CONFIRM_V2,104673,CONTROL,2026-03-18,Y
PAY_CONFIRM_V2,103578,TREATMENT,2026-03-05,Y
PAY_CONFIRM_V2,108547,CONTROL,2026-03-13,Y
PAY_CONFIRM_V2,103205,CONTROL,2026-03-17,Y
PAY_CONFIRM_V2,102936,TREATMENT,2026-03-27,Y
PAY_CONFIRM_V2,108850,TREATMENT,2026-03-30,Y
PAY_CONFIRM_V2,104967,CONTROL,2026-03-25,Y
PAY_CONFIRM_V2,101610,TREATMENT,2026-03-08,Y
PAY_CONFIRM_V2,106428,TREATMENT,2026-03-14,Y
PAY_CONFIRM_V2,106866,TREATMENT,2026-03-20,Y
PAY_CONFIRM_V2,100809,TREATMENT,2026-03-16,Y
PAY_CONFIRM_V2,101870,CONTROL,2026-03-09,Y
PAY_CONFIRM_V2,106253,CONTROL,2026-03-11,Y
PAY_CONFIRM_V2,102775,TREATMENT,2026-03-09,Y
PAY_CONFIRM_V2,102909,CONTROL,2026-03-23,Y
PAY_CONFIRM_V2,104261,TREATMENT,2026-03-23,Y
PAY_CONFIRM_V2,106445,TREATMENT,2026-03-26,Y
PAY_CONFIRM_V2,103176,CONTROL,2026-03-24,Y
PAY_CONFIRM_V2,101173,TREATMENT,2026-03-30,Y
PAY_CONFIRM_V2,108236,TREATMENT,2026-03-18,Y
PAY_CONFIRM_V2,105831,CONTROL,2026-03-22,Y
PAY_CONFIRM_V2,109184,TREATMENT,2026-03-16,Y
PAY_CONFIRM_V2,109888,TREATMENT,2026-03-21,Y
PAY_CONFIRM_V2,102395,CONTROL,2026-03-10,Y
PAY_CONFIRM_V2,104712,CONTROL,2026-03-14,Y
PAY_CONFIRM_V2,109844,TREATMENT,2026-03-20,Y
PAY_CONFIRM_V2,107952,TREATMENT,2026-03-26,Y
PAY_CONFIRM_V2,100020,TREATMENT,2026-03-07,Y
PAY_CONFIRM_V2,103508,CONTROL,2026-03-02,Y
PAY_CONFIRM_V2,100356,CONTROL,2026-03-04,Y
PAY_CONFIRM_V2,100650,CONTROL,2026-03-26,Y
PAY_CONFIRM_V2,103528,TREATMENT,2026-03-17,Y
PAY_CONFIRM_V2,104001,CONTROL,2026-03-14,Y
PAY_CONFIRM_V2,103218,CONTROL,2026-03-23,Y
PAY_CONFIRM_V2,103584,CONTROL,2026-03-29,Y
PAY_CONFIRM_V2,101903,TREATMENT,2026-03-28,Y
PAY_CONFIRM_V2,103486,TREATMENT,2026-03-20,Y
PAY_CONFIRM_V2,108995,TREATMENT,2026-03-07,Y
PAY_CONFIRM_V2,102752,CONTROL,2026-03-22,Y
PAY_CONFIRM_V2,105184,CONTROL,2026-03-07,Y
PAY_CONFIRM_V2,105771,CONTROL,2026-03-08,Y
PAY_CONFIRM_V2,106519,TREATMENT,2026-03-21,Y
PAY_CONFIRM_V2,102679,CONTROL,2026-03-19,Y
PAY_CONFIRM_V2,104927,TREATMENT,2026-03-10,Y
PAY_CONFIRM_V2,107216,CONTROL,2026-03-01,Y
PAY_CONFIRM_V2,100307,TREATMENT,2026-03-15,Y
PAY_CONFIRM_V2,106345,CONTROL,2026-03-20,Y
PAY_CONFIRM_V2,106096,TREATMENT,2026-03-06,Y
PAY_CONFIRM_V2,102534,CONTROL,2026-03-05,Y
PAY_CONFIRM_V2,101171,CONTROL,2026-03-17,Y
PAY_CONFIRM_V2,107081,TREATMENT,2026-03-16,Y
PAY_CONFIRM_V2,108593,CONTROL,2026-03-18,Y
PAY_CONFIRM_V2,105028,CONTROL,2026-03-26,Y
PAY_CONFIRM_V2,109177,TREATMENT,2026-03-18,Y
PAY_CONFIRM_V2,105276,CONTROL,2026-03-20,Y
PAY_CONFIRM_V2,106557,TREATMENT,2026-03-12,Y
PAY_CONFIRM_V2,104378,TREATMENT,2026-03-24,Y
PAY_CONFIRM_V2,107345,CONTROL,2026-03-18,Y
PAY_CONFIRM_V2,109361,TREATMENT,2026-03-08,Y
PAY_CONFIRM_V2,104774,CONTROL,2026-03-21,Y
PAY_CONFIRM_V2,100779,CONTROL,2026-03-14,Y
PAY_CONFIRM_V2,106386,CONTROL,2026-03-05,Y
PAY_CONFIRM_V2,104987,TREATMENT,2026-03-03,Y
PAY_CONFIRM_V2,102374,CONTROL,2026-03-03,Y
PAY_CONFIRM_V2,102854,TREATMENT,2026-03-12,Y
PAY_CONFIRM_V2,100681,CONTROL,2026-03-17,Y
PAY_CONFIRM_V2,102452,CONTROL,2026-03-25,Y
PAY_CONFIRM_V2,101452,CONTROL,2026-03-30,Y
PAY_CONFIRM_V2,103340,CONTROL,2026-03-08,Y
PAY_CONFIRM_V2,109203,TREATMENT,2026-03-30,Y
PAY_CONFIRM_V2,104400,CONTROL,2026-03-12,Y
PAY_CONFIRM_V2,101995,TREATMENT,2026-03-17,Y
PAY_CONFIRM_V2,103780,TREATMENT,2026-03-24,Y
PAY_CONFIRM_V2,106638,CONTROL,2026-03-15,Y
PAY_CONFIRM_V2,103199,TREATMENT,2026-03-14,Y
PAY_CONFIRM_V2,100573,CONTROL,2026-03-13,Y
PAY_CONFIRM_V2,105322,TREATMENT,2026-03-29,Y
PAY_CONFIRM_V2,104894,TREATMENT,2026-03-06,Y
PAY_CONFIRM_V2,103329,CONTROL,2026-03-03,Y
PAY_CONFIRM_V2,109940,CONTROL,2026-03-12,Y
PAY_CONFIRM_V2,100898,TREATMENT,2026-03-30,Y
PAY_CONFIRM_V2,100501,CONTROL,2026-03-09,Y
PAY_CONFIRM_V2,107524,TREATMENT,2026-03-29,Y
PAY_CONFIRM_V2,108371,TREATMENT,2026-03-05,Y
PAY_CONFIRM_V2,103965,CONTROL,2026-03-10,Y
PAY_CONFIRM_V2,107207,TREATMENT,2026-03-05,Y
PAY_CONFIRM_V2,100567,CONTROL,2026-03-23,Y
PAY_CONFIRM_V2,108193,CONTROL,2026-03-03,Y
PAY_CONFIRM_V2,105622,CONTROL,2026-03-27,Y
PAY_CONFIRM_V2,100353,CONTROL,2026-03-14,Y
PAY_CONFIRM_V2,101726,TREATMENT,2026-03-12,Y
PAY_CONFIRM_V2,109650,CONTROL,2026-03-24,Y
PAY_CONFIRM_V2,103723,CONTROL,2026-03-25,Y
PAY_CONFIRM_V2,102619,TREATMENT,2026-03-02,Y
PAY_CONFIRM_V2,108245,CONTROL,2026-03-15,Y
PAY_CONFIRM_V2,105414,TREATMENT,2026-03-22,Y
PAY_CONFIRM_V2,104866,CONTROL,2026-03-21,Y
PAY_CONFIRM_V2,103700,TREATMENT,2026-03-10,Y
PAY_CONFIRM_V2,103877,CONTROL,2026-03-26,Y
PAY_CONFIRM_V2,106452,CONTROL,2026-03-29,Y
PAY_CONFIRM_V2,102622,TREATMENT,2026-03-10,Y
PAY_CONFIRM_V2,101187,TREATMENT,2026-03-26,Y
PAY_CONFIRM_V2,102111,CONTROL,2026-03-18,Y
PAY_CONFIRM_V2,101721,CONTROL,2026-03-04,Y
PAY_CONFIRM_V2,104638,CONTROL,2026-03-19,Y
PAY_CONFIRM_V2,105536,TREATMENT,2026-03-03,Y
PAY_CONFIRM_V2,109679,TREATMENT,2026-03-26,Y
PAY_CONFIRM_V2,106263,TREATMENT,2026-03-05,Y
PAY_CONFIRM_V2,102120,CONTROL,2026-03-07,Y
PAY_CONFIRM_V2,103996,TREATMENT,2026-03-24,Y
PAY_CONFIRM_V2,102515,CONTROL,2026-03-18,Y
PAY_CONFIRM_V2,109100,CONTROL,2026-03-21,Y
PAY_CONFIRM_V2,104485,TREATMENT,2026-03-06,Y
PAY_CONFIRM_V2,101677,CONTROL,2026-03-21,Y
PAY_CONFIRM_V2,105241,CONTROL,2026-03-28,Y
PAY_CONFIRM_V2,106977,TREATMENT,2026-03-21,Y
PAY_CONFIRM_V2,102885,TREATMENT,2026-03-15,Y
PAY_CONFIRM_V2,109217,TREATMENT,2026-03-26,Y
PAY_CONFIRM_V2,108861,CONTROL,2026-03-13,Y
PAY_CONFIRM_V2,101087,CONTROL,2026-03-14,Y
PAY_CONFIRM_V2,104489,TREATMENT,2026-03-09,Y
PAY_CONFIRM_V2,101523,CONTROL,2026-03-16,Y
PAY_CONFIRM_V2,101872,TREATMENT,2026-03-07,Y
PAY_CONFIRM_V2,104247,CONTROL,2026-03-22,Y
PAY_CONFIRM_V2,104404,TREATMENT,2026-03-16,Y
PAY_CONFIRM_V2,108497,TREATMENT,2026-03-18,Y
PAY_CONFIRM_V2,103980,TREATMENT,2026-03-08,Y
PAY_CONFIRM_V2,109786,CONTROL,2026-03-01,Y
PAY_CONFIRM_V2,102107,CONTROL,2026-03-19,Y
PAY_CONFIRM_V2,105030,CONTROL,2026-03-14,Y
PAY_CONFIRM_V2,103711,CONTROL,2026-03-28,Y
PAY_CONFIRM_V2,102722,TREATMENT,2026-03-05,Y
PAY_CONFIRM_V2,108084,TREATMENT,2026-03-01,Y
PAY_CONFIRM_V2,107696,CONTROL,2026-03-13,Y
PAY_CONFIRM_V2,106538,TREATMENT,2026-03-02,Y
PAY_CONFIRM_V2,102650,TREATMENT,2026-03-14,Y
PAY_CONFIRM_V2,108793,TREATMENT,2026-03-24,Y
PAY_CONFIRM_V2,105692,TREATMENT,2026-03-04,Y
PAY_CONFIRM_V2,102704,TREATMENT,2026-03-04,Y
PAY_CONFIRM_V2,109033,CONTROL,2026-03-29,Y
PAY_CONFIRM_V2,107738,CONTROL,2026-03-19,Y
PAY_CONFIRM_V2,109092,TREATMENT,2026-03-14,Y
PAY_CONFIRM_V2,100402,CONTROL,2026-03-23,Y
PAY_CONFIRM_V2,103850,CONTROL,2026-03-21,Y
PAY_CONFIRM_V2,109948,TREATMENT,2026-03-02,Y
PAY_CONFIRM_V2,102314,TREATMENT,2026-03-23,Y
PAY_CONFIRM_V2,105763,CONTROL,2026-03-17,Y
PAY_CONFIRM_V2,104387,TREATMENT,2026-03-28,Y
PAY_CONFIRM_V2,101969,CONTROL,2026-03-13,Y
PAY_CONFIRM_V2,100149,CONTROL,2026-03-06,Y
PAY_CONFIRM_V2,101215,TREATMENT,2026-03-20,Y
PAY_CONFIRM_V2,103361,TREATMENT,2026-03-28,Y
PAY_CONFIRM_V2,100164,TREATMENT,2026-03-29,Y
PAY_CONFIRM_V2,106080,CONTROL,2026-03-04,Y
PAY_CONFIRM_V2,108076,CONTROL,2026-03-12,Y
PAY_CONFIRM_V2,102794,TREATMENT,2026-03-21,Y
PAY_CONFIRM_V2,108978,CONTROL,2026-03-17,Y
PAY_CONFIRM_V2,107856,CONTROL,2026-03-22,Y
PAY_CONFIRM_V2,109855,TREATMENT,2026-03-10,Y
PAY_CONFIRM_V2,102589,TREATMENT,2026-03-14,Y
PAY_CONFIRM_V2,102847,CONTROL,2026-03-07,Y
PAY_CONFIRM_V2,102046,TREATMENT,2026-03-16,Y
PAY_CONFIRM_V2,109969,TREATMENT,2026-03-08,Y
PAY_CONFIRM_V2,104478,CONTROL,2026-03-16,Y
PAY_CONFIRM_V2,100571,TREATMENT,2026-03-20,Y
PAY_CONFIRM_V2,103043,CONTROL,2026-03-25,Y
PAY_CONFIRM_V2,100223,TREATMENT,2026-03-05,Y
PAY_CONFIRM_V2,105011,CONTROL,2026-03-06,Y
PAY_CONFIRM_V2,101538,TREATMENT,2026-03-24,Y
PAY_CONFIRM_V2,100576,CONTROL,2026-03-06,Y
PAY_CONFIRM_V2,109048,CONTROL,2026-03-16,Y
PAY_CONFIRM_V2,105023,CONTROL,2026-03-16,Y
PAY_CONFIRM_V2,106462,CONTROL,2026-03-11,Y
PAY_CONFIRM_V2,109783,CONTROL,2026-03-27,Y
PAY_CONFIRM_V2,109590,TREATMENT,2026-03-03,Y
PAY_CONFIRM_V2,109137,CONTROL,2026-03-15,Y
PAY_CONFIRM_V2,104707,TREATMENT,2026-03-13,Y
PAY_CONFIRM_V2,106496,TREATMENT,2026-03-27,Y
PAY_CONFIRM_V2,102246,TREATMENT,2026-03-02,Y
PAY_CONFIRM_V2,104403,CONTROL,2026-03-29,Y
PAY_CONFIRM_V2,108132,CONTROL,2026-03-02,Y
PAY_CONFIRM_V2,102379,TREATMENT,2026-03-14,Y
PAY_CONFIRM_V2,106042,TREATMENT,2026-03-23,Y
PAY_CONFIRM_V2,109340,CONTROL,2026-03-29,Y
PAY_CONFIRM_V2,109201,CONTROL,2026-03-05,Y
PAY_CONFIRM_V2,101060,TREATMENT,2026-03-14,Y
PAY_CONFIRM_V2,105973,CONTROL,2026-03-24,Y
PAY_CONFIRM_V2,109714,CONTROL,2026-03-24,Y
PAY_CONFIRM_V2,101908,CONTROL,2026-03-05,Y
PAY_CONFIRM_V2,107534,TREATMENT,2026-03-23,Y
PAY_CONFIRM_V2,105848,TREATMENT,2026-03-08,Y
PAY_CONFIRM_V2,105970,CONTROL,2026-03-09,Y
PAY_CONFIRM_V2,106858,TREATMENT,2026-03-23,Y
PAY_CONFIRM_V2,107845,TREATMENT,2026-03-06,Y
PAY_CONFIRM_V2,105584,TREATMENT,2026-03-13,Y
PAY_CONFIRM_V2,103381,TREATMENT,2026-03-04,Y
PAY_CONFIRM_V2,103707,CONTROL,2026-03-07,Y
PAY_CONFIRM_V2,107401,CONTROL,2026-03-13,Y
PAY_CONFIRM_V2,103708,CONTROL,2026-03-30,Y
PAY_CONFIRM_V2,101319,TREATMENT,2026-03-05,Y
PAY_CONFIRM_V2,109291,CONTROL,2026-03-26,Y
PAY_CONFIRM_V2,100703,TREATMENT,2026-03-28,Y
PAY_CONFIRM_V2,102965,TREATMENT,2026-03-17,Y
PAY_CONFIRM_V2,106529,TREATMENT,2026-03-21,Y
PAY_CONFIRM_V2,108991,TREATMENT,2026-03-11,Y
PAY_CONFIRM_V2,105618,TREATMENT,2026-03-18,Y
PAY_CONFIRM_V2,101693,CONTROL,2026-03-30,Y
PAY_CONFIRM_V2,100647,CONTROL,2026-03-09,Y
PAY_CONFIRM_V2,102604,CONTROL,2026-03-05,Y
PAY_CONFIRM_V2,100364,CONTROL,2026-03-23,Y
PAY_CONFIRM_V2,102877,TREATMENT,2026-03-15,Y
PAY_CONFIRM_V2,109490,TREATMENT,2026-03-14,Y
PAY_CONFIRM_V2,105951,TREATMENT,2026-03-17,Y
PAY_CONFIRM_V2,101235,CONTROL,2026-03-18,Y
PAY_CONFIRM_V2,104710,CONTROL,2026-03-22,Y
PAY_CONFIRM_V2,106196,CONTROL,2026-03-13,Y
PAY_CONFIRM_V2,107459,TREATMENT,2026-03-23,Y
PAY_CONFIRM_V2,101432,CONTROL,2026-03-30,Y
PAY_CONFIRM_V2,104077,TREATMENT,2026-03-23,Y
PAY_CONFIRM_V2,108247,CONTROL,2026-03-04,Y
PAY_CONFIRM_V2,109416,TREATMENT,2026-03-23,Y
PAY_CONFIRM_V2,102010,TREATMENT,2026-03-07,Y
PAY_CONFIRM_V2,103826,TREATMENT,2026-03-14,Y
PAY_CONFIRM_V2,104075,TREATMENT,2026-03-19,Y
PAY_CONFIRM_V2,100939,TREATMENT,2026-03-09,Y
PAY_CONFIRM_V2,105779,CONTROL,2026-03-20,Y
PAY_CONFIRM_V2,108577,CONTROL,2026-03-21,Y
PAY_CONFIRM_V2,106912,TREATMENT,2026-03-02,Y
PAY_CONFIRM_V2,104601,CONTROL,2026-03-27,Y
PAY_CONFIRM_V2,109894,CONTROL,2026-03-23,Y
PAY_CONFIRM_V2,106037,TREATMENT,2026-03-04,Y
PAY_CONFIRM_V2,101015,TREATMENT,2026-03-14,Y
PAY_CONFIRM_V2,102478,TREATMENT,2026-03-09,Y
PAY_CONFIRM_V2,108152,CONTROL,2026-03-07,Y
PAY_CONFIRM_V2,103587,TREATMENT,2026-03-30,Y
PAY_CONFIRM_V2,109686,CONTROL,2026-03-03,Y
PAY_CONFIRM_V2,109536,TREATMENT,2026-03-11,Y
PAY_CONFIRM_V2,104447,CONTROL,2026-03-27,Y
PAY_CONFIRM_V2,106023,TREATMENT,2026-03-09,Y
PAY_CONFIRM_V2,102957,CONTROL,2026-03-03,Y
PAY_CONFIRM_V2,103729,TREATMENT,2026-03-13,Y
PAY_CONFIRM_V2,102683,TREATMENT,2026-03-14,Y
PAY_CONFIRM_V2,104129,CONTROL,2026-03-24,Y
PAY_CONFIRM_V2,100911,CONTROL,2026-03-18,Y
PAY_CONFIRM_V2,106804,CONTROL,2026-03-08,Y
PAY_CONFIRM_V2,100588,CONTROL,2026-03-16,Y
PAY_CONFIRM_V2,105476,CONTROL,2026-03-11,Y
PAY_CONFIRM_V2,104861,CONTROL,2026-03-30,Y
PAY_CONFIRM_V2,106931,CONTROL,2026-03-24,Y
PAY_CONFIRM_V2,103444,TREATMENT,2026-03-16,Y
PAY_CONFIRM_V2,102832,CONTROL,2026-03-18,Y
PAY_CONFIRM_V2,103968,CONTROL,2026-03-16,Y
PAY_CONFIRM_V2,109813,CONTROL,2026-03-02,Y
PAY_CONFIRM_V2,101468,CONTROL,2026-03-06,Y
PAY_CONFIRM_V2,108238,CONTROL,2026-03-11,Y
PAY_CONFIRM_V2,100012,TREATMENT,2026-03-14,Y
PAY_CONFIRM_V2,105506,CONTROL,2026-03-26,Y
PAY_CONFIRM_V2,104481,CONTROL,2026-03-27,Y
PAY_CONFIRM_V2,100035,TREATMENT,2026-03-02,Y
PAY_CONFIRM_V2,108705,CONTROL,2026-03-11,Y
PAY_CONFIRM_V2,109407,CONTROL,2026-03-28,Y
PAY_CONFIRM_V2,107247,TREATMENT,2026-03-24,Y
PAY_CONFIRM_V2,107994,CONTROL,2026-03-25,Y
PAY_CONFIRM_V2,104644,TREATMENT,2026-03-13,Y
PAY_CONFIRM_V2,105329,TREATMENT,2026-03-05,Y
PAY_CONFIRM_V2,107198,CONTROL,2026-03-26,Y
PAY_CONFIRM_V2,103962,CONTROL,2026-03-19,Y
PAY_CONFIRM_V2,104436,TREATMENT,2026-03-30,Y
PAY_CONFIRM_V2,107779,CONTROL,2026-03-10,Y
PAY_CONFIRM_V2,105766,CONTROL,2026-03-24,Y
PAY_CONFIRM_V2,107544,CONTROL,2026-03-07,Y
PAY_CONFIRM_V2,108697,CONTROL,2026-03-14,Y
PAY_CONFIRM_V2,109259,TREATMENT,2026-03-28,Y
PAY_CONFIRM_V2,109568,CONTROL,2026-03-13,Y
PAY_CONFIRM_V2,108128,CONTROL,2026-03-25,Y
PAY_CONFIRM_V2,100657,TREATMENT,2026-03-18,Y
PAY_CONFIRM_V2,106498,TREATMENT,2026-03-15,Y
PAY_CONFIRM_V2,103505,CONTROL,2026-03-14,Y
PAY_CONFIRM_V2,101332,CONTROL,2026-03-22,Y
PAY_CONFIRM_V2,108297,CONTROL,2026-03-23,Y
PAY_CONFIRM_V2,104757,TREATMENT,2026-03-04,Y
PAY_CONFIRM_V2,106993,TREATMENT,2026-03-01,Y
PAY_CONFIRM_V2,102994,CONTROL,2026-03-12,Y
PAY_CONFIRM_V2,101455,CONTROL,2026-03-21,Y
PAY_CONFIRM_V2,100137,TREATMENT,2026-03-16,Y
PAY_CONFIRM_V2,104432,TREATMENT,2026-03-04,Y
PAY_CONFIRM_V2,106577,CONTROL,2026-03-26,Y
PAY_CONFIRM_V2,103640,TREATMENT,2026-03-09,Y
PAY_CONFIRM_V2,107438,TREATMENT,2026-03-18,Y
PAY_CONFIRM_V2,107066,CONTROL,2026-03-27,Y
PAY_CONFIRM_V2,108372,CONTROL,2026-03-15,Y
PAY_CONFIRM_V2,103323,TREATMENT,2026-03-24,Y
PAY_CONFIRM_V2,102574,CONTROL,2026-03-14,Y
PAY_CONFIRM_V2,101606,CONTROL,2026-03-09,Y
PAY_CONFIRM_V2,107907,TREATMENT,2026-03-14,Y
PAY_CONFIRM_V2,107673,TREATMENT,2026-03-02,Y
PAY_CONFIRM_V2,105670,TREATMENT,2026-03-28,Y
PAY_CONFIRM_V2,108319,CONTROL,2026-03-03,Y
PAY_CONFIRM_V2,102711,CONTROL,2026-03-06,Y
PAY_CONFIRM_V2,103464,TREATMENT,2026-03-18,Y
PAY_CONFIRM_V2,102438,TREATMENT,2026-03-19,Y
PAY_CONFIRM_V2,107098,TREATMENT,2026-03-14,Y
PAY_CONFIRM_V2,104700,CONTROL,2026-03-12,Y
PAY_CONFIRM_V2,106315,CONTROL,2026-03-03,Y
PAY_CONFIRM_V2,106101,TREATMENT,2026-03-06,Y
PAY_CONFIRM_V2,107325,TREATMENT,2026-03-15,Y
PAY_CONFIRM_V2,109639,TREATMENT,2026-03-27,Y
PAY_CONFIRM_V2,101930,CONTROL,2026-03-21,Y
PAY_CONFIRM_V2,103246,TREATMENT,2026-03-21,Y
PAY_CONFIRM_V2,101556,CONTROL,2026-03-26,Y
PAY_CONFIRM_V2,100510,CONTROL,2026-03-26,Y
PAY_CONFIRM_V2,106203,TREATMENT,2026-03-28,Y
PAY_CONFIRM_V2,105582,CONTROL,2026-03-21,Y
PAY_CONFIRM_V2,108230,CONTROL,2026-03-02,Y
PAY_CONFIRM_V2,103752,CONTROL,2026-03-22,Y
PAY_CONFIRM_V2,104451,CONTROL,2026-03-30,Y
PAY_CONFIRM_V2,107123,TREATMENT,2026-03-02,Y
PAY_CONFIRM_V2,101268,TREATMENT,2026-03-24,Y
PAY_CONFIRM_V2,107337,TREATMENT,2026-03-18,Y
PAY_CONFIRM_V2,109386,TREATMENT,2026-03-03,Y
PAY_CONFIRM_V2,104394,TREATMENT,2026-03-02,Y
PAY_CONFIRM_V2,101333,CONTROL,2026-03-23,Y
PAY_CONFIRM_V2,102298,CONTROL,2026-03-10,Y
PAY_CONFIRM_V2,107355,TREATMENT,2026-03-03,Y
PAY_CONFIRM_V2,102779,TREATMENT,2026-03-20,Y
PAY_CONFIRM_V2,103497,CONTROL,2026-03-03,Y
PAY_CONFIRM_V2,104660,CONTROL,2026-03-20,Y
PAY_CONFIRM_V2,103382,TREATMENT,2026-03-05,Y
PAY_CONFIRM_V2,103922,CONTROL,2026-03-11,Y
PAY_CONFIRM_V2,106955,CONTROL,2026-03-06,Y
PAY_CONFIRM_V2,100438,CONTROL,2026-03-17,Y
PAY_CONFIRM_V2,103784,TREATMENT,2026-03-12,Y
PAY_CONFIRM_V2,106497,CONTROL,2026-03-29,Y
PAY_CONFIRM_V2,108376,CONTROL,2026-03-10,Y
PAY_CONFIRM_V2,104701,TREATMENT,2026-03-02,Y
PAY_CONFIRM_V2,109322,TREATMENT,2026-03-04,Y
PAY_CONFIRM_V2,100269,CONTROL,2026-03-05,Y
PAY_CONFIRM_V2,109997,TREATMENT,2026-03-26,Y
PAY_CONFIRM_V2,108565,TREATMENT,2026-03-17,Y
PAY_CONFIRM_V2,101226,CONTROL,2026-03-30,Y
PAY_CONFIRM_V2,103154,CONTROL,2026-03-11,Y
PAY_CONFIRM_V2,102844,TREATMENT,2026-03-01,Y
PAY_CONFIRM_V2,103970,CONTROL,2026-03-12,Y
PAY_CONFIRM_V2,104636,CONTROL,2026-03-01,Y
PAY_CONFIRM_V2,108035,TREATMENT,2026-03-29,Y
PAY_CONFIRM_V2,105195,TREATMENT,2026-03-26,Y
PAY_CONFIRM_V2,103682,TREATMENT,2026-03-18,Y
PAY_CONFIRM_V2,102315,CONTROL,2026-03-18,Y
PAY_CONFIRM_V2,106925,CONTROL,2026-03-26,Y
PAY_CONFIRM_V2,108872,TREATMENT,2026-03-27,Y
PAY_CONFIRM_V2,102176,TREATMENT,2026-03-16,Y
PAY_CONFIRM_V2,101077,TREATMENT,2026-03-09,Y
PAY_CONFIRM_V2,108500,TREATMENT,2026-03-24,Y
PAY_CONFIRM_V2,106256,CONTROL,2026-03-29,Y
PAY_CONFIRM_V2,100892,CONTROL,2026-03-28,Y
PAY_CONFIRM_V2,103525,TREATMENT,2026-03-06,Y
PAY_CONFIRM_V2,107591,CONTROL,2026-03-22,Y
PAY_CONFIRM_V2,105977,CONTROL,2026-03-07,Y
PAY_CONFIRM_V2,106523,CONTROL,2026-03-08,Y
PAY_CONFIRM_V2,106532,TREATMENT,2026-03-03,Y
PAY_CONFIRM_V2,100897,TREATMENT,2026-03-04,Y
PAY_CONFIRM_V2,104047,TREATMENT,2026-03-18,Y
PAY_CONFIRM_V2,108729,CONTROL,2026-03-20,Y
PAY_CONFIRM_V2,101073,CONTROL,2026-03-26,Y
PAY_CONFIRM_V2,100792,CONTROL,2026-03-26,Y
PAY_CONFIRM_V2,105061,TREATMENT,2026-03-21,Y
PAY_CONFIRM_V2,106495,TREATMENT,2026-03-05,Y
PAY_CONFIRM_V2,102950,TREATMENT,2026-03-15,Y
PAY_CONFIRM_V2,108038,TREATMENT,2026-03-12,Y
PAY_CONFIRM_V2,106952,CONTROL,2026-03-26,Y
PAY_CONFIRM_V2,109891,CONTROL,2026-03-17,Y
PAY_CONFIRM_V2,103318,CONTROL,2026-03-05,Y
PAY_CONFIRM_V2,105963,CONTROL,2026-03-08,Y
PAY_CONFIRM_V2,100655,TREATMENT,2026-03-15,Y
PAY_CONFIRM_V2,107429,TREATMENT,2026-03-06,Y
PAY_CONFIRM_V2,107636,TREATMENT,2026-03-12,Y
PAY_CONFIRM_V2,105084,TREATMENT,2026-03-15,Y
PAY_CONFIRM_V2,104968,TREATMENT,2026-03-18,Y
PAY_CONFIRM_V2,106421,TREATMENT,2026-03-30,Y
PAY_CONFIRM_V2,109076,TREATMENT,2026-03-19,Y
PAY_CONFIRM_V2,106663,CONTROL,2026-03-01,Y
PAY_CONFIRM_V2,109272,CONTROL,2026-03-01,Y
PAY_CONFIRM_V2,106653,CONTROL,2026-03-09,Y
PAY_CONFIRM_V2,100092,TREATMENT,2026-03-10,Y
PAY_CONFIRM_V2,101973,CONTROL,2026-03-19,Y
PAY_CONFIRM_V2,101124,TREATMENT,2026-03-22,Y
PAY_CONFIRM_V2,108683,CONTROL,2026-03-13,Y
PAY_CONFIRM_V2,102333,CONTROL,2026-03-13,Y
PAY_CONFIRM_V2,106313,TREATMENT,2026-03-05,Y
PAY_CONFIRM_V2,102795,TREATMENT,2026-03-14,Y
PAY_CONFIRM_V2,103467,CONTROL,2026-03-01,Y
PAY_CONFIRM_V2,106770,TREATMENT,2026-03-21,Y
PAY_CONFIRM_V2,107596,TREATMENT,2026-03-18,Y
PAY_CONFIRM_V2,104768,CONTROL,2026-03-11,Y
PAY_CONFIRM_V2,107568,TREATMENT,2026-03-29,Y
PAY_CONFIRM_V2,100753,CONTROL,2026-03-23,Y
PAY_CONFIRM_V2,107970,CONTROL,2026-03-10,Y
PAY_CONFIRM_V2,103676,TREATMENT,2026-03-04,Y
PAY_CONFIRM_V2,107752,CONTROL,2026-03-15,Y
PAY_CONFIRM_V2,107528,CONTROL,2026-03-01,Y
PAY_CONFIRM_V2,102724,TREATMENT,2026-03-19,Y
PAY_CONFIRM_V2,102495,CONTROL,2026-03-14,Y
PAY_CONFIRM_V2,108877,TREATMENT,2026-03-14,Y
PAY_CONFIRM_V2,102268,CONTROL,2026-03-10,Y
PAY_CONFIRM_V2,104209,CONTROL,2026-03-24,Y
PAY_CONFIRM_V2,102896,TREATMENT,2026-03-26,Y
PAY_CONFIRM_V2,102940,TREATMENT,2026-03-11,Y
PAY_CONFIRM_V2,106359,CONTROL,2026-03-13,Y
PAY_CONFIRM_V2,104994,TREATMENT,2026-03-09,Y
PAY_CONFIRM_V2,101299,TREATMENT,2026-03-02,Y
PAY_CONFIRM_V2,107754,CONTROL,2026-03-16,Y
PAY_CONFIRM_V2,102435,TREATMENT,2026-03-18,Y
PAY_CONFIRM_V2,103947,TREATMENT,2026-03-20,Y
PAY_CONFIRM_V2,105889,TREATMENT,2026-03-22,Y
PAY_CONFIRM_V2,107424,TREATMENT,2026-03-01,Y
PAY_CONFIRM_V2,103649,CONTROL,2026-03-04,Y
PAY_CONFIRM_V2,107715,CONTROL,2026-03-21,Y
PAY_CONFIRM_V2,102953,CONTROL,2026-03-09,Y
PAY_CONFIRM_V2,103618,CONTROL,2026-03-17,Y
PAY_CONFIRM_V2,102492,CONTROL,2026-03-06,Y
PAY_CONFIRM_V2,107995,CONTROL,2026-03-05,Y
PAY_CONFIRM_V2,102598,CONTROL,2026-03-27,Y
PAY_CONFIRM_V2,107377,TREATMENT,2026-03-03,Y
PAY_CONFIRM_V2,104206,TREATMENT,2026-03-08,Y
PAY_CONFIRM_V2,103213,TREATMENT,2026-03-14,Y
PAY_CONFIRM_V2,109121,TREATMENT,2026-03-12,Y
PAY_CONFIRM_V2,106450,TREATMENT,2026-03-16,Y
PAY_CONFIRM_V2,101336,CONTROL,2026-03-13,Y
PAY_CONFIRM_V2,108955,TREATMENT,2026-03-30,Y
PAY_CONFIRM_V2,105878,CONTROL,2026-03-13,Y
PAY_CONFIRM_V2,108333,CONTROL,2026-03-07,Y
PAY_CONFIRM_V2,105332,CONTROL,2026-03-04,Y
PAY_CONFIRM_V2,105016,CONTROL,2026-03-15,Y
PAY_CONFIRM_V2,108968,TREATMENT,2026-03-03,Y
PAY_CONFIRM_V2,100085,TREATMENT,2026-03-24,Y
PAY_CONFIRM_V2,109423,CONTROL,2026-03-13,Y
PAY_CONFIRM_V2,100394,TREATMENT,2026-03-26,Y
PAY_CONFIRM_V2,108092,CONTROL,2026-03-07,Y
PAY_CONFIRM_V2,103725,CONTROL,2026-03-15,Y
PAY_CONFIRM_V2,105524,TREATMENT,2026-03-27,Y
PAY_CONFIRM_V2,106166,TREATMENT,2026-03-27,Y
PAY_CONFIRM_V2,104736,CONTROL,2026-03-05,Y
PAY_CONFIRM_V2,105245,TREATMENT,2026-03-15,Y
PAY_CONFIRM_V2,101441,TREATMENT,2026-03-25,Y
PAY_CONFIRM_V2,109013,CONTROL,2026-03-08,Y
PAY_CONFIRM_V2,102204,CONTROL,2026-03-08,Y
PAY_CONFIRM_V2,106593,CONTROL,2026-03-13,Y
PAY_CONFIRM_V2,104628,TREATMENT,2026-03-23,Y
PAY_CONFIRM_V2,100822,CONTROL,2026-03-20,Y
PAY_CONFIRM_V2,109666,CONTROL,2026-03-13,Y
PAY_CONFIRM_V2,109132,TREATMENT,2026-03-13,Y
PAY_CONFIRM_V2,106276,CONTROL,2026-03-28,Y
PAY_CONFIRM_V2,108514,CONTROL,2026-03-03,Y
PAY_CONFIRM_V2,103731,TREATMENT,2026-03-16,Y
PAY_CONFIRM_V2,108097,CONTROL,2026-03-15,Y
PAY_CONFIRM_V2,100694,TREATMENT,2026-03-25,Y
PAY_CONFIRM_V2,102930,TREATMENT,2026-03-10,Y
PAY_CONFIRM_V2,103118,TREATMENT,2026-03-26,Y
PAY_CONFIRM_V2,100907,TREATMENT,2026-03-10,Y
PAY_CONFIRM_V2,108607,CONTROL,2026-03-11,Y
PAY_CONFIRM_V2,103979,CONTROL,2026-03-09,Y
PAY_CONFIRM_V2,108741,CONTROL,2026-03-04,Y
PAY_CONFIRM_V2,103539,TREATMENT,2026-03-27,Y
PAY_CONFIRM_V2,101750,CONTROL,2026-03-13,Y
PAY_CONFIRM_V2,103616,TREATMENT,2026-03-15,Y
PAY_CONFIRM_V2,105797,TREATMENT,2026-03-05,Y
PAY_CONFIRM_V2,101425,CONTROL,2026-03-08,Y
PAY_CONFIRM_V2,109348,CONTROL,2026-03-27,Y
PAY_CONFIRM_V2,100993,CONTROL,2026-03-04,Y
PAY_CONFIRM_V2,101125,TREATMENT,2026-03-16,Y
PAY_CONFIRM_V2,106472,TREATMENT,2026-03-18,Y
PAY_CONFIRM_V2,108133,TREATMENT,2026-03-29,Y
PAY_CONFIRM_V2,108816,TREATMENT,2026-03-29,Y
PAY_CONFIRM_V2,108349,CONTROL,2026-03-18,Y
PAY_CONFIRM_V2,102271,TREATMENT,2026-03-21,Y
PAY_CONFIRM_V2,102411,TREATMENT,2026-03-04,Y
PAY_CONFIRM_V2,104643,TREATMENT,2026-03-18,Y
PAY_CONFIRM_V2,103612,TREATMENT,2026-03-22,Y
PAY_CONFIRM_V2,107684,CONTROL,2026-03-02,Y
PAY_CONFIRM_V2,106227,CONTROL,2026-03-19,Y
PAY_CONFIRM_V2,105780,TREATMENT,2026-03-20,Y
PAY_CONFIRM_V2,100093,CONTROL,2026-03-08,Y
PAY_CONFIRM_V2,109096,TREATMENT,2026-03-30,Y
PAY_CONFIRM_V2,108071,TREATMENT,2026-03-20,Y
PAY_CONFIRM_V2,109726,CONTROL,2026-03-10,Y
PAY_CONFIRM_V2,109660,CONTROL,2026-03-01,Y
PAY_CONFIRM_V2,104280,CONTROL,2026-03-26,Y
PAY_CONFIRM_V2,108580,TREATMENT,2026-03-26,Y
PAY_CONFIRM_V2,105372,TREATMENT,2026-03-13,Y
PAY_CONFIRM_V2,100798,CONTROL,2026-03-27,Y
PAY_CONFIRM_V2,107052,CONTROL,2026-03-30,Y
PAY_CONFIRM_V2,103810,TREATMENT,2026-03-30,Y
PAY_CONFIRM_V2,105013,TREATMENT,2026-03-29,Y
PAY_CONFIRM_V2,108204,TREATMENT,2026-03-02,Y
PAY_CONFIRM_V2,105540,CONTROL,2026-03-24,Y
PAY_CONFIRM_V2,102818,TREATMENT,2026-03-18,Y
PAY_CONFIRM_V2,102072,TREATMENT,2026-03-07,Y
PAY_CONFIRM_V2,104938,CONTROL,2026-03-30,Y
PAY_CONFIRM_V2,105674,CONTROL,2026-03-19,Y
PAY_CONFIRM_V2,101906,TREATMENT,2026-03-15,Y
PAY_CONFIRM_V2,104828,CONTROL,2026-03-08,Y
PAY_CONFIRM_V2,106617,CONTROL,2026-03-13,Y
PAY_CONFIRM_V2,108525,TREATMENT,2026-03-07,Y
PAY_CONFIRM_V2,100511,CONTROL,2026-03-03,Y
PAY_CONFIRM_V2,109056,TREATMENT,2026-03-15,Y
PAY_CONFIRM_V2,104540,TREATMENT,2026-03-03,Y
PAY_CONFIRM_V2,101076,CONTROL,2026-03-02,Y
PAY_CONFIRM_V2,107232,CONTROL,2026-03-07,Y
PAY_CONFIRM_V2,109095,CONTROL,2026-03-27,Y
PAY_CONFIRM_V2,100618,TREATMENT,2026-03-24,Y
PAY_CONFIRM_V2,102798,CONTROL,2026-03-11,Y
PAY_CONFIRM_V2,103576,TREATMENT,2026-03-16,Y
PAY_CONFIRM_V2,108773,TREATMENT,2026-03-16,Y
PAY_CONFIRM_V2,101945,TREATMENT,2026-03-07,Y
PAY_CONFIRM_V2,103171,TREATMENT,2026-03-12,Y
PAY_CONFIRM_V2,108135,TREATMENT,2026-03-03,Y
PAY_CONFIRM_V2,106230,CONTROL,2026-03-29,Y
PAY_CONFIRM_V2,106135,TREATMENT,2026-03-18,Y
PAY_CONFIRM_V2,108136,TREATMENT,2026-03-11,Y
PAY_CONFIRM_V2,100025,TREATMENT,2026-03-13,Y
PAY_CONFIRM_V2,104343,TREATMENT,2026-03-10,Y
PAY_CONFIRM_V2,102357,CONTROL,2026-03-27,Y
PAY_CONFIRM_V2,106442,CONTROL,2026-03-13,Y
PAY_CONFIRM_V2,103534,CONTROL,2026-03-24,Y
PAY_CONFIRM_V2,104426,TREATMENT,2026-03-11,Y
PAY_CONFIRM_V2,103271,CONTROL,2026-03-07,Y
PAY_CONFIRM_V2,107046,CONTROL,2026-03-20,Y
PAY_CONFIRM_V2,107775,TREATMENT,2026-03-20,Y
PAY_CONFIRM_V2,109242,TREATMENT,2026-03-17,Y
PAY_CONFIRM_V2,102904,TREATMENT,2026-03-18,Y
PAY_CONFIRM_V2,103072,CONTROL,2026-03-12,Y
PAY_CONFIRM_V2,108182,TREATMENT,2026-03-11,Y
PAY_CONFIRM_V2,103166,CONTROL,2026-03-30,Y
PAY_CONFIRM_V2,101449,TREATMENT,2026-03-09,Y
PAY_CONFIRM_V2,105463,CONTROL,2026-03-23,Y
PAY_CONFIRM_V2,104781,TREATMENT,2026-03-14,Y
PAY_CONFIRM_V2,100744,TREATMENT,2026-03-15,Y
PAY_CONFIRM_V2,101143,CONTROL,2026-03-30,Y
PAY_CONFIRM_V2,109437,TREATMENT,2026-03-26,Y
PAY_CONFIRM_V2,106508,TREATMENT,2026-03-25,Y
PAY_CONFIRM_V2,105626,CONTROL,2026-03-02,Y
PAY_CONFIRM_V2,107690,TREATMENT,2026-03-23,Y
PAY_CONFIRM_V2,104376,TREATMENT,2026-03-09,Y
PAY_CONFIRM_V2,106056,CONTROL,2026-03-28,Y
PAY_CONFIRM_V2,108868,CONTROL,2026-03-27,Y
PAY_CONFIRM_V2,106326,TREATMENT,2026-03-06,Y
PAY_CONFIRM_V2,104696,TREATMENT,2026-03-11,Y
PAY_CONFIRM_V2,104522,TREATMENT,2026-03-13,Y
PAY_CONFIRM_V2,109384,TREATMENT,2026-03-24,Y
PAY_CONFIRM_V2,109845,CONTROL,2026-03-04,Y
PAY_CONFIRM_V2,107490,TREATMENT,2026-03-05,Y
PAY_CONFIRM_V2,108159,CONTROL,2026-03-16,Y
PAY_CONFIRM_V2,109119,TREATMENT,2026-03-18,Y
PAY_CONFIRM_V2,109710,CONTROL,2026-03-29,Y
PAY_CONFIRM_V2,107274,TREATMENT,2026-03-18,Y
PAY_CONFIRM_V2,105242,CONTROL,2026-03-28,Y
PAY_CONFIRM_V2,109334,TREATMENT,2026-03-25,Y
PAY_CONFIRM_V2,100735,TREATMENT,2026-03-16,Y
PAY_CONFIRM_V2,103553,CONTROL,2026-03-26,Y
PAY_CONFIRM_V2,103412,CONTROL,2026-03-30,Y
PAY_CONFIRM_V2,107000,TREATMENT,2026-03-09,Y
PAY_CONFIRM_V2,107194,TREATMENT,2026-03-25,Y
PAY_CONFIRM_V2,106134,TREATMENT,2026-03-16,Y
PAY_CONFIRM_V2,105716,TREATMENT,2026-03-07,Y
PAY_CONFIRM_V2,103074,TREATMENT,2026-03-12,Y
PAY_CONFIRM_V2,105029,CONTROL,2026-03-12,Y
PAY_CONFIRM_V2,105624,CONTROL,2026-03-25,Y
PAY_CONFIRM_V2,100662,TREATMENT,2026-03-03,Y
PAY_CONFIRM_V2,100247,CONTROL,2026-03-20,Y
PAY_CONFIRM_V2,103874,TREATMENT,2026-03-23,Y
PAY_CONFIRM_V2,104466,CONTROL,2026-03-21,Y
PAY_CONFIRM_V2,101026,CONTROL,2026-03-24,Y
PAY_CONFIRM_V2,108410,TREATMENT,2026-03-12,Y
PAY_CONFIRM_V2,100031,TREATMENT,2026-03-24,Y
PAY_CONFIRM_V2,104783,CONTROL,2026-03-26,Y
PAY_CONFIRM_V2,105880,TREATMENT,2026-03-28,Y
PAY_CONFIRM_V2,109035,TREATMENT,2026-03-11,Y
PAY_CONFIRM_V2,107539,CONTROL,2026-03-06,Y
PAY_CONFIRM_V2,108457,CONTROL,2026-03-15,Y
PAY_CONFIRM_V2,107167,TREATMENT,2026-03-03,Y
PAY_CONFIRM_V2,102941,CONTROL,2026-03-11,Y
PAY_CONFIRM_V2,109493,TREATMENT,2026-03-10,Y
PAY_CONFIRM_V2,109574,CONTROL,2026-03-02,Y
PAY_CONFIRM_V2,100964,TREATMENT,2026-03-09,Y
PAY_CONFIRM_V2,106637,TREATMENT,2026-03-09,Y
PAY_CONFIRM_V2,101047,TREATMENT,2026-03-02,Y
PAY_CONFIRM_V2,100584,CONTROL,2026-03-10,Y
PAY_CONFIRM_V2,103812,CONTROL,2026-03-12,Y
PAY_CONFIRM_V2,108180,CONTROL,2026-03-06,Y
PAY_CONFIRM_V2,105434,CONTROL,2026-03-04,Y
PAY_CONFIRM_V2,107726,CONTROL,2026-03-06,Y
PAY_CONFIRM_V2,100416,TREATMENT,2026-03-12,Y
PAY_CONFIRM_V2,101078,TREATMENT,2026-03-09,Y
PAY_CONFIRM_V2,109262,TREATMENT,2026-03-12,Y
PAY_CONFIRM_V2,104490,CONTROL,2026-03-11,Y
PAY_CONFIRM_V2,102500,TREATMENT,2026-03-08,Y
PAY_CONFIRM_V2,109955,TREATMENT,2026-03-11,Y
PAY_CONFIRM_V2,100084,CONTROL,2026-03-15,Y
PAY_CONFIRM_V2,109601,CONTROL,2026-03-30,Y
PAY_CONFIRM_V2,101949,TREATMENT,2026-03-18,Y
PAY_CONFIRM_V2,105704,CONTROL,2026-03-21,Y
PAY_CONFIRM_V2,106512,CONTROL,2026-03-23,Y
PAY_CONFIRM_V2,103173,TREATMENT,2026-03-04,Y
PAY_CONFIRM_V2,103026,CONTROL,2026-03-12,Y
PAY_CONFIRM_V2,108363,CONTROL,2026-03-10,Y
PAY_CONFIRM_V2,103827,CONTROL,2026-03-02,Y
PAY_CONFIRM_V2,101757,TREATMENT,2026-03-15,Y
PAY_CONFIRM_V2,102408,TREATMENT,2026-03-24,Y
PAY_CONFIRM_V2,109044,CONTROL,2026-03-17,Y
PAY_CONFIRM_V2,108353,TREATMENT,2026-03-15,Y
PAY_CONFIRM_V2,101917,TREATMENT,2026-03-30,Y
PAY_CONFIRM_V2,107932,CONTROL,2026-03-09,Y
PAY_CONFIRM_V2,100476,CONTROL,2026-03-11,Y
PAY_CONFIRM_V2,106304,TREATMENT,2026-03-05,Y
PAY_CONFIRM_V2,101418,CONTROL,2026-03-03,Y
PAY_CONFIRM_V2,108328,CONTROL,2026-03-24,Y
PAY_CONFIRM_V2,105815,TREATMENT,2026-03-19,Y
PAY_CONFIRM_V2,107813,TREATMENT,2026-03-14,Y
PAY_CONFIRM_V2,108668,TREATMENT,2026-03-24,Y
PAY_CONFIRM_V2,104533,CONTROL,2026-03-21,Y
PAY_CONFIRM_V2,101147,CONTROL,2026-03-20,Y
PAY_CONFIRM_V2,107362,TREATMENT,2026-03-16,Y
PAY_CONFIRM_V2,105806,TREATMENT,2026-03-27,Y
PAY_CONFIRM_V2,105360,TREATMENT,2026-03-03,Y
PAY_CONFIRM_V2,105409,CONTROL,2026-03-01,Y
PAY_CONFIRM_V2,106035,TREATMENT,2026-03-19,Y
PAY_CONFIRM_V2,106063,CONTROL,2026-03-12,Y
PAY_CONFIRM_V2,100535,TREATMENT,2026-03-13,Y
PAY_CONFIRM_V2,101680,TREATMENT,2026-03-17,Y
PAY_CONFIRM_V2,103078,CONTROL,2026-03-17,Y
PAY_CONFIRM_V2,106306,CONTROL,2026-03-07,Y
PAY_CONFIRM_V2,102001,TREATMENT,2026-03-01,Y
PAY_CONFIRM_V2,106310,TREATMENT,2026-03-20,Y
PAY_CONFIRM_V2,107986,TREATMENT,2026-03-06,Y
PAY_CONFIRM_V2,104930,CONTROL,2026-03-01,Y
PAY_CONFIRM_V2,101108,CONTROL,2026-03-06,Y
PAY_CONFIRM_V2,100379,CONTROL,2026-03-13,Y
PAY_CONFIRM_V2,106979,CONTROL,2026-03-09,Y
PAY_CONFIRM_V2,102102,TREATMENT,2026-03-30,Y
PAY_CONFIRM_V2,101526,CONTROL,2026-03-21,Y
PAY_CONFIRM_V2,105412,CONTROL,2026-03-10,Y
PAY_CONFIRM_V2,104539,CONTROL,2026-03-27,Y
PAY_CONFIRM_V2,109718,TREATMENT,2026-03-04,Y
PAY_CONFIRM_V2,104584,TREATMENT,2026-03-24,Y
PAY_CONFIRM_V2,100515,TREATMENT,2026-03-17,Y
PAY_CONFIRM_V2,106567,TREATMENT,2026-03-12,Y
PAY_CONFIRM_V2,101223,CONTROL,2026-03-06,Y
PAY_CONFIRM_V2,107236,CONTROL,2026-03-21,Y
PAY_CONFIRM_V2,103872,CONTROL,2026-03-28,Y
PAY_CONFIRM_V2,107050,CONTROL,2026-03-12,Y
PAY_CONFIRM_V2,109323,TREATMENT,2026-03-24,Y
PAY_CONFIRM_V2,109011,TREATMENT,2026-03-29,Y
PAY_CONFIRM_V2,107239,TREATMENT,2026-03-30,Y
PAY_CONFIRM_V2,107327,CONTROL,2026-03-07,Y
PAY_CONFIRM_V2,100030,TREATMENT,2026-03-30,Y
PAY_CONFIRM_V2,106179,CONTROL,2026-03-01,Y
PAY_CONFIRM_V2,102760,CONTROL,2026-03-03,Y
PAY_CONFIRM_V2,102465,TREATMENT,2026-03-06,Y
PAY_CONFIRM_V2,101232,TREATMENT,2026-03-11,Y
PAY_CONFIRM_V2,109393,TREATMENT,2026-03-02,Y
PAY_CONFIRM_V2,103254,TREATMENT,2026-03-26,Y
PAY_CONFIRM_V2,106742,TREATMENT,2026-03-17,Y
PAY_CONFIRM_V2,101860,TREATMENT,2026-03-01,Y
PAY_CONFIRM_V2,105785,TREATMENT,2026-03-03,Y
PAY_CONFIRM_V2,101362,CONTROL,2026-03-16,Y
PAY_CONFIRM_V2,104238,CONTROL,2026-03-16,Y
PAY_CONFIRM_V2,108056,TREATMENT,2026-03-30,Y
PAY_CONFIRM_V2,108324,TREATMENT,2026-03-24,Y
PAY_CONFIRM_V2,106516,CONTROL,2026-03-01,Y
PAY_CONFIRM_V2,107466,TREATMENT,2026-03-09,Y
PAY_CONFIRM_V2,105953,TREATMENT,2026-03-23,Y
PAY_CONFIRM_V2,101476,TREATMENT,2026-03-13,Y
PAY_CONFIRM_V2,106524,TREATMENT,2026-03-03,Y
PAY_CONFIRM_V2,108483,TREATMENT,2026-03-04,Y
PAY_CONFIRM_V2,104789,TREATMENT,2026-03-28,Y
PAY_CONFIRM_V2,106240,CONTROL,2026-03-01,Y
PAY_CONFIRM_V2,107965,TREATMENT,2026-03-20,Y
PAY_CONFIRM_V2,109341,TREATMENT,2026-03-25,Y
PAY_CONFIRM_V2,105792,CONTROL,2026-03-03,Y
PAY_CONFIRM_V2,107262,CONTROL,2026-03-07,Y
PAY_CONFIRM_V2,107503,CONTROL,2026-03-02,Y
PAY_CONFIRM_V2,108721,CONTROL,2026-03-25,Y
PAY_CONFIRM_V2,106699,CONTROL,2026-03-08,Y
PAY_CONFIRM_V2,109446,TREATMENT,2026-03-19,Y
PAY_CONFIRM_V2,104000,CONTROL,2026-03-06,Y
PAY_CONFIRM_V2,100766,TREATMENT,2026-03-02,Y
PAY_CONFIRM_V2,106816,CONTROL,2026-03-23,Y
PAY_CONFIRM_V2,106286,TREATMENT,2026-03-01,Y
PAY_CONFIRM_V2,105297,CONTROL,2026-03-10,Y
PAY_CONFIRM_V2,107667,CONTROL,2026-03-14,Y
PAY_CONFIRM_V2,100676,CONTROL,2026-03-13,Y
PAY_CONFIRM_V2,106206,TREATMENT,2026-03-06,Y
PAY_CONFIRM_V2,107449,TREATMENT,2026-03-05,Y
PAY_CONFIRM_V2,107497,TREATMENT,2026-03-02,Y
PAY_CONFIRM_V2,108792,CONTROL,2026-03-02,Y
PAY_CONFIRM_V2,105335,TREATMENT,2026-03-15,Y
PAY_CONFIRM_V2,104320,CONTROL,2026-03-02,Y
PAY_CONFIRM_V2,101715,TREATMENT,2026-03-01,Y
PAY_CONFIRM_V2,107089,CONTROL,2026-03-26,Y
PAY_CONFIRM_V2,106272,TREATMENT,2026-03-29,Y
PAY_CONFIRM_V2,104555,TREATMENT,2026-03-08,Y
PAY_CONFIRM_V2,104964,CONTROL,2026-03-10,Y
PAY_CONFIRM_V2,102012,CONTROL,2026-03-03,Y
PAY_CONFIRM_V2,102469,TREATMENT,2026-03-11,Y
PAY_CONFIRM_V2,104324,TREATMENT,2026-03-22,Y
PAY_CONFIRM_V2,104292,TREATMENT,2026-03-29,Y
PAY_CONFIRM_V2,103777,TREATMENT,2026-03-11,Y
PAY_CONFIRM_V2,104483,CONTROL,2026-03-21,Y
PAY_CONFIRM_V2,108178,TREATMENT,2026-03-25,Y
PAY_CONFIRM_V2,103418,TREATMENT,2026-03-06,Y
PAY_CONFIRM_V2,108896,CONTROL,2026-03-27,Y
PAY_CONFIRM_V2,107505,TREATMENT,2026-03-29,Y
PAY_CONFIRM_V2,101974,CONTROL,2026-03-21,Y
PAY_CONFIRM_V2,104969,TREATMENT,2026-03-30,Y
PAY_CONFIRM_V2,102891,CONTROL,2026-03-09,Y
PAY_CONFIRM_V2,108541,CONTROL,2026-03-05,Y
PAY_CONFIRM_V2,109620,TREATMENT,2026-03-28,Y
PAY_CONFIRM_V2,108838,CONTROL,2026-03-24,Y
PAY_CONFIRM_V2,109403,TREATMENT,2026-03-15,Y
PAY_CONFIRM_V2,104980,CONTROL,2026-03-13,Y
PAY_CONFIRM_V2,104863,CONTROL,2026-03-16,Y
PAY_CONFIRM_V2,105462,TREATMENT,2026-03-22,Y
PAY_CONFIRM_V2,106892,CONTROL,2026-03-11,Y
PAY_CONFIRM_V2,104273,CONTROL,2026-03-26,Y
PAY_CONFIRM_V2,100521,CONTROL,2026-03-30,Y
PAY_CONFIRM_V2,103808,CONTROL,2026-03-06,Y
PAY_CONFIRM_V2,108051,TREATMENT,2026-03-29,Y
PAY_CONFIRM_V2,107149,TREATMENT,2026-03-12,Y
PAY_CONFIRM_V2,107443,CONTROL,2026-03-17,Y
PAY_CONFIRM_V2,107493,CONTROL,2026-03-05,Y
PAY_CONFIRM_V2,103092,CONTROL,2026-03-02,Y
PAY_CONFIRM_V2,107269,TREATMENT,2026-03-24,Y
PAY_CONFIRM_V2,106614,CONTROL,2026-03-10,Y
PAY_CONFIRM_V2,101056,CONTROL,2026-03-03,Y
PAY_CONFIRM_V2,108382,CONTROL,2026-03-04,Y
PAY_CONFIRM_V2,109973,TREATMENT,2026-03-14,Y
PAY_CONFIRM_V2,100789,TREATMENT,2026-03-02,Y
PAY_CONFIRM_V2,108082,CONTROL,2026-03-24,Y
PAY_CONFIRM_V2,104126,TREATMENT,2026-03-18,Y
PAY_CONFIRM_V2,103579,TREATMENT,2026-03-30,Y
PAY_CONFIRM_V2,105637,TREATMENT,2026-03-26,Y
PAY_CONFIRM_V2,108881,CONTROL,2026-03-04,Y
PAY_CONFIRM_V2,107279,CONTROL,2026-03-26,Y
PAY_CONFIRM_V2,105784,CONTROL,2026-03-27,Y
PAY_CONFIRM_V2,101991,CONTROL,2026-03-11,Y
PAY_CONFIRM_V2,103946,TREATMENT,2026-03-16,Y
PAY_CONFIRM_V2,108576,TREATMENT,2026-03-16,Y
PAY_CONFIRM_V2,102014,TREATMENT,2026-03-09,Y
PAY_CONFIRM_V2,108059,TREATMENT,2026-03-10,Y
PAY_CONFIRM_V2,103560,TREATMENT,2026-03-12,Y
PAY_CONFIRM_V2,101590,TREATMENT,2026-03-04,Y
PAY_CONFIRM_V2,107434,CONTROL,2026-03-16,Y
PAY_CONFIRM_V2,101104,TREATMENT,2026-03-18,Y
PAY_CONFIRM_V2,108671,CONTROL,2026-03-12,Y
PAY_CONFIRM_V2,103742,CONTROL,2026-03-02,Y
PAY_CONFIRM_V2,107121,TREATMENT,2026-03-12,Y
PAY_CONFIRM_V2,103929,CONTROL,2026-03-07,Y
PAY_CONFIRM_V2,105391,CONTROL,2026-03-24,Y
PAY_CONFIRM_V2,103757,TREATMENT,2026-03-27,Y
PAY_CONFIRM_V2,105819,TREATMENT,2026-03-10,Y
PAY_CONFIRM_V2,100834,CONTROL,2026-03-06,Y
PAY_CONFIRM_V2,104121,TREATMENT,2026-03-07,Y
PAY_CONFIRM_V2,102785,TREATMENT,2026-03-18,Y
PAY_CONFIRM_V2,103671,TREATMENT,2026-03-05,Y
PAY_CONFIRM_V2,109331,TREATMENT,2026-03-04,Y
PAY_CONFIRM_V2,103913,TREATMENT,2026-03-15,Y
PAY_CONFIRM_V2,102475,CONTROL,2026-03-19,Y
PAY_CONFIRM_V2,107453,CONTROL,2026-03-04,Y
PAY_CONFIRM_V2,105802,CONTROL,2026-03-19,Y
PAY_CONFIRM_V2,107117,CONTROL,2026-03-14,Y
PAY_CONFIRM_V2,105857,TREATMENT,2026-03-08,Y
PAY_CONFIRM_V2,102481,CONTROL,2026-03-13,Y
PAY_CONFIRM_V2,109392,CONTROL,2026-03-30,Y
PAY_CONFIRM_V2,105258,TREATMENT,2026-03-07,Y
PAY_CONFIRM_V2,102837,CONTROL,2026-03-04,Y
PAY_CONFIRM_V2,101514,CONTROL,2026-03-01,Y
PAY_CONFIRM_V2,107829,TREATMENT,2026-03-26,Y
PAY_CONFIRM_V2,103367,CONTROL,2026-03-04,Y
PAY_CONFIRM_V2,100948,CONTROL,2026-03-16,Y
PAY_CONFIRM_V2,102749,TREATMENT,2026-03-07,Y
PAY_CONFIRM_V2,106319,TREATMENT,2026-03-18,Y
PAY_CONFIRM_V2,106015,CONTROL,2026-03-23,Y
PAY_CONFIRM_V2,102241,TREATMENT,2026-03-11,Y
PAY_CONFIRM_V2,103637,CONTROL,2026-03-26,Y
PAY_CONFIRM_V2,102099,TREATMENT,2026-03-27,Y
PAY_CONFIRM_V2,102830,TREATMENT,2026-03-20,Y
PAY_CONFIRM_V2,104888,CONTROL,2026-03-20,Y
PAY_CONFIRM_V2,101861,CONTROL,2026-03-28,Y
PAY_CONFIRM_V2,108869,CONTROL,2026-03-08,Y
PAY_CONFIRM_V2,104826,TREATMENT,2026-03-13,Y
PAY_CONFIRM_V2,107582,CONTROL,2026-03-13,Y
PAY_CONFIRM_V2,100643,CONTROL,2026-03-12,Y
PAY_CONFIRM_V2,105801,TREATMENT,2026-03-19,Y
PAY_CONFIRM_V2,109769,TREATMENT,2026-03-26,Y
PAY_CONFIRM_V2,107242,TREATMENT,2026-03-14,Y
PAY_CONFIRM_V2,101246,TREATMENT,2026-03-15,Y
PAY_CONFIRM_V2,107810,CONTROL,2026-03-12,Y
PAY_CONFIRM_V2,101495,TREATMENT,2026-03-21,Y
PAY_CONFIRM_V2,109707,CONTROL,2026-03-10,Y
PAY_CONFIRM_V2,105680,CONTROL,2026-03-23,Y
PAY_CONFIRM_V2,106161,CONTROL,2026-03-21,Y
PAY_CONFIRM_V2,109527,CONTROL,2026-03-03,Y
PAY_CONFIRM_V2,104654,TREATMENT,2026-03-27,Y
PAY_CONFIRM_V2,109561,TREATMENT,2026-03-13,Y
PAY_CONFIRM_V2,101714,TREATMENT,2026-03-22,Y
PAY_CONFIRM_V2,109057,TREATMENT,2026-03-07,Y
PAY_CONFIRM_V2,107040,TREATMENT,2026-03-27,Y
PAY_CONFIRM_V2,106188,TREATMENT,2026-03-10,Y
PAY_CONFIRM_V2,100296,TREATMENT,2026-03-07,Y
PAY_CONFIRM_V2,102778,TREATMENT,2026-03-29,Y
PAY_CONFIRM_V2,101889,CONTROL,2026-03-08,Y
PAY_CONFIRM_V2,103432,CONTROL,2026-03-22,Y
PAY_CONFIRM_V2,107276,CONTROL,2026-03-01,Y
PAY_CONFIRM_V2,109886,CONTROL,2026-03-20,Y
PAY_CONFIRM_V2,104502,TREATMENT,2026-03-30,Y
PAY_CONFIRM_V2,109781,CONTROL,2026-03-11,Y
PAY_CONFIRM_V2,100601,TREATMENT,2026-03-24,Y
PAY_CONFIRM_V2,107184,CONTROL,2026-03-30,Y
PAY_CONFIRM_V2,109133,TREATMENT,2026-03-25,Y
PAY_CONFIRM_V2,105944,CONTROL,2026-03-05,Y
PAY_CONFIRM_V2,103960,CONTROL,2026-03-01,Y
PAY_CONFIRM_V2,102202,CONTROL,2026-03-26,Y
PAY_CONFIRM_V2,100166,CONTROL,2026-03-20,Y
PAY_CONFIRM_V2,100303,TREATMENT,2026-03-02,Y
PAY_CONFIRM_V2,108481,CONTROL,2026-03-11,Y
PAY_CONFIRM_V2,106999,CONTROL,2026-03-26,Y
PAY_CONFIRM_V2,101644,TREATMENT,2026-03-09,Y
PAY_CONFIRM_V2,101398,CONTROL,2026-03-11,Y
PAY_CONFIRM_V2,107538,CONTROL,2026-03-24,Y
PAY_CONFIRM_V2,109212,TREATMENT,2026-03-21,Y
PAY_CONFIRM_V2,104108,CONTROL,2026-03-17,Y
PAY_CONFIRM_V2,102085,CONTROL,2026-03-17,Y
PAY_CONFIRM_V2,104821,TREATMENT,2026-03-11,Y
PAY_CONFIRM_V2,103181,TREATMENT,2026-03-01,Y
PAY_CONFIRM_V2,100094,CONTROL,2026-03-03,Y
PAY_CONFIRM_V2,102782,CONTROL,2026-03-27,Y
PAY_CONFIRM_V2,104473,CONTROL,2026-03-14,Y
PAY_CONFIRM_V2,109603,TREATMENT,2026-03-04,Y
PAY_CONFIRM_V2,105282,TREATMENT,2026-03-18,Y
PAY_CONFIRM_V2,107801,TREATMENT,2026-03-18,Y
PAY_CONFIRM_V2,106826,TREATMENT,2026-03-20,Y
PAY_CONFIRM_V2,103531,CONTROL,2026-03-26,Y
PAY_CONFIRM_V2,102549,TREATMENT,2026-03-30,Y
PAY_CONFIRM_V2,109851,CONTROL,2026-03-05,Y
PAY_CONFIRM_V2,106467,CONTROL,2026-03-03,Y
PAY_CONFIRM_V2,108373,CONTROL,2026-03-06,Y
PAY_CONFIRM_V2,102978,TREATMENT,2026-03-27,Y
PAY_CONFIRM_V2,108929,TREATMENT,2026-03-22,Y
PAY_CONFIRM_V2,104223,TREATMENT,2026-03-13,Y
PAY_CONFIRM_V2,104290,TREATMENT,2026-03-15,Y
PAY_CONFIRM_V2,103047,TREATMENT,2026-03-05,Y
PAY_CONFIRM_V2,102594,CONTROL,2026-03-15,Y
PAY_CONFIRM_V2,108399,CONTROL,2026-03-08,Y
PAY_CONFIRM_V2,100041,TREATMENT,2026-03-18,Y
PAY_CONFIRM_V2,105117,CONTROL,2026-03-19,Y
PAY_CONFIRM_V2,106620,TREATMENT,2026-03-22,Y
PAY_CONFIRM_V2,103500,TREATMENT,2026-03-21,Y
PAY_CONFIRM_V2,108413,CONTROL,2026-03-26,Y
PAY_CONFIRM_V2,102373,TREATMENT,2026-03-03,Y
PAY_CONFIRM_V2,101755,CONTROL,2026-03-22,Y
PAY_CONFIRM_V2,100385,CONTROL,2026-03-07,Y
PAY_CONFIRM_V2,106493,TREATMENT,2026-03-13,Y
PAY_CONFIRM_V2,104792,CONTROL,2026-03-10,Y
PAY_CONFIRM_V2,104085,TREATMENT,2026-03-08,Y
PAY_CONFIRM_V2,109276,TREATMENT,2026-03-04,Y
PAY_CONFIRM_V2,104036,CONTROL,2026-03-05,Y
PAY_CONFIRM_V2,103296,TREATMENT,2026-03-05,Y
PAY_CONFIRM_V2,102803,TREATMENT,2026-03-09,Y
PAY_CONFIRM_V2,106431,TREATMENT,2026-03-21,Y
PAY_CONFIRM_V2,108383,TREATMENT,2026-03-16,Y
PAY_CONFIRM_V2,104276,TREATMENT,2026-03-24,Y
PAY_CONFIRM_V2,107854,TREATMENT,2026-03-14,Y
PAY_CONFIRM_V2,100590,TREATMENT,2026-03-30,Y
PAY_CONFIRM_V2,102105,CONTROL,2026-03-01,Y
PAY_CONFIRM_V2,105471,CONTROL,2026-03-02,Y
PAY_CONFIRM_V2,105018,TREATMENT,2026-03-26,Y
PAY_CONFIRM_V2,102816,TREATMENT,2026-03-15,Y
PAY_CONFIRM_V2,102206,CONTROL,2026-03-03,Y
PAY_CONFIRM_V2,109833,CONTROL,2026-03-12,Y
PAY_CONFIRM_V2,103633,TREATMENT,2026-03-03,Y
PAY_CONFIRM_V2,101568,CONTROL,2026-03-28,Y
PAY_CONFIRM_V2,108154,CONTROL,2026-03-08,Y
PAY_CONFIRM_V2,102767,CONTROL,2026-03-06,Y
PAY_CONFIRM_V2,107597,TREATMENT,2026-03-05,Y
PAY_CONFIRM_V2,103966,CONTROL,2026-03-07,Y
PAY_CONFIRM_V2,102634,CONTROL,2026-03-15,Y
PAY_CONFIRM_V2,105362,CONTROL,2026-03-28,Y
PAY_CONFIRM_V2,100603,TREATMENT,2026-03-05,Y
PAY_CONFIRM_V2,109249,TREATMENT,2026-03-19,Y
PAY_CONFIRM_V2,105178,TREATMENT,2026-03-21,Y
PAY_CONFIRM_V2,109123,TREATMENT,2026-03-28,Y
PAY_CONFIRM_V2,105916,TREATMENT,2026-03-23,Y
PAY_CONFIRM_V2,105233,CONTROL,2026-03-03,Y
PAY_CONFIRM_V2,104031,TREATMENT,2026-03-22,Y
PAY_CONFIRM_V2,103108,TREATMENT,2026-03-19,Y
PAY_CONFIRM_V2,103422,TREATMENT,2026-03-30,Y
PAY_CONFIRM_V2,104398,TREATMENT,2026-03-05,Y
PAY_CONFIRM_V2,100187,TREATMENT,2026-03-23,Y
PAY_CONFIRM_V2,102621,TREATMENT,2026-03-13,Y
PAY_CONFIRM_V2,102302,CONTROL,2026-03-17,Y
PAY_CONFIRM_V2,103472,TREATMENT,2026-03-15,Y
PAY_CONFIRM_V2,103037,TREATMENT,2026-03-22,Y
PAY_CONFIRM_V2,106204,CONTROL,2026-03-06,Y
PAY_CONFIRM_V2,107381,TREATMENT,2026-03-01,Y
PAY_CONFIRM_V2,109635,CONTROL,2026-03-23,Y
PAY_CONFIRM_V2,108145,CONTROL,2026-03-10,Y
PAY_CONFIRM_V2,102612,CONTROL,2026-03-16,Y
PAY_CONFIRM_V2,107478,CONTROL,2026-03-23,Y
PAY_CONFIRM_V2,104338,CONTROL,2026-03-23,Y
PAY_CONFIRM_V2,100270,TREATMENT,2026-03-07,Y
PAY_CONFIRM_V2,104867,CONTROL,2026-03-11,Y
PAY_CONFIRM_V2,108228,CONTROL,2026-03-20,Y
PAY_CONFIRM_V2,109342,TREATMENT,2026-03-30,Y
PAY_CONFIRM_V2,100541,CONTROL,2026-03-15,Y
PAY_CONFIRM_V2,104462,CONTROL,2026-03-21,Y
PAY_CONFIRM_V2,109529,TREATMENT,2026-03-19,Y
PAY_CONFIRM_V2,108450,CONTROL,2026-03-15,Y
PAY_CONFIRM_V2,101272,CONTROL,2026-03-27,Y
PAY_CONFIRM_V2,104197,CONTROL,2026-03-28,Y
PAY_CONFIRM_V2,109843,CONTROL,2026-03-23,Y
PAY_CONFIRM_V2,102058,CONTROL,2026-03-27,Y
PAY_CONFIRM_V2,103940,TREATMENT,2026-03-09,Y
PAY_CONFIRM_V2,101394,TREATMENT,2026-03-24,Y
PAY_CONFIRM_V2,101170,TREATMENT,2026-03-07,Y
PAY_CONFIRM_V2,101460,CONTROL,2026-03-22,Y
PAY_CONFIRM_V2,101408,TREATMENT,2026-03-06,Y
PAY_CONFIRM_V2,108332,TREATMENT,2026-03-25,Y
PAY_CONFIRM_V2,100308,CONTROL,2026-03-21,Y
PAY_CONFIRM_V2,109367,CONTROL,2026-03-23,Y
PAY_CONFIRM_V2,107709,CONTROL,2026-03-28,Y
PAY_CONFIRM_V2,102396,CONTROL,2026-03-27,Y
PAY_CONFIRM_V2,103258,TREATMENT,2026-03-21,Y
PAY_CONFIRM_V2,108423,CONTROL,2026-03-17,Y
PAY_CONFIRM_V2,109435,TREATMENT,2026-03-26,Y
PAY_CONFIRM_V2,102541,CONTROL,2026-03-27,Y
PAY_CONFIRM_V2,109653,CONTROL,2026-03-20,Y
PAY_CONFIRM_V2,101403,TREATMENT,2026-03-20,Y
PAY_CONFIRM_V2,102152,TREATMENT,2026-03-28,Y
PAY_CONFIRM_V2,107919,CONTROL,2026-03-25,Y
PAY_CONFIRM_V2,101400,TREATMENT,2026-03-08,Y
PAY_CONFIRM_V2,102584,TREATMENT,2026-03-30,Y
PAY_CONFIRM_V2,107847,TREATMENT,2026-03-09,Y
PAY_CONFIRM_V2,101703,CONTROL,2026-03-29,Y
PAY_CONFIRM_V2,109659,CONTROL,2026-03-04,Y
PAY_CONFIRM_V2,107841,CONTROL,2026-03-12,Y
PAY_CONFIRM_V2,106700,TREATMENT,2026-03-20,Y
PAY_CONFIRM_V2,103998,TREATMENT,2026-03-27,Y
PAY_CONFIRM_V2,106533,CONTROL,2026-03-13,Y
PAY_CONFIRM_V2,105073,CONTROL,2026-03-25,Y
PAY_CONFIRM_V2,103610,TREATMENT,2026-03-30,Y
PAY_CONFIRM_V2,103608,TREATMENT,2026-03-23,Y
PAY_CONFIRM_V2,105702,CONTROL,2026-03-01,Y
PAY_CONFIRM_V2,107567,CONTROL,2026-03-28,Y
PAY_CONFIRM_V2,106879,CONTROL,2026-03-05,Y
PAY_CONFIRM_V2,109895,CONTROL,2026-03-28,Y
PAY_CONFIRM_V2,105547,CONTROL,2026-03-22,Y
PAY_CONFIRM_V2,108206,CONTROL,2026-03-19,Y
PAY_CONFIRM_V2,104904,CONTROL,2026-03-29,Y
PAY_CONFIRM_V2,101172,CONTROL,2026-03-01,Y
PAY_CONFIRM_V2,103104,CONTROL,2026-03-27,Y
PAY_CONFIRM_V2,101144,TREATMENT,2026-03-19,Y
PAY_CONFIRM_V2,102524,CONTROL,2026-03-24,Y
PAY_CONFIRM_V2,105288,TREATMENT,2026-03-09,Y
PAY_CONFIRM_V2,101504,TREATMENT,2026-03-06,Y
PAY_CONFIRM_V2,103287,TREATMENT,2026-03-02,Y
PAY_CONFIRM_V2,107122,TREATMENT,2026-03-02,Y
PAY_CONFIRM_V2,109442,TREATMENT,2026-03-12,Y
PAY_CONFIRM_V2,101035,TREATMENT,2026-03-30,Y
PAY_CONFIRM_V2,106813,TREATMENT,2026-03-28,Y
PAY_CONFIRM_V2,107042,TREATMENT,2026-03-20,Y
PAY_CONFIRM_V2,101914,TREATMENT,2026-03-18,Y
PAY_CONFIRM_V2,108212,TREATMENT,2026-03-01,Y
PAY_CONFIRM_V2,105789,TREATMENT,2026-03-08,Y
PAY_CONFIRM_V2,104396,TREATMENT,2026-03-29,Y
PAY_CONFIRM_V2,106597,TREATMENT,2026-03-06,Y
PAY_CONFIRM_V2,103955,TREATMENT,2026-03-26,Y
PAY_CONFIRM_V2,100131,TREATMENT,2026-03-04,Y
PAY_CONFIRM_V2,106308,TREATMENT,2026-03-15,Y
PAY_CONFIRM_V2,106047,CONTROL,2026-03-07,Y
PAY_CONFIRM_V2,101349,CONTROL,2026-03-04,Y
PAY_CONFIRM_V2,107065,TREATMENT,2026-03-11,Y
PAY_CONFIRM_V2,102493,CONTROL,2026-03-12,Y
PAY_CONFIRM_V2,107755,TREATMENT,2026-03-16,Y
PAY_CONFIRM_V2,105259,CONTROL,2026-03-24,Y
PAY_CONFIRM_V2,104975,TREATMENT,2026-03-10,Y
PAY_CONFIRM_V2,106543,CONTROL,2026-03-28,Y
PAY_CONFIRM_V2,106237,TREATMENT,2026-03-09,Y
PAY_CONFIRM_V2,102537,CONTROL,2026-03-30,Y
PAY_CONFIRM_V2,103542,CONTROL,2026-03-24,Y
PAY_CONFIRM_V2,101913,TREATMENT,2026-03-23,Y
PAY_CONFIRM_V2,103493,TREATMENT,2026-03-23,Y
PAY_CONFIRM_V2,105438,TREATMENT,2026-03-20,Y
PAY_CONFIRM_V2,104916,TREATMENT,2026-03-23,Y
PAY_CONFIRM_V2,108527,CONTROL,2026-03-16,Y
PAY_CONFIRM_V2,100755,CONTROL,2026-03-19,Y
PAY_CONFIRM_V2,104023,TREATMENT,2026-03-02,Y
PAY_CONFIRM_V2,100281,CONTROL,2026-03-25,Y
PAY_CONFIRM_V2,108265,TREATMENT,2026-03-18,Y
PAY_CONFIRM_V2,108026,TREATMENT,2026-03-21,Y
PAY_CONFIRM_V2,100944,CONTROL,2026-03-24,Y
PAY_CONFIRM_V2,109949,CONTROL,2026-03-28,Y
PAY_CONFIRM_V2,108262,CONTROL,2026-03-25,Y
PAY_CONFIRM_V2,100271,TREATMENT,2026-03-15,Y
PAY_CONFIRM_V2,100315,TREATMENT,2026-03-08,Y
PAY_CONFIRM_V2,107385,CONTROL,2026-03-05,Y
PAY_CONFIRM_V2,102426,TREATMENT,2026-03-10,Y
PAY_CONFIRM_V2,100596,CONTROL,2026-03-18,Y
PAY_CONFIRM_V2,108556,CONTROL,2026-03-03,Y
PAY_CONFIRM_V2,103967,TREATMENT,2026-03-22,Y
PAY_CONFIRM_V2,103010,TREATMENT,2026-03-27,Y
PAY_CONFIRM_V2,100196,CONTROL,2026-03-29,Y
PAY_CONFIRM_V2,105975,TREATMENT,2026-03-01,Y
PAY_CONFIRM_V2,108809,TREATMENT,2026-03-26,Y
PAY_CONFIRM_V2,103694,TREATMENT,2026-03-01,Y
PAY_CONFIRM_V2,101079,TREATMENT,2026-03-18,Y
PAY_CONFIRM_V2,106011,CONTROL,2026-03-01,Y
PAY_CONFIRM_V2,103209,CONTROL,2026-03-06,Y
PAY_CONFIRM_V2,107134,CONTROL,2026-03-01,Y
PAY_CONFIRM_V2,109406,CONTROL,2026-03-26,Y
PAY_CONFIRM_V2,101421,TREATMENT,2026-03-12,Y
PAY_CONFIRM_V2,108435,TREATMENT,2026-03-04,Y
PAY_CONFIRM_V2,105619,TREATMENT,2026-03-01,Y
PAY_CONFIRM_V2,103668,CONTROL,2026-03-05,Y
PAY_CONFIRM_V2,101785,TREATMENT,2026-03-18,Y
PAY_CONFIRM_V2,107179,CONTROL,2026-03-11,Y
PAY_CONFIRM_V2,107227,TREATMENT,2026-03-10,Y
PAY_CONFIRM_V2,105212,CONTROL,2026-03-11,Y
PAY_CONFIRM_V2,109109,CONTROL,2026-03-19,Y
PAY_CONFIRM_V2,108234,CONTROL,2026-03-10,Y
PAY_CONFIRM_V2,108357,TREATMENT,2026-03-16,Y
PAY_CONFIRM_V2,107192,TREATMENT,2026-03-30,Y
PAY_CONFIRM_V2,100410,CONTROL,2026-03-24,Y
PAY_CONFIRM_V2,108037,CONTROL,2026-03-03,Y
PAY_CONFIRM_V2,106432,CONTROL,2026-03-29,Y
PAY_CONFIRM_V2,102303,CONTROL,2026-03-01,Y
PAY_CONFIRM_V2,100434,TREATMENT,2026-03-28,Y
PAY_CONFIRM_V2,105858,CONTROL,2026-03-17,Y
PAY_CONFIRM_V2,105365,CONTROL,2026-03-23,Y
PAY_CONFIRM_V2,109383,TREATMENT,2026-03-27,Y
PAY_CONFIRM_V2,101812,TREATMENT,2026-03-15,Y
PAY_CONFIRM_V2,106048,CONTROL,2026-03-22,Y
PAY_CONFIRM_V2,103115,CONTROL,2026-03-26,Y
PAY_CONFIRM_V2,104268,CONTROL,2026-03-29,Y
PAY_CONFIRM_V2,101563,CONTROL,2026-03-25,Y
PAY_CONFIRM_V2,102346,TREATMENT,2026-03-27,Y
PAY_CONFIRM_V2,108795,TREATMENT,2026-03-01,Y
PAY_CONFIRM_V2,100509,TREATMENT,2026-03-18,Y
PAY_CONFIRM_V2,104603,CONTROL,2026-03-06,Y
PAY_CONFIRM_V2,107941,CONTROL,2026-03-20,Y
PAY_CONFIRM_V2,100400,TREATMENT,2026-03-03,Y
PAY_CONFIRM_V2,103856,CONTROL,2026-03-08,Y
PAY_CONFIRM_V2,104367,CONTROL,2026-03-06,Y
PAY_CONFIRM_V2,104572,TREATMENT,2026-03-09,Y
PAY_CONFIRM_V2,100970,TREATMENT,2026-03-29,Y
PAY_CONFIRM_V2,108765,CONTROL,2026-03-28,Y
PAY_CONFIRM_V2,107637,TREATMENT,2026-03-17,Y
PAY_CONFIRM_V2,105689,TREATMENT,2026-03-01,Y
PAY_CONFIRM_V2,104955,CONTROL,2026-03-01,Y
PAY_CONFIRM_V2,102509,CONTROL,2026-03-24,Y
PAY_CONFIRM_V2,101373,CONTROL,2026-03-05,Y
PAY_CONFIRM_V2,106965,CONTROL,2026-03-17,Y
PAY_CONFIRM_V2,104407,TREATMENT,2026-03-03,Y
PAY_CONFIRM_V2,105983,CONTROL,2026-03-02,Y
PAY_CONFIRM_V2,102339,TREATMENT,2026-03-17,Y
PAY_CONFIRM_V2,107087,CONTROL,2026-03-04,Y
PAY_CONFIRM_V2,106337,CONTROL,2026-03-05,Y
PAY_CONFIRM_V2,100985,TREATMENT,2026-03-13,Y
PAY_CONFIRM_V2,108803,TREATMENT,2026-03-13,Y
PAY_CONFIRM_V2,107794,CONTROL,2026-03-30,Y
PAY_CONFIRM_V2,106226,CONTROL,2026-03-24,Y
PAY_CONFIRM_V2,105879,TREATMENT,2026-03-27,Y
PAY_CONFIRM_V2,108954,TREATMENT,2026-03-12,Y
PAY_CONFIRM_V2,100022,TREATMENT,2026-03-03,Y
PAY_CONFIRM_V2,103903,TREATMENT,2026-03-30,Y
PAY_CONFIRM_V2,109112,TREATMENT,2026-03-13,Y
PAY_CONFIRM_V2,101689,TREATMENT,2026-03-03,Y
PAY_CONFIRM_V2,106357,TREATMENT,2026-03-17,Y
PAY_CONFIRM_V2,101852,TREATMENT,2026-03-29,Y
PAY_CONFIRM_V2,104421,CONTROL,2026-03-29,Y
PAY_CONFIRM_V2,105800,CONTROL,2026-03-01,Y
PAY_CONFIRM_V2,103350,CONTROL,2026-03-03,Y
PAY_CONFIRM_V2,102656,TREATMENT,2026-03-27,Y
PAY_CONFIRM_V2,109847,CONTROL,2026-03-28,Y
PAY_CONFIRM_V2,104106,CONTROL,2026-03-09,Y
PAY_CONFIRM_V2,103266,TREATMENT,2026-03-27,Y
PAY_CONFIRM_V2,101260,CONTROL,2026-03-20,Y
PAY_CONFIRM_V2,103184,TREATMENT,2026-03-26,Y
PAY_CONFIRM_V2,106062,TREATMENT,2026-03-07,Y
PAY_CONFIRM_V2,108788,CONTROL,2026-03-05,Y
PAY_CONFIRM_V2,105530,CONTROL,2026-03-30,Y
PAY_CONFIRM_V2,104205,TREATMENT,2026-03-28,Y
PAY_CONFIRM_V2,104684,CONTROL,2026-03-28,Y
PAY_CONFIRM_V2,104577,CONTROL,2026-03-20,Y
PAY_CONFIRM_V2,105090,CONTROL,2026-03-02,Y
PAY_CONFIRM_V2,101735,TREATMENT,2026-03-24,Y
PAY_CONFIRM_V2,107168,CONTROL,2026-03-09,Y
PAY_CONFIRM_V2,108151,CONTROL,2026-03-25,Y
PAY_CONFIRM_V2,106058,TREATMENT,2026-03-28,Y
PAY_CONFIRM_V2,103848,TREATMENT,2026-03-14,Y
PAY_CONFIRM_V2,108471,TREATMENT,2026-03-04,Y
PAY_CONFIRM_V2,100083,CONTROL,2026-03-14,Y
PAY_CONFIRM_V2,105756,TREATMENT,2026-03-26,Y
PAY_CONFIRM_V2,101856,CONTROL,2026-03-05,Y
PAY_CONFIRM_V2,109189,TREATMENT,2026-03-03,Y
PAY_CONFIRM_V2,103366,TREATMENT,2026-03-18,Y
PAY_CONFIRM_V2,107295,TREATMENT,2026-03-17,Y
PAY_CONFIRM_V2,105256,CONTROL,2026-03-26,Y
PAY_CONFIRM_V2,102757,TREATMENT,2026-03-06,Y
PAY_CONFIRM_V2,106223,TREATMENT,2026-03-18,Y
PAY_CONFIRM_V2,109594,CONTROL,2026-03-05,Y
PAY_CONFIRM_V2,106667,CONTROL,2026-03-09,Y
PAY_CONFIRM_V2,100545,CONTROL,2026-03-22,Y
PAY_CONFIRM_V2,102388,TREATMENT,2026-03-14,Y
PAY_CONFIRM_V2,106856,TREATMENT,2026-03-11,Y
PAY_CONFIRM_V2,101127,CONTROL,2026-03-09,Y
PAY_CONFIRM_V2,106443,TREATMENT,2026-03-16,Y
PAY_CONFIRM_V2,107888,TREATMENT,2026-03-29,Y
PAY_CONFIRM_V2,105042,CONTROL,2026-03-05,Y
PAY_CONFIRM_V2,100280,TREATMENT,2026-03-06,Y
PAY_CONFIRM_V2,104427,TREATMENT,2026-03-21,Y
PAY_CONFIRM_V2,109047,CONTROL,2026-03-20,Y
PAY_CONFIRM_V2,108575,TREATMENT,2026-03-07,Y
PAY_CONFIRM_V2,100508,TREATMENT,2026-03-18,Y
PAY_CONFIRM_V2,102236,CONTROL,2026-03-18,Y
PAY_CONFIRM_V2,103420,CONTROL,2026-03-07,Y
PAY_CONFIRM_V2,102084,TREATMENT,2026-03-11,Y
PAY_CONFIRM_V2,108289,TREATMENT,2026-03-30,Y
PAY_CONFIRM_V2,104685,TREATMENT,2026-03-25,Y
PAY_CONFIRM_V2,106511,CONTROL,2026-03-14,Y
PAY_CONFIRM_V2,105712,TREATMENT,2026-03-21,Y
PAY_CONFIRM_V2,109174,TREATMENT,2026-03-21,Y
PAY_CONFIRM_V2,104439,TREATMENT,2026-03-06,Y
PAY_CONFIRM_V2,102064,CONTROL,2026-03-27,Y
PAY_CONFIRM_V2,103652,CONTROL,2026-03-03,Y
PAY_CONFIRM_V2,105629,TREATMENT,2026-03-11,Y
PAY_CONFIRM_V2,105922,TREATMENT,2026-03-21,Y
PAY_CONFIRM_V2,103891,TREATMENT,2026-03-03,Y
PAY_CONFIRM_V2,105966,CONTROL,2026-03-10,Y
PAY_CONFIRM_V2,103363,TREATMENT,2026-03-15,Y
PAY_CONFIRM_V2,109804,CONTROL,2026-03-29,Y
PAY_CONFIRM_V2,101788,CONTROL,2026-03-23,Y
PAY_CONFIRM_V2,104822,TREATMENT,2026-03-14,Y
PAY_CONFIRM_V2,102200,TREATMENT,2026-03-26,Y
PAY_CONFIRM_V2,107557,CONTROL,2026-03-17,Y
PAY_CONFIRM_V2,101475,CONTROL,2026-03-25,Y
PAY_CONFIRM_V2,100705,CONTROL,2026-03-15,Y
PAY_CONFIRM_V2,107732,TREATMENT,2026-03-25,Y
PAY_CONFIRM_V2,106963,TREATMENT,2026-03-17,Y
PAY_CONFIRM_V2,103424,CONTROL,2026-03-23,Y
PAY_CONFIRM_V2,107333,TREATMENT,2026-03-15,Y
PAY_CONFIRM_V2,100047,CONTROL,2026-03-09,Y
PAY_CONFIRM_V2,103342,CONTROL,2026-03-24,Y
PAY_CONFIRM_V2,105454,TREATMENT,2026-03-17,Y
PAY_CONFIRM_V2,101525,CONTROL,2026-03-17,Y
PAY_CONFIRM_V2,106078,CONTROL,2026-03-25,Y
PAY_CONFIRM_V2,107500,CONTROL,2026-03-07,Y
PAY_CONFIRM_V2,107427,CONTROL,2026-03-07,Y
PAY_CONFIRM_V2,104049,TREATMENT,2026-03-07,Y
PAY_CONFIRM_V2,100806,TREATMENT,2026-03-09,Y
PAY_CONFIRM_V2,101330,CONTROL,2026-03-16,Y
PAY_CONFIRM_V2,100646,CONTROL,2026-03-05,Y
PAY_CONFIRM_V2,104796,TREATMENT,2026-03-12,Y
PAY_CONFIRM_V2,104541,TREATMENT,2026-03-01,Y
PAY_CONFIRM_V2,106411,TREATMENT,2026-03-02,Y
PAY_CONFIRM_V2,100742,CONTROL,2026-03-29,Y
PAY_CONFIRM_V2,107826,CONTROL,2026-03-29,Y
PAY_CONFIRM_V2,104454,CONTROL,2026-03-01,Y
PAY_CONFIRM_V2,109518,CONTROL,2026-03-05,Y
PAY_CONFIRM_V2,102971,TREATMENT,2026-03-13,Y
PAY_CONFIRM_V2,108119,CONTROL,2026-03-16,Y
PAY_CONFIRM_V2,105809,CONTROL,2026-03-26,Y
PAY_CONFIRM_V2,104371,TREATMENT,2026-03-16,Y
PAY_CONFIRM_V2,108958,CONTROL,2026-03-02,Y
PAY_CONFIRM_V2,101233,CONTROL,2026-03-01,Y
PAY_CONFIRM_V2,108416,TREATMENT,2026-03-20,Y
PAY_CONFIRM_V2,107795,TREATMENT,2026-03-11,Y
PAY_CONFIRM_V2,106108,CONTROL,2026-03-28,Y
PAY_CONFIRM_V2,109357,CONTROL,2026-03-28,Y
PAY_CONFIRM_V2,103634,CONTROL,2026-03-16,Y
PAY_CONFIRM_V2,108391,CONTROL,2026-03-09,Y
PAY_CONFIRM_V2,100513,TREATMENT,2026-03-26,Y
PAY_CONFIRM_V2,105295,TREATMENT,2026-03-26,Y
PAY_CONFIRM_V2,105644,CONTROL,2026-03-07,Y
PAY_CONFIRM_V2,104331,CONTROL,2026-03-24,Y
PAY_CONFIRM_V2,103813,TREATMENT,2026-03-25,Y
PAY_CONFIRM_V2,103995,CONTROL,2026-03-15,Y
PAY_CONFIRM_V2,104365,TREATMENT,2026-03-18,Y
PAY_CONFIRM_V2,106819,TREATMENT,2026-03-24,Y
PAY_CONFIRM_V2,103030,TREATMENT,2026-03-06,Y
PAY_CONFIRM_V2,105628,TREATMENT,2026-03-24,Y
PAY_CONFIRM_V2,100260,TREATMENT,2026-03-13,Y
PAY_CONFIRM_V2,107773,TREATMENT,2026-03-08,Y
PAY_CONFIRM_V2,109485,CONTROL,2026-03-30,Y
PAY_CONFIRM_V2,109409,TREATMENT,2026-03-03,Y
PAY_CONFIRM_V2,101013,CONTROL,2026-03-17,Y
PAY_CONFIRM_V2,106294,CONTROL,2026-03-25,Y
PAY_CONFIRM_V2,108070,CONTROL,2026-03-22,Y
PAY_CONFIRM_V2,101075,TREATMENT,2026-03-29,Y
PAY_CONFIRM_V2,108166,CONTROL,2026-03-12,Y
PAY_CONFIRM_V2,103696,CONTROL,2026-03-10,Y
PAY_CONFIRM_V2,103210,CONTROL,2026-03-09,Y
PAY_CONFIRM_V2,100920,CONTROL,2026-03-21,Y
PAY_CONFIRM_V2,103249,TREATMENT,2026-03-13,Y
PAY_CONFIRM_V2,101308,CONTROL,2026-03-07,Y
PAY_CONFIRM_V2,102641,CONTROL,2026-03-29,Y
PAY_CONFIRM_V2,103981,TREATMENT,2026-03-05,Y
PAY_CONFIRM_V2,108706,TREATMENT,2026-03-20,Y
PAY_CONFIRM_V2,104065,CONTROL,2026-03-03,Y
PAY_CONFIRM_V2,103832,CONTROL,2026-03-21,Y
PAY_CONFIRM_V2,108853,CONTROL,2026-03-17,Y
PAY_CONFIRM_V2,107811,TREATMENT,2026-03-16,Y
PAY_CONFIRM_V2,107165,CONTROL,2026-03-07,Y
PAY_CONFIRM_V2,104326,CONTROL,2026-03-21,Y
PAY_CONFIRM_V2,109462,TREATMENT,2026-03-08,Y
PAY_CONFIRM_V2,100517,CONTROL,2026-03-02,Y
PAY_CONFIRM_V2,109634,TREATMENT,2026-03-16,Y
PAY_CONFIRM_V2,105287,CONTROL,2026-03-25,Y
PAY_CONFIRM_V2,100133,CONTROL,2026-03-17,Y
PAY_CONFIRM_V2,107222,TREATMENT,2026-03-10,Y
PAY_CONFIRM_V2,108153,TREATMENT,2026-03-24,Y
PAY_CONFIRM_V2,107859,TREATMENT,2026-03-19,Y
PAY_CONFIRM_V2,100228,CONTROL,2026-03-06,Y
PAY_CONFIRM_V2,103489,CONTROL,2026-03-05,Y
PAY_CONFIRM_V2,106361,CONTROL,2026-03-22,Y
PAY_CONFIRM_V2,100574,TREATMENT,2026-03-06,Y
PAY_CONFIRM_V2,104390,TREATMENT,2026-03-27,Y
PAY_CONFIRM_V2,100881,CONTROL,2026-03-23,Y
PAY_CONFIRM_V2,109717,CONTROL,2026-03-24,Y
PAY_CONFIRM_V2,100991,TREATMENT,2026-03-10,Y
PAY_CONFIRM_V2,109301,TREATMENT,2026-03-16,Y
PAY_CONFIRM_V2,103807,TREATMENT,2026-03-09,Y
PAY_CONFIRM_V2,100326,TREATMENT,2026-03-24,Y
PAY_CONFIRM_V2,104335,TREATMENT,2026-03-03,Y
PAY_CONFIRM_V2,100817,TREATMENT,2026-03-17,Y
PAY_CONFIRM_V2,108039,CONTROL,2026-03-11,Y
PAY_CONFIRM_V2,107721,CONTROL,2026-03-12,Y
PAY_CONFIRM_V2,100609,TREATMENT,2026-03-29,Y
PAY_CONFIRM_V2,102100,TREATMENT,2026-03-23,Y
PAY_CONFIRM_V2,103469,TREATMENT,2026-03-13,Y
PAY_CONFIRM_V2,108712,TREATMENT,2026-03-24,Y
PAY_CONFIRM_V2,104038,TREATMENT,2026-03-02,Y
PAY_CONFIRM_V2,105955,TREATMENT,2026-03-21,Y
PAY_CONFIRM_V2,103278,TREATMENT,2026-03-14,Y
PAY_CONFIRM_V2,106060,TREATMENT,2026-03-13,Y
PAY_CONFIRM_V2,103083,CONTROL,2026-03-07,Y
PAY_CONFIRM_V2,100142,CONTROL,2026-03-26,Y
PAY_CONFIRM_V2,109168,TREATMENT,2026-03-03,Y
PAY_CONFIRM_V2,108466,TREATMENT,2026-03-04,Y
PAY_CONFIRM_V2,101413,TREATMENT,2026-03-09,Y
PAY_CONFIRM_V2,102856,TREATMENT,2026-03-27,Y
PAY_CONFIRM_V2,106412,TREATMENT,2026-03-10,Y
PAY_CONFIRM_V2,106703,TREATMENT,2026-03-09,Y
PAY_CONFIRM_V2,109893,CONTROL,2026-03-04,Y
PAY_CONFIRM_V2,108932,CONTROL,2026-03-09,Y
PAY_CONFIRM_V2,103027,TREATMENT,2026-03-23,Y
PAY_CONFIRM_V2,102525,CONTROL,2026-03-03,Y
PAY_CONFIRM_V2,108366,TREATMENT,2026-03-30,Y
PAY_CONFIRM_V2,107340,CONTROL,2026-03-20,Y
PAY_CONFIRM_V2,102016,CONTROL,2026-03-20,Y
PAY_CONFIRM_V2,107819,TREATMENT,2026-03-16,Y
PAY_CONFIRM_V2,105908,TREATMENT,2026-03-27,Y
PAY_CONFIRM_V2,103114,TREATMENT,2026-03-23,Y
PAY_CONFIRM_V2,109849,TREATMENT,2026-03-18,Y
PAY_CONFIRM_V2,100146,TREATMENT,2026-03-24,Y
PAY_CONFIRM_V2,107850,CONTROL,2026-03-07,Y
PAY_CONFIRM_V2,102824,TREATMENT,2026-03-28,Y
PAY_CONFIRM_V2,109450,TREATMENT,2026-03-12,Y
PAY_CONFIRM_V2,108879,CONTROL,2026-03-23,Y
PAY_CONFIRM_V2,107131,CONTROL,2026-03-03,Y
PAY_CONFIRM_V2,102041,CONTROL,2026-03-21,Y
PAY_CONFIRM_V2,108030,CONTROL,2026-03-25,Y
PAY_CONFIRM_V2,102436,CONTROL,2026-03-30,Y
PAY_CONFIRM_V2,106531,CONTROL,2026-03-24,Y
PAY_CONFIRM_V2,102036,CONTROL,2026-03-09,Y
PAY_CONFIRM_V2,102912,TREATMENT,2026-03-18,Y
PAY_CONFIRM_V2,108562,CONTROL,2026-03-29,Y
PAY_CONFIRM_V2,108186,TREATMENT,2026-03-18,Y
PAY_CONFIRM_V2,103142,TREATMENT,2026-03-16,Y
PAY_CONFIRM_V2,107145,TREATMENT,2026-03-08,Y
PAY_CONFIRM_V2,101201,CONTROL,2026-03-02,Y
PAY_CONFIRM_V2,104309,TREATMENT,2026-03-15,Y
PAY_CONFIRM_V2,103989,TREATMENT,2026-03-18,Y
PAY_CONFIRM_V2,108077,TREATMENT,2026-03-19,Y
PAY_CONFIRM_V2,103276,TREATMENT,2026-03-10,Y
PAY_CONFIRM_V2,108141,TREATMENT,2026-03-02,Y
PAY_CONFIRM_V2,105896,CONTROL,2026-03-03,Y
PAY_CONFIRM_V2,106632,TREATMENT,2026-03-21,Y
PAY_CONFIRM_V2,109443,TREATMENT,2026-03-16,Y
PAY_CONFIRM_V2,107161,TREATMENT,2026-03-07,Y
PAY_CONFIRM_V2,107390,CONTROL,2026-03-21,Y
PAY_CONFIRM_V2,100332,CONTROL,2026-03-12,Y
PAY_CONFIRM_V2,108454,TREATMENT,2026-03-17,Y
PAY_CONFIRM_V2,103263,CONTROL,2026-03-11,Y
PAY_CONFIRM_V2,101113,CONTROL,2026-03-26,Y
PAY_CONFIRM_V2,100835,CONTROL,2026-03-30,Y
PAY_CONFIRM_V2,105382,CONTROL,2026-03-10,Y
PAY_CONFIRM_V2,104754,TREATMENT,2026-03-20,Y
PAY_CONFIRM_V2,107071,CONTROL,2026-03-21,Y
PAY_CONFIRM_V2,102109,CONTROL,2026-03-08,Y
PAY_CONFIRM_V2,101159,CONTROL,2026-03-03,Y
PAY_CONFIRM_V2,105541,TREATMENT,2026-03-27,Y
PAY_CONFIRM_V2,109643,TREATMENT,2026-03-01,Y
PAY_CONFIRM_V2,104174,CONTROL,2026-03-13,Y
PAY_CONFIRM_V2,105350,TREATMENT,2026-03-12,Y
PAY_CONFIRM_V2,107855,TREATMENT,2026-03-17,Y
PAY_CONFIRM_V2,101483,TREATMENT,2026-03-05,Y
PAY_CONFIRM_V2,107397,TREATMENT,2026-03-07,Y
PAY_CONFIRM_V2,100721,CONTROL,2026-03-15,Y
PAY_CONFIRM_V2,108645,CONTROL,2026-03-04,Y
PAY_CONFIRM_V2,108301,CONTROL,2026-03-01,Y
PAY_CONFIRM_V2,109848,TREATMENT,2026-03-21,Y
PAY_CONFIRM_V2,103611,TREATMENT,2026-03-22,Y
PAY_CONFIRM_V2,108116,CONTROL,2026-03-06,Y
PAY_CONFIRM_V2,100882,CONTROL,2026-03-01,Y
PAY_CONFIRM_V2,101979,TREATMENT,2026-03-09,Y
PAY_CONFIRM_V2,101094,TREATMENT,2026-03-23,Y
PAY_CONFIRM_V2,100899,CONTROL,2026-03-26,Y
PAY_CONFIRM_V2,101067,CONTROL,2026-03-02,Y
PAY_CONFIRM_V2,102142,TREATMENT,2026-03-02,Y
PAY_CONFIRM_V2,108081,CONTROL,2026-03-07,Y
PAY_CONFIRM_V2,101986,CONTROL,2026-03-04,Y
PAY_CONFIRM_V2,108064,TREATMENT,2026-03-07,Y
PAY_CONFIRM_V2,108140,CONTROL,2026-03-18,Y
PAY_CONFIRM_V2,100845,TREATMENT,2026-03-23,Y
PAY_CONFIRM_V2,101502,CONTROL,2026-03-03,Y
PAY_CONFIRM_V2,106631,CONTROL,2026-03-02,Y
PAY_CONFIRM_V2,105072,TREATMENT,2026-03-29,Y
PAY_CONFIRM_V2,108060,TREATMENT,2026-03-22,Y
PAY_CONFIRM_V2,103803,CONTROL,2026-03-20,Y
PAY_CONFIRM_V2,102735,TREATMENT,2026-03-21,Y
PAY_CONFIRM_V2,105695,TREATMENT,2026-03-10,Y
PAY_CONFIRM_V2,108844,TREATMENT,2026-03-17,Y
PAY_CONFIRM_V2,107311,CONTROL,2026-03-12,Y
PAY_CONFIRM_V2,104923,CONTROL,2026-03-12,Y
PAY_CONFIRM_V2,103233,TREATMENT,2026-03-04,Y
PAY_CONFIRM_V2,107987,TREATMENT,2026-03-02,Y
PAY_CONFIRM_V2,109075,CONTROL,2026-03-29,Y
PAY_CONFIRM_V2,100884,TREATMENT,2026-03-04,Y
PAY_CONFIRM_V2,105485,TREATMENT,2026-03-06,Y
PAY_CONFIRM_V2,101123,TREATMENT,2026-03-18,Y
PAY_CONFIRM_V2,102439,CONTROL,2026-03-18,Y
PAY_CONFIRM_V2,105110,CONTROL,2026-03-09,Y
PAY_CONFIRM_V2,108743,TREATMENT,2026-03-20,Y
PAY_CONFIRM_V2,108529,TREATMENT,2026-03-15,Y
PAY_CONFIRM_V2,102470,CONTROL,2026-03-14,Y
PAY_CONFIRM_V2,108090,CONTROL,2026-03-30,Y
PAY_CONFIRM_V2,109575,CONTROL,2026-03-08,Y
PAY_CONFIRM_V2,107758,CONTROL,2026-03-23,Y
PAY_CONFIRM_V2,106189,CONTROL,2026-03-30,Y
PAY_CONFIRM_V2,102927,TREATMENT,2026-03-15,Y
PAY_CONFIRM_V2,105037,TREATMENT,2026-03-10,Y
PAY_CONFIRM_V2,108442,CONTROL,2026-03-29,Y
PAY_CONFIRM_V2,107828,TREATMENT,2026-03-10,Y
PAY_CONFIRM_V2,100861,TREATMENT,2026-03-25,Y
PAY_CONFIRM_V2,100110,TREATMENT,2026-03-03,Y
PAY_CONFIRM_V2,109928,CONTROL,2026-03-19,Y
PAY_CONFIRM_V2,109549,CONTROL,2026-03-19,Y
PAY_CONFIRM_V2,108417,CONTROL,2026-03-19,Y
PAY_CONFIRM_V2,107598,TREATMENT,2026-03-12,Y
PAY_CONFIRM_V2,104249,CONTROL,2026-03-22,Y
PAY_CONFIRM_V2,104705,CONTROL,2026-03-12,Y
PAY_CONFIRM_V2,105918,CONTROL,2026-03-03,Y
PAY_CONFIRM_V2,102167,TREATMENT,2026-03-02,Y
PAY_CONFIRM_V2,103164,CONTROL,2026-03-03,Y
PAY_CONFIRM_V2,109248,CONTROL,2026-03-08,Y
PAY_CONFIRM_V2,100743,TREATMENT,2026-03-03,Y
PAY_CONFIRM_V2,103071,CONTROL,2026-03-13,Y
PAY_CONFIRM_V2,101462,CONTROL,2026-03-21,Y
PAY_CONFIRM_V2,106171,TREATMENT,2026-03-15,Y
PAY_CONFIRM_V2,102685,TREATMENT,2026-03-21,Y
PAY_CONFIRM_V2,102354,TREATMENT,2026-03-06,Y
PAY_CONFIRM_V2,100652,TREATMENT,2026-03-11,Y
PAY_CONFIRM_V2,109434,TREATMENT,2026-03-12,Y
PAY_CONFIRM_V2,103750,TREATMENT,2026-03-01,Y
PAY_CONFIRM_V2,100029,TREATMENT,2026-03-03,Y
PAY_CONFIRM_V2,101562,CONTROL,2026-03-03,Y
PAY_CONFIRM_V2,104875,TREATMENT,2026-03-24,Y
PAY_CONFIRM_V2,101277,TREATMENT,2026-03-07,Y
PAY_CONFIRM_V2,105057,CONTROL,2026-03-25,Y
PAY_CONFIRM_V2,108702,CONTROL,2026-03-16,Y
PAY_CONFIRM_V2,103680,CONTROL,2026-03-02,Y
PAY_CONFIRM_V2,104090,TREATMENT,2026-03-05,Y
PAY_CONFIRM_V2,107651,CONTROL,2026-03-12,Y
PAY_CONFIRM_V2,103155,CONTROL,2026-03-21,Y
PAY_CONFIRM_V2,105787,CONTROL,2026-03-04,Y
PAY_CONFIRM_V2,108621,CONTROL,2026-03-20,Y
PAY_CONFIRM_V2,109805,CONTROL,2026-03-14,Y
PAY_CONFIRM_V2,107700,CONTROL,2026-03-07,Y
PAY_CONFIRM_V2,104622,CONTROL,2026-03-13,Y
PAY_CONFIRM_V2,103490,TREATMENT,2026-03-30,Y
PAY_CONFIRM_V2,100838,TREATMENT,2026-03-12,Y
PAY_CONFIRM_V2,100297,TREATMENT,2026-03-06,Y
PAY_CONFIRM_V2,108532,TREATMENT,2026-03-18,Y
PAY_CONFIRM_V2,104156,CONTROL,2026-03-26,Y
PAY_CONFIRM_V2,100690,TREATMENT,2026-03-27,Y
PAY_CONFIRM_V2,109261,CONTROL,2026-03-14,Y
PAY_CONFIRM_V2,100206,TREATMENT,2026-03-26,Y
PAY_CONFIRM_V2,107728,TREATMENT,2026-03-13,Y
PAY_CONFIRM_V2,106055,TREATMENT,2026-03-16,Y
PAY_CONFIRM_V2,109758,TREATMENT,2026-03-23,Y
PAY_CONFIRM_V2,103421,TREATMENT,2026-03-22,Y
PAY_CONFIRM_V2,103003,CONTROL,2026-03-11,Y
PAY_CONFIRM_V2,105761,TREATMENT,2026-03-13,Y
PAY_CONFIRM_V2,109750,CONTROL,2026-03-20,Y
PAY_CONFIRM_V2,103615,TREATMENT,2026-03-07,Y
PAY_CONFIRM_V2,108025,TREATMENT,2026-03-14,Y
PAY_CONFIRM_V2,108674,TREATMENT,2026-03-11,Y
PAY_CONFIRM_V2,107150,CONTROL,2026-03-14,Y
PAY_CONFIRM_V2,100469,TREATMENT,2026-03-24,Y
PAY_CONFIRM_V2,109902,CONTROL,2026-03-03,Y
PAY_CONFIRM_V2,107676,TREATMENT,2026-03-07,Y
PAY_CONFIRM_V2,106862,TREATMENT,2026-03-10,Y
PAY_CONFIRM_V2,108183,TREATMENT,2026-03-24,Y
PAY_CONFIRM_V2,105927,CONTROL,2026-03-23,Y
PAY_CONFIRM_V2,108581,CONTROL,2026-03-29,Y
PAY_CONFIRM_V2,107214,CONTROL,2026-03-08,Y
PAY_CONFIRM_V2,100704,CONTROL,2026-03-18,Y
PAY_CONFIRM_V2,104732,TREATMENT,2026-03-15,Y
PAY_CONFIRM_V2,100824,TREATMENT,2026-03-24,Y
PAY_CONFIRM_V2,106517,TREATMENT,2026-03-20,Y
PAY_CONFIRM_V2,108022,CONTROL,2026-03-03,Y
PAY_CONFIRM_V2,108510,CONTROL,2026-03-02,Y
PAY_CONFIRM_V2,104362,CONTROL,2026-03-11,Y
PAY_CONFIRM_V2,107090,CONTROL,2026-03-25,Y
PAY_CONFIRM_V2,106662,TREATMENT,2026-03-28,Y
PAY_CONFIRM_V2,103642,CONTROL,2026-03-16,Y
PAY_CONFIRM_V2,108175,TREATMENT,2026-03-08,Y
PAY_CONFIRM_V2,108244,CONTROL,2026-03-04,Y
PAY_CONFIRM_V2,107833,TREATMENT,2026-03-03,Y
PAY_CONFIRM_V2,101209,CONTROL,2026-03-29,Y
PAY_CONFIRM_V2,109283,CONTROL,2026-03-10,Y
PAY_CONFIRM_V2,107344,TREATMENT,2026-03-08,Y
PAY_CONFIRM_V2,100781,CONTROL,2026-03-06,Y
PAY_CONFIRM_V2,103580,CONTROL,2026-03-09,Y
PAY_CONFIRM_V2,100632,CONTROL,2026-03-28,Y
PAY_CONFIRM_V2,100711,TREATMENT,2026-03-27,Y
PAY_CONFIRM_V2,108830,TREATMENT,2026-03-07,Y
PAY_CONFIRM_V2,109681,CONTROL,2026-03-01,Y
PAY_CONFIRM_V2,103021,CONTROL,2026-03-13,Y
PAY_CONFIRM_V2,102347,CONTROL,2026-03-10,Y
PAY_CONFIRM_V2,106036,CONTROL,2026-03-14,Y
PAY_CONFIRM_V2,101954,CONTROL,2026-03-26,Y
PAY_CONFIRM_V2,104351,TREATMENT,2026-03-25,Y
PAY_CONFIRM_V2,102031,TREATMENT,2026-03-20,Y
PAY_CONFIRM_V2,101453,TREATMENT,2026-03-06,Y
PAY_CONFIRM_V2,107470,CONTROL,2026-03-24,Y
PAY_CONFIRM_V2,108303,CONTROL,2026-03-27,Y
PAY_CONFIRM_V2,100787,CONTROL,2026-03-21,Y
PAY_CONFIRM_V2,109500,TREATMENT,2026-03-13,Y
PAY_CONFIRM_V2,104934,CONTROL,2026-03-01,Y
PAY_CONFIRM_V2,108698,TREATMENT,2026-03-18,Y
PAY_CONFIRM_V2,105394,TREATMENT,2026-03-16,Y
PAY_CONFIRM_V2,104590,CONTROL,2026-03-19,Y
PAY_CONFIRM_V2,105071,CONTROL,2026-03-01,Y
PAY_CONFIRM_V2,109215,TREATMENT,2026-03-18,Y
PAY_CONFIRM_V2,109345,CONTROL,2026-03-14,Y
PAY_CONFIRM_V2,103137,CONTROL,2026-03-02,Y
PAY_CONFIRM_V2,104172,CONTROL,2026-03-23,Y
PAY_CONFIRM_V2,104835,TREATMENT,2026-03-27,Y
PAY_CONFIRM_V2,107035,CONTROL,2026-03-29,Y
PAY_CONFIRM_V2,107561,TREATMENT,2026-03-16,Y
PAY_CONFIRM_V2,102287,CONTROL,2026-03-09,Y
PAY_CONFIRM_V2,101931,TREATMENT,2026-03-13,Y
PAY_CONFIRM_V2,107675,TREATMENT,2026-03-09,Y
PAY_CONFIRM_V2,103733,CONTROL,2026-03-17,Y
PAY_CONFIRM_V2,108919,CONTROL,2026-03-20,Y
PAY_CONFIRM_V2,103781,CONTROL,2026-03-19,Y
PAY_CONFIRM_V2,108434,CONTROL,2026-03-11,Y
PAY_CONFIRM_V2,100633,TREATMENT,2026-03-06,Y
PAY_CONFIRM_V2,101795,TREATMENT,2026-03-28,Y
PAY_CONFIRM_V2,109544,CONTROL,2026-03-13,Y
PAY_CONFIRM_V2,101358,TREATMENT,2026-03-17,Y
PAY_CONFIRM_V2,104688,CONTROL,2026-03-17,Y
PAY_CONFIRM_V2,108403,CONTROL,2026-03-29,Y
PAY_CONFIRM_V2,103721,CONTROL,2026-03-04,Y
PAY_CONFIRM_V2,103568,CONTROL,2026-03-23,Y
PAY_CONFIRM_V2,103592,TREATMENT,2026-03-01,Y
PAY_CONFIRM_V2,108174,CONTROL,2026-03-16,Y
PAY_CONFIRM_V2,107220,TREATMENT,2026-03-19,Y
PAY_CONFIRM_V2,104806,CONTROL,2026-03-04,Y
PAY_CONFIRM_V2,102208,TREATMENT,2026-03-01,Y
PAY_CONFIRM_V2,106475,CONTROL,2026-03-19,Y
PAY_CONFIRM_V2,102467,CONTROL,2026-03-09,Y
PAY_CONFIRM_V2,103357,CONTROL,2026-03-30,Y
PAY_CONFIRM_V2,109010,TREATMENT,2026-03-15,Y
PAY_CONFIRM_V2,100654,CONTROL,2026-03-29,Y
PAY_CONFIRM_V2,106238,TREATMENT,2026-03-18,Y
PAY_CONFIRM_V2,103375,TREATMENT,2026-03-12,Y
PAY_CONFIRM_V2,107025,TREATMENT,2026-03-27,Y
PAY_CONFIRM_V2,106364,TREATMENT,2026-03-23,Y
PAY_CONFIRM_V2,106988,TREATMENT,2026-03-28,Y
PAY_CONFIRM_V2,109992,CONTROL,2026-03-01,Y
PAY_CONFIRM_V2,107399,CONTROL,2026-03-19,Y
PAY_CONFIRM_V2,103242,CONTROL,2026-03-12,Y
PAY_CONFIRM_V2,109592,TREATMENT,2026-03-07,Y
PAY_CONFIRM_V2,108475,TREATMENT,2026-03-10,Y
PAY_CONFIRM_V2,107054,TREATMENT,2026-03-08,Y
PAY_CONFIRM_V2,108001,CONTROL,2026-03-24,Y
PAY_CONFIRM_V2,102504,CONTROL,2026-03-07,Y
PAY_CONFIRM_V2,109222,CONTROL,2026-03-01,Y
PAY_CONFIRM_V2,107857,TREATMENT,2026-03-24,Y
PAY_CONFIRM_V2,101407,CONTROL,2026-03-01,Y
PAY_CONFIRM_V2,101947,TREATMENT,2026-03-24,Y
PAY_CONFIRM_V2,106918,TREATMENT,2026-03-16,Y
PAY_CONFIRM_V2,102274,CONTROL,2026-03-25,Y
PAY_CONFIRM_V2,104356,TREATMENT,2026-03-30,Y
PAY_CONFIRM_V2,106917,CONTROL,2026-03-27,Y
PAY_CONFIRM_V2,109964,CONTROL,2026-03-28,Y
PAY_CONFIRM_V2,105164,CONTROL,2026-03-25,Y
PAY_CONFIRM_V2,101811,CONTROL,2026-03-14,Y
PAY_CONFIRM_V2,103911,CONTROL,2026-03-21,Y
PAY_CONFIRM_V2,106398,TREATMENT,2026-03-04,Y
PAY_CONFIRM_V2,101807,CONTROL,2026-03-26,Y
PAY_CONFIRM_V2,106737,CONTROL,2026-03-30,Y
PAY_CONFIRM_V2,101551,CONTROL,2026-03-08,Y
PAY_CONFIRM_V2,100937,CONTROL,2026-03-24,Y
PAY_CONFIRM_V2,109281,TREATMENT,2026-03-09,Y
PAY_CONFIRM_V2,102067,CONTROL,2026-03-26,Y
PAY_CONFIRM_V2,107144,TREATMENT,2026-03-16,Y
PAY_CONFIRM_V2,100197,TREATMENT,2026-03-01,Y
PAY_CONFIRM_V2,107661,TREATMENT,2026-03-29,Y
PAY_CONFIRM_V2,108354,TREATMENT,2026-03-13,Y
PAY_CONFIRM_V2,107350,TREATMENT,2026-03-01,Y
PAY_CONFIRM_V2,109495,CONTROL,2026-03-25,Y
PAY_CONFIRM_V2,108918,CONTROL,2026-03-09,Y
PAY_CONFIRM_V2,108870,TREATMENT,2026-03-28,Y
PAY_CONFIRM_V2,100065,TREATMENT,2026-03-16,Y
PAY_CONFIRM_V2,102605,CONTROL,2026-03-03,Y
PAY_CONFIRM_V2,102719,TREATMENT,2026-03-04,Y
PAY_CONFIRM_V2,102811,CONTROL,2026-03-23,Y
PAY_CONFIRM_V2,107562,TREATMENT,2026-03-03,Y
PAY_CONFIRM_V2,104438,TREATMENT,2026-03-13,Y
PAY_CONFIRM_V2,101838,CONTROL,2026-03-23,Y
PAY_CONFIRM_V2,101030,CONTROL,2026-03-23,Y
PAY_CONFIRM_V2,109647,TREATMENT,2026-03-14,Y
PAY_CONFIRM_V2,103778,TREATMENT,2026-03-16,Y
PAY_CONFIRM_V2,107391,TREATMENT,2026-03-27,Y
PAY_CONFIRM_V2,100129,CONTROL,2026-03-04,Y
PAY_CONFIRM_V2,101547,CONTROL,2026-03-26,Y
PAY_CONFIRM_V2,109022,TREATMENT,2026-03-28,Y
PAY_CONFIRM_V2,100986,TREATMENT,2026-03-16,Y
PAY_CONFIRM_V2,106010,TREATMENT,2026-03-09,Y
PAY_CONFIRM_V2,108959,CONTROL,2026-03-05,Y
PAY_CONFIRM_V2,104528,CONTROL,2026-03-23,Y
PAY_CONFIRM_V2,108751,CONTROL,2026-03-20,Y
PAY_CONFIRM_V2,108693,TREATMENT,2026-03-27,Y
PAY_CONFIRM_V2,109903,CONTROL,2026-03-14,Y
PAY_CONFIRM_V2,106266,TREATMENT,2026-03-03,Y
PAY_CONFIRM_V2,109463,TREATMENT,2026-03-11,Y
PAY_CONFIRM_V2,104793,CONTROL,2026-03-03,Y
PAY_CONFIRM_V2,109614,TREATMENT,2026-03-05,Y
PAY_CONFIRM_V2,108251,TREATMENT,2026-03-22,Y
PAY_CONFIRM_V2,107967,CONTROL,2026-03-02,Y
PAY_CONFIRM_V2,101411,TREATMENT,2026-03-27,Y
PAY_CONFIRM_V2,101952,TREATMENT,2026-03-19,Y
PAY_CONFIRM_V2,100933,CONTROL,2026-03-13,Y
PAY_CONFIRM_V2,104668,TREATMENT,2026-03-28,Y
PAY_CONFIRM_V2,102428,TREATMENT,2026-03-15,Y
PAY_CONFIRM_V2,105931,TREATMENT,2026-03-13,Y
PAY_CONFIRM_V2,109800,TREATMENT,2026-03-30,Y
PAY_CONFIRM_V2,100369,TREATMENT,2026-03-13,Y
PAY_CONFIRM_V2,103475,TREATMENT,2026-03-03,Y
PAY_CONFIRM_V2,104364,TREATMENT,2026-03-25,Y
PAY_CONFIRM_V2,103875,CONTROL,2026-03-19,Y
PAY_CONFIRM_V2,108774,TREATMENT,2026-03-17,Y
PAY_CONFIRM_V2,103141,CONTROL,2026-03-08,Y
PAY_CONFIRM_V2,103925,TREATMENT,2026-03-09,Y
PAY_CONFIRM_V2,108660,CONTROL,2026-03-11,Y
PAY_CONFIRM_V2,106869,TREATMENT,2026-03-22,Y
PAY_CONFIRM_V2,108268,TREATMENT,2026-03-25,Y
PAY_CONFIRM_V2,102751,TREATMENT,2026-03-17,Y
PAY_CONFIRM_V2,101154,TREATMENT,2026-03-24,Y
PAY_CONFIRM_V2,109765,CONTROL,2026-03-11,Y
PAY_CONFIRM_V2,109036,CONTROL,2026-03-04,Y
PAY_CONFIRM_V2,101768,CONTROL,2026-03-15,Y
PAY_CONFIRM_V2,105346,TREATMENT,2026-03-23,Y
PAY_CONFIRM_V2,102870,CONTROL,2026-03-18,Y
PAY_CONFIRM_V2,104714,TREATMENT,2026-03-10,Y
PAY_CONFIRM_V2,103906,CONTROL,2026-03-16,Y
PAY_CONFIRM_V2,101771,CONTROL,2026-03-21,Y
PAY_CONFIRM_V2,101553,CONTROL,2026-03-13,Y
PAY_CONFIRM_V2,102224,TREATMENT,2026-03-23,Y
PAY_CONFIRM_V2,109947,TREATMENT,2026-03-30,Y
PAY_CONFIRM_V2,102488,CONTROL,2026-03-20,Y
PAY_CONFIRM_V2,108105,CONTROL,2026-03-22,Y
PAY_CONFIRM_V2,108856,TREATMENT,2026-03-05,Y
PAY_CONFIRM_V2,100871,TREATMENT,2026-03-11,Y
PAY_CONFIRM_V2,104360,CONTROL,2026-03-17,Y
PAY_CONFIRM_V2,101513,CONTROL,2026-03-22,Y
PAY_CONFIRM_V2,106302,TREATMENT,2026-03-26,Y
PAY_CONFIRM_V2,106990,CONTROL,2026-03-08,Y
PAY_CONFIRM_V2,101450,TREATMENT,2026-03-02,Y
PAY_CONFIRM_V2,103125,TREATMENT,2026-03-16,Y
PAY_CONFIRM_V2,109122,TREATMENT,2026-03-24,Y
PAY_CONFIRM_V2,101249,CONTROL,2026-03-11,Y
PAY_CONFIRM_V2,107748,CONTROL,2026-03-08,Y
PAY_CONFIRM_V2,106092,CONTROL,2026-03-23,Y
PAY_CONFIRM_V2,109304,TREATMENT,2026-03-10,Y
PAY_CONFIRM_V2,106448,CONTROL,2026-03-14,Y
PAY_CONFIRM_V2,101304,CONTROL,2026-03-06,Y
PAY_CONFIRM_V2,100589,TREATMENT,2026-03-13,Y
PAY_CONFIRM_V2,109192,CONTROL,2026-03-13,Y
PAY_CONFIRM_V2,101583,TREATMENT,2026-03-14,Y
PAY_CONFIRM_V2,108476,CONTROL,2026-03-05,Y
PAY_CONFIRM_V2,104506,CONTROL,2026-03-14,Y
PAY_CONFIRM_V2,103119,TREATMENT,2026-03-16,Y
PAY_CONFIRM_V2,102239,TREATMENT,2026-03-11,Y
PAY_CONFIRM_V2,104081,TREATMENT,2026-03-30,Y
PAY_CONFIRM_V2,108356,CONTROL,2026-03-10,Y
PAY_CONFIRM_V2,109937,CONTROL,2026-03-04,Y
PAY_CONFIRM_V2,106296,TREATMENT,2026-03-05,Y
PAY_CONFIRM_V2,100076,TREATMENT,2026-03-03,Y
PAY_CONFIRM_V2,108147,TREATMENT,2026-03-09,Y
PAY_CONFIRM_V2,109960,CONTROL,2026-03-23,Y
PAY_CONFIRM_V2,105324,CONTROL,2026-03-14,Y
PAY_CONFIRM_V2,109487,CONTROL,2026-03-27,Y
PAY_CONFIRM_V2,108791,CONTROL,2026-03-25,Y
PAY_CONFIRM_V2,105075,CONTROL,2026-03-28,Y
PAY_CONFIRM_V2,105642,CONTROL,2026-03-12,Y
PAY_CONFIRM_V2,105160,TREATMENT,2026-03-13,Y
PAY_CONFIRM_V2,107431,CONTROL,2026-03-07,Y
PAY_CONFIRM_V2,107971,CONTROL,2026-03-08,Y
PAY_CONFIRM_V2,101576,TREATMENT,2026-03-24,Y
PAY_CONFIRM_V2,100045,CONTROL,2026-03-05,Y
PAY_CONFIRM_V2,104991,TREATMENT,2026-03-04,Y
PAY_CONFIRM_V2,108430,CONTROL,2026-03-14,Y
PAY_CONFIRM_V2,104505,TREATMENT,2026-03-03,Y
PAY_CONFIRM_V2,107322,TREATMENT,2026-03-08,Y
PAY_CONFIRM_V2,104148,CONTROL,2026-03-11,Y
PAY_CONFIRM_V2,101816,CONTROL,2026-03-28,Y
PAY_CONFIRM_V2,105456,CONTROL,2026-03-19,Y
PAY_CONFIRM_V2,104750,TREATMENT,2026-03-09,Y
PAY_CONFIRM_V2,102025,CONTROL,2026-03-26,Y
PAY_CONFIRM_V2,103582,TREATMENT,2026-03-06,Y
PAY_CONFIRM_V2,104639,TREATMENT,2026-03-28,Y
PAY_CONFIRM_V2,109866,CONTROL,2026-03-30,Y
PAY_CONFIRM_V2,103746,TREATMENT,2026-03-15,Y
PAY_CONFIRM_V2,105965,TREATMENT,2026-03-12,Y
PAY_CONFIRM_V2,109430,TREATMENT,2026-03-07,Y
PAY_CONFIRM_V2,100323,TREATMENT,2026-03-16,Y
PAY_CONFIRM_V2,107296,TREATMENT,2026-03-27,Y
PAY_CONFIRM_V2,104918,TREATMENT,2026-03-02,Y
PAY_CONFIRM_V2,105662,CONTROL,2026-03-11,Y
PAY_CONFIRM_V2,101516,TREATMENT,2026-03-30,Y
PAY_CONFIRM_V2,106782,TREATMENT,2026-03-02,Y
PAY_CONFIRM_V2,109698,TREATMENT,2026-03-07,Y
PAY_CONFIRM_V2,105156,CONTROL,2026-03-24,Y
PAY_CONFIRM_V2,101353,CONTROL,2026-03-07,Y
PAY_CONFIRM_V2,100371,TREATMENT,2026-03-14,Y
PAY_CONFIRM_V2,101248,TREATMENT,2026-03-23,Y
PAY_CONFIRM_V2,101992,CONTROL,2026-03-08,Y
PAY_CONFIRM_V2,104797,TREATMENT,2026-03-14,Y
PAY_CONFIRM_V2,107408,CONTROL,2026-03-17,Y
PAY_CONFIRM_V2,107209,CONTROL,2026-03-12,Y
PAY_CONFIRM_V2,101354,TREATMENT,2026-03-06,Y
PAY_CONFIRM_V2,105105,CONTROL,2026-03-17,Y
PAY_CONFIRM_V2,105546,TREATMENT,2026-03-01,Y
PAY_CONFIRM_V2,107906,CONTROL,2026-03-23,Y
PAY_CONFIRM_V2,106778,TREATMENT,2026-03-21,Y
PAY_CONFIRM_V2,108543,TREATMENT,2026-03-25,Y
PAY_CONFIRM_V2,107556,TREATMENT,2026-03-30,Y
PAY_CONFIRM_V2,100145,CONTROL,2026-03-11,Y
PAY_CONFIRM_V2,104647,CONTROL,2026-03-25,Y
PAY_CONFIRM_V2,109364,TREATMENT,2026-03-05,Y
PAY_CONFIRM_V2,100010,TREATMENT,2026-03-21,Y
PAY_CONFIRM_V2,100199,TREATMENT,2026-03-24,Y
PAY_CONFIRM_V2,109504,CONTROL,2026-03-20,Y
PAY_CONFIRM_V2,106704,TREATMENT,2026-03-22,Y
PAY_CONFIRM_V2,102552,TREATMENT,2026-03-07,Y
PAY_CONFIRM_V2,105891,TREATMENT,2026-03-06,Y
PAY_CONFIRM_V2,107922,CONTROL,2026-03-17,Y
PAY_CONFIRM_V2,101944,TREATMENT,2026-03-25,Y
PAY_CONFIRM_V2,104513,TREATMENT,2026-03-11,Y
PAY_CONFIRM_V2,107060,TREATMENT,2026-03-13,Y
PAY_CONFIRM_V2,107751,TREATMENT,2026-03-18,Y
PAY_CONFIRM_V2,101174,TREATMENT,2026-03-06,Y
PAY_CONFIRM_V2,108944,CONTROL,2026-03-02,Y
PAY_CONFIRM_V2,106624,CONTROL,2026-03-03,Y
PAY_CONFIRM_V2,102928,TREATMENT,2026-03-12,Y
PAY_CONFIRM_V2,100868,CONTROL,2026-03-26,Y
PAY_CONFIRM_V2,102808,CONTROL,2026-03-17,Y
PAY_CONFIRM_V2,105315,TREATMENT,2026-03-21,Y
PAY_CONFIRM_V2,109225,TREATMENT,2026-03-09,Y
PAY_CONFIRM_V2,106362,TREATMENT,2026-03-29,Y
PAY_CONFIRM_V2,103186,CONTROL,2026-03-21,Y
PAY_CONFIRM_V2,101971,TREATMENT,2026-03-24,Y
PAY_CONFIRM_V2,104110,CONTROL,2026-03-20,Y
PAY_CONFIRM_V2,106893,CONTROL,2026-03-26,Y
PAY_CONFIRM_V2,107108,CONTROL,2026-03-03,Y
PAY_CONFIRM_V2,104057,TREATMENT,2026-03-20,Y
PAY_CONFIRM_V2,101251,CONTROL,2026-03-17,Y
PAY_CONFIRM_V2,106352,CONTROL,2026-03-22,Y
PAY_CONFIRM_V2,108276,CONTROL,2026-03-02,Y
PAY_CONFIRM_V2,103069,CONTROL,2026-03-13,Y
PAY_CONFIRM_V2,103159,CONTROL,2026-03-23,Y
PAY_CONFIRM_V2,107048,CONTROL,2026-03-20,Y
PAY_CONFIRM_V2,100294,TREATMENT,2026-03-21,Y
PAY_CONFIRM_V2,104782,CONTROL,2026-03-14,Y
PAY_CONFIRM_V2,106722,TREATMENT,2026-03-02,Y
PAY_CONFIRM_V2,100696,TREATMENT,2026-03-25,Y
PAY_CONFIRM_V2,107406,CONTROL,2026-03-13,Y
PAY_CONFIRM_V2,108453,CONTROL,2026-03-15,Y
PAY_CONFIRM_V2,109147,CONTROL,2026-03-12,Y
PAY_CONFIRM_V2,106553,TREATMENT,2026-03-01,Y
PAY_CONFIRM_V2,100171,TREATMENT,2026-03-24,Y
PAY_CONFIRM_V2,104935,CONTROL,2026-03-14,Y
PAY_CONFIRM_V2,108846,CONTROL,2026-03-09,Y
PAY_CONFIRM_V2,109477,CONTROL,2026-03-15,Y
PAY_CONFIRM_V2,106034,TREATMENT,2026-03-02,Y
PAY_CONFIRM_V2,100263,CONTROL,2026-03-23,Y
PAY_CONFIRM_V2,108516,CONTROL,2026-03-03,Y
PAY_CONFIRM_V2,107231,CONTROL,2026-03-12,Y
PAY_CONFIRM_V2,108956,CONTROL,2026-03-09,Y
PAY_CONFIRM_V2,105555,CONTROL,2026-03-07,Y
PAY_CONFIRM_V2,106121,CONTROL,2026-03-21,Y
PAY_CONFIRM_V2,101566,TREATMENT,2026-03-08,Y
PAY_CONFIRM_V2,101602,CONTROL,2026-03-28,Y
PAY_CONFIRM_V2,102997,TREATMENT,2026-03-06,Y
PAY_CONFIRM_V2,109049,CONTROL,2026-03-05,Y
PAY_CONFIRM_V2,102173,CONTROL,2026-03-02,Y
PAY_CONFIRM_V2,109374,CONTROL,2026-03-29,Y
PAY_CONFIRM_V2,103374,CONTROL,2026-03-03,Y
PAY_CONFIRM_V2,100610,CONTROL,2026-03-05,Y
PAY_CONFIRM_V2,109819,TREATMENT,2026-03-29,Y
PAY_CONFIRM_V2,104054,TREATMENT,2026-03-10,Y
PAY_CONFIRM_V2,106796,CONTROL,2026-03-30,Y
PAY_CONFIRM_V2,105193,CONTROL,2026-03-17,Y
PAY_CONFIRM_V2,105841,CONTROL,2026-03-28,Y
PAY_CONFIRM_V2,107354,TREATMENT,2026-03-07,Y
PAY_CONFIRM_V2,107731,TREATMENT,2026-03-14,Y
PAY_CONFIRM_V2,104416,CONTROL,2026-03-11,Y
PAY_CONFIRM_V2,105718,CONTROL,2026-03-14,Y
PAY_CONFIRM_V2,103483,TREATMENT,2026-03-13,Y
PAY_CONFIRM_V2,102138,TREATMENT,2026-03-17,Y
PAY_CONFIRM_V2,101093,TREATMENT,2026-03-29,Y
PAY_CONFIRM_V2,101840,TREATMENT,2026-03-18,Y
PAY_CONFIRM_V2,100276,CONTROL,2026-03-22,Y
PAY_CONFIRM_V2,109111,TREATMENT,2026-03-23,Y
PAY_CONFIRM_V2,104188,CONTROL,2026-03-30,Y
PAY_CONFIRM_V2,104829,CONTROL,2026-03-03,Y
PAY_CONFIRM_V2,106641,TREATMENT,2026-03-27,Y
PAY_CONFIRM_V2,106621,CONTROL,2026-03-16,Y
PAY_CONFIRM_V2,107062,TREATMENT,2026-03-10,Y
PAY_CONFIRM_V2,106591,CONTROL,2026-03-24,Y
PAY_CONFIRM_V2,102718,TREATMENT,2026-03-14,Y
PAY_CONFIRM_V2,100055,CONTROL,2026-03-09,Y
PAY_CONFIRM_V2,109263,TREATMENT,2026-03-02,Y
PAY_CONFIRM_V2,105866,TREATMENT,2026-03-27,Y
PAY_CONFIRM_V2,102668,CONTROL,2026-03-30,Y
PAY_CONFIRM_V2,102910,TREATMENT,2026-03-29,Y
PAY_CONFIRM_V2,100232,CONTROL,2026-03-05,Y
PAY_CONFIRM_V2,100594,CONTROL,2026-03-30,Y
PAY_CONFIRM_V2,100635,CONTROL,2026-03-01,Y
PAY_CONFIRM_V2,109905,CONTROL,2026-03-12,Y
PAY_CONFIRM_V2,105310,CONTROL,2026-03-08,Y
PAY_CONFIRM_V2,106164,TREATMENT,2026-03-22,Y
PAY_CONFIRM_V2,109471,CONTROL,2026-03-11,Y
PAY_CONFIRM_V2,106754,TREATMENT,2026-03-02,Y
PAY_CONFIRM_V2,108492,TREATMENT,2026-03-13,Y
PAY_CONFIRM_V2,109694,CONTROL,2026-03-11,Y
PAY_CONFIRM_V2,103603,CONTROL,2026-03-12,Y
PAY_CONFIRM_V2,109827,CONTROL,2026-03-09,Y
PAY_CONFIRM_V2,103313,CONTROL,2026-03-01,Y
PAY_CONFIRM_V2,100300,TREATMENT,2026-03-28,Y
PAY_CONFIRM_V2,103392,TREATMENT,2026-03-20,Y
PAY_CONFIRM_V2,103678,CONTROL,2026-03-23,Y
PAY_CONFIRM_V2,109924,CONTROL,2026-03-27,Y
PAY_CONFIRM_V2,107043,CONTROL,2026-03-04,Y
PAY_CONFIRM_V2,104788,CONTROL,2026-03-05,Y
PAY_CONFIRM_V2,104836,TREATMENT,2026-03-06,Y
PAY_CONFIRM_V2,108559,TREATMENT,2026-03-25,Y
PAY_CONFIRM_V2,106049,CONTROL,2026-03-28,Y
PAY_CONFIRM_V2,108542,CONTROL,2026-03-06,Y
PAY_CONFIRM_V2,104629,TREATMENT,2026-03-06,Y
PAY_CONFIRM_V2,106920,TREATMENT,2026-03-12,Y
PAY_CONFIRM_V2,100680,TREATMENT,2026-03-07,Y
PAY_CONFIRM_V2,109382,TREATMENT,2026-03-06,Y
PAY_CONFIRM_V2,103660,TREATMENT,2026-03-01,Y
PAY_CONFIRM_V2,104648,TREATMENT,2026-03-08,Y
PAY_CONFIRM_V2,104880,TREATMENT,2026-03-19,Y
PAY_CONFIRM_V2,107960,CONTROL,2026-03-25,Y
PAY_CONFIRM_V2,108734,CONTROL,2026-03-10,Y
PAY_CONFIRM_V2,103938,CONTROL,2026-03-03,Y
PAY_CONFIRM_V2,106526,TREATMENT,2026-03-17,Y
PAY_CONFIRM_V2,109582,TREATMENT,2026-03-02,Y
PAY_CONFIRM_V2,101048,CONTROL,2026-03-16,Y
PAY_CONFIRM_V2,101429,CONTROL,2026-03-17,Y
PAY_CONFIRM_V2,102529,TREATMENT,2026-03-02,Y
PAY_CONFIRM_V2,102932,TREATMENT,2026-03-12,Y
PAY_CONFIRM_V2,101264,CONTROL,2026-03-29,Y
PAY_CONFIRM_V2,100324,TREATMENT,2026-03-05,Y
PAY_CONFIRM_V2,102437,CONTROL,2026-03-14,Y
PAY_CONFIRM_V2,108512,CONTROL,2026-03-21,Y
PAY_CONFIRM_V2,108478,CONTROL,2026-03-17,Y
PAY_CONFIRM_V2,100068,CONTROL,2026-03-27,Y
PAY_CONFIRM_V2,100127,TREATMENT,2026-03-17,Y
PAY_CONFIRM_V2,107471,TREATMENT,2026-03-13,Y
PAY_CONFIRM_V2,106906,TREATMENT,2026-03-30,Y
PAY_CONFIRM_V2,103491,TREATMENT,2026-03-28,Y
PAY_CONFIRM_V2,107910,CONTROL,2026-03-16,Y
PAY_CONFIRM_V2,107973,CONTROL,2026-03-20,Y
PAY_CONFIRM_V2,109457,TREATMENT,2026-03-19,Y
PAY_CONFIRM_V2,102632,TREATMENT,2026-03-12,Y
PAY_CONFIRM_V2,101161,CONTROL,2026-03-08,Y
PAY_CONFIRM_V2,104787,TREATMENT,2026-03-11,Y
PAY_CONFIRM_V2,109648,TREATMENT,2026-03-27,Y
PAY_CONFIRM_V2,103819,CONTROL,2026-03-29,Y
PAY_CONFIRM_V2,100118,TREATMENT,2026-03-21,Y
PAY_CONFIRM_V2,107202,CONTROL,2026-03-03,Y
PAY_CONFIRM_V2,108790,CONTROL,2026-03-04,Y
PAY_CONFIRM_V2,106820,CONTROL,2026-03-09,Y
PAY_CONFIRM_V2,103789,CONTROL,2026-03-07,Y
PAY_CONFIRM_V2,101955,CONTROL,2026-03-07,Y
PAY_CONFIRM_V2,106118,TREATMENT,2026-03-22,Y
PAY_CONFIRM_V2,109951,TREATMENT,2026-03-10,Y
PAY_CONFIRM_V2,100483,CONTROL,2026-03-26,Y
PAY_CONFIRM_V2,101871,TREATMENT,2026-03-22,Y
PAY_CONFIRM_V2,104158,CONTROL,2026-03-19,Y
PAY_CONFIRM_V2,100661,TREATMENT,2026-03-12,Y
PAY_CONFIRM_V2,104207,TREATMENT,2026-03-03,Y
PAY_CONFIRM_V2,103182,TREATMENT,2026-03-20,Y
PAY_CONFIRM_V2,106793,TREATMENT,2026-03-21,Y
PAY_CONFIRM_V2,101637,CONTROL,2026-03-11,Y
PAY_CONFIRM_V2,108708,CONTROL,2026-03-07,Y
PAY_CONFIRM_V2,100115,TREATMENT,2026-03-20,Y
PAY_CONFIRM_V2,100104,TREATMENT,2026-03-19,Y
PAY_CONFIRM_V2,108680,CONTROL,2026-03-15,Y
PAY_CONFIRM_V2,108015,CONTROL,2026-03-12,Y
PAY_CONFIRM_V2,107140,TREATMENT,2026-03-24,Y
PAY_CONFIRM_V2,101555,CONTROL,2026-03-30,Y
PAY_CONFIRM_V2,104170,CONTROL,2026-03-30,Y
PAY_CONFIRM_V2,109082,TREATMENT,2026-03-12,Y
PAY_CONFIRM_V2,105956,TREATMENT,2026-03-07,Y
PAY_CONFIRM_V2,107618,TREATMENT,2026-03-04,Y
PAY_CONFIRM_V2,100219,TREATMENT,2026-03-25,Y
PAY_CONFIRM_V2,106986,CONTROL,2026-03-30,Y
PAY_CONFIRM_V2,101105,TREATMENT,2026-03-09,Y
PAY_CONFIRM_V2,105489,CONTROL,2026-03-11,Y
PAY_CONFIRM_V2,104491,TREATMENT,2026-03-03,Y
PAY_CONFIRM_V2,102745,CONTROL,2026-03-28,Y
PAY_CONFIRM_V2,103504,TREATMENT,2026-03-05,Y
PAY_CONFIRM_V2,109580,TREATMENT,2026-03-16,Y
PAY_CONFIRM_V2,100157,TREATMENT,2026-03-22,Y
PAY_CONFIRM_V2,100414,TREATMENT,2026-03-06,Y
PAY_CONFIRM_V2,107189,TREATMENT,2026-03-05,Y
PAY_CONFIRM_V2,104167,CONTROL,2026-03-27,Y
PAY_CONFIRM_V2,108045,TREATMENT,2026-03-28,Y
PAY_CONFIRM_V2,101023,TREATMENT,2026-03-03,Y
PAY_CONFIRM_V2,103987,CONTROL,2026-03-30,Y
PAY_CONFIRM_V2,106249,TREATMENT,2026-03-19,Y
PAY_CONFIRM_V2,100375,TREATMENT,2026-03-30,Y
PAY_CONFIRM_V2,101052,CONTROL,2026-03-10,Y
PAY_CONFIRM_V2,106433,TREATMENT,2026-03-22,Y
PAY_CONFIRM_V2,106692,CONTROL,2026-03-06,Y
PAY_CONFIRM_V2,101759,TREATMENT,2026-03-30,Y
PAY_CONFIRM_V2,108569,TREATMENT,2026-03-09,Y
PAY_CONFIRM_V2,106762,TREATMENT,2026-03-13,Y
PAY_CONFIRM_V2,108909,TREATMENT,2026-03-23,Y
PAY_CONFIRM_V2,103522,TREATMENT,2026-03-30,Y
PAY_CONFIRM_V2,101130,CONTROL,2026-03-21,Y
PAY_CONFIRM_V2,101953,CONTROL,2026-03-20,Y
PAY_CONFIRM_V2,101790,CONTROL,2026-03-11,Y
PAY_CONFIRM_V2,105237,TREATMENT,2026-03-27,Y
PAY_CONFIRM_V2,100498,CONTROL,2026-03-28,Y
PAY_CONFIRM_V2,103690,CONTROL,2026-03-11,Y
PAY_CONFIRM_V2,108387,CONTROL,2026-03-20,Y
PAY_CONFIRM_V2,105923,CONTROL,2026-03-21,Y
PAY_CONFIRM_V2,106318,CONTROL,2026-03-22,Y
PAY_CONFIRM_V2,108949,CONTROL,2026-03-20,Y
PAY_CONFIRM_V2,102370,CONTROL,2026-03-11,Y
PAY_CONFIRM_V2,101865,TREATMENT,2026-03-13,Y
PAY_CONFIRM_V2,107947,TREATMENT,2026-03-01,Y
PAY_CONFIRM_V2,108665,CONTROL,2026-03-18,Y
PAY_CONFIRM_V2,100581,CONTROL,2026-03-30,Y
PAY_CONFIRM_V2,103109,TREATMENT,2026-03-03,Y
PAY_CONFIRM_V2,100464,TREATMENT,2026-03-06,Y
PAY_CONFIRM_V2,102576,TREATMENT,2026-03-26,Y
PAY_CONFIRM_V2,100221,CONTROL,2026-03-07,Y
PAY_CONFIRM_V2,107176,CONTROL,2026-03-14,Y
PAY_CONFIRM_V2,104549,TREATMENT,2026-03-03,Y
PAY_CONFIRM_V2,104941,CONTROL,2026-03-04,Y
PAY_CONFIRM_V2,102146,TREATMENT,2026-03-17,Y
PAY_CONFIRM_V2,100848,TREATMENT,2026-03-21,Y
PAY_CONFIRM_V2,109195,CONTROL,2026-03-09,Y
PAY_CONFIRM_V2,106561,TREATMENT,2026-03-18,Y
PAY_CONFIRM_V2,106766,TREATMENT,2026-03-06,Y
PAY_CONFIRM_V2,100945,TREATMENT,2026-03-07,Y
PAY_CONFIRM_V2,106317,TREATMENT,2026-03-20,Y
PAY_CONFIRM_V2,100181,TREATMENT,2026-03-06,Y
PAY_CONFIRM_V2,100718,TREATMENT,2026-03-01,Y
PAY_CONFIRM_V2,101496,TREATMENT,2026-03-08,Y
PAY_CONFIRM_V2,105935,TREATMENT,2026-03-15,Y
PAY_CONFIRM_V2,102017,CONTROL,2026-03-10,Y
PAY_CONFIRM_V2,106284,CONTROL,2026-03-11,Y
PAY_CONFIRM_V2,103116,TREATMENT,2026-03-21,Y
PAY_CONFIRM_V2,108511,CONTROL,2026-03-01,Y
PAY_CONFIRM_V2,104418,TREATMENT,2026-03-24,Y
PAY_CONFIRM_V2,107041,CONTROL,2026-03-11,Y
PAY_CONFIRM_V2,100348,CONTROL,2026-03-05,Y
PAY_CONFIRM_V2,104213,CONTROL,2026-03-20,Y
PAY_CONFIRM_V2,102210,TREATMENT,2026-03-25,Y
PAY_CONFIRM_V2,107080,TREATMENT,2026-03-02,Y
PAY_CONFIRM_V2,102409,CONTROL,2026-03-21,Y
PAY_CONFIRM_V2,104859,CONTROL,2026-03-09,Y
PAY_CONFIRM_V2,108686,CONTROL,2026-03-21,Y
PAY_CONFIRM_V2,104010,TREATMENT,2026-03-04,Y
PAY_CONFIRM_V2,103857,CONTROL,2026-03-04,Y
PAY_CONFIRM_V2,100679,CONTROL,2026-03-28,Y
PAY_CONFIRM_V2,104512,CONTROL,2026-03-24,Y
PAY_CONFIRM_V2,108759,TREATMENT,2026-03-20,Y
PAY_CONFIRM_V2,101066,TREATMENT,2026-03-01,Y
PAY_CONFIRM_V2,109328,TREATMENT,2026-03-04,Y
PAY_CONFIRM_V2,101213,TREATMENT,2026-03-25,Y
PAY_CONFIRM_V2,106027,TREATMENT,2026-03-15,Y
PAY_CONFIRM_V2,100454,TREATMENT,2026-03-26,Y
PAY_CONFIRM_V2,100134,TREATMENT,2026-03-07,Y
PAY_CONFIRM_V2,101831,CONTROL,2026-03-10,Y
PAY_CONFIRM_V2,103566,TREATMENT,2026-03-28,Y
PAY_CONFIRM_V2,103023,CONTROL,2026-03-11,Y
PAY_CONFIRM_V2,101384,TREATMENT,2026-03-29,Y
PAY_CONFIRM_V2,109366,TREATMENT,2026-03-07,Y
PAY_CONFIRM_V2,105433,TREATMENT,2026-03-20,Y
PAY_CONFIRM_V2,104695,TREATMENT,2026-03-11,Y
PAY_CONFIRM_V2,103289,TREATMENT,2026-03-08,Y
PAY_CONFIRM_V2,106970,CONTROL,2026-03-05,Y
PAY_CONFIRM_V2,105402,CONTROL,2026-03-23,Y
PAY_CONFIRM_V2,105465,TREATMENT,2026-03-03,Y
PAY_CONFIRM_V2,108770,TREATMENT,2026-03-09,Y
PAY_CONFIRM_V2,101291,CONTROL,2026-03-03,Y
PAY_CONFIRM_V2,108445,CONTROL,2026-03-08,Y
PAY_CONFIRM_V2,108922,TREATMENT,2026-03-02,Y
PAY_CONFIRM_V2,101321,TREATMENT,2026-03-23,Y
PAY_CONFIRM_V2,105588,TREATMENT,2026-03-06,Y
PAY_CONFIRM_V2,100658,CONTROL,2026-03-25,Y
PAY_CONFIRM_V2,105864,CONTROL,2026-03-29,Y
PAY_CONFIRM_V2,103085,TREATMENT,2026-03-23,Y
PAY_CONFIRM_V2,108878,TREATMENT,2026-03-27,Y
PAY_CONFIRM_V2,108208,TREATMENT,2026-03-19,Y
PAY_CONFIRM_V2,109700,CONTROL,2026-03-12,Y
PAY_CONFIRM_V2,108290,CONTROL,2026-03-02,Y
PAY_CONFIRM_V2,108355,CONTROL,2026-03-05,Y
PAY_CONFIRM_V2,104984,TREATMENT,2026-03-22,Y
PAY_CONFIRM_V2,100716,TREATMENT,2026-03-17,Y
PAY_CONFIRM_V2,109656,TREATMENT,2026-03-08,Y
PAY_CONFIRM_V2,101678,CONTROL,2026-03-23,Y
PAY_CONFIRM_V2,107992,CONTROL,2026-03-06,Y
PAY_CONFIRM_V2,101433,CONTROL,2026-03-07,Y
PAY_CONFIRM_V2,100018,CONTROL,2026-03-02,Y
PAY_CONFIRM_V2,101415,TREATMENT,2026-03-06,Y
PAY_CONFIRM_V2,101341,TREATMENT,2026-03-13,Y
PAY_CONFIRM_V2,100017,TREATMENT,2026-03-20,Y
PAY_CONFIRM_V2,107411,TREATMENT,2026-03-07,Y
PAY_CONFIRM_V2,106570,TREATMENT,2026-03-24,Y
PAY_CONFIRM_V2,101378,CONTROL,2026-03-19,Y
PAY_CONFIRM_V2,109362,CONTROL,2026-03-04,Y
PAY_CONFIRM_V2,108189,TREATMENT,2026-03-22,Y
PAY_CONFIRM_V2,107203,TREATMENT,2026-03-11,Y
PAY_CONFIRM_V2,100503,CONTROL,2026-03-08,Y
PAY_CONFIRM_V2,101712,TREATMENT,2026-03-18,Y
PAY_CONFIRM_V2,107392,CONTROL,2026-03-12,Y
PAY_CONFIRM_V2,105663,TREATMENT,2026-03-20,Y
PAY_CONFIRM_V2,104559,TREATMENT,2026-03-06,Y
PAY_CONFIRM_V2,103126,CONTROL,2026-03-05,Y
PAY_CONFIRM_V2,105003,CONTROL,2026-03-03,Y
PAY_CONFIRM_V2,107461,TREATMENT,2026-03-10,Y
PAY_CONFIRM_V2,100119,TREATMENT,2026-03-06,Y
PAY_CONFIRM_V2,107508,TREATMENT,2026-03-14,Y
PAY_CONFIRM_V2,102944,TREATMENT,2026-03-26,Y
PAY_CONFIRM_V2,104974,TREATMENT,2026-03-08,Y
PAY_CONFIRM_V2,107073,TREATMENT,2026-03-17,Y
PAY_CONFIRM_V2,105724,CONTROL,2026-03-07,Y
PAY_CONFIRM_V2,100167,CONTROL,2026-03-12,Y
PAY_CONFIRM_V2,105557,TREATMENT,2026-03-02,Y
PAY_CONFIRM_V2,109713,CONTROL,2026-03-11,Y
PAY_CONFIRM_V2,105861,TREATMENT,2026-03-15,Y
PAY_CONFIRM_V2,101386,CONTROL,2026-03-24,Y
PAY_CONFIRM_V2,101810,CONTROL,2026-03-10,Y
PAY_CONFIRM_V2,108515,CONTROL,2026-03-30,Y
PAY_CONFIRM_V2,104760,CONTROL,2026-03-02,Y
PAY_CONFIRM_V2,100057,CONTROL,2026-03-08,Y
PAY_CONFIRM_V2,106007,TREATMENT,2026-03-15,Y
PAY_CONFIRM_V2,106615,TREATMENT,2026-03-19,Y
PAY_CONFIRM_V2,107647,TREATMENT,2026-03-15,Y
PAY_CONFIRM_V2,103147,TREATMENT,2026-03-20,Y
PAY_CONFIRM_V2,100556,TREATMENT,2026-03-02,Y
PAY_CONFIRM_V2,108255,CONTROL,2026-03-17,Y
PAY_CONFIRM_V2,103900,CONTROL,2026-03-13,Y
PAY_CONFIRM_V2,102399,TREATMENT,2026-03-08,Y
PAY_CONFIRM_V2,105106,TREATMENT,2026-03-20,Y
PAY_CONFIRM_V2,100802,TREATMENT,2026-03-13,Y
PAY_CONFIRM_V2,105010,CONTROL,2026-03-09,Y
PAY_CONFIRM_V2,108631,CONTROL,2026-03-26,Y
PAY_CONFIRM_V2,109300,TREATMENT,2026-03-10,Y
PAY_CONFIRM_V2,105639,CONTROL,2026-03-09,Y
PAY_CONFIRM_V2,100828,CONTROL,2026-03-01,Y
PAY_CONFIRM_V2,104048,CONTROL,2026-03-20,Y
PAY_CONFIRM_V2,101933,CONTROL,2026-03-12,Y
PAY_CONFIRM_V2,108564,TREATMENT,2026-03-16,Y
PAY_CONFIRM_V2,100982,TREATMENT,2026-03-17,Y
PAY_CONFIRM_V2,102082,CONTROL,2026-03-06,Y
PAY_CONFIRM_V2,107137,CONTROL,2026-03-05,Y
PAY_CONFIRM_V2,108326,TREATMENT,2026-03-06,Y
PAY_CONFIRM_V2,109512,CONTROL,2026-03-14,Y
PAY_CONFIRM_V2,100491,TREATMENT,2026-03-22,Y
PAY_CONFIRM_V2,105205,TREATMENT,2026-03-10,Y
PAY_CONFIRM_V2,107762,TREATMENT,2026-03-19,Y
PAY_CONFIRM_V2,109994,CONTROL,2026-03-05,Y
PAY_CONFIRM_V2,103122,TREATMENT,2026-03-30,Y
PAY_CONFIRM_V2,105420,TREATMENT,2026-03-12,Y
PAY_CONFIRM_V2,102607,CONTROL,2026-03-12,Y
PAY_CONFIRM_V2,107010,TREATMENT,2026-03-22,Y
PAY_CONFIRM_V2,104640,CONTROL,2026-03-03,Y
PAY_CONFIRM_V2,106873,TREATMENT,2026-03-03,Y
PAY_CONFIRM_V2,101802,CONTROL,2026-03-25,Y
PAY_CONFIRM_V2,100313,TREATMENT,2026-03-16,Y
PAY_CONFIRM_V2,101352,TREATMENT,2026-03-08,Y
PAY_CONFIRM_V2,106953,TREATMENT,2026-03-11,Y
PAY_CONFIRM_V2,109644,TREATMENT,2026-03-05,Y
PAY_CONFIRM_V2,106201,TREATMENT,2026-03-27,Y
PAY_CONFIRM_V2,107764,CONTROL,2026-03-04,Y
PAY_CONFIRM_V2,102299,CONTROL,2026-03-17,Y
PAY_CONFIRM_V2,103413,CONTROL,2026-03-17,Y
PAY_CONFIRM_V2,108571,TREATMENT,2026-03-11,Y
PAY_CONFIRM_V2,102403,CONTROL,2026-03-21,Y
PAY_CONFIRM_V2,100474,TREATMENT,2026-03-13,Y
PAY_CONFIRM_V2,105837,TREATMENT,2026-03-12,Y
PAY_CONFIRM_V2,101532,TREATMENT,2026-03-25,Y
PAY_CONFIRM_V2,108893,CONTROL,2026-03-12,Y
PAY_CONFIRM_V2,106065,CONTROL,2026-03-15,Y
PAY_CONFIRM_V2,107884,TREATMENT,2026-03-13,Y
PAY_CONFIRM_V2,108579,TREATMENT,2026-03-22,Y
PAY_CONFIRM_V2,103156,CONTROL,2026-03-03,Y
PAY_CONFIRM_V2,107502,TREATMENT,2026-03-13,Y
PAY_CONFIRM_V2,102503,CONTROL,2026-03-21,Y
PAY_CONFIRM_V2,104089,TREATMENT,2026-03-03,Y
PAY_CONFIRM_V2,108987,CONTROL,2026-03-24,Y
PAY_CONFIRM_V2,106375,TREATMENT,2026-03-12,Y
PAY_CONFIRM_V2,103064,CONTROL,2026-03-19,Y
PAY_CONFIRM_V2,103183,CONTROL,2026-03-05,Y
PAY_CONFIRM_V2,104312,CONTROL,2026-03-20,Y
PAY_CONFIRM_V2,104656,CONTROL,2026-03-12,Y
PAY_CONFIRM_V2,101901,TREATMENT,2026-03-24,Y
PAY_CONFIRM_V2,105502,TREATMENT,2026-03-10,Y
PAY_CONFIRM_V2,101622,TREATMENT,2026-03-23,Y
PAY_CONFIRM_V2,105742,TREATMENT,2026-03-01,Y
PAY_CONFIRM_V2,104692,TREATMENT,2026-03-03,Y
PAY_CONFIRM_V2,108858,TREATMENT,2026-03-06,Y
PAY_CONFIRM_V2,105355,CONTROL,2026-03-30,Y
PAY_CONFIRM_V2,109945,TREATMENT,2026-03-15,Y
PAY_CONFIRM_V2,100285,CONTROL,2026-03-04,Y
PAY_CONFIRM_V2,105842,CONTROL,2026-03-11,Y
PAY_CONFIRM_V2,108760,CONTROL,2026-03-01,Y
PAY_CONFIRM_V2,105015,CONTROL,2026-03-21,Y
PAY_CONFIRM_V2,101635,TREATMENT,2026-03-16,Y
PAY_CONFIRM_V2,107844,TREATMENT,2026-03-06,Y
PAY_CONFIRM_V2,108378,TREATMENT,2026-03-14,Y
PAY_CONFIRM_V2,108727,TREATMENT,2026-03-06,Y
PAY_CONFIRM_V2,108904,CONTROL,2026-03-25,Y
PAY_CONFIRM_V2,102054,TREATMENT,2026-03-18,Y
PAY_CONFIRM_V2,100865,CONTROL,2026-03-27,Y
PAY_CONFIRM_V2,108737,TREATMENT,2026-03-24,Y
PAY_CONFIRM_V2,100420,CONTROL,2026-03-27,Y
PAY_CONFIRM_V2,103530,CONTROL,2026-03-28,Y
PAY_CONFIRM_V2,108269,TREATMENT,2026-03-18,Y
PAY_CONFIRM_V2,100001,TREATMENT,2026-03-23,Y
PAY_CONFIRM_V2,105215,CONTROL,2026-03-22,Y
PAY_CONFIRM_V2,106243,TREATMENT,2026-03-08,Y
PAY_CONFIRM_V2,101484,CONTROL,2026-03-19,Y
PAY_CONFIRM_V2,105597,CONTROL,2026-03-12,Y
PAY_CONFIRM_V2,107368,CONTROL,2026-03-18,Y
PAY_CONFIRM_V2,107807,TREATMENT,2026-03-16,Y
PAY_CONFIRM_V2,101518,TREATMENT,2026-03-05,Y
PAY_CONFIRM_V2,107153,TREATMENT,2026-03-29,Y
PAY_CONFIRM_V2,104703,CONTROL,2026-03-18,Y
PAY_CONFIRM_V2,105564,TREATMENT,2026-03-10,Y
PAY_CONFIRM_V2,107245,TREATMENT,2026-03-05,Y
PAY_CONFIRM_V2,107983,CONTROL,2026-03-10,Y
PAY_CONFIRM_V2,100579,CONTROL,2026-03-18,Y
PAY_CONFIRM_V2,106220,TREATMENT,2026-03-18,Y
PAY_CONFIRM_V2,104313,TREATMENT,2026-03-08,Y
PAY_CONFIRM_V2,105165,CONTROL,2026-03-25,Y
PAY_CONFIRM_V2,109652,CONTROL,2026-03-03,Y
PAY_CONFIRM_V2,100255,TREATMENT,2026-03-17,Y
PAY_CONFIRM_V2,102181,TREATMENT,2026-03-03,Y
PAY_CONFIRM_V2,103024,TREATMENT,2026-03-25,Y
PAY_CONFIRM_V2,104680,TREATMENT,2026-03-12,Y
PAY_CONFIRM_V2,107868,CONTROL,2026-03-25,Y
PAY_CONFIRM_V2,105762,TREATMENT,2026-03-17,Y
PAY_CONFIRM_V2,109837,CONTROL,2026-03-29,Y
PAY_CONFIRM_V2,108824,CONTROL,2026-03-25,Y
PAY_CONFIRM_V2,104943,CONTROL,2026-03-18,Y
PAY_CONFIRM_V2,102765,TREATMENT,2026-03-12,Y
PAY_CONFIRM_V2,100109,TREATMENT,2026-03-06,Y
PAY_CONFIRM_V2,102160,CONTROL,2026-03-29,Y
PAY_CONFIRM_V2,101517,CONTROL,2026-03-24,Y
PAY_CONFIRM_V2,109826,TREATMENT,2026-03-01,Y
PAY_CONFIRM_V2,106000,TREATMENT,2026-03-12,Y
PAY_CONFIRM_V2,102289,TREATMENT,2026-03-29,Y
PAY_CONFIRM_V2,109292,CONTROL,2026-03-08,Y
PAY_CONFIRM_V2,100859,CONTROL,2026-03-02,Y
PAY_CONFIRM_V2,101132,CONTROL,2026-03-10,Y
PAY_CONFIRM_V2,101866,TREATMENT,2026-03-29,Y
PAY_CONFIRM_V2,103368,CONTROL,2026-03-15,Y
PAY_CONFIRM_V2,102047,CONTROL,2026-03-30,Y
PAY_CONFIRM_V2,104825,CONTROL,2026-03-09,Y
PAY_CONFIRM_V2,109685,TREATMENT,2026-03-13,Y
PAY_CONFIRM_V2,101884,CONTROL,2026-03-26,Y
PAY_CONFIRM_V2,102484,CONTROL,2026-03-22,Y
PAY_CONFIRM_V2,107481,CONTROL,2026-03-24,Y
PAY_CONFIRM_V2,101510,TREATMENT,2026-03-10,Y
PAY_CONFIRM_V2,106197,CONTROL,2026-03-05,Y
PAY_CONFIRM_V2,103129,CONTROL,2026-03-16,Y
PAY_CONFIRM_V2,104283,CONTROL,2026-03-10,Y
PAY_CONFIRM_V2,100244,CONTROL,2026-03-07,Y
PAY_CONFIRM_V2,106076,CONTROL,2026-03-07,Y
PAY_CONFIRM_V2,104615,TREATMENT,2026-03-02,Y
PAY_CONFIRM_V2,100059,CONTROL,2026-03-20,Y
PAY_CONFIRM_V2,102996,CONTROL,2026-03-18,Y
PAY_CONFIRM_V2,100250,TREATMENT,2026-03-15,Y
PAY_CONFIRM_V2,100108,TREATMENT,2026-03-03,Y
PAY_CONFIRM_V2,105515,CONTROL,2026-03-11,Y
PAY_CONFIRM_V2,105538,TREATMENT,2026-03-17,Y
PAY_CONFIRM_V2,102387,CONTROL,2026-03-23,Y
PAY_CONFIRM_V2,107523,CONTROL,2026-03-12,Y
PAY_CONFIRM_V2,100389,CONTROL,2026-03-12,Y
PAY_CONFIRM_V2,104384,CONTROL,2026-03-07,Y
PAY_CONFIRM_V2,102108,TREATMENT,2026-03-11,Y
PAY_CONFIRM_V2,108213,CONTROL,2026-03-04,Y
PAY_CONFIRM_V2,100284,CONTROL,2026-03-22,Y
PAY_CONFIRM_V2,107890,TREATMENT,2026-03-16,Y
PAY_CONFIRM_V2,108491,CONTROL,2026-03-02,Y
PAY_CONFIRM_V2,103595,CONTROL,2026-03-10,Y
PAY_CONFIRM_V2,102596,TREATMENT,2026-03-01,Y
PAY_CONFIRM_V2,104882,TREATMENT,2026-03-21,Y
PAY_CONFIRM_V2,102514,TREATMENT,2026-03-05,Y
PAY_CONFIRM_V2,108799,TREATMENT,2026-03-01,Y
PAY_CONFIRM_V2,105534,CONTROL,2026-03-16,Y
PAY_CONFIRM_V2,101472,TREATMENT,2026-03-01,Y
PAY_CONFIRM_V2,107305,CONTROL,2026-03-22,Y
PAY_CONFIRM_V2,104635,TREATMENT,2026-03-29,Y
PAY_CONFIRM_V2,108606,TREATMENT,2026-03-29,Y
PAY_CONFIRM_V2,108085,CONTROL,2026-03-18,Y
PAY_CONFIRM_V2,107416,TREATMENT,2026-03-09,Y
PAY_CONFIRM_V2,101267,TREATMENT,2026-03-05,Y
PAY_CONFIRM_V2,100054,TREATMENT,2026-03-22,Y
PAY_CONFIRM_V2,106967,TREATMENT,2026-03-01,Y
PAY_CONFIRM_V2,105598,TREATMENT,2026-03-19,Y
PAY_CONFIRM_V2,103252,CONTROL,2026-03-21,Y
PAY_CONFIRM_V2,103227,CONTROL,2026-03-21,Y
PAY_CONFIRM_V2,108215,TREATMENT,2026-03-08,Y
PAY_CONFIRM_V2,100666,CONTROL,2026-03-08,Y
PAY_CONFIRM_V2,100024,CONTROL,2026-03-03,Y
PAY_CONFIRM_V2,106329,TREATMENT,2026-03-26,Y
PAY_CONFIRM_V2,103191,CONTROL,2026-03-30,Y
PAY_CONFIRM_V2,102977,CONTROL,2026-03-02,Y
PAY_CONFIRM_V2,107304,CONTROL,2026-03-11,Y
PAY_CONFIRM_V2,109530,CONTROL,2026-03-14,Y
PAY_CONFIRM_V2,103054,TREATMENT,2026-03-06,Y
PAY_CONFIRM_V2,104887,TREATMENT,2026-03-14,Y
PAY_CONFIRM_V2,106872,CONTROL,2026-03-05,Y
PAY_CONFIRM_V2,106536,TREATMENT,2026-03-25,Y
PAY_CONFIRM_V2,107472,TREATMENT,2026-03-27,Y
PAY_CONFIRM_V2,108993,CONTROL,2026-03-24,Y
PAY_CONFIRM_V2,109720,CONTROL,2026-03-25,Y
PAY_CONFIRM_V2,103890,TREATMENT,2026-03-24,Y
PAY_CONFIRM_V2,107808,TREATMENT,2026-03-15,Y
PAY_CONFIRM_V2,104893,TREATMENT,2026-03-05,Y
PAY_CONFIRM_V2,102544,CONTROL,2026-03-06,Y
PAY_CONFIRM_V2,102486,TREATMENT,2026-03-26,Y
PAY_CONFIRM_V2,104950,TREATMENT,2026-03-21,Y
PAY_CONFIRM_V2,103766,CONTROL,2026-03-14,Y
PAY_CONFIRM_V2,108682,TREATMENT,2026-03-26,Y
PAY_CONFIRM_V2,109021,CONTROL,2026-03-13,Y
PAY_CONFIRM_V2,108199,TREATMENT,2026-03-22,Y
PAY_CONFIRM_V2,101199,CONTROL,2026-03-25,Y
PAY_CONFIRM_V2,107398,CONTROL,2026-03-30,Y
PAY_CONFIRM_V2,105939,CONTROL,2026-03-09,Y
PAY_CONFIRM_V2,102412,CONTROL,2026-03-15,Y
PAY_CONFIRM_V2,108905,TREATMENT,2026-03-16,Y
PAY_CONFIRM_V2,106314,TREATMENT,2026-03-07,Y
PAY_CONFIRM_V2,109789,CONTROL,2026-03-03,Y
PAY_CONFIRM_V2,103948,CONTROL,2026-03-21,Y
PAY_CONFIRM_V2,109788,CONTROL,2026-03-04,Y
PAY_CONFIRM_V2,105563,TREATMENT,2026-03-11,Y
PAY_CONFIRM_V2,105436,TREATMENT,2026-03-06,Y
PAY_CONFIRM_V2,104770,CONTROL,2026-03-12,Y
PAY_CONFIRM_V2,101210,TREATMENT,2026-03-06,Y
PAY_CONFIRM_V2,104329,TREATMENT,2026-03-28,Y
PAY_CONFIRM_V2,104059,CONTROL,2026-03-01,Y
PAY_CONFIRM_V2,105803,TREATMENT,2026-03-14,Y
PAY_CONFIRM_V2,100254,CONTROL,2026-03-26,Y
PAY_CONFIRM_V2,104161,CONTROL,2026-03-24,Y
PAY_CONFIRM_V2,106471,CONTROL,2026-03-20,Y
PAY_CONFIRM_V2,103093,CONTROL,2026-03-17,Y
PAY_CONFIRM_V2,106830,TREATMENT,2026-03-11,Y
PAY_CONFIRM_V2,106219,TREATMENT,2026-03-12,Y
PAY_CONFIRM_V2,101570,TREATMENT,2026-03-02,Y
PAY_CONFIRM_V2,104985,CONTROL,2026-03-25,Y
PAY_CONFIRM_V2,106039,CONTROL,2026-03-23,Y
PAY_CONFIRM_V2,103073,CONTROL,2026-03-16,Y
PAY_CONFIRM_V2,109127,CONTROL,2026-03-26,Y
PAY_CONFIRM_V2,104222,CONTROL,2026-03-18,Y
PAY_CONFIRM_V2,105873,CONTROL,2026-03-17,Y
PAY_CONFIRM_V2,104581,CONTROL,2026-03-12,Y
PAY_CONFIRM_V2,101877,TREATMENT,2026-03-24,Y
PAY_CONFIRM_V2,101002,CONTROL,2026-03-27,Y
PAY_CONFIRM_V2,108209,CONTROL,2026-03-08,Y
PAY_CONFIRM_V2,106863,TREATMENT,2026-03-28,Y
PAY_CONFIRM_V2,100857,TREATMENT,2026-03-14,Y
PAY_CONFIRM_V2,101584,TREATMENT,2026-03-03,Y
PAY_CONFIRM_V2,103471,CONTROL,2026-03-19,Y
PAY_CONFIRM_V2,103091,TREATMENT,2026-03-24,Y
PAY_CONFIRM_V2,105379,TREATMENT,2026-03-11,Y
PAY_CONFIRM_V2,103852,CONTROL,2026-03-25,Y
PAY_CONFIRM_V2,105553,CONTROL,2026-03-03,Y
PAY_CONFIRM_V2,106907,CONTROL,2026-03-23,Y
PAY_CONFIRM_V2,108469,TREATMENT,2026-03-27,Y
PAY_CONFIRM_V2,100867,TREATMENT,2026-03-05,Y
PAY_CONFIRM_V2,104016,TREATMENT,2026-03-18,Y
PAY_CONFIRM_V2,103824,CONTROL,2026-03-13,Y
PAY_CONFIRM_V2,100266,CONTROL,2026-03-26,Y
PAY_CONFIRM_V2,104563,TREATMENT,2026-03-19,Y
PAY_CONFIRM_V2,105369,TREATMENT,2026-03-14,Y
PAY_CONFIRM_V2,106760,CONTROL,2026-03-26,Y
PAY_CONFIRM_V2,103609,CONTROL,2026-03-19,Y
PAY_CONFIRM_V2,103895,TREATMENT,2026-03-26,Y
PAY_CONFIRM_V2,106728,CONTROL,2026-03-10,Y
PAY_CONFIRM_V2,101905,TREATMENT,2026-03-12,Y
PAY_CONFIRM_V2,104297,CONTROL,2026-03-18,Y
PAY_CONFIRM_V2,101653,CONTROL,2026-03-22,Y
PAY_CONFIRM_V2,106601,CONTROL,2026-03-23,Y
PAY_CONFIRM_V2,101387,CONTROL,2026-03-25,Y
PAY_CONFIRM_V2,101230,TREATMENT,2026-03-10,Y
PAY_CONFIRM_V2,103937,TREATMENT,2026-03-15,Y
PAY_CONFIRM_V2,103699,TREATMENT,2026-03-07,Y
PAY_CONFIRM_V2,101089,TREATMENT,2026-03-21,Y
PAY_CONFIRM_V2,109309,TREATMENT,2026-03-27,Y
PAY_CONFIRM_V2,103774,TREATMENT,2026-03-04,Y
PAY_CONFIRM_V2,108937,TREATMENT,2026-03-05,Y
PAY_CONFIRM_V2,108855,TREATMENT,2026-03-12,Y
PAY_CONFIRM_V2,100952,CONTROL,2026-03-03,Y
PAY_CONFIRM_V2,109817,CONTROL,2026-03-18,Y
PAY_CONFIRM_V2,106507,CONTROL,2026-03-09,Y
PAY_CONFIRM_V2,105870,CONTROL,2026-03-16,Y
PAY_CONFIRM_V2,108302,CONTROL,2026-03-20,Y
PAY_CONFIRM_V2,106596,CONTROL,2026-03-13,Y
PAY_CONFIRM_V2,103012,CONTROL,2026-03-18,Y
PAY_CONFIRM_V2,107797,TREATMENT,2026-03-04,Y
PAY_CONFIRM_V2,104784,TREATMENT,2026-03-30,Y
PAY_CONFIRM_V2,106159,TREATMENT,2026-03-22,Y
PAY_CONFIRM_V2,102947,TREATMENT,2026-03-02,Y
PAY_CONFIRM_V2,104289,TREATMENT,2026-03-27,Y
PAY_CONFIRM_V2,100547,CONTROL,2026-03-08,Y
PAY_CONFIRM_V2,100140,CONTROL,2026-03-18,Y
PAY_CONFIRM_V2,109664,TREATMENT,2026-03-03,Y
PAY_CONFIRM_V2,100682,CONTROL,2026-03-11,Y
PAY_CONFIRM_V2,100878,CONTROL,2026-03-15,Y
PAY_CONFIRM_V2,104208,CONTROL,2026-03-19,Y
PAY_CONFIRM_V2,109173,CONTROL,2026-03-01,Y
PAY_CONFIRM_V2,103846,TREATMENT,2026-03-12,Y
PAY_CONFIRM_V2,107077,CONTROL,2026-03-21,Y
PAY_CONFIRM_V2,105424,CONTROL,2026-03-04,Y
PAY_CONFIRM_V2,100749,CONTROL,2026-03-23,Y
PAY_CONFIRM_V2,105177,TREATMENT,2026-03-26,Y
PAY_CONFIRM_V2,100430,CONTROL,2026-03-04,Y
PAY_CONFIRM_V2,105135,TREATMENT,2026-03-03,Y
PAY_CONFIRM_V2,101301,CONTROL,2026-03-01,Y
PAY_CONFIRM_V2,107698,TREATMENT,2026-03-24,Y
PAY_CONFIRM_V2,105266,TREATMENT,2026-03-27,Y
PAY_CONFIRM_V2,106024,TREATMENT,2026-03-21,Y
PAY_CONFIRM_V2,102623,TREATMENT,2026-03-18,Y
PAY_CONFIRM_V2,104422,TREATMENT,2026-03-06,Y
PAY_CONFIRM_V2,105059,CONTROL,2026-03-23,Y
PAY_CONFIRM_V2,105906,CONTROL,2026-03-06,Y
PAY_CONFIRM_V2,104229,CONTROL,2026-03-09,Y
PAY_CONFIRM_V2,100237,CONTROL,2026-03-12,Y
PAY_CONFIRM_V2,106114,TREATMENT,2026-03-19,Y
PAY_CONFIRM_V2,105615,CONTROL,2026-03-23,Y
PAY_CONFIRM_V2,102258,TREATMENT,2026-03-13,Y
PAY_CONFIRM_V2,100575,CONTROL,2026-03-28,Y
PAY_CONFIRM_V2,101686,TREATMENT,2026-03-02,Y
PAY_CONFIRM_V2,105730,CONTROL,2026-03-10,Y
PAY_CONFIRM_V2,101650,CONTROL,2026-03-25,Y
PAY_CONFIRM_V2,105389,TREATMENT,2026-03-01,Y
PAY_CONFIRM_V2,106043,CONTROL,2026-03-15,Y
PAY_CONFIRM_V2,105292,TREATMENT,2026-03-03,Y
PAY_CONFIRM_V2,100009,CONTROL,2026-03-16,Y
PAY_CONFIRM_V2,101989,CONTROL,2026-03-08,Y
PAY_CONFIRM_V2,103419,TREATMENT,2026-03-17,Y
PAY_CONFIRM_V2,102746,TREATMENT,2026-03-18,Y
PAY_CONFIRM_V2,104306,CONTROL,2026-03-07,Y
PAY_CONFIRM_V2,103673,TREATMENT,2026-03-04,Y
PAY_CONFIRM_V2,103931,TREATMENT,2026-03-05,Y
PAY_CONFIRM_V2,107742,CONTROL,2026-03-04,Y
PAY_CONFIRM_V2,102593,CONTROL,2026-03-27,Y
PAY_CONFIRM_V2,101751,TREATMENT,2026-03-17,Y
PAY_CONFIRM_V2,102343,TREATMENT,2026-03-02,Y
PAY_CONFIRM_V2,109257,CONTROL,2026-03-01,Y
PAY_CONFIRM_V2,102682,TREATMENT,2026-03-24,Y
PAY_CONFIRM_V2,101003,CONTROL,2026-03-02,Y
PAY_CONFIRM_V2,109930,CONTROL,2026-03-02,Y
PAY_CONFIRM_V2,109488,TREATMENT,2026-03-04,Y
PAY_CONFIRM_V2,102866,TREATMENT,2026-03-08,Y
PAY_CONFIRM_V2,106959,TREATMENT,2026-03-12,Y
PAY_CONFIRM_V2,104475,CONTROL,2026-03-19,Y
PAY_CONFIRM_V2,107107,TREATMENT,2026-03-05,Y
PAY_CONFIRM_V2,108767,CONTROL,2026-03-19,Y
PAY_CONFIRM_V2,102037,CONTROL,2026-03-09,Y
PAY_CONFIRM_V2,104988,CONTROL,2026-03-25,Y
PAY_CONFIRM_V2,103149,CONTROL,2026-03-17,Y
PAY_CONFIRM_V2,105703,CONTROL,2026-03-21,Y
PAY_CONFIRM_V2,109812,CONTROL,2026-03-11,Y
PAY_CONFIRM_V2,109459,CONTROL,2026-03-16,Y
PAY_CONFIRM_V2,105795,TREATMENT,2026-03-18,Y
PAY_CONFIRM_V2,103920,CONTROL,2026-03-30,Y
PAY_CONFIRM_V2,105470,TREATMENT,2026-03-30,Y
PAY_CONFIRM_V2,101746,TREATMENT,2026-03-28,Y
PAY_CONFIRM_V2,107015,CONTROL,2026-03-25,Y
PAY_CONFIRM_V2,104266,CONTROL,2026-03-05,Y
PAY_CONFIRM_V2,107573,CONTROL,2026-03-15,Y
PAY_CONFIRM_V2,103401,TREATMENT,2026-03-17,Y
PAY_CONFIRM_V2,102008,TREATMENT,2026-03-11,Y
PAY_CONFIRM_V2,109009,CONTROL,2026-03-03,Y
PAY_CONFIRM_V2,107499,TREATMENT,2026-03-17,Y
PAY_CONFIRM_V2,106149,CONTROL,2026-03-04,Y
PAY_CONFIRM_V2,103025,TREATMENT,2026-03-20,Y
PAY_CONFIRM_V2,105600,CONTROL,2026-03-26,Y
PAY_CONFIRM_V2,101625,TREATMENT,2026-03-05,Y
PAY_CONFIRM_V2,102027,CONTROL,2026-03-02,Y
PAY_CONFIRM_V2,100862,TREATMENT,2026-03-28,Y
PAY_CONFIRM_V2,102655,TREATMENT,2026-03-25,Y
PAY_CONFIRM_V2,108890,TREATMENT,2026-03-23,Y
PAY_CONFIRM_V2,100201,TREATMENT,2026-03-06,Y
PAY_CONFIRM_V2,105308,CONTROL,2026-03-10,Y
PAY_CONFIRM_V2,106290,CONTROL,2026-03-28,Y
PAY_CONFIRM_V2,103280,CONTROL,2026-03-28,Y
PAY_CONFIRM_V2,104853,TREATMENT,2026-03-19,Y
PAY_CONFIRM_V2,109120,CONTROL,2026-03-29,Y
PAY_CONFIRM_V2,100504,TREATMENT,2026-03-07,Y
PAY_CONFIRM_V2,106773,CONTROL,2026-03-19,Y
PAY_CONFIRM_V2,107320,TREATMENT,2026-03-11,Y
PAY_CONFIRM_V2,104173,TREATMENT,2026-03-13,Y
PAY_CONFIRM_V2,105745,TREATMENT,2026-03-21,Y
PAY_CONFIRM_V2,106997,TREATMENT,2026-03-02,Y
PAY_CONFIRM_V2,101370,TREATMENT,2026-03-19,Y
PAY_CONFIRM_V2,105620,CONTROL,2026-03-12,Y
PAY_CONFIRM_V2,108768,CONTROL,2026-03-29,Y
PAY_CONFIRM_V2,108433,TREATMENT,2026-03-24,Y
PAY_CONFIRM_V2,107950,TREATMENT,2026-03-28,Y
PAY_CONFIRM_V2,100769,CONTROL,2026-03-29,Y
PAY_CONFIRM_V2,108286,CONTROL,2026-03-03,Y
PAY_CONFIRM_V2,102613,TREATMENT,2026-03-14,Y
PAY_CONFIRM_V2,107734,CONTROL,2026-03-14,Y
PAY_CONFIRM_V2,100978,CONTROL,2026-03-03,Y
PAY_CONFIRM_V2,105749,CONTROL,2026-03-26,Y
PAY_CONFIRM_V2,101722,TREATMENT,2026-03-27,Y
PAY_CONFIRM_V2,105411,CONTROL,2026-03-29,Y
PAY_CONFIRM_V2,104424,CONTROL,2026-03-01,Y
PAY_CONFIRM_V2,102591,CONTROL,2026-03-18,Y
PAY_CONFIRM_V2,109466,TREATMENT,2026-03-12,Y
PAY_CONFIRM_V2,103409,TREATMENT,2026-03-25,Y
PAY_CONFIRM_V2,108352,TREATMENT,2026-03-25,Y
PAY_CONFIRM_V2,109610,CONTROL,2026-03-01,Y
PAY_CONFIRM_V2,106413,TREATMENT,2026-03-01,Y
PAY_CONFIRM_V2,107092,CONTROL,2026-03-18,Y
PAY_CONFIRM_V2,109995,TREATMENT,2026-03-12,Y
PAY_CONFIRM_V2,106636,TREATMENT,2026-03-08,Y
PAY_CONFIRM_V2,100762,CONTROL,2026-03-18,Y
PAY_CONFIRM_V2,100831,CONTROL,2026-03-28,Y
PAY_CONFIRM_V2,102009,TREATMENT,2026-03-09,Y
PAY_CONFIRM_V2,104970,TREATMENT,2026-03-08,Y
PAY_CONFIRM_V2,103679,TREATMENT,2026-03-21,Y
PAY_CONFIRM_V2,108663,CONTROL,2026-03-07,Y
PAY_CONFIRM_V2,106629,TREATMENT,2026-03-11,Y
PAY_CONFIRM_V2,103511,CONTROL,2026-03-18,Y
PAY_CONFIRM_V2,106659,TREATMENT,2026-03-24,Y
PAY_CONFIRM_V2,101664,TREATMENT,2026-03-19,Y
PAY_CONFIRM_V2,109746,TREATMENT,2026-03-08,Y
PAY_CONFIRM_V2,103293,TREATMENT,2026-03-20,Y
PAY_CONFIRM_V2,109618,TREATMENT,2026-03-21,Y
PAY_CONFIRM_V2,108118,CONTROL,2026-03-03,Y
PAY_CONFIRM_V2,108933,TREATMENT,2026-03-16,Y
PAY_CONFIRM_V2,108903,CONTROL,2026-03-02,Y
PAY_CONFIRM_V2,104450,TREATMENT,2026-03-23,Y
PAY_CONFIRM_V2,100361,CONTROL,2026-03-14,Y
PAY_CONFIRM_V2,109312,TREATMENT,2026-03-13,Y
PAY_CONFIRM_V2,106739,CONTROL,2026-03-09,Y
PAY_CONFIRM_V2,107713,CONTROL,2026-03-28,Y
PAY_CONFIRM_V2,102721,TREATMENT,2026-03-14,Y
PAY_CONFIRM_V2,101111,TREATMENT,2026-03-06,Y
PAY_CONFIRM_V2,107622,TREATMENT,2026-03-12,Y
PAY_CONFIRM_V2,109697,TREATMENT,2026-03-11,Y
PAY_CONFIRM_V2,106698,CONTROL,2026-03-16,Y
PAY_CONFIRM_V2,100096,CONTROL,2026-03-03,Y
PAY_CONFIRM_V2,108898,CONTROL,2026-03-03,Y
PAY_CONFIRM_V2,108005,TREATMENT,2026-03-25,Y
PAY_CONFIRM_V2,108538,CONTROL,2026-03-11,Y
PAY_CONFIRM_V2,104092,CONTROL,2026-03-19,Y
PAY_CONFIRM_V2,102240,CONTROL,2026-03-20,Y
PAY_CONFIRM_V2,105325,TREATMENT,2026-03-19,Y
PAY_CONFIRM_V2,100995,CONTROL,2026-03-26,Y
PAY_CONFIRM_V2,104286,CONTROL,2026-03-18,Y
PAY_CONFIRM_V2,107822,CONTROL,2026-03-07,Y
PAY_CONFIRM_V2,107982,CONTROL,2026-03-21,Y
PAY_CONFIRM_V2,101844,TREATMENT,2026-03-25,Y
PAY_CONFIRM_V2,104646,TREATMENT,2026-03-06,Y
PAY_CONFIRM_V2,100459,TREATMENT,2026-03-27,Y
PAY_CONFIRM_V2,107375,CONTROL,2026-03-10,Y
PAY_CONFIRM_V2,102069,TREATMENT,2026-03-24,Y
PAY_CONFIRM_V2,106791,TREATMENT,2026-03-10,Y
PAY_CONFIRM_V2,100747,CONTROL,2026-03-24,Y
PAY_CONFIRM_V2,108235,TREATMENT,2026-03-15,Y
PAY_CONFIRM_V2,106016,CONTROL,2026-03-27,Y
PAY_CONFIRM_V2,105474,CONTROL,2026-03-30,Y
PAY_CONFIRM_V2,109214,CONTROL,2026-03-23,Y
PAY_CONFIRM_V2,100987,TREATMENT,2026-03-03,Y
PAY_CONFIRM_V2,103916,CONTROL,2026-03-20,Y
PAY_CONFIRM_V2,108259,CONTROL,2026-03-14,Y
PAY_CONFIRM_V2,105077,CONTROL,2026-03-29,Y
PAY_CONFIRM_V2,102546,TREATMENT,2026-03-20,Y
PAY_CONFIRM_V2,105051,CONTROL,2026-03-25,Y
PAY_CONFIRM_V2,102805,TREATMENT,2026-03-25,Y
PAY_CONFIRM_V2,105941,TREATMENT,2026-03-18,Y
PAY_CONFIRM_V2,100722,TREATMENT,2026-03-03,Y
PAY_CONFIRM_V2,104769,TREATMENT,2026-03-01,Y
PAY_CONFIRM_V2,109458,TREATMENT,2026-03-12,Y
PAY_CONFIRM_V2,102979,TREATMENT,2026-03-24,Y
PAY_CONFIRM_V2,105652,CONTROL,2026-03-24,Y
PAY_CONFIRM_V2,100608,CONTROL,2026-03-12,Y
PAY_CONFIRM_V2,107038,TREATMENT,2026-03-03,Y
PAY_CONFIRM_V2,105684,TREATMENT,2026-03-23,Y
PAY_CONFIRM_V2,107133,CONTROL,2026-03-29,Y
PAY_CONFIRM_V2,103282,TREATMENT,2026-03-06,Y
PAY_CONFIRM_V2,108985,TREATMENT,2026-03-28,Y
PAY_CONFIRM_V2,109288,CONTROL,2026-03-29,Y
PAY_CONFIRM_V2,100345,CONTROL,2026-03-20,Y
PAY_CONFIRM_V2,104091,CONTROL,2026-03-06,Y
PAY_CONFIRM_V2,105021,TREATMENT,2026-03-18,Y
PAY_CONFIRM_V2,108477,CONTROL,2026-03-04,Y
PAY_CONFIRM_V2,106142,CONTROL,2026-03-02,Y
PAY_CONFIRM_V2,105796,TREATMENT,2026-03-11,Y
PAY_CONFIRM_V2,102211,CONTROL,2026-03-16,Y
PAY_CONFIRM_V2,100283,TREATMENT,2026-03-21,Y
PAY_CONFIRM_V2,106709,CONTROL,2026-03-26,Y
PAY_CONFIRM_V2,104571,TREATMENT,2026-03-03,Y
PAY_CONFIRM_V2,104515,TREATMENT,2026-03-14,Y
PAY_CONFIRM_V2,108089,TREATMENT,2026-03-09,Y
PAY_CONFIRM_V2,107064,CONTROL,2026-03-27,Y
PAY_CONFIRM_V2,102485,CONTROL,2026-03-23,Y
PAY_CONFIRM_V2,109196,TREATMENT,2026-03-09,Y
PAY_CONFIRM_V2,106289,TREATMENT,2026-03-06,Y
PAY_CONFIRM_V2,109024,TREATMENT,2026-03-06,Y
PAY_CONFIRM_V2,103337,TREATMENT,2026-03-29,Y
PAY_CONFIRM_V2,100989,CONTROL,2026-03-13,Y
PAY_CONFIRM_V2,108455,CONTROL,2026-03-07,Y
PAY_CONFIRM_V2,101414,TREATMENT,2026-03-26,Y
PAY_CONFIRM_V2,109736,TREATMENT,2026-03-19,Y
PAY_CONFIRM_V2,101850,CONTROL,2026-03-08,Y
PAY_CONFIRM_V2,106103,TREATMENT,2026-03-24,Y
PAY_CONFIRM_V2,107359,TREATMENT,2026-03-18,Y
PAY_CONFIRM_V2,106081,CONTROL,2026-03-14,Y
PAY_CONFIRM_V2,101195,TREATMENT,2026-03-03,Y
PAY_CONFIRM_V2,103739,TREATMENT,2026-03-19,Y
PAY_CONFIRM_V2,106385,CONTROL,2026-03-12,Y
PAY_CONFIRM_V2,101612,CONTROL,2026-03-12,Y
PAY_CONFIRM_V2,104868,CONTROL,2026-03-24,Y
PAY_CONFIRM_V2,105358,CONTROL,2026-03-26,Y
PAY_CONFIRM_V2,108233,CONTROL,2026-03-21,Y
PAY_CONFIRM_V2,100003,CONTROL,2026-03-19,Y
PAY_CONFIRM_V2,103792,TREATMENT,2026-03-13,Y
PAY_CONFIRM_V2,104702,CONTROL,2026-03-09,Y
PAY_CONFIRM_V2,107404,TREATMENT,2026-03-04,Y
PAY_CONFIRM_V2,104340,CONTROL,2026-03-02,Y
PAY_CONFIRM_V2,109978,TREATMENT,2026-03-12,Y
PAY_CONFIRM_V2,104163,CONTROL,2026-03-14,Y
PAY_CONFIRM_V2,108895,CONTROL,2026-03-17,Y
PAY_CONFIRM_V2,101322,CONTROL,2026-03-08,Y
PAY_CONFIRM_V2,103575,CONTROL,2026-03-04,Y
PAY_CONFIRM_V2,105511,CONTROL,2026-03-23,Y
PAY_CONFIRM_V2,101274,CONTROL,2026-03-21,Y
PAY_CONFIRM_V2,108146,TREATMENT,2026-03-28,Y
PAY_CONFIRM_V2,100213,TREATMENT,2026-03-20,Y
PAY_CONFIRM_V2,105249,TREATMENT,2026-03-28,Y
PAY_CONFIRM_V2,101029,CONTROL,2026-03-09,Y
PAY_CONFIRM_V2,102192,TREATMENT,2026-03-20,Y
PAY_CONFIRM_V2,107475,TREATMENT,2026-03-21,Y
PAY_CONFIRM_V2,108977,TREATMENT,2026-03-09,Y
PAY_CONFIRM_V2,102032,TREATMENT,2026-03-02,Y
PAY_CONFIRM_V2,103314,TREATMENT,2026-03-19,Y
PAY_CONFIRM_V2,100193,TREATMENT,2026-03-22,Y
PAY_CONFIRM_V2,107876,CONTROL,2026-03-18,Y
PAY_CONFIRM_V2,105004,TREATMENT,2026-03-07,Y
PAY_CONFIRM_V2,104017,TREATMENT,2026-03-29,Y
PAY_CONFIRM_V2,107687,TREATMENT,2026-03-17,Y
PAY_CONFIRM_V2,102286,TREATMENT,2026-03-03,Y
PAY_CONFIRM_V2,104122,CONTROL,2026-03-09,Y
PAY_CONFIRM_V2,106271,CONTROL,2026-03-26,Y
PAY_CONFIRM_V2,107739,TREATMENT,2026-03-07,Y
PAY_CONFIRM_V2,102630,CONTROL,2026-03-10,Y
PAY_CONFIRM_V2,100407,TREATMENT,2026-03-15,Y
PAY_CONFIRM_V2,105050,TREATMENT,2026-03-23,Y
PAY_CONFIRM_V2,104852,CONTROL,2026-03-12,Y
PAY_CONFIRM_V2,106046,CONTROL,2026-03-05,Y
PAY_CONFIRM_V2,102049,CONTROL,2026-03-14,Y
PAY_CONFIRM_V2,103290,TREATMENT,2026-03-13,Y
PAY_CONFIRM_V2,107004,CONTROL,2026-03-12,Y
PAY_CONFIRM_V2,101990,TREATMENT,2026-03-03,Y
PAY_CONFIRM_V2,101375,TREATMENT,2026-03-23,Y
PAY_CONFIRM_V2,105562,CONTROL,2026-03-14,Y
PAY_CONFIRM_V2,101266,TREATMENT,2026-03-13,Y
PAY_CONFIRM_V2,102582,CONTROL,2026-03-19,Y
PAY_CONFIRM_V2,101041,TREATMENT,2026-03-25,Y
PAY_CONFIRM_V2,102087,CONTROL,2026-03-29,Y
PAY_CONFIRM_V2,109455,CONTROL,2026-03-09,Y
PAY_CONFIRM_V2,102391,CONTROL,2026-03-28,Y
PAY_CONFIRM_V2,109915,CONTROL,2026-03-18,Y
PAY_CONFIRM_V2,109210,TREATMENT,2026-03-26,Y
PAY_CONFIRM_V2,103292,CONTROL,2026-03-09,Y
PAY_CONFIRM_V2,107839,CONTROL,2026-03-28,Y
PAY_CONFIRM_V2,105298,CONTROL,2026-03-05,Y
PAY_CONFIRM_V2,102666,TREATMENT,2026-03-15,Y
PAY_CONFIRM_V2,108962,CONTROL,2026-03-09,Y
PAY_CONFIRM_V2,105381,TREATMENT,2026-03-04,Y
PAY_CONFIRM_V2,103783,TREATMENT,2026-03-10,Y
PAY_CONFIRM_V2,101467,TREATMENT,2026-03-20,Y
PAY_CONFIRM_V2,108121,TREATMENT,2026-03-06,Y
PAY_CONFIRM_V2,101422,TREATMENT,2026-03-17,Y
PAY_CONFIRM_V2,104440,TREATMENT,2026-03-09,Y
PAY_CONFIRM_V2,103351,TREATMENT,2026-03-27,Y
PAY_CONFIRM_V2,106153,CONTROL,2026-03-22,Y
PAY_CONFIRM_V2,109333,CONTROL,2026-03-25,Y
PAY_CONFIRM_V2,102491,TREATMENT,2026-03-03,Y
PAY_CONFIRM_V2,108509,TREATMENT,2026-03-25,Y
PAY_CONFIRM_V2,107689,TREATMENT,2026-03-09,Y
PAY_CONFIRM_V2,103098,CONTROL,2026-03-01,Y
PAY_CONFIRM_V2,104039,CONTROL,2026-03-08,Y
PAY_CONFIRM_V2,104142,TREATMENT,2026-03-17,Y
PAY_CONFIRM_V2,108040,CONTROL,2026-03-28,Y
PAY_CONFIRM_V2,104997,TREATMENT,2026-03-14,Y
PAY_CONFIRM_V2,105283,CONTROL,2026-03-22,Y
PAY_CONFIRM_V2,107226,TREATMENT,2026-03-13,Y
PAY_CONFIRM_V2,109143,TREATMENT,2026-03-01,Y
PAY_CONFIRM_V2,100732,TREATMENT,2026-03-23,Y
PAY_CONFIRM_V2,103693,CONTROL,2026-03-16,Y
PAY_CONFIRM_V2,101600,TREATMENT,2026-03-25,Y
PAY_CONFIRM_V2,106886,CONTROL,2026-03-02,Y
PAY_CONFIRM_V2,102089,CONTROL,2026-03-22,Y
PAY_CONFIRM_V2,100748,TREATMENT,2026-03-11,Y
PAY_CONFIRM_V2,105654,TREATMENT,2026-03-08,Y
PAY_CONFIRM_V2,109689,CONTROL,2026-03-03,Y
PAY_CONFIRM_V2,105849,CONTROL,2026-03-22,Y
PAY_CONFIRM_V2,105867,CONTROL,2026-03-16,Y
PAY_CONFIRM_V2,108449,TREATMENT,2026-03-01,Y
PAY_CONFIRM_V2,103179,TREATMENT,2026-03-25,Y
PAY_CONFIRM_V2,102857,CONTROL,2026-03-05,Y
PAY_CONFIRM_V2,104652,CONTROL,2026-03-05,Y
PAY_CONFIRM_V2,103089,CONTROL,2026-03-23,Y
PAY_CONFIRM_V2,100706,CONTROL,2026-03-27,Y
PAY_CONFIRM_V2,103373,TREATMENT,2026-03-18,Y
PAY_CONFIRM_V2,102498,CONTROL,2026-03-29,Y
PAY_CONFIRM_V2,104627,CONTROL,2026-03-23,Y
PAY_CONFIRM_V2,109637,TREATMENT,2026-03-11,Y
PAY_CONFIRM_V2,108573,TREATMENT,2026-03-27,Y
PAY_CONFIRM_V2,104850,CONTROL,2026-03-07,Y
PAY_CONFIRM_V2,107177,TREATMENT,2026-03-18,Y
PAY_CONFIRM_V2,108420,CONTROL,2026-03-03,Y
PAY_CONFIRM_V2,102153,CONTROL,2026-03-13,Y
PAY_CONFIRM_V2,106441,TREATMENT,2026-03-07,Y
PAY_CONFIRM_V2,107620,CONTROL,2026-03-14,Y
PAY_CONFIRM_V2,103224,TREATMENT,2026-03-05,Y
PAY_CONFIRM_V2,101841,TREATMENT,2026-03-06,Y
PAY_CONFIRM_V2,104932,TREATMENT,2026-03-28,Y
PAY_CONFIRM_V2,108823,TREATMENT,2026-03-08,Y
PAY_CONFIRM_V2,107119,TREATMENT,2026-03-15,Y
PAY_CONFIRM_V2,104166,TREATMENT,2026-03-24,Y
PAY_CONFIRM_V2,107482,CONTROL,2026-03-19,Y
PAY_CONFIRM_V2,105904,TREATMENT,2026-03-10,Y
PAY_CONFIRM_V2,107716,TREATMENT,2026-03-03,Y
PAY_CONFIRM_V2,102943,CONTROL,2026-03-25,Y
PAY_CONFIRM_V2,100723,TREATMENT,2026-03-20,Y
PAY_CONFIRM_V2,101068,TREATMENT,2026-03-03,Y
PAY_CONFIRM_V2,101481,CONTROL,2026-03-21,Y
PAY_CONFIRM_V2,102079,CONTROL,2026-03-05,Y
PAY_CONFIRM_V2,101557,TREATMENT,2026-03-19,Y
PAY_CONFIRM_V2,101620,CONTROL,2026-03-07,Y
PAY_CONFIRM_V2,100896,TREATMENT,2026-03-08,Y
PAY_CONFIRM_V2,102188,CONTROL,2026-03-07,Y
PAY_CONFIRM_V2,104368,CONTROL,2026-03-06,Y
PAY_CONFIRM_V2,104067,CONTROL,2026-03-06,Y
PAY_CONFIRM_V2,101063,TREATMENT,2026-03-12,Y
PAY_CONFIRM_V2,109417,TREATMENT,2026-03-07,Y
PAY_CONFIRM_V2,106633,CONTROL,2026-03-03,Y
PAY_CONFIRM_V2,100421,CONTROL,2026-03-26,Y
PAY_CONFIRM_V2,104037,TREATMENT,2026-03-03,Y
PAY_CONFIRM_V2,100962,CONTROL,2026-03-21,Y
PAY_CONFIRM_V2,108364,TREATMENT,2026-03-27,Y
PAY_CONFIRM_V2,100950,CONTROL,2026-03-06,Y
PAY_CONFIRM_V2,109454,CONTROL,2026-03-06,Y
PAY_CONFIRM_V2,102959,CONTROL,2026-03-16,Y
PAY_CONFIRM_V2,108155,TREATMENT,2026-03-15,Y
PAY_CONFIRM_V2,105581,CONTROL,2026-03-09,Y
PAY_CONFIRM_V2,104391,TREATMENT,2026-03-21,Y
PAY_CONFIRM_V2,102430,CONTROL,2026-03-07,Y
PAY_CONFIRM_V2,105945,TREATMENT,2026-03-11,Y
PAY_CONFIRM_V2,103148,CONTROL,2026-03-14,Y
PAY_CONFIRM_V2,107317,TREATMENT,2026-03-22,Y
PAY_CONFIRM_V2,105653,TREATMENT,2026-03-08,Y
PAY_CONFIRM_V2,109975,TREATMENT,2026-03-22,Y
PAY_CONFIRM_V2,104256,CONTROL,2026-03-16,Y
PAY_CONFIRM_V2,101591,TREATMENT,2026-03-22,Y
PAY_CONFIRM_V2,101395,TREATMENT,2026-03-03,Y
PAY_CONFIRM_V2,105594,TREATMENT,2026-03-15,Y
PAY_CONFIRM_V2,101842,CONTROL,2026-03-11,Y
PAY_CONFIRM_V2,103879,TREATMENT,2026-03-18,Y
PAY_CONFIRM_V2,103474,TREATMENT,2026-03-15,Y
PAY_CONFIRM_V2,103917,TREATMENT,2026-03-23,Y
PAY_CONFIRM_V2,103174,CONTROL,2026-03-01,Y
PAY_CONFIRM_V2,107011,TREATMENT,2026-03-20,Y
PAY_CONFIRM_V2,108400,TREATMENT,2026-03-30,Y
PAY_CONFIRM_V2,103445,TREATMENT,2026-03-08,Y
PAY_CONFIRM_V2,108467,TREATMENT,2026-03-29,Y
PAY_CONFIRM_V2,105823,TREATMENT,2026-03-23,Y
PAY_CONFIRM_V2,105401,TREATMENT,2026-03-12,Y
PAY_CONFIRM_V2,104620,CONTROL,2026-03-26,Y
PAY_CONFIRM_V2,107587,CONTROL,2026-03-04,Y
PAY_CONFIRM_V2,108331,CONTROL,2026-03-10,Y
PAY_CONFIRM_V2,102098,TREATMENT,2026-03-18,Y
PAY_CONFIRM_V2,104847,CONTROL,2026-03-07,Y
PAY_CONFIRM_V2,109182,CONTROL,2026-03-19,Y
PAY_CONFIRM_V2,101410,CONTROL,2026-03-06,Y
PAY_CONFIRM_V2,100277,TREATMENT,2026-03-15,Y
PAY_CONFIRM_V2,101702,CONTROL,2026-03-15,Y
PAY_CONFIRM_V2,107463,CONTROL,2026-03-28,Y
PAY_CONFIRM_V2,104949,CONTROL,2026-03-25,Y
PAY_CONFIRM_V2,100750,CONTROL,2026-03-22,Y
PAY_CONFIRM_V2,101546,TREATMENT,2026-03-29,Y
PAY_CONFIRM_V2,101560,TREATMENT,2026-03-25,Y
PAY_CONFIRM_V2,109784,TREATMENT,2026-03-13,Y
PAY_CONFIRM_V2,100103,TREATMENT,2026-03-28,Y
PAY_CONFIRM_V2,105101,TREATMENT,2026-03-12,Y
PAY_CONFIRM_V2,102238,CONTROL,2026-03-23,Y
PAY_CONFIRM_V2,105183,TREATMENT,2026-03-14,Y
PAY_CONFIRM_V2,102763,CONTROL,2026-03-04,Y
PAY_CONFIRM_V2,105354,CONTROL,2026-03-01,Y
PAY_CONFIRM_V2,104019,CONTROL,2026-03-14,Y
PAY_CONFIRM_V2,106647,CONTROL,2026-03-18,Y
PAY_CONFIRM_V2,103724,CONTROL,2026-03-20,Y
PAY_CONFIRM_V2,109912,TREATMENT,2026-03-21,Y
PAY_CONFIRM_V2,104218,CONTROL,2026-03-01,Y
PAY_CONFIRM_V2,101022,TREATMENT,2026-03-22,Y
PAY_CONFIRM_V2,108523,CONTROL,2026-03-01,Y
PAY_CONFIRM_V2,103806,CONTROL,2026-03-03,Y
PAY_CONFIRM_V2,105155,CONTROL,2026-03-01,Y
PAY_CONFIRM_V2,103345,TREATMENT,2026-03-12,Y
PAY_CONFIRM_V2,102444,TREATMENT,2026-03-08,Y
PAY_CONFIRM_V2,100839,TREATMENT,2026-03-23,Y
PAY_CONFIRM_V2,102911,TREATMENT,2026-03-02,Y
PAY_CONFIRM_V2,102918,TREATMENT,2026-03-30,Y
PAY_CONFIRM_V2,107852,TREATMENT,2026-03-26,Y
PAY_CONFIRM_V2,101598,CONTROL,2026-03-22,Y
PAY_CONFIRM_V2,108640,TREATMENT,2026-03-24,Y
PAY_CONFIRM_V2,105940,CONTROL,2026-03-05,Y
PAY_CONFIRM_V2,105929,TREATMENT,2026-03-14,Y
PAY_CONFIRM_V2,103896,CONTROL,2026-03-04,Y
PAY_CONFIRM_V2,105088,TREATMENT,2026-03-01,Y
PAY_CONFIRM_V2,104476,TREATMENT,2026-03-30,Y
PAY_CONFIRM_V2,101402,TREATMENT,2026-03-02,Y
PAY_CONFIRM_V2,108131,CONTROL,2026-03-16,Y
PAY_CONFIRM_V2,102939,TREATMENT,2026-03-15,Y
PAY_CONFIRM_V2,106733,TREATMENT,2026-03-16,Y
PAY_CONFIRM_V2,107468,CONTROL,2026-03-05,Y
PAY_CONFIRM_V2,108162,TREATMENT,2026-03-09,Y
PAY_CONFIRM_V2,101188,CONTROL,2026-03-10,Y
PAY_CONFIRM_V2,109548,TREATMENT,2026-03-16,Y
PAY_CONFIRM_V2,104027,CONTROL,2026-03-13,Y
PAY_CONFIRM_V2,101671,CONTROL,2026-03-15,Y
PAY_CONFIRM_V2,107882,TREATMENT,2026-03-17,Y
PAY_CONFIRM_V2,103324,TREATMENT,2026-03-22,Y
PAY_CONFIRM_V2,101765,CONTROL,2026-03-25,Y
PAY_CONFIRM_V2,100472,CONTROL,2026-03-02,Y
PAY_CONFIRM_V2,106684,TREATMENT,2026-03-12,Y
PAY_CONFIRM_V2,104383,CONTROL,2026-03-01,Y
PAY_CONFIRM_V2,107175,TREATMENT,2026-03-25,Y
PAY_CONFIRM_V2,102355,CONTROL,2026-03-18,Y
PAY_CONFIRM_V2,104026,CONTROL,2026-03-15,Y
PAY_CONFIRM_V2,106944,TREATMENT,2026-03-21,Y
PAY_CONFIRM_V2,101743,TREATMENT,2026-03-14,Y
PAY_CONFIRM_V2,106658,CONTROL,2026-03-03,Y
PAY_CONFIRM_V2,109089,TREATMENT,2026-03-27,Y
PAY_CONFIRM_V2,104557,TREATMENT,2026-03-08,Y
PAY_CONFIRM_V2,101713,TREATMENT,2026-03-18,Y
PAY_CONFIRM_V2,101225,TREATMENT,2026-03-26,Y
PAY_CONFIRM_V2,102260,CONTROL,2026-03-22,Y
PAY_CONFIRM_V2,103052,CONTROL,2026-03-18,Y
PAY_CONFIRM_V2,108628,TREATMENT,2026-03-15,Y
PAY_CONFIRM_V2,102764,TREATMENT,2026-03-27,Y
PAY_CONFIRM_V2,101925,TREATMENT,2026-03-06,Y
PAY_CONFIRM_V2,109840,CONTROL,2026-03-18,Y
PAY_CONFIRM_V2,108472,CONTROL,2026-03-13,Y
PAY_CONFIRM_V2,102390,CONTROL,2026-03-24,Y
PAY_CONFIRM_V2,109484,CONTROL,2026-03-16,Y
PAY_CONFIRM_V2,101252,CONTROL,2026-03-21,Y
PAY_CONFIRM_V2,103545,TREATMENT,2026-03-12,Y
PAY_CONFIRM_V2,104318,TREATMENT,2026-03-15,Y
PAY_CONFIRM_V2,102124,TREATMENT,2026-03-14,Y
PAY_CONFIRM_V2,109390,CONTROL,2026-03-14,Y
PAY_CONFIRM_V2,106228,CONTROL,2026-03-07,Y
PAY_CONFIRM_V2,101057,CONTROL,2026-03-15,Y
PAY_CONFIRM_V2,101327,TREATMENT,2026-03-29,Y
PAY_CONFIRM_V2,100314,CONTROL,2026-03-11,Y
PAY_CONFIRM_V2,103015,TREATMENT,2026-03-29,Y
PAY_CONFIRM_V2,100971,CONTROL,2026-03-21,Y
PAY_CONFIRM_V2,105478,CONTROL,2026-03-25,Y
PAY_CONFIRM_V2,100745,TREATMENT,2026-03-11,Y
PAY_CONFIRM_V2,107530,TREATMENT,2026-03-08,Y
PAY_CONFIRM_V2,102461,CONTROL,2026-03-30,Y
PAY_CONFIRM_V2,105743,TREATMENT,2026-03-16,Y
PAY_CONFIRM_V2,108305,CONTROL,2026-03-15,Y
PAY_CONFIRM_V2,100691,CONTROL,2026-03-22,Y
PAY_CONFIRM_V2,102694,CONTROL,2026-03-25,Y
PAY_CONFIRM_V2,103799,CONTROL,2026-03-27,Y
PAY_CONFIRM_V2,100043,CONTROL,2026-03-03,Y
PAY_CONFIRM_V2,108490,CONTROL,2026-03-04,Y
PAY_CONFIRM_V2,107088,TREATMENT,2026-03-05,Y
PAY_CONFIRM_V2,101674,TREATMENT,2026-03-12,Y
PAY_CONFIRM_V2,105610,CONTROL,2026-03-10,Y
PAY_CONFIRM_V2,100310,CONTROL,2026-03-11,Y
PAY_CONFIRM_V2,105528,CONTROL,2026-03-05,Y
PAY_CONFIRM_V2,104663,CONTROL,2026-03-03,Y
PAY_CONFIRM_V2,103662,TREATMENT,2026-03-09,Y
PAY_CONFIRM_V2,104664,TREATMENT,2026-03-03,Y
PAY_CONFIRM_V2,109632,CONTROL,2026-03-23,Y
PAY_CONFIRM_V2,100365,CONTROL,2026-03-30,Y
PAY_CONFIRM_V2,104147,CONTROL,2026-03-10,Y
PAY_CONFIRM_V2,107893,CONTROL,2026-03-26,Y
PAY_CONFIRM_V2,104926,TREATMENT,2026-03-05,Y
PAY_CONFIRM_V2,104245,TREATMENT,2026-03-18,Y
PAY_CONFIRM_V2,106273,TREATMENT,2026-03-09,Y
PAY_CONFIRM_V2,107835,TREATMENT,2026-03-28,Y
PAY_CONFIRM_V2,101126,TREATMENT,2026-03-04,Y
PAY_CONFIRM_V2,109027,CONTROL,2026-03-22,Y
PAY_CONFIRM_V2,106657,TREATMENT,2026-03-23,Y
PAY_CONFIRM_V2,104669,CONTROL,2026-03-22,Y
PAY_CONFIRM_V2,101530,CONTROL,2026-03-29,Y
PAY_CONFIRM_V2,104012,CONTROL,2026-03-22,Y
PAY_CONFIRM_V2,103488,CONTROL,2026-03-26,Y
PAY_CONFIRM_V2,106887,CONTROL,2026-03-24,Y
PAY_CONFIRM_V2,105750,CONTROL,2026-03-29,Y
PAY_CONFIRM_V2,109246,CONTROL,2026-03-03,Y
PAY_CONFIRM_V2,102600,CONTROL,2026-03-27,Y
PAY_CONFIRM_V2,102916,CONTROL,2026-03-24,Y
PAY_CONFIRM_V2,107648,CONTROL,2026-03-06,Y
PAY_CONFIRM_V2,109254,CONTROL,2026-03-12,Y
PAY_CONFIRM_V2,109054,TREATMENT,2026-03-02,Y
PAY_CONFIRM_V2,107496,CONTROL,2026-03-17,Y
PAY_CONFIRM_V2,103782,CONTROL,2026-03-02,Y
PAY_CONFIRM_V2,105976,CONTROL,2026-03-26,Y
PAY_CONFIRM_V2,108887,CONTROL,2026-03-03,Y
PAY_CONFIRM_V2,106619,CONTROL,2026-03-30,Y
PAY_CONFIRM_V2,107577,TREATMENT,2026-03-25,Y
PAY_CONFIRM_V2,106868,TREATMENT,2026-03-05,Y
PAY_CONFIRM_V2,108241,TREATMENT,2026-03-17,Y
PAY_CONFIRM_V2,105714,TREATMENT,2026-03-08,Y
PAY_CONFIRM_V2,106726,CONTROL,2026-03-07,Y
PAY_CONFIRM_V2,109874,CONTROL,2026-03-17,Y
PAY_CONFIRM_V2,101318,TREATMENT,2026-03-25,Y
PAY_CONFIRM_V2,107956,CONTROL,2026-03-23,Y
PAY_CONFIRM_V2,108156,CONTROL,2026-03-19,Y
PAY_CONFIRM_V2,106022,CONTROL,2026-03-18,Y
PAY_CONFIRM_V2,102508,CONTROL,2026-03-03,Y
PAY_CONFIRM_V2,107114,TREATMENT,2026-03-06,Y
PAY_CONFIRM_V2,106008,TREATMENT,2026-03-13,Y
PAY_CONFIRM_V2,109834,CONTROL,2026-03-28,Y
PAY_CONFIRM_V2,105024,TREATMENT,2026-03-03,Y
PAY_CONFIRM_V2,104516,CONTROL,2026-03-14,Y
PAY_CONFIRM_V2,100377,TREATMENT,2026-03-01,Y
PAY_CONFIRM_V2,104791,TREATMENT,2026-03-22,Y
PAY_CONFIRM_V2,109642,CONTROL,2026-03-07,Y
PAY_CONFIRM_V2,101634,TREATMENT,2026-03-18,Y
PAY_CONFIRM_V2,105286,CONTROL,2026-03-27,Y
PAY_CONFIRM_V2,101647,CONTROL,2026-03-09,Y
PAY_CONFIRM_V2,105152,TREATMENT,2026-03-13,Y
PAY_CONFIRM_V2,104651,CONTROL,2026-03-09,Y
PAY_CONFIRM_V2,104595,CONTROL,2026-03-02,Y
PAY_CONFIRM_V2,104055,TREATMENT,2026-03-18,Y
PAY_CONFIRM_V2,107494,CONTROL,2026-03-14,Y
PAY_CONFIRM_V2,109113,CONTROL,2026-03-28,Y
PAY_CONFIRM_V2,105410,CONTROL,2026-03-01,Y
PAY_CONFIRM_V2,108013,TREATMENT,2026-03-07,Y
PAY_CONFIRM_V2,106688,CONTROL,2026-03-01,Y
PAY_CONFIRM_V2,105675,TREATMENT,2026-03-25,Y
PAY_CONFIRM_V2,107469,CONTROL,2026-03-12,Y
PAY_CONFIRM_V2,103526,TREATMENT,2026-03-11,Y
PAY_CONFIRM_V2,106744,TREATMENT,2026-03-05,Y
PAY_CONFIRM_V2,103049,TREATMENT,2026-03-23,Y
PAY_CONFIRM_V2,104816,TREATMENT,2026-03-18,Y
PAY_CONFIRM_V2,109230,TREATMENT,2026-03-14,Y
PAY_CONFIRM_V2,103229,CONTROL,2026-03-30,Y
PAY_CONFIRM_V2,104119,CONTROL,2026-03-04,Y
PAY_CONFIRM_V2,101857,TREATMENT,2026-03-26,Y
PAY_CONFIRM_V2,103762,CONTROL,2026-03-09,Y
PAY_CONFIRM_V2,106926,TREATMENT,2026-03-30,Y
PAY_CONFIRM_V2,108772,CONTROL,2026-03-14,Y
PAY_CONFIRM_V2,107563,CONTROL,2026-03-14,Y
PAY_CONFIRM_V2,109081,CONTROL,2026-03-26,Y
PAY_CONFIRM_V2,104799,CONTROL,2026-03-09,Y
PAY_CONFIRM_V2,107782,CONTROL,2026-03-09,Y
PAY_CONFIRM_V2,106916,TREATMENT,2026-03-23,Y
PAY_CONFIRM_V2,103041,TREATMENT,2026-03-06,Y
PAY_CONFIRM_V2,100230,CONTROL,2026-03-29,Y
PAY_CONFIRM_V2,104730,TREATMENT,2026-03-12,Y
PAY_CONFIRM_V2,100249,CONTROL,2026-03-25,Y
PAY_CONFIRM_V2,101219,TREATMENT,2026-03-16,Y
PAY_CONFIRM_V2,102144,TREATMENT,2026-03-13,Y
PAY_CONFIRM_V2,109445,CONTROL,2026-03-18,Y
PAY_CONFIRM_V2,100619,CONTROL,2026-03-09,Y
PAY_CONFIRM_V2,106940,TREATMENT,2026-03-14,Y
PAY_CONFIRM_V2,101442,TREATMENT,2026-03-26,Y
PAY_CONFIRM_V2,105775,CONTROL,2026-03-18,Y
PAY_CONFIRM_V2,108910,CONTROL,2026-03-08,Y
PAY_CONFIRM_V2,104743,TREATMENT,2026-03-25,Y
PAY_CONFIRM_V2,107309,CONTROL,2026-03-22,Y
PAY_CONFIRM_V2,108270,TREATMENT,2026-03-03,Y
PAY_CONFIRM_V2,106576,TREATMENT,2026-03-18,Y
PAY_CONFIRM_V2,108558,CONTROL,2026-03-24,Y
PAY_CONFIRM_V2,107784,TREATMENT,2026-03-29,Y
PAY_CONFIRM_V2,102043,CONTROL,2026-03-30,Y
PAY_CONFIRM_V2,105544,TREATMENT,2026-03-07,Y
PAY_CONFIRM_V2,103476,TREATMENT,2026-03-25,Y
PAY_CONFIRM_V2,106183,TREATMENT,2026-03-07,Y
PAY_CONFIRM_V2,105708,TREATMENT,2026-03-20,Y
PAY_CONFIRM_V2,103882,TREATMENT,2026-03-17,Y
PAY_CONFIRM_V2,104521,CONTROL,2026-03-23,Y
PAY_CONFIRM_V2,106903,TREATMENT,2026-03-10,Y
PAY_CONFIRM_V2,103079,TREATMENT,2026-03-19,Y
PAY_CONFIRM_V2,108808,TREATMENT,2026-03-18,Y
PAY_CONFIRM_V2,103283,TREATMENT,2026-03-01,Y
PAY_CONFIRM_V2,101818,CONTROL,2026-03-12,Y
PAY_CONFIRM_V2,107312,TREATMENT,2026-03-11,Y
PAY_CONFIRM_V2,101851,TREATMENT,2026-03-06,Y
PAY_CONFIRM_V2,106731,TREATMENT,2026-03-01,Y
PAY_CONFIRM_V2,109226,TREATMENT,2026-03-28,Y
PAY_CONFIRM_V2,100334,TREATMENT,2026-03-28,Y
PAY_CONFIRM_V2,106068,TREATMENT,2026-03-09,Y
PAY_CONFIRM_V2,107335,CONTROL,2026-03-14,Y
PAY_CONFIRM_V2,109965,TREATMENT,2026-03-27,Y
PAY_CONFIRM_V2,106622,CONTROL,2026-03-20,Y
PAY_CONFIRM_V2,109208,TREATMENT,2026-03-25,Y
PAY_CONFIRM_V2,109461,TREATMENT,2026-03-23,Y
PAY_CONFIRM_V2,109537,CONTROL,2026-03-25,Y
PAY_CONFIRM_V2,109153,CONTROL,2026-03-03,Y
PAY_CONFIRM_V2,100229,CONTROL,2026-03-08,Y
PAY_CONFIRM_V2,106481,CONTROL,2026-03-15,Y
PAY_CONFIRM_V2,101182,CONTROL,2026-03-30,Y
PAY_CONFIRM_V2,109935,TREATMENT,2026-03-29,Y
PAY_CONFIRM_V2,105179,CONTROL,2026-03-01,Y
PAY_CONFIRM_V2,104493,TREATMENT,2026-03-12,Y
PAY_CONFIRM_V2,108753,CONTROL,2026-03-17,Y
PAY_CONFIRM_V2,108201,CONTROL,2026-03-20,Y
PAY_CONFIRM_V2,101328,TREATMENT,2026-03-03,Y
PAY_CONFIRM_V2,105768,TREATMENT,2026-03-24,Y
PAY_CONFIRM_V2,104706,CONTROL,2026-03-08,Y
PAY_CONFIRM_V2,106144,TREATMENT,2026-03-15,Y
PAY_CONFIRM_V2,105386,CONTROL,2026-03-08,Y
PAY_CONFIRM_V2,105034,CONTROL,2026-03-26,Y
PAY_CONFIRM_V2,107310,TREATMENT,2026-03-03,Y
PAY_CONFIRM_V2,102464,TREATMENT,2026-03-01,Y
PAY_CONFIRM_V2,105238,CONTROL,2026-03-28,Y
PAY_CONFIRM_V2,109867,CONTROL,2026-03-30,Y
PAY_CONFIRM_V2,106936,CONTROL,2026-03-23,Y
PAY_CONFIRM_V2,101894,CONTROL,2026-03-23,Y
PAY_CONFIRM_V2,102262,TREATMENT,2026-03-11,Y
PAY_CONFIRM_V2,102556,TREATMENT,2026-03-17,Y
PAY_CONFIRM_V2,107787,TREATMENT,2026-03-18,Y
PAY_CONFIRM_V2,102528,TREATMENT,2026-03-13,Y
PAY_CONFIRM_V2,104531,TREATMENT,2026-03-15,Y
PAY_CONFIRM_V2,106377,CONTROL,2026-03-18,Y
PAY_CONFIRM_V2,103378,TREATMENT,2026-03-21,Y
PAY_CONFIRM_V2,107551,TREATMENT,2026-03-16,Y
PAY_CONFIRM_V2,106923,CONTROL,2026-03-19,Y
PAY_CONFIRM_V2,100560,TREATMENT,2026-03-05,Y
PAY_CONFIRM_V2,100355,CONTROL,2026-03-13,Y
PAY_CONFIRM_V2,102407,CONTROL,2026-03-28,Y
PAY_CONFIRM_V2,101763,TREATMENT,2026-03-13,Y
PAY_CONFIRM_V2,109791,TREATMENT,2026-03-30,Y
PAY_CONFIRM_V2,106685,CONTROL,2026-03-20,Y
PAY_CONFIRM_V2,106434,CONTROL,2026-03-26,Y
PAY_CONFIRM_V2,101153,CONTROL,2026-03-18,Y
PAY_CONFIRM_V2,106898,CONTROL,2026-03-17,Y
PAY_CONFIRM_V2,105033,CONTROL,2026-03-10,Y
PAY_CONFIRM_V2,101345,CONTROL,2026-03-24,Y
PAY_CONFIRM_V2,105009,CONTROL,2026-03-14,Y
PAY_CONFIRM_V2,108613,CONTROL,2026-03-13,Y
PAY_CONFIRM_V2,103317,TREATMENT,2026-03-29,Y
PAY_CONFIRM_V2,108689,TREATMENT,2026-03-26,Y
PAY_CONFIRM_V2,100780,TREATMENT,2026-03-18,Y
PAY_CONFIRM_V2,104718,CONTROL,2026-03-06,Y
PAY_CONFIRM_V2,100695,TREATMENT,2026-03-01,Y
PAY_CONFIRM_V2,103264,TREATMENT,2026-03-12,Y
PAY_CONFIRM_V2,105746,TREATMENT,2026-03-28,Y
PAY_CONFIRM_V2,102781,CONTROL,2026-03-18,Y
PAY_CONFIRM_V2,106486,TREATMENT,2026-03-01,Y
PAY_CONFIRM_V2,101915,CONTROL,2026-03-16,Y
PAY_CONFIRM_V2,102213,CONTROL,2026-03-22,Y
PAY_CONFIRM_V2,100128,TREATMENT,2026-03-11,Y
PAY_CONFIRM_V2,103986,TREATMENT,2026-03-18,Y
PAY_CONFIRM_V2,103341,TREATMENT,2026-03-24,Y
PAY_CONFIRM_V2,105404,TREATMENT,2026-03-03,Y
PAY_CONFIRM_V2,104234,TREATMENT,2026-03-22,Y
PAY_CONFIRM_V2,101162,TREATMENT,2026-03-28,Y
PAY_CONFIRM_V2,102860,CONTROL,2026-03-08,Y
PAY_CONFIRM_V2,104248,TREATMENT,2026-03-21,Y
PAY_CONFIRM_V2,109724,TREATMENT,2026-03-23,Y
PAY_CONFIRM_V2,106670,TREATMENT,2026-03-22,Y
PAY_CONFIRM_V2,107474,CONTROL,2026-03-21,Y
PAY_CONFIRM_V2,104118,CONTROL,2026-03-15,Y
PAY_CONFIRM_V2,100935,TREATMENT,2026-03-17,Y
PAY_CONFIRM_V2,100482,TREATMENT,2026-03-17,Y
PAY_CONFIRM_V2,109739,TREATMENT,2026-03-14,Y
PAY_CONFIRM_V2,104983,TREATMENT,2026-03-14,Y
PAY_CONFIRM_V2,108973,CONTROL,2026-03-24,Y
PAY_CONFIRM_V2,106012,TREATMENT,2026-03-09,Y
PAY_CONFIRM_V2,100488,TREATMENT,2026-03-02,Y
PAY_CONFIRM_V2,104196,TREATMENT,2026-03-25,Y
PAY_CONFIRM_V2,101976,CONTROL,2026-03-21,Y
PAY_CONFIRM_V2,102660,TREATMENT,2026-03-27,Y
PAY_CONFIRM_V2,109558,CONTROL,2026-03-08,Y
PAY_CONFIRM_V2,104838,TREATMENT,2026-03-25,Y
PAY_CONFIRM_V2,104808,CONTROL,2026-03-23,Y
PAY_CONFIRM_V2,107225,TREATMENT,2026-03-03,Y
PAY_CONFIRM_V2,105994,TREATMENT,2026-03-19,Y
PAY_CONFIRM_V2,106383,CONTROL,2026-03-19,Y
PAY_CONFIRM_V2,109211,TREATMENT,2026-03-15,Y
PAY_CONFIRM_V2,109583,CONTROL,2026-03-12,Y
PAY_CONFIRM_V2,101661,TREATMENT,2026-03-09,Y
PAY_CONFIRM_V2,109865,TREATMENT,2026-03-22,Y
PAY_CONFIRM_V2,103388,CONTROL,2026-03-24,Y
PAY_CONFIRM_V2,107772,TREATMENT,2026-03-06,Y
PAY_CONFIRM_V2,105197,TREATMENT,2026-03-30,Y
PAY_CONFIRM_V2,104159,CONTROL,2026-03-28,Y
PAY_CONFIRM_V2,100886,CONTROL,2026-03-17,Y
PAY_CONFIRM_V2,103885,CONTROL,2026-03-29,Y
PAY_CONFIRM_V2,106072,TREATMENT,2026-03-19,Y
PAY_CONFIRM_V2,101012,TREATMENT,2026-03-14,Y
PAY_CONFIRM_V2,104419,TREATMENT,2026-03-08,Y
PAY_CONFIRM_V2,108836,TREATMENT,2026-03-02,Y
PAY_CONFIRM_V2,105822,CONTROL,2026-03-27,Y
PAY_CONFIRM_V2,101601,CONTROL,2026-03-09,Y
PAY_CONFIRM_V2,104011,CONTROL,2026-03-30,Y
PAY_CONFIRM_V2,100651,TREATMENT,2026-03-14,Y
PAY_CONFIRM_V2,104876,CONTROL,2026-03-21,Y
PAY_CONFIRM_V2,100186,TREATMENT,2026-03-17,Y
PAY_CONFIRM_V2,104585,CONTROL,2026-03-27,Y
PAY_CONFIRM_V2,103769,TREATMENT,2026-03-12,Y
PAY_CONFIRM_V2,107379,CONTROL,2026-03-14,Y
PAY_CONFIRM_V2,108402,CONTROL,2026-03-24,Y
PAY_CONFIRM_V2,105902,TREATMENT,2026-03-24,Y
PAY_CONFIRM_V2,101350,TREATMENT,2026-03-07,Y
PAY_CONFIRM_V2,109505,TREATMENT,2026-03-20,Y
PAY_CONFIRM_V2,107224,CONTROL,2026-03-15,Y
PAY_CONFIRM_V2,100305,CONTROL,2026-03-15,Y
PAY_CONFIRM_V2,105827,CONTROL,2026-03-16,Y
PAY_CONFIRM_V2,105641,CONTROL,2026-03-09,Y
PAY_CONFIRM_V2,103719,CONTROL,2026-03-13,Y
PAY_CONFIRM_V2,106689,TREATMENT,2026-03-14,Y
PAY_CONFIRM_V2,104061,TREATMENT,2026-03-26,Y
PAY_CONFIRM_V2,103999,TREATMENT,2026-03-11,Y
PAY_CONFIRM_V2,108762,CONTROL,2026-03-12,Y
PAY_CONFIRM_V2,108874,TREATMENT,2026-03-24,Y
PAY_CONFIRM_V2,103736,TREATMENT,2026-03-04,Y
PAY_CONFIRM_V2,101389,CONTROL,2026-03-13,Y
PAY_CONFIRM_V2,106589,CONTROL,2026-03-10,Y
PAY_CONFIRM_V2,108418,CONTROL,2026-03-01,Y
PAY_CONFIRM_V2,105723,CONTROL,2026-03-15,Y
PAY_CONFIRM_V2,100955,TREATMENT,2026-03-29,Y
PAY_CONFIRM_V2,109299,TREATMENT,2026-03-08,Y
PAY_CONFIRM_V2,102850,TREATMENT,2026-03-22,Y
PAY_CONFIRM_V2,102406,CONTROL,2026-03-14,Y
PAY_CONFIRM_V2,101645,TREATMENT,2026-03-09,Y
PAY_CONFIRM_V2,103492,CONTROL,2026-03-19,Y
PAY_CONFIRM_V2,108644,CONTROL,2026-03-23,Y
PAY_CONFIRM_V2,100846,TREATMENT,2026-03-04,Y
PAY_CONFIRM_V2,107887,TREATMENT,2026-03-18,Y
PAY_CONFIRM_V2,106332,CONTROL,2026-03-14,Y
PAY_CONFIRM_V2,102822,TREATMENT,2026-03-06,Y
PAY_CONFIRM_V2,102383,TREATMENT,2026-03-06,Y
PAY_CONFIRM_V2,101256,TREATMENT,2026-03-11,Y
PAY_CONFIRM_V2,100392,CONTROL,2026-03-18,Y
PAY_CONFIRM_V2,101106,TREATMENT,2026-03-11,Y
PAY_CONFIRM_V2,101708,TREATMENT,2026-03-18,Y
PAY_CONFIRM_V2,105390,TREATMENT,2026-03-09,Y
PAY_CONFIRM_V2,102075,CONTROL,2026-03-05,Y
PAY_CONFIRM_V2,103479,CONTROL,2026-03-20,Y
PAY_CONFIRM_V2,109369,CONTROL,2026-03-30,Y
PAY_CONFIRM_V2,106852,TREATMENT,2026-03-04,Y
PAY_CONFIRM_V2,108407,TREATMENT,2026-03-27,Y
PAY_CONFIRM_V2,107531,CONTROL,2026-03-29,Y
PAY_CONFIRM_V2,105503,CONTROL,2026-03-06,Y
PAY_CONFIRM_V2,101102,CONTROL,2026-03-09,Y
PAY_CONFIRM_V2,109176,CONTROL,2026-03-05,Y
PAY_CONFIRM_V2,104459,CONTROL,2026-03-17,Y
PAY_CONFIRM_V2,100620,TREATMENT,2026-03-08,Y
PAY_CONFIRM_V2,106746,TREATMENT,2026-03-02,Y
PAY_CONFIRM_V2,104216,CONTROL,2026-03-12,Y
PAY_CONFIRM_V2,109887,CONTROL,2026-03-18,Y
PAY_CONFIRM_V2,103086,CONTROL,2026-03-19,Y
PAY_CONFIRM_V2,103701,TREATMENT,2026-03-24,Y
PAY_CONFIRM_V2,100524,TREATMENT,2026-03-06,Y
PAY_CONFIRM_V2,104589,TREATMENT,2026-03-16,Y
PAY_CONFIRM_V2,108004,TREATMENT,2026-03-07,Y
PAY_CONFIRM_V2,109165,TREATMENT,2026-03-03,Y
PAY_CONFIRM_V2,102223,CONTROL,2026-03-22,Y
PAY_CONFIRM_V2,102033,CONTROL,2026-03-12,Y
PAY_CONFIRM_V2,106518,CONTROL,2026-03-25,Y
PAY_CONFIRM_V2,103598,TREATMENT,2026-03-07,Y
PAY_CONFIRM_V2,107735,CONTROL,2026-03-13,Y
PAY_CONFIRM_V2,105949,TREATMENT,2026-03-25,Y
PAY_CONFIRM_V2,107722,CONTROL,2026-03-28,Y
PAY_CONFIRM_V2,106440,CONTROL,2026-03-28,Y
PAY_CONFIRM_V2,109497,CONTROL,2026-03-05,Y
PAY_CONFIRM_V2,102300,CONTROL,2026-03-20,Y
PAY_CONFIRM_V2,108711,CONTROL,2026-03-01,Y
PAY_CONFIRM_V2,102371,CONTROL,2026-03-14,Y
PAY_CONFIRM_V2,104841,TREATMENT,2026-03-28,Y
PAY_CONFIRM_V2,103749,TREATMENT,2026-03-19,Y
PAY_CONFIRM_V2,106757,TREATMENT,2026-03-16,Y
PAY_CONFIRM_V2,101922,TREATMENT,2026-03-10,Y
PAY_CONFIRM_V2,104210,TREATMENT,2026-03-14,Y
PAY_CONFIRM_V2,107007,CONTROL,2026-03-22,Y
PAY_CONFIRM_V2,108003,CONTROL,2026-03-16,Y
PAY_CONFIRM_V2,107948,CONTROL,2026-03-09,Y
PAY_CONFIRM_V2,105820,CONTROL,2026-03-30,Y
PAY_CONFIRM_V2,103835,TREATMENT,2026-03-18,Y
PAY_CONFIRM_V2,109418,CONTROL,2026-03-27,Y
PAY_CONFIRM_V2,109141,CONTROL,2026-03-06,Y
PAY_CONFIRM_V2,101303,TREATMENT,2026-03-20,Y
PAY_CONFIRM_V2,103843,CONTROL,2026-03-17,Y
PAY_CONFIRM_V2,108688,CONTROL,2026-03-01,Y
PAY_CONFIRM_V2,109200,TREATMENT,2026-03-13,Y
PAY_CONFIRM_V2,102251,TREATMENT,2026-03-02,Y
PAY_CONFIRM_V2,103468,CONTROL,2026-03-07,Y
PAY_CONFIRM_V2,101109,CONTROL,2026-03-03,Y
PAY_CONFIRM_V2,100212,TREATMENT,2026-03-23,Y
PAY_CONFIRM_V2,102790,TREATMENT,2026-03-28,Y
PAY_CONFIRM_V2,101240,CONTROL,2026-03-10,Y
PAY_CONFIRM_V2,108531,TREATMENT,2026-03-27,Y
PAY_CONFIRM_V2,104593,TREATMENT,2026-03-05,Y
PAY_CONFIRM_V2,107691,TREATMENT,2026-03-22,Y
PAY_CONFIRM_V2,102229,CONTROL,2026-03-19,Y
PAY_CONFIRM_V2,107328,TREATMENT,2026-03-12,Y
PAY_CONFIRM_V2,100089,TREATMENT,2026-03-16,Y
PAY_CONFIRM_V2,107307,CONTROL,2026-03-09,Y
PAY_CONFIRM_V2,109729,CONTROL,2026-03-22,Y
PAY_CONFIRM_V2,100782,TREATMENT,2026-03-13,Y
PAY_CONFIRM_V2,105352,TREATMENT,2026-03-05,Y
PAY_CONFIRM_V2,102462,CONTROL,2026-03-14,Y
PAY_CONFIRM_V2,109863,TREATMENT,2026-03-01,Y
PAY_CONFIRM_V2,103613,CONTROL,2026-03-14,Y
PAY_CONFIRM_V2,104726,CONTROL,2026-03-22,Y
PAY_CONFIRM_V2,104532,TREATMENT,2026-03-14,Y
PAY_CONFIRM_V2,109753,CONTROL,2026-03-23,Y
PAY_CONFIRM_V2,103880,TREATMENT,2026-03-23,Y
PAY_CONFIRM_V2,105907,CONTROL,2026-03-07,Y
PAY_CONFIRM_V2,108908,TREATMENT,2026-03-12,Y
PAY_CONFIRM_V2,102553,TREATMENT,2026-03-05,Y
PAY_CONFIRM_V2,104731,CONTROL,2026-03-03,Y
PAY_CONFIRM_V2,106235,TREATMENT,2026-03-30,Y
PAY_CONFIRM_V2,107725,CONTROL,2026-03-07,Y
PAY_CONFIRM_V2,105130,TREATMENT,2026-03-11,Y
PAY_CONFIRM_V2,105248,CONTROL,2026-03-02,Y
PAY_CONFIRM_V2,108654,TREATMENT,2026-03-27,Y
PAY_CONFIRM_V2,103860,TREATMENT,2026-03-03,Y
PAY_CONFIRM_V2,100774,TREATMENT,2026-03-09,Y
PAY_CONFIRM_V2,104374,CONTROL,2026-03-28,Y
PAY_CONFIRM_V2,103546,CONTROL,2026-03-28,Y
PAY_CONFIRM_V2,106325,CONTROL,2026-03-01,Y
PAY_CONFIRM_V2,108362,CONTROL,2026-03-16,Y
PAY_CONFIRM_V2,102698,TREATMENT,2026-03-22,Y
PAY_CONFIRM_V2,106292,TREATMENT,2026-03-17,Y
PAY_CONFIRM_V2,100274,TREATMENT,2026-03-21,Y
PAY_CONFIRM_V2,102443,CONTROL,2026-03-15,Y
PAY_CONFIRM_V2,101049,CONTROL,2026-03-01,Y
PAY_CONFIRM_V2,101613,TREATMENT,2026-03-18,Y
PAY_CONFIRM_V2,107339,CONTROL,2026-03-10,Y
PAY_CONFIRM_V2,106767,CONTROL,2026-03-30,Y
