alert_id,transaction_id,alert_timestamp,alert_type,alert_score,investigation_status,confirmed_fraud_flag,investigator_id
9000001,1000015,2026-02-12 05:07:12,GEO_ANOMALY,55.45,ESCALATED,N,INV0081
9000002,1000066,2026-03-19 18:45:04,RISK_SCORE,36.55,CLOSED,Y,INV0052
9000003,1000069,2026-03-11 15:42:22,VELOCITY,56.59,CLOSED,Y,INV0047
9000004,1000084,2026-04-14 23:57:46,VELOCITY,54.01,OPEN,Y,INV0100
9000005,1000086,2026-04-10 12:07:44,GEO_ANOMALY,62.62,CLOSED,Y,INV0017
9000006,1000096,2026-05-20 16:30:57,VELOCITY,22.78,OPEN,N,INV0069
9000007,1000108,2026-07-30 21:08:06,GEO_ANOMALY,56.66,OPEN,N,INV0059
9000008,1000113,2026-02-19 03:50:45,VELOCITY,50.64,OPEN,N,INV0040
9000009,1000122,2026-04-19 00:25:43,DEVICE_MISMATCH,11.46,ESCALATED,N,INV0084
9000010,1000159,2026-02-03 03:36:52,DEVICE_MISMATCH,37.41,ESCALATED,N,INV0017
9000011,1000174,2026-06-12 03:24:16,VELOCITY,59.38,CLOSED,N,INV0075
9000012,1000181,2026-01-16 05:52:59,DEVICE_MISMATCH,54.75,OPEN,N,INV0070
9000013,1000200,2026-06-29 19:59:58,RISK_SCORE,37.28,CLOSED,N,INV0008
9000014,1000205,2026-07-12 15:42:20,GEO_ANOMALY,54.31,CLOSED,N,INV0079
9000015,1000229,2026-02-25 02:25:36,DEVICE_MISMATCH,83.02,CLOSED,N,INV0076
9000016,1000243,2026-05-31 03:10:22,VELOCITY,23.85,OPEN,N,INV0042
9000017,1000250,2026-02-10 04:26:58,HIGH_VALUE,95.54,CLOSED,N,INV0065
9000018,1000259,2026-05-20 20:12:58,RISK_SCORE,39.96,OPEN,N,INV0063
9000019,1000263,2026-05-22 16:05:15,DEVICE_MISMATCH,66.55,OPEN,N,INV0002
9000020,1000273,2026-05-22 00:40:23,GEO_ANOMALY,0.0,CLOSED,N,INV0037
9000021,1000274,2026-08-16 10:27:24,DEVICE_MISMATCH,24.21,CLOSED,N,INV0015
9000022,1000283,2026-03-27 18:35:47,HIGH_VALUE,24.91,CLOSED,Y,INV0017
9000023,1000294,2026-06-19 14:59:36,DEVICE_MISMATCH,0.0,OPEN,N,INV0032
9000024,1000335,2026-03-04 10:04:20,VELOCITY,37.23,CLOSED,N,INV0021
9000025,1000336,2026-04-27 17:21:38,VELOCITY,35.77,CLOSED,N,INV0035
9000026,1000338,2026-03-30 21:16:34,HIGH_VALUE,49.53,CLOSED,N,INV0051
9000027,1000369,2026-02-15 22:03:50,VELOCITY,39.91,OPEN,Y,INV0024
9000028,1000376,2026-01-08 06:27:59,VELOCITY,59.02,CLOSED,N,INV0001
9000029,1000385,2026-01-13 10:55:28,RISK_SCORE,39.12,ESCALATED,N,INV0067
9000030,1000410,2026-03-08 10:10:36,RISK_SCORE,7.25,OPEN,Y,INV0030
9000031,1000435,2026-05-05 16:56:20,VELOCITY,69.82,OPEN,Y,INV0034
9000032,1000437,2026-08-15 05:33:18,HIGH_VALUE,49.17,OPEN,N,INV0082
9000033,1000497,2026-04-15 00:23:04,VELOCITY,10.71,OPEN,N,INV0084
9000034,1000500,2026-05-27 06:38:09,DEVICE_MISMATCH,30.95,ESCALATED,N,INV0072
9000035,1000523,2026-08-24 08:10:10,RISK_SCORE,47.08,OPEN,N,INV0061
9000036,1000526,2026-04-17 02:28:02,GEO_ANOMALY,24.39,OPEN,N,INV0057
9000037,1000533,2026-04-14 04:19:35,RISK_SCORE,28.19,CLOSED,N,INV0005
9000038,1000534,2026-02-26 15:35:39,DEVICE_MISMATCH,63.84,CLOSED,N,INV0061
9000039,1000536,2026-01-22 13:13:49,GEO_ANOMALY,7.19,CLOSED,N,INV0087
9000040,1000537,2026-08-05 09:57:08,RISK_SCORE,21.71,CLOSED,N,INV0044
9000041,1000551,2026-05-13 18:48:45,RISK_SCORE,48.7,ESCALATED,Y,INV0004
9000042,1000599,2026-07-01 03:42:06,VELOCITY,38.7,CLOSED,N,INV0059
9000043,1000620,2026-06-18 02:45:03,HIGH_VALUE,20.27,CLOSED,N,INV0019
9000044,1000641,2026-05-16 19:31:54,DEVICE_MISMATCH,47.55,OPEN,N,INV0025
9000045,1000644,2026-05-06 21:27:54,VELOCITY,39.77,OPEN,N,INV0095
9000046,1000649,2026-04-06 09:31:47,DEVICE_MISMATCH,24.36,OPEN,N,INV0052
9000047,1000659,2026-05-13 18:01:44,DEVICE_MISMATCH,38.67,OPEN,N,INV0099
9000048,1000662,2026-08-07 02:06:33,GEO_ANOMALY,58.28,CLOSED,Y,INV0092
9000049,1000697,2026-07-02 03:56:02,VELOCITY,38.33,ESCALATED,N,INV0087
9000050,1000707,2026-02-11 19:40:35,HIGH_VALUE,42.82,ESCALATED,N,INV0040
9000051,1000710,2026-04-20 22:59:27,VELOCITY,56.64,ESCALATED,Y,INV0026
9000052,1000740,2026-08-09 21:55:29,DEVICE_MISMATCH,64.46,OPEN,N,INV0090
9000053,1000751,2026-04-06 16:03:23,HIGH_VALUE,29.48,OPEN,N,INV0080
9000054,1000826,2026-01-08 04:08:55,GEO_ANOMALY,74.97,CLOSED,N,INV0041
9000055,1000835,2026-07-27 10:56:46,RISK_SCORE,28.29,CLOSED,N,INV0047
9000056,1000837,2026-06-21 19:58:08,GEO_ANOMALY,56.66,CLOSED,N,INV0023
9000057,1000843,2026-06-29 03:23:04,DEVICE_MISMATCH,42.95,OPEN,N,INV0043
9000058,1000861,2026-03-21 22:15:50,GEO_ANOMALY,36.83,CLOSED,N,INV0037
9000059,1000863,2026-07-10 21:47:51,VELOCITY,40.48,ESCALATED,Y,INV0083
9000060,1000866,2026-01-27 16:22:40,DEVICE_MISMATCH,26.28,CLOSED,N,INV0041
9000061,1000878,2026-05-17 04:12:08,RISK_SCORE,39.02,CLOSED,N,INV0089
9000062,1000884,2026-07-01 01:50:07,GEO_ANOMALY,31.05,CLOSED,N,INV0053
9000063,1000908,2026-01-15 06:17:11,VELOCITY,50.45,OPEN,N,INV0052
9000064,1000927,2026-08-04 19:43:21,RISK_SCORE,77.41,ESCALATED,N,INV0087
9000065,1000933,2026-02-17 03:49:15,GEO_ANOMALY,30.31,CLOSED,N,INV0064
9000066,1000954,2026-02-02 02:17:31,HIGH_VALUE,40.17,CLOSED,N,INV0080
9000067,1001032,2026-01-21 04:57:01,GEO_ANOMALY,0.0,CLOSED,N,INV0004
9000068,1001037,2026-07-18 15:35:54,DEVICE_MISMATCH,38.36,OPEN,Y,INV0030
9000069,1001064,2026-08-19 17:42:35,DEVICE_MISMATCH,48.28,CLOSED,N,INV0096
9000070,1001075,2026-05-24 12:35:38,GEO_ANOMALY,24.44,ESCALATED,N,INV0069
9000071,1001121,2026-05-04 10:38:45,DEVICE_MISMATCH,34.06,OPEN,N,INV0076
9000072,1001148,2026-01-19 05:00:09,VELOCITY,47.98,CLOSED,Y,INV0085
9000073,1001185,2026-03-22 01:01:07,DEVICE_MISMATCH,62.01,CLOSED,N,INV0091
9000074,1001204,2026-04-20 11:03:11,DEVICE_MISMATCH,42.56,OPEN,N,INV0029
9000075,1001205,2026-08-23 23:42:21,RISK_SCORE,51.91,CLOSED,N,INV0080
9000076,1001218,2026-04-09 09:11:16,HIGH_VALUE,25.13,OPEN,N,INV0034
9000077,1001251,2026-07-05 01:55:02,GEO_ANOMALY,66.53,ESCALATED,N,INV0080
9000078,1001263,2026-04-14 12:15:01,RISK_SCORE,15.95,OPEN,Y,INV0041
9000079,1001272,2026-01-10 08:18:59,RISK_SCORE,28.74,CLOSED,N,INV0070
9000080,1001312,2026-02-19 02:02:05,GEO_ANOMALY,52.61,CLOSED,Y,INV0001
9000081,1001327,2026-02-05 02:43:08,DEVICE_MISMATCH,21.65,OPEN,N,INV0002
9000082,1001329,2026-04-08 20:08:00,GEO_ANOMALY,56.1,CLOSED,N,INV0070
9000083,1001359,2026-07-04 19:23:56,GEO_ANOMALY,26.6,CLOSED,N,INV0051
9000084,1001370,2026-01-19 16:55:44,VELOCITY,62.14,CLOSED,N,INV0010
9000085,1001389,2026-04-03 05:59:31,GEO_ANOMALY,51.17,OPEN,N,INV0030
9000086,1001407,2026-01-17 07:05:38,VELOCITY,47.04,ESCALATED,N,INV0054
9000087,1001444,2026-05-11 07:14:06,HIGH_VALUE,29.7,CLOSED,N,INV0059
9000088,1001466,2026-02-22 02:31:05,HIGH_VALUE,98.76,CLOSED,N,INV0016
9000089,1001488,2026-08-06 05:01:05,GEO_ANOMALY,29.61,CLOSED,N,INV0096
9000090,1001511,2026-06-12 04:39:38,VELOCITY,92.13,CLOSED,Y,INV0046
9000091,1001516,2026-01-22 02:11:40,VELOCITY,46.52,CLOSED,N,INV0066
9000092,1001531,2026-07-03 13:45:10,RISK_SCORE,47.03,CLOSED,N,INV0057
9000093,1001540,2026-01-25 08:52:55,HIGH_VALUE,37.82,OPEN,Y,INV0003
9000094,1001545,2026-07-06 04:59:41,VELOCITY,41.74,OPEN,N,INV0074
9000095,1001565,2026-03-06 03:22:07,DEVICE_MISMATCH,20.27,CLOSED,N,INV0015
9000096,1001572,2026-07-11 02:06:50,DEVICE_MISMATCH,27.15,CLOSED,N,INV0043
9000097,1001596,2026-04-13 11:48:46,VELOCITY,73.32,CLOSED,N,INV0067
9000098,1001599,2026-03-30 23:13:14,DEVICE_MISMATCH,63.11,OPEN,N,INV0030
9000099,1001611,2026-01-25 14:05:06,RISK_SCORE,34.35,CLOSED,N,INV0030
9000100,1001614,2026-04-11 01:24:23,DEVICE_MISMATCH,60.32,CLOSED,Y,INV0006
9000101,1001639,2026-03-24 21:34:15,VELOCITY,11.91,OPEN,N,INV0088
9000102,1001642,2026-05-21 04:21:22,DEVICE_MISMATCH,57.07,ESCALATED,N,INV0077
9000103,1001665,2026-05-24 11:58:58,DEVICE_MISMATCH,79.25,OPEN,Y,INV0024
9000104,1001674,2026-02-08 15:47:07,GEO_ANOMALY,10.95,OPEN,N,INV0034
9000105,1001686,2026-03-05 09:33:36,RISK_SCORE,44.13,OPEN,N,INV0044
9000106,1001687,2026-08-27 04:07:44,VELOCITY,65.67,CLOSED,N,INV0012
9000107,1001717,2026-06-22 07:41:25,GEO_ANOMALY,39.35,OPEN,N,INV0052
9000108,1001722,2026-08-04 13:19:42,DEVICE_MISMATCH,9.67,OPEN,Y,INV0061
9000109,1001735,2026-07-17 22:09:03,VELOCITY,56.3,CLOSED,N,INV0018
9000110,1001750,2026-03-14 02:56:13,HIGH_VALUE,74.21,CLOSED,N,INV0067
9000111,1001773,2026-06-06 15:20:48,HIGH_VALUE,61.13,OPEN,N,INV0098
9000112,1001791,2026-02-20 00:43:04,DEVICE_MISMATCH,84.45,CLOSED,Y,INV0024
9000113,1001828,2026-01-23 00:10:31,GEO_ANOMALY,51.06,OPEN,N,INV0011
9000114,1001844,2026-02-07 11:22:03,RISK_SCORE,23.68,CLOSED,N,INV0045
9000115,1001852,2026-07-31 11:58:46,VELOCITY,40.34,OPEN,N,INV0074
9000116,1001855,2026-02-04 10:51:29,VELOCITY,28.84,OPEN,Y,INV0070
9000117,1001875,2026-07-02 21:43:11,RISK_SCORE,37.17,OPEN,N,INV0061
9000118,1001881,2026-07-26 17:24:50,VELOCITY,45.87,CLOSED,Y,INV0007
9000119,1001940,2026-05-18 04:09:21,DEVICE_MISMATCH,21.54,OPEN,N,INV0074
9000120,1001945,2026-05-14 06:35:29,DEVICE_MISMATCH,18.07,CLOSED,N,INV0033
9000121,1001964,2026-08-03 13:19:43,DEVICE_MISMATCH,38.73,ESCALATED,Y,INV0032
9000122,1001984,2026-05-11 01:57:22,VELOCITY,73.38,CLOSED,N,INV0051
9000123,1002001,2026-01-17 07:35:16,DEVICE_MISMATCH,0.0,CLOSED,N,INV0048
9000124,1002052,2026-06-05 17:05:32,DEVICE_MISMATCH,45.81,OPEN,N,INV0029
9000125,1002078,2026-01-28 03:38:44,DEVICE_MISMATCH,29.54,OPEN,N,INV0069
9000126,1002092,2026-05-12 19:31:45,GEO_ANOMALY,16.43,CLOSED,N,INV0100
9000127,1002096,2026-04-10 02:18:06,DEVICE_MISMATCH,45.23,OPEN,N,INV0054
9000128,1002153,2026-02-09 17:06:19,RISK_SCORE,66.13,CLOSED,N,INV0096
9000129,1002168,2026-04-03 14:23:11,GEO_ANOMALY,47.11,CLOSED,Y,INV0024
9000130,1002179,2026-04-07 15:02:07,DEVICE_MISMATCH,58.9,OPEN,N,INV0069
9000131,1002183,2026-05-07 11:21:12,DEVICE_MISMATCH,21.93,CLOSED,N,INV0087
9000132,1002211,2026-06-15 13:17:14,RISK_SCORE,49.18,OPEN,Y,INV0072
9000133,1002246,2026-04-10 13:38:13,HIGH_VALUE,47.66,CLOSED,N,INV0077
9000134,1002268,2026-01-25 19:29:03,VELOCITY,9.94,CLOSED,N,INV0018
9000135,1002271,2026-07-29 12:01:53,HIGH_VALUE,19.47,CLOSED,N,INV0080
9000136,1002275,2026-07-10 16:06:30,VELOCITY,52.13,OPEN,N,INV0088
9000137,1002293,2026-01-12 12:53:02,VELOCITY,49.76,CLOSED,N,INV0024
9000138,1002300,2026-05-13 04:57:37,RISK_SCORE,70.3,CLOSED,N,INV0018
9000139,1002311,2026-07-09 03:01:08,DEVICE_MISMATCH,7.73,CLOSED,N,INV0098
9000140,1002344,2026-03-06 20:41:26,HIGH_VALUE,37.2,OPEN,N,INV0042
9000141,1002345,2026-03-07 05:17:25,RISK_SCORE,55.12,CLOSED,N,INV0070
9000142,1002358,2026-05-26 16:11:27,VELOCITY,67.46,OPEN,N,INV0033
9000143,1002389,2026-01-25 01:21:00,RISK_SCORE,57.24,OPEN,N,INV0029
9000144,1002393,2026-03-01 01:12:21,GEO_ANOMALY,34.16,CLOSED,Y,INV0098
9000145,1002395,2026-04-24 20:47:16,DEVICE_MISMATCH,28.76,CLOSED,N,INV0055
9000146,1002404,2026-03-18 19:30:15,HIGH_VALUE,12.97,CLOSED,N,INV0070
9000147,1002435,2026-06-09 12:22:57,HIGH_VALUE,74.15,OPEN,Y,INV0064
9000148,1002455,2026-06-29 05:30:47,DEVICE_MISMATCH,35.09,ESCALATED,N,INV0011
9000149,1002465,2026-07-20 16:27:53,HIGH_VALUE,34.36,OPEN,N,INV0099
9000150,1002469,2026-01-05 22:54:45,DEVICE_MISMATCH,43.83,CLOSED,N,INV0023
9000151,1002481,2026-01-14 15:08:24,VELOCITY,18.29,OPEN,N,INV0035
9000152,1002487,2026-06-24 11:07:14,RISK_SCORE,32.88,ESCALATED,N,INV0088
9000153,1002489,2026-06-07 05:44:29,RISK_SCORE,71.08,OPEN,Y,INV0001
9000154,1002504,2026-03-05 13:54:09,RISK_SCORE,26.16,OPEN,N,INV0029
9000155,1002505,2026-01-28 20:38:25,DEVICE_MISMATCH,48.75,CLOSED,N,INV0089
9000156,1002562,2026-07-25 06:22:00,DEVICE_MISMATCH,50.1,OPEN,N,INV0079
9000157,1002564,2026-05-16 18:09:27,DEVICE_MISMATCH,89.03,CLOSED,Y,INV0059
9000158,1002568,2026-06-16 22:23:07,GEO_ANOMALY,40.75,CLOSED,N,INV0033
9000159,1002569,2026-01-28 12:52:47,RISK_SCORE,39.47,OPEN,N,INV0080
9000160,1002575,2026-05-10 03:08:35,VELOCITY,56.62,ESCALATED,N,INV0087
9000161,1002579,2026-07-15 22:44:01,HIGH_VALUE,49.55,CLOSED,N,INV0008
9000162,1002597,2026-07-28 12:46:16,HIGH_VALUE,31.5,OPEN,N,INV0084
9000163,1002615,2026-06-06 08:12:05,GEO_ANOMALY,34.05,CLOSED,N,INV0022
9000164,1002641,2026-05-11 22:05:08,GEO_ANOMALY,65.72,CLOSED,N,INV0062
9000165,1002650,2026-01-24 12:59:01,DEVICE_MISMATCH,53.32,OPEN,N,INV0008
9000166,1002667,2026-01-04 20:08:02,GEO_ANOMALY,26.36,CLOSED,N,INV0098
9000167,1002669,2026-02-20 07:01:14,GEO_ANOMALY,24.9,CLOSED,N,INV0085
9000168,1002671,2026-01-05 10:43:56,DEVICE_MISMATCH,24.97,OPEN,N,INV0002
9000169,1002674,2026-01-06 10:02:50,GEO_ANOMALY,88.72,CLOSED,N,INV0053
9000170,1002675,2026-04-26 14:00:31,DEVICE_MISMATCH,34.34,CLOSED,N,INV0066
9000171,1002707,2026-05-12 02:55:29,RISK_SCORE,4.84,OPEN,N,INV0010
9000172,1002709,2026-07-27 20:42:24,RISK_SCORE,75.73,CLOSED,N,INV0006
9000173,1002727,2026-06-03 13:12:24,HIGH_VALUE,51.3,CLOSED,N,INV0016
9000174,1002748,2026-07-29 12:01:06,HIGH_VALUE,26.69,CLOSED,N,INV0074
9000175,1002752,2026-07-19 17:19:21,HIGH_VALUE,54.51,OPEN,N,INV0014
9000176,1002755,2026-08-24 20:36:50,GEO_ANOMALY,91.51,OPEN,N,INV0043
9000177,1002781,2026-02-17 02:51:35,DEVICE_MISMATCH,52.56,CLOSED,N,INV0088
9000178,1002791,2026-05-12 21:32:01,DEVICE_MISMATCH,49.69,CLOSED,N,INV0022
9000179,1002792,2026-07-22 18:53:45,GEO_ANOMALY,85.63,CLOSED,N,INV0095
9000180,1002830,2026-08-16 18:01:18,DEVICE_MISMATCH,59.17,CLOSED,Y,INV0048
9000181,1002897,2026-05-07 01:21:20,HIGH_VALUE,30.76,OPEN,N,INV0086
9000182,1002915,2026-05-11 11:01:16,GEO_ANOMALY,54.36,OPEN,N,INV0012
9000183,1002939,2026-04-27 06:49:20,GEO_ANOMALY,29.95,OPEN,N,INV0020
9000184,1002973,2026-05-10 22:38:45,RISK_SCORE,14.88,OPEN,N,INV0019
9000185,1002982,2026-06-28 19:11:40,RISK_SCORE,28.63,OPEN,N,INV0051
9000186,1002990,2026-07-13 10:43:21,RISK_SCORE,29.09,CLOSED,N,INV0018
9000187,1003014,2026-05-30 00:57:49,RISK_SCORE,38.47,CLOSED,Y,INV0031
9000188,1003073,2026-06-19 06:17:32,RISK_SCORE,51.99,OPEN,Y,INV0092
9000189,1003077,2026-08-02 18:59:44,RISK_SCORE,61.75,ESCALATED,N,INV0066
9000190,1003090,2026-08-06 21:10:05,HIGH_VALUE,70.82,CLOSED,Y,INV0045
9000191,1003100,2026-02-02 14:39:37,GEO_ANOMALY,72.98,CLOSED,N,INV0005
9000192,1003101,2026-07-03 00:40:16,GEO_ANOMALY,56.99,ESCALATED,N,INV0054
9000193,1003129,2026-04-04 13:58:23,RISK_SCORE,46.47,CLOSED,Y,INV0077
9000194,1003154,2026-05-12 07:46:55,RISK_SCORE,32.27,CLOSED,N,INV0065
9000195,1003185,2026-03-02 04:25:32,HIGH_VALUE,27.85,OPEN,N,INV0082
9000196,1003188,2026-04-26 20:46:54,GEO_ANOMALY,43.64,OPEN,N,INV0088
9000197,1003223,2026-08-04 04:44:14,GEO_ANOMALY,20.98,CLOSED,N,INV0037
9000198,1003250,2026-01-15 10:29:58,GEO_ANOMALY,42.56,CLOSED,N,INV0067
9000199,1003267,2026-08-27 19:08:45,DEVICE_MISMATCH,22.74,ESCALATED,N,INV0030
9000200,1003292,2026-08-13 11:27:17,DEVICE_MISMATCH,71.83,CLOSED,N,INV0010
9000201,1003314,2026-02-09 09:11:56,VELOCITY,38.09,CLOSED,N,INV0096
9000202,1003316,2026-02-21 16:47:45,VELOCITY,21.74,OPEN,Y,INV0095
9000203,1003353,2026-03-11 20:43:12,GEO_ANOMALY,66.1,OPEN,N,INV0047
9000204,1003399,2026-08-22 08:58:04,VELOCITY,52.94,OPEN,N,INV0047
9000205,1003424,2026-04-26 15:57:27,HIGH_VALUE,37.16,OPEN,Y,INV0015
9000206,1003453,2026-02-19 05:10:41,DEVICE_MISMATCH,14.45,ESCALATED,N,INV0097
9000207,1003461,2026-01-13 18:56:51,RISK_SCORE,76.97,CLOSED,N,INV0078
9000208,1003462,2026-07-21 11:11:55,GEO_ANOMALY,45.56,CLOSED,Y,INV0095
9000209,1003502,2026-01-23 11:59:04,HIGH_VALUE,27.62,CLOSED,N,INV0062
9000210,1003526,2026-04-22 10:16:57,DEVICE_MISMATCH,39.95,OPEN,N,INV0021
9000211,1003546,2026-03-13 16:47:45,VELOCITY,45.11,OPEN,N,INV0004
9000212,1003552,2026-03-14 20:29:32,GEO_ANOMALY,41.18,CLOSED,N,INV0067
9000213,1003553,2026-03-14 14:56:13,RISK_SCORE,27.88,CLOSED,N,INV0032
9000214,1003562,2026-01-08 05:52:39,RISK_SCORE,37.92,ESCALATED,Y,INV0020
9000215,1003564,2026-03-05 09:06:19,VELOCITY,34.23,CLOSED,N,INV0055
9000216,1003575,2026-06-16 19:30:49,GEO_ANOMALY,43.56,CLOSED,N,INV0089
9000217,1003593,2026-02-12 14:57:48,GEO_ANOMALY,28.27,CLOSED,N,INV0087
9000218,1003595,2026-01-04 08:00:40,DEVICE_MISMATCH,44.04,ESCALATED,N,INV0041
9000219,1003603,2026-03-15 19:31:54,GEO_ANOMALY,67.14,CLOSED,Y,INV0071
9000220,1003619,2026-07-23 02:06:17,GEO_ANOMALY,45.46,CLOSED,N,INV0074
9000221,1003646,2026-02-24 21:29:56,RISK_SCORE,63.58,OPEN,N,INV0091
9000222,1003647,2026-07-26 09:45:22,HIGH_VALUE,47.3,ESCALATED,N,INV0071
9000223,1003656,2026-04-01 21:05:20,HIGH_VALUE,49.83,CLOSED,N,INV0012
9000224,1003659,2026-07-17 08:43:45,RISK_SCORE,27.89,OPEN,N,INV0064
9000225,1003660,2026-04-22 06:47:28,RISK_SCORE,47.58,CLOSED,N,INV0052
9000226,1003665,2026-02-05 21:46:28,DEVICE_MISMATCH,28.83,CLOSED,N,INV0023
9000227,1003670,2026-06-04 16:06:06,VELOCITY,47.94,CLOSED,N,INV0099
9000228,1003675,2026-06-25 02:43:42,RISK_SCORE,43.07,CLOSED,N,INV0071
9000229,1003699,2026-06-22 06:08:20,DEVICE_MISMATCH,39.59,CLOSED,N,INV0067
9000230,1003709,2026-03-21 11:55:49,DEVICE_MISMATCH,51.4,OPEN,N,INV0075
9000231,1003726,2026-05-02 06:35:13,GEO_ANOMALY,47.17,OPEN,N,INV0093
9000232,1003745,2026-08-25 03:09:37,GEO_ANOMALY,66.63,ESCALATED,Y,INV0038
9000233,1003756,2026-06-04 15:41:27,DEVICE_MISMATCH,31.81,CLOSED,N,INV0014
9000234,1003758,2026-07-22 06:07:10,RISK_SCORE,49.73,ESCALATED,N,INV0038
9000235,1003765,2026-02-11 03:17:57,DEVICE_MISMATCH,0.0,OPEN,N,INV0049
9000236,1003776,2026-04-24 00:36:29,VELOCITY,25.73,CLOSED,N,INV0012
9000237,1003778,2026-07-05 06:01:58,RISK_SCORE,39.93,CLOSED,N,INV0094
9000238,1003803,2026-05-21 13:00:03,RISK_SCORE,18.33,CLOSED,N,INV0062
9000239,1003812,2026-08-09 07:23:58,VELOCITY,100.0,CLOSED,N,INV0054
9000240,1003814,2026-07-28 15:35:21,HIGH_VALUE,62.65,CLOSED,N,INV0034
9000241,1003838,2026-02-14 06:00:32,DEVICE_MISMATCH,43.57,OPEN,Y,INV0067
9000242,1003854,2026-08-13 12:23:16,DEVICE_MISMATCH,50.31,OPEN,N,INV0005
9000243,1003871,2026-07-07 13:01:05,RISK_SCORE,23.45,CLOSED,N,INV0092
9000244,1003905,2026-05-20 00:44:16,GEO_ANOMALY,42.75,CLOSED,N,INV0021
9000245,1003906,2026-04-18 06:10:07,RISK_SCORE,53.87,CLOSED,N,INV0087
9000246,1003933,2026-04-01 22:50:45,RISK_SCORE,28.26,OPEN,Y,INV0028
9000247,1003934,2026-08-09 20:43:23,DEVICE_MISMATCH,24.02,ESCALATED,Y,INV0073
9000248,1003953,2026-07-14 02:05:46,GEO_ANOMALY,29.53,CLOSED,Y,INV0027
9000249,1003973,2026-07-21 15:30:11,DEVICE_MISMATCH,93.62,OPEN,N,INV0077
9000250,1003993,2026-01-31 11:35:30,GEO_ANOMALY,53.5,OPEN,Y,INV0013
9000251,1003996,2026-07-22 03:27:28,DEVICE_MISMATCH,82.37,CLOSED,N,INV0060
9000252,1004003,2026-04-06 11:50:44,DEVICE_MISMATCH,56.67,OPEN,Y,INV0036
9000253,1004008,2026-07-19 20:00:33,HIGH_VALUE,23.1,OPEN,N,INV0046
9000254,1004017,2026-03-12 05:42:49,HIGH_VALUE,99.58,CLOSED,N,INV0071
9000255,1004027,2026-05-04 08:58:51,GEO_ANOMALY,40.22,CLOSED,N,INV0059
9000256,1004033,2026-04-06 21:00:05,RISK_SCORE,45.41,CLOSED,Y,INV0025
9000257,1004056,2026-02-22 10:13:08,RISK_SCORE,48.4,CLOSED,N,INV0093
9000258,1004063,2026-02-12 14:40:58,GEO_ANOMALY,50.36,ESCALATED,N,INV0049
9000259,1004074,2026-02-22 17:36:31,HIGH_VALUE,23.76,OPEN,N,INV0013
9000260,1004083,2026-01-14 02:10:22,GEO_ANOMALY,23.98,CLOSED,N,INV0052
9000261,1004089,2026-07-10 03:34:39,RISK_SCORE,69.9,OPEN,N,INV0023
9000262,1004091,2026-06-26 17:11:14,HIGH_VALUE,41.11,OPEN,N,INV0080
9000263,1004123,2026-05-31 16:46:22,GEO_ANOMALY,48.06,OPEN,N,INV0001
9000264,1004143,2026-04-01 10:14:34,HIGH_VALUE,60.41,OPEN,N,INV0069
9000265,1004164,2026-02-01 16:30:44,HIGH_VALUE,7.16,CLOSED,N,INV0084
9000266,1004165,2026-01-09 17:19:46,RISK_SCORE,83.67,CLOSED,Y,INV0093
9000267,1004195,2026-02-13 15:19:32,GEO_ANOMALY,70.39,CLOSED,Y,INV0095
9000268,1004202,2026-07-04 14:59:06,HIGH_VALUE,63.22,OPEN,Y,INV0015
9000269,1004207,2026-05-20 14:58:41,VELOCITY,10.07,CLOSED,N,INV0050
9000270,1004218,2026-01-11 13:49:01,GEO_ANOMALY,55.4,CLOSED,Y,INV0051
9000271,1004231,2026-02-18 00:27:48,VELOCITY,71.87,CLOSED,Y,INV0002
9000272,1004309,2026-08-25 01:41:55,VELOCITY,33.22,CLOSED,N,INV0098
9000273,1004355,2026-04-11 11:00:55,GEO_ANOMALY,45.78,CLOSED,N,INV0070
9000274,1004363,2026-01-29 13:21:11,DEVICE_MISMATCH,69.66,OPEN,Y,INV0015
9000275,1004378,2026-01-12 15:52:12,DEVICE_MISMATCH,96.92,OPEN,Y,INV0018
9000276,1004379,2026-03-17 06:10:13,DEVICE_MISMATCH,56.09,CLOSED,N,INV0061
9000277,1004404,2026-04-15 14:23:36,DEVICE_MISMATCH,38.46,CLOSED,N,INV0029
9000278,1004405,2026-04-03 21:57:24,DEVICE_MISMATCH,43.54,CLOSED,N,INV0050
9000279,1004414,2026-05-11 17:28:02,GEO_ANOMALY,54.93,ESCALATED,N,INV0074
9000280,1004425,2026-03-25 01:15:45,GEO_ANOMALY,26.16,CLOSED,N,INV0007
9000281,1004453,2026-06-13 02:17:27,VELOCITY,62.83,CLOSED,Y,INV0083
9000282,1004457,2026-08-02 21:24:20,GEO_ANOMALY,79.09,OPEN,Y,INV0099
9000283,1004461,2026-03-02 22:23:31,RISK_SCORE,74.47,CLOSED,N,INV0094
9000284,1004491,2026-06-30 16:19:43,GEO_ANOMALY,56.01,CLOSED,Y,INV0081
9000285,1004493,2026-05-02 02:19:55,GEO_ANOMALY,100.0,OPEN,N,INV0040
9000286,1004516,2026-02-09 12:13:12,HIGH_VALUE,60.71,CLOSED,Y,INV0043
9000287,1004517,2026-01-08 01:40:51,VELOCITY,9.07,CLOSED,N,INV0014
9000288,1004518,2026-05-28 20:34:54,RISK_SCORE,23.35,CLOSED,N,INV0021
9000289,1004526,2026-07-04 04:33:11,DEVICE_MISMATCH,0.0,CLOSED,N,INV0008
9000290,1004584,2026-03-23 17:10:28,DEVICE_MISMATCH,61.32,CLOSED,N,INV0011
9000291,1004605,2026-07-03 11:33:30,VELOCITY,23.99,OPEN,N,INV0086
9000292,1004614,2026-01-30 19:16:35,RISK_SCORE,24.77,OPEN,N,INV0018
9000293,1004623,2026-04-23 08:33:52,HIGH_VALUE,71.16,CLOSED,N,INV0071
9000294,1004631,2026-03-23 08:36:00,VELOCITY,88.73,CLOSED,N,INV0035
9000295,1004644,2026-07-02 01:26:35,RISK_SCORE,60.56,CLOSED,Y,INV0097
9000296,1004649,2026-01-11 06:06:55,DEVICE_MISMATCH,26.81,OPEN,Y,INV0009
9000297,1004675,2026-07-13 19:43:17,DEVICE_MISMATCH,46.51,CLOSED,N,INV0015
9000298,1004689,2026-01-26 08:46:16,HIGH_VALUE,23.12,CLOSED,Y,INV0045
9000299,1004703,2026-06-24 23:18:28,VELOCITY,2.85,ESCALATED,N,INV0005
9000300,1004739,2026-02-01 15:20:12,GEO_ANOMALY,32.93,CLOSED,N,INV0092
9000301,1004756,2026-05-15 14:29:24,RISK_SCORE,74.37,CLOSED,N,INV0056
9000302,1004793,2026-01-09 16:41:22,VELOCITY,27.14,CLOSED,N,INV0058
9000303,1004795,2026-08-04 02:28:59,VELOCITY,53.94,CLOSED,N,INV0041
9000304,1004812,2026-04-26 08:02:20,DEVICE_MISMATCH,25.3,CLOSED,Y,INV0084
9000305,1004815,2026-07-28 16:37:56,RISK_SCORE,33.43,CLOSED,Y,INV0072
9000306,1004823,2026-01-02 04:05:47,HIGH_VALUE,44.81,OPEN,N,INV0097
9000307,1004843,2026-05-23 05:35:18,HIGH_VALUE,4.57,CLOSED,N,INV0064
9000308,1004884,2026-01-05 10:00:08,HIGH_VALUE,23.15,CLOSED,N,INV0049
9000309,1004902,2026-08-06 05:36:16,HIGH_VALUE,45.45,ESCALATED,N,INV0040
9000310,1004914,2026-03-26 22:08:15,DEVICE_MISMATCH,45.34,CLOSED,N,INV0079
9000311,1004920,2026-02-14 06:25:56,VELOCITY,56.81,CLOSED,Y,INV0016
9000312,1004923,2026-07-10 18:21:12,DEVICE_MISMATCH,40.15,CLOSED,N,INV0023
9000313,1004944,2026-05-18 02:07:37,HIGH_VALUE,72.29,OPEN,N,INV0079
9000314,1004969,2026-06-24 23:13:24,DEVICE_MISMATCH,17.78,CLOSED,N,INV0042
9000315,1004983,2026-08-18 06:16:41,HIGH_VALUE,76.74,OPEN,N,INV0080
9000316,1005001,2026-05-21 15:41:10,RISK_SCORE,28.15,CLOSED,N,INV0051
9000317,1005006,2026-04-09 22:19:45,GEO_ANOMALY,50.24,OPEN,Y,INV0048
9000318,1005010,2026-04-02 12:05:07,GEO_ANOMALY,65.75,OPEN,N,INV0067
9000319,1005018,2026-03-30 15:41:19,GEO_ANOMALY,43.23,OPEN,N,INV0077
9000320,1005044,2026-05-23 23:11:15,RISK_SCORE,23.91,CLOSED,N,INV0051
9000321,1005072,2026-01-07 21:30:07,DEVICE_MISMATCH,18.49,OPEN,N,INV0001
9000322,1005076,2026-04-26 18:46:55,HIGH_VALUE,61.42,ESCALATED,N,INV0084
9000323,1005081,2026-01-25 02:18:17,HIGH_VALUE,25.04,OPEN,N,INV0085
9000324,1005117,2026-08-20 22:38:46,RISK_SCORE,50.04,CLOSED,N,INV0055
9000325,1005120,2026-05-14 00:19:27,HIGH_VALUE,15.81,CLOSED,N,INV0033
9000326,1005135,2026-07-06 03:41:02,RISK_SCORE,15.03,CLOSED,N,INV0054
9000327,1005141,2026-02-02 12:12:16,GEO_ANOMALY,55.19,OPEN,Y,INV0024
9000328,1005161,2026-06-14 07:15:16,RISK_SCORE,53.91,CLOSED,N,INV0065
9000329,1005165,2026-05-17 17:17:25,DEVICE_MISMATCH,74.0,OPEN,N,INV0067
9000330,1005169,2026-01-23 09:47:13,RISK_SCORE,62.95,CLOSED,N,INV0064
9000331,1005176,2026-08-02 06:25:45,RISK_SCORE,36.25,CLOSED,N,INV0034
9000332,1005186,2026-08-16 12:41:16,RISK_SCORE,60.84,OPEN,Y,INV0082
9000333,1005194,2026-05-29 13:59:21,DEVICE_MISMATCH,48.31,OPEN,Y,INV0097
9000334,1005217,2026-01-07 16:33:39,RISK_SCORE,57.94,OPEN,N,INV0008
9000335,1005263,2026-05-03 14:39:30,HIGH_VALUE,61.29,CLOSED,Y,INV0099
9000336,1005265,2026-07-01 22:16:33,HIGH_VALUE,74.01,CLOSED,Y,INV0013
9000337,1005268,2026-04-02 08:27:14,DEVICE_MISMATCH,59.08,CLOSED,N,INV0008
9000338,1005276,2026-07-26 23:48:48,VELOCITY,30.18,CLOSED,N,INV0035
9000339,1005283,2026-08-17 04:00:36,RISK_SCORE,40.96,CLOSED,N,INV0010
9000340,1005313,2026-07-05 23:19:48,GEO_ANOMALY,46.85,OPEN,Y,INV0097
9000341,1005333,2026-01-06 02:08:38,RISK_SCORE,31.31,CLOSED,N,INV0095
9000342,1005338,2026-04-18 22:27:54,HIGH_VALUE,45.0,CLOSED,Y,INV0046
9000343,1005339,2026-06-08 18:01:49,DEVICE_MISMATCH,29.02,CLOSED,N,INV0075
9000344,1005352,2026-04-21 21:12:54,VELOCITY,53.62,OPEN,N,INV0030
9000345,1005358,2026-03-18 09:07:08,HIGH_VALUE,50.95,CLOSED,N,INV0095
9000346,1005365,2026-01-26 23:52:30,RISK_SCORE,61.18,CLOSED,Y,INV0013
9000347,1005372,2026-05-24 19:18:20,DEVICE_MISMATCH,74.11,CLOSED,N,INV0085
9000348,1005378,2026-04-27 23:48:39,DEVICE_MISMATCH,14.03,CLOSED,N,INV0020
9000349,1005379,2026-07-05 19:47:30,GEO_ANOMALY,64.63,CLOSED,N,INV0083
9000350,1005384,2026-02-02 13:58:13,VELOCITY,25.46,CLOSED,N,INV0085
9000351,1005387,2026-05-03 11:57:53,VELOCITY,16.07,CLOSED,N,INV0050
9000352,1005392,2026-05-04 16:37:27,VELOCITY,47.13,CLOSED,N,INV0005
9000353,1005399,2026-07-30 11:14:34,DEVICE_MISMATCH,45.59,CLOSED,N,INV0006
9000354,1005424,2026-03-16 23:44:11,HIGH_VALUE,50.47,OPEN,N,INV0094
9000355,1005435,2026-05-21 16:25:52,VELOCITY,32.8,OPEN,N,INV0037
9000356,1005437,2026-03-27 15:24:34,GEO_ANOMALY,55.32,OPEN,N,INV0021
9000357,1005457,2026-02-20 07:40:47,RISK_SCORE,60.24,OPEN,Y,INV0046
9000358,1005459,2026-03-05 06:32:13,GEO_ANOMALY,54.98,OPEN,N,INV0025
9000359,1005480,2026-08-04 23:34:05,VELOCITY,23.12,CLOSED,N,INV0035
9000360,1005481,2026-01-20 23:51:39,RISK_SCORE,37.45,OPEN,N,INV0057
9000361,1005488,2026-03-04 22:39:27,RISK_SCORE,12.26,CLOSED,N,INV0044
9000362,1005498,2026-03-30 00:45:48,HIGH_VALUE,73.15,CLOSED,N,INV0076
9000363,1005510,2026-03-08 06:37:32,RISK_SCORE,45.16,CLOSED,N,INV0025
9000364,1005552,2026-03-21 00:20:47,RISK_SCORE,40.36,CLOSED,N,INV0036
9000365,1005560,2026-03-14 04:22:32,VELOCITY,28.59,ESCALATED,N,INV0059
9000366,1005573,2026-05-10 16:22:23,DEVICE_MISMATCH,36.29,CLOSED,N,INV0022
9000367,1005622,2026-03-02 15:22:46,DEVICE_MISMATCH,62.26,OPEN,Y,INV0094
9000368,1005635,2026-06-03 14:37:14,RISK_SCORE,52.6,CLOSED,Y,INV0045
9000369,1005643,2026-07-31 19:01:56,VELOCITY,43.65,OPEN,N,INV0064
9000370,1005644,2026-04-02 13:05:02,GEO_ANOMALY,21.96,CLOSED,N,INV0006
9000371,1005656,2026-01-05 03:56:25,DEVICE_MISMATCH,53.79,OPEN,Y,INV0014
9000372,1005692,2026-03-07 08:42:58,VELOCITY,43.49,CLOSED,N,INV0039
9000373,1005704,2026-01-07 20:39:01,RISK_SCORE,72.37,OPEN,N,INV0056
9000374,1005713,2026-01-17 18:03:07,HIGH_VALUE,61.89,ESCALATED,N,INV0076
9000375,1005723,2026-05-31 17:37:09,DEVICE_MISMATCH,80.54,OPEN,N,INV0039
9000376,1005786,2026-03-05 06:59:17,GEO_ANOMALY,40.33,CLOSED,Y,INV0050
9000377,1005811,2026-04-05 17:19:07,DEVICE_MISMATCH,88.45,OPEN,N,INV0001
9000378,1005836,2026-05-30 21:06:45,DEVICE_MISMATCH,6.96,ESCALATED,Y,INV0083
9000379,1005873,2026-02-02 08:36:22,HIGH_VALUE,42.93,CLOSED,N,INV0017
9000380,1005894,2026-05-19 09:14:39,DEVICE_MISMATCH,0.25,CLOSED,N,INV0002
9000381,1005895,2026-03-12 06:52:20,VELOCITY,71.5,OPEN,N,INV0068
9000382,1005911,2026-05-25 17:31:52,DEVICE_MISMATCH,8.05,CLOSED,N,INV0046
9000383,1005916,2026-01-12 14:20:52,RISK_SCORE,22.03,CLOSED,N,INV0010
9000384,1005918,2026-03-26 18:12:30,RISK_SCORE,71.13,CLOSED,N,INV0004
9000385,1005929,2026-07-10 02:05:42,GEO_ANOMALY,20.97,CLOSED,Y,INV0050
9000386,1005942,2026-05-06 03:43:43,VELOCITY,49.95,CLOSED,N,INV0076
9000387,1005943,2026-05-05 13:42:27,DEVICE_MISMATCH,37.6,OPEN,Y,INV0094
9000388,1005965,2026-07-06 16:49:22,VELOCITY,59.17,OPEN,N,INV0017
9000389,1005992,2026-02-14 00:53:14,GEO_ANOMALY,41.74,OPEN,N,INV0012
9000390,1006007,2026-04-12 17:14:10,RISK_SCORE,62.68,OPEN,N,INV0052
9000391,1006044,2026-08-03 21:56:48,VELOCITY,20.78,CLOSED,N,INV0070
9000392,1006057,2026-08-09 10:21:20,RISK_SCORE,100.0,CLOSED,N,INV0089
9000393,1006062,2026-01-16 01:45:09,GEO_ANOMALY,62.32,CLOSED,N,INV0061
9000394,1006064,2026-02-26 14:51:31,HIGH_VALUE,18.81,CLOSED,N,INV0039
9000395,1006072,2026-01-26 13:45:05,GEO_ANOMALY,51.86,CLOSED,N,INV0058
9000396,1006110,2026-03-31 08:45:07,DEVICE_MISMATCH,83.02,OPEN,Y,INV0029
9000397,1006118,2026-04-13 06:33:12,GEO_ANOMALY,15.25,CLOSED,N,INV0034
9000398,1006125,2026-07-21 11:34:43,HIGH_VALUE,35.48,CLOSED,N,INV0048
9000399,1006126,2026-01-11 10:52:42,VELOCITY,21.76,OPEN,N,INV0012
9000400,1006127,2026-08-15 00:18:13,GEO_ANOMALY,14.59,OPEN,N,INV0040
9000401,1006170,2026-03-08 16:05:42,VELOCITY,32.57,OPEN,N,INV0062
9000402,1006171,2026-07-01 00:46:29,DEVICE_MISMATCH,50.1,OPEN,N,INV0088
9000403,1006172,2026-01-14 00:34:43,VELOCITY,47.04,OPEN,Y,INV0027
9000404,1006179,2026-08-22 19:23:39,DEVICE_MISMATCH,43.93,CLOSED,N,INV0025
9000405,1006184,2026-02-24 02:18:13,GEO_ANOMALY,63.06,CLOSED,N,INV0072
9000406,1006188,2026-06-03 13:07:34,RISK_SCORE,15.33,CLOSED,N,INV0060
9000407,1006189,2026-02-09 12:28:08,HIGH_VALUE,4.84,CLOSED,N,INV0037
9000408,1006198,2026-05-19 10:17:42,DEVICE_MISMATCH,65.87,OPEN,N,INV0068
9000409,1006221,2026-05-20 04:17:40,HIGH_VALUE,81.85,OPEN,Y,INV0100
9000410,1006230,2026-03-08 12:00:33,GEO_ANOMALY,44.7,ESCALATED,N,INV0097
9000411,1006232,2026-05-15 10:48:41,RISK_SCORE,0.0,CLOSED,Y,INV0089
9000412,1006236,2026-03-08 08:41:52,VELOCITY,37.4,CLOSED,N,INV0088
9000413,1006250,2026-04-20 06:21:08,GEO_ANOMALY,46.06,OPEN,N,INV0010
9000414,1006284,2026-05-05 04:06:29,HIGH_VALUE,32.6,CLOSED,N,INV0036
9000415,1006305,2026-05-29 05:06:08,DEVICE_MISMATCH,6.97,OPEN,N,INV0097
9000416,1006334,2026-02-27 02:50:39,VELOCITY,81.39,ESCALATED,N,INV0059
9000417,1006348,2026-01-30 02:04:47,DEVICE_MISMATCH,42.68,CLOSED,N,INV0082
9000418,1006362,2026-06-14 12:25:55,DEVICE_MISMATCH,23.07,ESCALATED,N,INV0011
9000419,1006386,2026-01-19 08:38:46,DEVICE_MISMATCH,31.71,CLOSED,N,INV0062
9000420,1006402,2026-02-25 23:57:48,VELOCITY,25.97,OPEN,N,INV0087
9000421,1006418,2026-05-18 20:58:01,HIGH_VALUE,71.26,OPEN,N,INV0026
9000422,1006424,2026-04-04 18:00:36,GEO_ANOMALY,23.52,CLOSED,Y,INV0033
9000423,1006432,2026-03-26 07:56:22,VELOCITY,59.22,CLOSED,N,INV0090
9000424,1006447,2026-02-14 13:12:10,DEVICE_MISMATCH,41.92,CLOSED,N,INV0003
9000425,1006453,2026-07-17 00:11:45,VELOCITY,77.92,CLOSED,N,INV0017
9000426,1006459,2026-03-19 09:58:18,DEVICE_MISMATCH,35.22,CLOSED,Y,INV0062
9000427,1006470,2026-07-16 07:44:10,DEVICE_MISMATCH,36.53,ESCALATED,N,INV0053
9000428,1006543,2026-08-15 18:58:26,RISK_SCORE,69.61,OPEN,Y,INV0099
9000429,1006554,2026-02-11 13:39:00,DEVICE_MISMATCH,50.73,CLOSED,Y,INV0078
9000430,1006558,2026-05-15 04:45:18,DEVICE_MISMATCH,12.82,CLOSED,N,INV0096
9000431,1006567,2026-01-01 13:03:03,HIGH_VALUE,39.89,CLOSED,Y,INV0001
9000432,1006571,2026-07-18 00:16:42,VELOCITY,45.58,CLOSED,Y,INV0023
9000433,1006598,2026-04-30 08:58:02,DEVICE_MISMATCH,34.07,CLOSED,Y,INV0029
9000434,1006631,2026-02-14 07:55:41,HIGH_VALUE,7.7,CLOSED,Y,INV0053
9000435,1006640,2026-01-22 06:33:21,VELOCITY,42.07,CLOSED,Y,INV0039
9000436,1006653,2026-04-19 08:10:56,RISK_SCORE,32.18,OPEN,Y,INV0048
9000437,1006654,2026-06-16 15:16:59,HIGH_VALUE,30.44,CLOSED,N,INV0052
9000438,1006667,2026-07-13 19:29:48,RISK_SCORE,0.0,OPEN,N,INV0027
9000439,1006668,2026-07-19 06:57:03,VELOCITY,56.27,ESCALATED,N,INV0097
9000440,1006685,2026-08-23 11:59:36,DEVICE_MISMATCH,34.41,CLOSED,N,INV0093
9000441,1006687,2026-01-11 18:49:48,RISK_SCORE,91.41,OPEN,Y,INV0065
9000442,1006689,2026-04-15 16:15:48,DEVICE_MISMATCH,43.48,CLOSED,N,INV0047
9000443,1006709,2026-01-06 00:59:13,RISK_SCORE,43.88,CLOSED,Y,INV0012
9000444,1006723,2026-04-17 11:52:07,HIGH_VALUE,7.41,OPEN,N,INV0083
9000445,1006734,2026-08-02 00:22:50,VELOCITY,56.09,ESCALATED,Y,INV0063
9000446,1006742,2026-08-07 09:10:29,RISK_SCORE,58.81,ESCALATED,N,INV0079
9000447,1006747,2026-06-19 11:59:57,GEO_ANOMALY,61.54,CLOSED,N,INV0082
9000448,1006757,2026-03-25 01:38:06,GEO_ANOMALY,22.34,CLOSED,N,INV0028
9000449,1006772,2026-01-18 01:56:27,RISK_SCORE,41.4,OPEN,N,INV0089
9000450,1006789,2026-01-19 04:11:55,GEO_ANOMALY,54.16,CLOSED,Y,INV0076
9000451,1006799,2026-08-02 06:19:32,GEO_ANOMALY,37.97,CLOSED,N,INV0069
9000452,1006830,2026-05-16 06:40:46,HIGH_VALUE,61.85,CLOSED,N,INV0034
9000453,1006849,2026-04-01 08:15:36,DEVICE_MISMATCH,40.08,CLOSED,N,INV0069
9000454,1006853,2026-04-16 12:31:16,RISK_SCORE,30.73,OPEN,N,INV0011
9000455,1006858,2026-06-25 00:33:43,RISK_SCORE,0.0,OPEN,N,INV0008
9000456,1006883,2026-06-07 04:19:58,VELOCITY,56.52,OPEN,N,INV0014
9000457,1006886,2026-04-12 02:18:52,VELOCITY,78.13,OPEN,Y,INV0024
9000458,1006893,2026-07-08 04:17:22,VELOCITY,57.55,OPEN,N,INV0052
9000459,1006907,2026-01-17 09:11:36,VELOCITY,43.98,CLOSED,N,INV0055
9000460,1006925,2026-04-27 15:36:47,VELOCITY,29.13,CLOSED,N,INV0083
9000461,1006941,2026-01-07 09:47:40,GEO_ANOMALY,65.31,CLOSED,Y,INV0038
9000462,1006951,2026-02-27 19:07:00,DEVICE_MISMATCH,36.62,CLOSED,Y,INV0072
9000463,1006972,2026-06-10 05:10:14,GEO_ANOMALY,64.11,OPEN,N,INV0041
9000464,1006994,2026-04-18 03:29:49,RISK_SCORE,3.67,OPEN,N,INV0039
9000465,1006997,2026-03-05 13:15:36,HIGH_VALUE,20.77,CLOSED,Y,INV0059
9000466,1007025,2026-02-15 04:03:14,VELOCITY,55.93,CLOSED,Y,INV0042
9000467,1007031,2026-05-08 18:55:22,VELOCITY,14.61,OPEN,N,INV0035
9000468,1007033,2026-07-07 08:06:41,VELOCITY,72.61,OPEN,N,INV0097
9000469,1007037,2026-01-29 20:15:49,HIGH_VALUE,34.75,OPEN,N,INV0048
9000470,1007052,2026-04-19 13:42:12,VELOCITY,46.46,CLOSED,N,INV0008
9000471,1007064,2026-03-10 02:37:31,DEVICE_MISMATCH,9.31,OPEN,N,INV0041
9000472,1007068,2026-03-04 12:00:33,DEVICE_MISMATCH,50.29,OPEN,Y,INV0068
9000473,1007103,2026-01-31 20:47:16,DEVICE_MISMATCH,36.25,ESCALATED,N,INV0007
9000474,1007152,2026-08-05 05:00:11,GEO_ANOMALY,47.91,CLOSED,N,INV0072
9000475,1007157,2026-04-17 12:37:53,GEO_ANOMALY,52.45,CLOSED,N,INV0058
9000476,1007174,2026-05-05 18:31:10,DEVICE_MISMATCH,2.17,CLOSED,Y,INV0087
9000477,1007193,2026-06-08 03:46:27,VELOCITY,41.21,CLOSED,Y,INV0001
9000478,1007209,2026-07-21 11:17:21,VELOCITY,22.53,ESCALATED,N,INV0028
9000479,1007254,2026-02-27 10:03:00,GEO_ANOMALY,29.07,OPEN,Y,INV0024
9000480,1007262,2026-01-27 10:19:34,GEO_ANOMALY,70.22,ESCALATED,N,INV0024
9000481,1007272,2026-04-26 16:00:45,HIGH_VALUE,13.39,CLOSED,N,INV0061
9000482,1007275,2026-02-08 09:58:05,RISK_SCORE,31.0,ESCALATED,N,INV0009
9000483,1007288,2026-05-16 05:28:16,DEVICE_MISMATCH,65.54,OPEN,N,INV0069
9000484,1007305,2026-01-01 08:22:54,RISK_SCORE,60.37,CLOSED,N,INV0049
9000485,1007319,2026-04-08 09:51:01,DEVICE_MISMATCH,39.65,OPEN,N,INV0011
9000486,1007323,2026-07-22 18:24:35,HIGH_VALUE,29.2,CLOSED,N,INV0060
9000487,1007336,2026-02-08 19:30:15,HIGH_VALUE,44.03,ESCALATED,N,INV0088
9000488,1007342,2026-04-06 00:42:07,DEVICE_MISMATCH,42.58,CLOSED,N,INV0027
9000489,1007367,2026-05-12 01:54:11,HIGH_VALUE,34.34,CLOSED,N,INV0082
9000490,1007379,2026-02-06 09:55:25,DEVICE_MISMATCH,55.14,CLOSED,N,INV0008
9000491,1007401,2026-06-02 18:11:09,RISK_SCORE,42.03,OPEN,N,INV0014
9000492,1007404,2026-07-22 15:39:44,GEO_ANOMALY,46.02,CLOSED,N,INV0041
9000493,1007408,2026-07-09 21:18:24,RISK_SCORE,32.54,CLOSED,N,INV0095
9000494,1007412,2026-03-31 03:55:53,VELOCITY,32.3,CLOSED,N,INV0100
9000495,1007413,2026-08-03 12:59:20,HIGH_VALUE,46.91,OPEN,N,INV0035
9000496,1007417,2026-06-19 05:36:37,VELOCITY,56.31,OPEN,N,INV0038
9000497,1007448,2026-05-27 04:11:06,HIGH_VALUE,72.47,OPEN,Y,INV0084
9000498,1007464,2026-08-21 20:42:47,HIGH_VALUE,34.19,OPEN,N,INV0048
9000499,1007473,2026-06-02 11:56:51,VELOCITY,42.29,OPEN,N,INV0041
9000500,1007479,2026-02-04 15:15:08,VELOCITY,21.0,CLOSED,N,INV0061
9000501,1007499,2026-02-11 21:00:00,DEVICE_MISMATCH,51.91,OPEN,N,INV0041
9000502,1007512,2026-07-27 12:52:12,DEVICE_MISMATCH,69.98,CLOSED,N,INV0027
9000503,1007524,2026-02-01 00:46:50,RISK_SCORE,58.41,CLOSED,Y,INV0011
9000504,1007532,2026-01-07 08:04:15,DEVICE_MISMATCH,40.33,CLOSED,N,INV0033
9000505,1007542,2026-06-13 04:09:08,GEO_ANOMALY,41.76,OPEN,N,INV0075
9000506,1007544,2026-05-24 06:28:07,HIGH_VALUE,67.95,CLOSED,N,INV0050
9000507,1007558,2026-04-01 05:44:22,RISK_SCORE,54.83,CLOSED,N,INV0083
9000508,1007562,2026-02-11 15:11:23,HIGH_VALUE,54.43,OPEN,Y,INV0089
9000509,1007566,2026-06-21 04:22:17,VELOCITY,23.04,CLOSED,N,INV0032
9000510,1007609,2026-05-31 11:49:19,DEVICE_MISMATCH,72.42,CLOSED,Y,INV0030
9000511,1007612,2026-05-07 10:50:34,HIGH_VALUE,50.66,CLOSED,N,INV0021
9000512,1007620,2026-08-10 01:51:26,HIGH_VALUE,22.98,CLOSED,N,INV0075
9000513,1007669,2026-08-15 02:31:46,GEO_ANOMALY,76.7,OPEN,N,INV0098
9000514,1007671,2026-01-19 00:58:52,RISK_SCORE,44.92,CLOSED,N,INV0077
9000515,1007702,2026-03-12 17:22:24,DEVICE_MISMATCH,100.0,CLOSED,Y,INV0005
9000516,1007736,2026-07-26 14:48:27,GEO_ANOMALY,72.51,OPEN,N,INV0035
9000517,1007761,2026-05-15 16:55:17,DEVICE_MISMATCH,42.96,CLOSED,Y,INV0088
9000518,1007778,2026-06-19 19:52:27,HIGH_VALUE,51.66,CLOSED,N,INV0082
9000519,1007796,2026-07-25 23:50:24,DEVICE_MISMATCH,51.61,CLOSED,N,INV0065
9000520,1007832,2026-04-07 14:58:31,RISK_SCORE,57.64,CLOSED,N,INV0025
9000521,1007833,2026-01-26 11:31:54,VELOCITY,92.82,ESCALATED,N,INV0100
9000522,1007844,2026-03-31 03:42:45,RISK_SCORE,5.87,CLOSED,N,INV0027
9000523,1007860,2026-08-16 07:18:59,RISK_SCORE,60.8,OPEN,N,INV0059
9000524,1007862,2026-07-31 14:22:57,HIGH_VALUE,19.04,OPEN,N,INV0094
9000525,1007867,2026-02-03 05:06:28,DEVICE_MISMATCH,5.41,CLOSED,N,INV0067
9000526,1007898,2026-07-31 12:49:36,RISK_SCORE,28.77,OPEN,Y,INV0003
9000527,1007914,2026-07-06 12:51:57,VELOCITY,58.02,OPEN,N,INV0015
9000528,1007943,2026-05-12 02:13:50,VELOCITY,30.24,CLOSED,N,INV0034
9000529,1007946,2026-05-09 18:00:41,HIGH_VALUE,71.34,OPEN,Y,INV0087
9000530,1007956,2026-07-27 11:18:12,VELOCITY,72.77,CLOSED,Y,INV0062
9000531,1007970,2026-03-11 11:29:26,GEO_ANOMALY,64.89,CLOSED,N,INV0027
9000532,1008004,2026-04-10 10:13:40,GEO_ANOMALY,40.34,CLOSED,N,INV0083
9000533,1008035,2026-08-07 13:13:23,GEO_ANOMALY,46.84,CLOSED,Y,INV0100
9000534,1008044,2026-07-24 06:22:39,HIGH_VALUE,16.56,OPEN,N,INV0030
9000535,1008057,2026-08-10 07:37:09,HIGH_VALUE,27.73,CLOSED,Y,INV0013
9000536,1008069,2026-05-28 20:43:56,DEVICE_MISMATCH,62.84,CLOSED,Y,INV0014
9000537,1008112,2026-08-15 12:20:57,VELOCITY,53.69,CLOSED,Y,INV0070
9000538,1008172,2026-02-05 11:08:21,VELOCITY,22.36,ESCALATED,Y,INV0072
9000539,1008213,2026-03-04 10:30:59,GEO_ANOMALY,23.95,OPEN,N,INV0038
9000540,1008220,2026-02-22 11:24:46,GEO_ANOMALY,92.32,CLOSED,Y,INV0010
9000541,1008230,2026-05-04 22:25:53,DEVICE_MISMATCH,10.68,CLOSED,N,INV0071
9000542,1008253,2026-01-21 10:21:39,HIGH_VALUE,74.56,ESCALATED,Y,INV0028
9000543,1008270,2026-05-02 17:30:13,DEVICE_MISMATCH,62.62,CLOSED,N,INV0001
9000544,1008301,2026-08-14 02:37:46,HIGH_VALUE,23.54,CLOSED,N,INV0039
9000545,1008304,2026-01-24 23:46:13,RISK_SCORE,11.05,CLOSED,N,INV0002
9000546,1008319,2026-06-04 05:22:20,VELOCITY,100.0,OPEN,N,INV0072
9000547,1008330,2026-01-28 19:48:11,DEVICE_MISMATCH,35.29,CLOSED,N,INV0085
9000548,1008351,2026-07-23 23:06:25,HIGH_VALUE,40.53,CLOSED,Y,INV0035
9000549,1008359,2026-08-22 14:32:27,VELOCITY,54.05,OPEN,N,INV0089
9000550,1008389,2026-07-15 16:08:51,VELOCITY,85.51,CLOSED,N,INV0018
9000551,1008392,2026-07-05 12:58:30,GEO_ANOMALY,54.24,OPEN,N,INV0045
9000552,1008408,2026-02-06 03:26:36,VELOCITY,45.09,OPEN,Y,INV0095
9000553,1008411,2026-02-28 11:19:17,GEO_ANOMALY,34.72,ESCALATED,N,INV0027
9000554,1008417,2026-07-15 09:53:22,DEVICE_MISMATCH,35.18,CLOSED,N,INV0069
9000555,1008447,2026-04-10 06:37:02,HIGH_VALUE,69.1,CLOSED,Y,INV0078
9000556,1008472,2026-05-06 04:41:44,GEO_ANOMALY,7.55,CLOSED,N,INV0085
9000557,1008499,2026-06-17 05:55:45,GEO_ANOMALY,57.76,ESCALATED,N,INV0002
9000558,1008512,2026-01-10 01:11:35,DEVICE_MISMATCH,15.87,CLOSED,N,INV0038
9000559,1008544,2026-02-18 06:55:23,VELOCITY,28.73,OPEN,N,INV0067
9000560,1008547,2026-01-04 03:38:23,HIGH_VALUE,100.0,OPEN,Y,INV0001
9000561,1008587,2026-01-10 20:34:23,VELOCITY,48.82,ESCALATED,N,INV0051
9000562,1008616,2026-02-25 22:36:21,VELOCITY,56.58,OPEN,Y,INV0078
9000563,1008624,2026-01-03 00:21:43,GEO_ANOMALY,49.38,OPEN,N,INV0021
9000564,1008644,2026-01-03 12:44:02,GEO_ANOMALY,30.25,OPEN,Y,INV0044
9000565,1008677,2026-07-23 19:11:49,HIGH_VALUE,38.44,ESCALATED,Y,INV0089
9000566,1008693,2026-06-10 13:10:51,RISK_SCORE,31.95,ESCALATED,N,INV0081
9000567,1008709,2026-06-04 15:07:13,RISK_SCORE,41.43,CLOSED,N,INV0075
9000568,1008734,2026-08-14 06:37:51,HIGH_VALUE,29.73,OPEN,Y,INV0027
9000569,1008752,2026-02-11 03:52:38,GEO_ANOMALY,15.39,CLOSED,N,INV0042
9000570,1008769,2026-07-09 10:12:09,RISK_SCORE,62.52,CLOSED,N,INV0061
9000571,1008770,2026-07-29 14:01:38,VELOCITY,24.86,CLOSED,N,INV0024
9000572,1008784,2026-03-21 11:49:58,VELOCITY,41.16,CLOSED,Y,INV0079
9000573,1008788,2026-03-22 19:09:10,HIGH_VALUE,79.82,CLOSED,N,INV0088
9000574,1008823,2026-04-05 10:47:58,RISK_SCORE,86.75,OPEN,N,INV0047
9000575,1008850,2026-03-12 13:08:47,HIGH_VALUE,10.51,CLOSED,N,INV0020
9000576,1008860,2026-06-10 13:32:09,HIGH_VALUE,29.92,OPEN,N,INV0053
9000577,1008878,2026-02-01 16:36:30,VELOCITY,58.31,CLOSED,N,INV0011
9000578,1008884,2026-07-12 12:08:09,DEVICE_MISMATCH,39.56,CLOSED,N,INV0092
9000579,1008890,2026-08-08 13:42:46,DEVICE_MISMATCH,58.19,CLOSED,N,INV0061
9000580,1008912,2026-05-14 15:09:13,HIGH_VALUE,36.15,CLOSED,N,INV0060
9000581,1008925,2026-06-28 00:00:30,HIGH_VALUE,14.76,CLOSED,N,INV0082
9000582,1008935,2026-05-31 06:23:18,DEVICE_MISMATCH,32.93,CLOSED,Y,INV0063
9000583,1008957,2026-02-14 16:25:00,GEO_ANOMALY,55.84,CLOSED,Y,INV0045
9000584,1008960,2026-02-28 01:43:08,HIGH_VALUE,51.42,OPEN,Y,INV0078
9000585,1008966,2026-08-12 05:15:53,RISK_SCORE,39.38,CLOSED,N,INV0059
9000586,1008983,2026-04-08 06:11:15,RISK_SCORE,44.01,OPEN,N,INV0019
9000587,1008991,2026-04-21 12:49:13,RISK_SCORE,44.46,CLOSED,N,INV0060
9000588,1008993,2026-06-10 16:50:19,HIGH_VALUE,5.21,OPEN,N,INV0002
9000589,1009016,2026-03-16 12:29:32,VELOCITY,36.1,CLOSED,N,INV0051
9000590,1009017,2026-08-22 21:22:14,GEO_ANOMALY,54.37,OPEN,Y,INV0069
9000591,1009018,2026-06-14 09:17:16,HIGH_VALUE,31.67,CLOSED,N,INV0040
9000592,1009023,2026-05-07 17:19:03,RISK_SCORE,60.73,OPEN,N,INV0058
9000593,1009025,2026-05-14 16:51:11,GEO_ANOMALY,38.4,ESCALATED,N,INV0034
9000594,1009031,2026-02-27 05:39:29,GEO_ANOMALY,25.48,CLOSED,N,INV0015
9000595,1009048,2026-04-28 15:25:49,DEVICE_MISMATCH,18.15,CLOSED,N,INV0095
9000596,1009049,2026-05-04 20:50:20,DEVICE_MISMATCH,10.52,CLOSED,Y,INV0061
9000597,1009056,2026-06-15 06:04:23,HIGH_VALUE,31.38,ESCALATED,Y,INV0062
9000598,1009057,2026-08-21 05:07:06,VELOCITY,14.16,CLOSED,N,INV0068
9000599,1009070,2026-07-16 20:20:14,HIGH_VALUE,18.53,OPEN,N,INV0005
9000600,1009102,2026-08-24 20:00:12,VELOCITY,54.92,CLOSED,N,INV0062
9000601,1009115,2026-04-08 15:27:18,RISK_SCORE,15.93,OPEN,N,INV0100
9000602,1009128,2026-07-01 21:03:55,HIGH_VALUE,48.57,CLOSED,N,INV0004
9000603,1009131,2026-02-15 22:03:34,DEVICE_MISMATCH,40.64,CLOSED,Y,INV0002
9000604,1009132,2026-07-11 17:46:08,DEVICE_MISMATCH,29.94,CLOSED,N,INV0073
9000605,1009133,2026-08-23 07:15:39,GEO_ANOMALY,77.92,CLOSED,Y,INV0066
9000606,1009146,2026-01-15 19:37:40,HIGH_VALUE,44.41,CLOSED,N,INV0019
9000607,1009163,2026-01-16 13:04:21,VELOCITY,48.51,CLOSED,N,INV0030
9000608,1009186,2026-06-17 23:05:31,HIGH_VALUE,6.81,CLOSED,N,INV0075
9000609,1009197,2026-04-03 09:43:13,DEVICE_MISMATCH,20.4,ESCALATED,N,INV0030
9000610,1009231,2026-05-07 12:31:25,GEO_ANOMALY,44.09,ESCALATED,N,INV0081
9000611,1009238,2026-03-31 08:02:12,RISK_SCORE,46.98,OPEN,N,INV0027
9000612,1009255,2026-05-24 10:37:30,HIGH_VALUE,66.23,OPEN,N,INV0057
9000613,1009273,2026-07-03 22:03:43,DEVICE_MISMATCH,56.57,OPEN,N,INV0021
9000614,1009312,2026-06-09 00:22:06,DEVICE_MISMATCH,17.64,OPEN,N,INV0087
9000615,1009327,2026-01-13 20:49:23,HIGH_VALUE,55.1,CLOSED,N,INV0006
9000616,1009333,2026-01-30 05:30:10,RISK_SCORE,20.36,CLOSED,Y,INV0062
9000617,1009357,2026-07-01 18:19:26,GEO_ANOMALY,65.64,CLOSED,Y,INV0068
9000618,1009386,2026-04-25 04:19:04,GEO_ANOMALY,50.91,OPEN,Y,INV0033
9000619,1009391,2026-07-16 02:16:59,RISK_SCORE,69.4,OPEN,N,INV0088
9000620,1009414,2026-04-11 19:56:46,VELOCITY,80.73,ESCALATED,N,INV0051
9000621,1009427,2026-07-24 04:30:16,GEO_ANOMALY,38.54,CLOSED,N,INV0040
9000622,1009436,2026-07-19 02:37:33,HIGH_VALUE,21.66,OPEN,N,INV0056
9000623,1009465,2026-05-28 06:20:57,RISK_SCORE,19.43,OPEN,N,INV0017
9000624,1009515,2026-05-06 03:58:56,HIGH_VALUE,9.4,OPEN,Y,INV0076
9000625,1009518,2026-04-06 22:39:27,RISK_SCORE,46.35,OPEN,N,INV0031
9000626,1009543,2026-07-27 16:18:59,HIGH_VALUE,81.07,OPEN,N,INV0091
9000627,1009558,2026-04-14 08:48:48,HIGH_VALUE,37.75,CLOSED,N,INV0045
9000628,1009564,2026-03-07 13:49:58,RISK_SCORE,0.0,CLOSED,N,INV0012
9000629,1009652,2026-01-04 12:59:34,RISK_SCORE,49.52,CLOSED,Y,INV0043
9000630,1009654,2026-06-12 02:41:05,VELOCITY,18.65,CLOSED,N,INV0042
9000631,1009657,2026-08-27 05:38:03,VELOCITY,8.59,ESCALATED,N,INV0083
9000632,1009679,2026-06-23 07:03:48,GEO_ANOMALY,4.83,CLOSED,N,INV0074
9000633,1009690,2026-02-14 09:38:03,DEVICE_MISMATCH,0.0,CLOSED,N,INV0091
9000634,1009705,2026-08-02 14:25:46,DEVICE_MISMATCH,44.56,OPEN,Y,INV0030
9000635,1009712,2026-04-27 02:27:49,GEO_ANOMALY,72.66,OPEN,Y,INV0033
9000636,1009744,2026-08-05 07:53:49,VELOCITY,35.97,CLOSED,N,INV0041
9000637,1009752,2026-05-26 05:40:59,HIGH_VALUE,79.8,OPEN,Y,INV0057
9000638,1009772,2026-05-30 07:20:40,HIGH_VALUE,48.78,CLOSED,N,INV0015
9000639,1009785,2026-07-14 13:08:48,VELOCITY,47.28,CLOSED,N,INV0022
9000640,1009793,2026-07-13 03:21:31,VELOCITY,78.5,ESCALATED,N,INV0030
9000641,1009837,2026-08-18 02:23:21,DEVICE_MISMATCH,49.44,CLOSED,N,INV0031
9000642,1009842,2026-02-28 01:35:46,HIGH_VALUE,16.64,CLOSED,N,INV0001
9000643,1009897,2026-06-01 21:21:07,GEO_ANOMALY,77.4,CLOSED,N,INV0003
9000644,1009901,2026-05-26 09:05:06,RISK_SCORE,34.2,OPEN,Y,INV0039
9000645,1009903,2026-02-16 00:48:11,VELOCITY,20.08,CLOSED,N,INV0004
9000646,1009920,2026-03-07 18:16:36,DEVICE_MISMATCH,1.81,CLOSED,N,INV0090
9000647,1009935,2026-01-09 20:40:45,DEVICE_MISMATCH,10.41,ESCALATED,Y,INV0090
9000648,1009947,2026-02-01 19:52:51,GEO_ANOMALY,38.97,CLOSED,N,INV0046
9000649,1009948,2026-05-10 06:09:05,DEVICE_MISMATCH,38.41,OPEN,N,INV0024
9000650,1009966,2026-06-08 02:57:13,HIGH_VALUE,11.37,OPEN,N,INV0093
9000651,1009981,2026-03-25 05:21:28,RISK_SCORE,56.03,OPEN,N,INV0082
9000652,1009995,2026-07-02 19:08:43,RISK_SCORE,55.33,CLOSED,N,INV0050
9000653,1010031,2026-07-06 16:12:29,GEO_ANOMALY,25.11,ESCALATED,Y,INV0063
9000654,1010050,2026-03-23 01:37:38,DEVICE_MISMATCH,8.58,OPEN,N,INV0067
9000655,1010053,2026-03-11 10:05:04,RISK_SCORE,59.06,CLOSED,Y,INV0058
9000656,1010059,2026-07-07 23:06:26,VELOCITY,45.5,OPEN,N,INV0087
9000657,1010063,2026-04-29 23:22:42,HIGH_VALUE,55.12,CLOSED,N,INV0034
9000658,1010067,2026-07-01 21:07:46,VELOCITY,30.88,CLOSED,N,INV0005
9000659,1010074,2026-03-15 21:06:53,RISK_SCORE,35.34,OPEN,N,INV0080
9000660,1010133,2026-05-17 10:44:05,GEO_ANOMALY,92.43,OPEN,N,INV0038
9000661,1010159,2026-03-24 23:52:42,HIGH_VALUE,64.95,CLOSED,N,INV0007
9000662,1010160,2026-01-07 07:17:00,GEO_ANOMALY,63.23,OPEN,N,INV0070
9000663,1010170,2026-04-13 17:04:15,HIGH_VALUE,48.93,OPEN,N,INV0016
9000664,1010188,2026-05-02 19:07:27,HIGH_VALUE,27.15,CLOSED,Y,INV0051
9000665,1010201,2026-06-26 11:41:01,VELOCITY,3.97,OPEN,N,INV0097
9000666,1010203,2026-05-09 16:51:30,DEVICE_MISMATCH,40.86,OPEN,N,INV0009
9000667,1010206,2026-02-01 06:54:13,GEO_ANOMALY,56.65,OPEN,N,INV0006
9000668,1010212,2026-04-28 23:20:42,DEVICE_MISMATCH,5.2,CLOSED,N,INV0050
9000669,1010217,2026-07-06 05:42:31,HIGH_VALUE,6.42,OPEN,Y,INV0015
9000670,1010219,2026-07-07 20:28:13,DEVICE_MISMATCH,76.62,CLOSED,N,INV0020
9000671,1010224,2026-04-15 01:30:39,HIGH_VALUE,44.29,CLOSED,Y,INV0036
9000672,1010227,2026-02-09 07:06:45,VELOCITY,18.36,CLOSED,N,INV0066
9000673,1010234,2026-01-29 08:26:04,HIGH_VALUE,61.72,CLOSED,N,INV0079
9000674,1010241,2026-07-02 05:05:03,HIGH_VALUE,78.08,OPEN,Y,INV0039
9000675,1010256,2026-05-14 23:41:20,VELOCITY,52.2,OPEN,N,INV0093
9000676,1010263,2026-05-04 03:51:55,GEO_ANOMALY,46.68,CLOSED,N,INV0001
9000677,1010268,2026-02-04 06:03:13,VELOCITY,27.27,CLOSED,N,INV0011
9000678,1010279,2026-06-28 20:07:32,RISK_SCORE,53.43,ESCALATED,N,INV0035
9000679,1010292,2026-03-25 04:05:29,GEO_ANOMALY,68.88,OPEN,Y,INV0072
9000680,1010295,2026-02-27 18:29:50,RISK_SCORE,38.84,CLOSED,N,INV0006
9000681,1010330,2026-08-07 17:41:23,RISK_SCORE,39.38,OPEN,N,INV0044
9000682,1010338,2026-07-28 08:44:07,RISK_SCORE,49.71,OPEN,N,INV0041
9000683,1010363,2026-06-12 23:05:32,GEO_ANOMALY,21.3,CLOSED,N,INV0062
9000684,1010387,2026-02-26 01:27:03,HIGH_VALUE,72.55,ESCALATED,N,INV0017
9000685,1010398,2026-04-02 22:22:43,RISK_SCORE,21.77,OPEN,N,INV0016
9000686,1010399,2026-05-08 14:40:17,HIGH_VALUE,32.59,CLOSED,N,INV0009
9000687,1010400,2026-08-14 02:22:16,HIGH_VALUE,89.81,CLOSED,N,INV0041
9000688,1010428,2026-08-25 23:22:34,HIGH_VALUE,72.31,CLOSED,Y,INV0014
9000689,1010439,2026-08-13 12:02:48,RISK_SCORE,56.09,OPEN,N,INV0063
9000690,1010446,2026-07-22 04:36:29,DEVICE_MISMATCH,59.11,CLOSED,Y,INV0030
9000691,1010447,2026-03-17 16:08:19,GEO_ANOMALY,19.76,CLOSED,N,INV0066
9000692,1010478,2026-07-31 08:13:49,VELOCITY,30.83,CLOSED,N,INV0066
9000693,1010496,2026-07-29 23:57:31,VELOCITY,50.38,CLOSED,Y,INV0022
9000694,1010500,2026-05-08 23:40:35,VELOCITY,47.36,OPEN,N,INV0021
9000695,1010516,2026-01-16 19:44:14,RISK_SCORE,25.25,ESCALATED,Y,INV0028
9000696,1010542,2026-02-15 12:39:31,HIGH_VALUE,57.06,OPEN,N,INV0054
9000697,1010572,2026-07-21 23:55:57,HIGH_VALUE,36.12,OPEN,N,INV0068
9000698,1010573,2026-06-04 21:35:12,DEVICE_MISMATCH,83.61,CLOSED,N,INV0010
9000699,1010631,2026-01-15 05:21:16,HIGH_VALUE,65.11,OPEN,N,INV0011
9000700,1010648,2026-02-09 00:15:00,DEVICE_MISMATCH,54.76,CLOSED,N,INV0017
9000701,1010650,2026-05-11 09:55:41,VELOCITY,54.07,CLOSED,N,INV0014
9000702,1010667,2026-05-11 07:59:01,DEVICE_MISMATCH,22.11,CLOSED,N,INV0004
9000703,1010668,2026-08-29 00:06:04,GEO_ANOMALY,73.25,OPEN,N,INV0068
9000704,1010674,2026-01-27 20:22:35,VELOCITY,40.41,OPEN,N,INV0095
9000705,1010683,2026-08-08 17:33:24,RISK_SCORE,6.91,ESCALATED,N,INV0028
9000706,1010693,2026-03-26 10:57:15,HIGH_VALUE,65.81,CLOSED,N,INV0001
9000707,1010737,2026-06-19 02:49:04,DEVICE_MISMATCH,31.39,CLOSED,N,INV0005
9000708,1010760,2026-07-05 09:48:42,RISK_SCORE,52.62,CLOSED,N,INV0039
9000709,1010789,2026-07-03 21:04:28,HIGH_VALUE,22.44,CLOSED,N,INV0028
9000710,1010791,2026-02-07 13:56:49,HIGH_VALUE,75.13,OPEN,N,INV0040
9000711,1010822,2026-04-23 17:12:53,HIGH_VALUE,17.41,CLOSED,N,INV0062
9000712,1010873,2026-07-31 08:43:32,DEVICE_MISMATCH,33.71,ESCALATED,N,INV0042
9000713,1010879,2026-02-02 06:30:49,VELOCITY,47.99,OPEN,Y,INV0057
9000714,1010900,2026-04-24 21:56:02,RISK_SCORE,33.62,ESCALATED,N,INV0070
9000715,1010905,2026-06-30 23:01:44,HIGH_VALUE,75.04,CLOSED,N,INV0081
9000716,1010911,2026-08-06 22:14:59,GEO_ANOMALY,41.91,OPEN,N,INV0017
9000717,1010916,2026-02-04 01:11:36,HIGH_VALUE,54.26,CLOSED,N,INV0072
9000718,1010969,2026-07-31 20:15:36,HIGH_VALUE,57.59,OPEN,N,INV0091
9000719,1010989,2026-06-15 00:22:59,GEO_ANOMALY,22.67,CLOSED,N,INV0078
9000720,1010996,2026-07-27 15:44:02,GEO_ANOMALY,55.6,OPEN,N,INV0057
9000721,1010998,2026-07-11 23:16:25,HIGH_VALUE,13.9,CLOSED,N,INV0066
9000722,1011004,2026-05-18 17:19:22,RISK_SCORE,62.75,OPEN,Y,INV0086
9000723,1011014,2026-08-07 04:23:57,RISK_SCORE,53.83,CLOSED,N,INV0080
9000724,1011021,2026-05-26 02:20:08,HIGH_VALUE,61.59,CLOSED,N,INV0023
9000725,1011029,2026-06-29 19:55:05,DEVICE_MISMATCH,15.73,CLOSED,N,INV0099
9000726,1011036,2026-03-29 13:47:17,RISK_SCORE,81.86,CLOSED,N,INV0071
9000727,1011037,2026-03-02 10:25:29,VELOCITY,30.56,CLOSED,N,INV0052
9000728,1011071,2026-01-31 05:07:11,RISK_SCORE,23.14,CLOSED,N,INV0060
9000729,1011076,2026-07-07 17:52:44,DEVICE_MISMATCH,45.81,CLOSED,N,INV0100
9000730,1011087,2026-08-01 03:22:34,GEO_ANOMALY,38.09,OPEN,N,INV0003
9000731,1011096,2026-04-02 23:53:59,DEVICE_MISMATCH,63.73,CLOSED,N,INV0004
9000732,1011123,2026-06-17 01:02:12,DEVICE_MISMATCH,44.93,OPEN,Y,INV0074
9000733,1011137,2026-01-28 16:10:19,HIGH_VALUE,23.04,CLOSED,Y,INV0084
9000734,1011187,2026-04-04 03:51:27,HIGH_VALUE,2.38,CLOSED,N,INV0028
9000735,1011189,2026-06-09 18:47:41,VELOCITY,55.24,CLOSED,N,INV0090
9000736,1011191,2026-08-04 13:19:17,VELOCITY,28.59,CLOSED,Y,INV0015
9000737,1011196,2026-06-24 04:26:15,VELOCITY,37.08,OPEN,N,INV0018
9000738,1011213,2026-04-09 17:45:21,RISK_SCORE,72.75,CLOSED,N,INV0020
9000739,1011225,2026-05-28 02:59:38,VELOCITY,34.86,OPEN,N,INV0078
9000740,1011244,2026-05-02 17:09:46,DEVICE_MISMATCH,63.16,OPEN,Y,INV0092
9000741,1011268,2026-01-12 18:33:04,DEVICE_MISMATCH,44.37,CLOSED,Y,INV0034
9000742,1011281,2026-01-04 20:03:49,RISK_SCORE,50.04,CLOSED,N,INV0035
9000743,1011292,2026-04-06 13:09:24,VELOCITY,50.27,OPEN,Y,INV0085
9000744,1011330,2026-08-09 02:37:18,DEVICE_MISMATCH,47.66,CLOSED,N,INV0087
9000745,1011331,2026-06-29 13:40:13,DEVICE_MISMATCH,36.68,OPEN,Y,INV0080
9000746,1011387,2026-02-12 15:03:00,GEO_ANOMALY,58.91,ESCALATED,N,INV0021
9000747,1011392,2026-06-12 04:24:20,HIGH_VALUE,34.36,CLOSED,Y,INV0035
9000748,1011404,2026-04-19 10:49:37,VELOCITY,33.14,OPEN,N,INV0081
9000749,1011414,2026-08-11 04:39:42,VELOCITY,51.03,CLOSED,N,INV0026
9000750,1011445,2026-04-16 03:46:38,VELOCITY,34.04,CLOSED,Y,INV0006
9000751,1011446,2026-04-03 23:21:23,DEVICE_MISMATCH,37.03,CLOSED,N,INV0083
9000752,1011451,2026-08-03 22:16:47,GEO_ANOMALY,23.4,OPEN,N,INV0041
9000753,1011456,2026-03-11 04:37:19,GEO_ANOMALY,59.86,CLOSED,N,INV0034
9000754,1011484,2026-08-19 09:25:53,DEVICE_MISMATCH,19.21,CLOSED,N,INV0024
9000755,1011504,2026-03-30 11:52:56,DEVICE_MISMATCH,23.59,OPEN,N,INV0085
9000756,1011505,2026-07-30 05:26:13,RISK_SCORE,64.89,CLOSED,N,INV0095
9000757,1011522,2026-04-24 09:04:24,DEVICE_MISMATCH,59.85,ESCALATED,N,INV0014
9000758,1011555,2026-04-24 11:35:48,DEVICE_MISMATCH,51.9,CLOSED,Y,INV0081
9000759,1011560,2026-07-07 02:13:04,RISK_SCORE,33.87,OPEN,Y,INV0082
9000760,1011574,2026-08-08 07:22:32,RISK_SCORE,47.37,OPEN,N,INV0009
9000761,1011593,2026-01-20 22:42:59,HIGH_VALUE,33.98,CLOSED,N,INV0068
9000762,1011669,2026-03-05 17:49:24,GEO_ANOMALY,53.2,OPEN,N,INV0066
9000763,1011706,2026-05-15 05:09:42,DEVICE_MISMATCH,63.08,CLOSED,N,INV0044
9000764,1011717,2026-05-17 00:20:50,GEO_ANOMALY,2.46,ESCALATED,N,INV0064
9000765,1011725,2026-08-13 15:12:01,RISK_SCORE,38.5,ESCALATED,N,INV0084
9000766,1011728,2026-07-15 17:16:44,DEVICE_MISMATCH,51.8,OPEN,N,INV0019
9000767,1011730,2026-05-30 15:58:24,DEVICE_MISMATCH,37.12,CLOSED,N,INV0030
9000768,1011735,2026-08-19 13:00:28,RISK_SCORE,11.45,ESCALATED,N,INV0067
9000769,1011747,2026-02-08 02:40:19,RISK_SCORE,35.13,CLOSED,N,INV0035
9000770,1011748,2026-05-08 09:59:35,VELOCITY,27.64,OPEN,Y,INV0007
9000771,1011771,2026-03-12 17:33:14,VELOCITY,36.89,OPEN,N,INV0096
9000772,1011778,2026-04-22 21:41:00,RISK_SCORE,34.91,ESCALATED,N,INV0035
9000773,1011779,2026-07-19 20:58:35,HIGH_VALUE,66.81,CLOSED,N,INV0021
9000774,1011803,2026-08-04 19:14:20,HIGH_VALUE,85.98,CLOSED,N,INV0095
9000775,1011813,2026-08-28 08:57:49,VELOCITY,30.92,OPEN,Y,INV0100
9000776,1011817,2026-01-15 02:30:25,GEO_ANOMALY,50.61,CLOSED,Y,INV0025
9000777,1011822,2026-08-18 17:01:49,HIGH_VALUE,57.56,CLOSED,N,INV0015
9000778,1011826,2026-01-26 17:08:25,DEVICE_MISMATCH,54.54,OPEN,N,INV0082
9000779,1011844,2026-05-04 02:09:30,VELOCITY,47.65,CLOSED,N,INV0041
9000780,1011864,2026-05-03 19:42:28,DEVICE_MISMATCH,36.36,OPEN,N,INV0068
9000781,1011923,2026-03-17 13:20:58,HIGH_VALUE,27.63,CLOSED,N,INV0076
9000782,1011929,2026-04-29 21:34:45,RISK_SCORE,44.68,CLOSED,N,INV0034
9000783,1011965,2026-01-04 23:07:04,RISK_SCORE,87.53,CLOSED,Y,INV0066
9000784,1011971,2026-03-05 22:56:08,VELOCITY,57.87,OPEN,Y,INV0071
9000785,1011988,2026-08-10 16:25:50,VELOCITY,28.2,OPEN,N,INV0074
9000786,1011992,2026-06-29 03:09:32,VELOCITY,58.83,CLOSED,N,INV0048
9000787,1012007,2026-03-09 09:24:28,DEVICE_MISMATCH,8.65,OPEN,N,INV0081
9000788,1012036,2026-01-31 09:41:58,DEVICE_MISMATCH,26.06,ESCALATED,N,INV0046
9000789,1012052,2026-07-01 05:51:16,VELOCITY,33.6,OPEN,N,INV0010
9000790,1012054,2026-04-28 15:46:05,DEVICE_MISMATCH,33.07,CLOSED,N,INV0085
9000791,1012057,2026-05-18 10:07:42,HIGH_VALUE,21.33,CLOSED,N,INV0033
9000792,1012080,2026-06-19 22:01:05,VELOCITY,45.79,CLOSED,N,INV0088
9000793,1012083,2026-06-12 13:16:28,HIGH_VALUE,49.43,CLOSED,Y,INV0045
9000794,1012117,2026-06-22 23:17:41,HIGH_VALUE,59.3,CLOSED,N,INV0068
9000795,1012120,2026-07-13 06:57:14,HIGH_VALUE,34.48,OPEN,N,INV0032
9000796,1012131,2026-05-23 11:57:41,HIGH_VALUE,64.61,OPEN,N,INV0019
9000797,1012146,2026-06-02 15:35:40,DEVICE_MISMATCH,40.57,OPEN,N,INV0034
9000798,1012151,2026-03-07 06:18:17,HIGH_VALUE,23.44,OPEN,N,INV0059
9000799,1012166,2026-02-07 13:20:03,VELOCITY,41.74,OPEN,N,INV0089
9000800,1012194,2026-04-18 07:01:04,VELOCITY,100.0,CLOSED,N,INV0071
9000801,1012221,2026-08-12 14:39:40,HIGH_VALUE,72.7,CLOSED,N,INV0082
9000802,1012225,2026-08-14 12:19:52,DEVICE_MISMATCH,42.76,CLOSED,N,INV0096
9000803,1012229,2026-02-16 15:07:57,RISK_SCORE,44.8,OPEN,Y,INV0031
9000804,1012245,2026-02-15 22:31:14,VELOCITY,8.04,OPEN,N,INV0096
9000805,1012249,2026-07-24 07:33:57,GEO_ANOMALY,62.14,OPEN,N,INV0066
9000806,1012267,2026-08-04 01:52:29,GEO_ANOMALY,44.3,ESCALATED,Y,INV0079
9000807,1012283,2026-01-07 16:24:47,RISK_SCORE,39.03,OPEN,N,INV0078
9000808,1012305,2026-01-13 11:56:14,DEVICE_MISMATCH,46.82,ESCALATED,N,INV0060
9000809,1012325,2026-02-22 21:07:13,HIGH_VALUE,60.31,CLOSED,N,INV0076
9000810,1012358,2026-01-12 12:07:05,GEO_ANOMALY,75.53,ESCALATED,N,INV0057
9000811,1012377,2026-03-31 22:14:45,GEO_ANOMALY,60.16,CLOSED,N,INV0050
9000812,1012384,2026-02-01 06:18:38,RISK_SCORE,49.09,OPEN,N,INV0079
9000813,1012412,2026-02-17 11:42:55,GEO_ANOMALY,73.63,ESCALATED,N,INV0013
9000814,1012420,2026-04-05 22:00:32,GEO_ANOMALY,9.18,ESCALATED,Y,INV0063
9000815,1012456,2026-05-22 00:41:57,RISK_SCORE,38.21,CLOSED,N,INV0100
9000816,1012476,2026-04-08 13:29:08,DEVICE_MISMATCH,47.09,OPEN,N,INV0034
9000817,1012478,2026-06-05 20:05:39,HIGH_VALUE,15.18,ESCALATED,N,INV0036
9000818,1012482,2026-06-07 18:04:27,DEVICE_MISMATCH,43.83,CLOSED,Y,INV0046
9000819,1012485,2026-02-11 16:25:01,RISK_SCORE,22.47,CLOSED,N,INV0046
9000820,1012500,2026-01-23 15:06:23,HIGH_VALUE,46.51,CLOSED,Y,INV0069
9000821,1012506,2026-07-13 18:11:34,GEO_ANOMALY,26.8,OPEN,N,INV0057
9000822,1012511,2026-06-27 21:55:10,DEVICE_MISMATCH,71.47,CLOSED,N,INV0004
9000823,1012521,2026-05-17 15:17:05,GEO_ANOMALY,24.43,CLOSED,N,INV0005
9000824,1012562,2026-05-19 23:53:26,HIGH_VALUE,69.18,CLOSED,N,INV0011
9000825,1012563,2026-08-13 09:57:16,GEO_ANOMALY,20.93,CLOSED,N,INV0046
9000826,1012576,2026-02-07 15:53:45,DEVICE_MISMATCH,29.7,CLOSED,N,INV0012
9000827,1012578,2026-06-19 21:10:46,RISK_SCORE,49.42,OPEN,N,INV0015
9000828,1012580,2026-05-18 10:20:12,DEVICE_MISMATCH,7.37,OPEN,N,INV0074
9000829,1012597,2026-04-10 23:22:54,GEO_ANOMALY,34.22,CLOSED,N,INV0091
9000830,1012621,2026-05-18 08:15:09,RISK_SCORE,27.3,OPEN,N,INV0033
9000831,1012622,2026-01-12 13:09:06,GEO_ANOMALY,21.15,CLOSED,N,INV0045
9000832,1012624,2026-05-17 10:13:17,GEO_ANOMALY,6.9,CLOSED,N,INV0071
9000833,1012628,2026-01-03 23:20:20,HIGH_VALUE,35.07,OPEN,N,INV0071
9000834,1012635,2026-03-15 02:00:30,HIGH_VALUE,64.82,OPEN,N,INV0004
9000835,1012637,2026-01-22 22:37:30,HIGH_VALUE,49.87,OPEN,N,INV0001
9000836,1012641,2026-06-07 05:29:52,DEVICE_MISMATCH,13.56,OPEN,Y,INV0035
9000837,1012644,2026-08-24 11:11:14,VELOCITY,33.03,CLOSED,N,INV0051
9000838,1012649,2026-02-14 13:01:47,HIGH_VALUE,34.33,CLOSED,N,INV0013
9000839,1012656,2026-05-23 09:41:03,RISK_SCORE,65.65,OPEN,N,INV0037
9000840,1012663,2026-01-22 07:19:05,DEVICE_MISMATCH,68.78,CLOSED,N,INV0081
9000841,1012667,2026-07-02 15:22:20,HIGH_VALUE,35.91,OPEN,N,INV0060
9000842,1012683,2026-06-13 13:02:10,GEO_ANOMALY,37.19,CLOSED,N,INV0018
9000843,1012690,2026-07-05 00:29:45,DEVICE_MISMATCH,15.74,CLOSED,N,INV0053
9000844,1012706,2026-08-09 11:44:02,DEVICE_MISMATCH,35.34,CLOSED,Y,INV0054
9000845,1012707,2026-02-26 18:12:44,GEO_ANOMALY,75.37,OPEN,Y,INV0028
9000846,1012710,2026-06-24 01:04:46,HIGH_VALUE,49.7,CLOSED,N,INV0007
9000847,1012718,2026-04-11 03:28:59,HIGH_VALUE,39.43,OPEN,Y,INV0085
9000848,1012719,2026-01-07 09:33:12,VELOCITY,44.25,CLOSED,Y,INV0025
9000849,1012725,2026-02-17 21:26:38,HIGH_VALUE,33.9,CLOSED,N,INV0005
9000850,1012728,2026-02-17 11:50:12,RISK_SCORE,52.15,CLOSED,N,INV0060
9000851,1012743,2026-08-08 01:55:58,RISK_SCORE,36.14,OPEN,N,INV0054
9000852,1012749,2026-04-27 18:43:22,RISK_SCORE,56.81,OPEN,Y,INV0048
9000853,1012754,2026-08-13 16:07:28,GEO_ANOMALY,26.93,CLOSED,N,INV0056
9000854,1012766,2026-08-03 14:17:57,HIGH_VALUE,61.31,OPEN,N,INV0093
9000855,1012785,2026-08-18 10:53:39,GEO_ANOMALY,71.08,OPEN,N,INV0064
9000856,1012789,2026-04-13 19:37:57,HIGH_VALUE,47.79,OPEN,N,INV0066
9000857,1012794,2026-04-05 08:12:44,VELOCITY,58.09,CLOSED,Y,INV0032
9000858,1012817,2026-04-23 04:29:31,GEO_ANOMALY,72.58,ESCALATED,N,INV0022
9000859,1012872,2026-06-13 01:43:29,VELOCITY,41.04,CLOSED,N,INV0084
9000860,1012877,2026-02-25 21:13:24,GEO_ANOMALY,71.4,OPEN,N,INV0031
9000861,1012882,2026-06-22 15:12:49,RISK_SCORE,41.94,OPEN,N,INV0084
9000862,1012898,2026-07-20 07:45:45,RISK_SCORE,21.34,OPEN,N,INV0008
9000863,1012901,2026-02-14 01:35:33,VELOCITY,27.74,CLOSED,N,INV0043
9000864,1012925,2026-03-27 02:14:15,VELOCITY,9.74,CLOSED,N,INV0057
9000865,1012941,2026-08-26 20:26:56,HIGH_VALUE,72.27,CLOSED,N,INV0059
9000866,1012958,2026-03-16 07:24:22,VELOCITY,59.84,OPEN,N,INV0004
9000867,1012969,2026-02-24 03:24:55,GEO_ANOMALY,55.94,CLOSED,N,INV0024
9000868,1012975,2026-07-04 12:02:45,VELOCITY,62.06,CLOSED,N,INV0089
9000869,1012999,2026-05-24 04:09:28,VELOCITY,61.15,OPEN,N,INV0080
9000870,1013002,2026-07-26 23:50:44,RISK_SCORE,37.97,OPEN,N,INV0050
9000871,1013005,2026-05-31 00:47:58,GEO_ANOMALY,31.44,CLOSED,N,INV0085
9000872,1013015,2026-02-02 10:45:15,HIGH_VALUE,67.41,OPEN,N,INV0077
9000873,1013016,2026-07-21 08:52:15,GEO_ANOMALY,59.72,CLOSED,Y,INV0098
9000874,1013040,2026-06-20 21:28:07,RISK_SCORE,8.29,CLOSED,N,INV0050
9000875,1013052,2026-02-03 16:34:18,HIGH_VALUE,3.14,CLOSED,Y,INV0073
9000876,1013053,2026-07-21 04:21:00,DEVICE_MISMATCH,39.94,ESCALATED,N,INV0077
9000877,1013061,2026-01-14 23:17:01,RISK_SCORE,55.67,OPEN,N,INV0029
9000878,1013062,2026-04-03 03:21:22,VELOCITY,27.12,CLOSED,Y,INV0035
9000879,1013074,2026-07-18 11:56:01,RISK_SCORE,87.51,OPEN,N,INV0010
9000880,1013089,2026-01-10 00:54:13,VELOCITY,0.61,OPEN,N,INV0052
9000881,1013104,2026-08-11 19:18:40,HIGH_VALUE,50.37,CLOSED,N,INV0092
9000882,1013106,2026-07-15 15:24:27,GEO_ANOMALY,47.45,CLOSED,N,INV0023
9000883,1013107,2026-03-24 16:27:01,RISK_SCORE,69.0,ESCALATED,N,INV0025
9000884,1013155,2026-01-06 05:26:56,GEO_ANOMALY,37.79,ESCALATED,N,INV0098
9000885,1013169,2026-06-26 19:35:40,VELOCITY,34.59,OPEN,N,INV0021
9000886,1013170,2026-08-10 16:13:26,VELOCITY,51.56,CLOSED,N,INV0082
9000887,1013188,2026-04-19 08:35:04,VELOCITY,74.39,CLOSED,N,INV0087
9000888,1013212,2026-08-01 09:17:09,VELOCITY,42.07,OPEN,N,INV0034
9000889,1013213,2026-05-09 10:39:25,RISK_SCORE,44.4,CLOSED,N,INV0015
9000890,1013242,2026-06-11 17:26:54,RISK_SCORE,32.11,CLOSED,N,INV0041
9000891,1013254,2026-06-23 12:58:02,HIGH_VALUE,17.05,CLOSED,N,INV0039
9000892,1013304,2026-02-07 02:45:01,DEVICE_MISMATCH,47.09,CLOSED,N,INV0001
9000893,1013314,2026-07-20 00:30:43,HIGH_VALUE,78.23,OPEN,Y,INV0098
9000894,1013317,2026-03-25 01:23:32,RISK_SCORE,66.33,OPEN,Y,INV0048
9000895,1013332,2026-04-13 13:17:50,VELOCITY,16.51,CLOSED,Y,INV0051
9000896,1013363,2026-02-04 03:30:33,VELOCITY,33.91,OPEN,N,INV0043
9000897,1013412,2026-01-26 10:12:29,VELOCITY,58.26,CLOSED,Y,INV0006
9000898,1013445,2026-06-30 12:08:43,DEVICE_MISMATCH,33.26,CLOSED,Y,INV0085
9000899,1013498,2026-04-03 05:10:12,GEO_ANOMALY,58.14,CLOSED,Y,INV0049
9000900,1013501,2026-02-10 20:00:57,VELOCITY,61.64,CLOSED,N,INV0082
9000901,1013567,2026-06-15 06:28:21,HIGH_VALUE,79.51,OPEN,N,INV0070
9000902,1013581,2026-04-03 08:16:41,RISK_SCORE,31.7,ESCALATED,Y,INV0036
9000903,1013596,2026-01-13 21:23:56,VELOCITY,76.65,CLOSED,Y,INV0019
9000904,1013620,2026-06-22 19:09:14,VELOCITY,9.26,CLOSED,Y,INV0067
9000905,1013633,2026-04-20 12:30:31,VELOCITY,57.58,CLOSED,N,INV0067
9000906,1013636,2026-07-06 10:31:00,GEO_ANOMALY,42.01,OPEN,Y,INV0079
9000907,1013648,2026-04-27 07:44:53,VELOCITY,59.38,CLOSED,Y,INV0038
9000908,1013656,2026-04-03 22:41:08,GEO_ANOMALY,70.67,CLOSED,Y,INV0006
9000909,1013662,2026-01-05 20:34:27,HIGH_VALUE,33.07,CLOSED,N,INV0092
9000910,1013674,2026-01-16 20:00:54,HIGH_VALUE,50.68,CLOSED,Y,INV0020
9000911,1013689,2026-02-02 18:27:56,GEO_ANOMALY,43.24,CLOSED,Y,INV0048
9000912,1013711,2026-01-18 22:44:39,GEO_ANOMALY,42.98,ESCALATED,Y,INV0044
9000913,1013736,2026-02-02 18:49:20,GEO_ANOMALY,47.07,CLOSED,N,INV0019
9000914,1013743,2026-02-18 22:11:26,DEVICE_MISMATCH,48.87,CLOSED,N,INV0062
9000915,1013776,2026-08-05 14:31:57,HIGH_VALUE,56.04,ESCALATED,Y,INV0099
9000916,1013790,2026-08-23 07:08:37,VELOCITY,12.02,OPEN,Y,INV0026
9000917,1013798,2026-04-17 20:57:45,HIGH_VALUE,66.3,OPEN,N,INV0087
9000918,1013818,2026-02-09 17:41:55,RISK_SCORE,77.92,CLOSED,N,INV0039
9000919,1013823,2026-02-24 23:10:41,GEO_ANOMALY,5.58,CLOSED,N,INV0011
9000920,1013831,2026-06-22 22:20:12,DEVICE_MISMATCH,58.41,CLOSED,Y,INV0029
9000921,1013865,2026-07-21 18:59:37,RISK_SCORE,36.22,OPEN,Y,INV0057
9000922,1013867,2026-06-30 04:48:12,DEVICE_MISMATCH,68.05,OPEN,N,INV0042
9000923,1013897,2026-06-02 20:51:53,GEO_ANOMALY,23.73,OPEN,N,INV0076
9000924,1013899,2026-03-25 20:26:10,GEO_ANOMALY,55.89,CLOSED,N,INV0063
9000925,1013921,2026-08-27 01:18:23,HIGH_VALUE,71.28,OPEN,Y,INV0051
9000926,1013931,2026-03-28 19:31:58,GEO_ANOMALY,75.55,CLOSED,Y,INV0084
9000927,1013952,2026-08-17 19:34:42,RISK_SCORE,54.94,OPEN,N,INV0053
9000928,1013958,2026-01-29 19:22:50,VELOCITY,35.35,ESCALATED,N,INV0034
9000929,1013977,2026-01-21 11:24:23,VELOCITY,27.0,CLOSED,N,INV0061
9000930,1013981,2026-08-25 11:08:54,RISK_SCORE,53.96,CLOSED,N,INV0014
9000931,1013986,2026-03-27 05:20:29,DEVICE_MISMATCH,49.03,OPEN,Y,INV0015
9000932,1013988,2026-04-25 20:20:24,VELOCITY,28.28,ESCALATED,Y,INV0007
9000933,1013995,2026-07-21 14:02:37,VELOCITY,38.72,ESCALATED,N,INV0011
9000934,1014000,2026-08-02 11:24:35,VELOCITY,41.26,ESCALATED,N,INV0077
9000935,1014004,2026-02-07 09:55:04,GEO_ANOMALY,26.92,CLOSED,N,INV0060
9000936,1014007,2026-04-19 07:59:16,VELOCITY,41.99,CLOSED,N,INV0071
9000937,1014021,2026-02-11 14:56:45,DEVICE_MISMATCH,54.5,CLOSED,Y,INV0079
9000938,1014040,2026-06-25 02:04:37,GEO_ANOMALY,28.62,OPEN,N,INV0035
9000939,1014123,2026-07-27 14:55:32,DEVICE_MISMATCH,29.18,OPEN,N,INV0078
9000940,1014151,2026-03-12 10:58:35,GEO_ANOMALY,32.87,OPEN,N,INV0084
9000941,1014207,2026-08-24 03:39:13,RISK_SCORE,42.83,CLOSED,N,INV0021
9000942,1014213,2026-05-10 00:13:36,HIGH_VALUE,69.41,ESCALATED,N,INV0015
9000943,1014238,2026-08-21 08:59:56,RISK_SCORE,52.05,CLOSED,N,INV0012
9000944,1014293,2026-07-08 06:14:01,DEVICE_MISMATCH,70.7,CLOSED,N,INV0029
9000945,1014299,2026-02-08 09:25:09,GEO_ANOMALY,24.32,CLOSED,N,INV0068
9000946,1014310,2026-06-26 08:27:22,HIGH_VALUE,77.49,CLOSED,Y,INV0069
9000947,1014316,2026-05-10 21:07:22,VELOCITY,40.83,CLOSED,N,INV0052
9000948,1014349,2026-06-12 23:04:02,VELOCITY,43.34,CLOSED,N,INV0053
9000949,1014354,2026-04-07 23:54:13,HIGH_VALUE,45.96,OPEN,N,INV0002
9000950,1014362,2026-03-03 03:51:57,VELOCITY,49.17,CLOSED,N,INV0038
9000951,1014379,2026-01-19 16:40:35,RISK_SCORE,37.27,OPEN,N,INV0003
9000952,1014397,2026-02-25 13:40:14,RISK_SCORE,71.65,CLOSED,N,INV0053
9000953,1014399,2026-01-28 14:58:34,VELOCITY,38.4,OPEN,Y,INV0092
9000954,1014409,2026-03-30 04:39:17,RISK_SCORE,41.55,OPEN,N,INV0052
9000955,1014418,2026-04-17 06:41:42,VELOCITY,39.95,CLOSED,N,INV0045
9000956,1014420,2026-02-14 05:47:47,RISK_SCORE,48.72,OPEN,N,INV0017
9000957,1014479,2026-02-09 04:37:22,GEO_ANOMALY,48.12,CLOSED,N,INV0035
9000958,1014485,2026-03-09 04:48:08,RISK_SCORE,52.86,CLOSED,N,INV0008
9000959,1014516,2026-05-26 22:23:02,HIGH_VALUE,66.08,CLOSED,Y,INV0079
9000960,1014517,2026-03-19 21:01:23,GEO_ANOMALY,49.23,CLOSED,N,INV0022
9000961,1014550,2026-03-10 16:11:17,VELOCITY,79.53,CLOSED,Y,INV0031
9000962,1014560,2026-05-03 10:02:59,VELOCITY,0.0,CLOSED,N,INV0041
9000963,1014575,2026-01-20 23:40:19,VELOCITY,46.17,CLOSED,N,INV0032
9000964,1014583,2026-05-31 21:18:41,VELOCITY,24.21,CLOSED,N,INV0058
9000965,1014587,2026-06-04 11:46:38,VELOCITY,62.26,OPEN,N,INV0021
9000966,1014588,2026-06-15 21:46:34,RISK_SCORE,59.39,CLOSED,Y,INV0025
9000967,1014599,2026-06-20 16:56:21,RISK_SCORE,55.77,CLOSED,N,INV0044
9000968,1014606,2026-03-03 17:39:36,RISK_SCORE,17.22,CLOSED,N,INV0054
9000969,1014636,2026-03-07 18:35:24,HIGH_VALUE,42.11,OPEN,Y,INV0019
9000970,1014650,2026-04-15 19:52:17,DEVICE_MISMATCH,65.71,OPEN,Y,INV0008
9000971,1014651,2026-05-13 23:02:10,GEO_ANOMALY,52.67,OPEN,N,INV0096
9000972,1014659,2026-05-21 14:35:18,DEVICE_MISMATCH,21.9,OPEN,Y,INV0083
9000973,1014673,2026-06-21 21:49:25,GEO_ANOMALY,43.0,OPEN,N,INV0052
9000974,1014685,2026-05-12 20:29:23,GEO_ANOMALY,18.85,OPEN,N,INV0095
9000975,1014689,2026-02-18 07:41:01,DEVICE_MISMATCH,71.05,OPEN,N,INV0100
9000976,1014704,2026-08-09 17:24:09,VELOCITY,51.78,OPEN,N,INV0006
9000977,1014710,2026-06-07 16:17:25,RISK_SCORE,31.23,CLOSED,N,INV0010
9000978,1014718,2026-08-12 16:30:49,GEO_ANOMALY,74.48,ESCALATED,Y,INV0036
9000979,1014720,2026-05-16 13:00:34,VELOCITY,41.89,CLOSED,Y,INV0054
9000980,1014730,2026-01-25 02:57:52,VELOCITY,70.52,CLOSED,Y,INV0092
9000981,1014742,2026-08-22 23:55:26,RISK_SCORE,61.35,CLOSED,Y,INV0026
9000982,1014743,2026-06-14 11:14:04,RISK_SCORE,44.39,CLOSED,N,INV0094
9000983,1014776,2026-06-10 00:35:21,HIGH_VALUE,45.12,CLOSED,Y,INV0064
9000984,1014802,2026-07-30 08:25:43,HIGH_VALUE,32.35,OPEN,Y,INV0096
9000985,1014804,2026-07-25 12:15:14,DEVICE_MISMATCH,48.45,CLOSED,N,INV0017
9000986,1014811,2026-03-12 17:17:57,RISK_SCORE,16.29,OPEN,N,INV0042
9000987,1014813,2026-05-17 21:45:45,DEVICE_MISMATCH,11.28,CLOSED,N,INV0085
9000988,1014837,2026-08-15 19:50:12,VELOCITY,45.34,OPEN,Y,INV0079
9000989,1014882,2026-06-14 05:57:36,GEO_ANOMALY,49.81,ESCALATED,Y,INV0088
9000990,1014887,2026-05-31 06:13:33,VELOCITY,53.04,OPEN,N,INV0041
9000991,1014924,2026-03-16 08:43:11,RISK_SCORE,33.31,CLOSED,Y,INV0047
9000992,1014939,2026-07-16 20:42:09,VELOCITY,51.86,CLOSED,N,INV0015
9000993,1014985,2026-01-12 19:24:58,HIGH_VALUE,44.18,OPEN,N,INV0006
9000994,1015045,2026-04-19 21:23:20,VELOCITY,65.14,OPEN,N,INV0026
9000995,1015059,2026-01-15 23:22:43,VELOCITY,39.14,ESCALATED,N,INV0063
9000996,1015060,2026-08-11 05:59:23,GEO_ANOMALY,47.88,OPEN,Y,INV0048
9000997,1015071,2026-01-24 10:44:10,HIGH_VALUE,45.23,CLOSED,N,INV0094
9000998,1015080,2026-01-01 16:15:08,HIGH_VALUE,43.81,ESCALATED,N,INV0078
9000999,1015092,2026-08-24 15:25:34,VELOCITY,57.12,CLOSED,N,INV0072
9001000,1015100,2026-01-05 02:32:21,VELOCITY,63.07,CLOSED,N,INV0068
9001001,1015122,2026-02-03 15:17:31,DEVICE_MISMATCH,40.41,CLOSED,Y,INV0079
9001002,1015132,2026-05-22 08:33:28,RISK_SCORE,0.0,OPEN,N,INV0083
9001003,1015135,2026-05-08 05:13:54,RISK_SCORE,44.28,CLOSED,N,INV0012
9001004,1015156,2026-04-26 09:51:10,GEO_ANOMALY,52.51,CLOSED,N,INV0075
9001005,1015168,2026-04-28 01:24:13,DEVICE_MISMATCH,56.7,ESCALATED,Y,INV0030
9001006,1015205,2026-01-02 07:35:27,HIGH_VALUE,47.73,OPEN,N,INV0076
9001007,1015222,2026-05-02 08:42:08,VELOCITY,63.79,CLOSED,N,INV0053
9001008,1015226,2026-02-17 03:35:50,VELOCITY,69.86,ESCALATED,Y,INV0019
9001009,1015236,2026-01-18 03:11:45,RISK_SCORE,24.28,CLOSED,N,INV0001
9001010,1015238,2026-07-28 20:49:40,RISK_SCORE,40.86,CLOSED,N,INV0017
9001011,1015275,2026-08-02 05:34:40,RISK_SCORE,78.31,CLOSED,N,INV0042
9001012,1015327,2026-07-09 12:48:21,GEO_ANOMALY,21.55,OPEN,N,INV0027
9001013,1015331,2026-06-07 06:01:13,VELOCITY,37.1,CLOSED,Y,INV0013
9001014,1015337,2026-01-26 02:14:50,VELOCITY,43.34,OPEN,Y,INV0018
9001015,1015348,2026-04-13 23:49:15,HIGH_VALUE,31.23,CLOSED,N,INV0095
9001016,1015355,2026-03-02 12:11:58,VELOCITY,30.7,ESCALATED,N,INV0073
9001017,1015368,2026-03-18 04:33:42,RISK_SCORE,44.7,ESCALATED,N,INV0054
9001018,1015373,2026-04-20 11:15:18,VELOCITY,84.68,CLOSED,N,INV0050
9001019,1015414,2026-06-16 09:25:54,HIGH_VALUE,57.94,CLOSED,N,INV0100
9001020,1015428,2026-01-24 16:32:52,DEVICE_MISMATCH,44.66,CLOSED,N,INV0009
9001021,1015477,2026-08-19 14:04:36,HIGH_VALUE,22.55,ESCALATED,N,INV0057
9001022,1015483,2026-04-17 08:39:02,DEVICE_MISMATCH,88.78,CLOSED,N,INV0097
9001023,1015523,2026-05-25 13:08:37,HIGH_VALUE,16.55,OPEN,Y,INV0022
9001024,1015542,2026-03-20 23:31:03,RISK_SCORE,50.14,CLOSED,Y,INV0073
9001025,1015553,2026-05-21 08:14:37,VELOCITY,28.23,CLOSED,N,INV0093
9001026,1015555,2026-03-25 08:23:15,VELOCITY,42.26,CLOSED,N,INV0050
9001027,1015573,2026-07-21 20:43:57,GEO_ANOMALY,60.16,CLOSED,Y,INV0013
9001028,1015579,2026-02-26 13:05:17,HIGH_VALUE,69.18,ESCALATED,N,INV0051
9001029,1015582,2026-08-06 06:39:34,DEVICE_MISMATCH,42.32,CLOSED,N,INV0068
9001030,1015589,2026-08-22 21:56:55,HIGH_VALUE,60.21,CLOSED,N,INV0037
9001031,1015599,2026-04-27 13:04:25,VELOCITY,26.07,CLOSED,N,INV0027
9001032,1015629,2026-04-10 09:49:29,GEO_ANOMALY,54.57,OPEN,N,INV0015
9001033,1015645,2026-05-21 18:45:44,GEO_ANOMALY,46.75,CLOSED,N,INV0097
9001034,1015661,2026-04-13 03:59:17,HIGH_VALUE,43.5,CLOSED,N,INV0011
9001035,1015666,2026-08-06 19:06:56,GEO_ANOMALY,62.08,OPEN,N,INV0093
9001036,1015670,2026-04-29 15:49:09,VELOCITY,57.64,OPEN,Y,INV0093
9001037,1015680,2026-01-22 07:36:02,RISK_SCORE,24.17,CLOSED,Y,INV0035
9001038,1015702,2026-07-06 06:41:09,RISK_SCORE,73.61,OPEN,N,INV0073
9001039,1015711,2026-04-11 16:24:19,DEVICE_MISMATCH,8.75,OPEN,N,INV0005
9001040,1015722,2026-01-13 04:20:56,GEO_ANOMALY,46.47,CLOSED,Y,INV0031
9001041,1015753,2026-07-16 18:36:38,GEO_ANOMALY,41.18,ESCALATED,N,INV0009
9001042,1015780,2026-01-22 03:10:40,GEO_ANOMALY,52.55,CLOSED,N,INV0090
9001043,1015788,2026-06-03 01:20:12,RISK_SCORE,58.13,CLOSED,Y,INV0100
9001044,1015810,2026-06-29 22:04:58,RISK_SCORE,22.01,OPEN,N,INV0022
9001045,1015828,2026-08-04 15:05:12,GEO_ANOMALY,46.21,OPEN,N,INV0010
9001046,1015890,2026-04-11 00:50:38,VELOCITY,49.23,CLOSED,N,INV0006
9001047,1015902,2026-08-19 22:33:41,GEO_ANOMALY,21.26,OPEN,N,INV0033
9001048,1015951,2026-02-17 16:56:06,VELOCITY,57.29,OPEN,Y,INV0074
9001049,1015961,2026-01-14 14:23:10,HIGH_VALUE,54.82,CLOSED,Y,INV0006
9001050,1015984,2026-06-13 10:45:55,HIGH_VALUE,64.64,CLOSED,Y,INV0053
9001051,1015986,2026-01-24 15:52:43,HIGH_VALUE,71.14,CLOSED,Y,INV0068
9001052,1015994,2026-08-21 19:51:25,VELOCITY,50.54,CLOSED,N,INV0006
9001053,1016004,2026-02-19 14:13:04,RISK_SCORE,23.62,CLOSED,N,INV0070
9001054,1016006,2026-06-17 13:23:11,HIGH_VALUE,35.12,OPEN,Y,INV0009
9001055,1016048,2026-06-06 23:38:33,VELOCITY,44.56,CLOSED,N,INV0065
9001056,1016060,2026-08-22 13:55:19,RISK_SCORE,52.86,CLOSED,N,INV0030
9001057,1016082,2026-06-08 17:32:57,RISK_SCORE,19.95,OPEN,N,INV0026
9001058,1016091,2026-07-31 09:20:30,HIGH_VALUE,28.74,CLOSED,N,INV0023
9001059,1016095,2026-02-25 11:51:03,RISK_SCORE,35.46,OPEN,N,INV0051
9001060,1016099,2026-05-05 05:30:43,VELOCITY,31.7,CLOSED,N,INV0082
9001061,1016103,2026-05-07 02:13:56,GEO_ANOMALY,40.14,OPEN,N,INV0016
9001062,1016108,2026-04-04 22:43:14,HIGH_VALUE,49.47,CLOSED,N,INV0098
9001063,1016184,2026-06-23 22:26:00,VELOCITY,25.76,OPEN,N,INV0044
9001064,1016190,2026-03-20 06:57:38,RISK_SCORE,77.02,CLOSED,N,INV0021
9001065,1016199,2026-01-28 02:34:36,GEO_ANOMALY,38.06,CLOSED,Y,INV0024
9001066,1016213,2026-03-03 13:40:12,DEVICE_MISMATCH,57.26,CLOSED,N,INV0088
9001067,1016252,2026-07-16 14:11:32,HIGH_VALUE,47.44,OPEN,N,INV0079
9001068,1016254,2026-01-10 00:51:18,GEO_ANOMALY,59.4,CLOSED,Y,INV0011
9001069,1016276,2026-06-01 01:34:53,DEVICE_MISMATCH,3.74,OPEN,Y,INV0082
9001070,1016280,2026-04-19 08:25:46,RISK_SCORE,57.91,CLOSED,N,INV0095
9001071,1016323,2026-05-11 12:58:30,VELOCITY,20.28,ESCALATED,N,INV0017
9001072,1016340,2026-05-02 02:20:42,VELOCITY,13.49,CLOSED,N,INV0024
9001073,1016349,2026-07-22 23:37:16,VELOCITY,67.36,CLOSED,Y,INV0015
9001074,1016361,2026-01-09 21:24:09,HIGH_VALUE,55.99,OPEN,N,INV0030
9001075,1016376,2026-06-11 07:42:34,VELOCITY,16.61,CLOSED,N,INV0067
9001076,1016400,2026-03-12 16:44:21,HIGH_VALUE,27.73,CLOSED,N,INV0044
9001077,1016441,2026-07-04 01:03:09,HIGH_VALUE,27.17,CLOSED,N,INV0073
9001078,1016449,2026-01-09 21:57:28,GEO_ANOMALY,37.81,CLOSED,N,INV0077
9001079,1016475,2026-07-29 14:38:17,VELOCITY,44.24,CLOSED,N,INV0091
9001080,1016481,2026-01-08 15:08:09,HIGH_VALUE,73.29,CLOSED,N,INV0045
9001081,1016483,2026-01-02 18:55:42,VELOCITY,10.18,CLOSED,N,INV0013
9001082,1016484,2026-02-10 15:57:43,VELOCITY,29.51,CLOSED,N,INV0084
9001083,1016491,2026-03-24 06:08:36,GEO_ANOMALY,50.08,OPEN,N,INV0079
9001084,1016551,2026-06-08 10:36:38,RISK_SCORE,36.24,CLOSED,N,INV0013
9001085,1016575,2026-07-08 13:43:45,RISK_SCORE,32.21,OPEN,N,INV0049
9001086,1016581,2026-05-11 20:12:45,RISK_SCORE,42.55,CLOSED,Y,INV0007
9001087,1016592,2026-01-13 17:35:52,HIGH_VALUE,60.92,OPEN,Y,INV0001
9001088,1016611,2026-02-05 23:10:05,HIGH_VALUE,65.34,CLOSED,Y,INV0081
9001089,1016630,2026-04-27 04:41:45,HIGH_VALUE,76.77,CLOSED,Y,INV0026
9001090,1016632,2026-08-09 04:43:29,RISK_SCORE,18.23,CLOSED,N,INV0062
9001091,1016634,2026-02-20 17:17:56,HIGH_VALUE,66.93,CLOSED,Y,INV0047
9001092,1016642,2026-07-07 15:03:59,DEVICE_MISMATCH,4.18,OPEN,N,INV0045
9001093,1016687,2026-05-07 23:13:06,GEO_ANOMALY,23.09,ESCALATED,Y,INV0067
9001094,1016692,2026-02-22 04:43:53,DEVICE_MISMATCH,35.56,ESCALATED,N,INV0086
9001095,1016742,2026-01-19 01:03:20,HIGH_VALUE,84.84,ESCALATED,N,INV0065
9001096,1016753,2026-01-20 21:20:56,HIGH_VALUE,27.74,CLOSED,Y,INV0035
9001097,1016775,2026-04-21 16:23:17,HIGH_VALUE,46.38,CLOSED,N,INV0098
9001098,1016822,2026-05-17 16:02:21,HIGH_VALUE,54.83,CLOSED,N,INV0037
9001099,1016832,2026-03-18 17:02:45,VELOCITY,17.52,OPEN,N,INV0018
9001100,1016845,2026-01-19 17:47:23,VELOCITY,30.7,OPEN,N,INV0037
9001101,1016854,2026-08-02 11:47:25,GEO_ANOMALY,16.19,CLOSED,N,INV0066
9001102,1016874,2026-03-31 07:05:47,DEVICE_MISMATCH,32.39,CLOSED,N,INV0005
9001103,1016875,2026-02-17 10:04:44,VELOCITY,6.47,CLOSED,N,INV0043
9001104,1016886,2026-08-21 09:30:15,RISK_SCORE,51.5,ESCALATED,N,INV0008
9001105,1016893,2026-04-01 19:01:46,RISK_SCORE,34.49,OPEN,N,INV0056
9001106,1016919,2026-04-17 07:50:05,VELOCITY,68.22,OPEN,N,INV0094
9001107,1016926,2026-08-04 18:48:15,VELOCITY,59.19,CLOSED,N,INV0079
9001108,1016942,2026-04-09 08:16:32,DEVICE_MISMATCH,34.5,OPEN,N,INV0034
9001109,1016957,2026-01-10 14:53:28,DEVICE_MISMATCH,51.98,CLOSED,N,INV0012
9001110,1017000,2026-03-29 18:58:09,RISK_SCORE,75.8,CLOSED,N,INV0029
9001111,1017002,2026-08-25 16:08:55,HIGH_VALUE,46.94,OPEN,N,INV0035
9001112,1017028,2026-08-13 08:46:57,DEVICE_MISMATCH,77.8,CLOSED,Y,INV0034
9001113,1017033,2026-07-24 23:17:06,GEO_ANOMALY,45.67,CLOSED,N,INV0041
9001114,1017037,2026-03-28 00:23:59,RISK_SCORE,56.17,ESCALATED,Y,INV0043
9001115,1017060,2026-06-23 09:00:27,HIGH_VALUE,55.86,OPEN,N,INV0092
9001116,1017093,2026-05-24 23:15:42,HIGH_VALUE,33.03,CLOSED,N,INV0009
9001117,1017103,2026-06-20 15:36:12,VELOCITY,44.41,OPEN,N,INV0096
9001118,1017126,2026-06-29 22:33:46,DEVICE_MISMATCH,6.42,ESCALATED,N,INV0012
9001119,1017129,2026-02-23 16:06:59,RISK_SCORE,20.42,ESCALATED,N,INV0088
9001120,1017136,2026-04-09 17:41:01,HIGH_VALUE,35.87,CLOSED,N,INV0083
9001121,1017159,2026-07-30 10:21:43,DEVICE_MISMATCH,78.56,OPEN,N,INV0003
9001122,1017161,2026-01-04 21:32:48,VELOCITY,51.58,CLOSED,N,INV0080
9001123,1017166,2026-08-07 04:36:24,RISK_SCORE,16.98,CLOSED,Y,INV0079
9001124,1017210,2026-05-18 02:33:43,RISK_SCORE,74.46,CLOSED,N,INV0024
9001125,1017219,2026-04-21 09:02:07,VELOCITY,66.75,CLOSED,Y,INV0056
9001126,1017230,2026-07-05 05:03:12,VELOCITY,17.96,CLOSED,N,INV0030
9001127,1017232,2026-04-08 00:43:24,GEO_ANOMALY,77.04,ESCALATED,N,INV0043
9001128,1017260,2026-01-29 08:34:01,VELOCITY,43.65,CLOSED,N,INV0070
9001129,1017268,2026-08-18 18:31:52,GEO_ANOMALY,16.64,OPEN,N,INV0055
9001130,1017272,2026-07-25 11:12:02,DEVICE_MISMATCH,55.95,OPEN,N,INV0065
9001131,1017276,2026-07-19 11:12:47,VELOCITY,47.8,CLOSED,N,INV0032
9001132,1017277,2026-04-25 17:05:18,RISK_SCORE,80.36,CLOSED,N,INV0009
9001133,1017278,2026-07-04 11:55:48,GEO_ANOMALY,28.69,OPEN,N,INV0036
9001134,1017323,2026-07-26 14:29:55,VELOCITY,30.99,OPEN,N,INV0094
9001135,1017336,2026-02-12 00:31:46,HIGH_VALUE,57.09,CLOSED,Y,INV0031
9001136,1017340,2026-04-27 22:50:24,RISK_SCORE,39.3,CLOSED,N,INV0060
9001137,1017345,2026-08-21 17:48:19,HIGH_VALUE,58.93,CLOSED,N,INV0045
9001138,1017353,2026-02-19 16:50:13,DEVICE_MISMATCH,18.12,OPEN,N,INV0069
9001139,1017354,2026-01-05 22:40:39,GEO_ANOMALY,54.95,OPEN,N,INV0079
9001140,1017369,2026-01-28 12:53:53,DEVICE_MISMATCH,19.56,OPEN,N,INV0015
9001141,1017393,2026-07-21 17:14:17,VELOCITY,27.59,OPEN,N,INV0008
9001142,1017398,2026-07-25 21:18:54,RISK_SCORE,46.6,CLOSED,N,INV0076
9001143,1017403,2026-01-23 21:00:19,DEVICE_MISMATCH,35.91,CLOSED,Y,INV0081
9001144,1017415,2026-01-16 10:18:01,RISK_SCORE,32.1,ESCALATED,N,INV0027
9001145,1017476,2026-08-27 00:38:04,RISK_SCORE,33.7,CLOSED,N,INV0030
9001146,1017488,2026-06-26 21:27:31,GEO_ANOMALY,31.03,OPEN,N,INV0078
9001147,1017529,2026-05-27 18:25:07,RISK_SCORE,49.94,OPEN,Y,INV0011
9001148,1017533,2026-03-07 16:53:59,VELOCITY,67.41,OPEN,N,INV0046
9001149,1017546,2026-04-09 17:38:48,VELOCITY,44.36,CLOSED,N,INV0006
9001150,1017548,2026-08-09 06:56:35,DEVICE_MISMATCH,27.1,CLOSED,N,INV0072
9001151,1017559,2026-01-13 06:11:25,RISK_SCORE,49.45,OPEN,N,INV0073
9001152,1017579,2026-04-10 04:04:18,DEVICE_MISMATCH,43.78,OPEN,N,INV0030
9001153,1017588,2026-08-16 20:21:09,DEVICE_MISMATCH,30.8,OPEN,N,INV0009
9001154,1017608,2026-03-18 12:14:48,DEVICE_MISMATCH,71.52,CLOSED,N,INV0005
9001155,1017613,2026-04-05 10:05:53,GEO_ANOMALY,19.26,CLOSED,N,INV0087
9001156,1017616,2026-08-25 05:16:39,DEVICE_MISMATCH,55.43,CLOSED,N,INV0035
9001157,1017622,2026-04-24 14:29:43,DEVICE_MISMATCH,38.22,OPEN,Y,INV0016
9001158,1017628,2026-01-01 19:38:17,DEVICE_MISMATCH,55.11,CLOSED,N,INV0068
9001159,1017683,2026-05-31 15:27:36,VELOCITY,53.96,CLOSED,N,INV0081
9001160,1017686,2026-02-22 15:50:13,RISK_SCORE,8.66,CLOSED,N,INV0082
9001161,1017700,2026-01-16 08:51:49,GEO_ANOMALY,63.94,OPEN,N,INV0048
9001162,1017728,2026-06-21 08:27:37,HIGH_VALUE,34.37,OPEN,N,INV0095
9001163,1017741,2026-08-05 00:20:53,RISK_SCORE,30.86,CLOSED,N,INV0061
9001164,1017789,2026-04-11 14:54:16,VELOCITY,28.57,ESCALATED,Y,INV0051
9001165,1017809,2026-03-23 15:22:50,DEVICE_MISMATCH,53.0,OPEN,N,INV0055
9001166,1017812,2026-06-18 04:28:09,HIGH_VALUE,56.59,OPEN,Y,INV0062
9001167,1017817,2026-06-18 22:07:32,HIGH_VALUE,53.05,CLOSED,N,INV0028
9001168,1017822,2026-04-23 07:53:29,DEVICE_MISMATCH,22.77,CLOSED,N,INV0055
9001169,1017825,2026-05-28 16:48:46,GEO_ANOMALY,33.74,OPEN,N,INV0010
9001170,1017843,2026-07-20 01:44:30,RISK_SCORE,18.12,ESCALATED,N,INV0004
9001171,1017851,2026-08-07 20:08:10,VELOCITY,67.13,OPEN,N,INV0003
9001172,1017855,2026-01-14 07:15:23,GEO_ANOMALY,73.18,CLOSED,Y,INV0008
9001173,1017860,2026-07-08 06:58:19,VELOCITY,65.39,OPEN,N,INV0044
9001174,1017875,2026-07-24 15:01:50,DEVICE_MISMATCH,23.71,CLOSED,N,INV0073
9001175,1017885,2026-04-04 13:13:03,HIGH_VALUE,50.06,ESCALATED,N,INV0026
9001176,1017906,2026-05-28 07:33:45,HIGH_VALUE,46.93,CLOSED,Y,INV0096
9001177,1017929,2026-04-21 22:53:04,VELOCITY,22.86,ESCALATED,N,INV0033
9001178,1017930,2026-04-04 05:01:00,DEVICE_MISMATCH,46.63,ESCALATED,N,INV0064
9001179,1017957,2026-06-27 15:22:56,VELOCITY,58.09,CLOSED,Y,INV0026
9001180,1017958,2026-07-22 14:47:52,GEO_ANOMALY,38.19,CLOSED,N,INV0054
9001181,1017983,2026-06-22 09:52:03,DEVICE_MISMATCH,48.47,CLOSED,N,INV0066
9001182,1017994,2026-03-23 05:54:10,HIGH_VALUE,45.62,CLOSED,N,INV0044
9001183,1018005,2026-06-10 18:47:29,HIGH_VALUE,73.97,OPEN,N,INV0067
9001184,1018056,2026-05-30 16:55:40,VELOCITY,55.96,CLOSED,Y,INV0077
9001185,1018057,2026-06-06 20:32:35,VELOCITY,74.38,OPEN,N,INV0052
9001186,1018061,2026-02-04 20:38:08,DEVICE_MISMATCH,61.82,CLOSED,N,INV0027
9001187,1018077,2026-03-06 00:09:47,RISK_SCORE,34.74,CLOSED,N,INV0040
9001188,1018080,2026-05-15 21:43:31,GEO_ANOMALY,19.67,CLOSED,N,INV0016
9001189,1018088,2026-03-22 14:45:00,HIGH_VALUE,33.34,CLOSED,N,INV0035
9001190,1018105,2026-04-08 14:42:59,RISK_SCORE,44.59,CLOSED,Y,INV0083
9001191,1018115,2026-06-20 21:26:17,GEO_ANOMALY,49.74,ESCALATED,N,INV0028
9001192,1018116,2026-04-13 20:45:21,HIGH_VALUE,63.56,CLOSED,N,INV0077
9001193,1018125,2026-01-28 02:36:15,DEVICE_MISMATCH,45.43,OPEN,N,INV0044
9001194,1018153,2026-06-21 07:03:28,GEO_ANOMALY,67.8,OPEN,N,INV0008
9001195,1018158,2026-02-07 16:10:21,DEVICE_MISMATCH,57.63,CLOSED,N,INV0045
9001196,1018164,2026-02-18 02:07:20,VELOCITY,46.22,ESCALATED,N,INV0077
9001197,1018168,2026-08-22 13:21:42,GEO_ANOMALY,27.18,CLOSED,Y,INV0005
9001198,1018170,2026-02-09 22:40:09,RISK_SCORE,33.36,CLOSED,Y,INV0063
9001199,1018171,2026-05-18 21:04:49,DEVICE_MISMATCH,43.51,OPEN,N,INV0087
9001200,1018176,2026-04-26 11:54:03,VELOCITY,47.36,CLOSED,N,INV0040
9001201,1018190,2026-08-24 00:52:04,HIGH_VALUE,43.04,OPEN,N,INV0092
9001202,1018221,2026-06-03 07:02:45,HIGH_VALUE,46.72,OPEN,Y,INV0055
9001203,1018233,2026-06-23 21:08:31,DEVICE_MISMATCH,42.09,ESCALATED,N,INV0020
9001204,1018241,2026-08-20 23:46:20,HIGH_VALUE,53.71,CLOSED,N,INV0026
9001205,1018316,2026-02-05 20:02:57,HIGH_VALUE,59.35,ESCALATED,N,INV0051
9001206,1018340,2026-04-25 19:08:45,GEO_ANOMALY,52.95,CLOSED,N,INV0094
9001207,1018366,2026-03-13 02:15:31,RISK_SCORE,70.24,CLOSED,N,INV0049
9001208,1018383,2026-08-27 06:30:07,RISK_SCORE,55.65,OPEN,N,INV0004
9001209,1018386,2026-07-21 19:47:14,RISK_SCORE,67.17,OPEN,Y,INV0090
9001210,1018400,2026-06-22 08:20:32,VELOCITY,63.8,OPEN,N,INV0035
9001211,1018409,2026-02-01 03:34:59,HIGH_VALUE,33.09,OPEN,Y,INV0065
9001212,1018413,2026-03-27 12:31:06,GEO_ANOMALY,19.99,CLOSED,N,INV0037
9001213,1018428,2026-02-13 18:46:35,RISK_SCORE,10.35,CLOSED,N,INV0009
9001214,1018439,2026-03-30 13:28:36,VELOCITY,38.2,CLOSED,N,INV0027
9001215,1018444,2026-02-06 09:24:59,VELOCITY,60.3,ESCALATED,N,INV0056
9001216,1018449,2026-03-25 02:40:31,VELOCITY,26.02,OPEN,Y,INV0009
9001217,1018468,2026-05-27 09:00:17,DEVICE_MISMATCH,63.24,ESCALATED,N,INV0030
9001218,1018475,2026-04-18 18:15:54,VELOCITY,43.81,CLOSED,N,INV0024
9001219,1018488,2026-01-01 03:18:18,DEVICE_MISMATCH,32.0,CLOSED,Y,INV0042
9001220,1018505,2026-03-10 15:00:45,DEVICE_MISMATCH,50.21,CLOSED,N,INV0082
9001221,1018529,2026-04-17 05:42:47,RISK_SCORE,73.05,OPEN,N,INV0039
9001222,1018534,2026-02-03 14:37:10,RISK_SCORE,30.36,OPEN,N,INV0088
9001223,1018544,2026-05-29 18:46:58,DEVICE_MISMATCH,31.02,CLOSED,Y,INV0061
9001224,1018564,2026-01-13 04:58:24,VELOCITY,63.64,CLOSED,N,INV0071
9001225,1018570,2026-07-27 11:33:40,GEO_ANOMALY,59.53,CLOSED,N,INV0096
9001226,1018576,2026-06-18 19:39:08,RISK_SCORE,20.08,CLOSED,N,INV0078
9001227,1018586,2026-05-09 11:01:16,HIGH_VALUE,47.96,CLOSED,N,INV0020
9001228,1018589,2026-05-29 00:02:32,HIGH_VALUE,69.21,CLOSED,N,INV0081
9001229,1018596,2026-06-14 21:48:17,DEVICE_MISMATCH,47.32,CLOSED,Y,INV0065
9001230,1018610,2026-07-25 13:33:45,GEO_ANOMALY,53.73,OPEN,N,INV0059
9001231,1018622,2026-03-16 07:57:00,VELOCITY,36.64,OPEN,N,INV0014
9001232,1018639,2026-05-01 16:00:31,VELOCITY,0.0,OPEN,N,INV0092
9001233,1018654,2026-08-28 15:51:56,RISK_SCORE,6.16,CLOSED,N,INV0032
9001234,1018692,2026-05-19 03:26:45,RISK_SCORE,53.96,CLOSED,N,INV0050
9001235,1018698,2026-02-01 03:15:53,VELOCITY,53.81,OPEN,Y,INV0001
9001236,1018711,2026-07-05 08:18:23,RISK_SCORE,56.07,OPEN,Y,INV0012
9001237,1018740,2026-06-20 15:39:58,VELOCITY,45.48,OPEN,N,INV0049
9001238,1018742,2026-04-14 19:07:40,DEVICE_MISMATCH,39.6,OPEN,N,INV0020
9001239,1018756,2026-08-05 14:33:00,RISK_SCORE,49.47,OPEN,Y,INV0048
9001240,1018783,2026-01-20 09:23:16,VELOCITY,55.91,OPEN,N,INV0054
9001241,1018791,2026-04-11 09:03:32,HIGH_VALUE,20.47,CLOSED,N,INV0032
9001242,1018794,2026-04-22 21:52:18,HIGH_VALUE,67.9,OPEN,N,INV0007
9001243,1018800,2026-02-09 01:57:41,GEO_ANOMALY,43.79,CLOSED,Y,INV0092
9001244,1018806,2026-01-08 07:10:38,RISK_SCORE,38.79,CLOSED,Y,INV0028
9001245,1018884,2026-08-13 10:33:51,HIGH_VALUE,71.4,CLOSED,Y,INV0040
9001246,1018901,2026-04-15 09:27:11,RISK_SCORE,49.12,OPEN,N,INV0058
9001247,1018907,2026-05-13 00:07:49,RISK_SCORE,30.25,CLOSED,N,INV0002
9001248,1018929,2026-08-16 10:12:54,RISK_SCORE,62.36,OPEN,N,INV0061
9001249,1018936,2026-05-24 11:52:48,VELOCITY,72.88,ESCALATED,Y,INV0090
9001250,1018975,2026-05-04 23:23:20,DEVICE_MISMATCH,26.11,OPEN,N,INV0076
9001251,1019012,2026-05-08 08:00:16,HIGH_VALUE,25.76,OPEN,N,INV0019
9001252,1019030,2026-03-16 20:59:33,GEO_ANOMALY,34.38,OPEN,N,INV0071
9001253,1019049,2026-06-01 00:37:39,HIGH_VALUE,64.35,OPEN,N,INV0096
9001254,1019096,2026-04-01 08:24:22,HIGH_VALUE,28.61,CLOSED,N,INV0039
9001255,1019152,2026-01-11 01:45:42,DEVICE_MISMATCH,41.4,CLOSED,Y,INV0048
9001256,1019158,2026-07-26 02:45:30,GEO_ANOMALY,39.66,OPEN,N,INV0081
9001257,1019185,2026-07-28 10:33:00,HIGH_VALUE,80.3,ESCALATED,N,INV0037
9001258,1019219,2026-04-02 18:55:12,GEO_ANOMALY,29.85,CLOSED,N,INV0063
9001259,1019220,2026-01-03 19:15:54,GEO_ANOMALY,51.85,ESCALATED,N,INV0091
9001260,1019221,2026-05-07 18:37:30,DEVICE_MISMATCH,46.64,CLOSED,N,INV0080
9001261,1019263,2026-06-05 18:05:11,RISK_SCORE,65.27,OPEN,Y,INV0100
9001262,1019275,2026-08-05 23:32:50,VELOCITY,81.54,CLOSED,Y,INV0077
9001263,1019281,2026-05-22 07:33:10,GEO_ANOMALY,33.41,ESCALATED,N,INV0085
9001264,1019290,2026-01-25 17:50:33,RISK_SCORE,70.22,ESCALATED,Y,INV0018
9001265,1019320,2026-04-18 15:45:34,RISK_SCORE,43.65,CLOSED,N,INV0032
9001266,1019338,2026-07-14 01:41:16,RISK_SCORE,24.57,OPEN,N,INV0093
9001267,1019343,2026-06-09 01:42:35,HIGH_VALUE,34.89,OPEN,N,INV0077
9001268,1019345,2026-08-21 21:15:47,GEO_ANOMALY,37.64,ESCALATED,N,INV0020
9001269,1019351,2026-03-09 06:23:08,VELOCITY,59.86,OPEN,N,INV0071
9001270,1019363,2026-05-14 08:49:28,VELOCITY,55.63,CLOSED,N,INV0083
9001271,1019369,2026-07-30 12:53:57,DEVICE_MISMATCH,26.56,OPEN,Y,INV0046
9001272,1019407,2026-02-04 05:52:38,GEO_ANOMALY,39.25,CLOSED,N,INV0074
9001273,1019409,2026-07-09 21:49:00,GEO_ANOMALY,68.14,OPEN,N,INV0061
9001274,1019437,2026-01-14 22:07:14,RISK_SCORE,61.18,OPEN,N,INV0098
9001275,1019459,2026-02-20 20:52:21,DEVICE_MISMATCH,43.72,CLOSED,N,INV0041
9001276,1019500,2026-05-17 05:03:02,HIGH_VALUE,44.83,OPEN,N,INV0064
9001277,1019525,2026-03-18 20:57:15,HIGH_VALUE,44.17,CLOSED,Y,INV0007
9001278,1019532,2026-02-20 22:12:14,VELOCITY,67.01,CLOSED,Y,INV0092
9001279,1019546,2026-05-08 13:54:52,DEVICE_MISMATCH,47.54,CLOSED,N,INV0060
9001280,1019554,2026-03-20 07:24:05,DEVICE_MISMATCH,51.67,CLOSED,Y,INV0035
9001281,1019558,2026-01-20 12:00:43,RISK_SCORE,22.78,CLOSED,N,INV0034
9001282,1019587,2026-04-10 01:40:27,GEO_ANOMALY,48.67,ESCALATED,N,INV0070
9001283,1019595,2026-06-25 10:51:40,RISK_SCORE,40.96,OPEN,Y,INV0029
9001284,1019600,2026-04-14 11:17:35,GEO_ANOMALY,64.38,CLOSED,N,INV0072
9001285,1019606,2026-01-31 20:35:35,RISK_SCORE,51.53,ESCALATED,Y,INV0058
9001286,1019610,2026-01-23 07:34:28,VELOCITY,38.42,OPEN,N,INV0007
9001287,1019624,2026-04-30 23:39:20,VELOCITY,59.13,CLOSED,N,INV0055
9001288,1019629,2026-07-17 15:44:37,VELOCITY,46.28,OPEN,Y,INV0091
9001289,1019664,2026-06-27 11:24:11,RISK_SCORE,29.93,CLOSED,N,INV0077
9001290,1019706,2026-03-12 18:35:42,HIGH_VALUE,44.98,OPEN,N,INV0057
9001291,1019716,2026-06-15 16:47:58,DEVICE_MISMATCH,48.96,OPEN,Y,INV0028
9001292,1019733,2026-05-26 12:30:58,VELOCITY,34.58,CLOSED,Y,INV0023
9001293,1019751,2026-04-27 10:40:44,VELOCITY,33.41,OPEN,Y,INV0022
9001294,1019757,2026-01-20 11:37:59,HIGH_VALUE,46.13,CLOSED,N,INV0100
9001295,1019771,2026-06-23 17:36:17,DEVICE_MISMATCH,58.03,ESCALATED,N,INV0050
9001296,1019772,2026-01-20 12:35:33,DEVICE_MISMATCH,28.21,CLOSED,N,INV0003
9001297,1019804,2026-04-12 03:11:41,VELOCITY,20.44,OPEN,Y,INV0058
9001298,1019852,2026-04-23 07:17:27,VELOCITY,71.88,CLOSED,Y,INV0009
9001299,1019860,2026-04-18 00:47:48,DEVICE_MISMATCH,0.53,OPEN,N,INV0078
9001300,1019882,2026-02-10 00:15:09,DEVICE_MISMATCH,54.52,OPEN,Y,INV0089
9001301,1019920,2026-03-01 18:25:21,RISK_SCORE,44.86,OPEN,Y,INV0058
9001302,1019960,2026-04-25 10:02:57,GEO_ANOMALY,35.43,CLOSED,N,INV0095
9001303,1019962,2026-01-20 20:34:31,GEO_ANOMALY,3.77,CLOSED,N,INV0047
9001304,1019985,2026-08-20 15:33:10,DEVICE_MISMATCH,44.89,CLOSED,N,INV0082
9001305,1019986,2026-01-12 05:00:05,DEVICE_MISMATCH,14.03,CLOSED,N,INV0032
9001306,1020033,2026-03-17 10:52:58,HIGH_VALUE,37.06,OPEN,N,INV0029
9001307,1020035,2026-05-18 04:23:56,RISK_SCORE,47.32,CLOSED,N,INV0014
9001308,1020055,2026-01-17 11:13:31,RISK_SCORE,56.56,CLOSED,N,INV0050
9001309,1020057,2026-04-21 15:16:51,VELOCITY,88.99,OPEN,Y,INV0088
9001310,1020060,2026-08-11 12:30:44,RISK_SCORE,27.83,CLOSED,N,INV0061
9001311,1020102,2026-01-05 16:03:07,GEO_ANOMALY,64.16,CLOSED,N,INV0021
9001312,1020114,2026-05-25 16:44:54,HIGH_VALUE,37.91,OPEN,N,INV0065
9001313,1020195,2026-05-19 22:14:08,VELOCITY,51.05,OPEN,N,INV0030
9001314,1020198,2026-06-23 04:40:23,HIGH_VALUE,27.21,OPEN,N,INV0098
9001315,1020199,2026-04-12 21:24:34,HIGH_VALUE,49.87,CLOSED,N,INV0047
9001316,1020215,2026-05-27 13:24:09,GEO_ANOMALY,8.15,CLOSED,N,INV0011
9001317,1020258,2026-02-14 02:08:49,RISK_SCORE,16.65,OPEN,N,INV0021
9001318,1020277,2026-03-15 11:20:23,GEO_ANOMALY,65.82,CLOSED,Y,INV0005
9001319,1020280,2026-05-22 02:09:55,DEVICE_MISMATCH,27.38,CLOSED,N,INV0035
9001320,1020286,2026-07-08 10:49:09,DEVICE_MISMATCH,19.74,ESCALATED,Y,INV0077
9001321,1020312,2026-01-05 10:36:43,DEVICE_MISMATCH,0.0,CLOSED,N,INV0020
9001322,1020383,2026-05-10 23:54:52,DEVICE_MISMATCH,59.84,OPEN,N,INV0011
9001323,1020412,2026-03-16 17:20:29,VELOCITY,50.32,CLOSED,N,INV0056
9001324,1020419,2026-06-17 20:59:56,HIGH_VALUE,46.13,CLOSED,N,INV0093
9001325,1020449,2026-01-09 21:51:32,VELOCITY,66.43,OPEN,N,INV0070
9001326,1020479,2026-02-28 14:36:21,VELOCITY,40.8,OPEN,N,INV0005
9001327,1020503,2026-07-29 14:46:06,HIGH_VALUE,36.56,OPEN,N,INV0035
9001328,1020510,2026-03-05 01:40:41,GEO_ANOMALY,35.47,CLOSED,N,INV0021
9001329,1020514,2026-01-24 10:25:36,VELOCITY,56.62,CLOSED,N,INV0036
9001330,1020523,2026-05-18 23:16:41,HIGH_VALUE,29.54,CLOSED,N,INV0033
9001331,1020524,2026-06-26 12:39:01,RISK_SCORE,28.29,CLOSED,N,INV0053
9001332,1020538,2026-01-26 19:07:00,HIGH_VALUE,59.03,OPEN,Y,INV0043
9001333,1020562,2026-01-03 00:19:12,GEO_ANOMALY,6.57,OPEN,N,INV0002
9001334,1020573,2026-02-02 07:35:39,DEVICE_MISMATCH,52.13,ESCALATED,Y,INV0079
9001335,1020581,2026-01-14 17:40:15,HIGH_VALUE,40.16,CLOSED,N,INV0033
9001336,1020606,2026-05-01 13:28:42,RISK_SCORE,17.66,CLOSED,N,INV0086
9001337,1020618,2026-05-17 03:45:17,RISK_SCORE,42.89,ESCALATED,Y,INV0058
9001338,1020621,2026-04-06 21:46:51,DEVICE_MISMATCH,56.3,ESCALATED,N,INV0070
9001339,1020639,2026-07-06 09:38:49,DEVICE_MISMATCH,8.22,OPEN,N,INV0006
9001340,1020651,2026-08-19 06:29:21,HIGH_VALUE,45.28,OPEN,N,INV0033
9001341,1020652,2026-01-19 02:36:32,RISK_SCORE,21.75,CLOSED,Y,INV0044
9001342,1020666,2026-08-24 10:18:11,HIGH_VALUE,50.94,OPEN,Y,INV0021
9001343,1020679,2026-07-28 11:55:53,HIGH_VALUE,31.56,CLOSED,N,INV0071
9001344,1020694,2026-01-26 11:58:19,GEO_ANOMALY,26.22,ESCALATED,N,INV0099
9001345,1020719,2026-05-14 17:49:56,GEO_ANOMALY,43.24,CLOSED,N,INV0038
9001346,1020721,2026-01-27 06:09:57,DEVICE_MISMATCH,21.48,CLOSED,N,INV0001
9001347,1020723,2026-03-31 15:34:19,GEO_ANOMALY,61.71,OPEN,N,INV0079
9001348,1020727,2026-04-20 07:58:20,HIGH_VALUE,63.88,CLOSED,N,INV0030
9001349,1020740,2026-04-13 07:08:42,RISK_SCORE,64.03,OPEN,N,INV0076
9001350,1020747,2026-03-05 14:48:37,HIGH_VALUE,32.29,OPEN,N,INV0089
9001351,1020748,2026-05-25 00:24:47,DEVICE_MISMATCH,15.35,CLOSED,N,INV0078
9001352,1020789,2026-07-06 06:32:30,VELOCITY,21.98,CLOSED,Y,INV0025
9001353,1020793,2026-05-24 23:34:39,GEO_ANOMALY,58.48,OPEN,N,INV0024
9001354,1020809,2026-04-02 16:50:50,DEVICE_MISMATCH,83.44,CLOSED,Y,INV0026
9001355,1020816,2026-04-15 01:48:57,RISK_SCORE,50.37,CLOSED,N,INV0076
9001356,1020855,2026-06-21 05:08:31,VELOCITY,32.67,CLOSED,N,INV0049
9001357,1020873,2026-04-06 05:32:57,GEO_ANOMALY,53.88,CLOSED,N,INV0098
9001358,1020915,2026-04-07 19:08:36,RISK_SCORE,0.0,ESCALATED,N,INV0011
9001359,1020960,2026-03-31 10:05:46,RISK_SCORE,41.24,CLOSED,N,INV0097
9001360,1020975,2026-06-09 12:36:41,DEVICE_MISMATCH,75.28,OPEN,N,INV0063
9001361,1020985,2026-02-14 23:13:33,GEO_ANOMALY,45.58,CLOSED,N,INV0037
9001362,1020987,2026-06-27 02:14:29,RISK_SCORE,63.97,ESCALATED,N,INV0088
9001363,1021002,2026-04-28 06:25:18,RISK_SCORE,4.35,OPEN,N,INV0041
9001364,1021013,2026-06-29 01:35:31,GEO_ANOMALY,86.92,OPEN,N,INV0088
9001365,1021032,2026-01-20 14:38:48,VELOCITY,46.49,OPEN,Y,INV0063
9001366,1021038,2026-01-21 19:59:42,GEO_ANOMALY,66.55,OPEN,Y,INV0041
9001367,1021046,2026-02-09 15:49:31,GEO_ANOMALY,65.34,OPEN,N,INV0007
9001368,1021059,2026-03-19 00:55:26,VELOCITY,47.67,ESCALATED,N,INV0006
9001369,1021060,2026-08-05 06:27:00,DEVICE_MISMATCH,12.09,OPEN,N,INV0089
9001370,1021062,2026-02-06 15:12:55,DEVICE_MISMATCH,49.02,OPEN,Y,INV0027
9001371,1021063,2026-03-03 01:12:47,VELOCITY,28.34,OPEN,N,INV0044
9001372,1021105,2026-03-04 17:12:31,VELOCITY,100.0,OPEN,Y,INV0025
9001373,1021109,2026-05-17 14:10:33,VELOCITY,43.78,OPEN,N,INV0070
9001374,1021181,2026-04-09 07:15:09,GEO_ANOMALY,64.06,OPEN,Y,INV0058
9001375,1021182,2026-05-29 19:43:36,DEVICE_MISMATCH,69.63,CLOSED,N,INV0072
9001376,1021184,2026-03-05 09:54:33,RISK_SCORE,62.21,CLOSED,Y,INV0089
9001377,1021187,2026-04-14 22:46:36,VELOCITY,54.84,CLOSED,Y,INV0073
9001378,1021197,2026-07-04 09:59:10,HIGH_VALUE,57.99,CLOSED,N,INV0037
9001379,1021221,2026-05-11 07:08:29,VELOCITY,49.05,ESCALATED,N,INV0035
9001380,1021228,2026-01-01 01:36:37,DEVICE_MISMATCH,21.72,CLOSED,N,INV0090
9001381,1021263,2026-01-02 01:42:39,VELOCITY,65.79,CLOSED,Y,INV0079
9001382,1021265,2026-06-19 12:06:32,GEO_ANOMALY,42.2,OPEN,N,INV0041
9001383,1021279,2026-01-04 22:34:34,HIGH_VALUE,73.44,CLOSED,N,INV0022
9001384,1021281,2026-02-15 14:46:55,RISK_SCORE,52.48,CLOSED,N,INV0019
9001385,1021326,2026-01-14 21:22:57,VELOCITY,65.57,OPEN,N,INV0100
9001386,1021333,2026-04-24 07:42:56,RISK_SCORE,54.27,CLOSED,N,INV0098
9001387,1021353,2026-01-27 02:26:04,DEVICE_MISMATCH,33.73,OPEN,N,INV0006
9001388,1021381,2026-03-20 11:15:49,RISK_SCORE,35.33,CLOSED,N,INV0038
9001389,1021404,2026-04-06 19:28:37,HIGH_VALUE,23.37,CLOSED,Y,INV0009
9001390,1021411,2026-01-21 09:42:16,VELOCITY,26.25,CLOSED,N,INV0011
9001391,1021416,2026-03-05 13:26:04,RISK_SCORE,0.0,CLOSED,N,INV0026
9001392,1021442,2026-04-02 22:47:01,HIGH_VALUE,12.08,OPEN,N,INV0087
9001393,1021445,2026-08-06 07:18:01,HIGH_VALUE,24.27,CLOSED,N,INV0025
9001394,1021459,2026-05-31 23:05:02,DEVICE_MISMATCH,47.18,ESCALATED,N,INV0045
9001395,1021460,2026-08-28 17:38:32,VELOCITY,78.63,CLOSED,Y,INV0066
9001396,1021466,2026-02-13 06:47:35,RISK_SCORE,47.97,OPEN,N,INV0073
9001397,1021473,2026-02-23 19:25:53,HIGH_VALUE,57.61,OPEN,N,INV0066
9001398,1021500,2026-07-06 02:58:36,HIGH_VALUE,37.06,CLOSED,N,INV0018
9001399,1021552,2026-03-16 09:23:37,DEVICE_MISMATCH,32.54,CLOSED,N,INV0035
9001400,1021554,2026-05-14 12:52:59,DEVICE_MISMATCH,0.0,CLOSED,N,INV0006
9001401,1021555,2026-02-14 02:21:59,RISK_SCORE,46.11,CLOSED,Y,INV0057
9001402,1021563,2026-04-12 19:59:42,HIGH_VALUE,100.0,CLOSED,N,INV0046
9001403,1021588,2026-05-19 03:04:03,VELOCITY,51.24,OPEN,N,INV0023
9001404,1021641,2026-05-21 23:58:16,HIGH_VALUE,39.48,CLOSED,N,INV0025
9001405,1021653,2026-03-21 05:42:29,HIGH_VALUE,70.89,CLOSED,Y,INV0012
9001406,1021655,2026-03-05 22:49:04,RISK_SCORE,40.07,CLOSED,N,INV0057
9001407,1021712,2026-01-17 02:49:25,DEVICE_MISMATCH,42.04,CLOSED,Y,INV0078
9001408,1021718,2026-01-11 18:00:56,GEO_ANOMALY,28.43,ESCALATED,Y,INV0070
9001409,1021726,2026-03-14 16:27:49,DEVICE_MISMATCH,12.95,OPEN,N,INV0030
9001410,1021732,2026-06-25 17:15:21,GEO_ANOMALY,22.61,OPEN,N,INV0076
9001411,1021742,2026-01-22 05:27:56,RISK_SCORE,39.63,OPEN,N,INV0013
9001412,1021746,2026-07-07 00:21:19,VELOCITY,35.49,CLOSED,N,INV0065
9001413,1021753,2026-07-28 23:51:17,RISK_SCORE,51.16,CLOSED,Y,INV0092
9001414,1021761,2026-01-10 07:34:33,GEO_ANOMALY,25.33,CLOSED,N,INV0006
9001415,1021772,2026-05-03 10:20:14,VELOCITY,28.54,OPEN,N,INV0098
9001416,1021780,2026-05-05 22:09:30,GEO_ANOMALY,38.14,OPEN,N,INV0028
9001417,1021787,2026-06-10 03:48:12,GEO_ANOMALY,58.23,OPEN,N,INV0048
9001418,1021816,2026-07-10 15:53:21,GEO_ANOMALY,29.11,CLOSED,N,INV0019
9001419,1021819,2026-06-18 14:34:23,VELOCITY,35.19,ESCALATED,N,INV0098
9001420,1021848,2026-05-01 04:31:31,VELOCITY,52.22,OPEN,N,INV0030
9001421,1021879,2026-04-22 09:11:43,HIGH_VALUE,61.26,CLOSED,Y,INV0089
9001422,1021889,2026-07-05 12:11:21,DEVICE_MISMATCH,55.69,OPEN,N,INV0075
9001423,1021908,2026-05-08 00:01:16,RISK_SCORE,38.4,OPEN,Y,INV0099
9001424,1021912,2026-02-18 11:22:04,GEO_ANOMALY,62.32,OPEN,Y,INV0086
9001425,1021938,2026-02-21 17:59:32,VELOCITY,47.08,OPEN,N,INV0094
9001426,1021940,2026-08-25 22:03:03,GEO_ANOMALY,27.97,OPEN,N,INV0059
9001427,1021955,2026-03-26 08:56:27,DEVICE_MISMATCH,37.81,OPEN,N,INV0073
9001428,1021965,2026-07-30 01:18:55,DEVICE_MISMATCH,38.32,CLOSED,N,INV0033
9001429,1021973,2026-05-30 12:08:19,RISK_SCORE,7.27,OPEN,N,INV0086
9001430,1021980,2026-06-05 17:05:03,VELOCITY,47.1,OPEN,N,INV0015
9001431,1021986,2026-06-12 04:50:16,RISK_SCORE,59.56,CLOSED,Y,INV0065
9001432,1021998,2026-02-03 14:26:50,DEVICE_MISMATCH,51.64,OPEN,N,INV0063
9001433,1022000,2026-08-10 01:42:19,GEO_ANOMALY,10.64,ESCALATED,N,INV0017
9001434,1022018,2026-02-06 08:55:29,GEO_ANOMALY,41.18,OPEN,N,INV0065
9001435,1022043,2026-06-02 16:24:47,VELOCITY,48.7,OPEN,N,INV0071
9001436,1022071,2026-05-08 04:15:17,RISK_SCORE,35.26,ESCALATED,N,INV0089
9001437,1022084,2026-02-21 18:30:55,VELOCITY,30.03,OPEN,Y,INV0057
9001438,1022096,2026-06-13 10:13:30,RISK_SCORE,0.0,CLOSED,N,INV0021
9001439,1022114,2026-06-21 23:18:08,GEO_ANOMALY,51.18,CLOSED,N,INV0064
9001440,1022130,2026-05-16 11:44:11,VELOCITY,42.62,OPEN,N,INV0035
9001441,1022143,2026-06-18 16:49:27,GEO_ANOMALY,60.32,CLOSED,N,INV0005
9001442,1022148,2026-03-12 06:57:42,RISK_SCORE,45.71,CLOSED,N,INV0018
9001443,1022159,2026-02-19 12:20:14,RISK_SCORE,48.2,OPEN,Y,INV0063
9001444,1022174,2026-08-11 13:39:02,HIGH_VALUE,78.79,CLOSED,N,INV0078
9001445,1022219,2026-01-17 04:18:21,RISK_SCORE,64.65,CLOSED,Y,INV0052
9001446,1022231,2026-02-24 09:36:25,VELOCITY,36.98,CLOSED,N,INV0083
9001447,1022243,2026-05-09 06:33:51,HIGH_VALUE,8.67,OPEN,N,INV0048
9001448,1022254,2026-04-14 15:54:03,RISK_SCORE,26.44,CLOSED,N,INV0011
9001449,1022295,2026-05-09 03:22:31,RISK_SCORE,63.68,OPEN,N,INV0097
9001450,1022303,2026-08-05 21:18:44,GEO_ANOMALY,21.09,CLOSED,N,INV0013
9001451,1022318,2026-02-19 22:36:19,RISK_SCORE,40.98,CLOSED,Y,INV0032
9001452,1022345,2026-02-14 23:58:20,DEVICE_MISMATCH,31.52,OPEN,N,INV0071
9001453,1022380,2026-05-22 20:35:48,RISK_SCORE,45.81,OPEN,N,INV0064
9001454,1022383,2026-01-14 14:25:05,GEO_ANOMALY,33.88,OPEN,N,INV0024
9001455,1022385,2026-04-30 12:57:31,VELOCITY,18.53,OPEN,Y,INV0001
9001456,1022436,2026-02-13 10:27:41,VELOCITY,3.55,OPEN,N,INV0063
9001457,1022449,2026-08-18 21:03:45,HIGH_VALUE,61.97,CLOSED,N,INV0006
9001458,1022466,2026-07-22 17:44:33,RISK_SCORE,35.78,CLOSED,N,INV0082
9001459,1022484,2026-06-14 16:12:02,VELOCITY,45.23,OPEN,N,INV0070
9001460,1022486,2026-01-20 09:52:43,HIGH_VALUE,34.94,CLOSED,N,INV0032
9001461,1022490,2026-05-23 02:42:40,RISK_SCORE,25.2,OPEN,Y,INV0030
9001462,1022502,2026-01-30 18:16:29,RISK_SCORE,41.81,CLOSED,N,INV0065
9001463,1022518,2026-04-02 20:37:18,DEVICE_MISMATCH,49.58,CLOSED,N,INV0093
9001464,1022540,2026-04-16 18:20:08,GEO_ANOMALY,46.8,CLOSED,Y,INV0082
9001465,1022556,2026-01-29 00:53:16,RISK_SCORE,73.58,OPEN,Y,INV0012
9001466,1022558,2026-05-14 10:09:24,HIGH_VALUE,35.97,OPEN,Y,INV0014
9001467,1022569,2026-08-11 10:41:44,GEO_ANOMALY,26.94,CLOSED,Y,INV0083
9001468,1022588,2026-05-04 13:24:32,RISK_SCORE,44.31,CLOSED,N,INV0064
9001469,1022600,2026-07-21 03:40:40,DEVICE_MISMATCH,39.92,CLOSED,Y,INV0014
9001470,1022603,2026-07-02 04:41:24,HIGH_VALUE,25.02,OPEN,Y,INV0039
9001471,1022651,2026-06-07 08:44:14,HIGH_VALUE,14.68,OPEN,Y,INV0049
9001472,1022679,2026-04-03 18:50:06,HIGH_VALUE,20.16,CLOSED,N,INV0059
9001473,1022690,2026-04-10 12:22:24,VELOCITY,14.48,ESCALATED,N,INV0038
9001474,1022715,2026-03-20 13:02:09,VELOCITY,55.31,CLOSED,N,INV0062
9001475,1022720,2026-01-23 01:19:07,HIGH_VALUE,20.34,CLOSED,N,INV0045
9001476,1022774,2026-06-10 07:39:18,GEO_ANOMALY,26.61,CLOSED,N,INV0013
9001477,1022775,2026-03-06 23:06:34,DEVICE_MISMATCH,39.28,ESCALATED,Y,INV0073
9001478,1022802,2026-01-28 17:56:51,DEVICE_MISMATCH,17.66,OPEN,N,INV0037
9001479,1022810,2026-01-01 03:20:28,GEO_ANOMALY,60.74,CLOSED,Y,INV0059
9001480,1022844,2026-04-22 12:57:01,VELOCITY,10.81,CLOSED,N,INV0093
9001481,1022853,2026-04-05 05:00:02,GEO_ANOMALY,2.74,CLOSED,Y,INV0071
9001482,1022902,2026-08-21 22:52:28,GEO_ANOMALY,58.52,OPEN,N,INV0002
9001483,1022914,2026-04-14 03:44:24,DEVICE_MISMATCH,72.56,ESCALATED,N,INV0071
9001484,1022942,2026-01-19 10:35:11,VELOCITY,57.99,CLOSED,N,INV0011
9001485,1022974,2026-06-22 18:51:46,HIGH_VALUE,54.88,CLOSED,N,INV0005
9001486,1022979,2026-01-21 04:57:04,RISK_SCORE,25.81,OPEN,N,INV0002
9001487,1022984,2026-02-18 13:57:01,HIGH_VALUE,39.46,OPEN,N,INV0082
9001488,1022990,2026-07-13 06:34:36,HIGH_VALUE,75.37,OPEN,Y,INV0061
9001489,1022997,2026-06-23 23:40:28,GEO_ANOMALY,72.75,OPEN,N,INV0017
9001490,1023035,2026-02-10 06:10:05,VELOCITY,26.29,CLOSED,N,INV0019
9001491,1023039,2026-07-27 03:51:04,GEO_ANOMALY,45.53,CLOSED,Y,INV0075
9001492,1023044,2026-02-27 09:15:06,GEO_ANOMALY,16.46,OPEN,N,INV0067
9001493,1023048,2026-05-14 05:35:09,RISK_SCORE,27.42,OPEN,N,INV0033
9001494,1023053,2026-06-12 16:34:17,DEVICE_MISMATCH,64.16,CLOSED,Y,INV0037
9001495,1023061,2026-01-01 19:46:46,DEVICE_MISMATCH,39.01,OPEN,N,INV0067
9001496,1023066,2026-03-25 17:33:56,HIGH_VALUE,33.45,OPEN,N,INV0072
9001497,1023107,2026-02-09 21:34:31,RISK_SCORE,22.7,CLOSED,N,INV0036
9001498,1023160,2026-06-03 05:48:57,HIGH_VALUE,61.7,OPEN,Y,INV0028
9001499,1023183,2026-07-22 23:23:24,HIGH_VALUE,59.57,OPEN,N,INV0085
9001500,1023186,2026-07-06 11:40:42,RISK_SCORE,44.27,CLOSED,N,INV0021
9001501,1023203,2026-02-10 02:05:01,HIGH_VALUE,55.33,OPEN,N,INV0028
9001502,1023209,2026-06-09 10:51:56,VELOCITY,29.35,CLOSED,N,INV0057
9001503,1023217,2026-07-18 05:46:42,DEVICE_MISMATCH,100.0,CLOSED,N,INV0072
9001504,1023253,2026-08-02 11:07:29,GEO_ANOMALY,47.62,OPEN,N,INV0097
9001505,1023265,2026-02-22 22:23:00,HIGH_VALUE,89.12,CLOSED,N,INV0055
9001506,1023335,2026-06-05 04:18:45,GEO_ANOMALY,59.17,CLOSED,Y,INV0053
9001507,1023342,2026-04-19 02:22:04,GEO_ANOMALY,47.76,CLOSED,N,INV0050
9001508,1023350,2026-02-11 15:58:25,VELOCITY,41.02,CLOSED,N,INV0017
9001509,1023364,2026-02-16 13:16:35,VELOCITY,34.23,OPEN,N,INV0036
9001510,1023377,2026-01-16 03:43:06,DEVICE_MISMATCH,49.72,CLOSED,Y,INV0026
9001511,1023428,2026-01-24 14:21:00,VELOCITY,20.84,ESCALATED,N,INV0046
9001512,1023477,2026-08-19 00:26:26,DEVICE_MISMATCH,32.81,CLOSED,N,INV0045
9001513,1023500,2026-03-21 10:54:51,GEO_ANOMALY,91.8,CLOSED,Y,INV0089
9001514,1023502,2026-07-05 18:03:33,VELOCITY,74.77,ESCALATED,N,INV0001
9001515,1023534,2026-06-10 04:51:11,HIGH_VALUE,26.46,OPEN,Y,INV0037
9001516,1023550,2026-08-06 18:52:53,HIGH_VALUE,57.87,ESCALATED,Y,INV0021
9001517,1023566,2026-06-09 02:04:56,VELOCITY,44.28,OPEN,N,INV0049
9001518,1023620,2026-05-23 20:17:35,VELOCITY,73.02,OPEN,N,INV0011
9001519,1023625,2026-04-28 04:26:33,DEVICE_MISMATCH,28.25,CLOSED,N,INV0076
9001520,1023650,2026-01-19 08:42:45,RISK_SCORE,42.88,CLOSED,N,INV0026
9001521,1023657,2026-04-25 10:59:49,HIGH_VALUE,40.1,CLOSED,Y,INV0048
9001522,1023668,2026-01-14 04:10:52,DEVICE_MISMATCH,24.33,CLOSED,N,INV0096
9001523,1023692,2026-06-05 10:02:53,GEO_ANOMALY,87.89,CLOSED,Y,INV0057
9001524,1023747,2026-07-13 04:51:40,GEO_ANOMALY,77.67,CLOSED,N,INV0010
9001525,1023766,2026-06-03 15:52:30,HIGH_VALUE,32.74,CLOSED,N,INV0019
9001526,1023768,2026-05-10 10:46:29,DEVICE_MISMATCH,52.9,CLOSED,N,INV0055
9001527,1023790,2026-04-21 04:14:31,RISK_SCORE,22.03,CLOSED,N,INV0068
9001528,1023806,2026-06-07 00:22:51,VELOCITY,36.04,CLOSED,Y,INV0077
9001529,1023819,2026-05-21 14:43:43,DEVICE_MISMATCH,23.69,CLOSED,N,INV0064
9001530,1023831,2026-01-01 05:49:14,GEO_ANOMALY,49.52,OPEN,N,INV0061
9001531,1023856,2026-03-22 06:29:01,GEO_ANOMALY,34.58,CLOSED,N,INV0085
9001532,1023873,2026-08-01 00:43:43,RISK_SCORE,38.9,CLOSED,N,INV0089
9001533,1023882,2026-07-11 19:06:09,VELOCITY,25.81,CLOSED,Y,INV0036
9001534,1023883,2026-08-04 21:47:14,GEO_ANOMALY,61.85,ESCALATED,N,INV0091
9001535,1023894,2026-05-08 11:34:53,GEO_ANOMALY,61.51,CLOSED,N,INV0100
9001536,1023900,2026-04-10 00:59:22,HIGH_VALUE,42.75,CLOSED,N,INV0057
9001537,1023903,2026-01-28 22:25:44,GEO_ANOMALY,76.66,ESCALATED,Y,INV0073
9001538,1023943,2026-06-28 08:50:08,HIGH_VALUE,78.9,CLOSED,Y,INV0089
9001539,1023951,2026-05-21 12:00:41,VELOCITY,43.54,OPEN,N,INV0059
9001540,1023964,2026-06-17 19:23:15,DEVICE_MISMATCH,46.68,ESCALATED,N,INV0074
9001541,1023966,2026-03-26 23:03:50,VELOCITY,59.81,CLOSED,Y,INV0027
9001542,1023992,2026-05-13 13:25:20,RISK_SCORE,22.84,OPEN,N,INV0071
9001543,1024003,2026-03-07 04:53:25,VELOCITY,55.51,OPEN,N,INV0087
9001544,1024004,2026-08-24 16:47:08,HIGH_VALUE,58.9,CLOSED,N,INV0061
9001545,1024020,2026-08-02 10:13:15,HIGH_VALUE,64.24,OPEN,Y,INV0093
9001546,1024060,2026-04-06 21:45:40,VELOCITY,38.61,OPEN,Y,INV0041
9001547,1024061,2026-07-04 02:34:21,VELOCITY,12.56,CLOSED,Y,INV0021
9001548,1024065,2026-08-24 02:08:02,GEO_ANOMALY,40.6,CLOSED,N,INV0029
9001549,1024073,2026-06-11 15:03:52,RISK_SCORE,34.8,CLOSED,N,INV0009
9001550,1024081,2026-01-16 12:14:33,RISK_SCORE,88.03,CLOSED,Y,INV0009
9001551,1024095,2026-03-11 21:11:11,GEO_ANOMALY,26.88,OPEN,N,INV0042
9001552,1024122,2026-08-11 15:30:37,RISK_SCORE,27.33,OPEN,N,INV0059
9001553,1024141,2026-02-06 04:59:54,VELOCITY,47.84,OPEN,N,INV0041
9001554,1024145,2026-04-24 23:11:29,RISK_SCORE,31.82,OPEN,N,INV0057
9001555,1024167,2026-03-24 13:13:42,GEO_ANOMALY,24.63,CLOSED,N,INV0088
9001556,1024169,2026-07-27 11:43:29,HIGH_VALUE,17.34,CLOSED,N,INV0093
9001557,1024187,2026-02-17 00:53:12,VELOCITY,85.95,ESCALATED,N,INV0041
9001558,1024199,2026-05-27 08:24:01,DEVICE_MISMATCH,51.83,OPEN,Y,INV0088
9001559,1024204,2026-02-06 20:42:06,HIGH_VALUE,26.04,CLOSED,N,INV0042
9001560,1024206,2026-01-20 21:25:57,HIGH_VALUE,33.82,OPEN,Y,INV0028
9001561,1024220,2026-05-24 02:13:27,VELOCITY,34.75,OPEN,N,INV0070
9001562,1024247,2026-02-15 19:45:56,GEO_ANOMALY,68.36,CLOSED,Y,INV0096
9001563,1024278,2026-03-08 18:19:23,RISK_SCORE,25.6,CLOSED,N,INV0074
9001564,1024292,2026-04-10 03:19:20,GEO_ANOMALY,67.24,ESCALATED,N,INV0002
9001565,1024315,2026-02-02 14:44:19,RISK_SCORE,33.37,CLOSED,N,INV0057
9001566,1024379,2026-03-05 01:33:19,VELOCITY,80.59,CLOSED,N,INV0013
9001567,1024403,2026-02-27 13:15:07,VELOCITY,84.14,OPEN,N,INV0029
9001568,1024405,2026-07-11 11:28:09,HIGH_VALUE,48.8,CLOSED,N,INV0019
9001569,1024411,2026-01-24 23:19:21,DEVICE_MISMATCH,93.79,CLOSED,Y,INV0080
9001570,1024416,2026-03-22 15:52:51,RISK_SCORE,36.04,OPEN,N,INV0033
9001571,1024440,2026-03-28 03:36:38,DEVICE_MISMATCH,57.03,CLOSED,Y,INV0095
9001572,1024473,2026-07-22 06:53:35,VELOCITY,63.66,CLOSED,N,INV0080
9001573,1024475,2026-01-31 10:04:09,RISK_SCORE,42.69,CLOSED,Y,INV0058
9001574,1024485,2026-02-12 05:09:05,VELOCITY,62.27,CLOSED,N,INV0019
9001575,1024488,2026-06-29 07:35:13,VELOCITY,44.33,CLOSED,Y,INV0006
9001576,1024501,2026-04-18 06:44:15,VELOCITY,11.5,CLOSED,Y,INV0021
9001577,1024504,2026-03-26 16:16:26,GEO_ANOMALY,23.69,ESCALATED,Y,INV0054
9001578,1024525,2026-03-18 10:41:07,DEVICE_MISMATCH,51.94,OPEN,N,INV0085
9001579,1024536,2026-03-17 22:10:29,RISK_SCORE,20.38,ESCALATED,N,INV0076
9001580,1024542,2026-02-07 10:24:32,VELOCITY,50.37,CLOSED,N,INV0040
9001581,1024551,2026-03-30 20:15:53,HIGH_VALUE,42.56,CLOSED,N,INV0008
9001582,1024560,2026-07-25 11:01:49,VELOCITY,63.21,CLOSED,N,INV0060
9001583,1024563,2026-06-11 10:52:53,RISK_SCORE,25.12,ESCALATED,Y,INV0097
9001584,1024636,2026-01-14 09:55:38,DEVICE_MISMATCH,1.4,OPEN,Y,INV0028
9001585,1024655,2026-02-12 17:25:50,RISK_SCORE,59.13,CLOSED,N,INV0025
9001586,1024658,2026-08-27 02:36:13,VELOCITY,13.09,OPEN,N,INV0027
9001587,1024671,2026-02-07 02:12:51,RISK_SCORE,38.14,CLOSED,N,INV0025
9001588,1024739,2026-03-29 09:18:28,DEVICE_MISMATCH,50.86,CLOSED,N,INV0081
9001589,1024752,2026-03-06 22:41:49,DEVICE_MISMATCH,40.4,CLOSED,N,INV0092
9001590,1024765,2026-01-30 14:05:19,GEO_ANOMALY,51.05,ESCALATED,N,INV0037
9001591,1024776,2026-05-23 00:07:35,DEVICE_MISMATCH,33.03,CLOSED,N,INV0077
9001592,1024785,2026-05-20 05:22:10,GEO_ANOMALY,44.71,OPEN,N,INV0017
9001593,1024807,2026-08-13 03:42:07,DEVICE_MISMATCH,39.71,OPEN,Y,INV0009
9001594,1024816,2026-02-23 01:42:58,VELOCITY,51.58,OPEN,N,INV0031
9001595,1024826,2026-06-21 16:24:43,DEVICE_MISMATCH,31.0,CLOSED,N,INV0068
9001596,1024829,2026-01-28 11:58:13,HIGH_VALUE,52.66,CLOSED,Y,INV0088
9001597,1024852,2026-01-23 11:35:55,HIGH_VALUE,53.36,OPEN,N,INV0060
9001598,1024875,2026-05-27 21:01:10,GEO_ANOMALY,40.05,OPEN,Y,INV0003
9001599,1024885,2026-08-08 01:33:17,DEVICE_MISMATCH,43.13,CLOSED,Y,INV0029
9001600,1024918,2026-08-15 01:53:20,RISK_SCORE,25.82,CLOSED,Y,INV0072
9001601,1024926,2026-06-19 20:40:47,GEO_ANOMALY,42.38,CLOSED,N,INV0063
9001602,1024958,2026-05-27 02:52:38,HIGH_VALUE,46.9,CLOSED,N,INV0087
9001603,1024979,2026-03-12 01:58:04,GEO_ANOMALY,40.94,ESCALATED,N,INV0036
9001604,1024980,2026-07-17 06:30:45,VELOCITY,58.75,OPEN,N,INV0092
9001605,1024998,2026-08-10 13:03:50,DEVICE_MISMATCH,84.84,CLOSED,N,INV0077
9001606,1025002,2026-04-06 12:41:29,VELOCITY,40.54,ESCALATED,Y,INV0066
9001607,1025021,2026-06-10 02:47:26,GEO_ANOMALY,70.78,ESCALATED,Y,INV0082
9001608,1025030,2026-07-05 01:17:13,VELOCITY,80.85,CLOSED,N,INV0075
9001609,1025033,2026-07-06 06:41:23,DEVICE_MISMATCH,67.96,CLOSED,Y,INV0051
9001610,1025035,2026-03-29 04:18:24,VELOCITY,78.38,CLOSED,Y,INV0024
9001611,1025044,2026-01-06 20:00:06,GEO_ANOMALY,68.04,OPEN,N,INV0047
9001612,1025048,2026-02-14 06:29:18,RISK_SCORE,19.2,OPEN,N,INV0060
9001613,1025053,2026-03-30 19:11:10,VELOCITY,70.63,CLOSED,N,INV0008
9001614,1025060,2026-08-03 14:26:30,DEVICE_MISMATCH,60.56,ESCALATED,Y,INV0051
9001615,1025063,2026-02-18 13:00:11,RISK_SCORE,33.7,OPEN,N,INV0031
9001616,1025064,2026-04-19 19:53:28,VELOCITY,18.53,CLOSED,N,INV0010
9001617,1025081,2026-08-08 18:50:26,DEVICE_MISMATCH,18.11,OPEN,N,INV0025
9001618,1025102,2026-07-30 01:35:02,VELOCITY,44.35,CLOSED,Y,INV0069
9001619,1025122,2026-02-07 17:01:52,HIGH_VALUE,40.6,ESCALATED,N,INV0073
9001620,1025139,2026-07-07 17:39:55,RISK_SCORE,68.52,CLOSED,N,INV0045
9001621,1025164,2026-01-14 10:48:07,HIGH_VALUE,68.57,CLOSED,Y,INV0029
9001622,1025166,2026-04-24 15:40:48,GEO_ANOMALY,40.13,CLOSED,N,INV0035
9001623,1025180,2026-07-26 07:06:45,DEVICE_MISMATCH,79.2,CLOSED,Y,INV0002
9001624,1025184,2026-05-10 02:10:50,GEO_ANOMALY,37.38,CLOSED,N,INV0088
9001625,1025238,2026-05-22 06:04:59,DEVICE_MISMATCH,68.01,CLOSED,N,INV0085
9001626,1025243,2026-03-26 06:01:53,GEO_ANOMALY,63.68,OPEN,N,INV0100
9001627,1025256,2026-04-27 16:50:34,HIGH_VALUE,40.86,OPEN,Y,INV0046
9001628,1025258,2026-06-26 10:34:05,DEVICE_MISMATCH,33.48,ESCALATED,Y,INV0024
9001629,1025266,2026-05-23 20:46:36,GEO_ANOMALY,24.93,OPEN,N,INV0047
9001630,1025267,2026-06-02 09:18:30,RISK_SCORE,24.25,CLOSED,N,INV0032
9001631,1025282,2026-07-14 01:27:54,RISK_SCORE,67.07,CLOSED,Y,INV0018
9001632,1025286,2026-06-22 19:58:52,GEO_ANOMALY,21.04,OPEN,N,INV0062
9001633,1025288,2026-05-29 05:49:38,RISK_SCORE,69.32,CLOSED,N,INV0065
9001634,1025302,2026-03-11 19:38:20,HIGH_VALUE,28.81,CLOSED,N,INV0011
9001635,1025303,2026-04-15 12:03:07,HIGH_VALUE,57.63,CLOSED,Y,INV0034
9001636,1025314,2026-05-14 07:26:16,RISK_SCORE,77.37,CLOSED,N,INV0072
9001637,1025317,2026-08-17 19:32:40,GEO_ANOMALY,30.9,CLOSED,N,INV0077
9001638,1025322,2026-02-07 18:57:39,GEO_ANOMALY,48.85,OPEN,N,INV0072
9001639,1025330,2026-05-28 11:00:22,VELOCITY,37.34,ESCALATED,N,INV0056
9001640,1025334,2026-06-01 08:34:54,DEVICE_MISMATCH,55.94,CLOSED,N,INV0007
9001641,1025352,2026-04-25 20:34:49,GEO_ANOMALY,34.31,CLOSED,N,INV0093
9001642,1025359,2026-01-18 08:02:21,VELOCITY,38.0,OPEN,N,INV0080
9001643,1025360,2026-05-14 10:16:30,VELOCITY,25.63,CLOSED,N,INV0028
9001644,1025371,2026-07-02 22:00:51,GEO_ANOMALY,51.11,CLOSED,N,INV0051
9001645,1025374,2026-05-19 11:18:39,HIGH_VALUE,50.69,CLOSED,N,INV0049
9001646,1025375,2026-02-10 07:34:27,RISK_SCORE,55.28,ESCALATED,N,INV0023
9001647,1025377,2026-04-01 00:12:16,DEVICE_MISMATCH,31.92,OPEN,N,INV0001
9001648,1025387,2026-04-19 19:04:59,DEVICE_MISMATCH,57.36,OPEN,Y,INV0011
9001649,1025388,2026-06-22 22:00:15,VELOCITY,82.5,OPEN,Y,INV0005
9001650,1025398,2026-06-05 15:13:16,RISK_SCORE,51.45,CLOSED,N,INV0038
9001651,1025406,2026-08-22 05:30:19,RISK_SCORE,32.2,CLOSED,Y,INV0033
9001652,1025418,2026-07-06 17:16:04,HIGH_VALUE,60.41,OPEN,N,INV0087
9001653,1025431,2026-02-15 12:31:22,VELOCITY,17.39,OPEN,N,INV0090
9001654,1025464,2026-05-03 22:46:05,RISK_SCORE,60.39,OPEN,Y,INV0048
9001655,1025475,2026-07-06 15:58:55,VELOCITY,44.33,OPEN,N,INV0085
9001656,1025487,2026-04-27 03:22:59,RISK_SCORE,30.92,OPEN,N,INV0004
9001657,1025510,2026-05-30 17:22:56,GEO_ANOMALY,43.08,OPEN,N,INV0086
9001658,1025517,2026-05-21 05:52:09,RISK_SCORE,45.81,OPEN,Y,INV0076
9001659,1025519,2026-02-09 11:53:28,HIGH_VALUE,46.97,CLOSED,Y,INV0030
9001660,1025560,2026-05-03 06:45:16,VELOCITY,44.35,CLOSED,N,INV0069
9001661,1025589,2026-08-14 07:18:51,HIGH_VALUE,49.94,CLOSED,N,INV0062
9001662,1025599,2026-07-16 11:52:58,DEVICE_MISMATCH,39.37,OPEN,N,INV0026
9001663,1025608,2026-06-15 13:53:16,DEVICE_MISMATCH,43.16,CLOSED,Y,INV0043
9001664,1025646,2026-07-15 11:46:40,GEO_ANOMALY,68.79,CLOSED,N,INV0051
9001665,1025666,2026-06-13 08:42:46,GEO_ANOMALY,32.95,CLOSED,N,INV0022
9001666,1025669,2026-03-30 14:38:45,RISK_SCORE,30.46,CLOSED,Y,INV0020
9001667,1025679,2026-04-23 12:47:20,GEO_ANOMALY,39.53,ESCALATED,Y,INV0004
9001668,1025692,2026-07-31 09:13:38,HIGH_VALUE,67.92,OPEN,N,INV0030
9001669,1025700,2026-07-23 20:51:53,VELOCITY,60.32,OPEN,N,INV0002
9001670,1025705,2026-03-27 13:22:12,DEVICE_MISMATCH,90.7,CLOSED,N,INV0027
9001671,1025726,2026-08-25 21:34:54,HIGH_VALUE,56.37,OPEN,N,INV0015
9001672,1025771,2026-02-18 03:13:09,HIGH_VALUE,20.01,CLOSED,N,INV0078
9001673,1025784,2026-04-30 13:38:12,RISK_SCORE,52.14,OPEN,N,INV0048
9001674,1025789,2026-05-07 13:29:37,DEVICE_MISMATCH,52.63,CLOSED,N,INV0080
9001675,1025790,2026-01-18 04:21:53,GEO_ANOMALY,49.37,OPEN,N,INV0080
9001676,1025792,2026-08-15 19:36:43,VELOCITY,16.31,OPEN,N,INV0088
9001677,1025827,2026-08-01 18:36:59,RISK_SCORE,92.58,ESCALATED,N,INV0046
9001678,1025856,2026-07-03 21:17:07,HIGH_VALUE,2.78,ESCALATED,Y,INV0074
9001679,1025869,2026-01-16 09:20:16,RISK_SCORE,44.51,CLOSED,N,INV0059
9001680,1025876,2026-01-01 06:02:35,VELOCITY,43.17,CLOSED,Y,INV0082
9001681,1025888,2026-01-14 18:41:37,RISK_SCORE,51.67,CLOSED,N,INV0053
9001682,1025969,2026-08-28 02:18:05,VELOCITY,66.12,OPEN,N,INV0060
9001683,1025977,2026-07-27 12:05:05,DEVICE_MISMATCH,61.92,OPEN,N,INV0055
9001684,1025979,2026-07-02 13:52:14,RISK_SCORE,34.88,OPEN,Y,INV0046
9001685,1025987,2026-08-10 01:49:35,RISK_SCORE,54.78,CLOSED,N,INV0092
9001686,1026034,2026-05-16 00:04:19,HIGH_VALUE,17.84,OPEN,N,INV0071
9001687,1026055,2026-02-18 09:49:32,VELOCITY,33.9,CLOSED,N,INV0092
9001688,1026077,2026-04-24 13:05:13,GEO_ANOMALY,61.16,OPEN,Y,INV0014
9001689,1026118,2026-08-02 09:55:53,HIGH_VALUE,31.19,OPEN,N,INV0007
9001690,1026125,2026-01-16 05:05:35,HIGH_VALUE,58.77,CLOSED,N,INV0013
9001691,1026132,2026-01-05 23:04:49,DEVICE_MISMATCH,74.15,CLOSED,N,INV0018
9001692,1026155,2026-06-11 10:42:25,VELOCITY,29.73,OPEN,N,INV0053
9001693,1026171,2026-06-23 03:15:57,HIGH_VALUE,66.87,CLOSED,N,INV0095
9001694,1026172,2026-06-17 23:25:41,DEVICE_MISMATCH,46.8,OPEN,Y,INV0009
9001695,1026187,2026-08-02 15:49:19,RISK_SCORE,61.19,ESCALATED,N,INV0073
9001696,1026234,2026-03-08 03:31:14,VELOCITY,74.62,OPEN,N,INV0082
9001697,1026291,2026-03-23 05:49:47,GEO_ANOMALY,40.53,OPEN,N,INV0030
9001698,1026322,2026-03-03 16:22:16,RISK_SCORE,53.76,CLOSED,N,INV0068
9001699,1026340,2026-03-23 23:08:32,GEO_ANOMALY,49.19,OPEN,N,INV0074
9001700,1026351,2026-06-06 17:47:13,VELOCITY,48.4,OPEN,N,INV0020
9001701,1026362,2026-05-16 22:55:45,VELOCITY,28.67,CLOSED,N,INV0065
9001702,1026377,2026-07-23 07:50:03,GEO_ANOMALY,57.75,CLOSED,N,INV0066
9001703,1026395,2026-03-03 15:51:41,RISK_SCORE,50.87,CLOSED,Y,INV0044
9001704,1026403,2026-04-12 13:16:41,VELOCITY,23.51,CLOSED,N,INV0099
9001705,1026418,2026-08-28 04:03:35,GEO_ANOMALY,27.44,CLOSED,N,INV0100
9001706,1026426,2026-02-03 18:18:17,HIGH_VALUE,76.78,OPEN,Y,INV0056
9001707,1026436,2026-03-17 10:37:48,VELOCITY,36.38,OPEN,N,INV0010
9001708,1026445,2026-08-27 20:10:10,DEVICE_MISMATCH,59.58,CLOSED,N,INV0070
9001709,1026457,2026-03-18 02:10:51,HIGH_VALUE,70.25,CLOSED,N,INV0081
9001710,1026472,2026-07-27 08:32:47,HIGH_VALUE,79.01,ESCALATED,N,INV0003
9001711,1026482,2026-05-13 20:06:25,DEVICE_MISMATCH,43.27,OPEN,N,INV0050
9001712,1026491,2026-02-20 18:18:06,GEO_ANOMALY,35.46,CLOSED,N,INV0064
9001713,1026507,2026-01-04 11:26:07,HIGH_VALUE,31.93,ESCALATED,N,INV0032
9001714,1026535,2026-07-05 04:20:44,VELOCITY,32.6,OPEN,N,INV0089
9001715,1026564,2026-06-19 03:30:26,HIGH_VALUE,47.36,OPEN,N,INV0010
9001716,1026566,2026-07-08 16:44:04,RISK_SCORE,40.22,CLOSED,N,INV0036
9001717,1026571,2026-07-24 11:03:43,DEVICE_MISMATCH,15.28,CLOSED,N,INV0047
9001718,1026594,2026-03-25 12:10:25,HIGH_VALUE,40.41,OPEN,N,INV0020
9001719,1026600,2026-07-25 18:35:35,VELOCITY,69.06,CLOSED,N,INV0067
9001720,1026639,2026-01-28 10:26:05,RISK_SCORE,35.42,CLOSED,Y,INV0030
9001721,1026648,2026-02-15 13:22:20,GEO_ANOMALY,19.95,ESCALATED,Y,INV0015
9001722,1026657,2026-06-08 01:14:11,GEO_ANOMALY,55.4,CLOSED,N,INV0043
9001723,1026666,2026-05-27 13:53:04,GEO_ANOMALY,60.95,ESCALATED,N,INV0002
9001724,1026671,2026-03-17 18:20:17,GEO_ANOMALY,40.28,CLOSED,N,INV0080
9001725,1026681,2026-05-29 00:34:58,VELOCITY,40.55,OPEN,Y,INV0083
9001726,1026691,2026-05-30 22:03:31,HIGH_VALUE,46.88,CLOSED,Y,INV0095
9001727,1026707,2026-03-11 02:54:09,DEVICE_MISMATCH,49.83,OPEN,Y,INV0063
9001728,1026744,2026-06-08 13:41:35,HIGH_VALUE,81.53,OPEN,Y,INV0031
9001729,1026748,2026-07-24 12:42:09,RISK_SCORE,20.33,CLOSED,N,INV0045
9001730,1026777,2026-02-27 23:14:40,HIGH_VALUE,43.6,ESCALATED,N,INV0006
9001731,1026788,2026-04-16 17:06:33,HIGH_VALUE,47.54,CLOSED,N,INV0096
9001732,1026806,2026-01-01 12:28:54,RISK_SCORE,46.87,CLOSED,N,INV0085
9001733,1026807,2026-04-03 12:54:05,GEO_ANOMALY,28.55,OPEN,N,INV0022
9001734,1026834,2026-06-25 07:42:31,RISK_SCORE,59.56,ESCALATED,N,INV0002
9001735,1026848,2026-07-26 15:30:53,HIGH_VALUE,28.3,OPEN,N,INV0023
9001736,1026863,2026-07-18 03:02:12,DEVICE_MISMATCH,24.13,OPEN,N,INV0069
9001737,1026881,2026-03-21 23:31:31,RISK_SCORE,48.06,CLOSED,Y,INV0001
9001738,1026899,2026-03-04 01:56:23,HIGH_VALUE,65.65,OPEN,N,INV0059
9001739,1026901,2026-08-25 06:41:04,HIGH_VALUE,100.0,CLOSED,N,INV0098
9001740,1026905,2026-04-02 14:13:46,RISK_SCORE,44.11,CLOSED,N,INV0077
9001741,1026944,2026-02-14 14:51:35,RISK_SCORE,63.31,CLOSED,N,INV0100
9001742,1026983,2026-06-25 20:20:14,GEO_ANOMALY,20.88,CLOSED,N,INV0059
9001743,1026996,2026-04-19 23:52:43,HIGH_VALUE,41.38,OPEN,N,INV0088
9001744,1027003,2026-05-02 21:41:54,DEVICE_MISMATCH,33.66,CLOSED,N,INV0051
9001745,1027022,2026-07-09 07:36:47,VELOCITY,43.24,OPEN,N,INV0037
9001746,1027061,2026-07-28 05:30:33,RISK_SCORE,61.45,CLOSED,Y,INV0010
9001747,1027078,2026-01-16 00:52:33,RISK_SCORE,76.88,CLOSED,N,INV0031
9001748,1027096,2026-08-04 23:07:01,VELOCITY,49.81,CLOSED,N,INV0006
9001749,1027113,2026-06-30 20:42:41,HIGH_VALUE,14.98,OPEN,Y,INV0003
9001750,1027160,2026-04-07 17:33:18,HIGH_VALUE,87.06,CLOSED,N,INV0048
9001751,1027174,2026-04-26 08:51:55,VELOCITY,31.96,CLOSED,N,INV0049
9001752,1027190,2026-07-13 18:07:30,DEVICE_MISMATCH,44.52,CLOSED,N,INV0050
9001753,1027200,2026-04-26 14:18:57,DEVICE_MISMATCH,28.29,CLOSED,N,INV0076
9001754,1027234,2026-04-05 03:03:31,RISK_SCORE,59.44,CLOSED,N,INV0097
9001755,1027260,2026-02-06 05:52:03,DEVICE_MISMATCH,16.27,CLOSED,N,INV0039
9001756,1027290,2026-02-06 03:36:01,DEVICE_MISMATCH,35.97,OPEN,N,INV0031
9001757,1027291,2026-08-15 00:02:37,DEVICE_MISMATCH,52.98,OPEN,N,INV0063
9001758,1027294,2026-05-09 17:34:30,HIGH_VALUE,18.54,OPEN,N,INV0056
9001759,1027295,2026-03-19 22:08:19,RISK_SCORE,28.11,OPEN,N,INV0066
9001760,1027311,2026-01-06 05:11:26,VELOCITY,24.11,CLOSED,Y,INV0041
9001761,1027365,2026-02-12 05:41:21,RISK_SCORE,70.41,CLOSED,N,INV0059
9001762,1027381,2026-06-27 23:28:27,RISK_SCORE,50.92,ESCALATED,N,INV0094
9001763,1027390,2026-03-07 03:52:17,VELOCITY,52.89,OPEN,Y,INV0014
9001764,1027408,2026-01-18 08:42:13,RISK_SCORE,37.83,CLOSED,N,INV0044
9001765,1027410,2026-06-18 06:16:27,GEO_ANOMALY,15.75,CLOSED,N,INV0016
9001766,1027429,2026-03-26 13:26:29,DEVICE_MISMATCH,48.79,OPEN,N,INV0025
9001767,1027467,2026-04-16 09:12:50,RISK_SCORE,47.09,CLOSED,Y,INV0044
9001768,1027472,2026-05-23 21:53:26,RISK_SCORE,18.6,OPEN,N,INV0051
9001769,1027491,2026-08-02 16:05:46,GEO_ANOMALY,13.0,CLOSED,N,INV0060
9001770,1027534,2026-07-27 14:52:14,GEO_ANOMALY,27.3,OPEN,Y,INV0066
9001771,1027551,2026-08-22 00:58:17,DEVICE_MISMATCH,0.99,CLOSED,N,INV0098
9001772,1027569,2026-08-14 03:24:26,RISK_SCORE,8.3,CLOSED,Y,INV0017
9001773,1027579,2026-05-28 23:39:06,VELOCITY,78.98,ESCALATED,N,INV0037
9001774,1027585,2026-01-08 15:01:12,RISK_SCORE,61.95,CLOSED,N,INV0058
9001775,1027589,2026-06-18 13:24:50,GEO_ANOMALY,47.41,CLOSED,N,INV0079
9001776,1027598,2026-08-06 19:37:29,HIGH_VALUE,62.43,CLOSED,N,INV0004
9001777,1027627,2026-02-24 11:32:05,RISK_SCORE,29.36,CLOSED,N,INV0007
9001778,1027636,2026-03-03 17:49:30,GEO_ANOMALY,18.31,OPEN,N,INV0090
9001779,1027662,2026-08-17 07:19:58,GEO_ANOMALY,18.04,CLOSED,Y,INV0097
9001780,1027689,2026-05-29 06:13:29,GEO_ANOMALY,68.03,CLOSED,Y,INV0057
9001781,1027707,2026-06-05 11:03:41,VELOCITY,42.51,CLOSED,N,INV0033
9001782,1027709,2026-08-26 01:59:56,VELOCITY,51.12,CLOSED,N,INV0097
9001783,1027722,2026-06-19 05:35:32,RISK_SCORE,21.77,CLOSED,N,INV0063
9001784,1027758,2026-08-05 04:25:14,HIGH_VALUE,24.37,OPEN,N,INV0025
9001785,1027763,2026-07-24 12:09:15,VELOCITY,51.49,CLOSED,Y,INV0017
9001786,1027765,2026-07-12 09:29:17,RISK_SCORE,51.02,CLOSED,Y,INV0084
9001787,1027818,2026-08-19 07:46:04,GEO_ANOMALY,37.84,ESCALATED,Y,INV0069
9001788,1027835,2026-01-27 19:08:12,DEVICE_MISMATCH,31.01,CLOSED,N,INV0023
9001789,1027855,2026-07-30 08:26:11,RISK_SCORE,62.42,CLOSED,N,INV0094
9001790,1027863,2026-08-05 08:37:05,VELOCITY,86.2,OPEN,Y,INV0032
9001791,1027867,2026-02-07 12:47:39,RISK_SCORE,26.97,CLOSED,N,INV0013
9001792,1027869,2026-01-10 23:15:20,HIGH_VALUE,23.97,CLOSED,N,INV0026
9001793,1027906,2026-04-06 16:30:22,VELOCITY,14.06,CLOSED,N,INV0009
9001794,1027911,2026-03-26 22:22:56,RISK_SCORE,25.67,CLOSED,N,INV0060
9001795,1027935,2026-05-23 20:51:02,GEO_ANOMALY,38.56,CLOSED,N,INV0009
9001796,1027939,2026-01-21 04:47:39,HIGH_VALUE,44.37,CLOSED,N,INV0068
9001797,1027956,2026-05-10 14:57:55,GEO_ANOMALY,81.13,OPEN,N,INV0024
9001798,1027969,2026-07-27 06:08:16,HIGH_VALUE,54.87,OPEN,N,INV0073
9001799,1028007,2026-02-15 08:49:15,RISK_SCORE,66.02,OPEN,Y,INV0097
9001800,1028009,2026-08-27 14:00:03,DEVICE_MISMATCH,25.44,OPEN,N,INV0026
9001801,1028042,2026-08-28 18:26:11,GEO_ANOMALY,59.52,CLOSED,Y,INV0049
9001802,1028046,2026-02-05 04:02:42,HIGH_VALUE,42.34,CLOSED,N,INV0009
9001803,1028097,2026-05-24 06:43:59,RISK_SCORE,31.65,CLOSED,N,INV0077
9001804,1028101,2026-07-28 05:01:34,RISK_SCORE,19.06,CLOSED,N,INV0075
9001805,1028105,2026-03-06 17:31:44,HIGH_VALUE,56.18,CLOSED,Y,INV0060
9001806,1028117,2026-03-03 11:33:09,VELOCITY,77.55,CLOSED,N,INV0078
9001807,1028145,2026-06-26 01:14:16,VELOCITY,69.29,CLOSED,N,INV0038
9001808,1028165,2026-04-22 23:22:36,VELOCITY,46.66,OPEN,N,INV0009
9001809,1028168,2026-06-30 05:44:06,VELOCITY,49.32,CLOSED,N,INV0017
9001810,1028175,2026-07-13 05:35:25,DEVICE_MISMATCH,50.69,CLOSED,Y,INV0067
9001811,1028212,2026-05-02 01:05:52,GEO_ANOMALY,44.66,CLOSED,Y,INV0028
9001812,1028226,2026-02-18 07:23:45,GEO_ANOMALY,51.65,CLOSED,N,INV0088
9001813,1028237,2026-03-23 04:03:34,DEVICE_MISMATCH,48.43,CLOSED,N,INV0097
9001814,1028253,2026-02-23 09:16:32,VELOCITY,41.7,ESCALATED,N,INV0075
9001815,1028279,2026-07-15 12:12:40,GEO_ANOMALY,70.46,CLOSED,N,INV0068
9001816,1028285,2026-05-08 06:46:04,RISK_SCORE,68.48,CLOSED,Y,INV0054
9001817,1028334,2026-06-30 15:13:21,RISK_SCORE,50.03,OPEN,N,INV0028
9001818,1028368,2026-05-06 22:04:34,RISK_SCORE,67.82,OPEN,Y,INV0062
9001819,1028369,2026-01-15 12:27:29,HIGH_VALUE,41.48,CLOSED,N,INV0004
9001820,1028372,2026-04-14 10:52:33,HIGH_VALUE,73.41,CLOSED,N,INV0007
9001821,1028382,2026-02-13 14:17:25,DEVICE_MISMATCH,31.36,CLOSED,N,INV0096
9001822,1028391,2026-06-25 16:47:41,GEO_ANOMALY,88.06,CLOSED,N,INV0061
9001823,1028405,2026-06-29 21:01:22,GEO_ANOMALY,37.16,CLOSED,N,INV0071
9001824,1028428,2026-02-18 01:46:30,VELOCITY,9.74,OPEN,N,INV0071
9001825,1028448,2026-06-05 22:03:48,VELOCITY,61.09,CLOSED,Y,INV0009
9001826,1028453,2026-05-12 17:46:01,DEVICE_MISMATCH,66.48,OPEN,N,INV0060
9001827,1028454,2026-07-01 14:28:58,HIGH_VALUE,33.09,CLOSED,N,INV0012
9001828,1028458,2026-02-24 08:41:23,HIGH_VALUE,71.18,ESCALATED,Y,INV0037
9001829,1028471,2026-08-24 23:55:43,GEO_ANOMALY,56.95,OPEN,N,INV0057
9001830,1028489,2026-01-04 10:07:58,GEO_ANOMALY,34.16,CLOSED,N,INV0029
9001831,1028495,2026-04-07 01:56:24,HIGH_VALUE,53.38,ESCALATED,N,INV0053
9001832,1028500,2026-05-08 20:13:36,VELOCITY,58.47,OPEN,N,INV0069
9001833,1028503,2026-04-23 05:39:01,VELOCITY,7.68,CLOSED,Y,INV0061
9001834,1028520,2026-03-12 04:30:16,RISK_SCORE,84.14,CLOSED,N,INV0010
9001835,1028528,2026-08-22 09:37:24,HIGH_VALUE,30.2,CLOSED,N,INV0065
9001836,1028532,2026-01-21 18:09:53,HIGH_VALUE,51.55,OPEN,N,INV0080
9001837,1028534,2026-04-25 14:10:35,RISK_SCORE,14.05,CLOSED,N,INV0029
9001838,1028546,2026-07-14 21:45:33,DEVICE_MISMATCH,66.92,OPEN,N,INV0045
9001839,1028547,2026-02-02 19:33:13,RISK_SCORE,38.03,CLOSED,N,INV0026
9001840,1028621,2026-07-02 20:16:33,HIGH_VALUE,15.61,OPEN,N,INV0061
9001841,1028632,2026-06-15 09:30:07,DEVICE_MISMATCH,39.42,CLOSED,N,INV0095
9001842,1028638,2026-01-19 17:36:27,GEO_ANOMALY,11.28,OPEN,N,INV0078
9001843,1028657,2026-04-25 16:20:25,DEVICE_MISMATCH,38.23,OPEN,N,INV0066
9001844,1028661,2026-03-22 00:28:21,RISK_SCORE,40.72,CLOSED,Y,INV0085
9001845,1028671,2026-06-29 05:35:02,HIGH_VALUE,54.72,OPEN,N,INV0048
9001846,1028711,2026-02-20 00:11:56,DEVICE_MISMATCH,38.99,CLOSED,N,INV0058
9001847,1028714,2026-07-27 14:05:01,VELOCITY,15.19,CLOSED,N,INV0078
9001848,1028753,2026-05-30 07:53:36,GEO_ANOMALY,58.87,OPEN,N,INV0062
9001849,1028758,2026-05-24 09:52:47,VELOCITY,54.82,CLOSED,N,INV0098
9001850,1028772,2026-01-24 09:15:11,GEO_ANOMALY,31.62,CLOSED,Y,INV0080
9001851,1028774,2026-05-13 12:56:51,GEO_ANOMALY,46.32,CLOSED,Y,INV0026
9001852,1028817,2026-08-27 05:14:47,GEO_ANOMALY,62.37,OPEN,N,INV0065
9001853,1028821,2026-03-27 16:59:13,HIGH_VALUE,11.8,OPEN,Y,INV0094
9001854,1028840,2026-08-25 22:35:03,HIGH_VALUE,55.92,ESCALATED,N,INV0098
9001855,1028842,2026-08-15 06:51:33,RISK_SCORE,48.96,CLOSED,N,INV0048
9001856,1028854,2026-05-04 11:08:52,HIGH_VALUE,48.9,OPEN,N,INV0024
9001857,1028861,2026-07-04 11:09:26,RISK_SCORE,50.06,OPEN,N,INV0008
9001858,1028871,2026-07-09 22:39:23,DEVICE_MISMATCH,61.75,ESCALATED,N,INV0038
9001859,1028877,2026-06-16 15:34:06,HIGH_VALUE,45.48,CLOSED,Y,INV0067
9001860,1028897,2026-01-31 03:33:59,VELOCITY,54.37,CLOSED,N,INV0011
9001861,1028925,2026-01-20 06:35:56,GEO_ANOMALY,68.2,CLOSED,N,INV0059
9001862,1028926,2026-08-13 19:54:15,DEVICE_MISMATCH,37.67,OPEN,N,INV0073
9001863,1028935,2026-03-09 02:23:20,RISK_SCORE,54.25,CLOSED,N,INV0009
9001864,1028973,2026-02-11 23:38:20,RISK_SCORE,58.82,OPEN,N,INV0066
9001865,1028985,2026-05-09 20:57:25,DEVICE_MISMATCH,53.54,CLOSED,N,INV0008
9001866,1028988,2026-07-13 17:17:47,RISK_SCORE,77.64,CLOSED,N,INV0042
9001867,1028995,2026-01-06 13:04:22,RISK_SCORE,38.44,OPEN,N,INV0076
9001868,1028998,2026-01-15 09:45:09,HIGH_VALUE,14.63,OPEN,N,INV0049
9001869,1029006,2026-01-27 08:28:38,VELOCITY,28.38,OPEN,N,INV0055
9001870,1029017,2026-07-31 19:01:57,HIGH_VALUE,0.0,CLOSED,N,INV0036
9001871,1029031,2026-05-24 01:05:02,VELOCITY,17.31,OPEN,Y,INV0018
9001872,1029065,2026-08-27 23:32:23,HIGH_VALUE,34.4,CLOSED,N,INV0003
9001873,1029070,2026-03-14 23:07:06,RISK_SCORE,63.7,CLOSED,Y,INV0061
9001874,1029072,2026-02-27 18:00:47,VELOCITY,41.22,CLOSED,N,INV0022
9001875,1029077,2026-06-28 18:13:57,RISK_SCORE,74.99,CLOSED,N,INV0076
9001876,1029089,2026-06-04 07:31:03,RISK_SCORE,35.12,CLOSED,N,INV0011
9001877,1029098,2026-02-09 01:25:15,GEO_ANOMALY,55.73,CLOSED,Y,INV0069
9001878,1029112,2026-01-12 09:18:05,HIGH_VALUE,24.99,OPEN,N,INV0030
9001879,1029135,2026-07-19 05:42:45,HIGH_VALUE,34.87,ESCALATED,N,INV0087
9001880,1029169,2026-03-27 16:21:24,GEO_ANOMALY,0.0,CLOSED,N,INV0017
9001881,1029173,2026-04-30 21:18:28,DEVICE_MISMATCH,50.18,CLOSED,Y,INV0054
9001882,1029214,2026-05-03 23:47:59,DEVICE_MISMATCH,59.63,OPEN,N,INV0031
9001883,1029230,2026-03-31 04:35:05,VELOCITY,33.65,OPEN,N,INV0020
9001884,1029244,2026-07-29 04:19:52,DEVICE_MISMATCH,70.13,CLOSED,N,INV0078
9001885,1029286,2026-08-10 07:53:35,VELOCITY,76.09,ESCALATED,Y,INV0073
9001886,1029301,2026-07-03 23:35:21,VELOCITY,63.02,OPEN,Y,INV0042
9001887,1029305,2026-01-13 12:46:21,VELOCITY,43.43,CLOSED,N,INV0037
9001888,1029329,2026-06-30 05:14:31,DEVICE_MISMATCH,43.5,CLOSED,N,INV0068
9001889,1029331,2026-07-23 11:47:55,DEVICE_MISMATCH,58.33,OPEN,Y,INV0047
9001890,1029370,2026-05-18 05:42:41,HIGH_VALUE,47.28,CLOSED,N,INV0095
9001891,1029377,2026-04-18 08:54:45,DEVICE_MISMATCH,2.75,CLOSED,N,INV0087
9001892,1029397,2026-03-29 20:10:29,HIGH_VALUE,70.51,CLOSED,N,INV0014
9001893,1029411,2026-08-27 19:10:11,VELOCITY,36.5,OPEN,N,INV0005
9001894,1029415,2026-06-01 00:05:36,VELOCITY,55.28,OPEN,Y,INV0031
9001895,1029426,2026-07-06 09:10:45,DEVICE_MISMATCH,44.5,ESCALATED,N,INV0091
9001896,1029440,2026-08-09 06:56:48,RISK_SCORE,10.12,OPEN,N,INV0047
9001897,1029478,2026-02-18 19:46:26,GEO_ANOMALY,45.36,CLOSED,N,INV0051
9001898,1029481,2026-06-16 04:05:56,GEO_ANOMALY,6.36,CLOSED,N,INV0077
9001899,1029530,2026-03-14 22:58:03,DEVICE_MISMATCH,63.22,CLOSED,Y,INV0055
9001900,1029552,2026-03-02 02:58:18,HIGH_VALUE,22.24,CLOSED,Y,INV0038
9001901,1029570,2026-03-08 09:18:10,RISK_SCORE,86.34,ESCALATED,Y,INV0099
9001902,1029577,2026-07-10 12:07:30,HIGH_VALUE,47.37,CLOSED,N,INV0047
9001903,1029592,2026-07-21 06:44:32,RISK_SCORE,45.1,CLOSED,N,INV0098
9001904,1029597,2026-04-01 00:43:34,VELOCITY,37.23,CLOSED,N,INV0070
9001905,1029601,2026-08-10 10:59:27,VELOCITY,22.42,CLOSED,N,INV0093
9001906,1029612,2026-04-06 05:33:44,RISK_SCORE,16.44,OPEN,Y,INV0049
9001907,1029624,2026-08-10 09:34:04,GEO_ANOMALY,61.99,CLOSED,Y,INV0015
9001908,1029643,2026-04-08 04:05:11,HIGH_VALUE,53.77,CLOSED,N,INV0090
9001909,1029645,2026-06-24 01:29:15,VELOCITY,71.99,CLOSED,N,INV0010
9001910,1029662,2026-01-26 08:33:16,HIGH_VALUE,33.53,CLOSED,N,INV0027
9001911,1029671,2026-03-09 12:24:55,RISK_SCORE,37.92,CLOSED,N,INV0014
9001912,1029683,2026-03-09 03:44:15,RISK_SCORE,34.78,CLOSED,Y,INV0057
9001913,1029708,2026-05-17 05:03:36,GEO_ANOMALY,47.65,CLOSED,N,INV0042
9001914,1029713,2026-02-23 09:38:39,VELOCITY,49.76,CLOSED,Y,INV0042
9001915,1029769,2026-07-25 22:18:36,HIGH_VALUE,48.44,CLOSED,N,INV0057
9001916,1029775,2026-05-24 05:42:28,HIGH_VALUE,33.93,OPEN,N,INV0008
9001917,1029825,2026-04-09 02:15:33,GEO_ANOMALY,27.19,OPEN,Y,INV0055
9001918,1029869,2026-01-26 21:41:49,GEO_ANOMALY,27.0,CLOSED,N,INV0003
9001919,1029870,2026-07-21 11:43:11,DEVICE_MISMATCH,22.62,OPEN,N,INV0096
9001920,1029885,2026-05-14 07:33:12,VELOCITY,10.63,ESCALATED,N,INV0027
9001921,1029892,2026-06-06 18:42:45,GEO_ANOMALY,15.24,OPEN,Y,INV0022
9001922,1029901,2026-03-21 15:37:02,GEO_ANOMALY,50.97,CLOSED,N,INV0060
9001923,1029931,2026-01-22 16:59:03,DEVICE_MISMATCH,55.03,CLOSED,N,INV0034
9001924,1029940,2026-01-27 03:11:24,RISK_SCORE,30.12,CLOSED,N,INV0051
9001925,1029962,2026-08-02 07:14:33,VELOCITY,65.11,CLOSED,N,INV0049
9001926,1029978,2026-01-01 08:16:50,RISK_SCORE,35.8,CLOSED,Y,INV0015
9001927,1029985,2026-06-22 00:45:05,RISK_SCORE,56.67,CLOSED,Y,INV0041
9001928,1029991,2026-06-09 21:44:46,VELOCITY,12.62,ESCALATED,N,INV0073
9001929,1029999,2026-07-18 09:14:30,DEVICE_MISMATCH,46.13,OPEN,N,INV0057
9001930,1030003,2026-05-10 00:50:23,DEVICE_MISMATCH,56.79,ESCALATED,Y,INV0038
9001931,1030041,2026-01-02 03:40:12,VELOCITY,37.18,OPEN,N,INV0014
9001932,1030052,2026-03-13 15:15:25,GEO_ANOMALY,39.17,OPEN,Y,INV0053
9001933,1030056,2026-06-13 07:27:31,VELOCITY,74.78,CLOSED,Y,INV0100
9001934,1030058,2026-06-13 03:31:19,DEVICE_MISMATCH,31.2,CLOSED,N,INV0051
9001935,1030093,2026-06-23 10:05:26,VELOCITY,16.89,CLOSED,N,INV0034
9001936,1030130,2026-02-12 07:55:20,GEO_ANOMALY,68.72,CLOSED,Y,INV0008
9001937,1030154,2026-04-21 12:17:59,VELOCITY,29.52,OPEN,N,INV0001
9001938,1030156,2026-06-24 11:05:09,GEO_ANOMALY,17.09,OPEN,Y,INV0092
9001939,1030183,2026-07-24 08:34:52,VELOCITY,62.69,OPEN,N,INV0008
9001940,1030219,2026-03-29 21:09:17,RISK_SCORE,42.73,OPEN,N,INV0100
9001941,1030225,2026-07-06 01:29:01,HIGH_VALUE,59.65,OPEN,Y,INV0065
9001942,1030228,2026-06-28 08:40:44,DEVICE_MISMATCH,66.19,CLOSED,N,INV0097
9001943,1030240,2026-01-28 11:50:51,HIGH_VALUE,31.23,CLOSED,N,INV0037
9001944,1030242,2026-07-10 11:54:55,HIGH_VALUE,38.89,OPEN,N,INV0034
9001945,1030243,2026-03-11 08:55:23,HIGH_VALUE,48.52,CLOSED,Y,INV0033
9001946,1030251,2026-06-22 23:43:13,DEVICE_MISMATCH,57.46,ESCALATED,N,INV0059
9001947,1030265,2026-03-21 08:40:18,VELOCITY,76.73,OPEN,Y,INV0044
9001948,1030271,2026-01-07 20:25:00,GEO_ANOMALY,46.7,CLOSED,N,INV0058
9001949,1030302,2026-05-15 22:01:47,HIGH_VALUE,42.43,OPEN,N,INV0032
9001950,1030315,2026-03-13 23:19:06,VELOCITY,77.13,OPEN,N,INV0018
9001951,1030344,2026-01-03 01:58:40,RISK_SCORE,45.2,CLOSED,N,INV0013
9001952,1030345,2026-02-01 17:01:09,VELOCITY,46.71,CLOSED,N,INV0018
9001953,1030361,2026-04-12 08:38:06,GEO_ANOMALY,65.36,CLOSED,Y,INV0095
9001954,1030362,2026-04-15 15:29:34,HIGH_VALUE,34.09,OPEN,N,INV0069
9001955,1030378,2026-06-19 01:06:01,HIGH_VALUE,38.31,OPEN,N,INV0098
9001956,1030384,2026-02-25 14:13:51,RISK_SCORE,48.59,OPEN,N,INV0058
9001957,1030445,2026-05-17 01:09:12,RISK_SCORE,37.01,CLOSED,Y,INV0080
9001958,1030460,2026-03-31 10:41:41,VELOCITY,53.89,OPEN,N,INV0016
9001959,1030462,2026-06-07 09:09:42,VELOCITY,54.25,OPEN,N,INV0055
9001960,1030502,2026-08-11 06:32:49,GEO_ANOMALY,22.13,OPEN,N,INV0022
9001961,1030516,2026-05-04 17:21:47,GEO_ANOMALY,36.09,OPEN,N,INV0026
9001962,1030542,2026-03-21 15:46:34,GEO_ANOMALY,31.74,CLOSED,N,INV0099
9001963,1030567,2026-02-11 21:14:51,RISK_SCORE,55.88,CLOSED,N,INV0074
9001964,1030595,2026-07-17 08:16:08,GEO_ANOMALY,34.73,ESCALATED,N,INV0056
9001965,1030607,2026-01-14 03:49:30,RISK_SCORE,44.44,CLOSED,Y,INV0021
9001966,1030652,2026-05-05 13:49:58,VELOCITY,42.11,OPEN,N,INV0053
9001967,1030661,2026-03-29 17:07:50,RISK_SCORE,19.73,OPEN,N,INV0041
9001968,1030672,2026-05-13 11:20:40,GEO_ANOMALY,41.61,CLOSED,N,INV0074
9001969,1030706,2026-04-12 17:07:09,VELOCITY,49.92,CLOSED,N,INV0002
9001970,1030715,2026-04-29 16:35:43,GEO_ANOMALY,57.73,CLOSED,N,INV0030
9001971,1030723,2026-05-28 10:44:34,GEO_ANOMALY,7.02,CLOSED,Y,INV0070
9001972,1030733,2026-05-07 21:54:41,RISK_SCORE,31.98,OPEN,Y,INV0012
9001973,1030778,2026-03-02 15:06:28,RISK_SCORE,22.94,OPEN,N,INV0055
9001974,1030803,2026-03-15 00:35:50,RISK_SCORE,57.58,CLOSED,N,INV0022
9001975,1030821,2026-08-21 20:40:41,HIGH_VALUE,20.51,CLOSED,N,INV0072
9001976,1030822,2026-04-28 17:17:09,GEO_ANOMALY,23.17,ESCALATED,Y,INV0091
9001977,1030844,2026-06-09 10:24:50,GEO_ANOMALY,62.65,OPEN,N,INV0075
9001978,1030912,2026-01-11 06:24:10,RISK_SCORE,38.12,CLOSED,N,INV0086
9001979,1030990,2026-07-04 05:52:17,RISK_SCORE,33.46,CLOSED,N,INV0100
9001980,1031031,2026-02-22 01:17:42,DEVICE_MISMATCH,32.03,CLOSED,N,INV0017
9001981,1031037,2026-04-02 01:16:05,VELOCITY,35.03,CLOSED,N,INV0022
9001982,1031082,2026-04-25 00:32:25,VELOCITY,73.02,OPEN,N,INV0039
9001983,1031101,2026-07-31 18:44:42,DEVICE_MISMATCH,8.99,CLOSED,N,INV0090
9001984,1031118,2026-01-29 16:09:24,DEVICE_MISMATCH,22.97,CLOSED,N,INV0012
9001985,1031121,2026-08-08 07:09:07,DEVICE_MISMATCH,33.76,ESCALATED,N,INV0087
9001986,1031161,2026-03-14 17:44:10,RISK_SCORE,3.17,CLOSED,N,INV0080
9001987,1031195,2026-01-12 03:09:02,DEVICE_MISMATCH,42.46,CLOSED,N,INV0065
9001988,1031197,2026-06-27 12:18:09,VELOCITY,37.03,CLOSED,N,INV0049
9001989,1031201,2026-02-11 02:51:49,VELOCITY,37.69,CLOSED,N,INV0026
9001990,1031202,2026-01-23 04:09:59,DEVICE_MISMATCH,60.79,OPEN,N,INV0064
9001991,1031227,2026-02-10 17:35:28,HIGH_VALUE,44.49,OPEN,Y,INV0043
9001992,1031229,2026-03-22 14:45:16,VELOCITY,12.42,CLOSED,N,INV0090
9001993,1031235,2026-02-16 03:47:47,VELOCITY,35.19,ESCALATED,N,INV0040
9001994,1031237,2026-06-14 14:50:22,DEVICE_MISMATCH,31.32,OPEN,N,INV0031
9001995,1031256,2026-04-14 10:07:25,RISK_SCORE,44.07,OPEN,N,INV0055
9001996,1031259,2026-03-23 13:39:13,DEVICE_MISMATCH,43.06,CLOSED,N,INV0022
9001997,1031280,2026-08-04 20:48:13,GEO_ANOMALY,46.89,OPEN,Y,INV0037
9001998,1031346,2026-01-28 08:04:31,HIGH_VALUE,8.45,OPEN,N,INV0094
9001999,1031354,2026-02-18 11:57:39,DEVICE_MISMATCH,52.98,OPEN,N,INV0054
9002000,1031359,2026-08-21 07:18:20,GEO_ANOMALY,53.02,OPEN,N,INV0004
9002001,1031360,2026-04-05 06:24:11,VELOCITY,0.66,CLOSED,N,INV0004
9002002,1031423,2026-06-11 06:22:08,DEVICE_MISMATCH,42.69,CLOSED,Y,INV0073
9002003,1031439,2026-04-15 02:43:07,DEVICE_MISMATCH,33.14,CLOSED,N,INV0087
9002004,1031448,2026-05-12 18:51:09,VELOCITY,64.12,CLOSED,Y,INV0054
9002005,1031505,2026-03-29 01:35:00,VELOCITY,67.84,OPEN,Y,INV0004
9002006,1031507,2026-06-16 15:23:41,GEO_ANOMALY,79.05,CLOSED,N,INV0091
9002007,1031508,2026-04-22 12:38:57,HIGH_VALUE,34.22,OPEN,N,INV0070
9002008,1031533,2026-01-11 07:54:42,HIGH_VALUE,43.84,OPEN,Y,INV0033
9002009,1031574,2026-01-16 15:00:16,GEO_ANOMALY,48.99,CLOSED,N,INV0083
9002010,1031583,2026-06-05 19:05:27,VELOCITY,61.8,ESCALATED,N,INV0017
9002011,1031585,2026-05-05 01:42:56,HIGH_VALUE,85.88,OPEN,N,INV0100
9002012,1031605,2026-07-29 20:41:03,RISK_SCORE,68.64,CLOSED,N,INV0060
9002013,1031618,2026-01-22 16:37:43,VELOCITY,37.9,CLOSED,N,INV0085
9002014,1031620,2026-04-18 07:40:41,RISK_SCORE,64.85,CLOSED,N,INV0058
9002015,1031643,2026-04-23 23:28:27,HIGH_VALUE,53.83,CLOSED,N,INV0031
9002016,1031660,2026-08-02 07:49:20,GEO_ANOMALY,40.4,CLOSED,N,INV0004
9002017,1031664,2026-05-06 00:43:46,HIGH_VALUE,45.09,CLOSED,N,INV0047
9002018,1031674,2026-05-28 04:20:51,RISK_SCORE,78.09,CLOSED,N,INV0041
9002019,1031677,2026-01-19 13:35:52,VELOCITY,44.99,OPEN,N,INV0057
9002020,1031679,2026-03-26 02:33:32,HIGH_VALUE,45.42,OPEN,Y,INV0037
9002021,1031684,2026-07-03 06:38:17,RISK_SCORE,26.86,OPEN,N,INV0008
9002022,1031702,2026-03-24 05:23:28,RISK_SCORE,56.96,CLOSED,N,INV0083
9002023,1031703,2026-03-08 22:27:41,DEVICE_MISMATCH,73.21,OPEN,N,INV0031
9002024,1031705,2026-07-13 11:58:16,DEVICE_MISMATCH,61.5,OPEN,N,INV0002
9002025,1031713,2026-01-13 07:59:53,DEVICE_MISMATCH,43.81,CLOSED,Y,INV0063
9002026,1031733,2026-07-29 02:54:46,VELOCITY,77.46,CLOSED,N,INV0002
9002027,1031755,2026-05-01 04:58:08,DEVICE_MISMATCH,61.76,CLOSED,N,INV0029
9002028,1031773,2026-05-09 17:03:06,DEVICE_MISMATCH,27.99,CLOSED,N,INV0075
9002029,1031805,2026-08-09 14:00:19,DEVICE_MISMATCH,21.26,CLOSED,N,INV0043
9002030,1031825,2026-03-03 21:37:56,DEVICE_MISMATCH,71.28,CLOSED,N,INV0068
9002031,1031835,2026-01-18 20:56:08,RISK_SCORE,17.81,OPEN,N,INV0046
9002032,1031862,2026-08-04 21:45:22,DEVICE_MISMATCH,47.07,CLOSED,Y,INV0084
9002033,1031876,2026-01-30 06:04:42,RISK_SCORE,75.54,CLOSED,Y,INV0038
9002034,1031879,2026-08-20 20:54:21,RISK_SCORE,76.49,OPEN,N,INV0017
9002035,1031882,2026-03-28 05:52:18,DEVICE_MISMATCH,50.92,OPEN,N,INV0021
9002036,1031890,2026-06-15 13:03:57,HIGH_VALUE,93.21,OPEN,N,INV0021
9002037,1031925,2026-04-24 10:55:31,RISK_SCORE,40.65,CLOSED,Y,INV0068
9002038,1031954,2026-03-15 15:12:33,RISK_SCORE,68.85,OPEN,Y,INV0013
9002039,1031957,2026-05-19 18:55:43,VELOCITY,28.04,OPEN,Y,INV0098
9002040,1031967,2026-02-19 05:51:49,VELOCITY,79.59,CLOSED,Y,INV0048
9002041,1032010,2026-06-20 04:16:07,GEO_ANOMALY,27.93,CLOSED,N,INV0080
9002042,1032042,2026-01-15 17:55:45,HIGH_VALUE,59.29,CLOSED,N,INV0046
9002043,1032059,2026-01-27 22:37:04,RISK_SCORE,39.51,OPEN,N,INV0021
9002044,1032085,2026-05-27 09:34:52,VELOCITY,12.5,CLOSED,N,INV0027
9002045,1032087,2026-08-17 07:05:58,HIGH_VALUE,54.38,CLOSED,N,INV0013
9002046,1032107,2026-02-17 16:29:39,RISK_SCORE,40.43,OPEN,N,INV0035
9002047,1032110,2026-05-03 21:49:59,RISK_SCORE,0.0,CLOSED,N,INV0080
9002048,1032123,2026-05-26 13:49:00,HIGH_VALUE,63.42,CLOSED,N,INV0070
9002049,1032125,2026-01-07 14:28:10,GEO_ANOMALY,59.5,OPEN,Y,INV0045
9002050,1032132,2026-03-16 07:12:02,VELOCITY,25.3,CLOSED,N,INV0045
9002051,1032146,2026-07-10 06:41:03,GEO_ANOMALY,23.14,CLOSED,N,INV0009
9002052,1032182,2026-03-24 10:17:08,VELOCITY,51.72,CLOSED,N,INV0002
9002053,1032199,2026-06-09 00:50:46,RISK_SCORE,48.74,CLOSED,N,INV0093
9002054,1032247,2026-06-06 19:26:01,VELOCITY,41.34,OPEN,N,INV0081
9002055,1032251,2026-05-29 02:37:21,VELOCITY,50.86,CLOSED,N,INV0008
9002056,1032252,2026-03-08 15:21:06,VELOCITY,38.68,CLOSED,N,INV0049
9002057,1032313,2026-01-30 11:19:23,RISK_SCORE,29.75,CLOSED,N,INV0010
9002058,1032326,2026-05-02 10:28:26,RISK_SCORE,57.42,CLOSED,N,INV0052
9002059,1032355,2026-02-18 19:22:52,GEO_ANOMALY,86.96,CLOSED,N,INV0067
9002060,1032358,2026-04-11 23:41:40,DEVICE_MISMATCH,39.01,CLOSED,N,INV0040
9002061,1032362,2026-05-04 11:37:57,RISK_SCORE,8.18,OPEN,Y,INV0080
9002062,1032374,2026-08-01 00:32:31,DEVICE_MISMATCH,24.6,OPEN,N,INV0030
9002063,1032377,2026-03-08 17:18:19,DEVICE_MISMATCH,42.96,CLOSED,Y,INV0095
9002064,1032381,2026-07-11 18:12:05,HIGH_VALUE,50.12,CLOSED,N,INV0009
9002065,1032398,2026-08-16 23:19:51,RISK_SCORE,53.87,CLOSED,N,INV0087
9002066,1032413,2026-06-29 05:29:14,DEVICE_MISMATCH,58.98,CLOSED,Y,INV0047
9002067,1032444,2026-05-03 00:38:50,VELOCITY,81.75,CLOSED,N,INV0100
9002068,1032451,2026-07-06 21:48:46,HIGH_VALUE,90.82,OPEN,N,INV0044
9002069,1032454,2026-07-26 11:19:25,RISK_SCORE,22.36,CLOSED,N,INV0029
9002070,1032466,2026-03-04 03:25:22,GEO_ANOMALY,97.39,OPEN,Y,INV0029
9002071,1032501,2026-04-22 02:22:30,DEVICE_MISMATCH,49.91,CLOSED,N,INV0012
9002072,1032502,2026-06-17 09:18:20,HIGH_VALUE,56.57,OPEN,N,INV0047
9002073,1032507,2026-02-28 19:43:09,GEO_ANOMALY,59.58,OPEN,Y,INV0006
9002074,1032551,2026-04-12 04:10:07,RISK_SCORE,54.28,OPEN,N,INV0014
9002075,1032560,2026-03-01 09:02:34,DEVICE_MISMATCH,6.27,OPEN,N,INV0015
9002076,1032561,2026-01-08 00:40:45,DEVICE_MISMATCH,31.71,OPEN,N,INV0030
9002077,1032578,2026-08-28 22:50:15,VELOCITY,62.24,OPEN,Y,INV0008
9002078,1032593,2026-04-02 20:28:29,DEVICE_MISMATCH,37.97,OPEN,Y,INV0003
9002079,1032612,2026-01-30 09:22:33,RISK_SCORE,19.63,OPEN,N,INV0008
9002080,1032643,2026-07-02 23:41:06,HIGH_VALUE,63.96,CLOSED,N,INV0040
9002081,1032650,2026-06-08 14:58:10,GEO_ANOMALY,34.91,CLOSED,Y,INV0024
9002082,1032664,2026-04-08 18:39:59,DEVICE_MISMATCH,56.99,OPEN,N,INV0022
9002083,1032666,2026-03-09 11:15:56,HIGH_VALUE,67.09,OPEN,Y,INV0007
9002084,1032668,2026-04-05 00:07:43,VELOCITY,71.38,CLOSED,N,INV0072
9002085,1032699,2026-05-20 09:22:07,VELOCITY,29.32,CLOSED,Y,INV0057
9002086,1032716,2026-01-01 15:35:19,DEVICE_MISMATCH,7.04,CLOSED,N,INV0035
9002087,1032732,2026-01-26 10:34:04,RISK_SCORE,67.9,OPEN,N,INV0006
9002088,1032752,2026-02-21 10:52:26,GEO_ANOMALY,41.84,CLOSED,Y,INV0021
9002089,1032753,2026-03-02 17:13:39,HIGH_VALUE,51.77,ESCALATED,N,INV0064
9002090,1032757,2026-01-26 16:31:05,GEO_ANOMALY,38.31,OPEN,N,INV0047
9002091,1032778,2026-06-05 15:45:54,DEVICE_MISMATCH,0.0,CLOSED,N,INV0077
9002092,1032784,2026-06-01 03:55:54,RISK_SCORE,41.27,CLOSED,N,INV0053
9002093,1032810,2026-01-26 13:55:04,HIGH_VALUE,42.67,CLOSED,N,INV0096
9002094,1032820,2026-07-31 01:27:01,HIGH_VALUE,20.4,CLOSED,N,INV0100
9002095,1032821,2026-03-08 03:29:09,GEO_ANOMALY,42.73,CLOSED,Y,INV0052
9002096,1032833,2026-06-08 17:51:58,VELOCITY,66.88,CLOSED,Y,INV0053
9002097,1032835,2026-01-23 23:23:14,VELOCITY,43.39,OPEN,N,INV0013
9002098,1032857,2026-01-30 02:30:23,DEVICE_MISMATCH,58.41,CLOSED,N,INV0034
9002099,1032858,2026-02-20 17:23:08,HIGH_VALUE,46.42,CLOSED,N,INV0078
9002100,1032868,2026-05-05 17:09:31,VELOCITY,11.2,OPEN,N,INV0058
9002101,1032894,2026-01-09 18:11:57,GEO_ANOMALY,41.46,CLOSED,N,INV0048
9002102,1032907,2026-02-03 16:16:21,HIGH_VALUE,20.56,CLOSED,N,INV0098
9002103,1032933,2026-03-03 18:33:30,HIGH_VALUE,0.0,ESCALATED,N,INV0032
9002104,1032939,2026-01-23 00:56:49,GEO_ANOMALY,61.37,CLOSED,Y,INV0052
9002105,1032941,2026-08-13 00:17:31,HIGH_VALUE,43.28,CLOSED,N,INV0017
9002106,1032954,2026-01-17 01:37:35,GEO_ANOMALY,40.0,CLOSED,N,INV0026
9002107,1032961,2026-02-02 20:43:27,GEO_ANOMALY,76.81,CLOSED,N,INV0027
9002108,1033005,2026-05-19 22:08:53,DEVICE_MISMATCH,51.23,OPEN,Y,INV0058
9002109,1033018,2026-08-23 19:46:20,GEO_ANOMALY,10.89,CLOSED,N,INV0036
9002110,1033056,2026-03-04 05:08:58,GEO_ANOMALY,26.37,CLOSED,N,INV0088
9002111,1033060,2026-03-15 09:17:48,RISK_SCORE,19.48,CLOSED,N,INV0024
9002112,1033084,2026-04-05 04:38:01,HIGH_VALUE,42.5,CLOSED,N,INV0077
9002113,1033096,2026-02-02 16:11:43,HIGH_VALUE,46.32,CLOSED,N,INV0078
9002114,1033097,2026-02-04 02:32:38,RISK_SCORE,58.35,CLOSED,Y,INV0004
9002115,1033098,2026-07-17 00:57:02,HIGH_VALUE,33.26,CLOSED,N,INV0065
9002116,1033103,2026-01-07 06:52:45,HIGH_VALUE,64.68,CLOSED,N,INV0027
9002117,1033121,2026-07-01 21:06:03,HIGH_VALUE,41.62,ESCALATED,N,INV0026
9002118,1033139,2026-08-21 10:21:22,HIGH_VALUE,30.91,CLOSED,N,INV0089
9002119,1033179,2026-05-30 14:06:57,GEO_ANOMALY,54.25,CLOSED,N,INV0034
9002120,1033196,2026-06-25 17:59:27,RISK_SCORE,34.01,CLOSED,N,INV0046
9002121,1033204,2026-07-01 08:45:26,HIGH_VALUE,70.92,CLOSED,N,INV0021
9002122,1033207,2026-04-04 04:04:15,HIGH_VALUE,89.59,CLOSED,N,INV0030
9002123,1033222,2026-05-15 06:38:46,VELOCITY,40.11,OPEN,N,INV0081
9002124,1033227,2026-03-02 14:32:47,RISK_SCORE,32.12,CLOSED,N,INV0037
9002125,1033236,2026-01-28 15:02:42,VELOCITY,12.73,CLOSED,N,INV0084
9002126,1033237,2026-08-15 19:43:20,GEO_ANOMALY,53.19,CLOSED,Y,INV0091
9002127,1033298,2026-05-27 17:19:56,VELOCITY,33.95,ESCALATED,Y,INV0050
9002128,1033303,2026-05-01 10:35:15,GEO_ANOMALY,74.64,ESCALATED,N,INV0047
9002129,1033335,2026-01-13 05:59:01,DEVICE_MISMATCH,49.79,ESCALATED,N,INV0099
9002130,1033361,2026-08-19 06:05:03,HIGH_VALUE,63.29,CLOSED,N,INV0066
9002131,1033368,2026-08-20 00:42:22,DEVICE_MISMATCH,38.99,OPEN,Y,INV0043
9002132,1033386,2026-05-10 21:28:40,GEO_ANOMALY,65.1,OPEN,N,INV0005
9002133,1033397,2026-01-02 01:13:35,VELOCITY,29.52,CLOSED,Y,INV0062
9002134,1033411,2026-04-12 05:34:46,GEO_ANOMALY,26.62,OPEN,N,INV0039
9002135,1033417,2026-08-12 10:09:48,GEO_ANOMALY,60.25,CLOSED,N,INV0033
9002136,1033419,2026-03-26 00:07:10,HIGH_VALUE,37.55,CLOSED,N,INV0007
9002137,1033436,2026-02-15 22:58:26,VELOCITY,45.32,OPEN,N,INV0062
9002138,1033454,2026-02-05 02:50:31,GEO_ANOMALY,58.52,CLOSED,N,INV0067
9002139,1033460,2026-02-07 22:19:12,GEO_ANOMALY,25.38,CLOSED,Y,INV0040
9002140,1033489,2026-01-08 10:47:08,DEVICE_MISMATCH,42.7,ESCALATED,N,INV0053
9002141,1033502,2026-08-06 22:15:56,VELOCITY,44.8,OPEN,N,INV0003
9002142,1033531,2026-01-01 11:42:58,GEO_ANOMALY,55.45,OPEN,N,INV0071
9002143,1033550,2026-08-16 21:28:25,VELOCITY,31.28,CLOSED,N,INV0002
9002144,1033552,2026-04-13 02:55:13,HIGH_VALUE,10.65,OPEN,N,INV0086
9002145,1033566,2026-06-16 05:58:14,DEVICE_MISMATCH,70.94,OPEN,Y,INV0074
9002146,1033598,2026-04-17 05:10:43,DEVICE_MISMATCH,77.73,CLOSED,N,INV0075
9002147,1033669,2026-08-17 01:54:05,GEO_ANOMALY,55.82,CLOSED,Y,INV0055
9002148,1033732,2026-06-02 15:46:22,HIGH_VALUE,50.97,CLOSED,N,INV0012
9002149,1033734,2026-03-21 04:59:57,HIGH_VALUE,38.95,CLOSED,N,INV0084
9002150,1033751,2026-08-12 00:45:26,DEVICE_MISMATCH,13.85,OPEN,N,INV0096
9002151,1033785,2026-04-11 14:24:46,RISK_SCORE,64.48,CLOSED,Y,INV0012
9002152,1033812,2026-08-04 08:06:20,RISK_SCORE,95.85,OPEN,N,INV0067
9002153,1033823,2026-04-09 12:49:57,HIGH_VALUE,50.74,CLOSED,N,INV0047
9002154,1033834,2026-06-08 12:55:50,GEO_ANOMALY,16.49,OPEN,N,INV0097
9002155,1033852,2026-08-15 11:41:45,GEO_ANOMALY,1.91,CLOSED,N,INV0031
9002156,1033858,2026-01-26 23:34:01,RISK_SCORE,0.0,CLOSED,N,INV0035
9002157,1033864,2026-06-17 00:25:54,RISK_SCORE,23.25,ESCALATED,N,INV0046
9002158,1033870,2026-07-08 16:58:37,VELOCITY,42.21,OPEN,N,INV0057
9002159,1033887,2026-02-18 20:37:05,RISK_SCORE,62.02,OPEN,N,INV0028
9002160,1033898,2026-03-20 23:56:10,GEO_ANOMALY,41.7,ESCALATED,N,INV0098
9002161,1033927,2026-07-27 08:07:40,DEVICE_MISMATCH,17.42,CLOSED,N,INV0003
9002162,1033942,2026-03-12 19:38:19,DEVICE_MISMATCH,75.02,CLOSED,N,INV0061
9002163,1033944,2026-01-08 08:57:02,RISK_SCORE,34.73,CLOSED,N,INV0083
9002164,1033947,2026-04-09 04:45:41,RISK_SCORE,51.02,CLOSED,Y,INV0032
9002165,1033948,2026-01-12 11:10:02,HIGH_VALUE,30.76,CLOSED,N,INV0092
9002166,1033958,2026-04-05 19:48:08,HIGH_VALUE,33.75,CLOSED,N,INV0012
9002167,1033963,2026-07-07 19:24:31,GEO_ANOMALY,7.59,CLOSED,N,INV0011
9002168,1033966,2026-05-30 09:33:11,DEVICE_MISMATCH,60.13,OPEN,N,INV0050
9002169,1033970,2026-04-23 13:41:59,HIGH_VALUE,23.65,CLOSED,N,INV0075
9002170,1034002,2026-07-17 17:36:56,DEVICE_MISMATCH,59.53,OPEN,N,INV0051
9002171,1034004,2026-08-16 15:35:37,HIGH_VALUE,38.93,OPEN,Y,INV0022
9002172,1034037,2026-02-13 22:46:41,GEO_ANOMALY,54.04,CLOSED,N,INV0035
9002173,1034052,2026-07-20 06:24:32,DEVICE_MISMATCH,29.79,CLOSED,N,INV0099
9002174,1034054,2026-02-28 15:18:21,RISK_SCORE,53.67,CLOSED,N,INV0085
9002175,1034071,2026-01-08 03:09:17,RISK_SCORE,51.26,CLOSED,N,INV0043
9002176,1034092,2026-02-05 08:52:42,GEO_ANOMALY,46.43,CLOSED,Y,INV0083
9002177,1034108,2026-05-05 19:50:18,GEO_ANOMALY,0.0,OPEN,N,INV0075
9002178,1034124,2026-08-09 16:53:35,RISK_SCORE,35.07,CLOSED,N,INV0063
9002179,1034137,2026-07-16 10:00:24,VELOCITY,55.92,OPEN,N,INV0031
9002180,1034152,2026-07-28 06:50:51,DEVICE_MISMATCH,14.7,CLOSED,N,INV0029
9002181,1034159,2026-01-02 13:50:05,HIGH_VALUE,70.96,OPEN,N,INV0015
9002182,1034164,2026-01-11 06:49:30,HIGH_VALUE,40.32,CLOSED,N,INV0017
9002183,1034168,2026-01-08 02:04:33,GEO_ANOMALY,58.81,CLOSED,N,INV0087
9002184,1034175,2026-02-17 02:16:01,HIGH_VALUE,64.6,OPEN,N,INV0035
9002185,1034180,2026-03-18 23:43:33,VELOCITY,0.71,ESCALATED,N,INV0035
9002186,1034183,2026-03-03 05:18:55,DEVICE_MISMATCH,44.22,OPEN,N,INV0040
9002187,1034189,2026-05-03 18:22:06,GEO_ANOMALY,35.14,CLOSED,N,INV0030
9002188,1034195,2026-06-22 12:36:16,HIGH_VALUE,78.31,OPEN,N,INV0012
9002189,1034201,2026-05-03 01:02:24,HIGH_VALUE,60.91,OPEN,N,INV0002
9002190,1034230,2026-08-03 14:47:39,DEVICE_MISMATCH,49.17,CLOSED,N,INV0090
9002191,1034260,2026-08-22 20:33:37,DEVICE_MISMATCH,67.92,CLOSED,N,INV0048
9002192,1034274,2026-03-23 11:50:40,VELOCITY,21.91,OPEN,N,INV0046
9002193,1034275,2026-03-27 16:34:59,VELOCITY,74.08,CLOSED,N,INV0039
9002194,1034288,2026-05-18 11:30:00,HIGH_VALUE,19.42,OPEN,N,INV0094
9002195,1034315,2026-06-24 04:12:17,VELOCITY,11.13,CLOSED,N,INV0084
9002196,1034329,2026-01-06 11:29:36,GEO_ANOMALY,61.39,CLOSED,Y,INV0014
9002197,1034338,2026-07-01 09:58:59,HIGH_VALUE,38.65,OPEN,Y,INV0078
9002198,1034383,2026-06-10 16:27:07,HIGH_VALUE,2.41,CLOSED,Y,INV0097
9002199,1034410,2026-05-29 04:49:59,DEVICE_MISMATCH,57.81,CLOSED,Y,INV0035
9002200,1034427,2026-07-30 08:47:53,GEO_ANOMALY,67.78,CLOSED,Y,INV0019
9002201,1034433,2026-04-29 17:35:15,DEVICE_MISMATCH,33.66,OPEN,N,INV0021
9002202,1034438,2026-06-19 23:34:30,RISK_SCORE,38.06,OPEN,N,INV0007
9002203,1034440,2026-01-17 10:02:15,DEVICE_MISMATCH,40.63,CLOSED,N,INV0072
9002204,1034447,2026-02-23 01:12:19,GEO_ANOMALY,26.2,CLOSED,N,INV0096
9002205,1034454,2026-07-25 15:12:50,DEVICE_MISMATCH,39.33,OPEN,N,INV0056
9002206,1034463,2026-08-16 08:09:27,HIGH_VALUE,32.53,CLOSED,N,INV0042
9002207,1034475,2026-07-18 06:28:18,DEVICE_MISMATCH,39.55,CLOSED,N,INV0061
9002208,1034476,2026-08-23 00:49:32,DEVICE_MISMATCH,28.07,ESCALATED,Y,INV0040
9002209,1034500,2026-05-18 16:43:57,HIGH_VALUE,38.89,OPEN,N,INV0073
9002210,1034517,2026-06-01 04:32:58,GEO_ANOMALY,42.13,CLOSED,Y,INV0032
9002211,1034520,2026-06-22 10:07:22,DEVICE_MISMATCH,53.31,CLOSED,N,INV0028
9002212,1034525,2026-01-12 13:53:39,GEO_ANOMALY,47.98,OPEN,N,INV0010
9002213,1034547,2026-08-01 03:21:51,HIGH_VALUE,51.47,CLOSED,N,INV0072
9002214,1034562,2026-08-12 10:33:04,HIGH_VALUE,20.63,CLOSED,N,INV0061
9002215,1034584,2026-02-23 13:50:38,HIGH_VALUE,82.6,CLOSED,N,INV0020
9002216,1034585,2026-08-05 18:02:54,VELOCITY,29.33,CLOSED,N,INV0017
9002217,1034590,2026-05-23 07:19:02,VELOCITY,44.93,CLOSED,N,INV0005
9002218,1034595,2026-02-06 16:37:08,RISK_SCORE,19.08,CLOSED,N,INV0056
9002219,1034609,2026-07-03 10:01:25,DEVICE_MISMATCH,47.55,OPEN,Y,INV0063
9002220,1034621,2026-05-06 06:08:28,RISK_SCORE,37.41,OPEN,N,INV0016
9002221,1034630,2026-03-27 14:00:47,HIGH_VALUE,48.93,CLOSED,N,INV0069
9002222,1034631,2026-02-04 23:58:34,HIGH_VALUE,57.03,OPEN,N,INV0048
9002223,1034722,2026-01-23 07:13:57,DEVICE_MISMATCH,0.0,CLOSED,N,INV0057
9002224,1034723,2026-06-16 01:01:41,HIGH_VALUE,74.72,CLOSED,N,INV0046
9002225,1034739,2026-07-13 22:20:56,DEVICE_MISMATCH,39.49,ESCALATED,N,INV0090
9002226,1034740,2026-06-14 02:16:09,HIGH_VALUE,23.78,OPEN,N,INV0027
9002227,1034745,2026-04-22 08:59:25,DEVICE_MISMATCH,20.09,CLOSED,N,INV0005
9002228,1034754,2026-05-24 09:54:35,DEVICE_MISMATCH,59.24,CLOSED,Y,INV0041
9002229,1034755,2026-02-02 08:02:59,VELOCITY,68.71,OPEN,N,INV0006
9002230,1034769,2026-04-03 17:41:45,VELOCITY,61.02,CLOSED,N,INV0023
9002231,1034777,2026-02-13 02:49:40,RISK_SCORE,37.73,ESCALATED,N,INV0061
9002232,1034779,2026-04-01 15:01:43,GEO_ANOMALY,91.41,CLOSED,N,INV0008
9002233,1034792,2026-05-20 21:52:49,GEO_ANOMALY,29.04,OPEN,N,INV0031
9002234,1034806,2026-06-04 07:08:44,GEO_ANOMALY,14.69,OPEN,N,INV0083
9002235,1034829,2026-06-12 04:06:13,DEVICE_MISMATCH,73.37,CLOSED,N,INV0021
9002236,1034834,2026-05-23 14:15:16,DEVICE_MISMATCH,12.07,OPEN,N,INV0020
9002237,1034852,2026-06-02 12:03:58,HIGH_VALUE,43.04,CLOSED,N,INV0085
9002238,1034866,2026-03-14 16:57:39,VELOCITY,30.32,OPEN,N,INV0031
9002239,1034871,2026-05-29 06:51:56,GEO_ANOMALY,23.27,OPEN,N,INV0030
9002240,1034879,2026-08-18 21:09:10,HIGH_VALUE,48.33,OPEN,N,INV0072
9002241,1034886,2026-02-13 12:45:31,DEVICE_MISMATCH,26.68,CLOSED,N,INV0076
9002242,1034899,2026-06-08 13:54:29,DEVICE_MISMATCH,49.71,CLOSED,N,INV0092
9002243,1034906,2026-03-12 20:45:41,VELOCITY,27.43,CLOSED,Y,INV0092
9002244,1034929,2026-01-29 07:49:54,RISK_SCORE,46.32,OPEN,N,INV0038
9002245,1034934,2026-01-21 14:42:53,VELOCITY,30.26,CLOSED,N,INV0036
9002246,1034936,2026-04-06 03:51:21,DEVICE_MISMATCH,33.04,CLOSED,Y,INV0078
9002247,1034941,2026-01-18 12:37:58,DEVICE_MISMATCH,72.22,OPEN,N,INV0070
9002248,1034950,2026-08-09 21:56:26,VELOCITY,64.3,CLOSED,N,INV0098
9002249,1034978,2026-05-19 14:19:44,VELOCITY,42.9,CLOSED,N,INV0011
9002250,1034980,2026-08-01 23:36:07,HIGH_VALUE,62.29,CLOSED,Y,INV0052
9002251,1034998,2026-08-13 18:58:40,HIGH_VALUE,71.52,CLOSED,N,INV0036
9002252,1035047,2026-05-14 23:21:35,RISK_SCORE,36.58,OPEN,N,INV0036
9002253,1035052,2026-08-15 01:47:09,RISK_SCORE,57.6,CLOSED,N,INV0083
9002254,1035058,2026-01-19 23:57:56,HIGH_VALUE,26.98,CLOSED,Y,INV0071
9002255,1035071,2026-08-24 14:16:58,DEVICE_MISMATCH,61.27,CLOSED,N,INV0087
9002256,1035076,2026-02-14 20:54:20,GEO_ANOMALY,56.83,OPEN,N,INV0083
9002257,1035119,2026-05-04 11:29:48,DEVICE_MISMATCH,7.49,CLOSED,N,INV0076
9002258,1035126,2026-01-06 06:15:02,VELOCITY,48.74,OPEN,Y,INV0023
9002259,1035139,2026-05-30 08:53:32,HIGH_VALUE,11.49,CLOSED,N,INV0074
9002260,1035167,2026-07-30 06:29:05,HIGH_VALUE,25.19,CLOSED,N,INV0065
9002261,1035191,2026-06-17 11:49:07,HIGH_VALUE,63.71,OPEN,N,INV0010
9002262,1035208,2026-07-18 02:59:57,DEVICE_MISMATCH,47.17,CLOSED,N,INV0099
9002263,1035241,2026-04-20 17:49:27,RISK_SCORE,36.84,CLOSED,N,INV0091
9002264,1035242,2026-02-08 17:10:50,VELOCITY,46.39,OPEN,N,INV0044
9002265,1035243,2026-05-20 05:40:58,GEO_ANOMALY,21.13,CLOSED,N,INV0007
9002266,1035245,2026-01-02 21:51:20,RISK_SCORE,54.45,ESCALATED,N,INV0051
9002267,1035253,2026-05-06 14:49:46,DEVICE_MISMATCH,41.1,CLOSED,N,INV0032
9002268,1035319,2026-02-18 22:39:48,HIGH_VALUE,15.61,OPEN,N,INV0068
9002269,1035334,2026-05-02 08:34:46,GEO_ANOMALY,38.65,ESCALATED,N,INV0004
9002270,1035338,2026-07-14 01:10:32,HIGH_VALUE,73.29,CLOSED,N,INV0010
9002271,1035341,2026-07-28 15:20:01,RISK_SCORE,31.29,CLOSED,Y,INV0018
9002272,1035350,2026-04-23 09:22:57,HIGH_VALUE,86.42,CLOSED,Y,INV0087
9002273,1035424,2026-02-14 03:12:54,HIGH_VALUE,15.6,CLOSED,N,INV0005
9002274,1035430,2026-08-11 00:09:56,GEO_ANOMALY,42.27,CLOSED,N,INV0065
9002275,1035446,2026-08-25 05:02:51,RISK_SCORE,66.6,CLOSED,N,INV0012
9002276,1035466,2026-06-28 05:36:39,GEO_ANOMALY,40.62,CLOSED,N,INV0086
9002277,1035468,2026-05-20 21:20:18,GEO_ANOMALY,47.36,CLOSED,Y,INV0064
9002278,1035482,2026-04-20 00:23:47,RISK_SCORE,50.73,CLOSED,N,INV0023
9002279,1035488,2026-04-22 11:49:37,VELOCITY,27.0,OPEN,N,INV0010
9002280,1035509,2026-08-09 23:20:35,VELOCITY,29.59,OPEN,N,INV0018
9002281,1035510,2026-07-12 03:01:16,VELOCITY,33.34,OPEN,Y,INV0057
9002282,1035526,2026-08-28 15:14:00,RISK_SCORE,8.11,OPEN,N,INV0069
9002283,1035542,2026-08-05 10:18:07,GEO_ANOMALY,35.06,OPEN,N,INV0037
9002284,1035552,2026-04-16 00:19:06,GEO_ANOMALY,81.5,OPEN,N,INV0011
9002285,1035566,2026-05-25 18:41:51,RISK_SCORE,32.93,OPEN,Y,INV0085
9002286,1035571,2026-05-02 05:16:45,RISK_SCORE,34.14,CLOSED,N,INV0046
9002287,1035577,2026-04-22 11:59:58,GEO_ANOMALY,71.5,OPEN,N,INV0020
9002288,1035598,2026-04-04 01:52:33,RISK_SCORE,74.86,CLOSED,Y,INV0072
9002289,1035607,2026-01-17 04:50:56,GEO_ANOMALY,26.96,CLOSED,Y,INV0029
9002290,1035626,2026-07-21 04:06:51,GEO_ANOMALY,39.58,CLOSED,N,INV0049
9002291,1035640,2026-02-28 14:20:29,RISK_SCORE,21.01,CLOSED,N,INV0092
9002292,1035673,2026-02-01 22:00:04,GEO_ANOMALY,76.65,CLOSED,N,INV0082
9002293,1035691,2026-07-28 15:49:22,GEO_ANOMALY,44.88,CLOSED,N,INV0013
9002294,1035703,2026-04-09 20:35:41,HIGH_VALUE,58.89,CLOSED,Y,INV0052
9002295,1035720,2026-08-07 04:06:08,DEVICE_MISMATCH,44.49,OPEN,N,INV0049
9002296,1035724,2026-08-04 22:18:14,RISK_SCORE,29.38,OPEN,N,INV0074
9002297,1035751,2026-04-21 20:23:50,HIGH_VALUE,50.51,OPEN,N,INV0068
9002298,1035759,2026-08-05 17:38:30,VELOCITY,68.74,OPEN,N,INV0085
9002299,1035790,2026-01-01 17:11:49,VELOCITY,48.19,CLOSED,N,INV0069
9002300,1035793,2026-03-16 02:36:53,HIGH_VALUE,80.96,OPEN,N,INV0042
9002301,1035804,2026-02-04 23:57:25,RISK_SCORE,83.91,ESCALATED,N,INV0066
9002302,1035809,2026-01-12 04:21:00,VELOCITY,25.7,CLOSED,N,INV0050
9002303,1035830,2026-06-22 22:47:19,RISK_SCORE,28.8,CLOSED,N,INV0092
9002304,1035834,2026-04-17 21:24:27,DEVICE_MISMATCH,33.83,CLOSED,N,INV0081
9002305,1035839,2026-06-01 07:17:33,VELOCITY,66.77,OPEN,N,INV0064
9002306,1035856,2026-06-13 09:44:23,RISK_SCORE,39.64,CLOSED,N,INV0047
9002307,1035873,2026-02-11 14:38:12,RISK_SCORE,58.66,CLOSED,N,INV0005
9002308,1035879,2026-01-07 04:14:25,RISK_SCORE,57.59,CLOSED,N,INV0011
9002309,1035883,2026-08-08 05:58:47,VELOCITY,12.88,CLOSED,Y,INV0044
9002310,1035890,2026-05-13 12:33:48,DEVICE_MISMATCH,23.41,CLOSED,N,INV0024
9002311,1035902,2026-06-17 02:47:38,GEO_ANOMALY,9.74,CLOSED,N,INV0021
9002312,1035903,2026-04-15 21:09:31,HIGH_VALUE,64.55,OPEN,N,INV0025
9002313,1035913,2026-05-15 15:15:47,DEVICE_MISMATCH,12.8,CLOSED,N,INV0018
9002314,1035921,2026-04-02 06:18:36,DEVICE_MISMATCH,64.4,CLOSED,N,INV0077
9002315,1035926,2026-04-27 08:17:59,RISK_SCORE,2.8,CLOSED,N,INV0089
9002316,1035930,2026-08-20 13:50:17,RISK_SCORE,79.4,CLOSED,Y,INV0003
9002317,1035934,2026-02-03 10:39:38,VELOCITY,60.23,OPEN,Y,INV0079
9002318,1035964,2026-03-29 18:53:50,HIGH_VALUE,7.3,CLOSED,N,INV0100
9002319,1035967,2026-06-12 05:50:16,GEO_ANOMALY,46.1,CLOSED,N,INV0021
9002320,1035976,2026-06-15 22:45:31,GEO_ANOMALY,19.82,CLOSED,N,INV0098
9002321,1036012,2026-03-09 11:26:13,HIGH_VALUE,65.04,CLOSED,N,INV0089
9002322,1036015,2026-01-30 02:24:42,HIGH_VALUE,49.27,CLOSED,N,INV0046
9002323,1036034,2026-05-23 10:19:39,DEVICE_MISMATCH,16.73,CLOSED,N,INV0055
9002324,1036046,2026-02-03 04:37:42,RISK_SCORE,47.85,CLOSED,N,INV0031
9002325,1036049,2026-05-26 12:34:06,DEVICE_MISMATCH,10.35,OPEN,N,INV0024
9002326,1036102,2026-07-01 12:57:56,HIGH_VALUE,7.78,CLOSED,N,INV0031
9002327,1036124,2026-06-09 14:02:57,DEVICE_MISMATCH,32.5,CLOSED,N,INV0028
9002328,1036152,2026-02-05 10:08:32,HIGH_VALUE,14.61,CLOSED,N,INV0073
9002329,1036154,2026-02-07 08:21:39,DEVICE_MISMATCH,27.09,OPEN,N,INV0061
9002330,1036158,2026-07-29 15:09:09,GEO_ANOMALY,22.27,CLOSED,N,INV0098
9002331,1036162,2026-07-14 10:39:13,GEO_ANOMALY,45.76,OPEN,Y,INV0024
9002332,1036169,2026-02-19 03:02:01,GEO_ANOMALY,61.88,ESCALATED,Y,INV0082
9002333,1036184,2026-02-22 07:43:18,GEO_ANOMALY,54.35,ESCALATED,Y,INV0030
9002334,1036196,2026-05-15 14:29:47,GEO_ANOMALY,5.73,CLOSED,N,INV0015
9002335,1036214,2026-05-24 02:53:53,HIGH_VALUE,27.46,CLOSED,N,INV0006
9002336,1036216,2026-04-08 09:30:28,VELOCITY,25.33,OPEN,N,INV0009
9002337,1036228,2026-06-19 02:22:56,VELOCITY,73.64,ESCALATED,N,INV0100
9002338,1036266,2026-03-06 14:49:11,GEO_ANOMALY,48.45,ESCALATED,N,INV0005
9002339,1036278,2026-03-05 13:08:26,HIGH_VALUE,46.07,OPEN,N,INV0065
9002340,1036286,2026-03-07 18:29:41,GEO_ANOMALY,34.71,OPEN,Y,INV0033
9002341,1036300,2026-05-16 17:13:53,RISK_SCORE,4.41,CLOSED,N,INV0023
9002342,1036338,2026-03-01 06:53:07,VELOCITY,29.34,OPEN,N,INV0099
9002343,1036343,2026-08-15 03:36:43,HIGH_VALUE,62.98,CLOSED,Y,INV0002
9002344,1036381,2026-07-23 02:35:51,DEVICE_MISMATCH,33.74,CLOSED,N,INV0020
9002345,1036404,2026-07-12 19:38:39,DEVICE_MISMATCH,47.24,OPEN,Y,INV0066
9002346,1036414,2026-04-29 01:02:13,VELOCITY,41.23,OPEN,Y,INV0060
9002347,1036431,2026-03-13 10:44:41,RISK_SCORE,36.27,OPEN,N,INV0062
9002348,1036440,2026-07-17 11:25:41,RISK_SCORE,8.71,OPEN,N,INV0034
9002349,1036461,2026-03-28 03:22:46,GEO_ANOMALY,30.74,CLOSED,N,INV0018
9002350,1036463,2026-02-15 05:23:05,HIGH_VALUE,52.8,OPEN,Y,INV0033
9002351,1036478,2026-04-19 21:46:30,RISK_SCORE,77.28,OPEN,Y,INV0029
9002352,1036524,2026-08-08 02:57:17,HIGH_VALUE,72.75,CLOSED,N,INV0053
9002353,1036528,2026-02-28 23:40:39,GEO_ANOMALY,41.14,OPEN,N,INV0090
9002354,1036540,2026-08-08 06:44:19,DEVICE_MISMATCH,48.4,CLOSED,N,INV0002
9002355,1036564,2026-06-01 17:14:53,GEO_ANOMALY,35.48,OPEN,Y,INV0085
9002356,1036582,2026-01-27 03:05:34,HIGH_VALUE,30.75,OPEN,N,INV0070
9002357,1036600,2026-06-08 08:44:44,VELOCITY,20.69,CLOSED,N,INV0063
9002358,1036620,2026-01-07 09:30:08,HIGH_VALUE,17.74,OPEN,N,INV0082
9002359,1036621,2026-02-26 13:17:40,HIGH_VALUE,53.16,CLOSED,Y,INV0014
9002360,1036642,2026-02-01 00:00:32,VELOCITY,53.56,CLOSED,N,INV0003
9002361,1036659,2026-07-19 05:57:16,VELOCITY,47.28,OPEN,N,INV0049
9002362,1036670,2026-07-03 23:03:46,HIGH_VALUE,54.3,OPEN,N,INV0001
9002363,1036738,2026-01-23 11:48:10,DEVICE_MISMATCH,65.29,CLOSED,Y,INV0011
9002364,1036758,2026-03-23 10:24:46,GEO_ANOMALY,50.97,OPEN,Y,INV0030
9002365,1036767,2026-07-27 22:58:21,GEO_ANOMALY,71.03,CLOSED,N,INV0033
9002366,1036773,2026-01-23 02:29:10,RISK_SCORE,43.18,CLOSED,Y,INV0050
9002367,1036777,2026-06-08 12:43:55,GEO_ANOMALY,48.18,ESCALATED,N,INV0054
9002368,1036804,2026-07-21 22:38:18,VELOCITY,69.69,CLOSED,N,INV0070
9002369,1036805,2026-03-04 09:12:57,VELOCITY,34.47,OPEN,N,INV0043
9002370,1036812,2026-07-24 19:58:49,HIGH_VALUE,21.43,CLOSED,N,INV0011
9002371,1036816,2026-01-22 12:08:47,HIGH_VALUE,42.98,CLOSED,Y,INV0031
9002372,1036832,2026-03-18 18:40:43,RISK_SCORE,58.51,CLOSED,N,INV0002
9002373,1036858,2026-05-02 19:39:38,RISK_SCORE,7.26,CLOSED,N,INV0067
9002374,1036872,2026-08-05 09:41:33,VELOCITY,35.03,CLOSED,Y,INV0001
9002375,1036881,2026-02-14 23:26:44,GEO_ANOMALY,6.74,CLOSED,N,INV0086
9002376,1036898,2026-01-23 21:01:14,GEO_ANOMALY,46.9,OPEN,N,INV0050
9002377,1036927,2026-06-16 15:39:16,DEVICE_MISMATCH,61.8,CLOSED,N,INV0071
9002378,1036968,2026-02-26 20:23:17,DEVICE_MISMATCH,32.26,CLOSED,N,INV0062
9002379,1036988,2026-05-04 02:22:19,DEVICE_MISMATCH,66.39,CLOSED,N,INV0051
9002380,1037002,2026-01-09 03:22:00,DEVICE_MISMATCH,25.75,CLOSED,Y,INV0002
9002381,1037025,2026-01-01 02:50:33,GEO_ANOMALY,13.58,CLOSED,N,INV0089
9002382,1037081,2026-05-05 18:40:16,VELOCITY,48.61,CLOSED,N,INV0085
9002383,1037089,2026-02-22 16:09:42,HIGH_VALUE,79.14,CLOSED,N,INV0045
9002384,1037107,2026-01-16 16:00:46,VELOCITY,34.95,CLOSED,N,INV0069
9002385,1037123,2026-08-05 04:36:04,VELOCITY,24.66,CLOSED,N,INV0091
9002386,1037127,2026-06-02 02:36:54,HIGH_VALUE,51.66,OPEN,Y,INV0045
9002387,1037131,2026-04-20 10:31:02,HIGH_VALUE,74.48,CLOSED,Y,INV0053
9002388,1037137,2026-03-16 12:17:37,VELOCITY,69.81,CLOSED,Y,INV0074
9002389,1037156,2026-08-20 12:21:24,VELOCITY,52.7,CLOSED,Y,INV0100
9002390,1037172,2026-08-09 03:24:01,RISK_SCORE,17.88,CLOSED,N,INV0041
9002391,1037177,2026-05-17 20:47:58,RISK_SCORE,41.26,CLOSED,N,INV0013
9002392,1037209,2026-04-20 17:03:46,HIGH_VALUE,24.6,CLOSED,N,INV0096
9002393,1037218,2026-01-25 17:03:43,RISK_SCORE,48.43,ESCALATED,N,INV0013
9002394,1037250,2026-01-05 01:20:44,RISK_SCORE,55.71,CLOSED,N,INV0020
9002395,1037271,2026-03-10 06:36:49,RISK_SCORE,51.58,OPEN,Y,INV0070
9002396,1037308,2026-05-08 19:40:42,RISK_SCORE,38.14,CLOSED,N,INV0050
9002397,1037348,2026-05-08 08:01:19,HIGH_VALUE,48.79,CLOSED,Y,INV0066
9002398,1037364,2026-03-08 05:15:49,RISK_SCORE,68.81,CLOSED,N,INV0002
9002399,1037379,2026-04-16 01:45:30,GEO_ANOMALY,24.11,OPEN,N,INV0040
9002400,1037382,2026-06-09 01:29:35,HIGH_VALUE,62.36,CLOSED,N,INV0082
9002401,1037388,2026-07-20 01:03:31,VELOCITY,26.22,CLOSED,Y,INV0085
9002402,1037409,2026-08-27 09:45:05,GEO_ANOMALY,21.56,OPEN,N,INV0072
9002403,1037441,2026-05-17 15:03:12,HIGH_VALUE,53.58,ESCALATED,Y,INV0032
9002404,1037449,2026-04-12 17:34:42,GEO_ANOMALY,20.22,CLOSED,N,INV0018
9002405,1037453,2026-06-16 15:33:30,VELOCITY,71.06,CLOSED,N,INV0049
9002406,1037458,2026-08-04 14:14:46,RISK_SCORE,46.64,CLOSED,N,INV0028
9002407,1037481,2026-03-01 14:58:07,HIGH_VALUE,63.78,CLOSED,N,INV0080
9002408,1037482,2026-07-13 20:16:33,DEVICE_MISMATCH,47.16,ESCALATED,N,INV0032
9002409,1037586,2026-03-28 14:57:58,HIGH_VALUE,50.8,CLOSED,N,INV0056
9002410,1037588,2026-02-16 04:48:15,HIGH_VALUE,11.36,ESCALATED,N,INV0050
9002411,1037592,2026-04-09 17:11:51,VELOCITY,68.41,OPEN,Y,INV0077
9002412,1037593,2026-05-01 01:43:52,RISK_SCORE,34.43,ESCALATED,N,INV0076
9002413,1037612,2026-05-09 13:31:48,GEO_ANOMALY,16.17,CLOSED,N,INV0029
9002414,1037617,2026-02-04 09:05:40,GEO_ANOMALY,10.25,CLOSED,N,INV0053
9002415,1037632,2026-06-28 09:00:21,DEVICE_MISMATCH,33.87,CLOSED,N,INV0080
9002416,1037633,2026-05-01 22:45:39,RISK_SCORE,35.59,CLOSED,N,INV0005
9002417,1037634,2026-02-08 14:48:19,VELOCITY,21.36,OPEN,N,INV0098
9002418,1037635,2026-03-06 22:04:52,VELOCITY,74.77,CLOSED,N,INV0072
9002419,1037645,2026-06-09 05:39:05,RISK_SCORE,54.26,CLOSED,Y,INV0072
9002420,1037666,2026-01-02 19:09:23,HIGH_VALUE,60.82,OPEN,Y,INV0027
9002421,1037685,2026-05-06 07:41:04,HIGH_VALUE,51.27,CLOSED,N,INV0032
9002422,1037698,2026-03-14 08:48:01,GEO_ANOMALY,43.81,OPEN,N,INV0045
9002423,1037712,2026-06-20 02:53:20,DEVICE_MISMATCH,74.41,CLOSED,Y,INV0028
9002424,1037759,2026-05-30 17:50:05,VELOCITY,53.58,CLOSED,Y,INV0038
9002425,1037781,2026-06-23 13:02:00,GEO_ANOMALY,49.61,OPEN,N,INV0069
9002426,1037783,2026-05-31 02:52:35,VELOCITY,0.79,OPEN,N,INV0015
9002427,1037794,2026-06-13 12:17:49,DEVICE_MISMATCH,22.45,CLOSED,N,INV0043
9002428,1037798,2026-04-23 00:46:08,VELOCITY,85.41,OPEN,N,INV0038
9002429,1037803,2026-04-18 05:44:57,GEO_ANOMALY,41.94,ESCALATED,N,INV0056
9002430,1037804,2026-07-22 13:02:40,VELOCITY,55.95,CLOSED,Y,INV0014
9002431,1037810,2026-02-22 19:41:52,DEVICE_MISMATCH,90.59,CLOSED,N,INV0008
9002432,1037814,2026-03-06 19:13:41,VELOCITY,55.28,CLOSED,N,INV0092
9002433,1037822,2026-07-18 13:31:55,GEO_ANOMALY,52.75,CLOSED,Y,INV0021
9002434,1037851,2026-07-06 08:57:59,VELOCITY,71.33,CLOSED,N,INV0057
9002435,1037865,2026-02-15 09:36:12,DEVICE_MISMATCH,34.66,CLOSED,N,INV0093
9002436,1037872,2026-05-02 15:45:57,RISK_SCORE,76.44,CLOSED,Y,INV0079
9002437,1037878,2026-08-01 02:55:26,DEVICE_MISMATCH,20.47,CLOSED,N,INV0004
9002438,1037886,2026-05-03 20:42:15,HIGH_VALUE,32.44,OPEN,N,INV0036
9002439,1037894,2026-07-07 05:50:08,RISK_SCORE,39.45,ESCALATED,Y,INV0060
9002440,1037907,2026-03-22 04:17:07,GEO_ANOMALY,58.38,CLOSED,N,INV0073
9002441,1037919,2026-08-10 16:43:31,GEO_ANOMALY,51.86,CLOSED,Y,INV0034
9002442,1037927,2026-06-04 20:19:23,RISK_SCORE,26.7,ESCALATED,Y,INV0006
9002443,1037965,2026-01-15 08:34:52,VELOCITY,40.89,OPEN,N,INV0049
9002444,1037974,2026-04-21 15:19:19,RISK_SCORE,78.92,CLOSED,Y,INV0076
9002445,1038006,2026-06-20 22:43:33,DEVICE_MISMATCH,88.52,CLOSED,N,INV0049
9002446,1038019,2026-04-18 03:42:05,DEVICE_MISMATCH,12.23,CLOSED,N,INV0049
9002447,1038026,2026-06-16 08:55:11,RISK_SCORE,37.65,ESCALATED,N,INV0014
9002448,1038031,2026-05-25 06:04:06,HIGH_VALUE,1.32,CLOSED,N,INV0033
9002449,1038038,2026-05-08 00:07:45,HIGH_VALUE,47.6,CLOSED,Y,INV0014
9002450,1038040,2026-06-06 01:09:20,DEVICE_MISMATCH,36.02,CLOSED,N,INV0070
9002451,1038041,2026-01-09 05:29:57,GEO_ANOMALY,50.23,CLOSED,N,INV0043
9002452,1038074,2026-06-19 03:44:03,GEO_ANOMALY,51.95,OPEN,Y,INV0004
9002453,1038099,2026-03-10 16:42:28,VELOCITY,51.42,OPEN,Y,INV0007
9002454,1038130,2026-07-14 01:48:06,DEVICE_MISMATCH,38.45,ESCALATED,N,INV0030
9002455,1038155,2026-06-26 23:29:52,GEO_ANOMALY,55.79,ESCALATED,N,INV0077
9002456,1038187,2026-07-30 10:21:59,VELOCITY,55.32,ESCALATED,Y,INV0070
9002457,1038200,2026-04-06 21:13:07,GEO_ANOMALY,26.56,CLOSED,N,INV0007
9002458,1038204,2026-04-06 09:17:17,DEVICE_MISMATCH,64.0,CLOSED,N,INV0006
9002459,1038213,2026-04-23 05:39:20,DEVICE_MISMATCH,28.96,ESCALATED,N,INV0005
9002460,1038260,2026-01-21 19:36:30,VELOCITY,56.2,OPEN,N,INV0071
9002461,1038278,2026-05-10 21:03:48,DEVICE_MISMATCH,65.43,CLOSED,N,INV0010
9002462,1038307,2026-01-24 07:56:27,GEO_ANOMALY,45.09,CLOSED,Y,INV0026
9002463,1038314,2026-03-04 03:24:13,HIGH_VALUE,24.4,OPEN,N,INV0063
9002464,1038319,2026-04-22 01:47:44,DEVICE_MISMATCH,36.01,CLOSED,N,INV0081
9002465,1038354,2026-05-16 16:31:48,VELOCITY,31.64,CLOSED,Y,INV0074
9002466,1038362,2026-01-23 11:45:24,VELOCITY,82.89,CLOSED,N,INV0021
9002467,1038413,2026-08-19 10:57:51,DEVICE_MISMATCH,72.01,CLOSED,Y,INV0010
9002468,1038476,2026-08-21 23:13:42,DEVICE_MISMATCH,54.38,CLOSED,Y,INV0014
9002469,1038478,2026-01-14 11:59:09,VELOCITY,40.1,CLOSED,N,INV0032
9002470,1038479,2026-05-14 20:58:08,HIGH_VALUE,11.05,CLOSED,N,INV0089
9002471,1038484,2026-03-21 14:34:37,RISK_SCORE,67.74,OPEN,N,INV0009
9002472,1038501,2026-04-04 18:21:13,DEVICE_MISMATCH,46.1,CLOSED,N,INV0091
9002473,1038507,2026-02-21 03:56:50,GEO_ANOMALY,17.0,CLOSED,Y,INV0091
9002474,1038513,2026-03-20 09:30:42,GEO_ANOMALY,56.92,CLOSED,N,INV0015
9002475,1038516,2026-06-13 12:21:40,DEVICE_MISMATCH,34.94,CLOSED,N,INV0092
9002476,1038542,2026-02-26 16:49:30,DEVICE_MISMATCH,32.63,OPEN,Y,INV0091
9002477,1038551,2026-04-12 22:54:20,DEVICE_MISMATCH,84.51,CLOSED,N,INV0003
9002478,1038590,2026-06-17 19:46:59,GEO_ANOMALY,17.88,CLOSED,N,INV0030
9002479,1038604,2026-03-20 07:41:21,RISK_SCORE,34.03,OPEN,N,INV0001
9002480,1038618,2026-01-31 07:17:01,DEVICE_MISMATCH,36.89,CLOSED,Y,INV0073
9002481,1038623,2026-08-10 07:28:40,VELOCITY,49.58,OPEN,N,INV0076
9002482,1038632,2026-04-02 03:09:56,HIGH_VALUE,32.85,CLOSED,Y,INV0069
9002483,1038644,2026-03-29 05:27:50,RISK_SCORE,0.0,CLOSED,N,INV0015
9002484,1038657,2026-04-26 12:37:54,VELOCITY,46.59,OPEN,N,INV0045
9002485,1038660,2026-02-11 19:02:21,DEVICE_MISMATCH,37.46,OPEN,Y,INV0011
9002486,1038674,2026-05-12 06:09:35,HIGH_VALUE,18.52,CLOSED,N,INV0029
9002487,1038682,2026-05-31 13:09:50,GEO_ANOMALY,52.16,OPEN,N,INV0040
9002488,1038692,2026-03-05 14:34:58,DEVICE_MISMATCH,61.44,CLOSED,N,INV0035
9002489,1038709,2026-02-07 13:21:00,DEVICE_MISMATCH,72.51,CLOSED,N,INV0056
9002490,1038714,2026-03-14 15:06:58,GEO_ANOMALY,47.55,OPEN,N,INV0061
9002491,1038724,2026-04-24 19:12:19,RISK_SCORE,78.98,CLOSED,N,INV0015
9002492,1038756,2026-03-31 07:03:56,GEO_ANOMALY,60.46,CLOSED,N,INV0081
9002493,1038766,2026-07-14 22:12:03,GEO_ANOMALY,71.76,OPEN,N,INV0097
9002494,1038771,2026-05-27 18:49:31,DEVICE_MISMATCH,68.07,CLOSED,N,INV0017
9002495,1038811,2026-07-16 17:44:09,HIGH_VALUE,6.32,CLOSED,N,INV0007
9002496,1038820,2026-06-18 11:33:31,HIGH_VALUE,54.22,OPEN,Y,INV0070
9002497,1038825,2026-05-07 19:12:03,HIGH_VALUE,37.24,CLOSED,N,INV0002
9002498,1038838,2026-04-06 13:43:50,HIGH_VALUE,55.7,CLOSED,N,INV0035
9002499,1038845,2026-03-10 02:38:28,RISK_SCORE,57.82,OPEN,N,INV0093
9002500,1038894,2026-08-22 01:03:01,GEO_ANOMALY,28.26,CLOSED,N,INV0036
9002501,1038907,2026-03-31 21:34:54,HIGH_VALUE,26.21,CLOSED,N,INV0043
9002502,1038917,2026-01-29 18:15:06,GEO_ANOMALY,61.19,OPEN,Y,INV0019
9002503,1038927,2026-04-15 04:02:38,HIGH_VALUE,23.17,OPEN,N,INV0062
9002504,1038958,2026-03-21 09:16:14,GEO_ANOMALY,64.17,CLOSED,N,INV0055
9002505,1038962,2026-04-16 17:32:20,VELOCITY,46.15,OPEN,Y,INV0004
9002506,1038974,2026-01-11 22:40:30,VELOCITY,57.32,CLOSED,Y,INV0065
9002507,1038979,2026-02-19 22:01:16,HIGH_VALUE,45.72,OPEN,Y,INV0076
9002508,1039012,2026-08-26 01:17:54,GEO_ANOMALY,35.38,CLOSED,N,INV0070
9002509,1039040,2026-06-14 18:09:12,GEO_ANOMALY,65.47,CLOSED,N,INV0025
9002510,1039055,2026-06-28 05:24:17,GEO_ANOMALY,46.02,ESCALATED,N,INV0039
9002511,1039076,2026-01-06 14:35:02,DEVICE_MISMATCH,71.27,CLOSED,N,INV0085
9002512,1039097,2026-06-12 11:40:51,GEO_ANOMALY,70.04,CLOSED,N,INV0049
9002513,1039117,2026-03-16 05:43:23,VELOCITY,67.45,CLOSED,N,INV0065
9002514,1039122,2026-08-26 06:27:32,RISK_SCORE,62.13,OPEN,Y,INV0068
9002515,1039136,2026-04-08 23:09:19,HIGH_VALUE,30.65,OPEN,N,INV0065
9002516,1039168,2026-08-21 09:51:31,HIGH_VALUE,15.43,CLOSED,Y,INV0083
9002517,1039177,2026-02-05 04:18:19,GEO_ANOMALY,92.2,CLOSED,N,INV0068
9002518,1039193,2026-06-26 11:57:32,VELOCITY,37.96,CLOSED,N,INV0027
9002519,1039214,2026-07-31 15:09:47,GEO_ANOMALY,26.78,OPEN,N,INV0008
9002520,1039215,2026-03-17 22:59:47,GEO_ANOMALY,63.91,CLOSED,Y,INV0026
9002521,1039218,2026-01-16 19:34:49,DEVICE_MISMATCH,65.5,OPEN,N,INV0055
9002522,1039239,2026-06-25 19:07:32,GEO_ANOMALY,23.43,CLOSED,N,INV0028
9002523,1039253,2026-03-21 02:20:27,VELOCITY,53.24,CLOSED,N,INV0003
9002524,1039273,2026-03-28 22:36:24,DEVICE_MISMATCH,69.52,OPEN,N,INV0009
9002525,1039299,2026-01-24 11:41:10,HIGH_VALUE,68.54,OPEN,Y,INV0079
9002526,1039300,2026-04-01 23:08:04,DEVICE_MISMATCH,82.19,CLOSED,N,INV0029
9002527,1039307,2026-03-24 16:42:24,HIGH_VALUE,21.96,CLOSED,N,INV0006
9002528,1039315,2026-04-19 23:27:49,RISK_SCORE,18.83,CLOSED,N,INV0048
9002529,1039417,2026-07-11 05:19:20,HIGH_VALUE,14.8,CLOSED,N,INV0053
9002530,1039486,2026-08-28 14:00:50,GEO_ANOMALY,1.41,OPEN,N,INV0001
9002531,1039492,2026-01-18 06:24:34,GEO_ANOMALY,45.1,OPEN,N,INV0091
9002532,1039495,2026-06-23 21:14:50,HIGH_VALUE,50.96,CLOSED,N,INV0024
9002533,1039503,2026-02-14 20:21:52,HIGH_VALUE,14.15,CLOSED,N,INV0054
9002534,1039508,2026-01-31 23:07:57,RISK_SCORE,4.94,OPEN,N,INV0018
9002535,1039512,2026-05-17 03:52:37,DEVICE_MISMATCH,70.4,OPEN,N,INV0027
9002536,1039535,2026-05-04 17:27:12,HIGH_VALUE,61.46,OPEN,N,INV0005
9002537,1039549,2026-08-01 18:09:48,HIGH_VALUE,61.59,CLOSED,Y,INV0098
9002538,1039574,2026-03-15 18:27:18,RISK_SCORE,36.1,CLOSED,N,INV0001
9002539,1039610,2026-06-28 08:41:02,GEO_ANOMALY,54.23,OPEN,N,INV0045
9002540,1039619,2026-02-14 15:18:50,RISK_SCORE,65.52,OPEN,N,INV0054
9002541,1039635,2026-07-13 12:38:32,VELOCITY,67.62,CLOSED,N,INV0074
9002542,1039682,2026-04-02 05:48:37,HIGH_VALUE,41.64,OPEN,N,INV0056
9002543,1039700,2026-01-28 22:49:23,HIGH_VALUE,50.55,OPEN,Y,INV0073
9002544,1039716,2026-03-28 17:11:41,RISK_SCORE,55.42,CLOSED,Y,INV0062
9002545,1039752,2026-08-25 04:59:04,RISK_SCORE,31.27,CLOSED,N,INV0046
9002546,1039766,2026-02-24 02:50:51,VELOCITY,56.74,OPEN,Y,INV0025
9002547,1039773,2026-04-25 03:29:54,HIGH_VALUE,77.28,CLOSED,Y,INV0067
9002548,1039775,2026-07-28 05:44:44,HIGH_VALUE,58.73,CLOSED,N,INV0038
9002549,1039786,2026-08-08 20:09:58,DEVICE_MISMATCH,47.39,CLOSED,N,INV0079
9002550,1039808,2026-02-06 07:39:45,GEO_ANOMALY,67.42,OPEN,N,INV0004
9002551,1039839,2026-04-02 03:16:48,HIGH_VALUE,48.75,CLOSED,N,INV0018
9002552,1039862,2026-02-07 22:21:07,DEVICE_MISMATCH,47.13,OPEN,N,INV0074
9002553,1039868,2026-05-23 03:55:33,GEO_ANOMALY,62.78,CLOSED,N,INV0044
9002554,1039877,2026-07-11 05:03:57,DEVICE_MISMATCH,58.78,OPEN,N,INV0027
9002555,1039883,2026-05-20 14:59:27,GEO_ANOMALY,39.71,CLOSED,N,INV0068
9002556,1039904,2026-08-01 03:02:50,GEO_ANOMALY,51.03,CLOSED,N,INV0067
9002557,1039928,2026-01-04 01:10:29,GEO_ANOMALY,89.53,CLOSED,N,INV0091
9002558,1039960,2026-04-16 13:56:59,RISK_SCORE,6.66,OPEN,N,INV0035
9002559,1039964,2026-05-08 03:58:38,HIGH_VALUE,75.67,OPEN,Y,INV0097
9002560,1039966,2026-06-14 19:56:02,GEO_ANOMALY,11.97,CLOSED,Y,INV0063
9002561,1039977,2026-07-12 15:47:10,DEVICE_MISMATCH,22.76,CLOSED,N,INV0067
9002562,1040022,2026-02-19 10:52:36,VELOCITY,25.13,CLOSED,Y,INV0029
9002563,1040044,2026-04-28 11:34:13,VELOCITY,33.15,OPEN,N,INV0061
9002564,1040060,2026-07-27 09:20:32,HIGH_VALUE,41.72,OPEN,N,INV0086
9002565,1040072,2026-03-10 12:03:15,VELOCITY,54.97,CLOSED,N,INV0034
9002566,1040081,2026-06-12 09:32:31,VELOCITY,21.14,OPEN,N,INV0084
9002567,1040116,2026-01-01 08:51:36,GEO_ANOMALY,69.85,CLOSED,N,INV0019
9002568,1040120,2026-06-14 13:34:34,VELOCITY,60.54,CLOSED,N,INV0028
9002569,1040140,2026-08-06 17:34:07,GEO_ANOMALY,47.58,CLOSED,N,INV0099
9002570,1040145,2026-07-26 20:57:40,GEO_ANOMALY,61.52,CLOSED,N,INV0060
9002571,1040151,2026-06-08 16:07:34,GEO_ANOMALY,51.83,CLOSED,N,INV0082
9002572,1040155,2026-02-02 02:31:25,DEVICE_MISMATCH,42.4,ESCALATED,N,INV0040
9002573,1040181,2026-08-04 07:51:31,GEO_ANOMALY,58.05,CLOSED,Y,INV0028
9002574,1040189,2026-08-03 22:24:03,DEVICE_MISMATCH,59.98,CLOSED,Y,INV0028
9002575,1040199,2026-06-19 22:21:43,VELOCITY,38.12,OPEN,N,INV0086
9002576,1040210,2026-04-07 19:20:07,HIGH_VALUE,29.71,OPEN,N,INV0023
9002577,1040230,2026-07-02 13:00:31,VELOCITY,41.68,CLOSED,N,INV0064
9002578,1040245,2026-07-21 06:34:25,DEVICE_MISMATCH,10.73,CLOSED,N,INV0035
9002579,1040312,2026-08-04 04:37:12,HIGH_VALUE,49.01,OPEN,N,INV0033
9002580,1040339,2026-03-22 14:39:11,GEO_ANOMALY,60.96,OPEN,N,INV0082
9002581,1040347,2026-04-25 03:29:06,DEVICE_MISMATCH,48.96,CLOSED,Y,INV0048
9002582,1040353,2026-08-15 09:15:41,HIGH_VALUE,62.45,CLOSED,N,INV0057
9002583,1040358,2026-08-22 03:38:04,VELOCITY,88.18,CLOSED,Y,INV0094
9002584,1040363,2026-02-24 11:07:52,HIGH_VALUE,11.6,ESCALATED,N,INV0052
9002585,1040398,2026-01-28 06:34:28,DEVICE_MISMATCH,59.44,ESCALATED,N,INV0010
9002586,1040405,2026-02-20 07:25:32,GEO_ANOMALY,25.88,CLOSED,N,INV0001
9002587,1040407,2026-08-07 15:49:52,HIGH_VALUE,63.75,OPEN,Y,INV0011
9002588,1040415,2026-05-03 16:44:50,VELOCITY,29.26,OPEN,N,INV0069
9002589,1040425,2026-03-26 04:38:49,RISK_SCORE,73.53,ESCALATED,N,INV0083
9002590,1040519,2026-06-07 05:43:19,RISK_SCORE,54.71,CLOSED,N,INV0029
9002591,1040564,2026-06-02 00:28:33,HIGH_VALUE,77.64,CLOSED,N,INV0023
9002592,1040571,2026-03-15 04:17:33,RISK_SCORE,31.03,OPEN,N,INV0006
9002593,1040594,2026-01-01 14:21:29,VELOCITY,71.72,CLOSED,N,INV0005
9002594,1040623,2026-08-09 16:27:45,HIGH_VALUE,68.99,ESCALATED,Y,INV0076
9002595,1040657,2026-03-05 08:50:40,HIGH_VALUE,62.16,CLOSED,N,INV0033
9002596,1040658,2026-02-18 23:52:25,GEO_ANOMALY,57.29,CLOSED,N,INV0004
9002597,1040667,2026-05-01 08:42:49,VELOCITY,100.0,CLOSED,Y,INV0046
9002598,1040686,2026-08-04 00:51:09,HIGH_VALUE,41.34,OPEN,N,INV0003
9002599,1040692,2026-02-15 22:11:20,GEO_ANOMALY,14.92,OPEN,N,INV0059
9002600,1040700,2026-08-21 06:43:02,GEO_ANOMALY,76.6,CLOSED,N,INV0015
9002601,1040727,2026-03-07 07:31:05,VELOCITY,49.51,CLOSED,N,INV0068
9002602,1040745,2026-03-06 20:02:07,DEVICE_MISMATCH,50.16,CLOSED,N,INV0066
9002603,1040748,2026-05-08 06:01:36,VELOCITY,56.97,OPEN,N,INV0053
9002604,1040756,2026-07-14 04:56:51,HIGH_VALUE,75.39,CLOSED,N,INV0055
9002605,1040757,2026-04-02 12:17:32,RISK_SCORE,30.24,CLOSED,Y,INV0024
9002606,1040761,2026-04-17 11:46:50,GEO_ANOMALY,69.55,OPEN,N,INV0042
9002607,1040769,2026-05-08 16:26:10,RISK_SCORE,30.83,OPEN,N,INV0006
9002608,1040781,2026-08-18 09:46:07,VELOCITY,37.38,ESCALATED,Y,INV0017
9002609,1040800,2026-05-20 04:24:36,RISK_SCORE,48.77,OPEN,Y,INV0008
9002610,1040813,2026-05-16 05:02:47,VELOCITY,52.71,CLOSED,Y,INV0012
9002611,1040831,2026-03-10 06:40:54,VELOCITY,51.14,OPEN,N,INV0072
9002612,1040843,2026-06-09 05:11:31,RISK_SCORE,59.8,OPEN,Y,INV0025
9002613,1040859,2026-06-22 20:02:41,DEVICE_MISMATCH,48.8,OPEN,N,INV0094
9002614,1040918,2026-04-02 11:43:21,VELOCITY,55.01,OPEN,N,INV0083
9002615,1040940,2026-01-08 15:28:20,RISK_SCORE,64.97,CLOSED,Y,INV0044
9002616,1040941,2026-04-05 05:53:13,VELOCITY,38.03,ESCALATED,N,INV0097
9002617,1040972,2026-04-17 13:32:13,GEO_ANOMALY,72.47,OPEN,N,INV0083
9002618,1040993,2026-02-11 22:21:22,DEVICE_MISMATCH,78.86,OPEN,N,INV0041
9002619,1041008,2026-01-14 21:20:02,VELOCITY,54.75,OPEN,N,INV0055
9002620,1041009,2026-04-15 18:42:16,VELOCITY,16.04,CLOSED,N,INV0096
9002621,1041016,2026-01-31 21:35:33,HIGH_VALUE,24.78,CLOSED,Y,INV0056
9002622,1041078,2026-06-28 02:23:31,VELOCITY,5.68,OPEN,Y,INV0017
9002623,1041086,2026-05-17 11:20:25,GEO_ANOMALY,1.85,CLOSED,N,INV0071
9002624,1041093,2026-01-05 02:41:11,HIGH_VALUE,8.45,CLOSED,N,INV0075
9002625,1041103,2026-08-11 06:59:55,VELOCITY,27.58,CLOSED,N,INV0071
9002626,1041117,2026-01-04 11:24:09,DEVICE_MISMATCH,27.33,OPEN,N,INV0097
9002627,1041133,2026-08-15 22:57:54,VELOCITY,46.66,CLOSED,Y,INV0089
9002628,1041159,2026-07-16 15:47:26,HIGH_VALUE,30.71,CLOSED,N,INV0039
9002629,1041175,2026-08-09 19:28:16,HIGH_VALUE,66.49,OPEN,Y,INV0038
9002630,1041184,2026-04-28 16:24:50,VELOCITY,42.23,CLOSED,Y,INV0089
9002631,1041195,2026-01-14 13:42:55,GEO_ANOMALY,19.53,OPEN,N,INV0041
9002632,1041209,2026-02-02 22:06:11,RISK_SCORE,63.9,CLOSED,N,INV0051
9002633,1041221,2026-04-06 09:13:59,HIGH_VALUE,61.11,CLOSED,Y,INV0027
9002634,1041252,2026-07-08 04:57:29,DEVICE_MISMATCH,56.99,CLOSED,N,INV0069
9002635,1041254,2026-03-29 23:26:36,VELOCITY,28.14,CLOSED,N,INV0044
9002636,1041261,2026-01-28 21:01:36,VELOCITY,48.9,CLOSED,Y,INV0018
9002637,1041263,2026-04-29 15:34:06,DEVICE_MISMATCH,6.96,OPEN,Y,INV0020
9002638,1041298,2026-03-08 14:38:14,GEO_ANOMALY,52.09,CLOSED,Y,INV0013
9002639,1041304,2026-01-11 14:37:08,VELOCITY,18.71,OPEN,N,INV0009
9002640,1041323,2026-03-28 10:35:06,RISK_SCORE,25.73,CLOSED,N,INV0019
9002641,1041330,2026-01-27 09:42:33,RISK_SCORE,64.33,CLOSED,Y,INV0031
9002642,1041346,2026-03-16 15:47:10,HIGH_VALUE,27.62,OPEN,N,INV0048
9002643,1041360,2026-08-06 02:24:27,GEO_ANOMALY,63.03,ESCALATED,N,INV0004
9002644,1041373,2026-03-20 18:20:45,DEVICE_MISMATCH,85.46,CLOSED,N,INV0038
9002645,1041406,2026-07-17 03:18:44,DEVICE_MISMATCH,43.8,OPEN,N,INV0072
9002646,1041414,2026-04-14 09:00:55,VELOCITY,87.23,CLOSED,N,INV0097
9002647,1041422,2026-04-23 00:52:49,HIGH_VALUE,30.84,CLOSED,N,INV0023
9002648,1041459,2026-07-12 11:39:57,GEO_ANOMALY,23.75,CLOSED,N,INV0060
9002649,1041527,2026-07-03 03:59:26,VELOCITY,73.08,CLOSED,N,INV0001
9002650,1041541,2026-03-04 05:56:31,VELOCITY,16.54,ESCALATED,N,INV0017
9002651,1041547,2026-04-25 17:43:58,RISK_SCORE,64.44,OPEN,N,INV0074
9002652,1041552,2026-02-19 18:59:05,HIGH_VALUE,81.56,CLOSED,N,INV0023
9002653,1041556,2026-03-13 08:46:32,DEVICE_MISMATCH,67.94,CLOSED,Y,INV0026
9002654,1041572,2026-07-27 06:42:15,GEO_ANOMALY,66.65,CLOSED,N,INV0047
9002655,1041577,2026-02-05 01:49:03,RISK_SCORE,58.53,CLOSED,N,INV0015
9002656,1041586,2026-08-25 23:23:37,HIGH_VALUE,47.67,OPEN,N,INV0083
9002657,1041598,2026-08-28 19:48:14,VELOCITY,46.97,CLOSED,N,INV0045
9002658,1041620,2026-06-12 04:15:01,RISK_SCORE,49.14,CLOSED,N,INV0085
9002659,1041621,2026-04-26 20:48:29,HIGH_VALUE,82.53,CLOSED,N,INV0039
9002660,1041632,2026-08-04 00:33:00,DEVICE_MISMATCH,45.35,CLOSED,Y,INV0037
9002661,1041644,2026-07-09 17:37:17,DEVICE_MISMATCH,27.95,OPEN,Y,INV0044
9002662,1041654,2026-08-04 23:55:43,GEO_ANOMALY,59.76,CLOSED,N,INV0001
9002663,1041666,2026-03-09 05:52:57,VELOCITY,36.57,CLOSED,N,INV0009
9002664,1041671,2026-03-06 19:58:10,RISK_SCORE,42.53,CLOSED,N,INV0026
9002665,1041680,2026-08-27 23:07:45,VELOCITY,50.98,CLOSED,Y,INV0092
9002666,1041686,2026-05-31 09:05:22,VELOCITY,63.61,CLOSED,N,INV0048
9002667,1041703,2026-05-12 10:43:22,DEVICE_MISMATCH,35.28,CLOSED,N,INV0024
9002668,1041712,2026-03-05 06:50:56,RISK_SCORE,57.94,CLOSED,N,INV0075
9002669,1041735,2026-06-15 18:34:22,HIGH_VALUE,25.94,OPEN,N,INV0028
9002670,1041743,2026-07-29 08:52:07,RISK_SCORE,77.8,CLOSED,N,INV0032
9002671,1041776,2026-06-17 16:43:23,HIGH_VALUE,37.77,OPEN,N,INV0046
9002672,1041781,2026-03-30 11:19:12,GEO_ANOMALY,43.81,CLOSED,N,INV0097
9002673,1041815,2026-06-19 17:52:52,HIGH_VALUE,30.03,OPEN,N,INV0046
9002674,1041823,2026-02-22 12:21:35,RISK_SCORE,33.76,CLOSED,N,INV0073
9002675,1041844,2026-07-22 07:30:33,GEO_ANOMALY,84.47,CLOSED,Y,INV0011
9002676,1041851,2026-05-06 02:35:37,GEO_ANOMALY,63.77,CLOSED,Y,INV0055
9002677,1041858,2026-07-26 20:01:19,GEO_ANOMALY,48.78,CLOSED,N,INV0052
9002678,1041870,2026-06-11 17:20:01,VELOCITY,25.01,OPEN,N,INV0066
9002679,1041881,2026-06-06 21:08:00,GEO_ANOMALY,70.03,OPEN,Y,INV0096
9002680,1041897,2026-01-24 20:24:04,RISK_SCORE,43.58,OPEN,N,INV0040
9002681,1041915,2026-05-06 05:38:04,VELOCITY,59.75,ESCALATED,N,INV0047
9002682,1041916,2026-03-25 09:32:50,GEO_ANOMALY,55.6,OPEN,N,INV0093
9002683,1041924,2026-03-09 19:04:22,RISK_SCORE,31.29,OPEN,N,INV0053
9002684,1041939,2026-07-12 11:22:07,HIGH_VALUE,36.26,OPEN,N,INV0012
9002685,1041960,2026-02-15 02:14:28,GEO_ANOMALY,54.87,CLOSED,N,INV0019
9002686,1041965,2026-01-11 15:01:23,RISK_SCORE,60.0,OPEN,Y,INV0065
9002687,1041983,2026-05-05 18:09:00,DEVICE_MISMATCH,38.23,ESCALATED,Y,INV0062
9002688,1041989,2026-05-01 22:40:18,DEVICE_MISMATCH,31.56,CLOSED,N,INV0066
9002689,1042013,2026-02-21 13:44:18,DEVICE_MISMATCH,60.52,CLOSED,Y,INV0017
9002690,1042033,2026-01-25 19:41:25,HIGH_VALUE,63.91,CLOSED,Y,INV0092
9002691,1042035,2026-02-04 04:37:49,HIGH_VALUE,49.57,ESCALATED,N,INV0018
9002692,1042089,2026-03-01 06:36:27,DEVICE_MISMATCH,66.23,ESCALATED,N,INV0070
9002693,1042102,2026-08-26 14:48:35,GEO_ANOMALY,46.23,CLOSED,Y,INV0043
9002694,1042160,2026-01-28 00:09:11,RISK_SCORE,41.99,OPEN,N,INV0097
9002695,1042177,2026-08-05 18:33:18,GEO_ANOMALY,50.47,OPEN,N,INV0073
9002696,1042201,2026-03-11 16:27:29,DEVICE_MISMATCH,13.47,CLOSED,N,INV0085
9002697,1042222,2026-02-06 14:40:31,RISK_SCORE,62.74,ESCALATED,N,INV0008
9002698,1042225,2026-03-01 19:22:20,RISK_SCORE,29.18,OPEN,N,INV0026
9002699,1042239,2026-02-20 14:07:25,DEVICE_MISMATCH,50.73,ESCALATED,Y,INV0011
9002700,1042256,2026-06-17 20:58:06,RISK_SCORE,70.22,OPEN,N,INV0033
9002701,1042281,2026-04-02 04:40:22,GEO_ANOMALY,22.51,CLOSED,N,INV0069
9002702,1042288,2026-07-12 20:29:33,VELOCITY,76.5,CLOSED,N,INV0010
9002703,1042291,2026-07-29 18:12:43,DEVICE_MISMATCH,19.59,CLOSED,Y,INV0054
9002704,1042294,2026-06-02 19:46:30,VELOCITY,55.75,OPEN,N,INV0021
9002705,1042300,2026-07-02 07:43:01,RISK_SCORE,13.31,ESCALATED,N,INV0041
9002706,1042308,2026-04-18 15:18:38,HIGH_VALUE,31.89,CLOSED,Y,INV0053
9002707,1042314,2026-07-10 20:21:30,HIGH_VALUE,0.0,CLOSED,N,INV0030
9002708,1042339,2026-04-16 14:05:04,HIGH_VALUE,53.66,ESCALATED,N,INV0062
9002709,1042341,2026-05-29 13:39:38,VELOCITY,40.08,OPEN,Y,INV0062
9002710,1042384,2026-04-25 07:32:15,GEO_ANOMALY,54.61,OPEN,Y,INV0051
9002711,1042412,2026-01-20 03:18:41,HIGH_VALUE,55.41,OPEN,Y,INV0080
9002712,1042450,2026-03-22 00:27:55,DEVICE_MISMATCH,32.73,CLOSED,N,INV0050
9002713,1042455,2026-04-17 21:35:14,HIGH_VALUE,7.24,OPEN,N,INV0055
9002714,1042458,2026-05-19 08:14:14,RISK_SCORE,55.66,CLOSED,N,INV0097
9002715,1042468,2026-04-21 06:57:48,VELOCITY,28.01,CLOSED,N,INV0051
9002716,1042489,2026-07-11 17:34:24,GEO_ANOMALY,60.45,CLOSED,N,INV0100
9002717,1042512,2026-01-02 09:29:39,GEO_ANOMALY,28.17,OPEN,N,INV0034
9002718,1042533,2026-05-03 19:14:27,DEVICE_MISMATCH,62.65,OPEN,N,INV0004
9002719,1042555,2026-03-03 04:24:48,RISK_SCORE,28.32,ESCALATED,N,INV0022
9002720,1042585,2026-05-24 16:52:03,HIGH_VALUE,23.32,OPEN,N,INV0007
9002721,1042594,2026-07-28 05:26:31,VELOCITY,55.97,ESCALATED,N,INV0070
9002722,1042602,2026-02-12 21:26:23,VELOCITY,43.23,CLOSED,N,INV0069
9002723,1042615,2026-05-11 02:44:12,GEO_ANOMALY,39.76,OPEN,N,INV0002
9002724,1042635,2026-07-16 00:43:35,GEO_ANOMALY,68.04,OPEN,N,INV0080
9002725,1042640,2026-02-23 18:28:18,GEO_ANOMALY,70.63,OPEN,N,INV0061
9002726,1042644,2026-05-24 18:04:48,DEVICE_MISMATCH,72.47,CLOSED,Y,INV0049
9002727,1042645,2026-02-01 09:17:52,HIGH_VALUE,23.71,CLOSED,N,INV0055
9002728,1042656,2026-05-26 05:27:20,DEVICE_MISMATCH,15.17,CLOSED,N,INV0053
9002729,1042657,2026-04-09 03:48:25,HIGH_VALUE,25.38,CLOSED,Y,INV0100
9002730,1042686,2026-01-13 07:55:56,HIGH_VALUE,79.26,CLOSED,Y,INV0006
9002731,1042692,2026-07-10 08:43:11,DEVICE_MISMATCH,57.44,CLOSED,N,INV0032
9002732,1042720,2026-04-02 16:06:31,RISK_SCORE,5.7,ESCALATED,Y,INV0092
9002733,1042731,2026-01-09 07:32:21,RISK_SCORE,31.56,CLOSED,N,INV0033
9002734,1042734,2026-08-13 05:52:00,HIGH_VALUE,18.73,ESCALATED,N,INV0043
9002735,1042751,2026-01-07 12:02:22,DEVICE_MISMATCH,85.44,CLOSED,N,INV0062
9002736,1042798,2026-08-05 17:14:32,RISK_SCORE,49.24,CLOSED,Y,INV0058
9002737,1042805,2026-02-07 23:09:20,RISK_SCORE,25.61,CLOSED,N,INV0077
9002738,1042810,2026-03-22 13:01:54,GEO_ANOMALY,62.4,CLOSED,Y,INV0098
9002739,1042815,2026-04-22 02:49:29,RISK_SCORE,26.94,CLOSED,N,INV0041
9002740,1042827,2026-05-14 15:22:51,GEO_ANOMALY,14.98,OPEN,N,INV0073
9002741,1042831,2026-02-06 00:00:20,HIGH_VALUE,34.63,CLOSED,N,INV0069
9002742,1042842,2026-02-20 01:09:13,RISK_SCORE,61.07,OPEN,N,INV0021
9002743,1042865,2026-03-08 11:36:55,VELOCITY,64.96,CLOSED,N,INV0039
9002744,1042873,2026-03-04 11:15:47,RISK_SCORE,32.5,CLOSED,N,INV0013
9002745,1042884,2026-03-12 18:36:28,RISK_SCORE,70.18,OPEN,N,INV0097
9002746,1042893,2026-01-27 17:17:25,RISK_SCORE,39.81,OPEN,N,INV0057
9002747,1042925,2026-03-08 10:31:05,HIGH_VALUE,36.08,ESCALATED,Y,INV0037
9002748,1042987,2026-08-27 01:39:03,DEVICE_MISMATCH,57.8,CLOSED,Y,INV0017
9002749,1042999,2026-07-11 01:48:43,RISK_SCORE,58.95,CLOSED,N,INV0049
9002750,1043013,2026-05-30 05:42:57,HIGH_VALUE,35.88,OPEN,N,INV0045
9002751,1043020,2026-07-18 17:55:23,HIGH_VALUE,61.48,ESCALATED,N,INV0016
9002752,1043033,2026-07-02 21:16:14,RISK_SCORE,62.97,OPEN,Y,INV0014
9002753,1043038,2026-03-17 07:15:28,RISK_SCORE,28.81,OPEN,N,INV0063
9002754,1043041,2026-04-14 23:13:30,HIGH_VALUE,52.61,OPEN,N,INV0062
9002755,1043056,2026-05-16 01:53:23,GEO_ANOMALY,60.54,OPEN,N,INV0026
9002756,1043058,2026-02-10 13:01:42,GEO_ANOMALY,77.2,OPEN,N,INV0094
9002757,1043071,2026-02-18 15:49:39,GEO_ANOMALY,36.77,CLOSED,Y,INV0060
9002758,1043074,2026-05-11 02:46:18,VELOCITY,31.92,CLOSED,N,INV0062
9002759,1043094,2026-02-09 04:51:16,RISK_SCORE,78.17,CLOSED,N,INV0016
9002760,1043111,2026-05-28 15:46:16,DEVICE_MISMATCH,22.09,CLOSED,N,INV0099
9002761,1043121,2026-07-26 23:31:58,VELOCITY,61.28,CLOSED,N,INV0078
9002762,1043132,2026-01-10 19:52:15,HIGH_VALUE,49.47,ESCALATED,N,INV0031
9002763,1043135,2026-02-26 21:38:36,HIGH_VALUE,67.65,CLOSED,N,INV0005
9002764,1043199,2026-07-30 03:13:54,RISK_SCORE,22.84,ESCALATED,Y,INV0024
9002765,1043238,2026-02-27 12:48:38,RISK_SCORE,18.57,OPEN,N,INV0022
9002766,1043269,2026-05-16 05:18:07,VELOCITY,35.26,CLOSED,N,INV0073
9002767,1043279,2026-01-10 19:06:17,GEO_ANOMALY,29.44,ESCALATED,Y,INV0016
9002768,1043284,2026-07-15 08:22:37,GEO_ANOMALY,18.6,ESCALATED,Y,INV0040
9002769,1043285,2026-08-01 23:47:04,VELOCITY,37.76,OPEN,Y,INV0065
9002770,1043287,2026-05-10 08:56:11,GEO_ANOMALY,64.45,CLOSED,N,INV0015
9002771,1043292,2026-06-15 22:55:22,VELOCITY,65.05,CLOSED,Y,INV0067
9002772,1043301,2026-06-16 16:32:15,HIGH_VALUE,65.09,OPEN,N,INV0059
9002773,1043339,2026-06-27 08:21:13,RISK_SCORE,10.4,CLOSED,N,INV0017
9002774,1043372,2026-03-30 12:46:18,VELOCITY,36.59,OPEN,Y,INV0053
9002775,1043381,2026-08-11 06:55:00,HIGH_VALUE,62.33,OPEN,Y,INV0066
9002776,1043390,2026-08-09 07:37:04,GEO_ANOMALY,46.63,CLOSED,N,INV0043
9002777,1043392,2026-06-03 16:15:37,RISK_SCORE,13.33,CLOSED,N,INV0048
9002778,1043417,2026-02-11 00:36:57,HIGH_VALUE,68.48,OPEN,N,INV0044
9002779,1043439,2026-06-30 08:43:57,VELOCITY,37.23,CLOSED,N,INV0034
9002780,1043455,2026-02-18 16:14:48,VELOCITY,35.25,ESCALATED,N,INV0069
9002781,1043459,2026-05-21 23:44:48,VELOCITY,46.14,OPEN,N,INV0090
9002782,1043472,2026-05-18 04:54:01,VELOCITY,50.31,OPEN,N,INV0026
9002783,1043519,2026-01-07 10:09:34,GEO_ANOMALY,27.28,ESCALATED,N,INV0029
9002784,1043565,2026-05-16 06:19:14,DEVICE_MISMATCH,68.92,CLOSED,N,INV0045
9002785,1043568,2026-03-03 03:33:36,VELOCITY,60.1,CLOSED,N,INV0048
9002786,1043577,2026-07-14 10:06:51,DEVICE_MISMATCH,19.66,CLOSED,Y,INV0091
9002787,1043586,2026-05-20 05:53:14,RISK_SCORE,49.11,OPEN,N,INV0026
9002788,1043588,2026-02-10 07:21:38,DEVICE_MISMATCH,59.27,CLOSED,N,INV0033
9002789,1043626,2026-07-14 21:08:01,VELOCITY,29.15,OPEN,Y,INV0006
9002790,1043634,2026-02-22 17:30:35,GEO_ANOMALY,84.83,CLOSED,Y,INV0023
9002791,1043635,2026-01-13 00:50:18,DEVICE_MISMATCH,0.0,OPEN,N,INV0013
9002792,1043658,2026-01-02 23:19:32,GEO_ANOMALY,27.03,CLOSED,Y,INV0072
9002793,1043667,2026-03-24 15:23:43,RISK_SCORE,38.97,CLOSED,N,INV0026
9002794,1043693,2026-05-25 06:32:57,HIGH_VALUE,15.41,OPEN,N,INV0042
9002795,1043701,2026-06-22 10:56:44,DEVICE_MISMATCH,58.85,OPEN,Y,INV0062
9002796,1043733,2026-06-05 03:56:10,DEVICE_MISMATCH,66.38,CLOSED,Y,INV0007
9002797,1043757,2026-02-22 02:49:00,GEO_ANOMALY,53.55,ESCALATED,N,INV0004
9002798,1043763,2026-01-26 07:55:49,GEO_ANOMALY,30.4,OPEN,N,INV0071
9002799,1043779,2026-08-27 21:37:34,VELOCITY,42.47,CLOSED,N,INV0017
9002800,1043830,2026-03-11 06:47:28,VELOCITY,63.02,CLOSED,N,INV0088
9002801,1043857,2026-07-01 04:14:03,HIGH_VALUE,61.24,CLOSED,Y,INV0065
9002802,1043899,2026-01-22 02:18:26,RISK_SCORE,38.17,CLOSED,N,INV0070
9002803,1043912,2026-01-10 00:23:48,VELOCITY,35.4,CLOSED,N,INV0004
9002804,1043948,2026-04-22 21:15:11,RISK_SCORE,26.29,ESCALATED,N,INV0026
9002805,1043959,2026-06-18 22:30:17,GEO_ANOMALY,73.24,CLOSED,Y,INV0062
9002806,1043960,2026-01-21 11:13:07,RISK_SCORE,80.22,ESCALATED,N,INV0005
9002807,1043961,2026-01-01 04:14:15,DEVICE_MISMATCH,3.8,OPEN,N,INV0004
9002808,1043969,2026-05-13 04:48:34,RISK_SCORE,0.17,CLOSED,N,INV0046
9002809,1043994,2026-08-16 08:35:23,RISK_SCORE,65.92,CLOSED,Y,INV0027
9002810,1043998,2026-04-24 05:10:54,HIGH_VALUE,34.7,OPEN,N,INV0069
9002811,1044007,2026-06-04 17:27:34,HIGH_VALUE,33.2,ESCALATED,N,INV0072
9002812,1044037,2026-02-21 01:36:14,HIGH_VALUE,72.63,OPEN,N,INV0052
9002813,1044043,2026-06-17 09:01:16,HIGH_VALUE,25.88,OPEN,Y,INV0064
9002814,1044051,2026-03-12 22:36:24,HIGH_VALUE,5.02,OPEN,N,INV0008
9002815,1044053,2026-01-03 08:59:13,HIGH_VALUE,31.73,CLOSED,N,INV0088
9002816,1044055,2026-06-15 22:55:45,DEVICE_MISMATCH,22.3,CLOSED,Y,INV0022
9002817,1044064,2026-03-18 05:16:09,DEVICE_MISMATCH,33.62,ESCALATED,N,INV0053
9002818,1044078,2026-01-12 08:44:14,HIGH_VALUE,59.82,CLOSED,N,INV0097
9002819,1044091,2026-06-16 11:12:26,RISK_SCORE,35.01,ESCALATED,N,INV0019
9002820,1044097,2026-07-14 02:58:54,HIGH_VALUE,61.35,OPEN,Y,INV0045
9002821,1044128,2026-06-02 02:16:40,HIGH_VALUE,27.84,CLOSED,Y,INV0013
9002822,1044159,2026-06-11 19:55:42,DEVICE_MISMATCH,45.35,ESCALATED,N,INV0094
9002823,1044170,2026-02-24 23:57:35,VELOCITY,47.38,OPEN,N,INV0043
9002824,1044176,2026-03-28 08:04:41,RISK_SCORE,32.08,CLOSED,Y,INV0010
9002825,1044178,2026-04-25 03:28:47,HIGH_VALUE,100.0,CLOSED,N,INV0004
9002826,1044180,2026-02-04 17:37:42,RISK_SCORE,63.32,ESCALATED,N,INV0022
9002827,1044207,2026-07-26 17:58:31,HIGH_VALUE,33.15,CLOSED,N,INV0037
9002828,1044238,2026-07-17 04:54:45,HIGH_VALUE,0.0,CLOSED,N,INV0046
9002829,1044308,2026-03-26 19:52:34,GEO_ANOMALY,24.53,CLOSED,N,INV0008
9002830,1044329,2026-02-05 17:30:17,VELOCITY,71.94,CLOSED,Y,INV0095
9002831,1044365,2026-05-11 01:39:03,HIGH_VALUE,23.37,OPEN,N,INV0079
9002832,1044373,2026-03-19 15:24:05,DEVICE_MISMATCH,0.0,ESCALATED,N,INV0090
9002833,1044380,2026-03-13 05:07:57,DEVICE_MISMATCH,23.95,CLOSED,N,INV0011
9002834,1044418,2026-08-17 07:50:52,DEVICE_MISMATCH,58.82,CLOSED,Y,INV0093
9002835,1044419,2026-02-16 03:55:22,DEVICE_MISMATCH,60.09,CLOSED,N,INV0024
9002836,1044421,2026-07-23 13:24:23,VELOCITY,17.77,CLOSED,N,INV0096
9002837,1044422,2026-03-25 22:38:55,HIGH_VALUE,43.01,OPEN,Y,INV0071
9002838,1044436,2026-05-27 04:39:04,GEO_ANOMALY,47.81,CLOSED,N,INV0014
9002839,1044448,2026-03-24 15:19:00,DEVICE_MISMATCH,27.35,CLOSED,N,INV0035
9002840,1044462,2026-07-20 11:08:34,RISK_SCORE,26.78,OPEN,N,INV0066
9002841,1044505,2026-04-05 20:39:15,RISK_SCORE,45.26,OPEN,N,INV0055
9002842,1044516,2026-01-25 10:38:39,RISK_SCORE,71.79,CLOSED,N,INV0083
9002843,1044534,2026-05-01 10:25:02,DEVICE_MISMATCH,50.81,CLOSED,N,INV0090
9002844,1044602,2026-01-30 17:16:23,DEVICE_MISMATCH,36.59,CLOSED,Y,INV0097
9002845,1044603,2026-02-01 23:21:29,GEO_ANOMALY,99.57,CLOSED,Y,INV0086
9002846,1044613,2026-07-29 21:07:41,GEO_ANOMALY,66.19,CLOSED,N,INV0001
9002847,1044636,2026-08-05 13:24:48,DEVICE_MISMATCH,25.14,CLOSED,N,INV0060
9002848,1044638,2026-08-06 13:21:24,DEVICE_MISMATCH,74.66,OPEN,N,INV0096
9002849,1044641,2026-08-07 17:51:00,VELOCITY,20.39,CLOSED,Y,INV0014
9002850,1044644,2026-01-13 14:37:30,HIGH_VALUE,70.74,OPEN,Y,INV0053
9002851,1044650,2026-07-20 09:14:27,VELOCITY,27.6,CLOSED,N,INV0060
9002852,1044704,2026-06-27 12:47:31,DEVICE_MISMATCH,0.0,ESCALATED,Y,INV0057
9002853,1044714,2026-08-27 07:17:03,GEO_ANOMALY,20.25,OPEN,N,INV0069
9002854,1044737,2026-04-16 20:26:58,VELOCITY,54.86,CLOSED,N,INV0024
9002855,1044800,2026-04-28 03:48:37,GEO_ANOMALY,69.73,OPEN,N,INV0041
9002856,1044813,2026-04-16 04:15:06,RISK_SCORE,84.89,CLOSED,N,INV0005
9002857,1044856,2026-03-16 21:12:23,VELOCITY,38.6,CLOSED,Y,INV0007
9002858,1044873,2026-08-03 08:07:36,GEO_ANOMALY,57.78,OPEN,N,INV0065
9002859,1044875,2026-08-03 01:05:19,HIGH_VALUE,74.55,OPEN,Y,INV0062
9002860,1044901,2026-04-06 13:35:41,GEO_ANOMALY,42.83,OPEN,N,INV0016
9002861,1044941,2026-04-28 20:49:15,VELOCITY,0.0,CLOSED,N,INV0009
9002862,1044958,2026-06-11 02:57:04,VELOCITY,41.93,CLOSED,Y,INV0025
9002863,1044966,2026-07-17 19:01:51,GEO_ANOMALY,57.11,OPEN,Y,INV0028
9002864,1045021,2026-03-27 19:02:14,RISK_SCORE,14.44,CLOSED,Y,INV0057
9002865,1045053,2026-06-28 01:00:05,DEVICE_MISMATCH,26.29,CLOSED,N,INV0001
9002866,1045065,2026-05-31 13:22:12,GEO_ANOMALY,53.88,OPEN,Y,INV0075
9002867,1045098,2026-05-03 04:08:40,GEO_ANOMALY,19.06,CLOSED,N,INV0059
9002868,1045102,2026-08-19 07:54:44,DEVICE_MISMATCH,44.13,OPEN,N,INV0022
9002869,1045103,2026-06-22 08:58:25,HIGH_VALUE,78.18,CLOSED,Y,INV0025
9002870,1045106,2026-04-06 18:09:46,RISK_SCORE,78.69,OPEN,Y,INV0033
9002871,1045199,2026-02-23 07:20:13,RISK_SCORE,57.92,CLOSED,Y,INV0017
9002872,1045203,2026-01-05 13:20:30,VELOCITY,26.72,CLOSED,N,INV0024
9002873,1045218,2026-03-18 10:41:27,GEO_ANOMALY,81.93,CLOSED,Y,INV0088
9002874,1045224,2026-01-20 21:21:31,VELOCITY,67.41,CLOSED,N,INV0068
9002875,1045228,2026-02-25 05:19:30,HIGH_VALUE,64.97,CLOSED,N,INV0100
9002876,1045243,2026-08-17 09:02:16,DEVICE_MISMATCH,0.0,OPEN,N,INV0011
9002877,1045257,2026-03-27 15:01:52,GEO_ANOMALY,12.09,CLOSED,N,INV0036
9002878,1045259,2026-06-21 08:20:59,VELOCITY,0.0,OPEN,N,INV0004
9002879,1045299,2026-06-10 03:22:01,RISK_SCORE,57.86,CLOSED,N,INV0081
9002880,1045308,2026-02-19 12:47:41,VELOCITY,17.18,CLOSED,N,INV0036
9002881,1045311,2026-08-27 19:22:00,GEO_ANOMALY,71.25,OPEN,N,INV0002
9002882,1045330,2026-02-24 06:15:12,VELOCITY,74.78,CLOSED,Y,INV0081
9002883,1045358,2026-08-21 13:15:59,GEO_ANOMALY,40.14,OPEN,N,INV0018
9002884,1045372,2026-06-13 21:31:50,VELOCITY,31.84,CLOSED,N,INV0020
9002885,1045374,2026-04-02 04:45:43,HIGH_VALUE,0.0,OPEN,N,INV0070
9002886,1045378,2026-03-12 14:35:03,VELOCITY,19.47,CLOSED,N,INV0012
9002887,1045384,2026-01-10 20:20:20,RISK_SCORE,49.71,OPEN,N,INV0029
9002888,1045410,2026-04-13 00:41:54,RISK_SCORE,29.21,OPEN,N,INV0001
9002889,1045420,2026-01-31 04:42:28,VELOCITY,56.38,CLOSED,N,INV0032
9002890,1045423,2026-08-27 03:32:45,VELOCITY,10.89,CLOSED,N,INV0039
9002891,1045434,2026-01-08 04:37:46,GEO_ANOMALY,33.89,OPEN,N,INV0095
9002892,1045442,2026-08-10 13:40:32,DEVICE_MISMATCH,6.12,OPEN,N,INV0021
9002893,1045451,2026-05-13 06:42:12,VELOCITY,18.96,CLOSED,N,INV0062
9002894,1045452,2026-03-04 03:16:07,VELOCITY,39.53,OPEN,N,INV0080
9002895,1045475,2026-08-11 19:56:14,VELOCITY,21.18,CLOSED,N,INV0064
9002896,1045485,2026-05-05 18:08:53,HIGH_VALUE,59.84,CLOSED,N,INV0099
9002897,1045493,2026-08-09 11:55:52,DEVICE_MISMATCH,80.53,CLOSED,N,INV0025
9002898,1045495,2026-01-03 07:54:27,RISK_SCORE,73.27,CLOSED,N,INV0037
9002899,1045510,2026-01-04 20:38:22,GEO_ANOMALY,41.07,CLOSED,Y,INV0013
9002900,1045520,2026-02-08 23:26:26,DEVICE_MISMATCH,19.94,CLOSED,N,INV0059
9002901,1045536,2026-07-26 14:12:46,HIGH_VALUE,42.69,OPEN,N,INV0088
9002902,1045543,2026-02-15 18:22:59,GEO_ANOMALY,43.82,OPEN,Y,INV0045
9002903,1045567,2026-01-26 07:36:01,RISK_SCORE,44.48,CLOSED,N,INV0025
9002904,1045572,2026-01-26 01:52:52,DEVICE_MISMATCH,23.94,OPEN,N,INV0052
9002905,1045582,2026-03-28 17:49:31,VELOCITY,20.72,CLOSED,N,INV0012
9002906,1045605,2026-04-19 07:35:44,HIGH_VALUE,44.39,CLOSED,N,INV0022
9002907,1045649,2026-04-11 20:27:32,VELOCITY,41.66,CLOSED,N,INV0096
9002908,1045653,2026-08-27 11:08:54,RISK_SCORE,42.79,OPEN,Y,INV0046
9002909,1045678,2026-04-24 12:05:02,VELOCITY,45.5,CLOSED,Y,INV0067
9002910,1045691,2026-02-22 02:25:52,DEVICE_MISMATCH,56.61,OPEN,N,INV0062
9002911,1045712,2026-02-19 10:12:43,DEVICE_MISMATCH,49.2,CLOSED,N,INV0097
9002912,1045713,2026-06-08 17:43:04,DEVICE_MISMATCH,54.42,CLOSED,N,INV0088
9002913,1045775,2026-07-26 01:09:28,HIGH_VALUE,55.93,ESCALATED,Y,INV0037
9002914,1045788,2026-03-30 06:50:29,DEVICE_MISMATCH,49.15,OPEN,Y,INV0080
9002915,1045807,2026-07-12 04:18:01,HIGH_VALUE,37.0,ESCALATED,N,INV0049
9002916,1045830,2026-08-07 14:25:08,RISK_SCORE,71.09,OPEN,Y,INV0038
9002917,1045835,2026-07-17 08:40:23,DEVICE_MISMATCH,71.53,CLOSED,Y,INV0072
9002918,1045838,2026-03-16 08:42:24,DEVICE_MISMATCH,91.67,CLOSED,N,INV0003
9002919,1045845,2026-02-14 19:53:49,RISK_SCORE,70.15,CLOSED,N,INV0069
9002920,1045856,2026-07-28 10:16:48,HIGH_VALUE,3.7,CLOSED,N,INV0060
9002921,1045872,2026-07-25 12:28:17,RISK_SCORE,68.43,CLOSED,N,INV0012
9002922,1045878,2026-03-19 04:29:20,RISK_SCORE,63.13,CLOSED,N,INV0054
9002923,1045890,2026-01-25 11:38:33,DEVICE_MISMATCH,59.18,CLOSED,Y,INV0005
9002924,1045905,2026-08-15 01:20:42,GEO_ANOMALY,38.92,ESCALATED,N,INV0070
9002925,1045919,2026-03-08 07:47:18,DEVICE_MISMATCH,13.63,CLOSED,N,INV0033
9002926,1045925,2026-06-01 11:53:00,RISK_SCORE,67.79,CLOSED,Y,INV0040
9002927,1045965,2026-08-17 22:15:51,VELOCITY,73.4,CLOSED,N,INV0018
9002928,1045971,2026-06-25 16:24:25,DEVICE_MISMATCH,40.53,CLOSED,N,INV0021
9002929,1045977,2026-08-25 08:53:55,VELOCITY,70.83,CLOSED,Y,INV0058
9002930,1045994,2026-07-26 21:00:59,GEO_ANOMALY,54.31,CLOSED,N,INV0079
9002931,1046021,2026-01-24 05:16:26,GEO_ANOMALY,46.28,CLOSED,N,INV0081
9002932,1046029,2026-05-29 00:43:08,VELOCITY,51.6,CLOSED,N,INV0004
9002933,1046034,2026-01-15 08:14:58,VELOCITY,30.06,OPEN,Y,INV0033
9002934,1046047,2026-07-18 12:27:41,RISK_SCORE,56.83,CLOSED,N,INV0022
9002935,1046065,2026-05-14 10:54:39,DEVICE_MISMATCH,45.21,CLOSED,N,INV0041
9002936,1046074,2026-02-14 08:28:37,VELOCITY,21.01,CLOSED,N,INV0074
9002937,1046100,2026-01-13 18:43:27,DEVICE_MISMATCH,33.63,OPEN,N,INV0061
9002938,1046102,2026-03-10 21:49:18,RISK_SCORE,45.67,CLOSED,N,INV0066
9002939,1046155,2026-04-15 14:04:32,HIGH_VALUE,0.0,CLOSED,N,INV0052
9002940,1046161,2026-01-01 14:48:00,VELOCITY,48.48,CLOSED,N,INV0006
9002941,1046172,2026-08-16 17:14:00,DEVICE_MISMATCH,60.95,CLOSED,N,INV0012
9002942,1046204,2026-03-23 04:14:36,DEVICE_MISMATCH,69.36,CLOSED,N,INV0049
9002943,1046206,2026-03-06 07:59:41,VELOCITY,78.35,CLOSED,N,INV0067
9002944,1046238,2026-08-11 04:49:50,DEVICE_MISMATCH,49.35,ESCALATED,Y,INV0073
9002945,1046245,2026-02-06 13:59:27,RISK_SCORE,26.17,CLOSED,N,INV0014
9002946,1046259,2026-01-06 06:31:48,VELOCITY,67.32,OPEN,N,INV0021
9002947,1046263,2026-05-01 23:24:35,DEVICE_MISMATCH,71.71,CLOSED,N,INV0003
9002948,1046293,2026-04-05 01:39:40,HIGH_VALUE,28.3,OPEN,Y,INV0094
9002949,1046305,2026-02-05 12:50:11,HIGH_VALUE,30.29,CLOSED,Y,INV0012
9002950,1046343,2026-08-12 17:55:28,GEO_ANOMALY,39.43,ESCALATED,Y,INV0006
9002951,1046408,2026-06-17 13:33:21,RISK_SCORE,92.09,OPEN,N,INV0014
9002952,1046419,2026-07-12 17:27:24,RISK_SCORE,19.87,OPEN,Y,INV0088
9002953,1046424,2026-06-27 21:01:15,GEO_ANOMALY,31.9,CLOSED,Y,INV0063
9002954,1046442,2026-03-03 12:08:56,RISK_SCORE,36.88,CLOSED,N,INV0098
9002955,1046468,2026-04-30 01:27:26,RISK_SCORE,18.12,CLOSED,N,INV0079
9002956,1046505,2026-08-07 23:58:23,HIGH_VALUE,40.96,ESCALATED,Y,INV0055
9002957,1046534,2026-01-14 19:09:43,GEO_ANOMALY,32.27,OPEN,N,INV0088
9002958,1046542,2026-04-22 08:59:03,DEVICE_MISMATCH,3.86,CLOSED,N,INV0084
9002959,1046567,2026-02-02 20:06:42,RISK_SCORE,46.66,CLOSED,Y,INV0023
9002960,1046573,2026-03-08 10:28:13,DEVICE_MISMATCH,35.3,CLOSED,N,INV0068
9002961,1046585,2026-03-20 12:06:10,VELOCITY,53.05,OPEN,Y,INV0039
9002962,1046617,2026-06-12 23:22:45,RISK_SCORE,50.11,CLOSED,N,INV0084
9002963,1046619,2026-01-05 06:01:55,RISK_SCORE,21.17,OPEN,N,INV0100
9002964,1046658,2026-06-04 12:46:26,VELOCITY,55.93,CLOSED,Y,INV0025
9002965,1046668,2026-01-13 15:16:53,HIGH_VALUE,63.53,CLOSED,N,INV0009
9002966,1046669,2026-01-21 21:03:57,DEVICE_MISMATCH,39.33,CLOSED,N,INV0050
9002967,1046681,2026-01-27 22:31:58,GEO_ANOMALY,66.85,CLOSED,N,INV0098
9002968,1046689,2026-02-28 13:51:33,RISK_SCORE,13.65,CLOSED,N,INV0059
9002969,1046721,2026-05-25 13:19:19,GEO_ANOMALY,47.89,CLOSED,N,INV0017
9002970,1046746,2026-02-15 09:30:18,HIGH_VALUE,34.56,OPEN,N,INV0098
9002971,1046755,2026-08-06 18:32:00,GEO_ANOMALY,55.45,OPEN,N,INV0020
9002972,1046758,2026-05-09 08:29:38,GEO_ANOMALY,35.71,OPEN,Y,INV0015
9002973,1046772,2026-06-23 23:19:53,VELOCITY,45.7,CLOSED,Y,INV0001
9002974,1046786,2026-04-09 14:25:13,VELOCITY,25.68,OPEN,N,INV0020
9002975,1046788,2026-04-05 15:24:53,DEVICE_MISMATCH,47.98,OPEN,Y,INV0053
9002976,1046806,2026-07-24 22:41:00,HIGH_VALUE,45.58,CLOSED,Y,INV0012
9002977,1046810,2026-03-22 03:55:47,HIGH_VALUE,54.64,CLOSED,Y,INV0018
9002978,1046832,2026-05-15 13:01:49,HIGH_VALUE,60.45,CLOSED,N,INV0091
9002979,1046837,2026-05-05 10:27:41,GEO_ANOMALY,76.74,OPEN,N,INV0096
9002980,1046851,2026-08-05 20:57:32,RISK_SCORE,14.22,OPEN,Y,INV0011
9002981,1046853,2026-07-11 17:21:09,VELOCITY,47.78,OPEN,N,INV0069
9002982,1046854,2026-04-21 20:48:40,HIGH_VALUE,80.87,CLOSED,N,INV0088
9002983,1046866,2026-03-13 15:07:50,DEVICE_MISMATCH,46.04,OPEN,N,INV0046
9002984,1046868,2026-04-26 08:23:15,GEO_ANOMALY,48.63,OPEN,N,INV0040
9002985,1046904,2026-05-05 12:01:28,RISK_SCORE,38.63,CLOSED,N,INV0083
9002986,1046905,2026-06-01 19:38:43,VELOCITY,51.27,OPEN,N,INV0078
9002987,1046977,2026-03-01 13:15:12,HIGH_VALUE,63.74,ESCALATED,N,INV0066
9002988,1047006,2026-05-12 01:41:35,DEVICE_MISMATCH,43.59,CLOSED,N,INV0085
9002989,1047007,2026-03-20 10:07:52,VELOCITY,8.2,CLOSED,N,INV0048
9002990,1047026,2026-07-22 13:11:55,HIGH_VALUE,24.05,CLOSED,N,INV0100
9002991,1047042,2026-08-02 11:45:18,DEVICE_MISMATCH,26.21,CLOSED,N,INV0098
9002992,1047051,2026-07-20 14:48:54,VELOCITY,25.38,OPEN,N,INV0049
9002993,1047054,2026-07-26 06:31:20,DEVICE_MISMATCH,54.02,CLOSED,N,INV0046
9002994,1047062,2026-03-23 14:51:30,RISK_SCORE,59.05,ESCALATED,N,INV0032
9002995,1047067,2026-06-28 08:39:51,HIGH_VALUE,78.77,CLOSED,Y,INV0052
9002996,1047099,2026-03-21 15:29:59,RISK_SCORE,55.29,OPEN,Y,INV0045
9002997,1047101,2026-04-02 09:34:40,GEO_ANOMALY,39.24,CLOSED,N,INV0045
9002998,1047114,2026-08-14 13:04:47,VELOCITY,46.49,CLOSED,N,INV0082
9002999,1047115,2026-04-24 21:20:03,GEO_ANOMALY,58.89,CLOSED,Y,INV0087
9003000,1047126,2026-08-28 03:30:34,VELOCITY,37.89,OPEN,Y,INV0082
9003001,1047169,2026-08-18 01:17:33,HIGH_VALUE,47.23,CLOSED,N,INV0080
9003002,1047172,2026-04-16 12:16:28,DEVICE_MISMATCH,35.67,CLOSED,N,INV0068
9003003,1047184,2026-04-26 02:18:07,DEVICE_MISMATCH,47.15,CLOSED,N,INV0034
9003004,1047187,2026-03-08 13:44:51,HIGH_VALUE,56.38,CLOSED,Y,INV0075
9003005,1047190,2026-05-25 06:39:13,GEO_ANOMALY,15.44,CLOSED,N,INV0050
9003006,1047193,2026-04-28 08:39:05,HIGH_VALUE,40.79,OPEN,Y,INV0045
9003007,1047232,2026-05-26 14:34:19,RISK_SCORE,33.5,CLOSED,N,INV0060
9003008,1047254,2026-05-01 05:17:40,VELOCITY,16.77,CLOSED,N,INV0027
9003009,1047285,2026-07-19 08:56:35,GEO_ANOMALY,95.08,CLOSED,N,INV0018
9003010,1047316,2026-03-02 22:25:39,DEVICE_MISMATCH,66.14,CLOSED,N,INV0099
9003011,1047332,2026-04-22 17:37:39,VELOCITY,42.82,CLOSED,N,INV0028
9003012,1047342,2026-05-14 02:20:23,DEVICE_MISMATCH,34.32,OPEN,N,INV0099
9003013,1047358,2026-01-15 01:03:08,HIGH_VALUE,40.94,CLOSED,Y,INV0096
9003014,1047373,2026-03-01 16:51:35,HIGH_VALUE,69.41,OPEN,N,INV0038
9003015,1047381,2026-04-20 15:07:37,DEVICE_MISMATCH,14.91,CLOSED,N,INV0065
9003016,1047403,2026-02-24 21:35:49,VELOCITY,24.6,OPEN,N,INV0094
9003017,1047428,2026-04-04 17:37:53,GEO_ANOMALY,52.44,CLOSED,N,INV0047
9003018,1047434,2026-02-02 13:07:04,DEVICE_MISMATCH,36.86,OPEN,N,INV0063
9003019,1047438,2026-07-10 17:44:14,DEVICE_MISMATCH,57.19,CLOSED,Y,INV0049
9003020,1047449,2026-02-17 20:37:11,RISK_SCORE,95.86,OPEN,Y,INV0100
9003021,1047451,2026-06-14 14:34:46,GEO_ANOMALY,41.13,ESCALATED,N,INV0022
9003022,1047461,2026-05-21 02:11:03,HIGH_VALUE,72.41,CLOSED,N,INV0076
9003023,1047484,2026-07-03 22:19:55,HIGH_VALUE,65.4,CLOSED,Y,INV0027
9003024,1047532,2026-04-26 05:42:14,GEO_ANOMALY,52.9,OPEN,N,INV0002
9003025,1047546,2026-06-29 10:35:02,VELOCITY,31.63,CLOSED,Y,INV0074
9003026,1047557,2026-04-24 12:12:10,RISK_SCORE,36.59,CLOSED,Y,INV0084
9003027,1047563,2026-07-09 15:29:23,RISK_SCORE,84.27,CLOSED,N,INV0016
9003028,1047602,2026-01-31 23:00:40,HIGH_VALUE,45.96,CLOSED,N,INV0002
9003029,1047606,2026-06-10 23:55:54,DEVICE_MISMATCH,59.72,CLOSED,N,INV0094
9003030,1047642,2026-08-08 02:00:35,DEVICE_MISMATCH,64.88,CLOSED,N,INV0055
9003031,1047658,2026-01-23 17:07:31,HIGH_VALUE,49.79,OPEN,N,INV0061
9003032,1047680,2026-08-07 20:39:59,VELOCITY,51.19,OPEN,N,INV0023
9003033,1047705,2026-01-03 21:02:09,RISK_SCORE,41.6,CLOSED,N,INV0066
9003034,1047719,2026-08-02 22:04:59,VELOCITY,25.2,CLOSED,N,INV0065
9003035,1047739,2026-06-08 05:33:20,GEO_ANOMALY,50.28,CLOSED,N,INV0020
9003036,1047761,2026-07-30 07:05:42,DEVICE_MISMATCH,33.34,CLOSED,Y,INV0037
9003037,1047789,2026-03-22 00:17:06,RISK_SCORE,56.69,ESCALATED,N,INV0008
9003038,1047790,2026-06-21 01:42:19,VELOCITY,56.31,CLOSED,Y,INV0096
9003039,1047797,2026-08-23 03:08:23,RISK_SCORE,29.94,CLOSED,N,INV0100
9003040,1047811,2026-04-10 08:24:21,DEVICE_MISMATCH,100.0,OPEN,N,INV0031
9003041,1047812,2026-06-30 15:46:01,VELOCITY,61.16,CLOSED,N,INV0018
9003042,1047815,2026-04-04 09:54:20,GEO_ANOMALY,45.43,CLOSED,Y,INV0016
9003043,1047842,2026-04-09 03:16:25,VELOCITY,53.2,OPEN,N,INV0068
9003044,1047848,2026-08-03 13:41:22,GEO_ANOMALY,27.76,CLOSED,N,INV0002
9003045,1047852,2026-02-28 11:01:14,HIGH_VALUE,17.72,CLOSED,N,INV0060
9003046,1047856,2026-08-14 12:07:43,VELOCITY,54.73,OPEN,N,INV0100
9003047,1047857,2026-07-15 08:55:16,VELOCITY,38.59,OPEN,N,INV0065
9003048,1047891,2026-04-14 00:20:27,RISK_SCORE,57.76,CLOSED,Y,INV0006
9003049,1047898,2026-02-06 15:28:55,GEO_ANOMALY,55.97,CLOSED,Y,INV0077
9003050,1047931,2026-01-22 04:40:22,RISK_SCORE,55.52,CLOSED,Y,INV0056
9003051,1047955,2026-04-28 04:44:45,GEO_ANOMALY,37.93,ESCALATED,N,INV0042
9003052,1047981,2026-05-13 05:51:27,RISK_SCORE,27.09,CLOSED,N,INV0038
9003053,1047993,2026-07-29 16:23:48,RISK_SCORE,48.45,OPEN,N,INV0032
9003054,1048014,2026-05-19 15:08:46,DEVICE_MISMATCH,45.39,CLOSED,N,INV0084
9003055,1048030,2026-01-29 16:57:57,RISK_SCORE,32.57,ESCALATED,N,INV0065
9003056,1048067,2026-08-07 22:28:21,DEVICE_MISMATCH,38.63,CLOSED,N,INV0098
9003057,1048074,2026-02-08 19:26:35,RISK_SCORE,42.03,CLOSED,N,INV0062
9003058,1048080,2026-02-10 05:20:21,GEO_ANOMALY,24.36,CLOSED,N,INV0083
9003059,1048094,2026-04-21 23:27:37,GEO_ANOMALY,44.24,CLOSED,Y,INV0093
9003060,1048097,2026-03-05 19:44:14,RISK_SCORE,66.65,CLOSED,N,INV0031
9003061,1048099,2026-08-14 08:50:48,GEO_ANOMALY,28.22,OPEN,N,INV0020
9003062,1048101,2026-01-03 15:14:57,DEVICE_MISMATCH,59.81,OPEN,Y,INV0005
9003063,1048166,2026-03-12 04:33:53,RISK_SCORE,46.84,OPEN,Y,INV0087
9003064,1048180,2026-02-13 20:41:53,VELOCITY,58.56,CLOSED,N,INV0003
9003065,1048181,2026-06-27 19:50:07,DEVICE_MISMATCH,13.36,CLOSED,N,INV0003
9003066,1048231,2026-02-06 08:08:04,RISK_SCORE,26.91,CLOSED,N,INV0084
9003067,1048254,2026-05-24 17:24:35,RISK_SCORE,27.81,CLOSED,N,INV0077
9003068,1048276,2026-03-09 06:38:57,VELOCITY,47.75,CLOSED,N,INV0078
9003069,1048333,2026-02-17 13:09:35,VELOCITY,35.49,ESCALATED,N,INV0064
9003070,1048342,2026-08-27 11:36:26,HIGH_VALUE,39.01,CLOSED,N,INV0027
9003071,1048403,2026-01-20 00:24:22,VELOCITY,70.0,CLOSED,Y,INV0084
9003072,1048414,2026-02-26 20:31:47,HIGH_VALUE,8.17,ESCALATED,N,INV0044
9003073,1048478,2026-02-21 06:39:35,GEO_ANOMALY,40.14,OPEN,Y,INV0089
9003074,1048494,2026-06-14 02:17:48,RISK_SCORE,23.1,ESCALATED,N,INV0048
9003075,1048526,2026-04-28 15:18:21,DEVICE_MISMATCH,33.61,CLOSED,N,INV0088
9003076,1048548,2026-03-15 03:08:46,DEVICE_MISMATCH,19.65,OPEN,Y,INV0054
9003077,1048564,2026-05-06 09:46:24,DEVICE_MISMATCH,22.77,ESCALATED,N,INV0028
9003078,1048588,2026-01-04 20:10:44,RISK_SCORE,15.62,CLOSED,N,INV0034
9003079,1048636,2026-04-03 07:49:22,GEO_ANOMALY,73.15,CLOSED,N,INV0040
9003080,1048661,2026-02-23 01:13:32,HIGH_VALUE,65.62,CLOSED,Y,INV0003
9003081,1048675,2026-07-21 14:33:45,RISK_SCORE,0.0,CLOSED,N,INV0053
9003082,1048689,2026-02-17 23:50:00,HIGH_VALUE,59.84,CLOSED,Y,INV0058
9003083,1048716,2026-02-14 00:52:58,RISK_SCORE,58.0,CLOSED,N,INV0004
9003084,1048728,2026-05-04 02:28:15,DEVICE_MISMATCH,46.84,CLOSED,N,INV0024
9003085,1048729,2026-07-06 07:19:18,RISK_SCORE,56.28,CLOSED,Y,INV0014
9003086,1048738,2026-07-11 22:31:34,VELOCITY,68.53,ESCALATED,N,INV0020
9003087,1048746,2026-03-30 13:04:20,DEVICE_MISMATCH,59.3,CLOSED,N,INV0078
9003088,1048748,2026-05-04 23:01:44,RISK_SCORE,36.51,OPEN,N,INV0037
9003089,1048752,2026-03-24 11:56:24,GEO_ANOMALY,50.45,CLOSED,Y,INV0065
9003090,1048766,2026-06-07 15:56:18,DEVICE_MISMATCH,32.88,CLOSED,N,INV0031
9003091,1048769,2026-05-28 04:52:37,VELOCITY,78.49,OPEN,N,INV0061
9003092,1048777,2026-02-11 21:00:28,VELOCITY,41.85,CLOSED,N,INV0062
9003093,1048804,2026-03-10 21:58:21,DEVICE_MISMATCH,15.41,ESCALATED,Y,INV0044
9003094,1048805,2026-06-15 04:12:07,VELOCITY,0.99,CLOSED,Y,INV0093
9003095,1048839,2026-06-13 05:56:33,HIGH_VALUE,24.79,CLOSED,N,INV0085
9003096,1048840,2026-07-06 08:42:15,VELOCITY,16.3,OPEN,Y,INV0008
9003097,1048852,2026-03-04 18:15:51,VELOCITY,36.54,OPEN,N,INV0008
9003098,1048880,2026-07-11 16:08:25,HIGH_VALUE,9.4,CLOSED,Y,INV0057
9003099,1048884,2026-08-21 04:44:38,HIGH_VALUE,46.54,CLOSED,N,INV0038
9003100,1048885,2026-01-05 20:17:02,VELOCITY,32.52,CLOSED,N,INV0027
9003101,1048907,2026-05-30 22:50:39,GEO_ANOMALY,56.03,OPEN,Y,INV0026
9003102,1048914,2026-07-22 16:37:04,VELOCITY,29.66,CLOSED,N,INV0068
9003103,1048925,2026-02-07 16:31:48,RISK_SCORE,52.34,CLOSED,Y,INV0052
9003104,1048926,2026-08-18 21:16:03,GEO_ANOMALY,44.35,CLOSED,N,INV0034
9003105,1048949,2026-07-16 10:49:35,VELOCITY,39.03,OPEN,N,INV0009
9003106,1048950,2026-01-22 08:04:57,RISK_SCORE,57.1,CLOSED,N,INV0087
9003107,1048997,2026-02-17 20:44:13,HIGH_VALUE,22.68,CLOSED,N,INV0027
9003108,1049031,2026-06-06 01:01:58,HIGH_VALUE,31.45,CLOSED,Y,INV0060
9003109,1049032,2026-06-10 04:21:17,VELOCITY,37.46,CLOSED,N,INV0034
9003110,1049035,2026-01-02 12:04:15,RISK_SCORE,54.83,CLOSED,Y,INV0025
9003111,1049059,2026-03-05 18:43:00,RISK_SCORE,42.64,ESCALATED,N,INV0052
9003112,1049083,2026-05-03 14:56:02,HIGH_VALUE,53.62,OPEN,Y,INV0004
9003113,1049115,2026-03-09 18:49:06,GEO_ANOMALY,46.35,CLOSED,N,INV0082
9003114,1049154,2026-01-04 06:06:52,DEVICE_MISMATCH,1.3,CLOSED,N,INV0060
9003115,1049158,2026-06-05 19:13:30,VELOCITY,78.15,CLOSED,N,INV0077
9003116,1049162,2026-02-09 01:11:30,HIGH_VALUE,48.99,ESCALATED,N,INV0045
9003117,1049171,2026-05-12 03:47:31,GEO_ANOMALY,76.38,CLOSED,N,INV0035
9003118,1049231,2026-04-14 14:40:15,VELOCITY,36.74,OPEN,N,INV0093
9003119,1049241,2026-06-23 22:44:25,RISK_SCORE,32.59,CLOSED,N,INV0098
9003120,1049243,2026-02-15 02:11:25,VELOCITY,74.66,OPEN,Y,INV0063
9003121,1049287,2026-06-15 07:53:47,VELOCITY,26.66,OPEN,N,INV0059
9003122,1049289,2026-01-15 16:39:30,GEO_ANOMALY,80.39,OPEN,N,INV0072
9003123,1049311,2026-04-25 11:31:18,HIGH_VALUE,26.94,OPEN,N,INV0047
9003124,1049329,2026-04-18 20:38:22,DEVICE_MISMATCH,66.02,CLOSED,Y,INV0063
9003125,1049330,2026-03-29 01:24:25,DEVICE_MISMATCH,75.81,CLOSED,Y,INV0003
9003126,1049357,2026-04-09 13:02:07,VELOCITY,32.25,CLOSED,N,INV0068
9003127,1049380,2026-03-30 17:44:33,GEO_ANOMALY,57.99,CLOSED,N,INV0063
9003128,1049387,2026-03-02 06:15:50,HIGH_VALUE,31.9,CLOSED,N,INV0046
9003129,1049392,2026-04-13 09:22:48,VELOCITY,55.54,CLOSED,Y,INV0062
9003130,1049402,2026-05-26 20:10:02,HIGH_VALUE,33.59,ESCALATED,Y,INV0001
9003131,1049438,2026-08-24 06:49:25,HIGH_VALUE,29.67,ESCALATED,N,INV0031
9003132,1049472,2026-05-28 20:34:25,DEVICE_MISMATCH,37.79,CLOSED,N,INV0088
9003133,1049488,2026-05-27 04:39:49,RISK_SCORE,36.15,CLOSED,N,INV0028
9003134,1049490,2026-01-14 21:31:23,DEVICE_MISMATCH,74.97,CLOSED,Y,INV0091
9003135,1049493,2026-05-10 13:32:43,GEO_ANOMALY,11.77,CLOSED,N,INV0072
9003136,1049497,2026-04-28 17:38:35,VELOCITY,45.05,ESCALATED,N,INV0014
9003137,1049498,2026-07-02 23:03:08,GEO_ANOMALY,26.34,CLOSED,N,INV0061
9003138,1049509,2026-05-13 19:28:49,HIGH_VALUE,0.0,CLOSED,N,INV0031
9003139,1049516,2026-01-14 19:37:05,GEO_ANOMALY,52.06,OPEN,Y,INV0011
9003140,1049528,2026-05-07 18:12:19,VELOCITY,20.16,OPEN,Y,INV0038
9003141,1049535,2026-07-16 08:57:33,DEVICE_MISMATCH,71.75,CLOSED,N,INV0086
9003142,1049543,2026-07-27 14:59:56,GEO_ANOMALY,18.8,CLOSED,N,INV0077
9003143,1049607,2026-06-01 15:39:31,VELOCITY,52.45,CLOSED,N,INV0033
9003144,1049648,2026-01-08 15:35:04,GEO_ANOMALY,33.89,OPEN,Y,INV0009
9003145,1049653,2026-07-05 11:18:15,HIGH_VALUE,41.48,OPEN,N,INV0069
9003146,1049663,2026-01-01 17:39:35,GEO_ANOMALY,71.29,CLOSED,N,INV0078
9003147,1049683,2026-08-17 13:01:39,VELOCITY,21.15,OPEN,Y,INV0043
9003148,1049684,2026-03-17 06:59:42,RISK_SCORE,0.0,CLOSED,N,INV0096
9003149,1049698,2026-03-01 02:42:47,HIGH_VALUE,43.77,CLOSED,N,INV0089
9003150,1049708,2026-08-07 02:23:45,DEVICE_MISMATCH,26.42,OPEN,N,INV0061
9003151,1049723,2026-03-03 15:51:56,HIGH_VALUE,63.83,CLOSED,Y,INV0056
9003152,1049725,2026-06-07 22:50:37,DEVICE_MISMATCH,5.02,CLOSED,N,INV0058
9003153,1049743,2026-02-03 13:03:46,RISK_SCORE,49.93,CLOSED,N,INV0002
9003154,1049752,2026-01-23 10:09:00,GEO_ANOMALY,51.87,OPEN,Y,INV0072
9003155,1049782,2026-03-12 10:39:32,GEO_ANOMALY,38.68,OPEN,N,INV0037
9003156,1049789,2026-03-15 03:23:47,VELOCITY,35.61,CLOSED,N,INV0021
9003157,1049791,2026-06-16 10:23:45,VELOCITY,42.93,CLOSED,Y,INV0013
9003158,1049800,2026-02-16 07:13:33,HIGH_VALUE,28.18,CLOSED,N,INV0004
9003159,1049805,2026-04-24 20:59:09,GEO_ANOMALY,50.93,CLOSED,N,INV0008
9003160,1049813,2026-01-12 00:21:20,VELOCITY,20.18,CLOSED,N,INV0037
9003161,1049819,2026-06-01 07:35:08,VELOCITY,19.7,ESCALATED,Y,INV0043
9003162,1049852,2026-04-01 01:54:12,DEVICE_MISMATCH,33.27,CLOSED,N,INV0006
9003163,1049871,2026-05-20 09:06:58,RISK_SCORE,58.54,CLOSED,N,INV0065
9003164,1049895,2026-02-13 19:44:34,HIGH_VALUE,46.07,CLOSED,N,INV0064
9003165,1049896,2026-06-13 17:55:17,HIGH_VALUE,38.27,CLOSED,N,INV0016
9003166,1049916,2026-03-05 01:57:54,DEVICE_MISMATCH,44.38,CLOSED,N,INV0021
9003167,1049928,2026-02-26 05:52:32,GEO_ANOMALY,42.24,CLOSED,Y,INV0021
9003168,1049943,2026-07-25 19:14:22,GEO_ANOMALY,64.28,CLOSED,N,INV0074
9003169,1049956,2026-02-25 12:51:24,RISK_SCORE,49.16,CLOSED,N,INV0082
9003170,1049959,2026-06-14 03:16:57,VELOCITY,17.09,CLOSED,N,INV0072
9003171,1049964,2026-02-07 20:33:38,RISK_SCORE,43.07,CLOSED,N,INV0067
9003172,1049969,2026-05-03 10:14:06,GEO_ANOMALY,58.47,CLOSED,N,INV0076
9003173,1049971,2026-08-23 08:20:12,HIGH_VALUE,9.61,ESCALATED,N,INV0038
9003174,1049989,2026-08-21 17:45:15,HIGH_VALUE,67.09,CLOSED,N,INV0067
